-243.812,1137.492,278.789,10
-244.012,1137.516,279.240,10
-244.212,1137.552,279.679,10
-244.431,1137.599,280.162,10
-244.649,1137.645,280.646,10
-244.859,1137.681,281.096,10
-245.078,1137.728,281.525,10
-245.277,1137.774,281.887,10
-245.486,1137.821,282.195,10
-245.705,1137.868,282.448,10
-245.905,1137.914,282.645,10
-246.142,1137.972,282.843,10
-246.352,1138.019,282.964,10
-246.561,1138.077,283.052,10
-246.779,1138.123,283.096,10
-246.998,1138.181,283.162,10
-247.217,1138.239,283.228,10
-247.435,1138.286,283.293,10
-247.664,1138.344,283.337,10
-247.892,1138.402,283.381,10
-248.120,1138.460,283.403,10
-248.348,1138.518,283.414,10
-248.576,1138.576,283.425,10
-248.804,1138.633,283.392,10
-249.033,1138.680,283.304,10
-249.270,1138.738,283.195,10
-249.498,1138.796,283.074,10
-249.736,1138.854,282.964,10
-249.974,1138.912,282.821,10
-250.211,1138.971,282.678,10
-250.440,1139.028,282.546,10
-250.668,1139.075,282.415,10
-250.896,1139.133,282.261,10
-251.115,1139.180,282.085,10
-251.324,1139.227,281.909,10
-251.543,1139.273,281.744,10
-251.771,1139.331,281.591,10
-251.999,1139.378,281.415,10
-252.227,1139.425,281.228,10
-252.446,1139.472,281.019,10
-252.684,1139.508,280.679,10
-252.912,1139.555,280.162,10
-253.141,1139.590,279.481,10
-253.378,1139.637,278.668,10
-253.607,1139.673,277.789,10
-253.845,1139.709,276.855,10
-254.083,1139.734,275.856,10
-254.311,1139.759,274.768,10
-254.549,1139.783,273.604,10
-254.788,1139.797,272.340,10
-255.026,1139.811,270.967,10
-255.264,1139.813,269.451,10
-255.493,1139.816,267.825,10
-255.731,1139.807,266.067,10
-255.960,1139.788,264.166,10
-256.189,1139.768,262.134,10
-256.418,1139.737,259.980,10
-256.648,1139.696,257.750,10
-256.867,1139.643,255.410,10
-257.087,1139.579,252.927,10
-257.298,1139.514,250.323,10
-257.508,1139.439,247.654,10
-257.719,1139.353,244.940,10
-257.920,1139.255,242.216,10
-258.122,1139.147,239.469,10
-258.314,1139.038,236.667,10
-258.496,1138.907,233.789,10
-258.679,1138.776,230.812,10
-258.852,1138.634,227.747,10
-259.016,1138.480,224.615,10
-259.160,1138.327,221.462,10
-259.305,1138.162,218.287,10
-259.441,1137.975,215.112,10
-259.567,1137.788,211.937,10
-259.683,1137.612,208.751,10
-259.780,1137.413,205.587,10
-259.878,1137.215,202.434,10
-259.956,1137.016,199.292,10
-260.035,1136.807,196.183,10
-260.095,1136.597,193.129,10
-260.135,1136.386,190.107,10
-260.175,1136.176,187.141,10
-260.197,1135.966,184.241,10
-260.209,1135.744,181.428,10
-260.211,1135.534,178.682,10
-260.204,1135.312,176.023,10
-260.197,1135.101,173.496,10
-260.171,1134.890,171.134,10
-260.135,1134.679,168.915,10
-260.099,1134.468,166.915,10
-260.044,1134.257,165.179,10
-259.989,1134.035,163.828,10
-259.925,1133.823,162.905,10
-259.861,1133.612,162.301,10
-259.787,1133.389,161.906,10
-259.722,1133.167,161.598,10
-259.649,1132.933,161.356,10
-259.575,1132.711,161.136,10
-259.501,1132.488,160.939,10
-259.428,1132.255,160.752,10
-259.344,1132.021,160.620,10
-259.261,1131.787,160.543,10
-259.197,1131.587,160.510,10
-259.132,1131.387,160.488,10
-259.058,1131.187,160.488,10
-258.994,1130.975,160.477,10
-258.920,1130.775,160.477,10
-258.846,1130.552,160.488,10
-258.772,1130.330,160.499,10
-258.698,1130.118,160.510,10
-258.624,1129.896,160.532,10
-258.550,1129.673,160.554,10
-258.467,1129.440,160.565,10
-258.394,1129.206,160.609,10
-258.310,1128.972,160.686,10
-258.237,1128.739,160.796,10
-258.153,1128.505,160.917,10
-258.070,1128.260,161.038,10
-257.987,1128.015,161.158,10
-257.914,1127.771,161.268,10
-257.831,1127.526,161.389,10
-257.747,1127.281,161.499,10
-257.665,1127.025,161.609,10
-257.582,1126.769,161.708,10
-257.508,1126.525,161.807,10
-257.425,1126.269,161.895,10
-257.342,1126.013,161.960,10
-257.269,1125.757,162.048,10
-257.204,1125.557,162.081,10
-257.121,1125.301,162.114,10
-257.066,1125.101,162.125,10
-256.983,1124.845,162.103,10
-256.900,1124.589,162.037,10
-256.836,1124.389,161.993,10
-256.753,1124.133,161.927,10
-256.698,1123.933,161.895,10
-256.633,1123.733,161.851,10
-256.550,1123.477,161.807,10
-256.467,1123.221,161.752,10
-256.403,1123.021,161.719,10
-256.320,1122.765,161.664,10
-256.255,1122.564,161.609,10
-256.191,1122.364,161.565,10
-256.136,1122.164,161.510,10
-256.071,1121.964,161.477,10
-255.979,1121.708,161.433,10
-255.914,1121.508,161.400,10
-255.831,1121.252,161.356,10
-255.767,1121.051,161.312,10
-255.684,1120.796,161.257,10
-255.619,1120.595,161.213,10
-255.555,1120.395,161.169,10
-255.490,1120.195,161.136,10
-255.407,1119.939,161.125,10
-255.343,1119.739,161.115,10
-255.250,1119.483,161.082,10
-255.186,1119.282,161.060,10
-255.121,1119.082,161.027,10
-255.029,1118.826,161.005,10
-254.974,1118.626,161.027,10
-254.891,1118.370,161.104,10
-254.798,1118.114,161.213,10
-254.715,1117.858,161.334,10
-254.632,1117.602,161.466,10
-254.549,1117.347,161.576,10
-254.476,1117.091,161.686,10
-254.393,1116.846,161.785,10
-254.319,1116.601,161.873,10
-254.246,1116.368,161.938,10
-254.172,1116.145,161.993,10
-254.107,1115.934,162.026,10
-254.033,1115.722,162.081,10
-253.979,1115.511,162.136,10
-253.914,1115.311,162.202,10
-253.850,1115.111,162.268,10
-253.785,1114.910,162.323,10
-253.721,1114.710,162.367,10
-253.666,1114.499,162.411,10
-253.601,1114.299,162.455,10
-253.537,1114.099,162.499,10
-253.482,1113.887,162.554,10
-253.417,1113.687,162.598,10
-253.344,1113.442,162.653,10
-253.289,1113.242,162.697,10
-253.224,1113.042,162.719,10
-253.160,1112.842,162.729,10
-253.105,1112.642,162.740,10
-253.040,1112.441,162.751,10
-252.985,1112.241,162.751,10
-252.921,1112.030,162.762,10
-252.856,1111.830,162.784,10
-252.801,1111.629,162.806,10
-252.737,1111.418,162.817,10
-252.682,1111.218,162.817,10
-252.617,1111.018,162.806,10
-252.562,1110.818,162.784,10
-252.498,1110.617,162.751,10
-252.443,1110.406,162.729,10
-252.378,1110.206,162.729,10
-252.305,1109.961,162.729,10
-252.231,1109.716,162.729,10
-252.158,1109.472,162.729,10
-252.084,1109.238,162.784,10
-252.020,1109.005,162.916,10
-251.956,1108.782,163.125,10
-251.891,1108.582,163.433,10
-251.836,1108.382,163.850,10
-251.791,1108.182,164.377,10
-251.726,1107.959,165.168,10
-251.672,1107.737,166.135,10
-251.627,1107.515,167.234,10
-251.581,1107.304,168.453,10
-251.536,1107.071,169.805,10
-251.500,1106.859,171.387,10
-251.474,1106.637,173.298,10
-251.457,1106.427,175.463,10
-251.450,1106.216,177.770,10
-251.453,1105.983,180.802,10
-251.455,1105.762,184.142,10
-251.476,1105.562,187.163,10
-251.508,1105.341,190.668,10
-251.567,1105.142,193.634,10
-251.617,1104.943,196.721,10
-251.714,1104.733,200.544,10
-251.793,1104.513,204.357,10
-251.881,1104.314,207.653,10
-251.988,1104.127,211.036,10
-252.095,1103.951,214.541,10
-252.230,1103.797,218.024,10
-252.356,1103.621,221.484,10
-252.501,1103.445,224.901,10
-252.674,1103.314,228.285,10
-252.847,1103.172,231.713,10
-253.010,1103.052,234.525,10
-253.183,1102.943,237.173,10
-253.375,1102.812,240.084,10
-253.567,1102.714,242.336,10
-253.768,1102.617,244.446,10
-253.979,1102.530,246.302,10
-254.190,1102.444,247.896,10
-254.410,1102.358,249.214,10
-254.630,1102.271,250.258,10
-254.821,1102.207,250.917,10
-255.051,1102.132,251.477,10
-255.252,1102.079,251.752,10
-255.443,1102.003,251.873,10
-255.644,1101.950,251.862,10
-255.855,1101.886,251.763,10
-256.065,1101.811,251.620,10
-256.275,1101.746,251.488,10
-256.486,1101.671,251.389,10
-256.706,1101.607,251.279,10
-256.926,1101.532,251.180,10
-257.156,1101.457,251.082,10
-257.385,1101.382,250.983,10
-257.625,1101.296,250.928,10
-257.864,1101.221,250.917,10
-258.103,1101.146,250.950,10
-258.342,1101.060,250.961,10
-258.534,1100.995,250.972,10
-258.782,1100.909,250.972,10
-258.974,1100.845,250.983,10
-259.165,1100.781,250.983,10
-259.356,1100.716,251.005,10
-259.557,1100.652,251.027,10
-259.758,1100.588,251.060,10
-259.959,1100.523,251.082,10
-260.160,1100.448,251.082,10
-260.371,1100.384,251.093,10
-260.572,1100.308,251.104,10
-260.782,1100.244,251.125,10
-260.992,1100.180,251.147,10
-261.213,1100.105,251.180,10
-261.423,1100.041,251.213,10
-261.643,1099.966,251.268,10
-261.863,1099.890,251.323,10
-262.083,1099.815,251.367,10
-262.303,1099.740,251.411,10
-262.533,1099.676,251.466,10
-262.762,1099.601,251.521,10
-262.992,1099.526,251.587,10
-263.222,1099.451,251.653,10
-263.451,1099.376,251.730,10
-263.681,1099.301,251.807,10
-263.920,1099.226,251.873,10
-264.159,1099.151,251.949,10
-264.398,1099.076,252.026,10
-264.637,1099.001,252.103,10
-264.877,1098.926,252.180,10
-265.116,1098.851,252.235,10
-265.345,1098.787,252.279,10
-265.584,1098.712,252.301,10
-265.833,1098.637,252.323,10
-266.072,1098.562,252.367,10
-266.340,1098.477,252.422,10
-266.589,1098.402,252.444,10
-266.847,1098.327,252.455,10
-267.067,1098.252,252.411,10
-267.316,1098.177,252.367,10
-267.564,1098.102,252.345,10
-267.813,1098.027,252.367,10
-268.071,1097.953,252.378,10
-268.330,1097.878,252.389,10
-268.578,1097.803,252.356,10
-268.837,1097.717,252.323,10
-269.085,1097.642,252.279,10
-269.344,1097.556,252.246,10
-269.583,1097.493,252.213,10
-269.831,1097.418,252.180,10
-270.080,1097.343,252.147,10
-270.348,1097.257,252.114,10
-270.539,1097.193,252.092,10
-270.797,1097.118,252.059,10
-271.056,1097.032,252.015,10
-271.295,1096.957,251.982,10
-271.544,1096.882,251.949,10
-271.792,1096.796,251.917,10
-272.051,1096.711,251.884,10
-272.251,1096.657,251.862,10
-272.510,1096.572,251.829,10
-272.768,1096.486,251.807,10
-273.026,1096.411,251.796,10
-273.285,1096.325,251.796,10
-273.552,1096.239,251.796,10
-273.820,1096.154,251.807,10
-274.079,1096.079,251.818,10
-274.346,1095.993,251.818,10
-274.614,1095.908,251.829,10
-274.873,1095.822,251.829,10
-275.140,1095.747,251.840,10
-275.408,1095.661,251.840,10
-275.600,1095.597,251.840,10
-275.867,1095.511,251.840,10
-276.135,1095.425,251.840,10
-276.413,1095.340,251.840,10
-276.681,1095.254,251.851,10
-276.948,1095.168,251.851,10
-277.226,1095.083,251.851,10
-277.494,1094.997,251.840,10
-277.771,1094.911,251.840,10
-278.049,1094.826,251.851,10
-278.326,1094.740,251.862,10
-278.603,1094.644,251.873,10
-278.881,1094.558,251.873,10
-279.158,1094.472,251.873,10
-279.426,1094.387,251.862,10
-279.617,1094.322,251.862,10
-279.885,1094.236,251.862,10
-280.172,1094.151,251.873,10
-280.450,1094.065,251.884,10
-280.727,1093.980,251.884,10
-280.918,1093.915,251.873,10
-281.196,1093.830,251.862,10
-281.473,1093.744,251.862,10
-281.751,1093.647,251.851,10
-282.028,1093.562,251.862,10
-282.315,1093.476,251.862,10
-282.592,1093.391,251.862,10
-282.784,1093.326,251.862,10
-283.061,1093.241,251.851,10
-283.253,1093.176,251.851,10
-283.530,1093.091,251.862,10
-283.721,1093.026,251.862,10
-283.999,1092.941,251.862,10
-284.276,1092.855,251.862,10
-284.467,1092.791,251.862,10
-284.745,1092.705,251.862,10
-284.936,1092.641,251.862,10
-285.223,1092.555,251.862,10
-285.415,1092.491,251.873,10
-285.692,1092.405,251.873,10
-285.883,1092.341,251.862,10
-286.170,1092.255,251.862,10
-286.448,1092.169,251.862,10
-286.639,1092.105,251.862,10
-286.830,1092.041,251.862,10
-287.117,1091.955,251.873,10
-287.309,1091.891,251.862,10
-287.596,1091.805,251.862,10
-287.863,1091.731,251.862,10
-288.055,1091.666,251.862,10
-288.332,1091.581,251.884,10
-288.523,1091.516,251.895,10
-288.724,1091.452,251.906,10
-288.916,1091.388,251.906,10
-289.107,1091.323,251.906,10
-289.394,1091.238,251.906,10
-289.671,1091.152,251.906,10
-289.863,1091.088,251.906,10
-290.150,1091.002,251.906,10
-290.427,1090.916,251.906,10
-290.628,1090.852,251.917,10
-290.819,1090.788,251.917,10
-291.106,1090.702,251.917,10
-291.298,1090.638,251.917,10
-291.575,1090.552,251.917,10
-291.766,1090.488,251.927,10
-292.053,1090.402,251.938,10
-292.245,1090.338,251.938,10
-292.532,1090.252,251.960,10
-292.809,1090.167,251.982,10
-293.000,1090.102,251.982,10
-293.287,1090.017,252.004,10
-293.479,1089.952,252.015,10
-293.766,1089.867,252.026,10
-294.053,1089.781,252.048,10
-294.244,1089.717,252.059,10
-294.521,1089.631,252.070,10
-294.799,1089.546,252.092,10
-295.076,1089.460,252.103,10
-295.267,1089.396,252.125,10
-295.554,1089.310,252.147,10
-295.832,1089.225,252.191,10
-296.100,1089.139,252.235,10
-296.367,1089.064,252.290,10
-296.635,1088.979,252.345,10
-296.894,1088.904,252.400,10
-297.152,1088.818,252.455,10
-297.401,1088.743,252.499,10
-297.649,1088.668,252.543,10
-297.907,1088.594,252.576,10
-298.156,1088.519,252.609,10
-298.395,1088.444,252.642,10
-298.644,1088.369,252.686,10
-298.874,1088.294,252.719,10
-299.122,1088.219,252.751,10
-299.361,1088.144,252.784,10
-299.610,1088.080,252.795,10
-299.849,1088.005,252.806,10
-300.088,1087.930,252.817,10
-300.346,1087.856,252.828,10
-300.585,1087.792,252.839,10
-300.834,1087.717,252.828,10
-301.073,1087.642,252.795,10
-301.312,1087.567,252.751,10
-301.552,1087.492,252.686,10
-301.791,1087.428,252.620,10
-302.039,1087.353,252.554,10
-302.278,1087.278,252.488,10
-302.517,1087.214,252.433,10
-302.766,1087.140,252.367,10
-303.015,1087.065,252.301,10
-303.254,1086.990,252.235,10
-303.493,1086.915,252.180,10
-303.742,1086.829,252.125,10
-303.981,1086.754,252.070,10
-304.230,1086.679,252.015,10
-304.459,1086.604,251.949,10
-304.698,1086.529,251.895,10
-304.947,1086.454,251.840,10
-305.196,1086.379,251.785,10
-305.435,1086.293,251.730,10
-305.674,1086.218,251.686,10
-305.913,1086.143,251.642,10
-306.162,1086.080,251.620,10
-306.391,1086.016,251.631,10
-306.621,1085.941,251.653,10
-306.841,1085.866,251.686,10
-307.061,1085.790,251.686,10
-307.281,1085.726,251.686,10
-307.492,1085.673,251.664,10
-307.702,1085.609,251.642,10
-307.903,1085.545,251.642,10
-308.104,1085.491,251.664,10
-308.305,1085.405,251.686,10
-308.506,1085.352,251.708,10
-308.697,1085.287,251.730,10
-308.946,1085.190,251.719,10
-309.137,1085.126,251.708,10
-309.338,1085.073,251.686,10
-309.587,1084.987,251.664,10
-309.845,1084.912,251.642,10
-310.036,1084.848,251.631,10
-310.256,1084.773,251.620,10
-310.448,1084.708,251.620,10
-310.649,1084.644,251.631,10
-310.840,1084.579,251.620,10
-311.031,1084.515,251.620,10
-311.232,1084.451,251.598,10
-311.433,1084.386,251.587,10
-311.634,1084.333,251.554,10
-311.835,1084.269,251.532,10
-312.026,1084.205,251.521,10
-312.227,1084.129,251.510,10
-312.486,1084.054,251.499,10
-312.677,1083.990,251.488,10
-312.878,1083.915,251.466,10
-313.127,1083.840,251.433,10
-313.375,1083.765,251.400,10
-313.615,1083.679,251.367,10
-313.844,1083.604,251.345,10
-314.064,1083.529,251.312,10
-314.284,1083.465,251.268,10
-314.495,1083.389,251.224,10
-314.705,1083.325,251.180,10
-314.906,1083.261,251.136,10
-315.117,1083.186,251.093,10
-315.308,1083.121,251.049,10
-315.528,1083.046,250.994,10
-315.748,1082.971,250.950,10
-315.949,1082.907,250.917,10
-316.179,1082.832,250.862,10
-316.408,1082.756,250.807,10
-316.628,1082.681,250.763,10
-316.839,1082.617,250.730,10
-317.040,1082.542,250.708,10
-317.231,1082.477,250.675,10
-317.442,1082.402,250.631,10
-317.643,1082.338,250.565,10
-317.853,1082.263,250.521,10
-318.054,1082.198,250.521,10
-318.245,1082.134,250.499,10
-318.437,1082.069,250.477,10
-318.628,1082.005,250.433,10
-318.820,1081.941,250.422,10
-319.020,1081.876,250.192,10
-319.221,1081.801,249.851,10
-319.423,1081.726,249.401,10
-319.633,1081.650,248.851,10
-319.825,1081.575,248.236,10
-320.035,1081.500,247.522,10
-320.255,1081.402,246.731,10
-320.447,1081.316,246.006,10
-320.648,1081.229,245.248,10
-320.859,1081.132,244.446,10
-321.079,1081.034,243.589,10
-321.261,1080.948,242.875,10
-321.444,1080.850,242.128,10
-321.626,1080.752,241.348,10
-321.818,1080.655,240.557,10
-322.009,1080.546,239.733,10
-322.201,1080.437,238.876,10
-322.393,1080.317,237.986,10
-322.585,1080.209,237.085,10
-322.787,1080.078,236.173,10
-322.979,1079.947,235.217,10
-323.180,1079.816,234.218,10
-323.382,1079.674,233.174,10
-323.574,1079.532,232.086,10
-323.767,1079.379,230.944,10
-323.969,1079.226,229.713,10
-324.161,1079.051,228.351,10
-324.354,1078.887,226.857,10
-324.546,1078.712,225.220,10
-324.729,1078.536,223.484,10
-324.903,1078.350,221.627,10
-325.077,1078.152,219.672,10
-325.241,1077.954,217.639,10
-325.396,1077.757,215.574,10
-325.512,1077.592,214.014,10
-325.657,1077.383,211.937,10
-325.803,1077.162,209.850,10
-325.900,1076.986,208.279,10
-325.997,1076.810,206.719,10
-326.114,1076.589,204.620,10
-326.222,1076.347,202.544,10
-326.320,1076.104,200.533,10
-326.398,1075.916,199.105,10
-326.487,1075.662,197.336,10
-326.566,1075.419,195.721,10
-326.625,1075.221,194.623,10
-326.694,1074.966,193.315,10
-326.735,1074.767,192.458,10
-326.785,1074.568,191.689,10
-326.825,1074.369,190.986,10
-326.865,1074.159,190.371,10
-326.915,1073.960,189.844,10
-326.946,1073.761,189.360,10
-326.987,1073.551,188.910,10
-327.008,1073.340,188.470,10
-327.048,1073.141,188.031,10
-327.070,1072.931,187.570,10
-327.110,1072.721,187.064,10
-327.160,1072.511,186.515,10
-327.182,1072.300,185.900,10
-327.203,1072.090,185.240,10
-327.224,1071.868,184.548,10
-327.246,1071.658,183.834,10
-327.267,1071.448,183.109,10
-327.270,1071.182,182.131,10
-327.282,1070.971,181.406,10
-327.284,1070.760,180.714,10
-327.315,1070.539,180.044,10
-327.327,1070.329,179.374,10
-327.330,1070.107,178.737,10
-327.313,1069.907,178.099,10
-327.287,1069.685,177.484,10
-327.279,1069.474,176.891,10
-327.272,1069.264,176.331,10
-327.265,1069.053,175.803,10
-327.248,1068.842,175.309,10
-327.232,1068.631,174.847,10
-327.225,1068.410,174.408,10
-327.198,1068.199,174.023,10
-327.182,1067.977,173.694,10
-327.155,1067.777,173.441,10
-327.129,1067.566,173.254,10
-327.103,1067.355,173.134,10
-327.086,1067.144,173.057,10
-327.060,1066.922,173.002,10
-327.034,1066.700,172.958,10
-327.007,1066.490,172.947,10
-327.000,1066.257,172.947,10
-326.974,1066.035,172.947,10
-326.948,1065.813,172.958,10
-326.912,1065.591,172.958,10
-326.886,1065.357,172.936,10
-326.860,1065.135,172.892,10
-326.834,1064.902,172.826,10
-326.818,1064.681,172.727,10
-326.792,1064.447,172.617,10
-326.766,1064.214,172.485,10
-326.740,1063.970,172.321,10
-326.704,1063.737,172.145,10
-326.678,1063.493,171.947,10
-326.643,1063.260,171.727,10
-326.607,1063.015,171.475,10
-326.581,1062.771,171.211,10
-326.546,1062.527,170.936,10
-326.511,1062.272,170.662,10
-326.466,1062.016,170.376,10
-326.430,1061.761,170.101,10
-326.386,1061.516,169.827,10
-326.341,1061.272,169.552,10
-326.305,1061.017,169.266,10
-326.251,1060.750,168.970,10
-326.206,1060.483,168.673,10
-326.152,1060.217,168.376,10
-326.098,1059.950,168.080,10
-326.053,1059.695,167.794,10
-325.999,1059.428,167.509,10
-325.944,1059.161,167.234,10
-325.881,1058.895,166.981,10
-325.826,1058.628,166.740,10
-325.763,1058.350,166.498,10
-325.699,1058.083,166.256,10
-325.635,1057.817,166.025,10
-325.572,1057.539,165.795,10
-325.498,1057.272,165.575,10
-325.444,1056.994,165.355,10
-325.371,1056.716,165.135,10
-325.298,1056.438,164.916,10
-325.224,1056.172,164.685,10
-325.161,1055.905,164.465,10
-325.078,1055.627,164.257,10
-325.014,1055.349,164.059,10
-324.941,1055.071,163.861,10
-324.858,1054.793,163.663,10
-324.785,1054.515,163.466,10
-324.702,1054.237,163.279,10
-324.620,1053.959,163.092,10
-324.537,1053.681,162.916,10
-324.464,1053.392,162.762,10
-324.372,1053.114,162.609,10
-324.289,1052.825,162.466,10
-324.206,1052.546,162.345,10
-324.124,1052.268,162.235,10
-324.031,1051.990,162.147,10
-323.949,1051.701,162.081,10
-323.856,1051.423,162.026,10
-323.764,1051.134,161.971,10
-323.682,1050.856,161.938,10
-323.617,1050.655,161.917,10
-323.525,1050.366,161.895,10
-323.433,1050.077,161.862,10
-323.341,1049.799,161.840,10
-323.258,1049.510,161.818,10
-323.166,1049.220,161.796,10
-323.074,1048.931,161.774,10
-322.982,1048.642,161.752,10
-322.889,1048.353,161.730,10
-322.797,1048.064,161.697,10
-322.705,1047.774,161.675,10
-322.641,1047.574,161.653,10
-322.549,1047.285,161.631,10
-322.456,1046.996,161.598,10
-322.392,1046.795,161.587,10
-322.327,1046.595,161.576,10
-322.235,1046.306,161.565,10
-322.143,1046.017,161.576,10
-322.051,1045.738,161.598,10
-321.986,1045.538,161.620,10
-321.894,1045.249,161.675,10
-321.802,1044.960,161.730,10
-321.728,1044.748,161.774,10
-321.673,1044.548,161.807,10
-321.572,1044.259,161.862,10
-321.517,1044.059,161.895,10
-321.424,1043.769,161.949,10
-321.360,1043.569,161.982,10
-321.268,1043.280,162.037,10
-321.203,1043.080,162.070,10
-321.139,1042.879,162.103,10
-321.084,1042.679,162.136,10
-321.019,1042.479,162.158,10
-320.955,1042.279,162.191,10
-320.900,1042.079,162.213,10
-320.808,1041.789,162.246,10
-320.743,1041.589,162.279,10
-320.688,1041.389,162.301,10
-320.624,1041.189,162.334,10
-320.569,1040.989,162.367,10
-320.504,1040.788,162.400,10
-320.440,1040.588,162.422,10
-320.385,1040.388,162.455,10
-320.320,1040.188,162.488,10
-320.256,1039.987,162.521,10
-320.191,1039.787,162.554,10
-320.108,1039.498,162.598,10
-320.044,1039.298,162.631,10
-319.989,1039.098,162.653,10
-319.897,1038.808,162.686,10
-319.832,1038.608,162.719,10
-319.777,1038.408,162.740,10
-319.685,1038.119,162.773,10
-319.621,1037.908,162.795,10
-319.556,1037.696,162.806,10
-319.492,1037.496,162.817,10
-319.437,1037.296,162.828,10
-319.372,1037.096,162.839,10
-319.299,1036.818,162.872,10
-319.235,1036.617,162.894,10
-319.180,1036.417,162.905,10
-319.115,1036.217,162.927,10
-319.060,1036.017,162.938,10
-318.996,1035.805,162.949,10
-318.941,1035.605,162.960,10
-318.876,1035.394,162.960,10
-318.821,1035.194,162.971,10
-318.757,1034.994,162.982,10
-318.702,1034.793,162.993,10
-318.647,1034.593,163.004,10
-318.582,1034.382,163.004,10
-318.527,1034.182,163.004,10
-318.463,1033.982,162.993,10
-318.408,1033.781,162.982,10
-318.343,1033.581,162.982,10
-318.288,1033.381,162.982,10
-318.224,1033.170,162.982,10
-318.169,1032.970,162.982,10
-318.105,1032.758,162.982,10
-318.040,1032.558,162.982,10
-317.985,1032.358,162.971,10
-317.921,1032.147,162.971,10
-317.866,1031.946,162.960,10
-317.801,1031.735,162.949,10
-317.737,1031.535,162.938,10
-317.682,1031.324,162.938,10
-317.618,1031.123,162.927,10
-317.553,1030.912,162.905,10
-317.498,1030.712,162.883,10
-317.443,1030.501,162.861,10
-317.379,1030.300,162.839,10
-317.314,1030.089,162.817,10
-317.259,1029.889,162.795,10
-317.185,1029.689,162.784,10
-317.121,1029.477,162.773,10
-317.066,1029.277,162.751,10
-317.002,1029.066,162.729,10
-316.937,1028.865,162.708,10
-316.882,1028.632,162.686,10
-316.818,1028.421,162.664,10
-316.754,1028.209,162.642,10
-316.699,1027.998,162.631,10
-316.634,1027.787,162.609,10
-316.551,1027.586,162.587,10
-316.486,1027.386,162.565,10
-316.422,1027.175,162.532,10
-316.358,1026.963,162.510,10
-316.293,1026.752,162.499,10
-316.229,1026.541,162.488,10
-316.164,1026.330,162.477,10
-316.100,1026.118,162.455,10
-316.036,1025.907,162.444,10
-315.971,1025.696,162.422,10
-315.907,1025.473,162.411,10
-315.843,1025.251,162.389,10
-315.778,1025.039,162.367,10
-315.714,1024.828,162.356,10
-315.650,1024.606,162.334,10
-315.595,1024.394,162.323,10
-315.521,1024.183,162.323,10
-315.456,1023.972,162.323,10
-315.392,1023.749,162.312,10
-315.328,1023.527,162.301,10
-315.254,1023.315,162.279,10
-315.180,1023.093,162.268,10
-315.116,1022.881,162.257,10
-315.051,1022.659,162.246,10
-314.987,1022.448,162.246,10
-314.923,1022.236,162.235,10
-314.849,1022.025,162.213,10
-314.784,1021.814,162.191,10
-314.720,1021.591,162.169,10
-314.646,1021.369,162.158,10
-314.563,1021.135,162.136,10
-314.499,1020.901,162.125,10
-314.425,1020.679,162.114,10
-314.361,1020.457,162.092,10
-314.287,1020.234,162.081,10
-314.232,1020.034,162.070,10
-314.158,1019.811,162.059,10
-314.094,1019.600,162.037,10
-314.020,1019.377,162.015,10
-313.956,1019.155,161.993,10
-313.882,1018.910,161.971,10
-313.808,1018.688,161.949,10
-313.744,1018.465,161.927,10
-313.670,1018.243,161.906,10
-313.596,1018.020,161.884,10
-313.523,1017.787,161.873,10
-313.459,1017.553,161.851,10
-313.385,1017.331,161.829,10
-313.311,1017.108,161.807,10
-313.237,1016.875,161.785,10
-313.182,1016.674,161.763,10
-313.109,1016.441,161.752,10
-313.035,1016.218,161.741,10
-312.971,1015.996,161.730,10
-312.897,1015.773,161.719,10
-312.814,1015.518,161.697,10
-312.740,1015.295,161.675,10
-312.666,1015.061,161.664,10
-312.593,1014.839,161.653,10
-312.519,1014.605,161.642,10
-312.455,1014.383,161.642,10
-312.381,1014.160,161.642,10
-312.307,1013.927,161.642,10
-312.233,1013.704,161.642,10
-312.160,1013.471,161.642,10
-312.076,1013.237,161.642,10
-312.003,1013.003,161.642,10
-311.929,1012.770,161.653,10
-311.855,1012.547,161.664,10
-311.782,1012.314,161.664,10
-311.717,1012.080,161.675,10
-311.644,1011.858,161.686,10
-311.570,1011.624,161.697,10
-311.496,1011.390,161.697,10
-311.423,1011.157,161.708,10
-311.339,1010.923,161.708,10
-311.266,1010.689,161.719,10
-311.192,1010.456,161.741,10
-311.118,1010.222,161.752,10
-311.045,1009.989,161.763,10
-310.971,1009.755,161.785,10
-310.897,1009.521,161.796,10
-310.824,1009.288,161.807,10
-310.750,1009.054,161.818,10
-310.676,1008.809,161.829,10
-310.593,1008.576,161.840,10
-310.519,1008.342,161.851,10
-310.446,1008.097,161.862,10
-310.372,1007.864,161.873,10
-310.299,1007.630,161.884,10
-310.225,1007.397,161.895,10
-310.142,1007.163,161.895,10
-310.068,1006.929,161.906,10
-309.994,1006.685,161.906,10
-309.921,1006.451,161.906,10
-309.847,1006.195,161.906,10
-309.774,1005.962,161.917,10
-309.700,1005.717,161.906,10
-309.617,1005.483,161.906,10
-309.543,1005.239,161.895,10
-309.479,1005.016,161.895,10
-309.396,1004.782,161.895,10
-309.322,1004.549,161.895,10
-309.248,1004.315,161.895,10
-309.175,1004.071,161.895,10
-309.101,1003.815,161.884,10
-309.018,1003.570,161.873,10
-308.945,1003.336,161.862,10
-308.871,1003.092,161.851,10
-308.798,1002.847,161.840,10
-308.724,1002.624,161.829,10
-308.650,1002.380,161.829,10
-308.567,1002.146,161.829,10
-308.493,1001.901,161.818,10
-308.420,1001.668,161.807,10
-308.346,1001.423,161.785,10
-308.273,1001.178,161.785,10
-308.189,1000.934,161.774,10
-308.116,1000.700,161.763,10
-308.042,1000.455,161.752,10
-307.959,1000.211,161.741,10
-307.876,999.966,161.730,10
-307.803,999.721,161.719,10
-307.729,999.476,161.708,10
-307.646,999.243,161.697,10
-307.572,998.998,161.697,10
-307.489,998.753,161.697,10
-307.416,998.508,161.686,10
-307.342,998.264,161.686,10
-307.259,998.019,161.675,10
-307.185,997.763,161.675,10
-307.102,997.518,161.664,10
-307.029,997.274,161.664,10
-306.946,997.029,161.664,10
-306.872,996.784,161.653,10
-306.798,996.562,161.653,10
-306.715,996.317,161.653,10
-306.642,996.072,161.653,10
-306.568,995.839,161.664,10
-306.485,995.594,161.664,10
-306.393,995.327,161.664,10
-306.319,995.082,161.664,10
-306.236,994.837,161.664,10
-306.162,994.581,161.664,10
-306.079,994.337,161.664,10
-306.006,994.114,161.675,10
-305.932,993.881,161.675,10
-305.849,993.636,161.686,10
-305.775,993.391,161.686,10
-305.692,993.146,161.675,10
-305.609,992.890,161.675,10
-305.536,992.646,161.675,10
-305.453,992.390,161.675,10
-305.379,992.145,161.675,10
-305.296,991.900,161.675,10
-305.222,991.656,161.675,10
-305.149,991.411,161.664,10
-305.066,991.166,161.664,10
-304.992,990.921,161.664,10
-304.909,990.677,161.675,10
-304.826,990.432,161.664,10
-304.752,990.187,161.664,10
-304.669,989.942,161.664,10
-304.586,989.698,161.664,10
-304.513,989.442,161.653,10
-304.439,989.197,161.664,10
-304.356,988.952,161.653,10
-304.283,988.708,161.664,10
-304.200,988.452,161.664,10
-304.117,988.207,161.664,10
-304.043,987.962,161.664,10
-303.969,987.718,161.675,10
-303.886,987.462,161.675,10
-303.803,987.217,161.675,10
-303.730,986.972,161.675,10
-303.647,986.727,161.675,10
-303.564,986.483,161.675,10
-303.490,986.238,161.675,10
-303.407,985.993,161.675,10
-303.324,985.748,161.686,10
-303.250,985.493,161.686,10
-303.177,985.237,161.697,10
-303.094,984.992,161.697,10
-303.011,984.747,161.697,10
-302.937,984.491,161.686,10
-302.854,984.247,161.697,10
-302.781,983.991,161.697,10
-302.698,983.746,161.697,10
-302.615,983.501,161.708,10
-302.541,983.246,161.708,10
-302.458,983.012,161.708,10
-302.384,982.767,161.708,10
-302.301,982.522,161.708,10
-302.228,982.278,161.708,10
-302.145,982.033,161.719,10
-302.062,981.766,161.730,10
-301.988,981.521,161.730,10
-301.905,981.265,161.730,10
-301.832,981.021,161.741,10
-301.749,980.776,161.741,10
-301.666,980.520,161.741,10
-301.583,980.275,161.752,10
-301.509,980.019,161.752,10
-301.426,979.775,161.752,10
-301.353,979.530,161.763,10
-301.279,979.285,161.774,10
-301.205,979.041,161.785,10
-301.122,978.796,161.796,10
-301.039,978.551,161.796,10
-300.966,978.295,161.807,10
-300.873,978.039,161.807,10
-300.800,977.783,161.818,10
-300.717,977.539,161.829,10
-300.634,977.283,161.840,10
-300.560,977.038,161.862,10
-300.487,976.804,161.873,10
-300.404,976.560,161.884,10
-300.330,976.315,161.906,10
-300.247,976.070,161.917,10
-300.173,975.814,161.949,10
-300.090,975.558,161.982,10
-300.007,975.303,162.015,10
-299.934,975.058,162.048,10
-299.851,974.813,162.081,10
-299.777,974.557,162.125,10
-299.704,974.313,162.169,10
-299.621,974.068,162.224,10
-299.547,973.823,162.268,10
-299.474,973.578,162.323,10
-299.400,973.323,162.378,10
-299.317,973.078,162.444,10
-299.244,972.833,162.499,10
-299.170,972.577,162.565,10
-299.097,972.333,162.631,10
-299.013,972.088,162.697,10
-298.940,971.832,162.751,10
-298.866,971.588,162.817,10
-298.793,971.343,162.883,10
-298.719,971.087,162.938,10
-298.646,970.842,163.004,10
-298.572,970.587,163.059,10
-298.499,970.342,163.114,10
-298.425,970.097,163.169,10
-298.352,969.841,163.213,10
-298.278,969.597,163.257,10
-298.214,969.352,163.290,10
-298.141,969.107,163.334,10
-298.067,968.863,163.367,10
-298.003,968.607,163.400,10
-297.930,968.362,163.422,10
-297.856,968.118,163.433,10
-297.783,967.873,163.455,10
-297.709,967.617,163.477,10
-297.645,967.373,163.488,10
-297.572,967.128,163.510,10
-297.498,966.872,163.521,10
-297.425,966.628,163.531,10
-297.351,966.372,163.531,10
-297.287,966.127,163.531,10
-297.214,965.882,163.542,10
-297.140,965.638,163.553,10
-297.076,965.393,163.553,10
-297.002,965.149,163.564,10
-296.938,964.904,163.564,10
-296.865,964.659,163.564,10
-296.791,964.403,163.553,10
-296.718,964.159,163.542,10
-296.644,963.903,163.521,10
-296.580,963.658,163.510,10
-296.507,963.414,163.499,10
-296.433,963.158,163.477,10
-296.360,962.913,163.444,10
-296.296,962.669,163.422,10
-296.222,962.413,163.389,10
-296.149,962.168,163.367,10
-296.075,961.924,163.345,10
-296.011,961.668,163.323,10
-295.938,961.423,163.290,10
-295.864,961.178,163.268,10
-295.791,960.923,163.246,10
-295.727,960.678,163.224,10
-295.653,960.422,163.202,10
-295.580,960.178,163.180,10
-295.506,959.922,163.158,10
-295.433,959.677,163.136,10
-295.359,959.410,163.103,10
-295.286,959.166,163.070,10
-295.212,958.910,163.048,10
-295.139,958.665,163.015,10
-295.065,958.409,162.982,10
-294.992,958.154,162.938,10
-294.909,957.909,162.894,10
-294.835,957.653,162.850,10
-294.762,957.397,162.795,10
-294.689,957.142,162.740,10
-294.625,956.897,162.697,10
-294.551,956.641,162.642,10
-294.468,956.385,162.587,10
-294.395,956.141,162.521,10
-294.321,955.885,162.455,10
-294.238,955.618,162.378,10
-294.155,955.362,162.323,10
-294.082,955.106,162.257,10
-293.999,954.850,162.191,10
-293.926,954.583,162.136,10
-293.852,954.350,162.081,10
-293.769,954.094,162.026,10
-293.695,953.849,161.971,10
-293.612,953.593,161.927,10
-293.529,953.338,161.873,10
-293.447,953.071,161.829,10
-293.373,952.815,161.774,10
-293.290,952.559,161.708,10
-293.207,952.303,161.664,10
-293.124,952.047,161.609,10
-293.051,951.791,161.554,10
-292.968,951.536,161.521,10
-292.885,951.280,161.488,10
-292.802,951.024,161.455,10
-292.719,950.768,161.422,10
-292.636,950.523,161.400,10
-292.553,950.267,161.411,10
-292.470,950.011,161.400,10
-292.387,949.755,161.411,10
-292.304,949.500,161.422,10
-292.212,949.221,161.433,10
-292.129,948.966,161.455,10
-292.036,948.698,161.477,10
-291.953,948.443,161.499,10
-291.870,948.187,161.532,10
-291.797,947.953,161.565,10
-291.714,947.708,161.587,10
-291.631,947.452,161.598,10
-291.548,947.197,161.620,10
-291.465,946.941,161.631,10
-291.373,946.663,161.653,10
-291.290,946.384,161.664,10
-291.207,946.118,161.675,10
-291.124,945.862,161.675,10
-291.041,945.606,161.675,10
-290.967,945.372,161.675,10
-290.884,945.116,161.664,10
-290.801,944.860,161.664,10
-290.718,944.605,161.664,10
-290.635,944.349,161.653,10
-290.553,944.071,161.642,10
-290.470,943.815,161.631,10
-290.387,943.559,161.620,10
-290.304,943.303,161.609,10
-290.221,943.047,161.598,10
-290.138,942.791,161.587,10
-290.055,942.535,161.576,10
-289.972,942.279,161.554,10
-289.889,942.012,161.543,10
-289.806,941.757,161.532,10
-289.723,941.501,161.521,10
-289.640,941.245,161.510,10
-289.557,940.989,161.499,10
-289.474,940.733,161.488,10
-289.391,940.477,161.477,10
-289.318,940.221,161.466,10
-289.235,939.966,161.455,10
-289.152,939.710,161.444,10
-289.069,939.443,161.433,10
-288.986,939.187,161.411,10
-288.894,938.920,161.400,10
-288.811,938.664,161.389,10
-288.728,938.408,161.378,10
-288.645,938.152,161.367,10
-288.562,937.885,161.356,10
-288.479,937.651,161.334,10
-288.396,937.396,161.323,10
-288.313,937.140,161.301,10
-288.230,936.884,161.290,10
-288.147,936.628,161.279,10
-288.055,936.350,161.268,10
-287.972,936.094,161.257,10
-287.889,935.838,161.235,10
-287.806,935.582,161.224,10
-287.713,935.326,161.213,10
-287.640,935.081,161.202,10
-287.557,934.826,161.191,10
-287.464,934.570,161.180,10
-287.381,934.314,161.169,10
-287.298,934.047,161.158,10
-287.215,933.780,161.136,10
-287.133,933.524,161.115,10
-287.040,933.268,161.104,10
-286.957,933.012,161.093,10
-286.874,932.756,161.082,10
-286.791,932.511,161.060,10
-286.708,932.256,161.049,10
-286.625,932.000,161.038,10
-286.542,931.744,161.016,10
-286.450,931.488,161.005,10
-286.357,931.210,160.983,10
-286.274,930.954,160.972,10
-286.191,930.698,160.950,10
-286.099,930.442,160.939,10
-286.016,930.186,160.928,10
-285.933,929.941,160.917,10
-285.850,929.685,160.906,10
-285.767,929.429,160.895,10
-285.674,929.173,160.884,10
-285.591,928.918,160.862,10
-285.499,928.651,160.862,10
-285.416,928.384,160.851,10
-285.333,928.128,160.840,10
-285.241,927.872,160.829,10
-285.158,927.616,160.818,10
-285.075,927.371,160.807,10
-284.992,927.115,160.796,10
-284.899,926.859,160.785,10
-284.816,926.603,160.785,10
-284.733,926.347,160.785,10
-284.641,926.080,160.785,10
-284.558,925.824,160.774,10
-284.465,925.568,160.763,10
-284.382,925.313,160.763,10
-284.290,925.057,160.763,10
-284.207,924.801,160.763,10
-284.124,924.545,160.785,10
-284.031,924.289,160.818,10
-283.948,924.033,160.873,10
-283.866,923.777,160.939,10
-283.773,923.521,161.027,10
-283.690,923.254,161.125,10
-283.607,922.998,161.235,10
-283.524,922.742,161.356,10
-283.441,922.487,161.477,10
-283.358,922.231,161.598,10
-283.275,921.975,161.719,10
-283.192,921.719,161.840,10
-283.109,921.463,161.949,10
-283.026,921.207,162.048,10
-282.934,920.940,162.136,10
-282.861,920.684,162.213,10
-282.778,920.428,162.279,10
-282.695,920.161,162.334,10
-282.621,919.906,162.378,10
-282.538,919.650,162.411,10
-282.455,919.394,162.433,10
-282.382,919.138,162.444,10
-282.299,918.871,162.455,10
-282.226,918.615,162.455,10
-282.143,918.360,162.466,10
-282.069,918.104,162.466,10
-281.986,917.848,162.477,10
-281.913,917.581,162.477,10
-281.840,917.325,162.477,10
-281.757,917.069,162.477,10
-281.674,916.813,162.477,10
-281.600,916.547,162.488,10
-281.517,916.291,162.499,10
-281.444,916.035,162.499,10
-281.361,915.779,162.499,10
-281.278,915.523,162.499,10
-281.205,915.267,162.499,10
-281.122,915.012,162.510,10
-281.048,914.745,162.510,10
-280.965,914.478,162.521,10
-280.882,914.222,162.532,10
-280.809,913.966,162.532,10
-280.726,913.710,162.532,10
-280.653,913.454,162.543,10
-280.579,913.199,162.543,10
-280.496,912.943,162.554,10
-280.423,912.687,162.565,10
-280.340,912.420,162.565,10
-280.266,912.164,162.565,10
-280.184,911.897,162.576,10
-280.110,911.642,162.576,10
-280.037,911.386,162.587,10
-279.954,911.130,162.598,10
-279.880,910.874,162.598,10
-279.797,910.618,162.598,10
-279.714,910.362,162.609,10
-279.641,910.107,162.609,10
-279.558,909.840,162.609,10
-279.485,909.584,162.609,10
-279.402,909.317,162.620,10
-279.328,909.061,162.620,10
-279.245,908.805,162.620,10
-279.172,908.549,162.620,10
-279.089,908.282,162.620,10
-279.016,908.027,162.631,10
-278.942,907.771,162.631,10
-278.859,907.515,162.631,10
-278.786,907.259,162.631,10
-278.703,907.003,162.631,10
-278.620,906.736,162.620,10
-278.547,906.470,162.631,10
-278.464,906.214,162.631,10
-278.390,905.947,162.631,10
-278.307,905.691,162.631,10
-278.234,905.446,162.631,10
-278.160,905.190,162.642,10
-278.077,904.935,162.631,10
-278.004,904.668,162.642,10
-277.921,904.412,162.642,10
-277.848,904.145,162.653,10
-277.765,903.889,162.653,10
-277.692,903.622,162.653,10
-277.609,903.366,162.653,10
-277.535,903.111,162.653,10
-277.452,902.855,162.653,10
-277.379,902.588,162.664,10
-277.296,902.332,162.664,10
-277.222,902.076,162.664,10
-277.139,901.820,162.664,10
-277.066,901.554,162.675,10
-276.993,901.287,162.675,10
-276.910,901.031,162.675,10
-276.837,900.764,162.675,10
-276.754,900.508,162.675,10
-276.680,900.252,162.675,10
-276.597,899.985,162.664,10
-276.524,899.730,162.664,10
-276.441,899.463,162.664,10
-276.368,899.207,162.664,10
-276.285,898.940,162.664,10
-276.202,898.684,162.664,10
-276.119,898.417,162.664,10
-276.045,898.161,162.664,10
-275.963,897.894,162.653,10
-275.889,897.638,162.664,10
-275.816,897.372,162.664,10
-275.733,897.116,162.664,10
-275.660,896.849,162.664,10
-275.577,896.582,162.653,10
-275.503,896.326,162.653,10
-275.420,896.059,162.653,10
-275.347,895.792,162.653,10
-275.264,895.536,162.653,10
-275.191,895.270,162.653,10
-275.108,895.014,162.642,10
-275.025,894.747,162.631,10
-274.952,894.491,162.631,10
-274.869,894.224,162.631,10
-274.795,893.968,162.631,10
-274.712,893.701,162.631,10
-274.630,893.434,162.631,10
-274.556,893.179,162.620,10
-274.473,892.912,162.609,10
-274.400,892.656,162.609,10
-274.317,892.389,162.609,10
-274.234,892.133,162.598,10
-274.161,891.866,162.598,10
-274.078,891.610,162.587,10
-273.995,891.343,162.587,10
-273.912,891.076,162.576,10
-273.829,890.809,162.576,10
-273.756,890.542,162.576,10
-273.673,890.287,162.565,10
-273.590,890.020,162.554,10
-273.517,889.753,162.554,10
-273.443,889.497,162.543,10
-273.360,889.230,162.543,10
-273.287,888.963,162.532,10
-273.204,888.707,162.521,10
-273.121,888.440,162.510,10
-273.038,888.184,162.510,10
-272.965,887.918,162.499,10
-272.882,887.662,162.488,10
-272.799,887.395,162.488,10
-272.717,887.117,162.477,10
-272.634,886.861,162.455,10
-272.551,886.594,162.444,10
-272.477,886.327,162.433,10
-272.395,886.060,162.433,10
-272.321,885.804,162.433,10
-272.238,885.548,162.422,10
-272.155,885.281,162.422,10
-272.072,885.014,162.411,10
-271.999,884.759,162.400,10
-271.916,884.481,162.389,10
-271.833,884.225,162.389,10
-271.750,883.958,162.378,10
-271.668,883.691,162.378,10
-271.594,883.435,162.367,10
-271.511,883.168,162.356,10
-271.428,882.912,162.345,10
-271.346,882.645,162.334,10
-271.272,882.378,162.323,10
-271.189,882.123,162.312,10
-271.097,881.855,162.301,10
-271.024,881.589,162.301,10
-270.941,881.322,162.290,10
-270.858,881.066,162.279,10
-270.775,880.799,162.268,10
-270.692,880.532,162.257,10
-270.609,880.276,162.246,10
-270.536,880.009,162.235,10
-270.453,879.742,162.224,10
-270.370,879.486,162.224,10
-270.297,879.219,162.213,10
-270.214,878.952,162.213,10
-270.131,878.685,162.202,10
-270.048,878.430,162.202,10
-269.965,878.163,162.191,10
-269.892,877.907,162.180,10
-269.809,877.640,162.180,10
-269.726,877.373,162.169,10
-269.643,877.117,162.169,10
-269.560,876.850,162.158,10
-269.468,876.583,162.147,10
-269.394,876.316,162.136,10
-269.312,876.049,162.125,10
-269.229,875.793,162.114,10
-269.146,875.526,162.114,10
-269.063,875.271,162.103,10
-268.980,875.004,162.103,10
-268.897,874.748,162.092,10
-268.814,874.481,162.081,10
-268.731,874.225,162.070,10
-268.648,873.947,162.059,10
-268.565,873.691,162.059,10
-268.492,873.424,162.048,10
-268.409,873.157,162.037,10
-268.326,872.901,162.026,10
-268.243,872.634,162.015,10
-268.161,872.367,162.015,10
-268.078,872.111,162.004,10
-267.995,871.844,161.993,10
-267.912,871.577,161.982,10
-267.839,871.311,161.971,10
-267.756,871.044,161.960,10
-267.673,870.788,161.960,10
-267.590,870.521,161.949,10
-267.507,870.254,161.938,10
-267.424,869.998,161.927,10
-267.341,869.742,161.917,10
-267.258,869.475,161.906,10
-267.175,869.208,161.895,10
-267.093,868.952,161.895,10
-267.000,868.674,161.884,10
-266.917,868.407,161.873,10
-266.835,868.140,161.862,10
-266.752,867.873,161.851,10
-266.669,867.606,161.840,10
-266.586,867.350,161.840,10
-266.503,867.095,161.840,10
-266.420,866.828,161.829,10
-266.337,866.561,161.818,10
-266.254,866.305,161.818,10
-266.172,866.027,161.807,10
-266.089,865.760,161.796,10
-266.006,865.493,161.796,10
-265.913,865.226,161.796,10
-265.830,864.970,161.785,10
-265.757,864.714,161.785,10
-265.674,864.447,161.774,10
-265.591,864.180,161.763,10
-265.499,863.924,161.763,10
-265.416,863.657,161.752,10
-265.333,863.379,161.752,10
-265.241,863.112,161.741,10
-265.158,862.845,161.730,10
-265.075,862.589,161.719,10
-264.992,862.322,161.719,10
-264.909,862.066,161.708,10
-264.826,861.799,161.708,10
-264.744,861.532,161.697,10
-264.661,861.277,161.697,10
-264.578,861.010,161.686,10
-264.495,860.732,161.686,10
-264.412,860.476,161.675,10
-264.329,860.209,161.675,10
-264.237,859.942,161.664,10
-264.154,859.675,161.664,10
-264.071,859.419,161.653,10
-263.988,859.152,161.653,10
-263.905,858.896,161.653,10
-263.822,858.629,161.653,10
-263.739,858.362,161.653,10
-263.647,858.095,161.642,10
-263.564,857.839,161.631,10
-263.481,857.572,161.631,10
-263.398,857.305,161.620,10
-263.306,857.038,161.620,10
-263.223,856.782,161.620,10
-263.140,856.515,161.609,10
-263.057,856.248,161.609,10
-262.974,855.992,161.598,10
-262.882,855.725,161.587,10
-262.799,855.458,161.587,10
-262.716,855.203,161.587,10
-262.633,854.936,161.576,10
-262.551,854.669,161.576,10
-262.468,854.413,161.565,10
-262.375,854.146,161.554,10
-262.292,853.879,161.554,10
-262.209,853.623,161.554,10
-262.126,853.356,161.543,10
-262.044,853.089,161.543,10
-261.951,852.822,161.532,10
-261.868,852.566,161.521,10
-261.785,852.299,161.521,10
-261.703,852.032,161.510,10
-261.620,851.776,161.510,10
-261.527,851.509,161.499,10
-261.444,851.253,161.488,10
-261.361,850.986,161.488,10
-261.269,850.730,161.477,10
-261.186,850.463,161.466,10
-261.103,850.196,161.455,10
-261.011,849.929,161.455,10
-260.928,849.662,161.433,10
-260.845,849.406,161.422,10
-260.753,849.139,161.422,10
-260.679,848.884,161.411,10
-260.596,848.628,161.400,10
-260.513,848.361,161.400,10
-260.431,848.094,161.389,10
-260.338,847.838,161.367,10
-260.246,847.571,161.356,10
-260.163,847.304,161.345,10
-260.080,847.037,161.334,10
-259.997,846.781,161.323,10
-259.905,846.514,161.323,10
-259.822,846.247,161.301,10
-259.729,845.991,161.290,10
-259.646,845.724,161.279,10
-259.563,845.468,161.268,10
-259.471,845.201,161.257,10
-259.388,844.934,161.257,10
-259.305,844.667,161.246,10
-259.213,844.411,161.235,10
-259.130,844.144,161.224,10
-259.047,843.877,161.213,10
-258.955,843.610,161.213,10
-258.872,843.354,161.213,10
-258.779,843.087,161.202,10
-258.697,842.820,161.202,10
-258.604,842.564,161.202,10
-258.521,842.297,161.191,10
-258.438,842.041,161.191,10
-258.355,841.774,161.191,10
-258.263,841.507,161.191,10
-258.180,841.251,161.191,10
-258.088,840.973,161.191,10
-258.005,840.717,161.191,10
-257.912,840.450,161.191,10
-257.830,840.183,161.202,10
-257.747,839.916,161.213,10
-257.654,839.671,161.224,10
-257.571,839.405,161.246,10
-257.479,839.149,161.268,10
-257.396,838.882,161.290,10
-257.313,838.615,161.323,10
-257.221,838.348,161.356,10
-257.138,838.081,161.400,10
-257.045,837.814,161.433,10
-256.962,837.558,161.477,10
-256.880,837.291,161.521,10
-256.797,837.024,161.565,10
-256.714,836.757,161.620,10
-256.631,836.501,161.675,10
-256.548,836.234,161.719,10
-256.456,835.967,161.774,10
-256.373,835.700,161.818,10
-256.290,835.433,161.873,10
-256.207,835.177,161.917,10
-256.124,834.910,161.971,10
-256.041,834.643,162.026,10
-255.959,834.376,162.070,10
-255.876,834.109,162.114,10
-255.793,833.853,162.169,10
-255.710,833.586,162.213,10
-255.627,833.319,162.257,10
-255.544,833.052,162.290,10
-255.461,832.785,162.323,10
-255.378,832.519,162.356,10
-255.296,832.252,162.389,10
-255.213,831.985,162.422,10
-255.130,831.729,162.455,10
-255.047,831.462,162.488,10
-254.974,831.195,162.521,10
-254.891,830.928,162.543,10
-254.808,830.661,162.565,10
-254.725,830.394,162.598,10
-254.642,830.127,162.620,10
-254.559,829.860,162.642,10
-254.486,829.593,162.653,10
-254.403,829.326,162.664,10
-254.320,829.059,162.675,10
-254.247,828.792,162.675,10
-254.164,828.525,162.697,10
-254.081,828.259,162.697,10
-253.998,827.992,162.708,10
-253.925,827.736,162.719,10
-253.842,827.469,162.719,10
-253.759,827.202,162.729,10
-253.686,826.935,162.729,10
-253.603,826.668,162.740,10
-253.520,826.390,162.740,10
-253.438,826.123,162.740,10
-253.355,825.856,162.740,10
-253.281,825.589,162.729,10
-253.199,825.322,162.729,10
-253.116,825.055,162.729,10
-253.042,824.788,162.729,10
-252.960,824.521,162.729,10
-252.877,824.254,162.729,10
-252.803,823.988,162.729,10
-252.730,823.721,162.719,10
-252.647,823.454,162.719,10
-252.564,823.187,162.719,10
-252.491,822.920,162.708,10
-252.408,822.664,162.686,10
-252.325,822.386,162.675,10
-252.252,822.119,162.653,10
-252.169,821.852,162.620,10
-252.086,821.585,162.598,10
-252.004,821.318,162.565,10
-251.921,821.051,162.532,10
-251.838,820.784,162.510,10
-251.765,820.518,162.477,10
-251.682,820.251,162.455,10
-251.599,819.995,162.433,10
-251.516,819.728,162.400,10
-251.443,819.461,162.367,10
-251.360,819.205,162.345,10
-251.277,818.938,162.301,10
-251.194,818.671,162.268,10
-251.111,818.393,162.235,10
-251.028,818.126,162.213,10
-250.945,817.859,162.180,10
-250.863,817.592,162.158,10
-250.780,817.325,162.125,10
-250.697,817.069,162.103,10
-250.614,816.802,162.070,10
-250.531,816.535,162.048,10
-250.448,816.268,162.026,10
-250.365,816.013,162.004,10
-250.273,815.734,161.982,10
-250.190,815.467,161.960,10
-250.107,815.200,161.938,10
-250.024,814.933,161.927,10
-249.942,814.667,161.927,10
-249.868,814.422,161.927,10
-249.785,814.155,161.927,10
-249.702,813.899,161.927,10
-249.619,813.632,161.927,10
-249.536,813.365,161.927,10
-249.444,813.076,161.927,10
-249.352,812.798,161.938,10
-249.269,812.531,161.938,10
-249.186,812.264,161.949,10
-249.104,811.997,161.949,10
-249.030,811.741,161.960,10
-248.957,811.496,161.982,10
-248.874,811.229,161.993,10
-248.791,810.962,162.015,10
-248.708,810.695,162.037,10
-248.616,810.406,162.048,10
-248.533,810.139,162.081,10
-248.450,809.872,162.114,10
-248.367,809.605,162.147,10
-248.284,809.338,162.191,10
-248.201,809.082,162.224,10
-248.119,808.816,162.268,10
-248.036,808.549,162.323,10
-247.953,808.282,162.378,10
-247.870,808.015,162.422,10
-247.787,807.748,162.477,10
-247.704,807.481,162.521,10
-247.631,807.214,162.576,10
-247.548,806.947,162.620,10
-247.465,806.680,162.664,10
-247.383,806.413,162.708,10
-247.309,806.146,162.751,10
-247.226,805.879,162.784,10
-247.144,805.612,162.817,10
-247.070,805.345,162.850,10
-246.978,805.067,162.883,10
-246.905,804.789,162.916,10
-246.822,804.522,162.938,10
-246.739,804.255,162.960,10
-246.666,803.988,162.971,10
-246.592,803.733,162.993,10
-246.519,803.466,163.015,10
-246.436,803.199,163.026,10
-246.363,802.932,163.037,10
-246.280,802.665,163.037,10
-246.197,802.376,163.048,10
-246.115,802.109,163.037,10
-246.032,801.842,163.037,10
-245.958,801.575,163.037,10
-245.875,801.308,163.026,10
-245.802,801.052,163.026,10
-245.719,800.785,163.015,10
-245.636,800.518,163.004,10
-245.563,800.252,162.993,10
-245.480,799.985,162.993,10
-245.407,799.707,162.982,10
-245.324,799.429,162.971,10
-245.251,799.162,162.949,10
-245.168,798.895,162.938,10
-245.095,798.628,162.905,10
-245.012,798.372,162.883,10
-244.938,798.105,162.861,10
-244.856,797.838,162.828,10
-244.782,797.571,162.795,10
-244.699,797.304,162.762,10
-244.617,797.026,162.719,10
-244.534,796.759,162.675,10
-244.461,796.493,162.631,10
-244.378,796.226,162.598,10
-244.295,795.959,162.554,10
-244.212,795.692,162.510,10
-244.139,795.425,162.477,10
-244.056,795.158,162.433,10
-243.973,794.891,162.400,10
-243.890,794.624,162.356,10
-243.807,794.357,162.323,10
-243.724,794.090,162.279,10
-243.642,793.823,162.246,10
-243.559,793.556,162.213,10
-243.476,793.289,162.180,10
-243.403,793.022,162.158,10
-243.320,792.766,162.125,10
-243.237,792.499,162.103,10
-243.154,792.232,162.081,10
-243.071,791.966,162.048,10
-242.988,791.687,162.015,10
-242.905,791.421,161.993,10
-242.823,791.154,161.971,10
-242.740,790.887,161.938,10
-242.657,790.631,161.917,10
-242.574,790.364,161.884,10
-242.491,790.108,161.862,10
-242.408,789.841,161.840,10
-242.325,789.574,161.818,10
-242.242,789.307,161.807,10
-242.150,789.040,161.785,10
-242.067,788.773,161.774,10
-241.984,788.506,161.763,10
-241.902,788.239,161.763,10
-241.819,787.972,161.763,10
-241.736,787.716,161.774,10
-241.653,787.449,161.785,10
-241.570,787.182,161.785,10
-241.487,786.915,161.785,10
-241.404,786.648,161.796,10
-241.321,786.381,161.796,10
-241.239,786.114,161.807,10
-241.156,785.859,161.818,10
-241.063,785.591,161.829,10
-240.980,785.325,161.840,10
-240.898,785.058,161.851,10
-240.815,784.802,161.862,10
-240.732,784.535,161.862,10
-240.649,784.268,161.873,10
-240.566,784.001,161.873,10
-240.483,783.734,161.873,10
-240.400,783.467,161.873,10
-240.317,783.200,161.884,10
-240.235,782.933,161.884,10
-240.152,782.677,161.884,10
-240.069,782.421,161.884,10
-239.976,782.154,161.884,10
-239.893,781.887,161.884,10
-239.810,781.631,161.884,10
-239.728,781.364,161.884,10
-239.645,781.097,161.884,10
-239.562,780.830,161.895,10
-239.479,780.563,161.895,10
-239.396,780.296,161.895,10
-239.313,780.041,161.895,10
-239.240,779.785,161.906,10
-239.157,779.518,161.906,10
-239.074,779.251,161.906,10
-238.991,778.995,161.917,10
-238.908,778.728,161.917,10
-238.816,778.461,161.917,10
-238.733,778.194,161.917,10
-238.650,777.927,161.917,10
-238.567,777.671,161.917,10
-238.484,777.404,161.917,10
-238.401,777.148,161.917,10
-238.318,776.892,161.917,10
-238.236,776.625,161.906,10
-238.153,776.370,161.906,10
-238.070,776.103,161.906,10
-237.987,775.825,161.906,10
-237.904,775.569,161.906,10
-237.821,775.302,161.906,10
-237.738,775.035,161.895,10
-237.655,774.779,161.895,10
-237.582,774.523,161.895,10
-237.499,774.267,161.895,10
-237.416,774.000,161.895,10
-237.333,773.744,161.895,10
-237.250,773.477,161.884,10
-237.167,773.211,161.884,10
-237.085,772.944,161.884,10
-237.002,772.688,161.884,10
-236.928,772.421,161.895,10
-236.845,772.165,161.895,10
-236.762,771.920,161.906,10
-236.679,771.664,161.917,10
-236.596,771.397,161.927,10
-236.513,771.141,161.927,10
-236.430,770.886,161.949,10
-236.338,770.607,161.960,10
-236.265,770.352,161.971,10
-236.182,770.096,161.982,10
-236.099,769.829,162.004,10
-236.016,769.573,162.015,10
-235.943,769.317,162.037,10
-235.860,769.061,162.059,10
-235.786,768.805,162.081,10
-235.703,768.550,162.103,10
-235.620,768.294,162.114,10
-235.537,768.016,162.125,10
-235.464,767.760,162.147,10
-235.381,767.504,162.158,10
-235.298,767.237,162.180,10
-235.225,766.981,162.202,10
-235.142,766.736,162.213,10
-235.068,766.481,162.235,10
-234.985,766.225,162.246,10
-234.912,765.969,162.257,10
-234.829,765.702,162.268,10
-234.746,765.435,162.279,10
-234.663,765.179,162.290,10
-234.590,764.923,162.301,10
-234.507,764.657,162.312,10
-234.433,764.401,162.323,10
-234.350,764.156,162.334,10
-234.267,763.900,162.334,10
-234.194,763.644,162.345,10
-234.111,763.388,162.345,10
-234.038,763.133,162.356,10
-233.955,762.866,162.356,10
-233.881,762.610,162.367,10
-233.798,762.354,162.367,10
-233.725,762.098,162.378,10
-233.642,761.842,162.378,10
-233.559,761.587,162.367,10
-233.485,761.331,162.367,10
-233.402,761.075,162.367,10
-233.329,760.819,162.367,10
-233.246,760.563,162.367,10
-233.163,760.307,162.345,10
-233.090,760.052,162.323,10
-233.007,759.796,162.301,10
-232.933,759.529,162.268,10
-232.850,759.273,162.224,10
-232.777,759.028,162.191,10
-232.703,758.784,162.147,10
-232.620,758.528,162.103,10
-232.547,758.272,162.048,10
-232.464,758.016,161.993,10
-232.381,757.749,161.938,10
-232.307,757.504,161.884,10
-232.224,757.249,161.829,10
-232.141,756.993,161.785,10
-232.068,756.737,161.730,10
-231.985,756.492,161.686,10
-231.902,756.236,161.631,10
-231.828,755.991,161.587,10
-231.745,755.736,161.554,10
-231.662,755.480,161.510,10
-231.579,755.224,161.466,10
-231.497,754.968,161.433,10
-231.414,754.712,161.389,10
-231.331,754.456,161.356,10
-231.248,754.200,161.323,10
-231.164,753.967,161.301,10
-231.081,753.711,161.268,10
-231.008,753.466,161.246,10
-230.925,753.210,161.235,10
-230.842,752.965,161.213,10
-230.759,752.698,161.202,10
-230.676,752.454,161.191,10
-230.593,752.198,161.191,10
-230.510,751.942,161.191,10
-230.427,751.697,161.202,10
-230.344,751.452,161.213,10
-230.261,751.196,161.235,10
-230.178,750.952,161.268,10
-230.104,750.696,161.290,10
-230.021,750.451,161.323,10
-229.929,750.195,161.356,10
-229.846,749.939,161.389,10
-229.763,749.683,161.411,10
-229.689,749.439,161.444,10
-229.606,749.183,161.466,10
-229.533,748.938,161.499,10
-229.449,748.693,161.532,10
-229.366,748.437,161.565,10
-229.293,748.193,161.587,10
-229.210,747.948,161.609,10
-229.127,747.681,161.642,10
-229.053,747.436,161.664,10
-228.970,747.180,161.675,10
-228.887,746.936,161.697,10
-228.814,746.680,161.708,10
-228.740,746.435,161.719,10
-228.657,746.190,161.741,10
-228.574,745.934,161.752,10
-228.501,745.690,161.763,10
-228.418,745.434,161.774,10
-228.335,745.189,161.774,10
-228.261,744.933,161.774,10
-228.178,744.677,161.774,10
-228.095,744.433,161.774,10
-228.022,744.188,161.785,10
-227.938,743.943,161.785,10
-227.855,743.698,161.785,10
-227.782,743.443,161.785,10
-227.699,743.198,161.796,10
-227.625,742.953,161.796,10
-227.552,742.686,161.785,10
-227.469,742.441,161.785,10
-227.386,742.197,161.785,10
-227.312,741.941,161.785,10
-227.229,741.696,161.785,10
-227.156,741.451,161.785,10
-227.073,741.207,161.774,10
-226.999,740.951,161.774,10
-226.916,740.706,161.785,10
-226.842,740.461,161.785,10
-226.759,740.205,161.785,10
-226.677,739.950,161.785,10
-226.593,739.705,161.785,10
-226.520,739.460,161.774,10
-226.437,739.215,161.774,10
-226.373,738.982,161.774,10
-226.290,738.726,161.785,10
-226.216,738.481,161.785,10
-226.133,738.236,161.785,10
-226.059,737.992,161.774,10
-225.977,737.725,161.763,10
-225.893,737.480,161.763,10
-225.820,737.235,161.763,10
-225.737,736.979,161.763,10
-225.654,736.735,161.763,10
-225.590,736.512,161.774,10
-225.516,736.268,161.774,10
-225.433,736.023,161.774,10
-225.359,735.778,161.774,10
-225.276,735.533,161.774,10
-225.193,735.266,161.785,10
-225.110,735.010,161.785,10
-225.037,734.766,161.796,10
-224.954,734.510,161.807,10
-224.871,734.265,161.818,10
-224.807,734.032,161.840,10
-224.733,733.798,161.862,10
-224.650,733.553,161.895,10
-224.576,733.308,161.927,10
-224.493,733.064,161.949,10
-224.410,732.797,161.982,10
-224.337,732.552,162.015,10
-224.263,732.296,162.048,10
-224.180,732.051,162.081,10
-224.107,731.807,162.103,10
-224.023,731.573,162.136,10
-223.950,731.328,162.158,10
-223.876,731.084,162.180,10
-223.793,730.839,162.202,10
-223.720,730.594,162.235,10
-223.646,730.338,162.257,10
-223.573,730.083,162.279,10
-223.499,729.838,162.301,10
-223.426,729.593,162.323,10
-223.352,729.349,162.334,10
-223.269,729.104,162.367,10
-223.195,728.859,162.389,10
-223.122,728.614,162.411,10
-223.048,728.370,162.433,10
-222.975,728.125,162.455,10
-222.901,727.880,162.477,10
-222.828,727.636,162.499,10
-222.754,727.391,162.521,10
-222.671,727.135,162.543,10
-222.598,726.890,162.565,10
-222.524,726.646,162.576,10
-222.450,726.401,162.598,10
-222.377,726.156,162.609,10
-222.303,725.901,162.620,10
-222.230,725.656,162.631,10
-222.156,725.411,162.653,10
-222.083,725.166,162.664,10
-222.009,724.922,162.675,10
-221.936,724.677,162.675,10
-221.862,724.432,162.686,10
-221.788,724.188,162.686,10
-221.715,723.932,162.697,10
-221.641,723.687,162.697,10
-221.568,723.443,162.697,10
-221.494,723.198,162.697,10
-221.411,722.953,162.675,10
-221.338,722.708,162.664,10
-221.264,722.464,162.653,10
-221.191,722.219,162.642,10
-221.117,721.974,162.620,10
-221.044,721.707,162.609,10
-220.970,721.463,162.587,10
-220.897,721.218,162.565,10
-220.814,720.962,162.543,10
-220.740,720.718,162.532,10
-220.676,720.473,162.510,10
-220.593,720.228,162.488,10
-220.519,719.983,162.466,10
-220.446,719.739,162.444,10
-220.372,719.483,162.422,10
-220.289,719.227,162.400,10
-220.216,718.982,162.367,10
-220.142,718.727,162.345,10
-220.069,718.482,162.323,10
-219.986,718.237,162.301,10
-219.912,717.981,162.279,10
-219.839,717.737,162.257,10
-219.765,717.481,162.235,10
-219.682,717.236,162.213,10
-219.609,716.980,162.191,10
-219.526,716.725,162.158,10
-219.443,716.480,162.136,10
-219.369,716.224,162.114,10
-219.286,715.968,162.081,10
-219.213,715.712,162.059,10
-219.130,715.479,162.048,10
-219.056,715.223,162.026,10
-218.973,714.967,162.004,10
-218.900,714.722,161.982,10
-218.817,714.466,161.971,10
-218.743,714.200,161.949,10
-218.660,713.944,161.927,10
-218.577,713.688,161.906,10
-218.504,713.443,161.884,10
-218.421,713.187,161.862,10
-218.338,712.931,161.840,10
-218.255,712.675,161.829,10
-218.172,712.420,161.807,10
-218.098,712.164,161.785,10
-218.015,711.908,161.763,10
-217.932,711.652,161.741,10
-217.850,711.396,161.719,10
-217.776,711.140,161.697,10
-217.693,710.884,161.675,10
-217.610,710.629,161.653,10
-217.527,710.373,161.631,10
-217.444,710.117,161.609,10
-217.361,709.850,161.587,10
-217.278,709.594,161.565,10
-217.195,709.338,161.543,10
-217.112,709.093,161.510,10
-217.039,708.826,161.488,10
-216.956,708.571,161.466,10
-216.863,708.315,161.455,10
-216.781,708.059,161.433,10
-216.698,707.792,161.400,10
-216.615,707.536,161.378,10
-216.532,707.280,161.356,10
-216.449,707.013,161.334,10
-216.366,706.757,161.312,10
-216.273,706.501,161.301,10
-216.190,706.245,161.279,10
-216.108,705.978,161.257,10
-216.025,705.722,161.235,10
-215.942,705.467,161.213,10
-215.849,705.200,161.191,10
-215.766,704.933,161.180,10
-215.683,704.677,161.158,10
-215.591,704.410,161.147,10
-215.508,704.154,161.136,10
-215.435,703.898,161.125,10
-215.342,703.631,161.125,10
-215.259,703.375,161.115,10
-215.176,703.119,161.115,10
-215.093,702.852,161.115,10
-215.001,702.596,161.115,10
-214.909,702.329,161.115,10
-214.826,702.073,161.115,10
-214.743,701.806,161.136,10
-214.650,701.550,161.158,10
-214.567,701.294,161.180,10
-214.475,701.027,161.202,10
-214.392,700.771,161.224,10
-214.309,700.505,161.257,10
-214.226,700.249,161.301,10
-214.134,699.982,161.345,10
-214.051,699.726,161.389,10
-213.968,699.459,161.433,10
-213.885,699.203,161.466,10
-213.802,698.936,161.510,10
-213.719,698.680,161.543,10
-213.636,698.413,161.587,10
-213.544,698.157,161.631,10
-213.461,697.890,161.675,10
-213.378,697.634,161.719,10
-213.304,697.378,161.752,10
-213.222,697.112,161.785,10
-213.139,696.856,161.829,10
-213.056,696.589,161.862,10
-212.973,696.333,161.906,10
-212.881,696.055,161.938,10
-212.798,695.799,161.971,10
-212.724,695.532,161.993,10
-212.641,695.276,162.037,10
-212.558,695.020,162.070,10
-212.475,694.775,162.092,10
-212.392,694.508,162.125,10
-212.309,694.253,162.158,10
-212.236,693.997,162.180,10
-212.153,693.741,162.191,10
-212.070,693.463,162.213,10
-211.987,693.196,162.224,10
-211.904,692.940,162.246,10
-211.822,692.673,162.257,10
-211.748,692.417,162.268,10
-211.675,692.173,162.279,10
-211.592,691.917,162.301,10
-211.518,691.650,162.312,10
-211.435,691.394,162.323,10
-211.352,691.138,162.334,10
-211.270,690.860,162.345,10
-211.187,690.604,162.356,10
-211.104,690.348,162.356,10
-211.030,690.081,162.367,10
-210.947,689.826,162.378,10
-210.864,689.581,162.389,10
-210.791,689.314,162.400,10
-210.708,689.058,162.400,10
-210.634,688.802,162.400,10
-210.552,688.546,162.400,10
-210.469,688.279,162.400,10
-210.395,688.024,162.400,10
-210.312,687.768,162.400,10
-210.239,687.512,162.400,10
-210.156,687.256,162.400,10
-210.083,686.989,162.389,10
-210.000,686.733,162.389,10
-209.926,686.466,162.389,10
-209.843,686.211,162.389,10
-209.770,685.955,162.378,10
-209.696,685.710,162.367,10
-209.623,685.454,162.356,10
-209.540,685.199,162.356,10
-209.466,684.943,162.345,10
-209.383,684.687,162.334,10
-209.291,684.420,162.312,10
-209.218,684.164,162.290,10
-209.135,683.897,162.279,10
-209.061,683.641,162.257,10
-208.978,683.385,162.235,10
-208.905,683.130,162.213,10
-208.822,682.874,162.191,10
-208.739,682.618,162.169,10
-208.665,682.362,162.147,10
-208.583,682.106,162.125,10
-208.500,681.850,162.103,10
-208.417,681.594,162.081,10
-208.334,681.339,162.059,10
-208.260,681.083,162.037,10
-208.177,680.827,162.004,10
-208.094,680.560,161.982,10
-208.021,680.293,161.949,10
-207.938,680.037,161.927,10
-207.855,679.781,161.917,10
-207.772,679.525,161.895,10
-207.699,679.281,161.873,10
-207.616,679.025,161.840,10
-207.542,678.769,161.818,10
-207.459,678.513,161.796,10
-207.376,678.257,161.774,10
-207.293,677.990,161.752,10
-207.210,677.735,161.730,10
-207.127,677.479,161.697,10
-207.044,677.223,161.675,10
-206.961,676.967,161.642,10
-206.878,676.711,161.620,10
-206.805,676.455,161.598,10
-206.722,676.199,161.565,10
-206.639,675.944,161.543,10
-206.556,675.688,161.510,10
-206.473,675.421,161.499,10
-206.390,675.165,161.466,10
-206.307,674.909,161.444,10
-206.224,674.653,161.422,10
-206.141,674.397,161.400,10
-206.058,674.152,161.378,10
-205.975,673.896,161.356,10
-205.902,673.641,161.345,10
-205.819,673.385,161.345,10
-205.736,673.129,161.356,10
-205.662,672.873,161.356,10
-205.579,672.617,161.367,10
-205.496,672.361,161.367,10
-205.413,672.106,161.378,10
-205.331,671.850,161.389,10
-205.257,671.605,161.411,10
-205.174,671.360,161.433,10
-205.091,671.104,161.477,10
-205.017,670.860,161.510,10
-204.934,670.604,161.543,10
-204.842,670.337,161.576,10
-204.750,670.070,161.620,10
-204.667,669.814,161.653,10
-204.584,669.558,161.686,10
-204.501,669.302,161.730,10
-204.408,669.024,161.752,10
-204.325,668.768,161.785,10
-204.242,668.512,161.807,10
-204.159,668.256,161.840,10
-204.076,668.000,161.873,10
-204.012,667.767,161.906,10
-203.929,667.522,161.949,10
-203.846,667.266,161.993,10
-203.773,667.010,162.026,10
-203.690,666.754,162.070,10
-203.598,666.476,162.114,10
-203.524,666.209,162.158,10
-203.441,665.943,162.202,10
-203.358,665.687,162.246,10
-203.285,665.431,162.290,10
-203.202,665.186,162.323,10
-203.128,664.930,162.367,10
-203.045,664.674,162.400,10
-202.972,664.419,162.433,10
-202.889,664.163,162.466,10
-202.806,663.896,162.488,10
-202.723,663.640,162.510,10
-202.650,663.373,162.532,10
-202.567,663.117,162.554,10
-202.494,662.861,162.576,10
-202.410,662.617,162.598,10
-202.337,662.350,162.609,10
-202.254,662.094,162.631,10
-202.181,661.838,162.642,10
-202.107,661.582,162.653,10
-202.034,661.327,162.675,10
-201.951,661.071,162.686,10
-201.878,660.804,162.686,10
-201.795,660.548,162.697,10
-201.721,660.292,162.697,10
-201.638,660.036,162.697,10
-201.565,659.769,162.686,10
-201.482,659.514,162.686,10
-201.408,659.258,162.686,10
-201.325,659.002,162.686,10
-201.252,658.746,162.675,10
-201.179,658.490,162.653,10
-201.096,658.234,162.642,10
-201.022,657.968,162.620,10
-200.939,657.712,162.609,10
-200.856,657.456,162.587,10
-200.783,657.189,162.565,10
-200.700,656.933,162.543,10
-200.627,656.677,162.521,10
-200.544,656.421,162.488,10
-200.470,656.177,162.477,10
-200.397,655.910,162.455,10
-200.314,655.654,162.433,10
-200.240,655.398,162.411,10
-200.157,655.142,162.389,10
-200.074,654.875,162.367,10
-200.001,654.609,162.345,10
-199.918,654.353,162.323,10
-199.845,654.097,162.301,10
-199.762,653.830,162.279,10
-199.679,653.596,162.257,10
-199.596,653.329,162.235,10
-199.522,653.074,162.213,10
-199.439,652.818,162.191,10
-199.356,652.562,162.180,10
-199.283,652.295,162.158,10
-199.200,652.039,162.136,10
-199.117,651.783,162.103,10
-199.034,651.527,162.081,10
-198.961,651.260,162.059,10
-198.887,651.016,162.048,10
-198.804,650.760,162.026,10
-198.721,650.493,162.004,10
-198.638,650.237,161.982,10
-198.565,649.981,161.949,10
-198.482,649.725,161.927,10
-198.399,649.470,161.906,10
-198.316,649.203,161.884,10
-198.233,648.947,161.862,10
-198.150,648.691,161.840,10
-198.077,648.435,161.818,10
-197.994,648.168,161.796,10
-197.911,647.912,161.774,10
-197.828,647.656,161.763,10
-197.745,647.400,161.741,10
-197.672,647.145,161.730,10
-197.589,646.889,161.708,10
-197.506,646.633,161.686,10
-197.423,646.377,161.675,10
-197.349,646.121,161.653,10
-197.257,645.854,161.642,10
-197.174,645.587,161.620,10
-197.091,645.331,161.609,10
-197.008,645.075,161.587,10
-196.925,644.808,161.576,10
-196.852,644.564,161.565,10
-196.769,644.308,161.543,10
-196.686,644.052,161.532,10
-196.603,643.796,161.521,10
-196.520,643.540,161.510,10
-196.437,643.273,161.499,10
-196.354,643.017,161.488,10
-196.271,642.762,161.488,10
-196.188,642.506,161.477,10
-196.105,642.239,161.477,10
-196.022,641.994,161.466,10
-195.939,641.738,161.466,10
-195.856,641.482,161.455,10
-195.773,641.226,161.455,10
-195.690,640.970,161.455,10
-195.607,640.703,161.455,10
-195.524,640.448,161.455,10
-195.441,640.192,161.455,10
-195.358,639.936,161.444,10
-195.275,639.669,161.444,10
-195.193,639.413,161.433,10
-195.110,639.157,161.433,10
-195.027,638.901,161.444,10
-194.944,638.645,161.444,10
-194.861,638.389,161.433,10
-194.778,638.145,161.433,10
-194.704,637.889,161.433,10
-194.621,637.633,161.422,10
-194.538,637.377,161.422,10
-194.455,637.121,161.422,10
-194.363,636.854,161.422,10
-194.280,636.587,161.411,10
-194.197,636.331,161.411,10
-194.114,636.076,161.411,10
-194.031,635.820,161.422,10
-193.948,635.586,161.422,10
-193.865,635.330,161.411,10
-193.782,635.074,161.411,10
-193.699,634.829,161.411,10
-193.616,634.573,161.400,10
-193.533,634.307,161.400,10
-193.450,634.051,161.400,10
-193.367,633.795,161.400,10
-193.284,633.539,161.400,10
-193.201,633.283,161.400,10
-193.118,633.038,161.400,10
-193.035,632.782,161.400,10
-192.952,632.526,161.400,10
-192.869,632.271,161.400,10
-192.786,632.015,161.411,10
-192.703,631.770,161.400,10
-192.620,631.514,161.400,10
-192.537,631.258,161.400,10
-192.454,631.002,161.400,10
-192.371,630.746,161.400,10
-192.279,630.479,161.400,10
-192.196,630.223,161.400,10
-192.113,629.968,161.389,10
-192.030,629.712,161.389,10
-191.947,629.456,161.378,10
-191.883,629.222,161.389,10
-191.799,628.978,161.389,10
-191.716,628.722,161.400,10
-191.633,628.477,161.411,10
-191.550,628.221,161.400,10
-191.468,627.943,161.400,10
-191.385,627.687,161.400,10
-191.302,627.442,161.400,10
-191.219,627.186,161.400,10
-191.136,626.931,161.400,10
-191.052,626.697,161.400,10
-190.969,626.441,161.400,10
-190.896,626.185,161.400,10
-190.813,625.940,161.400,10
-190.730,625.684,161.411,10
-190.637,625.428,161.400,10
-190.554,625.184,161.400,10
-190.471,624.928,161.400,10
-190.398,624.672,161.400,10
-190.315,624.416,161.400,10
-190.232,624.171,161.411,10
-190.158,623.927,161.411,10
-190.075,623.671,161.422,10
-189.992,623.426,161.433,10
-189.909,623.170,161.444,10
-189.826,622.914,161.466,10
-189.753,622.658,161.477,10
-189.670,622.414,161.499,10
-189.587,622.158,161.521,10
-189.504,621.902,161.543,10
-189.421,621.657,161.565,10
-189.347,621.412,161.598,10
-189.264,621.168,161.620,10
-189.181,620.912,161.653,10
-189.098,620.667,161.686,10
-189.025,620.400,161.719,10
-188.942,620.155,161.752,10
-188.868,619.900,161.796,10
-188.785,619.644,161.818,10
-188.702,619.399,161.862,10
-188.628,619.154,161.895,10
-188.545,618.909,161.927,10
-188.472,618.654,161.960,10
-188.389,618.409,161.993,10
-188.315,618.153,162.026,10
-188.232,617.908,162.059,10
-188.159,617.653,162.092,10
-188.076,617.397,162.125,10
-188.002,617.152,162.158,10
-187.919,616.896,162.202,10
-187.846,616.651,162.235,10
-187.772,616.396,162.268,10
-187.689,616.151,162.301,10
-187.616,615.895,162.334,10
-187.542,615.650,162.367,10
-187.459,615.406,162.400,10
-187.386,615.161,162.433,10
-187.312,614.916,162.455,10
-187.229,614.660,162.477,10
-187.155,614.416,162.499,10
-187.092,614.149,162.532,10
-187.009,613.904,162.554,10
-186.935,613.648,162.576,10
-186.862,613.404,162.587,10
-186.788,613.159,162.609,10
-186.705,612.914,162.620,10
-186.631,612.669,162.631,10
-186.558,612.414,162.642,10
-186.484,612.169,162.664,10
-186.411,611.913,162.686,10
-186.328,611.668,162.708,10
-186.254,611.413,162.729,10
-186.181,611.168,162.751,10
-186.107,610.923,162.773,10
-186.034,610.667,162.806,10
-185.960,610.423,162.839,10
-185.887,610.178,162.861,10
-185.813,609.922,162.894,10
-185.740,609.678,162.927,10
-185.666,609.433,162.960,10
-185.592,609.188,162.993,10
-185.519,608.944,163.037,10
-185.445,608.688,163.070,10
-185.372,608.443,163.114,10
-185.298,608.187,163.147,10
-185.225,607.932,163.191,10
-185.152,607.676,163.235,10
-185.078,607.431,163.268,10
-185.004,607.186,163.312,10
-184.941,606.931,163.345,10
-184.876,606.708,163.389,10
-184.803,606.475,163.433,10
-184.739,606.230,163.477,10
-184.665,605.985,163.521,10
-184.591,605.741,163.564,10
-184.509,605.474,163.608,10
-184.435,605.207,163.652,10
-184.371,604.951,163.707,10
-184.298,604.707,163.762,10
-184.224,604.451,163.806,10
-184.170,604.229,163.861,10
-184.105,603.995,163.916,10
-184.032,603.750,163.971,10
-183.968,603.506,164.026,10
-183.894,603.261,164.081,10
-183.821,602.994,164.125,10
-183.757,602.750,164.158,10
-183.683,602.494,164.202,10
-183.619,602.249,164.235,10
-183.546,602.005,164.279,10
-183.491,601.771,164.312,10
-183.427,601.527,164.355,10
-183.363,601.282,164.388,10
-183.299,601.037,164.432,10
-183.226,600.782,164.465,10
-183.162,600.537,164.498,10
-183.098,600.292,164.542,10
-183.034,600.048,164.586,10
-182.970,599.792,164.619,10
-182.906,599.548,164.663,10
-182.842,599.314,164.707,10
-182.777,599.070,164.751,10
-182.713,598.825,164.795,10
-182.649,598.580,164.861,10
-182.585,598.336,164.927,10
-182.521,598.091,165.004,10
-182.457,597.847,165.092,10
-182.393,597.602,165.168,10
-182.329,597.346,165.267,10
-182.265,597.102,165.377,10
-182.201,596.857,165.487,10
-182.147,596.613,165.608,10
-182.083,596.368,165.740,10
-182.028,596.124,165.861,10
-181.964,595.879,165.992,10
-181.910,595.646,166.135,10
-181.855,595.401,166.289,10
-181.801,595.157,166.454,10
-181.746,594.912,166.619,10
-181.682,594.668,166.783,10
-181.628,594.412,166.948,10
-181.573,594.168,167.113,10
-181.519,593.923,167.278,10
-181.464,593.679,167.443,10
-181.419,593.423,167.618,10
-181.365,593.190,167.783,10
-181.320,592.945,167.959,10
-181.265,592.701,168.113,10
-181.220,592.457,168.278,10
-181.166,592.212,168.442,10
-181.121,591.957,168.618,10
-181.076,591.712,168.783,10
-181.031,591.468,168.959,10
-180.986,591.224,169.135,10
-180.941,590.979,169.299,10
-180.896,590.735,169.475,10
-180.851,590.490,169.640,10
-180.816,590.246,169.816,10
-180.771,590.002,169.991,10
-180.735,589.758,170.178,10
-180.690,589.513,170.354,10
-180.645,589.258,170.530,10
-180.610,589.013,170.695,10
-180.575,588.769,170.870,10
-180.539,588.525,171.046,10
-180.504,588.281,171.222,10
-180.468,588.036,171.409,10
-180.433,587.792,171.584,10
-180.397,587.548,171.771,10
-180.362,587.304,171.947,10
-180.336,587.059,172.123,10
-180.301,586.815,172.299,10
-180.265,586.571,172.474,10
-180.239,586.316,172.661,10
-180.213,586.071,172.837,10
-180.178,585.838,173.024,10
-180.152,585.583,173.199,10
-180.126,585.339,173.375,10
-180.100,585.095,173.551,10
-180.074,584.851,173.738,10
-180.049,584.595,173.914,10
-180.023,584.351,174.078,10
-180.006,584.107,174.243,10
-179.980,583.863,174.397,10
-179.964,583.619,174.551,10
-179.938,583.386,174.716,10
-179.922,583.142,174.858,10
-179.896,582.909,175.023,10
-179.879,582.665,175.177,10
-179.863,582.421,175.342,10
-179.847,582.154,175.507,10
-179.831,581.899,175.649,10
-179.814,581.644,175.792,10
-179.798,581.400,175.935,10
-179.782,581.156,176.067,10
-179.774,580.934,176.188,10
-179.758,580.701,176.309,10
-179.741,580.468,176.429,10
-179.735,580.224,176.539,10
-179.718,579.980,176.638,10
-179.702,579.714,176.737,10
-179.686,579.459,176.825,10
-179.679,579.215,176.902,10
-179.672,578.971,176.979,10
-179.656,578.727,177.056,10
-179.658,578.505,177.111,10
-179.642,578.261,177.177,10
-179.635,578.017,177.231,10
-179.628,577.784,177.264,10
-179.621,577.540,177.297,10
-179.605,577.296,177.308,10
-179.598,577.052,177.319,10
-179.591,576.808,177.308,10
-179.584,576.564,177.286,10
-179.577,576.320,177.264,10
-179.561,576.065,177.242,10
-179.554,575.821,177.220,10
-179.548,575.577,177.188,10
-179.531,575.333,177.155,10
-179.524,575.100,177.111,10
-179.517,574.868,177.078,10
-179.510,574.635,177.034,10
-179.494,574.391,176.979,10
-179.487,574.147,176.935,10
-179.480,573.914,176.880,10
-179.464,573.648,176.814,10
-179.457,573.415,176.737,10
-179.450,573.171,176.660,10
-179.434,572.927,176.561,10
-179.427,572.683,176.451,10
-179.420,572.439,176.331,10
-179.404,572.195,176.199,10
-179.397,571.962,176.067,10
-179.380,571.718,175.913,10
-179.364,571.474,175.759,10
-179.348,571.241,175.583,10
-179.341,570.997,175.419,10
-179.324,570.753,175.243,10
-179.308,570.509,175.067,10
-179.292,570.265,174.880,10
-179.275,570.021,174.694,10
-179.249,569.776,174.518,10
-179.233,569.532,174.342,10
-179.217,569.288,174.166,10
-179.191,569.055,174.012,10
-179.174,568.811,173.859,10
-179.148,568.578,173.716,10
-179.132,568.334,173.584,10
-179.106,568.090,173.452,10
-179.080,567.846,173.331,10
-179.054,567.602,173.210,10
-179.028,567.357,173.101,10
-179.002,567.113,173.002,10
-178.976,566.869,172.903,10
-178.950,566.625,172.804,10
-178.924,566.392,172.716,10
-178.898,566.148,172.617,10
-178.873,565.904,172.518,10
-178.837,565.659,172.408,10
-178.811,565.415,172.288,10
-178.776,565.171,172.167,10
-178.750,564.927,172.035,10
-178.714,564.694,171.892,10
-178.688,564.449,171.738,10
-178.653,564.205,171.595,10
-178.637,563.961,171.431,10
-178.601,563.717,171.277,10
-178.566,563.472,171.123,10
-178.530,563.228,170.958,10
-178.495,562.984,170.793,10
-178.469,562.762,170.629,10
-178.433,562.518,170.453,10
-178.398,562.285,170.277,10
-178.362,562.040,170.112,10
-178.317,561.796,169.937,10
-178.282,561.541,169.750,10
-178.247,561.296,169.563,10
-178.201,561.063,169.376,10
-178.156,560.819,169.200,10
-178.121,560.574,169.014,10
-178.085,560.341,168.838,10
-178.040,560.108,168.651,10
-177.995,559.863,168.464,10
-177.950,559.630,168.278,10
-177.896,559.386,168.091,10
-177.860,559.153,167.893,10
-177.815,558.908,167.706,10
-177.761,558.675,167.520,10
-177.716,558.441,167.333,10
-177.661,558.197,167.146,10
-177.626,557.964,166.959,10
-177.571,557.730,166.772,10
-177.516,557.486,166.586,10
-177.471,557.253,166.410,10
-177.417,557.019,166.212,10
-177.362,556.775,166.047,10
-177.308,556.530,165.872,10
-177.253,556.297,165.718,10
-177.198,556.064,165.575,10
-177.144,555.830,165.443,10
-177.089,555.597,165.322,10
-177.035,555.363,165.201,10
-176.980,555.130,165.092,10
-176.916,554.896,164.993,10
-176.852,554.663,164.916,10
-176.797,554.418,164.861,10
-176.733,554.185,164.795,10
-176.678,553.952,164.740,10
-176.614,553.707,164.685,10
-176.550,553.473,164.630,10
-176.505,553.240,164.575,10
-176.441,553.007,164.531,10
-176.386,552.773,164.487,10
-176.322,552.540,164.432,10
-176.258,552.306,164.388,10
-176.203,552.073,164.333,10
-176.139,551.839,164.279,10
-176.075,551.606,164.224,10
-176.011,551.372,164.169,10
-175.947,551.139,164.103,10
-175.892,550.894,164.048,10
-175.828,550.661,163.982,10
-175.764,550.427,163.916,10
-175.700,550.194,163.850,10
-175.636,549.960,163.784,10
-175.571,549.727,163.718,10
-175.507,549.493,163.652,10
-175.443,549.260,163.586,10
-175.379,549.026,163.531,10
-175.315,548.793,163.466,10
-175.260,548.571,163.400,10
-175.196,548.348,163.334,10
-175.132,548.115,163.268,10
-175.067,547.881,163.202,10
-174.994,547.648,163.136,10
-174.920,547.403,163.059,10
-174.856,547.158,162.993,10
-174.783,546.925,162.916,10
-174.718,546.691,162.850,10
-174.654,546.458,162.773,10
-174.590,546.235,162.708,10
-174.516,546.002,162.631,10
-174.452,545.768,162.565,10
-174.378,545.535,162.488,10
-174.314,545.301,162.422,10
-174.250,545.068,162.345,10
-174.176,544.834,162.268,10
-174.112,544.600,162.191,10
-174.038,544.378,162.125,10
-173.965,544.144,162.048,10
-173.901,543.911,161.971,10
-173.827,543.688,161.884,10
-173.753,543.455,161.807,10
-173.689,543.221,161.741,10
-173.615,542.988,161.664,10
-173.542,542.754,161.587,10
-173.468,542.532,161.521,10
-173.394,542.298,161.444,10
-173.320,542.064,161.378,10
-173.247,541.831,161.312,10
-173.182,541.608,161.268,10
-173.109,541.375,161.213,10
-173.035,541.141,161.180,10
-172.952,540.918,161.147,10
-172.878,540.685,161.115,10
-172.795,540.440,161.082,10
-172.721,540.206,161.049,10
-172.638,539.973,161.016,10
-172.564,539.739,160.994,10
-172.491,539.506,160.972,10
-172.417,539.294,160.950,10
-172.343,539.060,160.928,10
-172.269,538.838,160.906,10
-172.195,538.604,160.873,10
-172.112,538.371,160.851,10
-172.048,538.148,160.829,10
-171.965,537.915,160.807,10
-171.891,537.681,160.785,10
-171.808,537.447,160.774,10
-171.734,537.214,160.752,10
-171.660,536.991,160.730,10
-171.587,536.757,160.708,10
-171.503,536.535,160.686,10
-171.430,536.301,160.675,10
-171.346,536.068,160.653,10
-171.273,535.834,160.642,10
-171.199,535.611,160.620,10
-171.116,535.378,160.598,10
-171.042,535.144,160.576,10
-170.959,534.910,160.565,10
-170.894,534.688,160.554,10
-170.811,534.454,160.543,10
-170.737,534.232,160.521,10
-170.654,533.998,160.510,10
-170.581,533.764,160.488,10
-170.507,533.531,160.466,10
-170.424,533.297,160.444,10
-170.350,533.075,160.433,10
-170.267,532.841,160.422,10
-170.193,532.607,160.411,10
-170.110,532.374,160.400,10
-170.026,532.140,160.389,10
-169.953,531.917,160.367,10
-169.869,531.684,160.356,10
-169.796,531.450,160.345,10
-169.722,531.228,160.345,10
-169.639,530.994,160.334,10
-169.565,530.771,160.323,10
-169.482,530.538,160.312,10
-169.408,530.315,160.302,10
-169.325,530.070,160.302,10
-169.251,529.848,160.291,10
-169.168,529.614,160.280,10
-169.094,529.380,160.280,10
-169.011,529.158,160.280,10
-168.937,528.924,160.269,10
-168.854,528.702,160.258,10
-168.780,528.468,160.258,10
-168.697,528.234,160.247,10
-168.623,528.012,160.247,10
-168.540,527.778,160.236,10
-168.466,527.556,160.225,10
-168.383,527.322,160.214,10
-168.299,527.099,160.203,10
-168.226,526.866,160.192,10
-168.152,526.643,160.181,10
-168.069,526.409,160.170,10
-167.995,526.187,160.159,10
-167.912,525.953,160.148,10
-167.828,525.730,160.137,10
-167.764,525.508,160.137,10
-167.681,525.274,160.126,10
-167.607,525.052,160.104,10
-167.524,524.829,160.093,10
-167.450,524.596,160.082,10
-167.367,524.362,160.060,10
-167.283,524.139,160.038,10
-167.210,523.917,160.005,10
-167.126,523.683,159.961,10
-167.053,523.461,159.895,10
-166.979,523.238,159.840,10
-166.895,523.015,159.774,10
-166.812,522.782,159.697,10
-166.738,522.559,159.609,10
-166.655,522.337,159.500,10
-166.572,522.103,159.390,10
-166.488,521.880,159.258,10
-166.415,521.658,159.115,10
-166.331,521.435,158.972,10
-166.248,521.212,158.829,10
-166.165,520.990,158.665,10
-166.091,520.767,158.511,10
-165.998,520.545,158.335,10
-165.915,520.322,158.148,10
-165.831,520.099,157.950,10
-165.748,519.866,157.764,10
-165.665,519.643,157.577,10
-165.572,519.420,157.390,10
-165.488,519.209,157.203,10
-165.395,518.986,157.017,10
-165.312,518.774,156.830,10
-165.219,518.552,156.632,10
-165.136,518.329,156.445,10
-165.043,518.117,156.248,10
-164.950,517.895,156.061,10
-164.848,517.661,155.874,10
-164.755,517.449,155.687,10
-164.662,517.226,155.500,10
-164.569,517.004,155.314,10
-164.466,516.792,155.127,10
-164.383,516.580,154.951,10
-164.290,516.369,154.764,10
-164.187,516.146,154.578,10
-164.085,515.934,154.402,10
-163.992,515.711,154.215,10
-163.880,515.488,154.028,10
-163.787,515.277,153.842,10
-163.685,515.065,153.655,10
-163.582,514.853,153.468,10
-163.470,514.630,153.281,10
-163.377,514.419,153.094,10
-163.275,514.207,152.919,10
-163.163,513.995,152.721,10
-163.060,513.783,152.534,10
-162.948,513.571,152.347,10
-162.846,513.349,152.150,10
-162.733,513.137,151.963,10
-162.631,512.925,151.765,10
-162.519,512.713,151.578,10
-162.407,512.501,151.392,10
-162.295,512.289,151.194,10
-162.183,512.078,151.007,10
-162.071,511.866,150.820,10
-161.959,511.654,150.634,10
-161.846,511.453,150.436,10
-161.734,511.230,150.249,10
-161.613,511.018,150.062,10
-161.501,510.817,149.875,10
-161.379,510.605,149.678,10
-161.257,510.394,149.491,10
-161.145,510.182,149.304,10
-161.033,509.981,149.117,10
-160.912,509.769,148.931,10
-160.790,509.557,148.755,10
-160.668,509.356,148.579,10
-160.547,509.144,148.403,10
-160.425,508.932,148.228,10
-160.303,508.731,148.063,10
-160.172,508.530,147.898,10
-160.051,508.318,147.733,10
-159.929,508.117,147.579,10
-159.807,507.917,147.426,10
-159.676,507.716,147.283,10
-159.545,507.504,147.140,10
-159.423,507.303,147.008,10
-159.292,507.091,146.887,10
-159.170,506.890,146.777,10
-159.039,506.689,146.678,10
-158.908,506.488,146.569,10
-158.777,506.276,146.481,10
-158.655,506.075,146.382,10
-158.524,505.874,146.305,10
-158.392,505.673,146.228,10
-158.261,505.472,146.162,10
-158.130,505.271,146.096,10
-157.999,505.070,146.041,10
-157.867,504.869,145.986,10
-157.736,504.668,145.942,10
-157.605,504.467,145.909,10
-157.474,504.266,145.865,10
-157.352,504.065,145.844,10
-157.211,503.875,145.822,10
-157.080,503.674,145.800,10
-156.948,503.473,145.789,10
-156.817,503.272,145.767,10
-156.686,503.071,145.767,10
-156.555,502.870,145.756,10
-156.424,502.669,145.756,10
-156.292,502.468,145.756,10
-156.161,502.278,145.767,10
-156.030,502.077,145.778,10
-155.898,501.876,145.778,10
-155.767,501.686,145.800,10
-155.636,501.485,145.822,10
-155.505,501.284,145.854,10
-155.373,501.083,145.887,10
-155.242,500.882,145.942,10
-155.111,500.693,145.986,10
-154.979,500.492,146.052,10
-154.848,500.291,146.118,10
-154.726,500.090,146.206,10
-154.595,499.889,146.294,10
-154.473,499.699,146.393,10
-154.342,499.498,146.503,10
-154.211,499.297,146.613,10
-154.080,499.096,146.733,10
-153.948,498.895,146.854,10
-153.817,498.694,146.986,10
-153.695,498.493,147.129,10
-153.564,498.292,147.283,10
-153.442,498.091,147.448,10
-153.321,497.890,147.601,10
-153.189,497.689,147.755,10
-153.068,497.489,147.909,10
-152.946,497.288,148.052,10
-152.824,497.087,148.206,10
-152.703,496.875,148.359,10
-152.581,496.674,148.524,10
-152.459,496.473,148.689,10
-152.338,496.272,148.843,10
-152.216,496.071,149.008,10
-152.094,495.859,149.172,10
-151.973,495.658,149.326,10
-151.851,495.458,149.491,10
-151.739,495.246,149.656,10
-151.617,495.045,149.821,10
-151.505,494.844,149.985,10
-151.383,494.632,150.150,10
-151.271,494.431,150.315,10
-151.159,494.219,150.491,10
-151.037,494.008,150.667,10
-150.925,493.807,150.853,10
-150.813,493.595,151.029,10
-150.701,493.383,151.227,10
-150.589,493.171,151.414,10
-150.486,492.971,151.611,10
-150.374,492.759,151.820,10
-150.262,492.547,152.029,10
-150.160,492.335,152.249,10
-150.048,492.134,152.468,10
-149.936,491.911,152.688,10
-149.833,491.700,152.908,10
-149.721,491.488,153.138,10
-149.618,491.276,153.358,10
-149.516,491.064,153.589,10
-149.413,490.852,153.809,10
-149.320,490.641,154.028,10
-149.218,490.429,154.237,10
-149.115,490.206,154.468,10
-149.013,489.994,154.688,10
-148.910,489.783,154.896,10
-148.808,489.571,155.116,10
-148.715,489.348,155.336,10
-148.612,489.136,155.555,10
-148.520,488.914,155.775,10
-148.417,488.691,156.006,10
-148.324,488.479,156.226,10
-148.231,488.257,156.445,10
-148.138,488.034,156.665,10
-148.045,487.822,156.863,10
-147.962,487.611,157.072,10
-147.869,487.388,157.258,10
-147.776,487.176,157.456,10
-147.693,486.954,157.643,10
-147.600,486.731,157.830,10
-147.507,486.497,158.005,10
-147.414,486.274,158.192,10
-147.331,486.052,158.357,10
-147.248,485.829,158.533,10
-147.164,485.606,158.698,10
-147.081,485.373,158.862,10
-146.998,485.150,159.027,10
-146.914,484.928,159.192,10
-146.831,484.694,159.346,10
-146.748,484.471,159.489,10
-146.664,484.249,159.642,10
-146.591,484.015,159.807,10
-146.507,483.792,159.961,10
-146.424,483.559,160.115,10
-146.350,483.336,160.247,10
-146.267,483.091,160.378,10
-146.193,482.869,160.499,10
-146.110,482.635,160.631,10
-146.037,482.401,160.752,10
-145.953,482.168,160.873,10
-145.870,481.956,160.972,10
-145.796,481.723,161.071,10
-145.713,481.489,161.147,10
-145.639,481.266,161.235,10
-145.565,481.033,161.301,10
-145.492,480.788,161.389,10
-145.418,480.566,161.455,10
-145.344,480.332,161.532,10
-145.261,480.098,161.598,10
-145.187,479.865,161.653,10
-145.123,479.620,161.719,10
-145.050,479.386,161.774,10
-144.976,479.153,161.829,10
-144.902,478.919,161.895,10
-144.829,478.686,161.949,10
-144.745,478.452,162.015,10
-144.672,478.218,162.070,10
-144.598,477.985,162.125,10
-144.534,477.751,162.180,10
-144.460,477.507,162.235,10
-144.387,477.262,162.301,10
-144.313,477.028,162.356,10
-144.239,476.795,162.422,10
-144.166,476.550,162.477,10
-144.092,476.316,162.532,10
-144.018,476.083,162.587,10
-143.945,475.838,162.631,10
-143.871,475.604,162.686,10
-143.798,475.360,162.740,10
-143.733,475.126,162.806,10
-143.650,474.870,162.861,10
-143.586,474.637,162.905,10
-143.513,474.392,162.960,10
-143.439,474.148,162.993,10
-143.375,473.914,163.037,10
-143.301,473.680,163.081,10
-143.228,473.436,163.125,10
-143.164,473.191,163.169,10
-143.090,472.958,163.213,10
-143.026,472.713,163.246,10
-142.953,472.457,163.279,10
-142.888,472.224,163.323,10
-142.815,471.979,163.356,10
-142.751,471.734,163.378,10
-142.677,471.490,163.411,10
-142.613,471.256,163.433,10
-142.549,471.012,163.455,10
-142.475,470.778,163.477,10
-142.411,470.533,163.488,10
-142.338,470.289,163.488,10
-142.264,470.044,163.488,10
-142.200,469.799,163.477,10
-142.126,469.566,163.455,10
-142.062,469.321,163.433,10
-141.998,469.077,163.411,10
-141.934,468.843,163.378,10
-141.861,468.599,163.345,10
-141.797,468.354,163.312,10
-141.723,468.120,163.290,10
-141.659,467.876,163.246,10
-141.585,467.631,163.213,10
-141.512,467.386,163.169,10
-141.448,467.142,163.125,10
-141.374,466.897,163.092,10
-141.300,466.664,163.059,10
-141.236,466.430,163.026,10
-141.172,466.197,162.993,10
-141.099,465.952,162.949,10
-141.025,465.718,162.905,10
-140.961,465.474,162.861,10
-140.887,465.218,162.817,10
-140.814,464.973,162.773,10
-140.740,464.728,162.729,10
-140.667,464.495,162.686,10
-140.593,464.250,162.631,10
-140.529,464.017,162.587,10
-140.455,463.783,162.532,10
-140.382,463.538,162.488,10
-140.317,463.305,162.444,10
-140.244,463.060,162.400,10
-140.170,462.816,162.356,10
-140.097,462.571,162.312,10
-140.023,462.337,162.268,10
-139.949,462.093,162.224,10
-139.876,461.859,162.180,10
-139.812,461.625,162.147,10
-139.738,461.381,162.114,10
-139.664,461.147,162.081,10
-139.591,460.902,162.048,10
-139.517,460.669,162.015,10
-139.444,460.413,161.982,10
-139.370,460.179,161.960,10
-139.296,459.935,161.938,10
-139.223,459.701,161.927,10
-139.149,459.457,161.917,10
-139.066,459.234,161.906,10
-138.992,458.989,161.895,10
-138.919,458.756,161.884,10
-138.845,458.511,161.884,10
-138.771,458.277,161.873,10
-138.698,458.033,161.873,10
-138.624,457.799,161.873,10
-138.541,457.565,161.873,10
-138.467,457.321,161.873,10
-138.394,457.087,161.873,10
-138.320,456.842,161.873,10
-138.246,456.609,161.873,10
-138.173,456.364,161.884,10
-138.099,456.130,161.884,10
-138.025,455.897,161.884,10
-137.952,455.663,161.895,10
-137.878,455.430,161.895,10
-137.804,455.196,161.895,10
-137.731,454.962,161.906,10
-137.657,454.729,161.906,10
-137.583,454.484,161.917,10
-137.510,454.239,161.917,10
-137.436,454.006,161.917,10
-137.362,453.772,161.917,10
-137.289,453.539,161.927,10
-137.215,453.305,161.927,10
-137.141,453.071,161.938,10
-137.068,452.838,161.938,10
-136.994,452.604,161.949,10
-136.920,452.359,161.949,10
-136.847,452.126,161.949,10
-136.773,451.892,161.949,10
-136.699,451.659,161.949,10
-136.635,451.425,161.949,10
-136.562,451.180,161.938,10
-136.478,450.958,161.927,10
-136.414,450.724,161.906,10
-136.340,450.491,161.895,10
-136.267,450.257,161.873,10
-136.193,450.024,161.862,10
-136.119,449.779,161.851,10
-136.046,449.545,161.829,10
-135.972,449.312,161.807,10
-135.898,449.089,161.785,10
-135.825,448.856,161.763,10
-135.760,448.622,161.741,10
-135.687,448.388,161.730,10
-135.613,448.155,161.708,10
-135.539,447.921,161.686,10
-135.466,447.688,161.664,10
-135.382,447.465,161.631,10
-135.309,447.231,161.609,10
-135.235,446.998,161.587,10
-135.161,446.764,161.565,10
-135.087,446.542,161.554,10
-135.014,446.297,161.543,10
-134.940,446.074,161.521,10
-134.866,445.841,161.499,10
-134.793,445.607,161.477,10
-134.719,445.374,161.455,10
-134.636,445.140,161.433,10
-134.562,444.906,161.422,10
-134.488,444.673,161.400,10
-134.415,444.439,161.378,10
-134.341,444.217,161.356,10
-134.267,443.972,161.345,10
-134.193,443.749,161.334,10
-134.120,443.516,161.312,10
-134.046,443.282,161.290,10
-133.972,443.049,161.279,10
-133.889,442.815,161.257,10
-133.816,442.581,161.246,10
-133.742,442.348,161.224,10
-133.659,442.114,161.202,10
-133.585,441.880,161.180,10
-133.521,441.647,161.169,10
-133.438,441.413,161.147,10
-133.364,441.180,161.136,10
-133.290,440.946,161.125,10
-133.207,440.712,161.115,10
-133.133,440.479,161.104,10
-133.060,440.245,161.093,10
-132.986,440.011,161.093,10
-132.903,439.778,161.082,10
-132.829,439.544,161.082,10
-132.746,439.321,161.082,10
-132.672,439.088,161.071,10
-132.598,438.854,161.071,10
-132.515,438.621,161.071,10
-132.441,438.387,161.071,10
-132.368,438.142,161.071,10
-132.285,437.909,161.082,10
-132.211,437.675,161.082,10
-132.137,437.441,161.082,10
-132.054,437.208,161.093,10
-131.980,436.985,161.093,10
-131.906,436.752,161.104,10
-131.823,436.518,161.115,10
-131.749,436.284,161.125,10
-131.676,436.051,161.125,10
-131.593,435.806,161.136,10
-131.519,435.572,161.136,10
-131.445,435.339,161.147,10
-131.362,435.105,161.158,10
-131.288,434.871,161.158,10
-131.215,434.638,161.180,10
-131.131,434.404,161.191,10
-131.058,434.159,161.202,10
-130.984,433.926,161.213,10
-130.901,433.692,161.213,10
-130.827,433.458,161.224,10
-130.754,433.225,161.235,10
-130.670,432.991,161.246,10
-130.597,432.757,161.268,10
-130.523,432.524,161.290,10
-130.449,432.279,161.312,10
-130.366,432.045,161.334,10
-130.293,431.812,161.345,10
-130.219,431.578,161.367,10
-130.136,431.333,161.400,10
-130.062,431.100,161.422,10
-129.979,430.866,161.455,10
-129.905,430.633,161.477,10
-129.831,430.399,161.499,10
-129.758,430.154,161.532,10
-129.684,429.921,161.565,10
-129.611,429.676,161.598,10
-129.527,429.442,161.631,10
-129.454,429.209,161.664,10
-129.380,428.964,161.697,10
-129.306,428.730,161.719,10
-129.233,428.497,161.741,10
-129.150,428.252,161.763,10
-129.076,428.018,161.785,10
-129.002,427.785,161.807,10
-128.929,427.551,161.829,10
-128.846,427.306,161.840,10
-128.772,427.073,161.851,10
-128.698,426.839,161.862,10
-128.625,426.594,161.873,10
-128.551,426.350,161.895,10
-128.477,426.116,161.906,10
-128.404,425.871,161.927,10
-128.330,425.638,161.938,10
-128.256,425.393,161.949,10
-128.173,425.159,161.949,10
-128.100,424.926,161.960,10
-128.026,424.681,161.982,10
-127.952,424.448,162.004,10
-127.879,424.203,162.015,10
-127.805,423.958,162.026,10
-127.722,423.724,162.037,10
-127.648,423.480,162.048,10
-127.575,423.246,162.059,10
-127.501,423.001,162.070,10
-127.427,422.768,162.081,10
-127.354,422.534,162.103,10
-127.280,422.290,162.114,10
-127.206,422.056,162.125,10
-127.133,421.811,162.136,10
-127.059,421.556,162.136,10
-126.986,421.322,162.147,10
-126.912,421.077,162.147,10
-126.829,420.832,162.147,10
-126.755,420.599,162.147,10
-126.691,420.365,162.136,10
-126.618,420.121,162.136,10
-126.535,419.876,162.125,10
-126.461,419.642,162.125,10
-126.387,419.398,162.125,10
-126.314,419.153,162.114,10
-126.240,418.908,162.103,10
-126.167,418.663,162.092,10
-126.083,418.430,162.092,10
-126.010,418.185,162.081,10
-125.946,417.952,162.081,10
-125.872,417.718,162.081,10
-125.789,417.473,162.070,10
-125.715,417.229,162.059,10
-125.642,416.995,162.059,10
-125.559,416.728,162.048,10
-125.476,416.483,162.037,10
-125.402,416.238,162.037,10
-125.329,415.994,162.037,10
-125.255,415.760,162.026,10
-125.191,415.538,162.015,10
-125.117,415.293,162.015,10
-125.043,415.059,162.015,10
-124.970,414.815,162.015,10
-124.887,414.570,162.015,10
-124.804,414.303,162.015,10
-124.730,414.047,162.015,10
-124.647,413.802,162.015,10
-124.574,413.558,162.004,10
-124.500,413.313,161.993,10
-124.426,413.102,161.982,10
-124.352,412.868,161.971,10
-124.279,412.634,161.960,10
-124.205,412.390,161.971,10
-124.132,412.156,161.971,10
-124.049,411.889,161.971,10
-123.966,411.622,161.982,10
-123.892,411.378,161.993,10
-123.819,411.133,162.004,10
-123.736,410.888,162.026,10
-123.662,410.666,162.048,10
-123.588,410.432,162.070,10
-123.514,410.187,162.081,10
-123.431,409.942,162.103,10
-123.358,409.698,162.114,10
-123.284,409.442,162.136,10
-123.211,409.197,162.158,10
-123.137,408.953,162.180,10
-123.054,408.697,162.202,10
-122.981,408.452,162.224,10
-122.917,408.219,162.257,10
-122.843,407.974,162.279,10
-122.760,407.729,162.312,10
-122.686,407.484,162.334,10
-122.613,407.240,162.356,10
-122.539,406.995,162.378,10
-122.466,406.739,162.400,10
-122.383,406.494,162.422,10
-122.309,406.250,162.444,10
-122.235,406.005,162.466,10
-122.171,405.760,162.499,10
-122.098,405.516,162.521,10
-122.024,405.271,162.543,10
-121.951,405.026,162.554,10
-121.877,404.782,162.576,10
-121.804,404.537,162.587,10
-121.721,404.292,162.620,10
-121.647,404.048,162.642,10
-121.573,403.803,162.664,10
-121.500,403.558,162.686,10
-121.436,403.314,162.697,10
-121.362,403.069,162.708,10
-121.289,402.824,162.729,10
-121.215,402.580,162.751,10
-121.141,402.335,162.773,10
-121.068,402.090,162.795,10
-120.994,401.845,162.817,10
-120.921,401.601,162.839,10
-120.847,401.356,162.861,10
-120.774,401.111,162.894,10
-120.700,400.856,162.916,10
-120.627,400.611,162.949,10
-120.553,400.366,162.971,10
-120.479,400.122,162.993,10
-120.406,399.877,163.015,10
-120.342,399.632,163.048,10
-120.268,399.388,163.070,10
-120.195,399.143,163.092,10
-120.131,398.898,163.114,10
-120.057,398.654,163.136,10
-119.984,398.398,163.158,10
-119.910,398.153,163.169,10
-119.837,397.909,163.191,10
-119.763,397.653,163.213,10
-119.690,397.408,163.235,10
-119.626,397.163,163.246,10
-119.552,396.919,163.268,10
-119.478,396.674,163.268,10
-119.414,396.429,163.279,10
-119.341,396.174,163.290,10
-119.267,395.929,163.312,10
-119.194,395.684,163.334,10
-119.130,395.440,163.345,10
-119.056,395.184,163.356,10
-118.983,394.939,163.367,10
-118.919,394.695,163.378,10
-118.845,394.439,163.400,10
-118.772,394.194,163.411,10
-118.708,393.950,163.433,10
-118.634,393.694,163.455,10
-118.561,393.449,163.466,10
-118.497,393.205,163.488,10
-118.423,392.949,163.499,10
-118.350,392.704,163.499,10
-118.286,392.460,163.521,10
-118.212,392.215,163.531,10
-118.138,391.959,163.542,10
-118.074,391.715,163.564,10
-118.001,391.470,163.575,10
-117.927,391.214,163.597,10
-117.864,390.958,163.619,10
-117.790,390.714,163.630,10
-117.726,390.458,163.652,10
-117.652,390.213,163.663,10
-117.579,389.958,163.685,10
-117.515,389.724,163.707,10
-117.451,389.480,163.718,10
-117.377,389.235,163.740,10
-117.313,388.979,163.762,10
-117.240,388.734,163.784,10
-117.157,388.468,163.806,10
-117.093,388.223,163.828,10
-117.019,387.967,163.850,10
-116.956,387.712,163.872,10
-116.882,387.467,163.883,10
-116.818,387.222,163.916,10
-116.754,386.978,163.938,10
-116.680,386.722,163.949,10
-116.616,386.477,163.971,10
-116.543,386.233,163.982,10
-116.479,385.977,164.004,10
-116.405,385.721,164.026,10
-116.342,385.466,164.059,10
-116.268,385.221,164.081,10
-116.204,384.965,164.103,10
-116.131,384.709,164.125,10
-116.067,384.465,164.147,10
-115.993,384.209,164.169,10
-115.929,383.953,164.202,10
-115.856,383.709,164.235,10
-115.792,383.453,164.268,10
-115.718,383.197,164.290,10
-115.654,382.953,164.323,10
-115.590,382.697,164.355,10
-115.517,382.441,164.399,10
-115.453,382.197,164.443,10
-115.389,381.941,164.487,10
-115.316,381.685,164.531,10
-115.251,381.441,164.575,10
-115.188,381.185,164.619,10
-115.124,380.918,164.674,10
-115.050,380.673,164.729,10
-114.986,380.418,164.784,10
-114.922,380.162,164.850,10
-114.858,379.906,164.905,10
-114.785,379.651,164.960,10
-114.712,379.395,165.015,10
-114.648,379.139,165.070,10
-114.584,378.884,165.135,10
-114.520,378.628,165.190,10
-114.456,378.383,165.245,10
-114.392,378.128,165.300,10
-114.328,377.872,165.355,10
-114.264,377.616,165.410,10
-114.200,377.361,165.454,10
-114.146,377.094,165.520,10
-114.082,376.838,165.575,10
-114.018,376.583,165.630,10
-113.954,376.327,165.685,10
-113.890,376.071,165.729,10
-113.826,375.816,165.773,10
-113.762,375.560,165.828,10
-113.698,375.304,165.883,10
-113.635,375.049,165.927,10
-113.571,374.793,165.981,10
-113.516,374.526,166.036,10
-113.462,374.271,166.091,10
-113.398,374.015,166.135,10
-113.334,373.760,166.179,10
-113.280,373.504,166.234,10
-113.216,373.237,166.278,10
-113.152,372.982,166.322,10
-113.098,372.726,166.366,10
-113.034,372.470,166.410,10
-112.979,372.215,166.454,10
-112.916,371.948,166.498,10
-112.852,371.692,166.542,10
-112.797,371.426,166.586,10
-112.743,371.170,166.619,10
-112.679,370.903,166.652,10
-112.625,370.648,166.685,10
-112.570,370.392,166.718,10
-112.507,370.125,166.740,10
-112.452,369.870,166.750,10
-112.398,369.614,166.772,10
-112.325,369.348,166.772,10
-112.270,369.092,166.783,10
-112.216,368.825,166.794,10
-112.152,368.570,166.805,10
-112.098,368.303,166.816,10
-112.044,368.036,166.827,10
-111.980,367.781,166.827,10
-111.925,367.514,166.827,10
-111.871,367.258,166.838,10
-111.807,366.992,166.838,10
-111.753,366.736,166.849,10
-111.698,366.481,166.849,10
-111.635,366.214,166.849,10
-111.580,365.958,166.849,10
-111.526,365.692,166.838,10
-111.462,365.436,166.838,10
-111.398,365.169,166.827,10
-111.344,364.914,166.827,10
-111.290,364.647,166.827,10
-111.226,364.391,166.827,10
-111.171,364.125,166.816,10
-111.108,363.869,166.805,10
-111.053,363.613,166.794,10
-110.999,363.347,166.783,10
-110.935,363.091,166.772,10
-110.871,362.824,166.772,10
-110.817,362.558,166.761,10
-110.763,362.302,166.761,10
-110.699,362.035,166.750,10
-110.644,361.780,166.740,10
-110.590,361.513,166.740,10
-110.536,361.258,166.729,10
-110.472,361.002,166.729,10
-110.418,360.735,166.729,10
-110.363,360.480,166.729,10
-110.309,360.213,166.718,10
-110.245,359.946,166.718,10
-110.191,359.691,166.718,10
-110.127,359.424,166.707,10
-110.073,359.169,166.707,10
-110.009,358.902,166.707,10
-109.954,358.646,166.707,10
-109.900,358.380,166.707,10
-109.836,358.124,166.707,10
-109.782,357.857,166.707,10
-109.718,357.602,166.707,10
-109.654,357.335,166.707,10
-109.600,357.079,166.707,10
-109.536,356.813,166.707,10
-109.482,356.557,166.718,10
-109.427,356.301,166.740,10
-109.364,356.035,166.750,10
-109.309,355.779,166.750,10
-109.245,355.523,166.761,10
-109.191,355.257,166.772,10
-109.137,354.990,166.783,10
-109.073,354.723,166.805,10
-109.019,354.468,166.827,10
-108.955,354.201,166.838,10
-108.900,353.946,166.860,10
-108.846,353.690,166.871,10
-108.792,353.434,166.893,10
-108.737,353.179,166.904,10
-108.673,352.923,166.915,10
-108.619,352.657,166.937,10
-108.555,352.390,166.948,10
-108.501,352.123,166.970,10
-108.437,351.867,166.981,10
-108.383,351.601,166.992,10
-108.328,351.345,167.003,10
-108.274,351.090,167.025,10
-108.210,350.834,167.036,10
-108.156,350.578,167.047,10
-108.101,350.323,167.069,10
-108.047,350.067,167.080,10
-107.993,349.801,167.091,10
-107.938,349.534,167.102,10
-107.875,349.278,167.113,10
-107.820,349.023,167.124,10
-107.766,348.756,167.135,10
-107.702,348.501,167.146,10
-107.648,348.245,167.157,10
-107.593,347.989,167.168,10
-107.539,347.723,167.179,10
-107.485,347.467,167.179,10
-107.430,347.212,167.190,10
-107.366,346.956,167.190,10
-107.312,346.700,167.190,10
-107.258,346.445,167.201,10
-107.203,346.189,167.201,10
-107.139,345.923,167.212,10
-107.085,345.656,167.212,10
-107.031,345.400,167.223,10
-106.976,345.145,167.212,10
-106.912,344.889,167.212,10
-106.858,344.645,167.212,10
-106.804,344.378,167.212,10
-106.749,344.122,167.212,10
-106.695,343.867,167.212,10
-106.640,343.611,167.201,10
-106.577,343.333,167.190,10
-106.522,343.078,167.190,10
-106.468,342.822,167.179,10
-106.414,342.567,167.168,10
-106.359,342.311,167.168,10
-106.295,342.056,167.168,10
-106.241,341.800,167.168,10
-106.187,341.544,167.168,10
-106.132,341.289,167.157,10
-106.078,341.033,167.157,10
-106.024,340.767,167.146,10
-105.960,340.511,167.146,10
-105.905,340.255,167.146,10
-105.851,340.000,167.135,10
-105.797,339.744,167.135,10
-105.733,339.489,167.135,10
-105.678,339.233,167.124,10
-105.624,338.977,167.124,10
-105.569,338.722,167.113,10
-105.515,338.466,167.113,10
-105.451,338.211,167.113,10
-105.397,337.955,167.102,10
-105.342,337.700,167.102,10
-105.288,337.444,167.102,10
-105.234,337.188,167.102,10
-105.170,336.944,167.102,10
-105.115,336.688,167.091,10
-105.061,336.433,167.091,10
-105.006,336.177,167.080,10
-104.952,335.933,167.069,10
-104.898,335.666,167.069,10
-104.843,335.410,167.080,10
-104.789,335.155,167.080,10
-104.725,334.910,167.080,10
-104.671,334.655,167.080,10
-104.607,334.399,167.080,10
-104.552,334.155,167.080,10
-104.498,333.899,167.091,10
-104.443,333.644,167.102,10
-104.389,333.388,167.113,10
-104.335,333.132,167.113,10
-104.280,332.877,167.124,10
-104.216,332.621,167.124,10
-104.162,332.377,167.135,10
-104.107,332.121,167.135,10
-104.053,331.877,167.146,10
-103.998,331.632,167.157,10
-103.944,331.377,167.157,10
-103.889,331.132,167.168,10
-103.835,330.877,167.168,10
-103.771,330.610,167.168,10
-103.717,330.354,167.179,10
-103.662,330.110,167.179,10
-103.608,329.854,167.190,10
-103.554,329.599,167.212,10
-103.499,329.365,167.223,10
-103.445,329.110,167.245,10
-103.390,328.865,167.267,10
-103.336,328.610,167.300,10
-103.281,328.365,167.333,10
-103.217,328.098,167.366,10
-103.163,327.854,167.388,10
-103.109,327.598,167.421,10
-103.054,327.343,167.443,10
-103.000,327.098,167.476,10
-102.945,326.843,167.509,10
-102.891,326.598,167.542,10
-102.846,326.343,167.574,10
-102.792,326.087,167.607,10
-102.737,325.843,167.629,10
-102.683,325.587,167.662,10
-102.628,325.332,167.695,10
-102.574,325.087,167.717,10
-102.519,324.832,167.750,10
-102.475,324.576,167.783,10
-102.420,324.332,167.816,10
-102.366,324.087,167.838,10
-102.321,323.832,167.860,10
-102.266,323.576,167.893,10
-102.212,323.332,167.926,10
-102.158,323.054,167.948,10
-102.103,322.798,167.970,10
-102.049,322.554,167.992,10
-102.004,322.299,168.003,10
-101.950,322.043,168.025,10
-101.904,321.810,168.036,10
-101.859,321.565,168.058,10
-101.805,321.321,168.080,10
-101.751,321.065,168.113,10
-101.706,320.810,168.135,10
-101.642,320.554,168.146,10
-101.597,320.277,168.157,10
-101.543,320.021,168.168,10
-101.488,319.765,168.168,10
-101.443,319.521,168.179,10
-101.398,319.288,168.179,10
-101.344,319.032,168.190,10
-101.299,318.788,168.190,10
-101.245,318.532,168.201,10
-101.200,318.277,168.201,10
-101.136,317.999,168.190,10
-101.082,317.743,168.190,10
-101.037,317.488,168.168,10
-100.983,317.232,168.157,10
-100.928,316.977,168.146,10
-100.883,316.744,168.146,10
-100.838,316.499,168.135,10
-100.784,316.244,168.135,10
-100.729,315.999,168.113,10
-100.684,315.744,168.102,10
-100.630,315.466,168.091,10
-100.576,315.210,168.069,10
-100.521,314.955,168.058,10
-100.477,314.699,168.058,10
-100.422,314.444,168.047,10
-100.368,314.199,168.036,10
-100.313,313.944,168.025,10
-100.259,313.688,168.003,10
-100.214,313.433,167.981,10
-100.160,313.177,167.970,10
-100.105,312.922,167.970,10
-100.051,312.666,167.959,10
-99.997,312.410,167.948,10
-99.942,312.155,167.948,10
-99.897,311.899,167.937,10
-99.843,311.644,167.926,10
-99.789,311.388,167.915,10
-99.734,311.133,167.915,10
-99.689,310.877,167.904,10
-99.635,310.622,167.904,10
-99.581,310.366,167.882,10
-99.526,310.111,167.882,10
-99.472,309.855,167.871,10
-99.417,309.600,167.871,10
-99.373,309.344,167.860,10
-99.309,309.077,167.849,10
-99.254,308.822,167.849,10
-99.200,308.566,167.838,10
-99.146,308.311,167.827,10
-99.101,308.044,167.816,10
-99.046,307.800,167.805,10
-98.992,307.544,167.794,10
-98.947,307.289,167.783,10
-98.893,307.033,167.783,10
-98.838,306.777,167.772,10
-98.775,306.511,167.750,10
-98.720,306.255,167.739,10
-98.666,306.000,167.728,10
-98.621,305.744,167.717,10
-98.567,305.489,167.706,10
-98.503,305.233,167.695,10
-98.448,304.977,167.684,10
-98.394,304.722,167.673,10
-98.339,304.466,167.662,10
-98.285,304.211,167.651,10
-98.240,303.944,167.651,10
-98.186,303.689,167.629,10
-98.132,303.433,167.618,10
-98.077,303.177,167.607,10
-98.023,302.922,167.585,10
-97.968,302.666,167.574,10
-97.914,302.411,167.563,10
-97.860,302.155,167.552,10
-97.805,301.900,167.542,10
-97.751,301.644,167.531,10
-97.697,301.388,167.520,10
-97.642,301.133,167.509,10
-97.588,300.866,167.498,10
-97.534,300.611,167.487,10
-97.479,300.355,167.476,10
-97.425,300.111,167.465,10
-97.370,299.855,167.443,10
-97.316,299.600,167.432,10
-97.261,299.344,167.421,10
-97.207,299.088,167.410,10
-97.143,298.822,167.410,10
-97.089,298.566,167.399,10
-97.035,298.311,167.388,10
-96.980,298.055,167.366,10
-96.926,297.799,167.355,10
-96.871,297.544,167.355,10
-96.817,297.288,167.344,10
-96.763,297.033,167.333,10
-96.708,296.777,167.322,10
-96.654,296.522,167.311,10
-96.590,296.266,167.300,10
-96.536,296.010,167.289,10
-96.481,295.755,167.267,10
-96.427,295.499,167.267,10
-96.372,295.244,167.245,10
-96.318,294.988,167.234,10
-96.264,294.733,167.212,10
-96.209,294.477,167.201,10
-96.145,294.221,167.179,10
-96.091,293.966,167.168,10
-96.037,293.710,167.157,10
-95.982,293.455,167.135,10
-95.928,293.199,167.124,10
-95.873,292.944,167.102,10
-95.810,292.688,167.080,10
-95.755,292.421,167.069,10
-95.701,292.166,167.058,10
-95.646,291.910,167.036,10
-95.592,291.655,167.025,10
-95.538,291.399,167.003,10
-95.483,291.132,166.992,10
-95.429,290.877,166.970,10
-95.375,290.621,166.959,10
-95.320,290.366,166.948,10
-95.256,290.110,166.937,10
-95.192,289.854,166.926,10
-95.138,289.599,166.915,10
-95.084,289.343,166.893,10
-95.020,289.088,166.882,10
-94.965,288.832,166.871,10
-94.902,288.565,166.860,10
-94.847,288.310,166.849,10
-94.793,288.054,166.827,10
-94.729,287.798,166.816,10
-94.675,287.543,166.805,10
-94.620,287.287,166.783,10
-94.566,287.032,166.772,10
-94.511,286.776,166.761,10
-94.447,286.521,166.750,10
-94.393,286.265,166.729,10
-94.329,285.998,166.718,10
-94.275,285.743,166.696,10
-94.221,285.487,166.685,10
-94.157,285.231,166.674,10
-94.102,284.976,166.663,10
-94.038,284.720,166.652,10
-93.984,284.465,166.641,10
-93.930,284.209,166.619,10
-93.866,283.953,166.597,10
-93.811,283.687,166.586,10
-93.747,283.442,166.575,10
-93.693,283.187,166.564,10
-93.629,282.931,166.553,10
-93.575,282.675,166.542,10
-93.520,282.420,166.531,10
-93.447,282.153,166.509,10
-93.393,281.897,166.498,10
-93.329,281.642,166.487,10
-93.274,281.386,166.476,10
-93.210,281.131,166.465,10
-93.156,280.864,166.454,10
-93.092,280.597,166.443,10
-93.038,280.342,166.432,10
-92.974,280.086,166.421,10
-92.920,279.830,166.410,10
-92.856,279.575,166.399,10
-92.792,279.319,166.399,10
-92.728,279.063,166.399,10
-92.674,278.808,166.399,10
-92.610,278.552,166.388,10
-92.546,278.285,166.399,10
-92.492,278.019,166.399,10
-92.428,277.763,166.399,10
-92.373,277.507,166.410,10
-92.309,277.241,166.421,10
-92.246,276.985,166.432,10
-92.191,276.718,166.454,10
-92.127,276.463,166.476,10
-92.063,276.207,166.498,10
-92.009,275.940,166.531,10
-91.945,275.685,166.553,10
-91.891,275.429,166.586,10
-91.827,275.174,166.608,10
-91.773,274.907,166.641,10
-91.709,274.651,166.663,10
-91.645,274.384,166.696,10
-91.591,274.129,166.718,10
-91.527,273.862,166.740,10
-91.472,273.607,166.761,10
-91.409,273.340,166.783,10
-91.345,273.084,166.816,10
-91.290,272.829,166.838,10
-91.227,272.562,166.860,10
-91.172,272.306,166.882,10
-91.118,272.040,166.904,10
-91.054,271.773,166.915,10
-91.000,271.506,166.937,10
-90.936,271.251,166.959,10
-90.882,270.984,166.970,10
-90.818,270.728,166.981,10
-90.763,270.473,166.992,10
-90.709,270.206,166.992,10
-90.645,269.950,166.992,10
-90.591,269.684,166.992,10
-90.527,269.428,166.992,10
-90.463,269.150,166.992,10
-90.409,268.884,166.981,10
-90.345,268.628,166.981,10
-90.291,268.361,166.970,10
-90.237,268.095,166.959,10
-90.173,267.850,166.959,10
-90.118,267.583,166.948,10
-90.064,267.328,166.937,10
-90.000,267.061,166.926,10
-89.946,266.806,166.904,10
-89.882,266.517,166.893,10
-89.828,266.261,166.882,10
-89.764,265.994,166.860,10
-89.710,265.728,166.849,10
-89.646,265.472,166.827,10
-89.582,265.216,166.816,10
-89.528,264.961,166.794,10
-89.464,264.694,166.794,10
-89.409,264.438,166.783,10
-89.346,264.172,166.783,10
-89.282,263.894,166.783,10
-89.218,263.638,166.772,10
-89.164,263.372,166.772,10
-89.100,263.105,166.772,10
-89.046,262.849,166.772,10
-88.982,262.594,166.783,10
-88.927,262.327,166.783,10
-88.863,262.071,166.794,10
-88.809,261.805,166.794,10
-88.745,261.549,166.794,10
-88.691,261.271,166.805,10
-88.627,261.005,166.805,10
-88.573,260.749,166.816,10
-88.509,260.482,166.816,10
-88.455,260.216,166.827,10
-88.400,259.971,166.827,10
-88.346,259.704,166.838,10
-88.282,259.449,166.838,10
-88.228,259.182,166.838,10
-88.164,258.926,166.849,10
-88.100,258.649,166.849,10
-88.046,258.393,166.838,10
-87.982,258.126,166.838,10
-87.928,257.860,166.838,10
-87.864,257.604,166.838,10
-87.810,257.337,166.838,10
-87.746,257.082,166.838,10
-87.692,256.815,166.827,10
-87.628,256.548,166.816,10
-87.573,256.293,166.805,10
-87.519,256.026,166.805,10
-87.455,255.759,166.794,10
-87.401,255.504,166.783,10
-87.337,255.237,166.772,10
-87.283,254.970,166.750,10
-87.219,254.704,166.729,10
-87.155,254.448,166.718,10
-87.101,254.181,166.707,10
-87.037,253.915,166.696,10
-86.983,253.659,166.685,10
-86.919,253.392,166.663,10
-86.865,253.126,166.652,10
-86.801,252.870,166.630,10
-86.747,252.603,166.619,10
-86.683,252.348,166.608,10
-86.619,252.081,166.597,10
-86.565,251.814,166.575,10
-86.501,251.547,166.564,10
-86.446,251.292,166.542,10
-86.383,251.025,166.520,10
-86.319,250.758,166.498,10
-86.264,250.503,166.487,10
-86.201,250.236,166.465,10
-86.146,249.981,166.443,10
-86.082,249.714,166.410,10
-86.028,249.447,166.388,10
-85.964,249.191,166.355,10
-85.910,248.936,166.333,10
-85.846,248.669,166.311,10
-85.792,248.414,166.278,10
-85.718,248.147,166.256,10
-85.655,247.880,166.223,10
-85.600,247.624,166.190,10
-85.536,247.358,166.157,10
-85.473,247.102,166.135,10
-85.409,246.846,166.102,10
-85.354,246.591,166.069,10
-85.290,246.335,166.036,10
-85.227,246.068,166.014,10
-85.163,245.813,165.981,10
-85.108,245.546,165.948,10
-85.045,245.279,165.916,10
-84.981,245.024,165.883,10
-84.917,244.768,165.850,10
-84.862,244.501,165.817,10
-84.798,244.257,165.784,10
-84.735,244.001,165.751,10
-84.671,243.745,165.729,10
-84.607,243.490,165.707,10
-84.543,243.234,165.685,10
-84.488,242.979,165.663,10
-84.424,242.723,165.630,10
-84.360,242.478,165.608,10
-84.296,242.223,165.575,10
-84.233,241.967,165.553,10
-84.159,241.689,165.520,10
-84.095,241.433,165.498,10
-84.031,241.189,165.465,10
-83.968,240.933,165.443,10
-83.913,240.678,165.410,10
-83.849,240.433,165.388,10
-83.785,240.177,165.366,10
-83.721,239.933,165.344,10
-83.657,239.677,165.311,10
-83.593,239.432,165.289,10
-83.529,239.166,165.267,10
-83.465,238.921,165.234,10
-83.411,238.666,165.212,10
-83.347,238.410,165.190,10
-83.283,238.165,165.168,10
-83.210,237.910,165.135,10
-83.146,237.665,165.114,10
-83.082,237.409,165.092,10
-83.018,237.165,165.070,10
-82.954,236.909,165.048,10
-82.890,236.653,165.026,10
-82.826,236.409,165.015,10
-82.762,236.164,164.993,10
-82.698,235.909,164.993,10
-82.634,235.664,164.982,10
-82.570,235.408,164.971,10
-82.506,235.164,164.971,10
-82.442,234.919,164.982,10
-82.378,234.675,164.982,10
-82.314,234.419,164.982,10
-82.250,234.174,164.982,10
-82.186,233.930,164.993,10
-82.122,233.674,164.993,10
-82.058,233.429,165.004,10
-81.994,233.185,165.015,10
-81.930,232.940,165.015,10
-81.866,232.696,165.015,10
-81.802,232.440,165.026,10
-81.738,232.195,165.026,10
-81.674,231.951,165.026,10
-81.619,231.706,165.037,10
-81.555,231.462,165.048,10
-81.491,231.217,165.048,10
-81.427,230.973,165.059,10
-81.363,230.739,165.070,10
-81.299,230.483,165.081,10
-81.235,230.239,165.092,10
-81.171,229.994,165.103,10
-81.116,229.761,165.125,10
-81.052,229.516,165.125,10
-80.988,229.272,165.135,10
-80.924,229.027,165.146,10
-80.870,228.783,165.157,10
-80.805,228.549,165.157,10
-80.741,228.305,165.168,10
-80.677,228.060,165.179,10
-80.623,227.816,165.190,10
-80.559,227.571,165.190,10
-80.495,227.326,165.190,10
-80.431,227.093,165.201,10
-80.376,226.848,165.201,10
-80.312,226.604,165.201,10
-80.248,226.359,165.212,10
-80.193,226.126,165.212,10
-80.129,225.881,165.201,10
-80.075,225.648,165.201,10
-80.011,225.403,165.201,10
-79.947,225.170,165.201,10
-79.892,224.925,165.212,10
-79.828,224.681,165.212,10
-79.764,224.447,165.212,10
-79.709,224.203,165.212,10
-79.645,223.969,165.212,10
-79.591,223.725,165.212,10
-79.526,223.491,165.212,10
-79.462,223.247,165.212,10
-79.398,223.002,165.212,10
-79.344,222.769,165.212,10
-79.280,222.535,165.201,10
-79.225,222.291,165.201,10
-79.161,222.046,165.190,10
-79.097,221.813,165.190,10
-79.033,221.568,165.201,10
-78.978,221.335,165.201,10
-78.914,221.090,165.201,10
-78.850,220.857,165.201,10
-78.795,220.623,165.201,10
-78.731,220.390,165.201,10
-78.677,220.145,165.212,10
-78.613,219.912,165.212,10
-78.549,219.667,165.223,10
-78.494,219.423,165.223,10
-78.430,219.189,165.234,10
-78.366,218.945,165.234,10
-78.311,218.711,165.245,10
-78.257,218.478,165.256,10
-78.192,218.244,165.267,10
-78.138,218.011,165.278,10
-78.074,217.766,165.289,10
-78.019,217.533,165.300,10
-77.955,217.288,165.300,10
-77.891,217.055,165.322,10
-77.836,216.821,165.333,10
-77.772,216.588,165.355,10
-77.718,216.344,165.388,10
-77.653,216.110,165.421,10
-77.599,215.866,165.443,10
-77.544,215.632,165.476,10
-77.480,215.399,165.509,10
-77.426,215.165,165.542,10
-77.361,214.932,165.586,10
-77.307,214.687,165.619,10
-77.252,214.454,165.663,10
-77.188,214.220,165.707,10
-77.133,213.987,165.751,10
-77.079,213.754,165.795,10
-77.024,213.520,165.839,10
-76.960,213.276,165.883,10
-76.906,213.042,165.927,10
-76.851,212.809,165.970,10
-76.787,212.575,166.014,10
-76.732,212.342,166.069,10
-76.678,212.097,166.113,10
-76.623,211.864,166.168,10
-76.568,211.631,166.212,10
-76.514,211.397,166.267,10
-76.459,211.164,166.322,10
-76.404,210.930,166.388,10
-76.350,210.697,166.443,10
-76.295,210.464,166.498,10
-76.241,210.230,166.553,10
-76.186,209.997,166.608,10
-76.131,209.764,166.663,10
-76.077,209.530,166.718,10
-76.032,209.297,166.783,10
-75.967,209.063,166.838,10
-75.913,208.830,166.893,10
-75.868,208.597,166.948,10
-75.813,208.363,167.003,10
-75.758,208.130,167.058,10
-75.713,207.897,167.113,10
-75.659,207.663,167.179,10
-75.614,207.430,167.245,10
-75.559,207.197,167.300,10
-75.514,206.963,167.355,10
-75.459,206.730,167.410,10
-75.405,206.496,167.465,10
-75.360,206.263,167.520,10
-75.305,206.030,167.574,10
-75.260,205.796,167.640,10
-75.215,205.563,167.695,10
-75.160,205.341,167.750,10
-75.115,205.108,167.794,10
-75.070,204.874,167.849,10
-75.025,204.641,167.893,10
-74.961,204.396,167.948,10
-74.916,204.163,168.003,10
-74.870,203.930,168.047,10
-74.825,203.697,168.102,10
-74.780,203.463,168.157,10
-74.735,203.241,168.212,10
-74.680,203.008,168.267,10
-74.635,202.774,168.311,10
-74.590,202.552,168.365,10
-74.545,202.319,168.398,10
-74.500,202.075,168.442,10
-74.455,201.841,168.475,10
-74.410,201.608,168.508,10
-74.365,201.375,168.541,10
-74.320,201.141,168.574,10
-74.274,200.919,168.596,10
-74.229,200.686,168.618,10
-74.184,200.464,168.629,10
-74.139,200.230,168.651,10
-74.103,199.997,168.662,10
-74.058,199.764,168.662,10
-74.013,199.531,168.673,10
-73.968,199.297,168.684,10
-73.923,199.064,168.695,10
-73.878,198.842,168.706,10
-73.833,198.609,168.717,10
-73.788,198.375,168.717,10
-73.742,198.153,168.717,10
-73.697,197.920,168.728,10
-73.652,197.686,168.739,10
-73.607,197.453,168.750,10
-73.572,197.220,168.761,10
-73.527,196.987,168.783,10
-73.481,196.765,168.816,10
-73.436,196.531,168.838,10
-73.401,196.309,168.871,10
-73.355,196.076,168.904,10
-73.310,195.854,168.948,10
-73.275,195.620,168.992,10
-73.230,195.387,169.036,10
-73.184,195.154,169.091,10
-73.139,194.932,169.135,10
-73.104,194.698,169.178,10
-73.058,194.476,169.222,10
-73.023,194.243,169.266,10
-72.968,194.010,169.310,10
-72.933,193.788,169.354,10
-72.887,193.554,169.409,10
-72.852,193.332,169.453,10
-72.807,193.099,169.497,10
-72.771,192.866,169.552,10
-72.735,192.644,169.596,10
-72.690,192.410,169.640,10
-72.655,192.188,169.695,10
-72.619,191.966,169.739,10
-72.574,191.733,169.783,10
-72.538,191.500,169.827,10
-72.493,191.277,169.882,10
-72.457,191.055,169.926,10
-72.422,190.822,169.980,10
-72.377,190.600,170.035,10
-72.341,190.378,170.090,10
-72.305,190.156,170.145,10
-72.270,189.923,170.200,10
-72.234,189.701,170.244,10
-72.198,189.467,170.299,10
-72.153,189.245,170.354,10
-72.118,189.023,170.409,10
-72.082,188.801,170.464,10
-72.046,188.579,170.530,10
-72.010,188.357,170.596,10
-71.975,188.135,170.651,10
-71.939,187.913,170.706,10
-71.903,187.690,170.771,10
-71.877,187.468,170.826,10
-71.842,187.235,170.892,10
-71.806,187.013,170.958,10
-71.770,186.802,171.024,10
-71.744,186.580,171.101,10
-71.708,186.358,171.167,10
-71.673,186.136,171.244,10
-71.637,185.925,171.299,10
-71.611,185.703,171.365,10
-71.575,185.481,171.442,10
-71.549,185.270,171.508,10
-71.513,185.037,171.584,10
-71.487,184.815,171.661,10
-71.461,184.604,171.727,10
-71.425,184.382,171.804,10
-71.399,184.171,171.870,10
-71.373,183.949,171.925,10
-71.337,183.738,171.991,10
-71.311,183.527,172.057,10
-71.284,183.305,172.134,10
-71.258,183.094,172.200,10
-71.232,182.872,172.266,10
-71.206,182.661,172.332,10
-71.170,182.450,172.386,10
-71.144,182.228,172.452,10
-71.117,182.017,172.518,10
-71.101,181.806,172.584,10
-71.074,181.595,172.650,10
-71.048,181.385,172.727,10
-71.022,181.174,172.793,10
-70.996,180.963,172.859,10
-70.969,180.741,172.925,10
-70.953,180.530,173.013,10
-70.926,180.319,173.101,10
-70.900,180.108,173.188,10
-70.883,179.897,173.287,10
-70.857,179.686,173.397,10
-70.831,179.475,173.507,10
-70.805,179.265,173.606,10
-70.788,179.054,173.716,10
-70.771,178.843,173.826,10
-70.745,178.643,173.936,10
-70.728,178.432,174.045,10
-70.711,178.222,174.166,10
-70.685,178.011,174.276,10
-70.668,177.811,174.397,10
-70.642,177.589,174.507,10
-70.625,177.378,174.617,10
-70.608,177.178,174.716,10
-70.592,176.968,174.825,10
-70.575,176.757,174.935,10
-70.558,176.557,175.045,10
-70.542,176.258,175.221,10
-70.525,176.047,175.331,10
-70.509,175.847,175.441,10
-70.492,175.636,175.540,10
-70.476,175.337,175.693,10
-70.459,175.137,175.792,10
-70.452,174.926,175.891,10
-70.435,174.727,175.979,10
-70.428,174.516,176.067,10
-70.411,174.316,176.155,10
-70.395,174.017,176.276,10
-70.380,173.717,176.385,10
-70.363,173.518,176.451,10
-70.356,173.218,176.539,10
-70.340,173.018,176.605,10
-70.324,172.719,176.693,10
-70.308,172.431,176.770,10
-70.292,172.131,176.814,10
-70.276,171.843,176.858,10
-70.279,171.632,176.880,10
-70.263,171.333,176.935,10
-70.257,171.033,176.990,10
-70.241,170.745,177.012,10
-70.224,170.534,177.012,10
-70.218,170.235,176.979,10
-70.211,169.946,176.968,10
-70.195,169.747,176.957,10
-70.188,169.458,176.946,10
-70.182,169.159,176.924,10
-70.166,168.860,176.913,10
-70.151,168.549,176.913,10
-70.143,168.338,176.902,10
-70.128,168.039,176.891,10
-70.121,167.739,176.880,10
-70.096,167.473,176.858,10
-70.089,167.185,176.869,10
-70.073,166.896,176.924,10
-70.057,166.697,176.957,10
-70.049,166.475,177.001,10
-70.034,166.175,177.045,10
-70.027,165.876,177.111,10
-70.021,165.577,177.177,10
-70.015,165.277,177.253,10
-69.999,164.978,177.341,10
-69.983,164.689,177.429,10
-69.967,164.412,177.528,10
-69.951,164.124,177.605,10
-69.945,163.835,177.671,10
-69.938,163.625,177.693,10
-69.932,163.325,177.726,10
-69.925,163.026,177.748,10
-69.919,162.738,177.759,10
-69.903,162.438,177.759,10
-69.897,162.150,177.737,10
-69.891,161.851,177.693,10
-69.884,161.551,177.638,10
-69.878,161.263,177.583,10
-69.862,160.963,177.528,10
-69.856,160.675,177.462,10
-69.850,160.376,177.374,10
-69.834,160.087,177.264,10
-69.837,159.777,177.122,10
-69.821,159.489,176.968,10
-69.815,159.189,176.814,10
-69.799,158.890,176.649,10
-69.774,158.601,176.462,10
-69.758,158.302,176.276,10
-69.742,158.013,176.078,10
-69.736,157.714,175.869,10
-69.719,157.514,175.737,10
-69.703,157.215,175.540,10
-69.687,157.015,175.408,10
-69.671,156.727,175.210,10
-69.655,156.427,175.001,10
-69.638,156.228,174.858,10
-69.621,156.028,174.716,10
-69.604,155.828,174.573,10
-69.579,155.540,174.364,10
-69.562,155.340,174.221,10
-69.545,155.140,174.078,10
-69.528,154.940,173.936,10
-69.512,154.652,173.727,10
-69.496,154.452,173.584,10
-69.461,154.164,173.364,10
-69.444,153.964,173.221,10
-69.427,153.753,173.079,10
-69.401,153.553,172.936,10
-69.366,153.265,172.716,10
-69.349,153.065,172.573,10
-69.322,152.865,172.441,10
-69.305,152.666,172.299,10
-69.261,152.377,172.079,10
-69.244,152.177,171.936,10
-69.218,151.977,171.793,10
-69.191,151.777,171.650,10
-69.165,151.578,171.508,10
-69.120,151.289,171.310,10
-69.094,151.089,171.167,10
-69.068,150.889,171.035,10
-69.033,150.601,170.848,10
-68.997,150.401,170.728,10
-68.970,150.201,170.607,10
-68.926,149.901,170.431,10
-68.890,149.701,170.310,10
-68.854,149.501,170.200,10
-68.810,149.213,170.024,10
-68.774,149.013,169.904,10
-68.747,148.813,169.783,10
-68.703,148.524,169.596,10
-68.667,148.324,169.464,10
-68.613,148.035,169.255,10
-68.577,147.835,169.102,10
-68.541,147.635,168.948,10
-68.505,147.436,168.783,10
-68.451,147.147,168.519,10
-68.425,146.947,168.354,10
-68.389,146.747,168.179,10
-68.335,146.458,167.937,10
-68.289,146.258,167.761,10
-68.226,145.969,167.498,10
-68.172,145.680,167.223,10
-68.108,145.391,166.937,10
-68.045,145.103,166.663,10
-67.999,144.891,166.476,10
-67.954,144.691,166.289,10
-67.890,144.402,166.003,10
-67.817,144.113,165.718,10
-67.754,143.836,165.432,10
-67.708,143.636,165.234,10
-67.635,143.347,164.949,10
-67.552,143.046,164.674,10
-67.479,142.757,164.388,10
-67.397,142.468,164.114,10
-67.351,142.268,163.938,10
-67.278,141.990,163.674,10
-67.195,141.701,163.433,10
-67.113,141.412,163.224,10
-67.021,141.123,163.026,10
-66.938,140.834,162.828,10
-66.855,140.544,162.664,10
-66.773,140.255,162.510,10
-66.690,139.977,162.400,10
-66.608,139.688,162.301,10
-66.515,139.410,162.224,10
-66.423,139.121,162.158,10
-66.340,138.832,162.092,10
-66.248,138.542,162.037,10
-66.166,138.253,161.993,10
-66.083,137.964,161.971,10
-65.991,137.686,161.949,10
-65.926,137.486,161.938,10
-65.844,137.208,161.917,10
-65.751,136.930,161.884,10
-65.659,136.640,161.862,10
-65.577,136.351,161.862,10
-65.512,136.151,161.851,10
-65.420,135.873,161.829,10
-65.365,135.673,161.818,10
-65.272,135.394,161.796,10
-65.180,135.116,161.774,10
-65.098,134.827,161.752,10
-65.005,134.549,161.741,10
-64.950,134.349,161.741,10
-64.858,134.071,161.730,10
-64.766,133.793,161.708,10
-64.674,133.503,161.675,10
-64.591,133.214,161.664,10
-64.499,132.925,161.653,10
-64.407,132.647,161.653,10
-64.342,132.447,161.653,10
-64.250,132.168,161.642,10
-64.158,131.879,161.642,10
-64.075,131.601,161.631,10
-63.983,131.323,161.620,10
-63.890,131.045,161.620,10
-63.798,130.756,161.620,10
-63.734,130.555,161.609,10
-63.642,130.266,161.598,10
-63.549,129.988,161.576,10
-63.485,129.788,161.576,10
-63.402,129.510,161.565,10
-63.310,129.232,161.554,10
-63.227,128.942,161.543,10
-63.135,128.653,161.532,10
-63.043,128.364,161.510,10
-62.951,128.086,161.499,10
-62.896,127.886,161.499,10
-62.794,127.607,161.499,10
-62.701,127.329,161.488,10
-62.609,127.040,161.477,10
-62.527,126.751,161.466,10
-62.434,126.473,161.466,10
-62.342,126.184,161.477,10
-62.250,125.905,161.477,10
-62.158,125.616,161.477,10
-62.066,125.338,161.477,10
-61.973,125.060,161.466,10
-61.918,124.860,161.466,10
-61.826,124.571,161.466,10
-61.734,124.292,161.477,10
-61.642,124.014,161.477,10
-61.550,123.725,161.477,10
-61.457,123.447,161.455,10
-61.365,123.158,161.444,10
-61.273,122.879,161.444,10
-61.190,122.590,161.433,10
-61.098,122.312,161.422,10
-61.033,122.112,161.422,10
-60.941,121.823,161.422,10
-60.849,121.545,161.422,10
-60.784,121.344,161.411,10
-60.692,121.077,161.400,10
-60.600,120.788,161.389,10
-60.508,120.510,161.367,10
-60.425,120.221,161.356,10
-60.333,119.943,161.356,10
-60.241,119.653,161.356,10
-60.148,119.375,161.345,10
-60.074,119.164,161.334,10
-59.982,118.886,161.301,10
-59.890,118.596,161.290,10
-59.807,118.329,161.279,10
-59.724,118.051,161.268,10
-59.642,117.773,161.268,10
-59.549,117.495,161.268,10
-59.475,117.284,161.268,10
-59.374,116.994,161.268,10
-59.281,116.716,161.268,10
-59.199,116.438,161.279,10
-59.106,116.171,161.301,10
-59.014,115.893,161.323,10
-58.931,115.615,161.367,10
-58.857,115.415,161.400,10
-58.765,115.136,161.444,10
-58.682,114.847,161.499,10
-58.590,114.569,161.543,10
-58.498,114.291,161.609,10
-58.406,114.002,161.675,10
-58.313,113.724,161.774,10
-58.240,113.468,161.862,10
-58.148,113.190,161.938,10
-58.065,112.912,161.993,10
-58.000,112.711,162.015,10
-57.936,112.511,162.037,10
-57.853,112.222,162.048,10
-57.761,111.944,162.048,10
-57.688,111.666,162.059,10
-57.605,111.388,162.070,10
-57.513,111.110,162.114,10
-57.421,110.821,162.147,10
-57.328,110.542,162.158,10
-57.236,110.264,162.147,10
-57.153,109.986,162.103,10
-57.090,109.708,162.114,10
-57.007,109.441,162.158,10
-56.924,109.163,162.235,10
-56.850,108.963,162.290,10
-56.766,108.763,162.312,10
-56.665,108.484,162.323,10
-56.582,108.195,162.312,10
-56.509,107.939,162.301,10
-56.445,107.695,162.323,10
-56.362,107.417,162.334,10
-56.270,107.139,162.356,10
-56.215,106.927,162.345,10
-56.122,106.649,162.323,10
-56.040,106.371,162.312,10
-55.957,106.093,162.323,10
-55.874,105.815,162.345,10
-55.782,105.537,162.356,10
-55.709,105.259,162.345,10
-55.616,104.981,162.345,10
-55.534,104.703,162.367,10
-55.451,104.425,162.400,10
-55.386,104.225,162.422,10
-55.294,103.946,162.433,10
-55.211,103.668,162.444,10
-55.129,103.390,162.455,10
-55.046,103.112,162.466,10
-54.963,102.834,162.477,10
-54.871,102.556,162.499,10
-54.816,102.356,162.510,10
-54.724,102.078,162.521,10
-54.641,101.800,162.521,10
-54.558,101.522,162.510,10
-54.485,101.244,162.510,10
-54.393,100.966,162.510,10
-54.310,100.676,162.510,10
-54.255,100.476,162.499,10
-54.163,100.198,162.499,10
-54.080,99.909,162.499,10
-53.997,99.642,162.499,10
-53.915,99.364,162.510,10
-53.832,99.075,162.510,10
-53.740,98.797,162.510,10
-53.685,98.597,162.510,10
-53.592,98.318,162.510,10
-53.510,98.029,162.510,10
-53.427,97.740,162.510,10
-53.344,97.462,162.510,10
-53.252,97.173,162.510,10
-53.170,96.884,162.510,10
-53.077,96.606,162.488,10
-52.995,96.328,162.466,10
-52.903,96.038,162.433,10
-52.857,95.838,162.433,10
-52.774,95.560,162.433,10
-52.692,95.271,162.422,10
-52.600,94.982,162.389,10
-52.507,94.693,162.345,10
-52.415,94.415,162.301,10
-52.360,94.214,162.268,10
-52.268,93.936,162.235,10
-52.185,93.647,162.202,10
-52.093,93.358,162.147,10
-52.001,93.080,162.092,10
-51.955,92.880,162.059,10
-51.863,92.590,162.004,10
-51.771,92.312,161.960,10
-51.716,92.112,161.927,10
-51.624,91.834,161.862,10
-51.532,91.545,161.818,10
-51.439,91.256,161.763,10
-51.347,90.966,161.708,10
-51.255,90.677,161.664,10
-51.163,90.388,161.620,10
-51.080,90.110,161.576,10
-50.988,89.832,161.532,10
-50.923,89.631,161.510,10
-50.831,89.353,161.477,10
-50.767,89.153,161.455,10
-50.674,88.875,161.444,10
-50.619,88.675,161.433,10
-50.527,88.397,161.422,10
-50.463,88.196,161.422,10
-50.370,87.918,161.422,10
-50.278,87.629,161.444,10
-50.186,87.340,161.488,10
-50.094,87.062,161.521,10
-50.002,86.772,161.554,10
-49.909,86.494,161.576,10
-49.854,86.294,161.609,10
-49.762,86.005,161.642,10
-49.670,85.716,161.675,10
-49.578,85.437,161.719,10
-49.513,85.237,161.741,10
-49.421,84.948,161.774,10
-49.329,84.659,161.796,10
-49.246,84.381,161.818,10
-49.154,84.091,161.840,10
-49.062,83.813,161.862,10
-48.997,83.613,161.873,10
-48.905,83.324,161.895,10
-48.813,83.035,161.895,10
-48.721,82.745,161.906,10
-48.638,82.467,161.906,10
-48.574,82.267,161.917,10
-48.481,81.989,161.917,10
-48.426,81.789,161.927,10
-48.334,81.500,161.938,10
-48.251,81.210,161.938,10
-48.159,80.932,161.949,10
-48.104,80.732,161.960,10
-48.030,80.532,161.971,10
-47.948,80.243,162.004,10
-47.883,80.042,162.026,10
-47.791,79.753,162.048,10
-47.708,79.475,162.059,10
-47.616,79.186,162.070,10
-47.524,78.908,162.081,10
-47.432,78.619,162.114,10
-47.339,78.329,162.136,10
-47.247,78.040,162.136,10
-47.165,77.751,162.136,10
-47.100,77.551,162.136,10
-47.036,77.350,162.136,10
-46.953,77.061,162.136,10
-46.861,76.772,162.136,10
-46.778,76.505,162.136,10
-46.695,76.216,162.125,10
-46.603,75.938,162.125,10
-46.539,75.738,162.125,10
-46.484,75.537,162.125,10
-46.419,75.337,162.125,10
-46.327,75.048,162.125,10
-46.254,74.781,162.114,10
-46.161,74.492,162.103,10
-46.069,74.214,162.103,10
-45.986,73.925,162.103,10
-45.922,73.724,162.103,10
-45.857,73.524,162.103,10
-45.775,73.246,162.092,10
-45.683,72.957,162.081,10
-45.600,72.690,162.081,10
-45.508,72.401,162.059,10
-45.425,72.123,162.059,10
-45.360,71.922,162.048,10
-45.278,71.644,162.037,10
-45.185,71.355,162.026,10
-45.093,71.077,162.004,10
-45.010,70.788,161.993,10
-44.918,70.510,161.982,10
-44.836,70.221,161.971,10
-44.743,69.942,161.949,10
-44.651,69.664,161.927,10
-44.568,69.386,161.906,10
-44.476,69.097,161.895,10
-44.393,68.819,161.884,10
-44.301,68.530,161.884,10
-44.209,68.251,161.873,10
-44.117,67.973,161.851,10
-44.034,67.695,161.818,10
-43.942,67.417,161.796,10
-43.859,67.128,161.785,10
-43.767,66.850,161.763,10
-43.675,66.572,161.741,10
-43.592,66.294,161.719,10
-43.509,66.016,161.697,10
-43.417,65.737,161.675,10
-43.325,65.459,161.664,10
-43.242,65.170,161.653,10
-43.150,64.892,161.631,10
-43.057,64.614,161.609,10
-42.975,64.347,161.598,10
-42.882,64.069,161.576,10
-42.800,63.791,161.576,10
-42.707,63.513,161.565,10
-42.615,63.234,161.565,10
-42.532,62.956,161.565,10
-42.440,62.678,161.565,10
-42.357,62.400,161.565,10
-42.265,62.133,161.576,10
-42.182,61.855,161.598,10
-42.090,61.588,161.598,10
-42.007,61.310,161.620,10
-41.915,61.043,161.620,10
-41.832,60.754,161.642,10
-41.740,60.487,161.664,10
-41.657,60.209,161.697,10
-41.565,59.931,161.719,10
-41.472,59.663,161.741,10
-41.389,59.385,161.774,10
-41.307,59.118,161.807,10
-41.224,58.840,161.873,10
-41.141,58.573,161.917,10
-41.049,58.306,161.960,10
-40.966,58.028,161.982,10
-40.883,57.761,162.004,10
-40.791,57.494,162.015,10
-40.708,57.216,162.026,10
-40.625,56.938,162.059,10
-40.533,56.671,162.081,10
-40.450,56.393,162.092,10
-40.367,56.137,162.092,10
-40.284,55.870,162.092,10
-40.201,55.603,162.103,10
-40.119,55.325,162.103,10
-40.026,55.058,162.103,10
-39.943,54.780,162.103,10
-39.861,54.513,162.092,10
-39.778,54.246,162.092,10
-39.695,53.979,162.092,10
-39.612,53.701,162.092,10
-39.529,53.434,162.092,10
-39.446,53.167,162.092,10
-39.354,52.900,162.081,10
-39.280,52.645,162.081,10
-39.207,52.378,162.081,10
-39.124,52.111,162.092,10
-39.041,51.855,162.092,10
-38.977,51.655,162.092,10
-38.894,51.388,162.092,10
-38.811,51.121,162.081,10
-38.738,50.865,162.059,10
-38.655,50.598,162.059,10
-38.572,50.331,162.048,10
-38.499,50.064,162.048,10
-38.416,49.797,162.037,10
-38.333,49.541,162.026,10
-38.250,49.274,162.015,10
-38.167,49.018,161.993,10
-38.084,48.751,161.982,10
-38.011,48.496,161.971,10
-37.928,48.229,161.960,10
-37.845,47.973,161.960,10
-37.762,47.717,161.949,10
-37.679,47.461,161.927,10
-37.596,47.194,161.906,10
-37.513,46.938,161.895,10
-37.430,46.671,161.884,10
-37.356,46.427,161.884,10
-37.273,46.171,161.862,10
-37.190,45.915,161.840,10
-37.107,45.659,161.818,10
-37.034,45.392,161.796,10
-36.951,45.147,161.774,10
-36.868,44.891,161.763,10
-36.795,44.636,161.730,10
-36.712,44.391,161.708,10
-36.629,44.135,161.675,10
-36.546,43.879,161.631,10
-36.472,43.623,161.598,10
-36.389,43.368,161.576,10
-36.306,43.123,161.543,10
-36.232,42.878,161.499,10
-36.149,42.622,161.466,10
-36.066,42.377,161.422,10
-35.993,42.122,161.389,10
-35.910,41.866,161.367,10
-35.827,41.621,161.334,10
-35.744,41.387,161.290,10
-35.660,41.142,161.246,10
-35.577,40.898,161.213,10
-35.504,40.642,161.202,10
-35.421,40.397,161.180,10
-35.338,40.152,161.158,10
-35.264,39.908,161.136,10
-35.171,39.663,161.093,10
-35.088,39.418,161.049,10
-35.005,39.173,160.994,10
-34.941,38.929,160.961,10
-34.858,38.684,160.928,10
-34.784,38.450,160.895,10
-34.692,38.205,160.851,10
-34.609,37.960,160.807,10
-34.535,37.727,160.752,10
-34.452,37.482,160.708,10
-34.369,37.248,160.653,10
-34.295,37.004,160.609,10
-34.212,36.770,160.576,10
-34.129,36.525,160.543,10
-34.055,36.292,160.510,10
-33.972,36.058,160.455,10
-33.889,35.813,160.400,10
-33.806,35.579,160.334,10
-33.722,35.346,160.280,10
-33.639,35.112,160.225,10
-33.565,34.867,160.192,10
-33.482,34.634,160.148,10
-33.399,34.400,160.104,10
-33.316,34.166,160.060,10
-33.233,33.932,160.016,10
-33.159,33.699,159.972,10
-33.076,33.476,159.928,10
-32.992,33.242,159.895,10
-32.909,33.009,159.851,10
-32.835,32.786,159.807,10
-32.762,32.553,159.774,10
-32.678,32.330,159.752,10
-32.604,32.119,159.752,10
-32.521,31.896,159.741,10
-32.438,31.673,159.741,10
-32.364,31.462,159.730,10
-32.299,31.251,159.719,10
-32.216,31.039,159.708,10
-32.142,30.839,159.708,10
-32.068,30.627,159.719,10
-31.994,30.405,159.741,10
-31.920,30.204,159.752,10
-31.846,29.993,159.763,10
-31.772,29.781,159.774,10
-31.698,29.581,159.774,10
-31.624,29.370,159.774,10
-31.550,29.169,159.785,10
-31.476,28.958,159.807,10
-31.402,28.758,159.807,10
-31.328,28.557,159.818,10
-31.254,28.346,159.818,10
-31.180,28.145,159.829,10
-31.115,27.934,159.818,10
-31.041,27.734,159.807,10
-30.967,27.533,159.785,10
-30.893,27.322,159.730,10
-30.819,27.122,159.653,10
-30.755,26.921,159.554,10
-30.681,26.710,159.423,10
-30.607,26.510,159.269,10
-30.533,26.320,159.082,10
-30.459,26.120,158.862,10
-30.384,25.920,158.621,10
-30.311,25.708,158.379,10
-30.227,25.508,158.126,10
-30.153,25.318,157.896,10
-30.069,25.107,157.654,10
-29.995,24.918,157.423,10
-29.911,24.717,157.170,10
-29.837,24.517,156.918,10
-29.754,24.327,156.665,10
-29.670,24.127,156.401,10
-29.587,23.927,156.149,10
-29.503,23.726,155.896,10
-29.419,23.537,155.643,10
-29.336,23.336,155.391,10
-29.242,23.147,155.138,10
-29.159,22.946,154.885,10
-29.066,22.757,154.633,10
-28.982,22.567,154.391,10
-28.889,22.367,154.149,10
-28.795,22.177,153.918,10
-28.702,21.977,153.677,10
-28.581,21.732,153.369,10
-28.488,21.542,153.149,10
-28.395,21.353,152.941,10
-28.301,21.163,152.776,10
-28.208,20.974,152.633,10
-28.115,20.784,152.534,10
-28.022,20.595,152.479,10
-27.928,20.416,152.457,10
-27.807,20.182,152.435,10
-27.714,19.993,152.435,10
-27.592,19.770,152.413,10
-27.480,19.547,152.380,10
-27.378,19.324,152.369,10
-27.275,19.112,152.391,10
-27.173,18.912,152.402,10
-27.070,18.722,152.413,10
-26.977,18.533,152.413,10
-26.883,18.354,152.402,10
-26.771,18.131,152.402,10
-26.669,17.931,152.413,10
-26.566,17.730,152.457,10
-26.473,17.540,152.644,10
-26.370,17.329,153.127,10
-26.268,17.117,153.765,10
-26.174,16.927,154.413,10
-26.091,16.738,155.039,10
-26.007,16.538,155.742,10
-25.923,16.348,156.423,10
-25.849,16.159,157.072,10
-25.765,15.970,157.764,10
-25.691,15.780,158.467,10
-25.617,15.569,159.192,10
-25.543,15.368,159.895,10
-25.469,15.157,160.642,10
-25.405,14.946,161.378,10
-25.340,14.745,162.070,10
-25.285,14.545,162.488,10
-25.221,14.345,162.587,10
-25.156,14.145,162.290,10
-25.092,13.934,161.752,10
-25.027,13.733,161.257,10
-24.953,13.522,160.686,10
-24.889,13.311,160.159,10
-24.815,13.099,159.653,10
-24.741,12.910,159.148,10
-24.667,12.709,158.687,10
-24.593,12.509,158.192,10
-24.509,12.298,157.665,10
-24.426,12.108,157.181,10
-24.342,11.908,156.676,10
-24.258,11.707,156.182,10
-24.165,11.496,155.698,10
-24.082,11.306,155.303,10
-23.998,11.117,154.918,10
-23.914,10.928,154.578,10
-23.821,10.727,154.303,10
-23.728,10.526,154.072,10
-23.616,10.303,153.885,10
-23.513,10.092,153.732,10
-23.420,9.880,153.633,10
-23.327,9.702,153.589,10
-23.215,9.468,153.556,10
-23.132,9.278,153.534,10
-23.038,9.100,153.523,10
-22.926,8.877,153.545,10
-22.833,8.687,153.578,10
-22.740,8.487,153.633,10
-22.656,8.298,153.710,10
-22.563,8.108,153.809,10
-22.479,7.919,153.940,10
-22.386,7.729,154.061,10
-22.293,7.529,154.182,10
-22.200,7.328,154.314,10
-22.106,7.139,154.446,10
-22.023,6.949,154.567,10
-21.930,6.749,154.688,10
-21.836,6.548,154.808,10
-21.753,6.348,154.940,10
-21.660,6.147,155.083,10
-21.576,5.958,155.248,10
-21.492,5.768,155.424,10
-21.399,5.557,155.643,10
-21.306,5.356,155.885,10
-21.223,5.156,156.149,10
-21.139,4.955,156.412,10
-21.055,4.755,156.665,10
-20.962,4.554,156.918,10
-20.879,4.343,157.170,10
-20.795,4.142,157.423,10
-20.721,3.942,157.676,10
-20.637,3.741,157.906,10
-20.563,3.541,158.115,10
-20.480,3.341,158.313,10
-20.406,3.129,158.489,10
-20.332,2.940,158.665,10
-20.248,2.739,158.829,10
-20.174,2.539,158.983,10
-20.100,2.339,159.115,10
-20.026,2.127,159.225,10
-19.952,1.927,159.324,10
-19.878,1.727,159.445,10
-19.804,1.526,159.565,10
-19.739,1.326,159.686,10
-19.665,1.126,159.829,10
-19.591,0.936,159.961,10
-19.517,0.736,160.082,10
-19.453,0.525,160.170,10
-19.379,0.324,160.258,10
-19.314,0.124,160.356,10
-19.231,-0.121,160.488,10
-19.166,-0.321,160.598,10
-19.092,-0.521,160.719,10
-19.009,-0.766,160.873,10
-18.945,-0.966,161.005,10
-18.880,-1.167,161.136,10
-18.806,-1.356,161.257,10
-18.751,-1.567,161.378,10
-18.668,-1.812,161.521,10
-18.603,-2.012,161.631,10
-18.539,-2.212,161.763,10
-18.474,-2.413,161.906,10
-18.410,-2.613,162.048,10
-18.345,-2.813,162.169,10
-18.281,-3.013,162.268,10
-18.216,-3.214,162.378,10
-18.161,-3.414,162.510,10
-18.106,-3.614,162.675,10
-18.042,-3.814,162.839,10
-17.977,-4.014,162.982,10
-17.922,-4.215,163.103,10
-17.867,-4.415,163.202,10
-17.812,-4.615,163.312,10
-17.757,-4.815,163.444,10
-17.702,-5.015,163.597,10
-17.647,-5.215,163.751,10
-17.583,-5.415,163.828,10
-17.518,-5.616,163.795,10
-17.463,-5.816,163.707,10
-17.418,-6.027,163.597,10
-17.363,-6.227,163.466,10
-17.289,-6.461,163.246,10
-17.234,-6.661,163.070,10
-17.179,-6.861,162.894,10
-17.115,-7.061,162.708,10
-17.050,-7.261,162.488,10
-16.986,-7.495,162.136,10
-16.912,-7.729,161.686,10
-16.829,-7.962,161.136,10
-16.765,-8.185,160.455,10
-16.691,-8.374,159.620,10
-16.626,-8.574,158.632,10
-16.552,-8.763,157.456,10
-16.459,-8.975,155.709,10
-16.375,-9.176,153.644,10
-16.263,-9.376,151.271,10
-16.160,-9.577,148.623,10
-16.038,-9.767,145.745,10
-15.916,-9.934,142.504,10
-15.785,-10.102,138.922,10
-15.644,-10.259,135.000,10
-15.493,-10.405,130.803,10
-15.332,-10.539,126.365,10
-15.143,-10.664,120.938,10
-14.963,-10.765,116.257,10
-14.754,-10.856,110.852,10
-14.564,-10.925,106.282,10
-14.364,-10.982,101.678,10
-14.146,-11.018,96.361,10
-13.926,-11.032,91.066,10
-13.726,-11.034,86.506,10
-13.507,-11.014,81.310,10
-13.297,-10.972,76.212,10
-13.077,-10.908,70.994,10
-12.875,-10.833,65.731,10
-12.674,-10.735,60.677,10
-12.482,-10.626,55.646,10
-12.309,-10.484,50.471,10
-12.146,-10.342,45.385,10
-12.001,-10.188,40.276,10
-11.856,-10.012,35.134,10
-11.740,-9.836,30.015,10
-11.632,-9.638,24.895,10
-11.544,-9.439,19.797,10
-11.485,-9.229,14.711,10
-11.435,-9.019,9.624,10
-11.404,-8.798,4.603,10
-11.392,-8.576,359.956,10
-11.399,-8.355,355.781,10
-11.416,-8.155,352.562,10
-11.442,-7.955,349.728,10
-11.488,-7.733,346.893,10
-11.533,-7.533,344.828,10
-11.597,-7.310,342.861,10
-11.671,-7.088,341.323,10
-11.745,-6.877,340.203,10
-11.819,-6.654,339.412,10
-11.893,-6.465,338.906,10
-11.977,-6.253,338.434,10
-12.060,-6.031,338.005,10
-12.134,-5.841,337.654,10
-12.208,-5.641,337.280,10
-12.292,-5.452,336.863,10
-12.375,-5.251,336.423,10
-12.459,-5.062,335.984,10
-12.543,-4.861,335.544,10
-12.636,-4.661,335.105,10
-12.719,-4.460,334.709,10
-12.813,-4.260,334.479,10
-12.906,-4.059,334.479,10
-12.999,-3.859,334.666,10
-13.092,-3.658,334.995,10
-13.185,-3.457,335.402,10
-13.278,-3.246,335.863,10
-13.362,-3.045,336.324,10
-13.455,-2.845,336.764,10
-13.538,-2.633,337.203,10
-13.613,-2.444,337.610,10
-13.687,-2.255,337.983,10
-13.761,-2.065,338.280,10
-13.844,-1.865,338.544,10
-13.918,-1.642,338.774,10
-13.992,-1.442,338.972,10
-14.076,-1.242,339.159,10
-14.150,-1.030,339.324,10
-14.224,-0.830,339.510,10
-14.298,-0.630,339.675,10
-14.372,-0.429,339.807,10
-14.446,-0.229,339.730,10
-14.511,-0.029,339.631,10
-14.585,0.172,339.543,10
-14.659,0.372,339.467,10
-14.733,0.584,339.434,10
-14.807,0.795,339.456,10
-14.881,0.984,339.554,10
-14.955,1.185,339.730,10
-15.029,1.385,339.950,10
-15.094,1.585,340.181,10
-15.158,1.785,340.411,10
-15.232,1.975,340.631,10
-15.297,2.175,340.851,10
