-0.785,-0.268,251.653
-0.976,-0.333,251.829
-1.177,-0.397,252.059
-1.368,-0.462,252.279
-1.579,-0.526,252.510
-1.789,-0.590,252.719
-2.009,-0.643,252.916
-2.210,-0.707,253.114
-2.411,-0.760,253.301
-2.621,-0.825,253.499
-2.841,-0.889,253.707
-3.042,-0.942,253.872
-3.252,-0.995,254.048
-3.463,-1.059,254.191
-3.692,-1.112,254.333
-3.922,-1.176,254.443
-4.161,-1.240,254.531
-4.362,-1.293,254.586
-4.562,-1.346,254.663
-4.773,-1.400,254.729
-4.983,-1.464,254.806
-5.194,-1.517,254.883
-5.404,-1.570,254.960
-5.614,-1.623,255.037
-5.825,-1.676,255.103
-6.063,-1.729,255.179
-6.302,-1.793,255.267
-6.513,-1.846,255.344
-6.723,-1.899,255.432
-6.953,-1.963,255.520
-7.173,-2.016,255.553
-7.373,-2.058,255.619
-7.584,-2.111,255.718
-7.794,-2.164,255.806
-8.004,-2.206,255.894
-8.205,-2.260,256.036
-8.406,-2.302,256.168
-8.606,-2.355,256.311
-8.807,-2.397,256.487
-9.008,-2.439,256.816
-9.218,-2.492,257.487
-9.428,-2.534,258.486
-9.638,-2.565,259.761
-9.858,-2.607,261.453
-10.068,-2.627,263.276
-10.297,-2.647,265.397
-10.516,-2.655,267.880
-10.736,-2.664,270.319
-10.955,-2.662,272.955
-11.174,-2.637,275.680
-11.374,-2.613,278.009
-11.583,-2.577,280.437
-11.783,-2.531,282.931
-11.992,-2.473,285.491
-12.201,-2.404,288.182
-12.410,-2.335,290.940
-12.628,-2.244,293.752
-12.846,-2.142,296.620
-13.055,-2.029,299.520
-13.263,-1.894,302.454
-13.471,-1.747,305.497
-13.642,-1.623,307.980
-13.793,-1.489,310.474
-13.944,-1.354,312.990
-14.095,-1.208,315.538
-14.245,-1.040,318.098
-14.396,-0.872,320.669
-14.528,-0.705,323.163
-14.659,-0.526,325.580
-14.781,-0.336,327.909
-14.903,-0.135,330.139
-15.015,0.077,332.227
-15.117,0.288,334.127
-15.220,0.511,335.786
-15.313,0.734,337.192
-15.406,0.957,338.302
-15.489,1.179,339.082
-15.572,1.424,339.554
-15.655,1.647,339.752
-15.738,1.892,339.752
-15.831,2.125,339.631
-15.914,2.370,339.445
-16.007,2.615,339.280
-16.100,2.860,339.203
-16.192,3.116,339.258
-16.285,3.372,339.423
-16.359,3.561,339.620
-16.433,3.762,339.829
-16.525,4.018,340.115
-16.590,4.218,340.323
-16.664,4.418,340.532
-16.729,4.618,340.730
-16.802,4.830,340.906
-16.867,5.030,341.082
-16.931,5.241,341.235
-17.005,5.442,341.356
-17.070,5.642,341.466
-17.134,5.853,341.565
-17.208,6.065,341.653
-17.273,6.276,341.730
-17.337,6.487,341.807
-17.411,6.710,341.884
-17.475,6.921,341.960
-17.540,7.133,342.048
-17.614,7.355,342.125
-17.678,7.578,342.202
-17.742,7.800,342.279
-17.816,8.011,342.345
-17.880,8.234,342.422
-17.954,8.456,342.499
-18.018,8.690,342.587
-18.083,8.912,342.675
-18.156,9.135,342.751
-18.221,9.368,342.828
-18.294,9.602,342.894
-18.359,9.824,342.971
-18.423,10.058,343.048
-18.496,10.291,343.114
-18.561,10.525,343.191
-18.625,10.769,343.268
-18.698,11.003,343.356
-18.763,11.237,343.433
-18.827,11.470,343.499
-18.900,11.715,343.575
-18.964,11.959,343.641
-19.038,12.193,343.696
-19.102,12.438,343.751
-19.176,12.682,343.795
-19.240,12.927,343.850
-19.304,13.171,343.894
-19.368,13.416,343.938
-19.441,13.672,343.938
-19.515,13.927,343.916
-19.579,14.172,343.861
-19.652,14.417,343.784
-19.716,14.672,343.696
-19.780,14.917,343.608
-19.854,15.173,343.510
-19.927,15.417,343.422
-19.991,15.673,343.323
-20.065,15.918,343.224
-20.138,16.163,343.125
-20.212,16.407,343.037
-20.285,16.663,342.938
-20.359,16.908,342.828
-20.432,17.163,342.751
-20.506,17.408,342.697
-20.580,17.653,342.664
-20.653,17.897,342.631
-20.727,18.142,342.620
-20.800,18.387,342.598
-20.874,18.632,342.576
-20.947,18.887,342.565
-21.021,19.132,342.576
-21.094,19.377,342.609
-21.168,19.621,342.620
-21.242,19.866,342.642
-21.315,20.100,342.653
-21.379,20.344,342.664
-21.453,20.589,342.697
-21.527,20.823,342.729
-21.600,21.067,342.762
-21.664,21.301,342.795
-21.738,21.534,342.817
-21.802,21.768,342.828
-21.876,22.001,342.839
-21.940,22.224,342.861
-22.004,22.446,342.872
-22.069,22.658,342.883
-22.133,22.869,342.905
-22.198,23.080,342.916
-22.253,23.280,342.916
-22.326,23.536,342.927
-22.391,23.736,342.927
-22.446,23.937,342.938
-22.519,24.181,342.949
-22.593,24.437,342.960
-22.666,24.693,342.993
-22.740,24.937,343.004
-22.813,25.193,343.004
-22.868,25.393,343.015
-22.942,25.638,343.026
-23.015,25.883,343.037
-23.089,26.139,343.037
-23.162,26.383,343.037
-23.236,26.639,343.026
-23.309,26.884,343.015
-23.383,27.128,343.026
-23.447,27.373,343.048
-23.521,27.618,343.059
-23.594,27.862,343.048
-23.668,28.107,343.026
-23.732,28.352,343.015
-23.805,28.596,343.004
-23.879,28.830,342.993
-23.943,29.074,342.993
-24.017,29.319,342.993
-24.090,29.553,342.993
-24.154,29.797,342.982
-24.228,30.031,342.960
-24.292,30.264,342.938
-24.366,30.509,342.927
-24.430,30.743,342.927
-24.504,30.976,342.938
-24.577,31.210,342.938
-24.642,31.443,342.927
-24.715,31.677,342.905
-24.779,31.910,342.883
-24.844,32.144,342.861
-24.917,32.378,342.850
-24.981,32.611,342.850
-25.055,32.845,342.839
-25.119,33.078,342.817
-25.184,33.301,342.784
-25.257,33.534,342.751
-25.321,33.768,342.708
-25.395,33.990,342.675
-25.459,34.224,342.653
-25.524,34.446,342.631
-25.597,34.680,342.620
-25.662,34.902,342.587
-25.735,35.136,342.554
-25.800,35.358,342.532
-25.873,35.581,342.499
-25.938,35.814,342.477
-26.002,36.037,342.455
-26.076,36.259,342.422
-26.140,36.481,342.389
-26.214,36.715,342.356
-26.278,36.937,342.323
-26.342,37.160,342.301
-26.416,37.382,342.279
-26.480,37.605,342.268
-26.554,37.827,342.246
-26.618,38.050,342.224
-26.692,38.272,342.191
-26.757,38.495,342.158
-26.821,38.717,342.125
-26.895,38.940,342.114
-26.959,39.162,342.114
-27.033,39.385,342.125
-27.097,39.607,342.147
-27.171,39.818,342.147
-27.235,40.041,342.136
-27.300,40.263,342.125
-27.373,40.486,342.114
-27.438,40.708,342.103
-27.502,40.931,342.114
-27.576,41.142,342.125
-27.640,41.364,342.125
-27.714,41.587,342.125
-27.778,41.809,342.114
-27.843,42.021,342.092
-27.917,42.243,342.081
-27.981,42.466,342.070
-28.055,42.688,342.059
-28.119,42.899,342.059
-28.183,43.122,342.059
-28.257,43.344,342.059
-28.322,43.556,342.059
-28.395,43.778,342.059
-28.460,44.001,342.048
-28.533,44.223,342.026
-28.598,44.435,342.015
-28.662,44.646,342.004
-28.727,44.868,342.004
-28.800,45.091,342.015
-28.865,45.302,342.015
-28.929,45.525,342.004
-29.003,45.736,341.993
-29.067,45.958,341.993
-29.132,46.181,342.004
-29.206,46.392,342.004
-29.270,46.604,342.015
-29.344,46.826,342.004
-29.408,47.037,342.004
-29.472,47.260,342.004
-29.537,47.471,342.026
-29.611,47.694,342.048
-29.675,47.905,342.070
-29.749,48.128,342.081
-29.813,48.339,342.081
-29.878,48.561,342.092
-29.952,48.773,342.092
-30.016,48.995,342.103
-30.080,49.206,342.125
-30.144,49.429,342.136
-30.218,49.651,342.158
-30.283,49.863,342.169
-30.347,50.085,342.191
-30.421,50.297,342.202
-30.485,50.519,342.202
-30.550,50.741,342.191
-30.623,50.964,342.180
-30.688,51.186,342.180
-30.752,51.398,342.180
-30.816,51.620,342.180
-30.890,51.843,342.169
-30.964,52.065,342.147
-31.028,52.288,342.125
-31.093,52.499,342.092
-31.166,52.721,342.070
-31.231,52.944,342.059
-31.304,53.177,342.048
-31.369,53.400,342.037
-31.443,53.622,342.026
-31.507,53.845,342.015
-31.581,54.067,342.015
-31.654,54.290,341.993
-31.719,54.512,341.971
-31.793,54.735,341.949
-31.857,54.957,341.938
-31.931,55.180,341.927
-32.004,55.402,341.927
-32.069,55.636,341.917
-32.142,55.858,341.906
-32.216,56.081,341.895
-32.280,56.314,341.873
-32.354,56.537,341.862
-32.428,56.759,341.851
-32.492,56.993,341.829
-32.566,57.215,341.829
-32.640,57.438,341.818
-32.714,57.671,341.796
-32.787,57.894,341.796
-32.852,58.127,341.785
-32.925,58.350,341.774
-32.999,58.584,341.752
-33.073,58.806,341.730
-33.147,59.040,341.697
-33.220,59.273,341.686
-33.294,59.496,341.675
-33.358,59.729,341.664
-33.432,59.952,341.653
-33.506,60.185,341.631
-33.579,60.419,341.609
-33.653,60.653,341.598
-33.727,60.886,341.598
-33.801,61.109,341.587
-33.874,61.342,341.565
-33.958,61.576,341.543
-34.031,61.810,341.510
-34.105,62.043,341.499
-34.179,62.277,341.488
-34.252,62.510,341.477
-34.336,62.744,341.444
-34.409,62.978,341.433
-34.483,63.211,341.411
-34.557,63.445,341.400
-34.630,63.679,341.389
-34.713,63.923,341.367
-34.787,64.157,341.345
-34.870,64.402,341.323
-34.944,64.635,341.301
-35.027,64.869,341.290
-35.101,65.114,341.279
-35.184,65.347,341.257
-35.258,65.592,341.235
-35.331,65.826,341.213
-35.415,66.059,341.202
-35.488,66.304,341.213
-35.571,66.549,341.213
-35.654,66.794,341.213
-35.728,67.027,341.202
-35.811,67.272,341.180
-35.885,67.506,341.158
-35.968,67.751,341.147
-36.041,67.995,341.158
-36.125,68.240,341.158
-36.208,68.474,341.169
-36.281,68.718,341.169
-36.364,68.963,341.147
-36.448,69.208,341.125
-36.521,69.453,341.125
-36.604,69.686,341.125
-36.687,69.942,341.136
-36.761,70.176,341.136
-36.844,70.421,341.136
-36.927,70.665,341.136
-37.010,70.910,341.115
-37.084,71.155,341.104
-37.167,71.400,341.093
-37.250,71.645,341.104
-37.333,71.889,341.115
-37.407,72.134,341.115
-37.490,72.379,341.125
-37.573,72.624,341.125
-37.656,72.868,341.115
-37.730,73.113,341.104
-37.813,73.369,341.115
-37.896,73.614,341.115
-37.979,73.859,341.125
-38.053,74.103,341.115
-38.136,74.348,341.115
-38.219,74.593,341.104
-38.302,74.849,341.104
-38.385,75.093,341.104
-38.458,75.338,341.115
-38.541,75.583,341.115
-38.625,75.828,341.115
-38.708,76.073,341.104
-38.791,76.328,341.104
-38.874,76.573,341.115
-38.957,76.818,341.125
-39.040,77.074,341.115
-39.113,77.319,341.104
-39.197,77.563,341.093
-39.280,77.819,341.104
-39.363,78.075,341.104
-39.445,78.331,341.115
-39.529,78.576,341.115
-39.612,78.832,341.104
-39.695,79.076,341.104
-39.778,79.332,341.104
-39.870,79.588,341.104
-39.953,79.833,341.104
-40.036,80.089,341.104
-40.119,80.345,341.115
-40.202,80.590,341.115
-40.285,80.845,341.115
-40.368,81.101,341.104
-40.451,81.346,341.093
-40.534,81.602,341.082
-40.599,81.802,341.082
-40.682,82.058,341.071
-40.765,82.303,341.071
-40.830,82.503,341.082
-40.913,82.748,341.082
-40.977,82.948,341.071
-41.060,83.204,341.060
-41.125,83.404,341.049
-41.208,83.649,341.049
-41.272,83.849,341.049
-41.355,84.105,341.049
-41.420,84.306,341.049
-41.503,84.561,341.049
-41.595,84.817,341.071
-41.678,85.073,341.071
-41.761,85.329,341.060
-41.826,85.529,341.049
-41.890,85.730,341.049
-41.983,85.986,341.038
-42.066,86.241,341.038
-42.130,86.442,341.049
-42.195,86.642,341.060
-42.287,86.898,341.071
-42.352,87.098,341.060
-42.435,87.354,341.049
-42.500,87.554,341.038
-42.564,87.755,341.027
-42.657,88.011,341.027
-42.721,88.211,341.038
-42.786,88.411,341.049
-42.850,88.611,341.060
-42.915,88.812,341.071
-43.007,89.068,341.071
-43.072,89.268,341.071
-43.136,89.468,341.071
-43.201,89.668,341.071
-43.265,89.869,341.093
-43.330,90.069,341.104
-43.394,90.269,341.125
-43.468,90.469,341.158
-43.533,90.670,341.180
-43.597,90.870,341.191
-43.662,91.070,341.202
-43.727,91.270,341.213
-43.791,91.471,341.224
-43.856,91.671,341.235
-43.930,91.871,341.246
-43.994,92.071,341.268
-44.059,92.283,341.290
-44.123,92.483,341.301
-44.188,92.683,341.312
-44.262,92.884,341.334
-44.326,93.084,341.367
-44.391,93.284,341.400
-44.455,93.495,341.422
-44.529,93.696,341.444
-44.594,93.896,341.455
-44.658,94.107,341.477
-44.713,94.307,341.499
-44.787,94.508,341.521
-44.852,94.719,341.554
-44.916,94.919,341.587
-44.981,95.131,341.620
-45.045,95.331,341.642
-45.119,95.542,341.664
-45.184,95.743,341.675
-45.248,95.954,341.697
-45.312,96.154,341.719
-45.377,96.366,341.741
-45.441,96.566,341.763
-45.506,96.777,341.796
-45.580,96.989,341.829
-45.644,97.189,341.851
-45.709,97.400,341.862
-45.773,97.600,341.851
-45.838,97.812,341.851
-45.902,98.023,341.862
-45.966,98.234,341.873
-46.040,98.446,341.895
-46.105,98.646,341.895
-46.169,98.857,341.906
-46.234,99.058,341.917
-46.298,99.269,341.927
-46.363,99.480,341.938
-46.427,99.692,341.960
-46.491,99.903,341.971
-46.556,100.114,341.993
-46.620,100.315,342.026
-46.685,100.526,342.048
-46.749,100.726,342.092
-46.814,100.937,342.125
-46.888,101.149,342.136
-46.952,101.360,342.158
-47.017,101.572,342.158
-47.071,101.783,342.180
-47.136,101.994,342.213
-47.210,102.194,342.235
-47.274,102.406,342.268
-47.329,102.617,342.290
-47.394,102.828,342.312
-47.458,103.040,342.345
-47.532,103.251,342.367
-47.596,103.462,342.389
-47.661,103.674,342.400
-47.716,103.885,342.422
-47.780,104.096,342.433
-47.844,104.308,342.455
-47.909,104.519,342.488
-47.973,104.730,342.499
-48.038,104.942,342.521
-48.102,105.153,342.543
-48.166,105.364,342.554
-48.231,105.576,342.565
-48.295,105.787,342.587
-48.360,105.998,342.598
-48.424,106.210,342.620
-48.479,106.421,342.631
-48.553,106.632,342.653
-48.617,106.844,342.686
-48.682,107.055,342.708
-48.746,107.266,342.729
-48.810,107.478,342.740
-48.875,107.689,342.740
-48.939,107.900,342.751
-48.994,108.112,342.762
-49.059,108.323,342.784
-49.123,108.534,342.806
-49.187,108.757,342.828
-49.252,108.968,342.850
-49.316,109.179,342.872
-49.380,109.391,342.883
-49.445,109.602,342.894
-49.509,109.813,342.894
-49.564,110.024,342.894
-49.628,110.247,342.905
-49.693,110.458,342.916
-49.757,110.670,342.938
-49.822,110.881,342.949
-49.886,111.092,342.949
-49.950,111.315,342.949
-50.005,111.526,342.938
-50.070,111.737,342.905
-50.134,111.949,342.883
-50.198,112.160,342.861
-50.263,112.382,342.850
-50.327,112.594,342.839
-50.392,112.805,342.828
-50.456,113.016,342.817
-50.520,113.239,342.795
-50.585,113.450,342.762
-50.649,113.661,342.740
-50.713,113.873,342.719
-50.778,114.095,342.708
-50.842,114.306,342.686
-50.897,114.518,342.664
-50.961,114.729,342.653
-51.026,114.940,342.631
-51.090,115.152,342.620
-51.155,115.374,342.598
-51.219,115.585,342.587
-51.283,115.797,342.576
-51.348,116.008,342.554
-51.412,116.219,342.532
-51.477,116.431,342.510
-51.541,116.642,342.499
-51.605,116.853,342.488
-51.670,117.065,342.466
-51.734,117.276,342.466
-51.799,117.487,342.477
-51.863,117.699,342.477
-51.927,117.910,342.466
-51.992,118.121,342.455
-52.056,118.322,342.444
-52.121,118.533,342.422
-52.185,118.755,342.422
-52.250,118.956,342.433
-52.314,119.167,342.433
-52.378,119.378,342.433
-52.433,119.578,342.422
-52.498,119.790,342.411
-52.562,119.990,342.389
-52.627,120.212,342.389
-52.691,120.424,342.378
-52.756,120.624,342.378
-52.820,120.835,342.378
-52.884,121.047,342.367
-52.949,121.247,342.356
-53.004,121.458,342.334
-53.068,121.669,342.301
-53.133,121.870,342.290
-53.197,122.081,342.279
-53.262,122.281,342.268
-53.326,122.493,342.268
-53.391,122.693,342.257
-53.455,122.904,342.246
-53.510,123.104,342.213
-53.574,123.305,342.191
-53.639,123.516,342.180
-53.703,123.727,342.180
-53.768,123.927,342.180
-53.832,124.139,342.180
-53.897,124.339,342.169
-53.961,124.539,342.158
-54.026,124.740,342.147
-54.090,124.951,342.125
-54.145,125.151,342.114
-54.210,125.362,342.103
-54.274,125.563,342.103
-54.339,125.763,342.103
-54.403,125.963,342.103
-54.468,126.174,342.103
-54.532,126.375,342.092
-54.587,126.575,342.070
-54.652,126.786,342.070
-54.716,126.986,342.070
-54.780,127.198,342.081
-54.845,127.398,342.092
-54.910,127.598,342.103
-54.974,127.798,342.114
-55.038,128.010,342.103
-55.103,128.210,342.081
-55.158,128.410,342.070
-55.223,128.610,342.070
-55.287,128.811,342.092
-55.351,129.022,342.114
-55.416,129.222,342.147
-55.481,129.422,342.180
-55.536,129.623,342.202
-55.600,129.823,342.213
-55.664,130.034,342.224
-55.729,130.234,342.246
-55.784,130.435,342.268
-55.849,130.635,342.301
-55.913,130.835,342.345
-55.968,131.035,342.378
-56.033,131.235,342.422
-56.097,131.447,342.455
-56.180,131.703,342.510
-56.235,131.914,342.543
-56.299,132.114,342.576
-56.364,132.314,342.609
-56.428,132.515,342.642
-56.483,132.715,342.675
-56.548,132.926,342.708
-56.621,133.182,342.762
-56.686,133.382,342.806
-56.741,133.582,342.861
-56.805,133.794,342.916
-56.870,133.994,342.960
-56.925,134.194,343.015
-56.989,134.394,343.059
-57.044,134.605,343.114
-57.109,134.806,343.169
-57.164,135.006,343.224
-57.219,135.206,343.290
-57.274,135.406,343.356
-57.338,135.606,343.433
-57.393,135.806,343.510
-57.458,136.018,343.586
-57.513,136.218,343.652
-57.568,136.418,343.718
-57.623,136.618,343.784
-57.678,136.818,343.839
-57.733,137.019,343.916
-57.788,137.219,343.993
-57.843,137.419,344.070
-57.897,137.630,344.147
-57.952,137.830,344.224
-58.007,138.030,344.290
-58.062,138.230,344.366
-58.117,138.431,344.432
-58.172,138.631,344.509
-58.227,138.831,344.597
-58.273,139.042,344.685
-58.328,139.242,344.773
-58.383,139.442,344.872
-58.438,139.642,344.960
-58.483,139.842,345.048
-58.538,140.043,345.125
-58.584,140.243,345.201
-58.639,140.454,345.278
-58.694,140.654,345.355
-58.739,140.854,345.432
-58.794,141.054,345.520
-58.839,141.254,345.597
-58.885,141.454,345.685
-58.940,141.654,345.762
-58.985,141.854,345.850
-59.031,142.054,345.927
-59.076,142.255,346.014
-59.122,142.455,346.091
-59.167,142.655,346.168
-59.222,142.855,346.267
-59.268,143.055,346.355
-59.313,143.255,346.443
-59.359,143.455,346.542
-59.404,143.655,346.641
-59.450,143.855,346.740
-59.485,144.055,346.838
-59.531,144.255,346.959
-59.576,144.455,347.069
-59.622,144.655,347.179
-59.667,144.855,347.289
-59.703,145.055,347.388
-59.749,145.255,347.487
-59.794,145.455,347.585
-59.830,145.655,347.684
-59.876,145.855,347.794
-59.911,146.055,347.904
-59.957,146.255,348.025
-60.002,146.455,348.157
-60.038,146.655,348.278
-60.074,146.855,348.409
-60.120,147.055,348.541
-60.156,147.255,348.684
-60.192,147.455,348.838
-60.227,147.666,349.003
-60.263,147.866,349.178
-60.299,148.066,349.354
-60.335,148.277,349.541
-60.389,148.532,349.772
-60.425,148.743,349.937
-60.452,148.943,350.090
-60.488,149.143,350.255
-60.524,149.343,350.409
-60.550,149.543,350.574
-60.586,149.743,350.739
-60.612,149.954,350.914
-60.648,150.153,351.079
-60.674,150.353,351.255
-60.701,150.553,351.442
-60.737,150.753,351.606
-60.763,150.953,351.782
-60.789,151.164,351.947
-60.816,151.364,352.123
-60.842,151.575,352.299
-60.859,151.774,352.474
-60.885,151.974,352.650
-60.912,152.174,352.815
-60.938,152.374,352.991
-60.955,152.585,353.156
-60.972,152.784,353.331
-60.998,152.984,353.496
-61.025,153.184,353.683
-61.041,153.395,353.859
-61.058,153.594,354.045
-61.075,153.794,354.221
-61.092,153.994,354.397
-61.109,154.194,354.573
-61.126,154.393,354.749
-61.142,154.604,354.924
-61.159,154.804,355.100
-61.176,155.015,355.287
-61.192,155.270,355.518
-61.209,155.481,355.693
-61.226,155.680,355.847
-61.242,155.947,356.078
-61.249,156.213,356.298
-61.265,156.423,356.473
-61.273,156.634,356.660
-61.289,156.900,356.902
-61.296,157.111,357.089
-61.303,157.366,357.319
-61.310,157.577,357.484
-61.316,157.843,357.704
-61.324,158.054,357.869
-61.330,158.320,358.088
-61.337,158.530,358.275
-61.335,158.741,358.462
-61.342,159.018,358.704
-61.358,159.285,358.934
-61.355,159.495,359.077
-61.353,159.761,359.242
-61.350,159.972,359.363
-61.357,160.182,359.484
-61.355,160.393,359.594
-61.352,160.659,359.714
-61.349,160.925,359.802
-61.347,161.136,359.868
-61.345,161.346,359.901
-61.342,161.623,359.890
-61.339,161.889,359.835
-61.327,162.100,359.780
-61.324,162.366,359.692
-61.321,162.576,359.637
-61.328,162.843,359.572
-61.326,163.053,359.506
-61.332,163.319,359.385
-61.339,163.596,359.275
-61.336,163.862,359.132
-61.333,164.129,359.011
-61.331,164.339,358.912
-61.337,164.605,358.770
-61.325,164.816,358.638
-61.332,165.082,358.484
-61.329,165.359,358.374
-61.326,165.625,358.286
-61.324,165.836,358.231
-61.340,166.091,358.165
-61.347,166.346,358.088
-61.353,166.612,357.979
-61.360,166.823,357.913
-61.367,167.089,357.814
-61.374,167.355,357.737
-61.390,167.621,357.660
-61.397,167.876,357.583
-61.403,168.131,357.484
-61.420,168.386,357.352
-61.426,168.652,357.220
-61.423,168.918,357.100
-61.439,169.173,357.012
-61.446,169.417,356.924
-61.463,169.673,356.858
-61.469,169.928,356.781
-61.485,170.194,356.660
-61.492,170.449,356.528
-61.499,170.704,356.407
-61.515,170.959,356.298
-61.531,171.214,356.232
-61.548,171.458,356.188
-61.564,171.713,356.100
-61.580,171.957,355.990
-61.597,172.213,355.869
-61.613,172.457,355.770
-61.620,172.712,355.682
-61.636,172.967,355.605
-61.652,173.200,355.518
-61.669,173.444,355.408
-61.695,173.699,355.298
-61.711,173.943,355.188
-61.727,174.187,355.078
-61.744,174.431,354.979
-61.760,174.675,354.869
-61.777,174.919,354.749
-61.802,175.164,354.628
-61.819,175.408,354.496
-61.835,175.652,354.375
-61.861,175.896,354.254
-61.877,176.140,354.155
-61.903,176.384,354.067
-61.929,176.628,353.990
-61.955,176.872,353.892
-61.972,177.116,353.782
-61.997,177.361,353.661
-62.014,177.594,353.562
-62.040,177.838,353.485
-62.075,178.093,353.397
-62.101,178.337,353.298
-62.118,178.581,353.188
-62.143,178.825,353.090
-62.169,179.070,352.991
-62.195,179.314,352.914
-62.221,179.558,352.859
-62.256,179.813,352.815
-62.282,180.057,352.760
-62.308,180.302,352.716
-62.334,180.546,352.661
-62.370,180.790,352.617
-62.395,181.045,352.573
-62.421,181.289,352.529
-62.457,181.545,352.496
-62.483,181.789,352.485
-62.518,182.033,352.474
-62.544,182.288,352.463
-62.579,182.533,352.419
-62.605,182.777,352.375
-62.631,183.032,352.332
-62.666,183.276,352.299
-62.702,183.521,352.277
-62.728,183.765,352.277
-62.763,184.020,352.255
-62.789,184.264,352.233
-62.824,184.520,352.200
-62.850,184.764,352.167
-62.886,185.008,352.134
-62.912,185.252,352.112
-62.947,185.508,352.090
-62.982,185.752,352.057
-63.008,186.007,352.024
-63.044,186.240,351.969
-63.079,186.496,351.914
-63.105,186.751,351.870
-63.140,187.006,351.793
-63.176,187.251,351.716
-63.211,187.495,351.639
-63.237,187.739,351.552
-63.263,187.939,351.486
-63.299,188.194,351.387
-63.334,188.450,351.299
-63.369,188.694,351.222
-63.405,188.938,351.156
-63.431,189.138,351.101
-63.476,189.393,351.013
-63.511,189.649,350.925
-63.537,189.893,350.837
-63.573,190.093,350.782
-63.609,190.348,350.717
-63.644,190.548,350.662
-63.680,190.803,350.596
-63.715,191.059,350.508
-63.760,191.303,350.431
-63.786,191.503,350.365
-63.831,191.770,350.288
-63.867,192.025,350.200
-63.911,192.280,350.123
-63.947,192.536,350.046
-63.983,192.736,349.991
-64.018,192.991,349.926
-64.063,193.246,349.871
-64.099,193.446,349.827
-64.144,193.702,349.772
-64.188,193.957,349.706
-64.233,194.213,349.640
-64.269,194.468,349.574
-64.305,194.668,349.530
-64.349,194.923,349.475
-64.394,195.179,349.420
-64.439,195.434,349.365
-64.484,195.690,349.310
-64.529,195.945,349.255
-64.574,196.190,349.200
-64.619,196.445,349.135
-64.663,196.701,349.091
-64.708,196.956,349.047
-64.753,197.211,349.014
-64.798,197.456,348.992
-64.843,197.700,348.959
-64.888,197.945,348.915
-64.924,198.145,348.882
-64.969,198.389,348.838
-65.014,198.644,348.794
-65.059,198.889,348.761
-65.113,199.133,348.739
-65.158,199.378,348.717
-65.203,199.633,348.684
-65.248,199.877,348.640
-65.303,200.111,348.596
-65.348,200.355,348.541
-65.393,200.611,348.497
-65.437,200.866,348.475
-65.482,201.110,348.464
-65.537,201.344,348.453
-65.582,201.588,348.431
-65.636,201.844,348.398
-65.681,202.088,348.344
-65.726,202.333,348.300
-65.771,202.566,348.256
-65.816,202.810,348.223
-65.871,203.055,348.201
-65.916,203.299,348.157
-65.970,203.544,348.113
-66.015,203.788,348.069
-66.060,204.021,348.025
-66.115,204.277,348.003
-66.160,204.521,347.981
-66.214,204.755,347.948
-66.259,204.999,347.915
-66.305,205.232,347.882
-66.359,205.488,347.871
-66.404,205.732,347.849
-66.459,205.965,347.838
-66.503,206.210,347.805
-66.558,206.443,347.772
-66.603,206.688,347.750
-66.648,206.932,347.717
-66.703,207.176,347.684
-66.748,207.421,347.662
-66.802,207.665,347.640
-66.857,207.910,347.618
-66.902,208.154,347.596
-66.956,208.399,347.563
-67.001,208.632,347.531
-67.056,208.865,347.498
-67.110,209.121,347.465
-67.155,209.365,347.432
-67.210,209.599,347.410
-67.264,209.843,347.388
-67.309,210.076,347.355
-67.364,210.321,347.322
-67.418,210.565,347.289
-67.463,210.810,347.245
-67.518,211.043,347.212
-67.572,211.288,347.190
-67.627,211.543,347.157
-67.681,211.777,347.135
-67.726,212.021,347.102
-67.781,212.265,347.069
-67.835,212.510,347.047
-67.890,212.754,347.014
-67.944,212.999,346.981
-67.999,213.243,346.948
-68.054,213.488,346.926
-68.108,213.732,346.904
-68.163,213.977,346.882
-68.217,214.221,346.849
-68.272,214.466,346.805
-68.326,214.710,346.772
-68.381,214.955,346.750
-68.435,215.199,346.718
-68.490,215.444,346.696
-68.544,215.688,346.674
-68.599,215.933,346.641
-68.653,216.188,346.608
-68.708,216.422,346.575
-68.762,216.677,346.542
-68.826,216.922,346.509
-68.881,217.166,346.487
-68.935,217.411,346.443
-68.990,217.655,346.410
-69.053,217.911,346.366
-69.108,218.155,346.344
-69.162,218.400,346.322
-69.226,218.655,346.311
-69.281,218.900,346.267
-69.335,219.144,346.223
-69.399,219.389,346.179
-69.435,219.589,346.146
-69.499,219.833,346.113
-69.554,220.078,346.080
-69.618,220.334,346.058
-69.672,220.578,346.025
-69.736,220.823,345.981
-69.791,221.078,345.938
-69.855,221.334,345.883
-69.909,221.578,345.850
-69.973,221.834,345.828
-70.037,222.079,345.806
-70.092,222.334,345.773
-70.155,222.590,345.740
-70.219,222.834,345.696
-70.274,223.090,345.652
-70.338,223.335,345.619
-70.402,223.590,345.586
-70.466,223.846,345.553
-70.530,224.102,345.509
-70.594,224.346,345.476
-70.658,224.602,345.443
-70.712,224.846,345.399
-70.767,225.046,345.377
-70.831,225.302,345.333
-70.895,225.547,345.300
-70.949,225.802,345.267
-71.013,226.047,345.223
-71.077,226.303,345.190
-71.132,226.514,345.157
-71.196,226.769,345.135
-71.260,227.014,345.114
-71.324,227.259,345.092
-71.370,227.459,345.059
-71.443,227.714,345.026
-71.489,227.914,345.004
-71.553,228.170,344.971
-71.616,228.426,344.949
-71.690,228.682,344.938
-71.754,228.937,344.916
-71.818,229.193,344.894
-71.891,229.449,344.861
-71.955,229.704,344.839
-72.019,229.960,344.806
-72.083,230.216,344.795
-72.147,230.471,344.773
-72.220,230.727,344.762
-72.284,230.983,344.751
-72.348,231.238,344.729
-72.422,231.494,344.718
-72.477,231.694,344.696
-72.540,231.950,344.696
-72.586,232.150,344.696
-72.659,232.406,344.696
-72.723,232.661,344.707
-72.778,232.862,344.707
-72.842,233.117,344.707
-72.916,233.373,344.707
-72.971,233.573,344.707
-73.035,233.829,344.707
-73.090,234.029,344.718
-73.154,234.285,344.729
-73.217,234.540,344.729
-73.272,234.740,344.729
-73.336,234.996,344.740
-73.391,235.196,344.751
-73.465,235.452,344.751
-73.510,235.652,344.762
-73.584,235.908,344.762
-73.648,236.163,344.762
-73.703,236.364,344.773
-73.767,236.619,344.773
-73.821,236.831,344.784
-73.885,237.086,344.795
-73.940,237.286,344.806
-74.004,237.542,344.817
-74.068,237.798,344.828
-74.123,237.998,344.828
-74.169,238.198,344.817
-74.242,238.454,344.817
-74.287,238.654,344.828
-74.342,238.854,344.839
-74.406,239.109,344.861
-74.461,239.310,344.872
-74.507,239.510,344.872
-74.580,239.765,344.872
-74.626,239.965,344.872
-74.681,240.166,344.872
-74.736,240.366,344.883
-74.781,240.566,344.894
-74.836,240.766,344.905
-74.891,240.966,344.905
-74.937,241.166,344.905
-75.001,241.422,344.916
-75.074,241.678,344.916
-75.120,241.878,344.927
-75.184,242.089,344.927
-75.229,242.289,344.927
-75.303,242.545,344.927
-75.348,242.745,344.927
-75.403,242.945,344.938
-75.449,243.145,344.949
-75.522,243.401,344.949
-75.577,243.601,344.949
-75.623,243.801,344.949
-75.678,244.001,344.949
-75.733,244.201,344.949
-75.778,244.401,344.949
-75.833,244.601,344.960
-75.879,244.801,344.971
-75.952,245.057,344.982
-76.007,245.268,344.993
-76.052,245.468,344.993
-76.107,245.669,345.004
-76.162,245.869,345.004
-76.208,246.069,345.004
-76.263,246.269,345.004
-76.308,246.469,345.004
-76.363,246.669,345.004
-76.418,246.880,345.004
-76.464,247.080,345.004
-76.519,247.280,345.015
-76.574,247.481,345.026
-76.619,247.681,345.037
-76.674,247.881,345.048
-76.729,248.092,345.048
-76.784,248.292,345.037
-76.829,248.492,345.026
-76.884,248.692,345.026
-76.930,248.903,345.026
-76.985,249.104,345.037
-77.040,249.304,345.048
-77.095,249.504,345.059
-77.140,249.704,345.070
-77.195,249.915,345.070
-77.268,250.182,345.059
-77.314,250.382,345.059
-77.369,250.582,345.048
-77.424,250.793,345.048
-77.479,250.994,345.059
-77.524,251.205,345.070
-77.579,251.405,345.081
-77.634,251.605,345.103
-77.679,251.805,345.103
-77.734,252.005,345.103
-77.789,252.216,345.103
-77.835,252.416,345.114
-77.890,252.617,345.114
-77.945,252.828,345.125
-77.990,253.028,345.135
-78.045,253.228,345.135
-78.100,253.428,345.146
-78.145,253.639,345.157
-78.200,253.839,345.157
-78.255,254.039,345.157
-78.301,254.239,345.157
-78.356,254.451,345.168
-78.411,254.651,345.168
-78.456,254.851,345.168
-78.511,255.051,345.179
-78.557,255.251,345.179
-78.612,255.462,345.179
-78.657,255.662,345.190
-78.712,255.874,345.190
-78.767,256.074,345.190
-78.812,256.274,345.190
-78.867,256.474,345.190
-78.913,256.674,345.190
-78.968,256.874,345.190
-79.023,257.085,345.201
-79.068,257.285,345.190
-79.123,257.485,345.190
-79.169,257.686,345.201
-79.224,257.886,345.201
-79.279,258.086,345.212
-79.324,258.286,345.212
-79.379,258.486,345.201
-79.425,258.686,345.190
-79.479,258.886,345.179
-79.525,259.086,345.157
-79.580,259.286,345.146
-79.625,259.486,345.146
-79.680,259.686,345.157
-79.726,259.887,345.168
-79.790,260.142,345.168
-79.863,260.398,345.168
-79.909,260.598,345.157
-79.954,260.798,345.157
-80.009,260.998,345.146
-80.073,261.254,345.146
-80.137,261.510,345.146
-80.201,261.765,345.157
-80.265,262.021,345.157
-80.329,262.277,345.146
-80.393,262.532,345.146
-80.466,262.788,345.146
-80.530,263.044,345.146
-80.594,263.288,345.146
-80.658,263.544,345.146
-80.722,263.788,345.135
-80.776,264.044,345.146
-80.840,264.289,345.146
-80.914,264.533,345.168
-80.978,264.778,345.179
-81.033,265.022,345.179
-81.097,265.267,345.190
-81.161,265.512,345.190
-81.215,265.756,345.190
-81.279,266.001,345.190
-81.343,266.245,345.201
-81.398,266.479,345.212
-81.462,266.723,345.223
-81.516,266.957,345.212
-81.581,267.190,345.201
-81.635,267.435,345.201
-81.699,267.668,345.201
-81.754,267.901,345.212
-81.818,268.135,345.223
-81.873,268.368,345.245
-81.937,268.602,345.256
-81.992,268.835,345.256
-82.046,269.057,345.256
-82.110,269.291,345.245
-82.165,269.513,345.245
-82.220,269.747,345.256
-82.284,269.980,345.278
-82.339,270.202,345.289
-82.393,270.425,345.300
-82.448,270.647,345.300
-82.503,270.869,345.300
-82.558,271.103,345.300
-82.622,271.325,345.300
-82.677,271.548,345.311
-82.731,271.770,345.333
-82.786,271.992,345.355
-82.841,272.203,345.366
-82.896,272.426,345.377
-82.951,272.648,345.366
-83.005,272.870,345.377
-83.060,273.082,345.399
-83.115,273.304,345.432
-83.160,273.515,345.465
-83.215,273.726,345.498
-83.270,273.949,345.509
-83.325,274.160,345.542
-83.370,274.371,345.564
-83.425,274.582,345.597
-83.480,274.793,345.641
-83.535,275.005,345.674
-83.580,275.216,345.707
-83.635,275.427,345.729
-83.680,275.638,345.751
-83.735,275.838,345.784
-83.781,276.049,345.806
-83.835,276.260,345.850
-83.881,276.472,345.894
-83.936,276.672,345.938
-83.981,276.883,345.970
-84.026,277.094,346.003
-84.081,277.294,346.025
-84.127,277.505,346.047
-84.172,277.716,346.091
-84.227,277.917,346.135
-84.272,278.128,346.168
-84.327,278.339,346.212
-84.373,278.539,346.256
-84.428,278.750,346.300
-84.473,278.961,346.322
-84.518,279.172,346.333
-84.573,279.384,346.355
-84.619,279.584,346.377
-84.664,279.795,346.421
-84.709,280.017,346.476
-84.764,280.228,346.520
-84.809,280.439,346.564
-84.855,280.639,346.597
-84.910,280.851,346.619
-84.955,281.062,346.641
-85.000,281.295,346.663
-85.055,281.506,346.685
-85.091,281.706,346.718
-85.146,281.928,346.761
-85.191,282.140,346.816
-85.246,282.362,346.849
-85.291,282.584,346.882
-85.337,282.784,346.893
-85.382,283.006,346.926
-85.437,283.229,346.948
-85.482,283.451,346.992
-85.527,283.673,347.025
-85.582,283.884,347.058
-85.627,284.095,347.091
-85.672,284.318,347.113
-85.727,284.551,347.146
-85.772,284.773,347.179
-85.818,284.984,347.212
-85.863,285.207,347.245
-85.918,285.429,347.278
-85.963,285.651,347.311
-86.008,285.873,347.355
-86.053,286.095,347.377
-86.099,286.307,347.410
-86.153,286.540,347.443
-86.198,286.773,347.476
-86.243,286.995,347.520
-86.298,287.218,347.563
-86.343,287.440,347.596
-86.389,287.662,347.618
-86.434,287.895,347.640
-86.479,288.118,347.662
-86.524,288.340,347.695
-86.569,288.573,347.728
-86.624,288.795,347.772
-86.669,289.029,347.816
-86.714,289.262,347.838
-86.759,289.484,347.860
-86.805,289.718,347.893
-86.850,289.951,347.915
-86.904,290.184,347.926
-86.949,290.417,347.948
-86.995,290.640,347.970
-87.040,290.873,348.003
-87.085,291.117,348.014
-87.139,291.351,348.025
-87.184,291.584,348.025
-87.229,291.817,348.025
-87.275,292.051,348.014
-87.329,292.295,348.003
-87.374,292.528,348.003
-87.419,292.762,348.003
-87.464,293.006,347.981
-87.519,293.239,347.970
-87.564,293.484,347.959
-87.609,293.717,347.948
-87.663,293.962,347.937
-87.709,294.195,347.926
-87.753,294.439,347.926
-87.808,294.684,347.915
-87.853,294.917,347.915
-87.898,295.161,347.915
-87.953,295.406,347.915
-87.998,295.639,347.915
-88.052,295.884,347.915
-88.097,296.128,347.904
-88.152,296.372,347.904
-88.197,296.617,347.904
-88.242,296.861,347.904
-88.296,297.106,347.904
-88.341,297.350,347.904
-88.396,297.595,347.915
-88.441,297.839,347.904
-88.495,298.083,347.893
-88.550,298.328,347.882
-88.595,298.572,347.871
-88.649,298.817,347.860
-88.694,299.072,347.860
-88.748,299.317,347.871
-88.793,299.561,347.882
-88.848,299.806,347.882
-88.893,300.061,347.871
-88.947,300.305,347.849
-88.992,300.561,347.838
-89.047,300.805,347.827
-89.101,301.061,347.838
-89.146,301.305,347.849
-89.200,301.561,347.849
-89.255,301.805,347.849
-89.300,302.061,347.827
-89.354,302.305,347.816
-89.409,302.561,347.816
-89.463,302.816,347.816
-89.508,303.072,347.816
-89.562,303.316,347.816
-89.617,303.572,347.805
-89.662,303.827,347.805
-89.716,304.083,347.805
-89.770,304.338,347.805
-89.825,304.594,347.805
-89.879,304.850,347.794
-89.924,305.105,347.794
-89.978,305.361,347.794
-90.033,305.616,347.794
-90.087,305.872,347.794
-90.132,306.127,347.794
-90.186,306.383,347.794
-90.232,306.583,347.783
-90.277,306.838,347.772
-90.331,307.094,347.761
-90.385,307.349,347.761
-90.440,307.605,347.761
-90.476,307.805,347.750
-90.521,308.005,347.750
-90.576,308.260,347.750
-90.620,308.516,347.750
-90.666,308.716,347.739
-90.720,308.972,347.728
-90.756,309.171,347.717
-90.802,309.371,347.706
-90.856,309.627,347.706
-90.892,309.827,347.706
-90.946,310.083,347.717
-90.982,310.282,347.717
-91.028,310.483,347.717
-91.082,310.738,347.706
-91.128,310.938,347.695
-91.163,311.138,347.684
-91.209,311.338,347.684
-91.245,311.538,347.695
-91.290,311.738,347.695
-91.326,311.938,347.695
-91.381,312.194,347.695
-91.426,312.394,347.695
-91.462,312.594,347.684
-91.498,312.793,347.684
-91.543,312.993,347.684
-91.589,313.205,347.684
-91.625,313.405,347.684
-91.670,313.605,347.684
-91.706,313.804,347.684
-91.752,314.005,347.684
-91.797,314.216,347.684
-91.833,314.416,347.684
-91.878,314.616,347.673
-91.914,314.816,347.673
-91.960,315.016,347.673
-92.005,315.227,347.673
-92.041,315.438,347.662
-92.086,315.638,347.662
-92.122,315.838,347.662
-92.168,316.049,347.662
-92.213,316.249,347.651
-92.258,316.460,347.662
-92.294,316.671,347.662
-92.340,316.871,347.662
-92.385,317.082,347.662
-92.430,317.282,347.651
-92.466,317.493,347.640
-92.512,317.693,347.640
-92.557,317.904,347.640
-92.593,318.115,347.629
-92.638,318.326,347.629
-92.684,318.538,347.618
-92.729,318.738,347.618
-92.774,318.949,347.596
-92.820,319.160,347.574
-92.865,319.371,347.552
-92.901,319.571,347.531
-92.946,319.782,347.509
-92.991,320.004,347.498
-93.037,320.215,347.487
-93.082,320.415,347.487
-93.128,320.627,347.476
-93.173,320.838,347.454
-93.218,321.049,347.432
-93.254,321.260,347.410
-93.309,321.471,347.388
-93.354,321.682,347.377
-93.400,321.893,347.355
-93.445,322.104,347.344
-93.490,322.316,347.322
-93.536,322.527,347.311
-93.571,322.749,347.300
-93.617,322.960,347.289
-93.672,323.171,347.278
-93.717,323.382,347.256
-93.762,323.604,347.234
-93.807,323.816,347.212
-93.853,324.027,347.201
-93.889,324.238,347.179
-93.943,324.460,347.168
-93.989,324.671,347.146
-94.034,324.882,347.135
-94.079,325.104,347.124
-94.125,325.316,347.124
-94.170,325.538,347.113
-94.225,325.749,347.113
-94.270,325.971,347.102
-94.315,326.182,347.080
-94.360,326.404,347.069
-94.406,326.627,347.058
-94.451,326.838,347.058
-94.506,327.060,347.058
-94.551,327.282,347.058
-94.596,327.493,347.069
-94.651,327.716,347.069
-94.696,327.927,347.058
-94.742,328.149,347.058
-94.787,328.371,347.058
-94.841,328.605,347.058
-94.887,328.827,347.069
-94.932,329.049,347.091
-94.987,329.260,347.102
-95.032,329.483,347.113
-95.087,329.705,347.113
-95.132,329.927,347.113
-95.177,330.160,347.102
-95.232,330.383,347.091
-95.277,330.605,347.102
-95.322,330.838,347.113
-95.377,331.060,347.135
-95.422,331.283,347.146
-95.477,331.505,347.146
-95.522,331.727,347.135
-95.577,331.961,347.124
-95.622,332.183,347.091
-95.667,332.416,347.069
-95.722,332.649,347.047
-95.767,332.872,347.025
-95.821,333.105,347.003
-95.867,333.327,346.981
-95.921,333.561,346.959
-95.967,333.783,346.926
-96.021,334.016,346.893
-96.076,334.250,346.860
-96.121,334.483,346.827
-96.176,334.716,346.805
-96.230,334.939,346.783
-96.275,335.172,346.750
-96.330,335.405,346.718
-96.385,335.639,346.674
-96.430,335.872,346.641
-96.484,336.094,346.608
-96.539,336.328,346.575
-96.594,336.561,346.531
-96.648,336.783,346.498
-96.694,337.017,346.465
-96.748,337.250,346.443
-96.803,337.472,346.421
-96.857,337.717,346.399
-96.912,337.939,346.377
-96.967,338.173,346.355
-97.012,338.395,346.322
-97.067,338.617,346.300
-97.121,338.850,346.278
-97.176,339.073,346.267
-97.231,339.306,346.245
-97.276,339.528,346.234
-97.331,339.762,346.212
-97.385,339.984,346.190
-97.431,340.206,346.168
-97.485,340.429,346.146
-97.540,340.651,346.135
-97.595,340.884,346.124
-97.649,341.107,346.113
-97.704,341.329,346.102
-97.759,341.540,346.091
-97.804,341.762,346.069
-97.859,341.985,346.058
-97.914,342.207,346.036
-97.969,342.429,346.014
-98.014,342.651,346.003
-98.069,342.874,345.981
-98.123,343.096,345.970
-98.178,343.307,345.959
-98.233,343.530,345.948
-98.278,343.741,345.948
-98.333,343.963,345.938
-98.388,344.174,345.927
-98.443,344.397,345.927
-98.488,344.619,345.927
-98.543,344.830,345.927
-98.597,345.052,345.927
-98.643,345.263,345.927
-98.698,345.475,345.938
-98.753,345.686,345.948
-98.807,345.897,345.948
-98.853,346.119,345.959
-98.907,346.331,345.959
-98.953,346.542,345.959
-99.008,346.753,345.959
-99.053,346.964,345.959
-99.108,347.175,345.959
-99.163,347.375,345.959
-99.208,347.587,345.970
-99.254,347.798,345.981
-99.308,348.009,345.992
-99.363,348.220,345.992
-99.409,348.431,346.003
-99.454,348.631,345.992
-99.509,348.842,345.992
-99.554,349.043,345.992
-99.609,349.254,345.992
-99.655,349.465,346.003
-99.700,349.665,346.025
-99.755,349.876,346.047
-99.800,350.076,346.058
-99.855,350.276,346.069
-99.901,350.487,346.080
-99.956,350.688,346.080
-100.001,350.888,346.080
-100.047,351.099,346.091
-100.092,351.299,346.102
-100.147,351.499,346.113
-100.193,351.699,346.135
-100.238,351.899,346.146
-100.293,352.110,346.157
-100.357,352.366,346.168
-100.402,352.566,346.179
-100.448,352.766,346.179
-100.493,352.966,346.190
-100.539,353.166,346.201
-100.584,353.366,346.212
-100.630,353.566,346.223
-100.693,353.822,346.234
-100.739,354.022,346.245
-100.784,354.222,346.256
-100.848,354.478,346.267
-100.894,354.678,346.278
-100.958,354.933,346.289
-101.003,355.133,346.300
-101.067,355.389,346.311
-101.121,355.644,346.311
-101.185,355.900,346.322
-101.249,356.156,346.322
-101.304,356.411,346.333
-101.368,356.667,346.344
-101.422,356.923,346.355
-101.486,357.167,346.366
-101.540,357.412,346.377
-101.595,357.667,346.377
-101.659,357.923,346.377
-101.713,358.167,346.388
-101.777,358.423,346.410
-101.832,358.656,346.421
-101.886,358.901,346.421
-101.950,359.157,346.432
-102.005,359.401,346.432
-102.059,359.646,346.443
-102.114,359.890,346.454
-102.168,360.123,346.465
-102.232,360.368,346.476
-102.287,360.612,346.487
-102.341,360.857,346.487
-102.396,361.090,346.498
-102.451,361.335,346.487
-102.515,361.579,346.498
-102.569,361.824,346.509
-102.624,362.057,346.520
-102.678,362.291,346.531
-102.733,362.535,346.531
-102.787,362.769,346.531
-102.842,363.013,346.531
-102.897,363.246,346.531
-102.951,363.480,346.531
-103.006,363.713,346.542
-103.060,363.958,346.553
-103.115,364.191,346.553
-103.170,364.424,346.564
-103.224,364.647,346.564
-103.279,364.891,346.564
-103.333,365.136,346.575
-103.388,365.369,346.575
-103.443,365.603,346.575
-103.497,365.836,346.586
-103.552,366.080,346.586
-103.606,366.325,346.586
-103.661,366.569,346.575
-103.715,366.803,346.564
-103.770,367.036,346.564
-103.825,367.281,346.564
-103.879,367.525,346.553
-103.934,367.770,346.553
-103.988,368.003,346.542
-104.043,368.247,346.531
-104.107,368.492,346.531
-104.161,368.736,346.542
-104.216,368.981,346.542
-104.270,369.225,346.542
-104.325,369.470,346.531
-104.389,369.714,346.520
-104.443,369.959,346.509
-104.498,370.203,346.520
-104.552,370.459,346.531
-104.616,370.704,346.542
-104.671,370.948,346.531
-104.725,371.193,346.520
-104.780,371.437,346.498
-104.844,371.693,346.487
-104.898,371.937,346.498
-104.953,372.193,346.498
-105.017,372.437,346.509
-105.071,372.693,346.509
-105.125,372.937,346.498
-105.180,373.182,346.487
-105.244,373.438,346.465
-105.298,373.693,346.454
-105.362,373.949,346.454
-105.417,374.193,346.443
-105.481,374.449,346.421
-105.535,374.704,346.410
-105.599,374.949,346.399
-105.653,375.205,346.388
-105.717,375.460,346.377
-105.772,375.716,346.366
-105.836,375.971,346.355
-105.890,376.227,346.333
-105.954,376.483,346.322
-106.008,376.738,346.322
-106.063,376.938,346.311
-106.118,377.194,346.311
-106.182,377.450,346.300
-106.245,377.705,346.289
-106.300,377.961,346.267
-106.364,378.217,346.256
-106.409,378.417,346.245
-106.473,378.672,346.223
-106.519,378.872,346.223
-106.564,379.072,346.223
-106.628,379.328,346.212
-106.682,379.584,346.201
-106.746,379.839,346.179
-106.792,380.039,346.168
-106.837,380.239,346.157
-106.901,380.495,346.135
-106.947,380.695,346.135
-107.010,380.951,346.113
-107.056,381.151,346.113
-107.101,381.351,346.091
-107.165,381.606,346.080
-107.211,381.806,346.069
-107.256,382.006,346.047
-107.311,382.207,346.036
-107.357,382.407,346.025
-107.402,382.607,346.025
-107.448,382.807,346.014
-107.503,383.007,346.014
-107.548,383.207,346.003
-107.612,383.463,345.981
-107.657,383.663,345.959
-107.703,383.863,345.948
-107.758,384.074,345.927
-107.803,384.274,345.916
-107.849,384.474,345.916
-107.904,384.674,345.905
-107.949,384.874,345.883
-107.994,385.085,345.872
-108.049,385.285,345.861
-108.095,385.485,345.850
-108.140,385.685,345.828
-108.195,385.886,345.806
-108.241,386.097,345.795
-108.296,386.297,345.773
-108.341,386.497,345.762
-108.396,386.697,345.751
-108.442,386.897,345.740
-108.487,387.108,345.718
-108.542,387.308,345.696
-108.587,387.519,345.685
-108.642,387.720,345.663
-108.688,387.931,345.652
-108.743,388.131,345.619
-108.788,388.331,345.597
-108.843,388.531,345.575
-108.898,388.742,345.553
-108.943,388.942,345.520
-108.998,389.154,345.498
-109.044,389.354,345.476
-109.099,389.565,345.454
-109.154,389.776,345.421
-109.199,389.976,345.399
-109.254,390.176,345.366
-109.309,390.387,345.344
-109.354,390.599,345.311
-109.409,390.799,345.278
-109.464,391.010,345.256
-109.519,391.221,345.223
-109.564,391.421,345.201
-109.619,391.632,345.179
-109.674,391.833,345.157
-109.729,392.044,345.125
-109.784,392.255,345.081
-109.839,392.455,345.037
-109.884,392.666,345.004
-109.939,392.877,344.971
-109.994,393.089,344.938
-110.049,393.300,344.916
-110.104,393.511,344.883
-110.159,393.711,344.850
-110.214,393.923,344.817
-110.259,394.134,344.784
-110.323,394.345,344.751
-110.378,394.556,344.707
-110.433,394.767,344.674
-110.488,394.979,344.641
-110.543,395.179,344.608
-110.598,395.390,344.575
-110.653,395.601,344.542
-110.717,395.813,344.509
-110.772,396.024,344.476
-110.827,396.235,344.443
-110.882,396.446,344.410
-110.946,396.658,344.366
-111.001,396.869,344.333
-111.056,397.091,344.301
-111.111,397.302,344.257
-111.175,397.514,344.224
-111.230,397.725,344.191
-111.285,397.936,344.169
-111.349,398.147,344.147
-111.404,398.359,344.114
-111.459,398.570,344.081
-111.523,398.781,344.037
-111.578,399.004,344.004
-111.633,399.215,343.971
-111.697,399.426,343.927
-111.752,399.648,343.905
-111.817,399.860,343.883
-111.881,400.071,343.861
-111.936,400.282,343.828
-112.000,400.505,343.795
-112.055,400.716,343.751
-112.119,400.927,343.718
-112.174,401.150,343.685
-112.239,401.361,343.652
-112.293,401.583,343.619
-112.358,401.795,343.597
-112.422,402.006,343.575
-112.477,402.217,343.542
-112.541,402.440,343.521
-112.606,402.651,343.488
-112.670,402.873,343.444
-112.725,403.085,343.411
-112.789,403.307,343.378
-112.853,403.518,343.356
-112.918,403.741,343.323
-112.973,403.952,343.301
-113.037,404.174,343.268
-113.101,404.386,343.235
-113.166,404.608,343.202
-113.230,404.819,343.169
-113.294,405.042,343.136
-113.359,405.264,343.103
-113.423,405.476,343.070
-113.487,405.698,343.037
-113.552,405.909,343.004
-113.616,406.132,342.971
-113.680,406.354,342.938
-113.745,406.565,342.905
-113.809,406.788,342.883
-113.873,407.010,342.839
-113.938,407.222,342.806
-114.002,407.444,342.762
-114.066,407.655,342.719
-114.131,407.878,342.675
-114.204,408.100,342.642
-114.269,408.312,342.609
-114.333,408.523,342.565
-114.397,408.745,342.521
-114.462,408.957,342.477
-114.526,409.168,342.422
-114.591,409.379,342.378
-114.655,409.591,342.334
-114.719,409.802,342.301
-114.793,410.025,342.268
-114.858,410.236,342.235
-114.922,410.436,342.191
-114.987,410.647,342.158
-115.051,410.859,342.114
-115.106,411.059,342.070
-115.170,411.270,342.037
-115.244,411.471,342.015
-115.299,411.671,341.982
-115.364,411.871,341.971
-115.447,412.127,341.938
-115.520,412.372,341.906
-115.604,412.616,341.851
-115.677,412.850,341.807
-115.751,413.095,341.774
-115.825,413.328,341.730
-115.908,413.562,341.697
-115.981,413.807,341.653
-116.055,414.040,341.609
-116.129,414.274,341.576
-116.203,414.496,341.532
-116.276,414.730,341.499
-116.350,414.964,341.455
-116.424,415.197,341.422
-116.497,415.420,341.378
-116.571,415.653,341.334
-116.645,415.876,341.290
-116.719,416.098,341.257
-116.792,416.332,341.224
-116.866,416.554,341.202
-116.940,416.777,341.169
-117.014,417.000,341.136
-117.088,417.222,341.093
-117.171,417.445,341.049
-117.245,417.667,341.016
-117.309,417.890,340.983
-117.383,418.112,340.972
-117.466,418.335,340.961
-117.540,418.557,340.950
-117.614,418.780,340.928
-117.678,419.002,340.884
-117.752,419.214,340.840
-117.826,419.436,340.807
-117.900,419.670,340.785
-117.974,419.881,340.774
-118.047,420.104,340.763
-118.121,420.315,340.741
-118.195,420.538,340.708
-118.269,420.760,340.675
-118.343,420.983,340.642
-118.417,421.194,340.609
-118.490,421.417,340.587
-118.564,421.628,340.576
-118.648,421.851,340.554
-118.722,422.073,340.532
-118.796,422.285,340.510
-118.869,422.496,340.477
-118.943,422.719,340.444
-119.017,422.941,340.422
-119.091,423.164,340.411
-119.174,423.375,340.389
-119.248,423.598,340.356
-119.322,423.809,340.334
-119.396,424.032,340.312
-119.470,424.254,340.334
-119.553,424.466,340.378
-119.627,424.688,340.411
-119.701,424.900,340.433
-119.784,425.122,340.433
-119.858,425.345,340.433
-119.932,425.567,340.466
-120.006,425.790,340.499
-120.080,426.012,340.532
-120.163,426.235,340.565
-120.237,426.458,340.598
-120.311,426.680,340.631
-120.394,426.903,340.653
-120.468,427.136,340.675
-120.541,427.359,340.697
-120.625,427.581,340.708
-120.699,427.804,340.730
-120.772,428.038,340.763
-120.846,428.260,340.796
-120.929,428.494,340.829
-121.003,428.716,340.862
-121.086,428.950,340.884
-121.160,429.173,340.906
-121.234,429.406,340.928
-121.317,429.640,340.950
-121.391,429.873,340.994
-121.464,430.107,341.016
-121.548,430.341,341.060
-121.621,430.574,341.082
-121.705,430.797,341.104
-121.778,431.031,341.136
-121.861,431.275,341.158
-121.935,431.509,341.180
-122.009,431.743,341.213
-122.092,431.976,341.235
-122.166,432.210,341.279
-122.249,432.455,341.312
-122.323,432.688,341.345
-122.396,432.922,341.367
-122.479,433.156,341.389
-122.553,433.400,341.411
-122.636,433.634,341.433
-122.710,433.868,341.466
-122.783,434.112,341.488
-122.867,434.346,341.521
-122.940,434.591,341.543
-123.014,434.824,341.576
-123.088,435.058,341.598
-123.171,435.303,341.631
-123.244,435.536,341.664
-123.318,435.781,341.697
-123.401,436.015,341.730
-123.475,436.259,341.752
-123.548,436.493,341.785
-123.622,436.738,341.807
-123.705,436.983,341.840
-123.779,437.216,341.851
-123.853,437.450,341.862
-123.936,437.695,341.873
-124.009,437.928,341.873
-124.083,438.173,341.884
-124.156,438.418,341.895
-124.230,438.651,341.906
-124.313,438.896,341.906
-124.387,439.130,341.906
-124.461,439.363,341.895
-124.534,439.608,341.884
-124.608,439.852,341.884
-124.691,440.086,341.884
-124.765,440.331,341.895
-124.838,440.564,341.906
-124.912,440.809,341.906
-124.986,441.043,341.895
-125.059,441.276,341.895
-125.133,441.521,341.884
-125.216,441.755,341.884
-125.290,441.999,341.884
-125.363,442.233,341.895
-125.437,442.467,341.906
-125.511,442.700,341.917
-125.584,442.945,341.906
-125.658,443.179,341.895
-125.741,443.412,341.884
-125.815,443.657,341.884
-125.888,443.891,341.884
-125.962,444.124,341.895
-126.036,444.358,341.884
-126.109,444.602,341.873
-126.183,444.836,341.873
-126.257,445.070,341.873
-126.330,445.303,341.873
-126.414,445.548,341.873
-126.487,445.782,341.862
-126.561,446.015,341.873
-126.635,446.249,341.873
-126.708,446.494,341.873
-126.782,446.727,341.884
-126.856,446.961,341.884
-126.929,447.194,341.895
-127.003,447.428,341.895
-127.076,447.673,341.884
-127.150,447.895,341.895
-127.224,448.129,341.895
-127.298,448.373,341.906
-127.371,448.607,341.917
-127.445,448.852,341.927
-127.519,449.074,341.938
-127.592,449.308,341.938
-127.666,449.542,341.949
-127.740,449.786,341.949
-127.823,450.020,341.949
-127.887,450.253,341.949
-127.970,450.487,341.960
-128.044,450.721,341.971
-128.118,450.954,341.982
-128.191,451.199,341.982
-128.265,451.433,341.971
-128.338,451.666,341.960
-128.412,451.900,341.960
-128.486,452.145,341.971
-128.559,452.378,341.971
-128.633,452.612,341.971
-128.707,452.845,341.982
-128.781,453.079,341.993
-128.854,453.313,341.993
-128.928,453.546,341.982
-129.002,453.780,341.971
-129.075,454.013,341.971
-129.149,454.258,341.971
-129.223,454.492,341.971
-129.296,454.725,341.982
-129.370,454.959,341.982
-129.444,455.192,341.971
-129.517,455.426,341.960
-129.591,455.671,341.949
-129.665,455.904,341.938
-129.738,456.138,341.927
-129.812,456.372,341.927
-129.895,456.605,341.906
-129.969,456.850,341.895
-130.042,457.084,341.884
-130.116,457.317,341.862
-130.190,457.551,341.840
-130.263,457.784,341.818
-130.337,458.018,341.796
-130.411,458.263,341.774
-130.484,458.496,341.752
-130.558,458.730,341.741
-130.641,458.975,341.719
-130.715,459.208,341.708
-130.789,459.442,341.686
-130.872,459.676,341.664
-130.945,459.920,341.631
-131.019,460.154,341.598
-131.093,460.399,341.587
-131.176,460.632,341.576
-131.250,460.866,341.565
-131.323,461.099,341.554
-131.406,461.344,341.532
-131.480,461.578,341.510
-131.554,461.811,341.499
-131.637,462.056,341.488
-131.711,462.290,341.488
-131.784,462.523,341.488
-131.867,462.757,341.477
-131.941,463.002,341.466
-132.015,463.235,341.455
-132.098,463.469,341.444
-132.172,463.703,341.433
-132.245,463.936,341.433
-132.319,464.170,341.433
-132.402,464.404,341.455
-132.476,464.637,341.466
-132.550,464.871,341.488
-132.623,465.105,341.510
-132.697,465.327,341.543
-132.771,465.561,341.576
-132.844,465.794,341.609
-132.918,466.017,341.631
-132.992,466.250,341.664
-133.066,466.473,341.697
-133.139,466.707,341.730
-133.213,466.940,341.763
-133.277,467.163,341.796
-133.351,467.385,341.840
-133.425,467.608,341.873
-133.499,467.841,341.906
-133.563,468.064,341.927
-133.637,468.275,341.949
-133.701,468.497,341.982
-133.775,468.720,342.015
-133.839,468.942,342.059
-133.913,469.165,342.092
-133.977,469.387,342.136
-134.042,469.599,342.169
-134.116,469.810,342.202
-134.180,470.033,342.224
-134.244,470.244,342.246
-134.309,470.466,342.279
-134.373,470.678,342.312
-134.438,470.889,342.345
-134.511,471.100,342.367
-134.576,471.312,342.400
-134.640,471.523,342.422
-134.705,471.734,342.433
-134.760,471.946,342.444
-134.824,472.157,342.455
-134.888,472.368,342.466
-134.953,472.580,342.477
-135.017,472.780,342.499
-135.082,472.980,342.521
-135.137,473.202,342.543
-135.201,473.403,342.565
-135.266,473.603,342.587
-135.330,473.814,342.609
-135.385,474.014,342.642
-135.449,474.226,342.675
-135.504,474.426,342.719
-135.569,474.626,342.751
-135.624,474.826,342.795
-135.688,475.026,342.839
-135.753,475.227,342.872
-135.808,475.427,342.916
-135.863,475.627,342.960
-135.927,475.827,342.993
-135.982,476.027,343.037
-136.037,476.228,343.070
-136.102,476.428,343.103
-136.157,476.628,343.136
-136.231,476.873,343.169
-136.286,477.073,343.180
-136.359,477.317,343.213
-136.414,477.518,343.246
-136.488,477.751,343.279
-136.543,477.951,343.301
-136.598,478.151,343.312
-136.671,478.396,343.323
-136.735,478.641,343.345
-136.809,478.885,343.367
-136.882,479.130,343.400
-136.947,479.375,343.433
-137.020,479.608,343.455
-137.075,479.808,343.466
-137.139,480.053,343.466
-137.213,480.287,343.477
-137.268,480.487,343.488
-137.332,480.720,343.510
-137.396,480.965,343.521
-137.470,481.198,343.510
-137.534,481.443,343.477
-137.598,481.677,343.433
-137.672,481.910,343.356
-137.736,482.155,343.279
-137.809,482.388,343.213
-137.874,482.622,343.158
-137.947,482.855,343.092
-138.011,483.100,343.015
-138.085,483.334,342.916
-138.149,483.567,342.817
-138.223,483.790,342.697
-138.287,484.023,342.565
-138.361,484.257,342.433
-138.425,484.490,342.301
-138.499,484.724,342.180
-138.572,484.957,342.059
-138.646,485.180,341.927
-138.720,485.414,341.807
-138.794,485.647,341.686
-138.867,485.881,341.565
-138.941,486.114,341.444
-139.015,486.337,341.312
-139.088,486.570,341.169
-139.162,486.804,341.049
-139.245,487.038,340.917
-139.319,487.271,340.785
-139.402,487.494,340.653
-139.476,487.728,340.532
-139.559,487.961,340.400
-139.633,488.195,340.269
-139.716,488.429,340.126
-139.790,488.651,339.972
-139.873,488.885,339.818
-139.956,489.119,339.675
-140.040,489.352,339.543
-140.123,489.575,339.412
-140.206,489.809,339.269
-140.290,490.031,339.115
-140.364,490.221,338.983
-140.447,490.454,338.818
-140.530,490.688,338.676
-140.623,490.911,338.544
-140.706,491.144,338.412
-140.780,491.334,338.302
-140.873,491.567,338.159
-140.957,491.790,338.016
-141.049,492.024,337.874
-141.123,492.213,337.753
-141.216,492.447,337.577
-141.309,492.670,337.401
-141.402,492.904,337.203
-141.495,493.137,336.984
-141.597,493.371,336.764
-141.690,493.594,336.555
-141.764,493.783,336.368
-141.848,493.973,336.193
-141.931,494.162,336.017
-142.006,494.351,335.841
-142.117,494.585,335.632
-142.192,494.775,335.457
-142.285,494.953,335.281
-142.369,495.142,335.083
-142.452,495.332,334.896
-142.536,495.532,334.720
-142.629,495.722,334.556
-142.713,495.911,334.380
-142.806,496.089,334.204
-142.890,496.290,334.006
-142.983,496.468,333.809
-143.076,496.669,333.611
-143.170,496.858,333.413
-143.263,497.048,333.215
-143.356,497.237,333.018
-143.449,497.427,332.820
-143.542,497.627,332.633
-143.645,497.817,332.435
-143.738,498.006,332.238
-143.841,498.207,332.029
-143.944,498.397,331.820
-144.047,498.586,331.611
-144.149,498.787,331.403
-144.252,498.988,331.205
-144.355,499.177,331.029
-144.458,499.367,330.853
-144.570,499.568,330.677
-144.672,499.757,330.502
-144.785,499.958,330.337
-144.887,500.147,330.194
-145.000,500.348,330.117
-145.102,500.538,330.084
-145.215,500.739,330.062
-145.327,500.939,330.051
-145.439,501.140,330.040
-145.551,501.330,330.018
-145.663,501.531,330.007
-145.776,501.731,329.974
-145.888,501.932,329.952
-146.000,502.133,329.941
-146.112,502.334,329.930
-146.224,502.534,329.930
-146.337,502.735,329.908
-146.458,502.936,329.908
-146.570,503.137,329.897
-146.683,503.338,329.875
-146.795,503.538,329.875
-146.916,503.750,329.865
-147.029,503.951,329.854
-147.141,504.152,329.843
-147.262,504.364,329.832
-147.375,504.565,329.821
-147.496,504.777,329.821
-147.608,504.977,329.810
-147.730,505.189,329.821
-147.852,505.401,329.821
-147.964,505.602,329.821
-148.085,505.814,329.799
-148.207,506.026,329.777
-148.319,506.238,329.766
-148.441,506.450,329.755
-148.562,506.662,329.755
-148.684,506.874,329.766
-148.805,507.086,329.766
-148.927,507.298,329.766
-149.049,507.510,329.744
-149.170,507.722,329.722
-149.301,507.945,329.700
-149.423,508.168,329.689
-149.544,508.380,329.689
-149.666,508.603,329.689
-149.797,508.815,329.700
-149.918,509.038,329.689
-150.049,509.261,329.689
-150.171,509.484,329.667
-150.292,509.696,329.645
-150.423,509.919,329.634
-150.554,510.153,329.634
-150.676,510.377,329.634
-150.807,510.600,329.634
-150.938,510.823,329.623
-151.069,511.046,329.612
-151.190,511.269,329.590
-151.293,511.448,329.579
-151.424,511.671,329.568
-151.555,511.894,329.568
-151.648,512.072,329.579
-151.779,512.295,329.568
-151.882,512.474,329.568
-152.013,512.708,329.546
-152.144,512.931,329.546
-152.238,513.110,329.546
-152.369,513.333,329.535
-152.472,513.511,329.524
-152.574,513.690,329.513
-152.677,513.868,329.502
-152.808,514.091,329.491
-152.911,514.270,329.491
-153.005,514.448,329.491
-153.107,514.627,329.491
-153.248,514.850,329.502
-153.341,515.029,329.491
-153.482,515.263,329.480
-153.594,515.453,329.480
-153.697,515.631,329.491
-153.800,515.810,329.502
-153.893,515.988,329.546
-153.996,516.166,329.612
-154.099,516.345,329.656
-154.202,516.523,329.656
-154.295,516.702,329.634
-154.398,516.880,329.623
-154.501,517.059,329.634
-154.594,517.259,329.645
-154.697,517.438,329.700
-154.800,517.616,329.788
-154.912,517.806,329.865
-155.025,517.985,329.897
-155.128,518.163,329.908
-155.231,518.342,329.919
-155.352,518.565,329.941
-155.455,518.743,329.963
-155.558,518.922,330.007
-155.660,519.122,330.051
-155.763,519.301,330.106
-155.866,519.479,330.150
-155.997,519.714,330.216
-156.128,519.948,330.282
-156.231,520.126,330.326
-156.324,520.305,330.381
-156.427,520.483,330.447
-156.521,520.662,330.513
-156.623,520.840,330.590
-156.717,521.019,330.667
-156.820,521.197,330.754
-156.913,521.375,330.853
-157.006,521.554,330.941
-157.100,521.732,331.051
-157.203,521.911,331.161
-157.296,522.089,331.282
-157.389,522.268,331.414
-157.483,522.446,331.545
-157.576,522.624,331.666
-157.670,522.803,331.798
-157.763,522.981,331.919
-157.856,523.160,332.051
-157.950,523.338,332.183
-158.071,523.572,332.380
-158.183,523.806,332.589
-158.276,523.984,332.732
-158.388,524.218,332.919
-158.481,524.397,333.073
-158.593,524.631,333.281
-158.705,524.865,333.501
-158.817,525.099,333.732
-158.929,525.333,333.962
-159.022,525.522,334.149
-159.134,525.756,334.413
-159.245,525.991,334.677
-159.348,526.213,334.929
-159.450,526.447,335.160
-159.562,526.692,335.391
-159.664,526.926,335.632
-159.766,527.160,335.896
-159.869,527.383,336.149
-159.971,527.617,336.379
-160.064,527.851,336.599
-160.166,528.085,336.830
-160.259,528.319,337.050
-160.333,528.508,337.203
-160.426,528.731,337.434
-160.519,528.964,337.654
-160.611,529.198,337.885
-160.704,529.432,338.082
-160.807,529.655,338.280
-160.890,529.889,338.445
-160.983,530.122,338.632
-161.066,530.345,338.851
-161.149,530.579,339.104
-161.252,530.801,339.335
-161.335,531.035,339.543
-161.408,531.269,339.719
-161.492,531.503,339.895
-161.575,531.725,340.071
-161.658,531.959,340.269
-161.741,532.193,340.488
-161.815,532.426,340.708
-161.899,532.649,340.917
-161.982,532.883,341.104
-162.055,533.116,341.279
-162.139,533.350,341.455
-162.212,533.583,341.631
-162.286,533.817,341.807
-162.360,534.051,341.993
-162.433,534.284,342.158
-162.498,534.518,342.312
-162.571,534.751,342.455
-162.645,534.985,342.598
-162.709,535.218,342.740
-162.783,535.452,342.872
-162.847,535.686,343.004
-162.921,535.919,343.103
-162.985,536.164,343.191
-163.058,536.397,343.257
-163.123,536.631,343.323
-163.187,536.864,343.378
-163.251,537.109,343.433
-163.324,537.343,343.466
-163.388,537.587,343.510
-163.453,537.821,343.542
-163.526,538.054,343.586
-163.590,538.299,343.630
-163.664,538.532,343.674
-163.728,538.766,343.707
-163.802,539.011,343.718
-163.866,539.255,343.729
-163.930,539.489,343.729
-163.994,539.733,343.740
-164.058,539.967,343.751
-164.132,540.211,343.751
-164.196,540.456,343.751
-164.269,540.690,343.740
-164.333,540.934,343.740
-164.398,541.168,343.751
-164.471,541.412,343.751
-164.535,541.657,343.740
-164.609,541.902,343.751
-164.673,542.146,343.762
-164.746,542.380,343.762
-164.810,542.624,343.762
-164.884,542.869,343.751
-164.948,543.125,343.729
-165.012,543.369,343.729
-165.086,543.614,343.729
-165.159,543.859,343.740
-165.223,544.103,343.729
-165.297,544.348,343.718
-165.361,544.593,343.707
-165.434,544.837,343.685
-165.508,545.093,343.674
-165.572,545.338,343.652
-165.645,545.582,343.630
-165.709,545.827,343.630
-165.783,546.061,343.630
-165.847,546.305,343.619
-165.921,546.539,343.608
-165.985,546.783,343.586
-166.049,547.028,343.586
-166.123,547.261,343.586
-166.187,547.506,343.597
-166.251,547.740,343.597
-166.315,547.973,343.586
-166.379,548.195,343.586
-166.453,548.429,343.586
-166.508,548.662,343.575
-166.581,548.896,343.564
-166.636,549.129,343.564
-166.700,549.352,343.553
-166.764,549.585,343.542
-166.829,549.808,343.542
-166.893,550.030,343.542
-166.957,550.264,343.542
-167.021,550.486,343.564
-167.086,550.709,343.630
-167.140,550.931,343.740
-167.205,551.153,343.894
-167.269,551.376,344.081
-167.324,551.598,344.301
-167.388,551.832,344.520
-167.452,552.054,344.740
-167.507,552.276,344.960
-167.562,552.499,345.179
-167.616,552.721,345.410
-167.671,552.943,345.663
-167.726,553.177,345.938
-167.780,553.399,346.245
-167.835,553.610,346.564
-167.880,553.832,346.893
-167.935,554.055,347.234
-167.980,554.277,347.563
-168.026,554.499,347.882
-168.080,554.721,348.190
-168.116,554.932,348.508
-168.161,555.155,348.827
-168.197,555.377,349.146
-168.242,555.599,349.475
-168.278,555.821,349.805
-168.314,556.043,350.112
-168.349,556.265,350.387
-168.385,556.487,350.673
-168.421,556.709,350.969
-168.456,556.931,351.266
-168.483,557.153,351.562
-168.509,557.375,351.859
-168.544,557.598,352.134
-168.571,557.820,352.375
-168.597,558.053,352.573
-168.623,558.275,352.771
-168.649,558.497,352.980
-168.675,558.719,353.188
-168.701,558.941,353.386
-168.727,559.174,353.573
-168.753,559.396,353.727
-168.770,559.618,353.804
-168.787,559.839,353.848
-168.803,560.072,353.903
-168.829,560.294,353.958
-168.846,560.516,354.034
-168.872,560.738,354.089
-168.898,560.960,354.133
-168.915,561.193,354.155
-168.931,561.415,354.144
-168.957,561.637,354.133
-168.974,561.859,354.133
-168.991,562.092,354.144
-169.017,562.314,354.166
-169.033,562.536,354.188
-169.059,562.758,354.221
-169.076,562.991,354.243
-169.093,563.213,354.243
-169.119,563.435,354.232
-169.135,563.668,354.232
-169.152,563.890,354.243
-169.168,564.112,354.276
-169.195,564.334,354.309
-169.211,564.555,354.331
-169.237,564.777,354.353
-169.254,564.999,354.364
-169.271,565.221,354.386
-169.287,565.454,354.408
-169.313,565.676,354.452
-169.330,565.898,354.507
-169.346,566.120,354.562
-169.363,566.342,354.628
-169.380,566.575,354.694
-169.396,566.797,354.771
-169.422,567.019,354.847
-169.439,567.241,354.946
-169.456,567.462,355.056
-169.472,567.684,355.166
-169.489,567.906,355.298
-169.505,568.128,355.419
-169.513,568.350,355.529
-169.529,568.572,355.649
-169.546,568.794,355.792
-169.553,569.004,355.924
-169.570,569.226,356.067
-169.586,569.448,356.188
-169.593,569.670,356.309
-169.600,569.892,356.418
-169.617,570.114,356.528
-169.624,570.335,356.649
-169.631,570.546,356.781
-169.648,570.768,356.902
-169.655,570.990,357.034
-169.662,571.200,357.166
-169.669,571.422,357.286
-169.686,571.644,357.396
-169.693,571.866,357.484
-169.691,572.077,357.561
-169.698,572.287,357.605
-169.705,572.509,357.638
-169.712,572.731,357.682
-169.719,572.942,357.704
-169.726,573.152,357.715
-169.734,573.374,357.726
-169.741,573.585,357.726
-169.748,573.795,357.715
-169.755,574.017,357.693
-169.753,574.228,357.660
-169.760,574.438,357.627
-169.767,574.649,357.583
-169.774,574.860,357.539
-169.782,575.071,357.473
-169.789,575.281,357.396
-169.796,575.492,357.319
-169.803,575.703,357.231
-169.810,575.913,357.133
-169.818,576.124,357.034
-169.834,576.335,356.946
-169.842,576.546,356.847
-169.848,576.801,356.726
-169.855,577.011,356.616
-169.872,577.222,356.517
-169.879,577.433,356.407
-169.896,577.688,356.287
-169.903,577.899,356.177
-169.920,578.109,356.067
-169.927,578.320,355.957
-169.944,578.520,355.847
-169.960,578.731,355.726
-169.968,578.941,355.616
-169.984,579.152,355.518
-170.001,579.363,355.408
-170.008,579.574,355.298
-170.025,579.773,355.199
-170.042,579.984,355.078
-170.059,580.195,354.968
-170.075,580.406,354.847
-170.092,580.617,354.738
-170.109,580.827,354.617
-170.126,581.038,354.507
-170.142,581.249,354.397
-170.159,581.460,354.287
-170.185,581.671,354.188
-170.202,581.882,354.078
-170.219,582.103,353.969
-170.236,582.314,353.859
-170.262,582.525,353.738
-170.279,582.736,353.639
-170.305,582.947,353.529
-170.322,583.158,353.441
-170.348,583.369,353.342
-170.365,583.579,353.243
-170.391,583.801,353.156
-170.417,584.012,353.068
-170.443,584.223,352.980
-170.460,584.434,352.881
-170.486,584.656,352.793
-170.512,584.867,352.705
-170.539,585.089,352.617
-170.565,585.300,352.540
-170.591,585.511,352.463
-170.617,585.733,352.386
-170.644,585.944,352.310
-170.670,586.166,352.222
-170.696,586.377,352.112
-170.722,586.587,351.980
-170.748,586.809,351.837
-170.784,587.032,351.683
-170.810,587.254,351.541
-170.836,587.476,351.398
-170.872,587.687,351.255
-170.898,587.909,351.123
-170.934,588.131,350.969
-170.970,588.353,350.815
-171.005,588.575,350.629
-171.041,588.797,350.431
-171.067,589.030,350.233
-171.103,589.252,350.035
-171.138,589.474,349.849
-171.184,589.696,349.662
-171.219,589.919,349.464
-171.255,590.152,349.255
-171.300,590.374,349.047
-171.345,590.607,348.838
-171.381,590.829,348.629
-171.426,591.063,348.431
-171.471,591.296,348.234
-171.516,591.529,348.025
-171.561,591.763,347.805
-171.606,591.985,347.596
-171.661,592.218,347.377
-171.706,592.451,347.179
-171.761,592.696,346.970
-171.806,592.929,346.772
-171.860,593.163,346.575
-171.915,593.407,346.377
-171.970,593.640,346.168
-172.024,593.874,345.970
-172.088,594.118,345.762
-172.143,594.363,345.564
-172.207,594.596,345.366
-172.261,594.841,345.179
-172.325,595.085,344.993
-172.389,595.330,344.806
-172.453,595.575,344.608
-172.517,595.819,344.410
-172.581,596.075,344.235
-172.645,596.319,344.048
-172.719,596.564,343.872
-172.783,596.820,343.707
-172.856,597.064,343.553
-172.930,597.320,343.400
-173.003,597.576,343.257
-173.077,597.821,343.136
-173.150,598.077,343.026
-173.224,598.332,342.927
-173.297,598.588,342.850
-173.371,598.844,342.773
-173.444,599.100,342.729
-173.527,599.355,342.686
-173.601,599.611,342.642
-173.665,599.811,342.609
-173.739,600.067,342.576
-173.812,600.323,342.554
-173.895,600.579,342.521
-173.950,600.779,342.510
-174.033,601.035,342.488
-174.088,601.235,342.477
-174.161,601.491,342.477
-174.226,601.691,342.466
-174.281,601.891,342.466
-174.364,602.147,342.466
-174.419,602.347,342.466
-174.492,602.603,342.488
-174.575,602.859,342.510
-174.630,603.059,342.532
-174.695,603.259,342.554
-174.778,603.515,342.576
-174.833,603.715,342.598
-174.906,603.971,342.620
-174.971,604.171,342.642
-175.044,604.438,342.686
-175.117,604.694,342.719
-175.182,604.894,342.751
-175.237,605.094,342.784
-175.320,605.350,342.817
-175.375,605.550,342.839
-175.430,605.751,342.861
-175.485,605.951,342.894
-175.568,606.207,342.949
-175.623,606.407,342.982
-175.687,606.607,343.004
-175.742,606.807,343.026
-175.797,607.007,343.048
-175.852,607.207,343.081
-175.907,607.407,343.125
-175.972,607.608,343.169
-176.045,607.864,343.213
-176.100,608.064,343.246
-176.155,608.264,343.279
-176.210,608.464,343.312
-176.275,608.664,343.334
-176.330,608.864,343.367
-176.403,609.120,343.422
-176.458,609.320,343.466
-176.513,609.520,343.499
-176.568,609.721,343.510
-176.623,609.921,343.499
-176.697,610.176,343.466
-176.752,610.377,343.433
-176.825,610.632,343.400
-176.880,610.833,343.367
-176.945,611.033,343.334
-177.000,611.233,343.301
-177.055,611.433,343.257
-177.110,611.633,343.213
-177.183,611.878,343.147
-177.238,612.078,343.070
-177.321,612.345,342.971
-177.376,612.545,342.894
-177.431,612.745,342.817
-177.514,613.001,342.729
-177.587,613.257,342.664
-177.642,613.457,342.598
-177.707,613.657,342.543
-177.790,613.913,342.466
-177.845,614.113,342.400
-177.928,614.369,342.312
-178.001,614.625,342.224
-178.066,614.825,342.158
-178.139,615.081,342.092
-178.204,615.281,342.037
-178.287,615.537,341.960
-178.360,615.782,341.884
-178.425,615.982,341.829
-178.498,616.227,341.763
-178.563,616.427,341.719
-178.646,616.683,341.664
-178.719,616.939,341.609
-178.802,617.183,341.565
-178.885,617.439,341.521
-178.959,617.684,341.488
-179.042,617.940,341.466
-179.115,618.196,341.433
-179.198,618.440,341.411
-179.282,618.685,341.400
-179.365,618.941,341.389
-179.438,619.186,341.378
-179.521,619.442,341.378
-179.604,619.686,341.389
-179.678,619.931,341.400
-179.761,620.187,341.400
-179.844,620.432,341.400
-179.917,620.677,341.411
-180.000,620.932,341.422
-180.083,621.177,341.433
-180.157,621.422,341.455
-180.240,621.667,341.466
-180.323,621.923,341.466
-180.397,622.167,341.466
-180.480,622.412,341.477
-180.553,622.657,341.488
-180.636,622.902,341.499
-180.710,623.146,341.510
-180.793,623.391,341.521
-180.867,623.636,341.532
-180.950,623.880,341.554
-181.023,624.114,341.554
-181.097,624.359,341.565
-181.171,624.603,341.565
-181.254,624.848,341.587
-181.327,625.093,341.587
-181.410,625.327,341.609
-181.484,625.571,341.620
-181.558,625.816,341.631
-181.631,626.050,341.642
-181.705,626.283,341.653
-181.788,626.528,341.653
-181.862,626.773,341.664
-181.935,627.006,341.675
-182.009,627.240,341.686
-182.083,627.485,341.708
-182.156,627.718,341.708
-182.230,627.952,341.719
-182.313,628.186,341.719
-182.387,628.419,341.708
-182.460,628.664,341.719
-182.534,628.897,341.719
-182.608,629.131,341.730
-182.681,629.365,341.741
-182.755,629.598,341.752
-182.829,629.832,341.752
-182.903,630.065,341.752
-182.967,630.299,341.741
-183.041,630.521,341.730
-183.114,630.755,341.741
-183.188,630.989,341.752
-183.262,631.222,341.752
-183.335,631.445,341.752
-183.409,631.678,341.741
-183.483,631.901,341.730
-183.557,632.135,341.730
-183.630,632.368,341.741
-183.695,632.591,341.741
-183.768,632.813,341.741
-183.842,633.036,341.741
-183.916,633.269,341.730
-183.980,633.492,341.730
-184.054,633.725,341.741
-184.128,633.948,341.752
-184.201,634.170,341.752
-184.266,634.404,341.752
-184.339,634.626,341.741
-184.404,634.849,341.741
-184.477,635.071,341.741
-184.551,635.294,341.741
-184.625,635.516,341.752
-184.689,635.739,341.763
-184.763,635.961,341.763
-184.837,636.184,341.763
-184.901,636.406,341.752
-184.966,636.629,341.752
-185.039,636.851,341.741
-185.104,637.074,341.752
-185.178,637.285,341.763
-185.251,637.507,341.774
-185.316,637.730,341.774
-185.389,637.952,341.774
-185.454,638.164,341.774
-185.518,638.386,341.774
-185.592,638.598,341.763
-185.656,638.820,341.763
-185.730,639.043,341.774
-185.794,639.265,341.774
-185.868,639.476,341.774
-185.933,639.699,341.785
-185.997,639.910,341.796
-186.071,640.133,341.796
-186.135,640.344,341.796
-186.209,640.566,341.785
-186.273,640.778,341.774
-186.338,640.989,341.774
-186.412,641.212,341.763
-186.476,641.423,341.774
-186.540,641.645,341.785
-186.614,641.857,341.796
-186.679,642.068,341.796
-186.752,642.291,341.785
-186.817,642.513,341.785
-186.881,642.724,341.774
-186.955,642.936,341.774
-187.020,643.147,341.774
-187.084,643.370,341.785
-187.158,643.581,341.785
-187.222,643.803,341.796
-187.286,644.015,341.807
-187.360,644.226,341.818
-187.425,644.438,341.818
-187.489,644.649,341.807
-187.553,644.871,341.807
-187.627,645.083,341.818
-187.692,645.294,341.818
-187.766,645.506,341.818
-187.830,645.717,341.818
-187.894,645.939,341.829
-187.968,646.151,341.829
-188.033,646.362,341.829
-188.097,646.573,341.829
-188.161,646.785,341.818
-188.235,647.007,341.818
-188.300,647.219,341.818
-188.374,647.430,341.818
-188.438,647.652,341.818
-188.502,647.864,341.818
-188.567,648.075,341.818
-188.640,648.298,341.807
-188.705,648.509,341.796
-188.769,648.720,341.785
-188.843,648.932,341.774
-188.908,649.154,341.752
-188.972,649.365,341.741
-189.036,649.577,341.719
-189.110,649.788,341.708
-189.175,650.000,341.697
-189.249,650.211,341.686
-189.313,650.422,341.675
-189.377,650.645,341.664
-189.451,650.856,341.642
-189.516,651.068,341.631
-189.580,651.279,341.609
-189.644,651.490,341.609
-189.718,651.713,341.609
-189.783,651.924,341.609
-189.847,652.135,341.587
-189.921,652.347,341.576
-189.985,652.558,341.565
-190.050,652.769,341.554
-190.124,652.992,341.543
-190.188,653.192,341.532
-190.252,653.404,341.532
-190.326,653.626,341.521
-190.391,653.837,341.510
-190.464,654.060,341.510
-190.529,654.260,341.521
-190.603,654.483,341.521
-190.667,654.694,341.521
-190.741,654.905,341.499
-190.805,655.128,341.477
-190.879,655.339,341.466
-190.944,655.551,341.466
-191.018,655.773,341.477
-191.082,655.985,341.488
-191.156,656.207,341.499
-191.230,656.418,341.499
-191.294,656.630,341.499
-191.368,656.852,341.488
-191.432,657.075,341.488
-191.506,657.286,341.488
-191.570,657.509,341.499
-191.644,657.731,341.510
-191.718,657.943,341.532
-191.782,658.165,341.565
-191.856,658.387,341.598
-191.930,658.599,341.631
-191.994,658.821,341.653
-192.068,659.044,341.675
-192.133,659.266,341.697
-192.206,659.489,341.730
-192.271,659.700,341.763
-192.345,659.923,341.796
-192.409,660.145,341.829
-192.483,660.368,341.873
-192.547,660.579,341.906
-192.621,660.801,341.949
-192.685,661.024,341.971
-192.759,661.246,342.004
-192.823,661.469,342.026
-192.897,661.680,342.059
-192.961,661.903,342.103
-193.026,662.125,342.147
-193.099,662.348,342.180
-193.164,662.570,342.224
-193.238,662.793,342.257
-193.302,663.015,342.279
-193.366,663.237,342.312
-193.440,663.449,342.356
-193.504,663.671,342.389
-193.569,663.894,342.422
-193.642,664.116,342.466
-193.707,664.339,342.499
-193.771,664.561,342.532
-193.845,664.783,342.565
-193.909,665.006,342.587
-193.973,665.228,342.598
-194.038,665.451,342.587
-194.111,665.673,342.565
-194.176,665.896,342.532
-194.240,666.129,342.510
-194.304,666.341,342.488
-194.378,666.563,342.455
-194.442,666.785,342.422
-194.507,667.019,342.378
-194.580,667.241,342.334
-194.645,667.464,342.301
-194.718,667.686,342.268
-194.783,667.909,342.246
-194.856,668.131,342.213
-194.921,668.354,342.180
-194.995,668.576,342.136
-195.059,668.810,342.103
-195.133,669.032,342.059
-195.197,669.255,342.026
-195.271,669.488,341.982
-195.335,669.711,341.949
-195.409,669.933,341.917
-195.482,670.167,341.884
-195.547,670.389,341.851
-195.620,670.612,341.807
-195.694,670.845,341.774
-195.768,671.068,341.752
-195.832,671.301,341.719
-195.906,671.524,341.686
-195.980,671.758,341.664
-196.053,671.980,341.642
-196.127,672.214,341.620
-196.201,672.436,341.598
-196.275,672.670,341.565
-196.339,672.892,341.554
-196.412,673.126,341.521
-196.486,673.359,341.499
-196.560,673.593,341.488
-196.643,673.816,341.488
-196.717,674.049,341.477
-196.781,674.283,341.466
-196.855,674.505,341.466
-196.938,674.739,341.488
-197.012,674.973,341.510
-197.085,675.206,341.521
-197.159,675.440,341.521
-197.233,675.673,341.499
-197.307,675.896,341.477
-197.380,676.141,341.477
-197.454,676.385,341.521
-197.528,676.608,341.554
-197.601,676.830,341.576
-197.675,677.064,341.598
-197.758,677.309,341.587
-197.832,677.542,341.576
-197.896,677.776,341.576
-197.970,678.009,341.598
-198.053,678.243,341.620
-198.126,678.488,341.653
-198.200,678.721,341.664
-198.274,678.944,341.686
-198.357,679.178,341.697
-198.431,679.422,341.697
-198.504,679.667,341.708
-198.578,679.901,341.730
-198.652,680.134,341.741
-198.725,680.379,341.763
-198.799,680.613,341.796
-198.882,680.857,341.807
-198.956,681.102,341.796
-199.029,681.336,341.796
-199.103,681.569,341.796
-199.186,681.814,341.807
-199.260,682.059,341.829
-199.333,682.292,341.851
-199.407,682.537,341.862
-199.490,682.771,341.862
-199.564,683.015,341.873
-199.637,683.260,341.884
-199.711,683.505,341.884
-199.784,683.738,341.884
-199.868,683.972,341.873
-199.941,684.217,341.851
-200.015,684.462,341.829
-200.088,684.706,341.807
-200.162,684.940,341.785
-200.245,685.174,341.741
-200.319,685.418,341.675
-200.392,685.663,341.587
-200.476,685.908,341.477
-200.549,686.141,341.389
-200.623,686.375,341.290
-200.706,686.620,341.202
-200.780,686.853,341.115
-200.863,687.098,341.027
-200.936,687.343,340.950
-201.020,687.576,340.862
-201.103,687.821,340.796
-201.186,688.055,340.730
-201.259,688.300,340.686
-201.343,688.533,340.664
-201.426,688.778,340.642
-201.509,689.023,340.631
-201.583,689.257,340.609
-201.666,689.490,340.576
-201.749,689.735,340.554
-201.832,689.980,340.543
-201.915,690.214,340.532
-201.998,690.458,340.521
-202.081,690.692,340.521
-202.165,690.937,340.510
-202.238,691.182,340.499
-202.321,691.415,340.477
-202.404,691.660,340.466
-202.488,691.894,340.444
-202.561,692.138,340.433
-202.644,692.372,340.433
-202.728,692.617,340.422
-202.811,692.862,340.411
-202.894,693.107,340.400
-202.977,693.340,340.400
-203.051,693.574,340.378
-203.134,693.819,340.367
-203.217,694.052,340.378
-203.300,694.297,340.389
-203.383,694.531,340.422
-203.466,694.776,340.499
-203.550,695.009,340.609
-203.633,695.254,340.730
-203.706,695.488,340.840
-203.790,695.722,340.961
-203.863,695.966,341.082
-203.946,696.200,341.202
-204.020,696.445,341.334
-204.103,696.678,341.477
-204.177,696.912,341.598
-204.250,697.157,341.719
-204.324,697.390,341.818
-204.398,697.624,341.906
-204.471,697.868,341.993
-204.545,698.102,342.092
-204.619,698.347,342.191
-204.692,698.580,342.279
-204.766,698.814,342.356
-204.840,699.048,342.411
-204.913,699.292,342.455
-204.987,699.526,342.488
-205.060,699.771,342.532
-205.125,700.004,342.598
-205.198,700.249,342.653
-205.272,700.482,342.686
-205.345,700.727,342.708
-205.419,700.961,342.729
-205.483,701.205,342.751
-205.557,701.450,342.795
-205.630,701.684,342.839
-205.694,701.928,342.872
-205.768,702.173,342.894
-205.842,702.406,342.905
-205.906,702.651,342.938
-205.979,702.885,342.982
-206.043,703.129,343.048
-206.117,703.363,343.092
-206.191,703.596,343.125
-206.264,703.841,343.147
-206.329,704.075,343.158
-206.393,704.308,343.169
-206.466,704.553,343.191
-206.530,704.786,343.224
-206.604,705.031,343.257
-206.678,705.253,343.279
-206.742,705.498,343.301
-206.806,705.732,343.301
-206.880,705.965,343.301
-206.944,706.199,343.301
-207.008,706.443,343.312
-207.082,706.677,343.345
-207.146,706.910,343.367
-207.210,707.144,343.378
-207.284,707.377,343.389
-207.348,707.611,343.400
-207.421,707.845,343.411
-207.486,708.078,343.411
-207.550,708.323,343.422
-207.614,708.556,343.433
-207.678,708.790,343.444
-207.752,709.023,343.455
-207.816,709.257,343.488
-207.880,709.479,343.510
-207.944,709.713,343.521
-208.008,709.946,343.521
-208.072,710.180,343.521
-208.146,710.413,343.521
-208.210,710.647,343.531
-208.274,710.880,343.553
-208.339,711.103,343.575
-208.403,711.336,343.597
-208.467,711.570,343.608
-208.531,711.803,343.586
-208.595,712.026,343.564
-208.660,712.259,343.542
-208.724,712.493,343.521
-208.788,712.726,343.510
-208.862,712.949,343.488
-208.926,713.182,343.477
-208.990,713.416,343.444
-209.054,713.649,343.422
-209.118,713.883,343.389
-209.183,714.105,343.356
-209.247,714.339,343.334
-209.321,714.561,343.312
-209.385,714.795,343.290
-209.449,715.028,343.268
-209.523,715.251,343.246
-209.587,715.484,343.213
-209.651,715.718,343.191
-209.715,715.940,343.158
-209.779,716.174,343.114
-209.844,716.396,343.059
-209.917,716.630,343.004
-209.982,716.863,342.949
-210.055,717.097,342.872
-210.119,717.319,342.817
-210.184,717.541,342.751
-210.248,717.775,342.697
-210.322,717.997,342.642
-210.386,718.231,342.565
-210.460,718.465,342.499
-210.524,718.687,342.433
-210.598,718.910,342.367
-210.662,719.143,342.312
-210.736,719.377,342.246
-210.809,719.599,342.191
-210.874,719.822,342.136
-210.947,720.055,342.070
-211.021,720.289,342.004
-211.095,720.522,341.938
-211.168,720.756,341.873
-211.233,720.967,341.818
-211.306,721.201,341.752
-211.380,721.435,341.697
-211.454,721.668,341.642
-211.528,721.891,341.587
-211.601,722.124,341.521
-211.675,722.347,341.466
-211.749,722.580,341.411
-211.822,722.814,341.356
-211.896,723.048,341.301
-211.979,723.270,341.246
-212.053,723.504,341.191
-212.127,723.737,341.158
-212.201,723.971,341.115
-212.274,724.194,341.071
-212.348,724.427,341.038
-212.422,724.650,341.005
-212.505,724.883,340.983
-212.579,725.117,340.961
-212.653,725.340,340.950
-212.736,725.573,340.950
-212.809,725.807,340.939
-212.883,726.029,340.939
-212.957,726.252,340.939
-213.031,726.485,340.917
-213.114,726.719,340.917
-213.188,726.953,340.917
-213.261,727.175,340.928
-213.335,727.398,340.950
-213.409,727.631,340.961
-213.492,727.865,340.983
-213.566,728.088,340.994
-213.640,728.310,340.994
-213.714,728.544,340.994
-213.787,728.766,340.994
-213.871,729.000,341.005
-213.944,729.234,341.016
-214.018,729.456,341.027
-214.092,729.679,341.049
-214.166,729.912,341.071
-214.249,730.146,341.071
-214.323,730.369,341.082
-214.396,730.591,341.082
-214.470,730.825,341.082
-214.544,731.047,341.082
-214.618,731.281,341.093
-214.691,731.503,341.115
-214.765,731.737,341.125
-214.839,731.971,341.136
-214.922,732.193,341.147
-214.996,732.427,341.147
-215.070,732.649,341.147
-215.143,732.883,341.158
-215.226,733.117,341.169
-215.300,733.339,341.169
-215.374,733.573,341.180
-215.448,733.806,341.202
-215.521,734.029,341.213
-215.595,734.262,341.224
-215.669,734.496,341.224
-215.752,734.719,341.224
-215.826,734.952,341.213
-215.900,735.186,341.213
-215.973,735.419,341.202
-216.056,735.653,341.191
-216.121,735.876,341.180
-216.204,736.098,341.169
-216.278,736.332,341.147
-216.351,736.565,341.125
-216.425,736.799,341.104
-216.508,737.022,341.082
-216.582,737.255,341.082
-216.656,737.489,341.071
-216.730,737.722,341.049
-216.813,737.956,341.038
-216.887,738.179,341.027
-216.960,738.412,341.005
-217.043,738.646,340.994
-217.117,738.880,340.983
-217.191,739.113,340.972
-217.265,739.336,340.961
-217.348,739.569,340.950
-217.422,739.803,340.950
-217.495,740.026,340.961
-217.569,740.259,340.983
-217.652,740.493,340.994
-217.726,740.727,340.994
-217.809,740.949,340.994
-217.883,741.183,341.005
-217.957,741.416,341.027
-218.030,741.650,341.049
-218.114,741.884,341.071
-218.187,742.117,341.093
-218.261,742.340,341.115
-218.344,742.574,341.125
-218.418,742.818,341.125
-218.491,743.052,341.136
-218.565,743.274,341.147
-218.639,743.508,341.158
-218.722,743.742,341.180
-218.796,743.975,341.213
-218.879,744.209,341.235
-218.953,744.443,341.257
-219.026,744.676,341.268
-219.100,744.910,341.279
-219.183,745.143,341.290
-219.257,745.388,341.312
-219.331,745.622,341.334
-219.414,745.855,341.367
-219.488,746.089,341.389
-219.561,746.323,341.400
-219.635,746.556,341.411
-219.718,746.801,341.411
-219.792,747.035,341.433
-219.865,747.279,341.444
-219.948,747.513,341.466
-220.022,747.747,341.477
-220.096,747.991,341.488
-220.169,748.225,341.499
-220.253,748.459,341.499
-220.326,748.703,341.499
-220.400,748.937,341.510
-220.483,749.182,341.499
-220.557,749.415,341.499
-220.630,749.660,341.488
-220.713,749.894,341.488
-220.787,750.138,341.499
-220.870,750.383,341.510
-220.944,750.617,341.521
-221.017,750.862,341.521
-221.100,751.106,341.510
-221.174,751.340,341.499
-221.257,751.585,341.499
-221.331,751.829,341.510
-221.414,752.074,341.532
-221.487,752.319,341.532
-221.571,752.564,341.532
-221.644,752.808,341.521
-221.727,753.053,341.499
-221.801,753.298,341.499
-221.884,753.543,341.521
-221.957,753.787,341.521
-222.040,754.043,341.532
-222.123,754.288,341.532
-222.197,754.533,341.543
-222.280,754.778,341.554
-222.354,755.022,341.554
-222.437,755.278,341.554
-222.520,755.523,341.543
-222.593,755.779,341.554
-222.676,756.023,341.565
-222.759,756.279,341.576
-222.842,756.524,341.587
-222.916,756.769,341.587
-222.999,757.014,341.587
-223.082,757.270,341.576
-223.155,757.525,341.576
-223.239,757.770,341.587
-223.322,758.026,341.609
-223.395,758.271,341.631
-223.460,758.471,341.653
-223.543,758.716,341.653
-223.626,758.972,341.653
-223.709,759.227,341.642
-223.782,759.483,341.631
-223.865,759.739,341.642
-223.948,759.995,341.653
-224.031,760.251,341.675
-224.114,760.507,341.675
-224.197,760.763,341.675
-224.280,761.018,341.675
-224.353,761.274,341.686
-224.436,761.519,341.686
-224.519,761.775,341.686
-224.602,762.031,341.686
-224.667,762.231,341.697
-224.740,762.487,341.708
-224.805,762.687,341.719
-224.888,762.932,341.719
-224.971,763.188,341.719
-225.026,763.388,341.708
-225.109,763.644,341.708
-225.192,763.900,341.697
-225.275,764.156,341.708
-225.339,764.356,341.708
-225.422,764.612,341.708
-225.496,764.867,341.708
-225.579,765.123,341.708
-225.662,765.379,341.697
-225.726,765.579,341.697
-225.791,765.780,341.686
-225.874,766.036,341.686
-225.929,766.236,341.686
-226.012,766.492,341.686
-226.104,766.748,341.697
-226.159,766.948,341.686
-226.242,767.204,341.675
-226.307,767.404,341.664
-226.371,767.604,341.664
-226.454,767.860,341.664
-226.519,768.060,341.664
-226.583,768.260,341.664
-226.666,768.516,341.664
-226.731,768.717,341.664
-226.814,768.972,341.642
-226.869,769.173,341.642
-226.933,769.373,341.631
-226.998,769.573,341.620
-227.062,769.773,341.609
-227.127,769.974,341.609
-227.210,770.229,341.598
-227.274,770.430,341.587
-227.339,770.630,341.587
-227.403,770.841,341.587
-227.486,771.097,341.587
-227.551,771.309,341.587
-227.615,771.509,341.576
-227.680,771.709,341.565
-227.744,771.909,341.565
-227.809,772.109,341.554
-227.873,772.310,341.554
-227.938,772.510,341.554
-228.002,772.710,341.565
-228.067,772.910,341.576
-228.131,773.111,341.576
-228.205,773.311,341.565
-228.270,773.511,341.565
-228.334,773.712,341.554
-228.399,773.923,341.543
-228.463,774.123,341.543
-228.528,774.323,341.554
-228.592,774.535,341.565
-228.657,774.735,341.587
-228.721,774.935,341.587
-228.786,775.147,341.587
-228.850,775.347,341.576
-228.915,775.547,341.565
-228.979,775.758,341.565
-229.053,775.959,341.565
-229.117,776.170,341.576
-229.182,776.381,341.576
-229.246,776.582,341.587
-229.311,776.782,341.587
-229.375,776.993,341.598
-229.449,777.194,341.598
-229.514,777.405,341.598
-229.578,777.616,341.598
-229.643,777.817,341.598
-229.717,778.028,341.609
-229.781,778.239,341.620
-229.846,778.440,341.631
-229.910,778.651,341.653
-229.974,778.862,341.664
-230.039,779.062,341.675
-230.103,779.274,341.686
-230.177,779.485,341.697
-230.242,779.697,341.697
-230.306,779.897,341.697
-230.371,780.108,341.708
-230.435,780.308,341.708
-230.499,780.520,341.719
-230.573,780.731,341.730
-230.638,780.954,341.741
-230.702,781.154,341.752
-230.767,781.365,341.774
-230.840,781.577,341.785
-230.905,781.788,341.785
-230.969,781.999,341.796
-231.043,782.211,341.807
-231.108,782.422,341.818
-231.172,782.633,341.829
-231.236,782.845,341.840
-231.310,783.056,341.862
-231.375,783.256,341.873
-231.439,783.468,341.873
-231.504,783.679,341.873
-231.578,783.890,341.884
-231.642,784.102,341.884
-231.706,784.313,341.895
-231.771,784.524,341.906
-231.835,784.736,341.917
-231.909,784.947,341.927
-231.973,785.170,341.949
-232.038,785.381,341.960
-232.112,785.592,341.971
-232.176,785.804,341.971
-232.241,786.015,341.971
-232.305,786.226,341.982
-232.369,786.438,341.982
-232.434,786.649,342.004
-232.508,786.872,342.015
-232.572,787.083,342.026
-232.636,787.283,342.026
-232.701,787.495,342.037
-232.765,787.717,342.037
-232.839,787.928,342.048
-232.903,788.140,342.059
-232.968,788.362,342.070
-233.032,788.573,342.081
-233.096,788.785,342.092
-233.170,788.996,342.092
-233.235,789.208,342.103
-233.299,789.419,342.114
-233.364,789.630,342.125
-233.438,789.842,342.136
-233.502,790.053,342.136
-233.566,790.253,342.136
-233.621,790.453,342.136
-233.686,790.654,342.136
-233.750,790.854,342.136
-233.824,791.110,342.147
-233.898,791.354,342.169
-233.981,791.588,342.180
-234.054,791.822,342.169
-234.119,792.044,342.158
-234.192,792.267,342.147
-234.257,792.489,342.136
-234.321,792.700,342.158
-234.385,792.923,342.191
-234.459,793.145,342.202
-234.524,793.368,342.213
-234.588,793.579,342.213
-234.662,793.790,342.202
-234.726,794.013,342.202
-234.791,794.224,342.213
-234.855,794.436,342.235
-234.919,794.658,342.246
-234.993,794.869,342.257
-235.058,795.081,342.279
-235.122,795.292,342.279
-235.186,795.503,342.279
-235.251,795.715,342.279
-235.315,795.926,342.279
-235.380,796.137,342.279
-235.444,796.349,342.290
-235.508,796.560,342.301
-235.573,796.771,342.312
-235.637,796.983,342.334
-235.702,797.183,342.356
-235.766,797.405,342.356
-235.830,797.606,342.345
-235.895,797.817,342.334
-235.950,798.017,342.334
-236.014,798.228,342.356
-236.079,798.440,342.378
-236.143,798.640,342.378
-236.208,798.840,342.378
-236.263,799.051,342.367
-236.327,799.252,342.367
-236.391,799.463,342.378
-236.456,799.674,342.400
-236.520,799.875,342.411
-236.594,800.119,342.411
-236.658,800.320,342.411
-236.713,800.531,342.422
-236.778,800.731,342.422
-236.842,800.931,342.444
-236.897,801.131,342.455
-236.962,801.332,342.466
-237.026,801.543,342.477
-237.091,801.743,342.477
-237.146,801.943,342.477
-237.210,802.144,342.477
-237.275,802.344,342.477
-237.330,802.544,342.488
-237.394,802.744,342.488
-237.459,802.956,342.499
-237.514,803.156,342.510
-237.578,803.356,342.532
-237.643,803.556,342.543
-237.698,803.756,342.543
-237.762,803.957,342.543
-237.817,804.157,342.543
-237.882,804.357,342.543
-237.937,804.557,342.543
-238.001,804.757,342.554
-238.066,804.958,342.576
-238.121,805.158,342.587
-238.185,805.358,342.598
-238.259,805.603,342.620
-238.314,805.803,342.631
-238.378,806.003,342.620
-238.433,806.203,342.620
-238.498,806.404,342.620
-238.571,806.648,342.631
-238.645,806.893,342.631
-238.700,807.104,342.653
-238.764,807.304,342.675
-238.838,807.538,342.686
-238.893,807.738,342.697
-238.958,807.938,342.697
-239.013,808.139,342.686
-239.077,808.339,342.686
-239.132,808.539,342.697
-239.197,808.739,342.697
-239.270,808.984,342.708
-239.344,809.229,342.719
-239.399,809.429,342.740
-239.463,809.629,342.751
-239.518,809.829,342.762
-239.592,810.074,342.762
-239.647,810.274,342.762
-239.711,810.474,342.762
-239.766,810.674,342.773
-239.840,810.919,342.795
-239.913,811.164,342.806
-239.968,811.364,342.817
-240.033,811.564,342.828
-240.088,811.764,342.828
-240.162,811.998,342.839
-240.217,812.198,342.839
-240.281,812.398,342.828
-240.336,812.598,342.839
-240.410,812.843,342.850
-240.465,813.043,342.861
-240.538,813.288,342.872
-240.603,813.488,342.872
-240.658,813.688,342.872
-240.731,813.933,342.861
-240.805,814.178,342.828
-240.860,814.378,342.817
-240.933,814.622,342.806
-240.998,814.823,342.784
-241.062,815.023,342.751
-241.117,815.223,342.719
-241.172,815.423,342.697
-241.237,815.624,342.686
-241.301,815.824,342.675
-241.356,816.024,342.653
-241.421,816.224,342.631
-241.476,816.424,342.598
-241.540,816.636,342.576
-241.605,816.836,342.554
-241.660,817.036,342.543
-241.724,817.236,342.532
-241.789,817.448,342.532
-241.853,817.648,342.521
-241.908,817.859,342.499
-241.973,818.059,342.466
-242.037,818.271,342.444
-242.101,818.482,342.433
-242.166,818.682,342.411
-242.230,818.894,342.400
-242.295,819.105,342.378
-242.359,819.316,342.367
-242.414,819.516,342.356
-242.479,819.728,342.345
-242.552,819.950,342.334
-242.617,820.162,342.312
-242.681,820.373,342.290
-242.746,820.573,342.279
-242.810,820.796,342.257
-242.874,821.007,342.246
-242.939,821.218,342.224
-243.003,821.430,342.213
-243.077,821.652,342.213
-243.141,821.874,342.202
-243.206,822.086,342.191
-243.270,822.297,342.158
-243.344,822.520,342.125
-243.408,822.742,342.114
-243.472,822.953,342.103
-243.546,823.176,342.103
-243.611,823.398,342.114
-243.684,823.610,342.114
-243.749,823.843,342.125
-243.822,824.066,342.125
-243.887,824.288,342.136
-243.961,824.511,342.125
-244.025,824.733,342.136
-244.099,824.956,342.147
-244.163,825.178,342.158
-244.237,825.412,342.169
-244.301,825.634,342.180
-244.375,825.868,342.191
-244.448,826.090,342.202
-244.513,826.313,342.224
-244.586,826.546,342.224
-244.660,826.780,342.213
-244.734,827.013,342.213
-244.798,827.247,342.224
-244.872,827.470,342.235
-244.945,827.703,342.268
-245.019,827.948,342.279
-245.093,828.181,342.290
-245.166,828.415,342.279
-245.230,828.649,342.268
-245.304,828.882,342.268
-245.378,829.127,342.257
-245.451,829.360,342.268
-245.525,829.605,342.268
-245.599,829.839,342.268
-245.672,830.083,342.268
-245.755,830.328,342.268
-245.829,830.562,342.257
-245.902,830.806,342.235
-245.976,831.051,342.224
-246.050,831.296,342.224
-246.123,831.541,342.224
-246.197,831.785,342.235
-246.280,832.030,342.235
-246.353,832.275,342.235
-246.427,832.519,342.224
-246.500,832.775,342.202
-246.574,833.020,342.202
-246.657,833.265,342.202
-246.730,833.520,342.202
-246.804,833.765,342.202
-246.887,834.021,342.202
-246.961,834.266,342.191
-247.044,834.522,342.180
-247.117,834.766,342.180
-247.200,835.022,342.169
-247.274,835.278,342.158
-247.357,835.523,342.158
-247.430,835.778,342.158
-247.513,836.034,342.147
-247.586,836.290,342.147
-247.670,836.535,342.147
-247.743,836.791,342.136
-247.808,836.991,342.125
-247.890,837.247,342.103
-247.964,837.492,342.103
-248.047,837.747,342.092
-248.120,838.003,342.092
-248.203,838.259,342.092
-248.277,838.515,342.092
-248.360,838.771,342.081
-248.443,839.027,342.059
-248.516,839.271,342.037
-248.571,839.471,342.026
-248.654,839.716,342.004
-248.737,839.972,341.993
-248.811,840.228,341.982
-248.894,840.484,341.971
-248.967,840.740,341.949
-249.050,840.984,341.927
-249.133,841.240,341.895
-249.207,841.496,341.884
-249.290,841.741,341.851
-249.373,841.997,341.840
-249.446,842.252,341.829
-249.529,842.508,341.818
-249.612,842.753,341.796
-249.686,843.009,341.774
-249.769,843.254,341.741
-249.824,843.454,341.730
-249.907,843.710,341.708
-249.990,843.954,341.686
-250.064,844.199,341.686
-250.146,844.455,341.664
-250.229,844.711,341.653
-250.313,844.956,341.631
-250.386,845.200,341.609
-250.460,845.445,341.587
-250.543,845.701,341.576
-250.626,845.957,341.554
-250.709,846.202,341.543
-250.782,846.446,341.532
-250.865,846.691,341.510
-250.948,846.936,341.499
-251.031,847.192,341.488
-251.105,847.436,341.477
-251.188,847.681,341.488
-251.262,847.926,341.488
-251.345,848.171,341.488
-251.428,848.416,341.488
-251.501,848.660,341.499
-251.584,848.905,341.510
-251.658,849.150,341.510
-251.741,849.395,341.521
-251.824,849.650,341.521
-251.898,849.895,341.532
-251.971,850.140,341.543
-252.054,850.385,341.565
-252.137,850.629,341.576
-252.211,850.874,341.587
-252.294,851.119,341.598
-252.368,851.364,341.609
-252.451,851.608,341.609
-252.524,851.853,341.620
-252.607,852.098,341.642
-252.681,852.343,341.664
-252.764,852.587,341.686
-252.838,852.832,341.708
-252.921,853.077,341.719
-252.994,853.310,341.730
-253.068,853.555,341.752
-253.151,853.800,341.774
-253.225,854.045,341.807
-253.308,854.289,341.829
-253.381,854.534,341.862
-253.455,854.779,341.884
-253.538,855.024,341.917
-253.611,855.268,341.949
-253.685,855.513,341.982
-253.768,855.758,342.004
-253.842,856.002,342.037
-253.915,856.247,342.070
-253.989,856.492,342.114
-254.072,856.737,342.147
-254.145,856.981,342.191
-254.219,857.226,342.224
-254.302,857.482,342.246
-254.376,857.727,342.279
-254.449,857.971,342.312
-254.523,858.216,342.345
-254.606,858.461,342.378
-254.679,858.705,342.422
-254.753,858.950,342.455
-254.826,859.206,342.477
-254.909,859.462,342.499
-254.983,859.706,342.510
-255.056,859.951,342.521
-255.130,860.196,342.543
-255.203,860.452,342.576
-255.268,860.652,342.598
-255.342,860.897,342.631
-255.415,861.152,342.653
-255.489,861.397,342.664
-255.562,861.642,342.664
-255.627,861.842,342.675
-255.700,862.098,342.697
-255.774,862.342,342.719
-255.838,862.543,342.751
-255.912,862.787,342.773
-255.985,863.043,342.784
-256.059,863.288,342.784
-256.142,863.544,342.795
-256.197,863.744,342.795
-256.270,863.988,342.806
-256.325,864.189,342.806
-256.399,864.444,342.828
-256.482,864.700,342.850
-256.555,864.956,342.883
-256.629,865.201,342.894
-256.702,865.457,342.894
-256.767,865.657,342.894
-256.840,865.913,342.894
-256.923,866.168,342.916
-256.996,866.424,342.949
-257.051,866.624,342.971
-257.125,866.880,342.982
-257.189,867.080,342.982
-257.263,867.336,342.993
-257.318,867.536,342.993
-257.373,867.736,342.993
-257.456,867.992,342.993
-257.511,868.192,343.004
-257.584,868.448,343.004
-257.639,868.648,343.004
-257.704,868.849,343.015
-257.777,869.104,343.015
-257.832,869.305,343.004
-257.897,869.505,342.982
-257.952,869.705,342.960
-258.035,869.961,342.916
-258.090,870.161,342.894
-258.145,870.361,342.872
-258.209,870.561,342.850
-258.264,870.761,342.828
-258.319,870.962,342.806
-258.402,871.217,342.784
-258.457,871.418,342.762
-258.522,871.618,342.729
-258.595,871.874,342.697
-258.659,872.074,342.664
-258.724,872.274,342.631
-258.779,872.474,342.598
-258.844,872.675,342.565
-258.899,872.875,342.543
-258.953,873.075,342.521
-259.036,873.331,342.499
-259.119,873.587,342.477
-259.174,873.787,342.466
-259.257,874.043,342.433
-259.322,874.254,342.411
-259.377,874.454,342.389
-259.460,874.710,342.356
-259.515,874.910,342.345
-259.598,875.166,342.323
-259.653,875.366,342.312
-259.736,875.622,342.290
-259.800,875.822,342.268
-259.874,876.078,342.235
-259.938,876.278,342.213
-259.993,876.478,342.202
-260.076,876.734,342.169
-260.141,876.935,342.158
-260.214,877.190,342.147
-260.279,877.391,342.125
-260.362,877.646,342.103
-260.426,877.847,342.070
-260.500,878.102,342.037
-260.564,878.303,342.015
-260.647,878.559,341.982
-260.730,878.814,341.960
-260.785,879.015,341.949
-260.868,879.270,341.938
-260.932,879.471,341.927
-261.015,879.727,341.906
-261.080,879.927,341.884
-261.153,880.172,341.862
-261.218,880.372,341.851
-261.301,880.628,341.840
-261.356,880.828,341.840
-261.439,881.084,341.829
-261.522,881.351,341.829
-261.605,881.607,341.818
-261.688,881.862,341.796
-261.761,882.118,341.785
-261.844,882.374,341.785
-261.927,882.630,341.785
-261.992,882.830,341.774
-262.075,883.086,341.774
-262.158,883.342,341.763
-262.231,883.598,341.774
-262.314,883.854,341.763
-262.378,884.054,341.763
-262.461,884.310,341.763
-262.544,884.566,341.774
-262.599,884.766,341.774
-262.682,885.022,341.774
-262.765,885.278,341.774
-262.848,885.533,341.785
-262.931,885.789,341.774
-263.005,886.045,341.774
-263.088,886.301,341.763
-263.152,886.501,341.752
-263.226,886.757,341.752
-263.309,887.013,341.763
-263.392,887.269,341.774
-263.475,887.525,341.774
-263.558,887.780,341.774
-263.641,888.036,341.752
-263.696,888.236,341.741
-263.778,888.492,341.741
-263.861,888.748,341.741
-263.926,888.948,341.741
-264.009,889.204,341.741
-264.092,889.460,341.730
-264.156,889.660,341.730
-264.239,889.916,341.741
-264.322,890.172,341.730
-264.396,890.428,341.730
-264.460,890.628,341.730
-264.543,890.884,341.741
-264.608,891.084,341.741
-264.691,891.340,341.741
-264.755,891.541,341.741
-264.838,891.796,341.741
-264.912,892.052,341.730
-264.995,892.308,341.719
-265.059,892.508,341.719
-265.142,892.764,341.719
-265.207,892.964,341.719
-265.290,893.220,341.730
-265.354,893.421,341.730
-265.428,893.676,341.730
-265.492,893.877,341.730
-265.575,894.132,341.719
-265.658,894.388,341.719
-265.723,894.589,341.708
-265.806,894.844,341.697
-265.870,895.045,341.697
-265.935,895.245,341.697
-266.008,895.501,341.697
-266.101,895.757,341.708
-266.156,895.957,341.708
-266.220,896.157,341.708
-266.285,896.357,341.697
-266.368,896.613,341.686
-266.432,896.813,341.686
-266.515,897.069,341.686
-266.570,897.270,341.697
-266.635,897.470,341.697
-266.699,897.670,341.708
-266.782,897.926,341.708
-266.847,898.126,341.697
-266.911,898.326,341.686
-266.994,898.582,341.675
-267.059,898.783,341.675
-267.142,899.038,341.664
-267.197,899.239,341.664
-267.261,899.439,341.675
-267.344,899.695,341.675
-267.409,899.895,341.675
-267.473,900.095,341.675
-267.538,900.295,341.653
-267.621,900.551,341.631
-267.685,900.752,341.609
-267.740,900.952,341.598
-267.833,901.208,341.565
-267.897,901.408,341.543
-267.962,901.608,341.532
-268.026,901.808,341.499
-268.091,902.009,341.466
-268.174,902.265,341.422
-268.238,902.465,341.389
-268.303,902.665,341.367
-268.367,902.865,341.345
-268.432,903.066,341.323
-268.496,903.266,341.301
-268.561,903.466,341.279
-268.644,903.722,341.246
-268.708,903.922,341.213
-268.773,904.122,341.191
-268.837,904.323,341.169
-268.902,904.523,341.147
-268.976,904.723,341.125
-269.040,904.923,341.104
-269.123,905.179,341.060
-269.188,905.380,341.049
-269.252,905.580,341.027
-269.317,905.780,341.027
-269.409,906.036,341.005
-269.474,906.236,340.994
-269.538,906.437,340.972
-269.603,906.637,340.950
-269.677,906.837,340.928
-269.741,907.037,340.906
-269.806,907.238,340.895
-269.899,907.494,340.895
-269.963,907.694,340.884
-270.028,907.894,340.873
-270.092,908.094,340.851
-270.185,908.350,340.829
-270.249,908.551,340.807
-270.314,908.751,340.785
-270.378,908.951,340.774
-270.452,909.152,340.763
-270.535,909.407,340.752
-270.600,909.608,340.752
-270.674,909.808,340.763
-270.738,910.008,340.763
-270.803,910.208,340.763
-270.877,910.409,340.763
-270.941,910.609,340.752
-271.024,910.865,340.763
-271.089,911.065,340.774
-271.163,911.254,340.774
-271.227,911.466,340.785
-271.310,911.722,340.807
-271.384,911.922,340.818
-271.449,912.122,340.829
-271.513,912.323,340.829
-271.578,912.523,340.829
-271.652,912.712,340.829
-271.717,912.912,340.829
-271.781,913.113,340.829
-271.846,913.313,340.840
-271.920,913.513,340.862
-271.984,913.713,340.873
-272.049,913.914,340.884
-272.141,914.170,340.895
-272.224,914.426,340.906
-272.289,914.626,340.906
-272.363,914.837,340.906
-272.427,915.037,340.906
-272.510,915.293,340.917
-272.575,915.494,340.928
-272.649,915.694,340.939
-272.713,915.894,340.950
-272.778,916.094,340.961
-272.842,916.295,340.972
-272.907,916.495,340.972
-272.981,916.695,340.983
-273.064,916.951,340.972
-273.128,917.151,340.972
-273.202,917.352,340.983
-273.267,917.552,340.994
-273.331,917.752,341.005
-273.396,917.953,341.027
-273.460,918.153,341.038
-273.535,918.353,341.038
-273.599,918.553,341.038
-273.664,918.754,341.038
-273.728,918.954,341.038
-273.793,919.154,341.049
-273.857,919.354,341.060
-273.931,919.555,341.071
-273.996,919.755,341.082
-274.060,919.955,341.082
-274.125,920.167,341.104
-274.199,920.367,341.104
-274.263,920.567,341.104
-274.328,920.767,341.115
-274.392,920.968,341.115
-274.457,921.168,341.115
-274.521,921.368,341.125
-274.595,921.568,341.136
-274.660,921.769,341.147
-274.724,921.969,341.158
-274.789,922.180,341.169
-274.853,922.381,341.180
-274.927,922.581,341.180
-274.992,922.781,341.180
-275.056,922.981,341.180
-275.121,923.182,341.191
-275.195,923.393,341.202
-275.259,923.593,341.213
-275.324,923.794,341.224
-275.388,923.994,341.246
-275.453,924.194,341.268
-275.517,924.394,341.301
-275.591,924.595,341.323
-275.656,924.806,341.334
-275.720,925.006,341.345
-275.785,925.218,341.367
-275.849,925.418,341.389
-275.914,925.618,341.422
-275.988,925.818,341.455
-276.052,926.030,341.488
-276.117,926.230,341.521
-276.181,926.430,341.554
-276.246,926.642,341.576
-276.320,926.842,341.598
-276.384,927.053,341.620
-276.449,927.254,341.653
-276.513,927.465,341.686
-276.578,927.665,341.719
-276.642,927.876,341.763
-276.706,928.077,341.796
-276.771,928.288,341.829
-276.835,928.488,341.862
-276.900,928.700,341.895
-276.964,928.900,341.927
-277.029,929.111,341.949
-277.093,929.311,341.982
-277.167,929.523,342.015
-277.232,929.734,342.048
-277.296,929.934,342.081
-277.360,930.146,342.125
-277.425,930.346,342.158
-277.489,930.557,342.191
-277.554,930.769,342.224
-277.609,930.969,342.257
-277.673,931.169,342.301
-277.738,931.380,342.334
-277.802,931.592,342.367
-277.866,931.803,342.400
-277.931,932.003,342.433
-277.995,932.215,342.477
-278.060,932.426,342.510
-278.115,932.626,342.543
-278.179,932.837,342.576
-278.244,933.038,342.609
-278.308,933.249,342.642
-278.373,933.449,342.675
-278.437,933.672,342.719
-278.492,933.872,342.751
-278.556,934.083,342.784
-278.621,934.295,342.817
-278.676,934.495,342.861
-278.740,934.706,342.905
-278.805,934.906,342.938
-278.859,935.117,342.971
-278.924,935.329,343.004
-278.988,935.529,343.037
-279.043,935.740,343.059
-279.108,935.952,343.092
-279.172,936.163,343.125
-279.227,936.363,343.158
-279.291,936.574,343.191
-279.346,936.786,343.202
-279.411,936.986,343.213
-279.475,937.208,343.224
-279.530,937.408,343.224
-279.594,937.620,343.224
-279.649,937.831,343.224
-279.714,938.031,343.224
-279.769,938.243,343.235
-279.833,938.454,343.235
-279.897,938.665,343.246
-279.952,938.876,343.257
-280.017,939.077,343.257
-280.072,939.288,343.246
-280.136,939.499,343.235
-280.201,939.699,343.224
-280.255,939.922,343.202
-280.320,940.133,343.180
-280.375,940.333,343.158
-280.439,940.545,343.136
-280.494,940.756,343.125
-280.558,940.967,343.092
-280.623,941.167,343.070
-280.678,941.379,343.026
-280.742,941.590,342.993
-280.807,941.801,342.971
-280.861,942.013,342.938
-280.926,942.224,342.905
-280.990,942.435,342.883
-281.055,942.647,342.850
-281.110,942.847,342.817
-281.174,943.058,342.784
-281.238,943.269,342.751
-281.303,943.481,342.719
-281.367,943.692,342.697
-281.432,943.903,342.664
-281.496,944.115,342.631
-281.551,944.326,342.598
-281.615,944.537,342.565
-281.680,944.749,342.543
-281.744,944.960,342.521
-281.808,945.171,342.488
-281.873,945.383,342.455
-281.937,945.594,342.433
-282.002,945.805,342.411
-282.066,946.017,342.378
-282.131,946.217,342.356
-282.195,946.428,342.334
-282.259,946.639,342.312
-282.333,946.851,342.290
-282.398,947.062,342.268
-282.462,947.274,342.235
-282.526,947.485,342.213
-282.591,947.696,342.180
-282.655,947.908,342.158
-282.720,948.119,342.147
-282.784,948.330,342.136
-282.848,948.542,342.125
-282.913,948.742,342.114
-282.987,948.964,342.092
-283.051,949.176,342.059
-283.116,949.387,342.037
-283.180,949.598,342.015
-283.244,949.810,342.004
-283.309,950.021,341.993
-283.383,950.232,341.982
-283.447,950.444,341.971
-283.511,950.655,341.971
-283.576,950.877,341.982
-283.640,951.089,341.993
-283.714,951.300,341.993
-283.778,951.512,341.993
-283.843,951.723,342.004
-283.907,951.934,342.026
-283.972,952.146,342.059
-284.046,952.357,342.103
-284.110,952.568,342.136
-284.174,952.780,342.125
-284.248,952.991,342.103
-284.303,953.202,342.103
-284.368,953.414,342.125
-284.432,953.614,342.169
-284.496,953.825,342.202
-284.580,954.037,342.224
-284.644,954.248,342.235
-284.699,954.448,342.213
-284.764,954.671,342.213
-284.828,954.882,342.224
-284.883,955.093,342.246
-284.947,955.294,342.246
-285.002,955.494,342.246
-285.067,955.694,342.246
-285.131,955.905,342.279
-285.205,956.117,342.301
-285.270,956.328,342.334
-285.325,956.528,342.367
-285.389,956.728,342.400
-285.454,956.929,342.422
-285.518,957.140,342.444
-285.582,957.340,342.455
-285.647,957.552,342.466
-285.711,957.763,342.466
-285.776,957.963,342.488
-285.831,958.163,342.521
-285.895,958.364,342.543
-285.950,958.575,342.576
-286.015,958.786,342.598
-286.079,958.986,342.620
-286.144,959.187,342.642
-286.198,959.398,342.653
-286.263,959.598,342.675
-286.318,959.809,342.686
-286.382,960.010,342.708
-286.447,960.210,342.729
-286.511,960.421,342.740
-286.566,960.621,342.751
-286.631,960.833,342.762
-286.686,961.033,342.784
-286.750,961.244,342.795
-286.815,961.444,342.806
-286.870,961.644,342.806
-286.934,961.845,342.806
-286.989,962.045,342.795
-287.053,962.256,342.795
-287.118,962.468,342.795
-287.173,962.668,342.795
-287.237,962.868,342.795
-287.302,963.079,342.795
-287.357,963.279,342.795
-287.421,963.480,342.795
-287.476,963.680,342.795
-287.541,963.880,342.784
-287.596,964.080,342.762
-287.660,964.292,342.740
-287.725,964.492,342.719
-287.780,964.692,342.697
-287.844,964.892,342.686
-287.899,965.103,342.675
-287.964,965.304,342.653
-288.019,965.504,342.631
-288.083,965.704,342.598
-288.148,965.904,342.565
-288.203,966.104,342.521
-288.267,966.316,342.477
-288.331,966.516,342.422
-288.386,966.716,342.378
-288.451,966.916,342.345
-288.515,967.117,342.312
-288.570,967.317,342.279
-288.635,967.517,342.246
-288.699,967.728,342.224
-288.764,967.929,342.191
-288.828,968.129,342.147
-288.893,968.329,342.114
-288.948,968.529,342.081
-289.012,968.741,342.048
-289.095,969.008,342.015
-289.160,969.208,341.993
-289.224,969.408,341.982
-289.289,969.608,341.960
-289.353,969.809,341.949
-289.418,970.020,341.938
-289.473,970.220,341.927
-289.537,970.420,341.938
-289.602,970.621,341.949
-289.666,970.821,341.960
-289.731,971.032,341.982
-289.795,971.232,342.004
-289.860,971.433,342.015
-289.943,971.688,342.026
-289.998,971.889,342.048
-290.062,972.089,342.070
-290.126,972.300,342.092
-290.191,972.500,342.114
-290.255,972.701,342.136
-290.310,972.901,342.158
-290.375,973.101,342.191
-290.440,973.301,342.224
-290.504,973.502,342.246
-290.559,973.702,342.268
-290.642,973.958,342.290
-290.697,974.158,342.312
-290.761,974.369,342.323
-290.826,974.569,342.356
-290.890,974.770,342.378
-290.945,974.970,342.411
-291.010,975.170,342.444
-291.065,975.370,342.466
-291.129,975.570,342.499
-291.194,975.771,342.532
-291.249,975.971,342.543
-291.313,976.171,342.565
-291.368,976.371,342.587
-291.433,976.571,342.609
-291.488,976.772,342.642
-291.552,976.972,342.675
-291.617,977.172,342.708
-291.672,977.372,342.740
-291.736,977.572,342.762
-291.810,977.828,342.795
-291.874,978.028,342.817
-291.929,978.240,342.839
-291.994,978.440,342.861
-292.049,978.640,342.883
-292.122,978.896,342.927
-292.187,979.096,342.949
-292.242,979.296,342.982
-292.306,979.496,343.015
-292.361,979.697,343.048
-292.416,979.897,343.059
-292.481,980.097,343.092
-292.536,980.297,343.114
-292.591,980.497,343.136
-292.674,980.753,343.169
-292.729,980.964,343.191
-292.784,981.165,343.213
-292.848,981.365,343.246
-292.921,981.621,343.279
-292.976,981.821,343.312
-293.031,982.021,343.334
-293.114,982.277,343.356
-293.169,982.477,343.378
-293.224,982.677,343.400
-293.279,982.877,343.411
-293.334,983.077,343.433
-293.389,983.277,343.444
-293.454,983.478,343.455
-293.527,983.733,343.477
-293.582,983.934,343.488
-293.637,984.134,343.488
-293.692,984.334,343.499
-293.766,984.590,343.499
-293.830,984.790,343.510
-293.885,984.990,343.510
-293.940,985.190,343.521
-293.995,985.390,343.521
-294.050,985.590,343.521
-294.105,985.791,343.531
-294.188,986.047,343.531
-294.243,986.247,343.521
-294.298,986.447,343.510
-294.353,986.647,343.510
-294.408,986.847,343.499
-294.473,987.047,343.499
-294.528,987.247,343.499
-294.601,987.503,343.510
-294.656,987.703,343.521
-294.711,987.904,343.521
-294.766,988.104,343.510
-294.821,988.304,343.499
-294.885,988.504,343.488
-294.940,988.704,343.477
-294.995,988.904,343.477
-295.069,989.160,343.466
-295.124,989.360,343.466
-295.179,989.560,343.466
-295.243,989.761,343.466
-295.298,989.961,343.466
-295.353,990.161,343.455
-295.427,990.417,343.444
-295.482,990.617,343.433
-295.546,990.817,343.433
-295.601,991.017,343.422
-295.656,991.217,343.411
-295.730,991.473,343.400
-295.785,991.673,343.400
-295.849,991.874,343.400
-295.904,992.074,343.400
-295.978,992.329,343.389
-296.033,992.530,343.378
-296.088,992.730,343.367
-296.152,992.930,343.367
-296.207,993.130,343.356
-296.281,993.386,343.334
-296.336,993.586,343.334
-296.391,993.786,343.334
-296.455,993.986,343.345
-296.528,994.242,343.345
-296.583,994.442,343.334
-296.638,994.643,343.323
-296.703,994.843,343.312
-296.758,995.043,343.301
-296.813,995.243,343.290
-296.868,995.443,343.290
-296.941,995.699,343.301
-296.996,995.899,343.301
-297.061,996.099,343.301
-297.116,996.300,343.301
-297.189,996.555,343.290
-297.244,996.755,343.279
-297.309,996.956,343.268
-297.364,997.156,343.268
-297.419,997.356,343.268
-297.474,997.556,343.268
-297.557,997.812,343.268
-297.612,998.012,343.268
-297.667,998.212,343.257
-297.722,998.412,343.257
-297.805,998.668,343.246
-297.860,998.868,343.235
-297.915,999.069,343.224
-297.970,999.269,343.224
-298.053,999.525,343.213
-298.108,999.725,343.202
-298.163,999.925,343.180
-298.227,1000.136,343.158
-298.300,1000.392,343.114
-298.355,1000.592,343.070
-298.410,1000.792,343.037
-298.493,1001.048,343.004
-298.548,1001.248,342.982
-298.613,1001.460,342.949
-298.668,1001.660,342.916
-298.732,1001.860,342.883
-298.806,1002.116,342.850
-298.861,1002.316,342.817
-298.925,1002.516,342.784
-298.980,1002.716,342.740
-299.045,1002.917,342.697
-299.128,1003.172,342.642
-299.183,1003.373,342.598
-299.247,1003.573,342.532
-299.302,1003.773,342.477
-299.367,1003.973,342.411
-299.422,1004.173,342.356
-299.486,1004.374,342.301
-299.541,1004.574,342.246
-299.606,1004.774,342.180
-299.670,1004.974,342.125
-299.735,1005.175,342.059
-299.818,1005.430,341.982
-299.873,1005.631,341.917
-299.937,1005.831,341.862
-300.002,1006.031,341.807
-300.085,1006.287,341.741
-300.149,1006.487,341.686
-300.214,1006.687,341.642
-300.278,1006.888,341.587
-300.343,1007.088,341.532
-300.398,1007.288,341.477
-300.462,1007.488,341.433
-300.555,1007.744,341.378
-300.619,1007.945,341.345
-300.684,1008.145,341.323
-300.748,1008.345,341.290
-300.813,1008.545,341.268
-300.877,1008.746,341.235
-300.942,1008.946,341.202
-301.006,1009.146,341.169
-301.089,1009.402,341.136
-301.154,1009.602,341.115
-301.218,1009.802,341.104
-301.283,1010.003,341.082
-301.357,1010.203,341.060
-301.440,1010.459,341.027
-301.504,1010.659,340.994
-301.569,1010.859,340.972
-301.633,1011.060,340.950
-301.726,1011.316,340.917
-301.790,1011.516,340.884
-301.873,1011.772,340.851
-301.966,1012.039,340.829
-302.049,1012.295,340.796
-302.141,1012.551,340.763
-302.224,1012.807,340.730
-302.307,1013.051,340.697
-302.372,1013.252,340.675
-302.464,1013.508,340.642
-302.547,1013.763,340.598
-302.630,1014.008,340.565
-302.713,1014.264,340.543
-302.796,1014.520,340.532
-302.889,1014.765,340.510
-302.972,1015.010,340.488
-303.055,1015.255,340.455
-303.138,1015.510,340.422
-303.221,1015.755,340.389
-303.304,1016.000,340.367
-303.387,1016.245,340.356
-303.480,1016.479,340.367
-303.563,1016.723,340.356
-303.646,1016.968,340.356
-303.729,1017.213,340.367
-303.812,1017.458,340.367
-303.886,1017.691,340.378
-303.969,1017.925,340.389
-304.053,1018.159,340.411
-304.136,1018.404,340.433
-304.219,1018.637,340.466
-304.293,1018.871,340.477
-304.376,1019.105,340.499
-304.459,1019.338,340.521
-304.533,1019.572,340.543
-304.616,1019.806,340.554
-304.690,1020.028,340.565
-304.763,1020.262,340.598
-304.847,1020.484,340.631
-304.920,1020.718,340.664
-304.994,1020.941,340.686
-305.078,1021.163,340.708
-305.151,1021.386,340.708
-305.225,1021.608,340.719
-305.299,1021.842,340.741
-305.373,1022.064,340.774
-305.447,1022.276,340.807
-305.520,1022.498,340.840
-305.594,1022.721,340.851
-305.677,1022.943,340.873
-305.742,1023.155,340.884
-305.816,1023.377,340.895
-305.890,1023.589,340.928
-305.963,1023.811,340.950
-306.028,1024.023,340.972
-306.102,1024.234,341.005
-306.176,1024.445,341.038
-306.240,1024.657,341.071
-306.314,1024.868,341.082
-306.388,1025.080,341.093
-306.452,1025.291,341.093
-306.526,1025.502,341.093
-306.591,1025.714,341.104
-306.665,1025.914,341.125
-306.729,1026.125,341.158
-306.794,1026.326,341.191
-306.868,1026.537,341.202
-306.932,1026.748,341.213
-306.996,1026.949,341.213
-307.061,1027.149,341.224
-307.135,1027.349,341.246
-307.200,1027.550,341.268
-307.264,1027.750,341.290
-307.329,1027.950,341.301
-307.393,1028.150,341.323
-307.458,1028.351,341.345
-307.522,1028.551,341.378
-307.587,1028.751,341.411
-307.651,1028.951,341.422
-307.734,1029.196,341.433
-307.817,1029.441,341.444
-307.891,1029.686,341.455
-307.974,1029.919,341.477
-308.029,1030.119,341.488
-308.112,1030.353,341.521
-308.177,1030.553,341.543
-308.250,1030.787,341.554
-308.324,1031.021,341.565
-308.398,1031.265,341.576
-308.471,1031.499,341.598
-308.545,1031.733,341.620
-308.628,1031.966,341.642
-308.702,1032.200,341.653
-308.776,1032.422,341.675
-308.840,1032.656,341.708
-308.914,1032.878,341.730
-308.987,1033.112,341.741
-309.061,1033.335,341.752
-309.135,1033.557,341.774
-309.199,1033.791,341.796
-309.273,1034.013,341.807
-309.347,1034.225,341.829
-309.411,1034.447,341.851
-309.485,1034.669,341.873
-309.549,1034.892,341.895
-309.623,1035.103,341.906
-309.687,1035.326,341.917
-309.752,1035.537,341.927
-309.826,1035.748,341.949
-309.890,1035.960,341.993
-309.954,1036.182,342.037
-310.028,1036.394,342.070
-310.093,1036.605,342.092
-310.157,1036.816,342.125
-310.222,1037.028,342.125
-310.286,1037.239,342.158
-310.350,1037.450,342.191
-310.424,1037.662,342.224
-310.489,1037.873,342.246
-310.553,1038.084,342.279
-310.617,1038.296,342.312
-310.682,1038.518,342.345
-310.746,1038.730,342.378
-310.811,1038.941,342.422
-310.875,1039.152,342.455
-310.939,1039.375,342.477
-311.013,1039.586,342.499
-311.068,1039.797,342.521
-311.142,1040.020,342.565
-311.206,1040.231,342.587
-311.270,1040.454,342.620
-311.335,1040.665,342.642
-311.399,1040.876,342.664
-311.464,1041.088,342.675
-311.528,1041.310,342.686
-311.592,1041.521,342.708
-311.657,1041.733,342.729
-311.721,1041.944,342.762
-311.785,1042.155,342.773
-311.850,1042.378,342.806
-311.914,1042.589,342.839
-311.979,1042.800,342.872
-312.043,1043.023,342.894
-312.107,1043.234,342.905
-312.172,1043.445,342.927
-312.226,1043.657,342.949
-312.291,1043.868,342.982
-312.355,1044.079,342.993
-312.420,1044.291,343.004
-312.484,1044.513,343.037
-312.539,1044.724,343.059
-312.603,1044.936,343.081
-312.668,1045.147,343.092
-312.732,1045.358,343.103
-312.796,1045.581,343.125
-312.861,1045.792,343.147
-312.915,1046.003,343.158
-312.980,1046.215,343.180
-313.044,1046.426,343.213
-313.109,1046.648,343.235
-313.163,1046.860,343.268
-313.228,1047.071,343.301
-313.292,1047.282,343.301
-313.356,1047.505,343.301
-313.411,1047.716,343.301
-313.476,1047.927,343.312
-313.540,1048.139,343.323
-313.595,1048.361,343.345
-313.659,1048.572,343.367
-313.724,1048.784,343.389
-313.778,1049.006,343.389
-313.843,1049.217,343.389
-313.907,1049.440,343.389
-313.971,1049.651,343.389
-314.026,1049.862,343.389
-314.091,1050.085,343.389
-314.155,1050.296,343.389
-314.219,1050.507,343.389
-314.274,1050.730,343.389
-314.339,1050.941,343.389
-314.403,1051.152,343.378
-314.458,1051.363,343.356
-314.522,1051.575,343.334
-314.587,1051.786,343.312
-314.651,1052.009,343.301
-314.706,1052.220,343.279
-314.770,1052.431,343.257
-314.834,1052.642,343.224
-314.889,1052.854,343.202
-314.954,1053.065,343.169
-315.018,1053.276,343.114
-315.083,1053.488,343.048
-315.137,1053.699,342.971
-315.202,1053.910,342.894
-315.266,1054.122,342.806
-315.331,1054.333,342.719
-315.395,1054.544,342.631
-315.459,1054.756,342.543
-315.524,1054.978,342.466
-315.588,1055.189,342.389
-315.652,1055.401,342.290
-315.726,1055.612,342.191
-315.791,1055.835,342.103
-315.865,1056.046,341.993
-315.929,1056.257,341.895
-316.003,1056.480,341.774
-316.077,1056.691,341.653
-316.141,1056.914,341.565
-316.215,1057.136,341.510
-316.289,1057.359,341.433
-316.362,1057.581,341.345
-316.436,1057.793,341.224
-316.510,1058.015,341.093
-316.574,1058.260,340.950
-316.648,1058.482,340.851
-316.731,1058.694,340.785
-316.805,1058.916,340.697
-316.879,1059.117,340.631
-316.962,1059.350,340.532
-317.027,1059.573,340.367
-317.110,1059.795,340.225
-317.175,1059.996,340.148
-317.258,1060.229,340.060
-317.331,1060.463,340.005
-317.424,1060.697,339.950
-317.507,1060.942,339.895
-317.591,1061.175,339.785
-317.674,1061.409,339.675
-317.738,1061.609,339.598
-317.812,1061.799,339.554
-317.887,1061.988,339.532
-317.961,1062.188,339.500
-318.044,1062.422,339.434
-318.118,1062.622,339.390
-318.182,1062.823,339.335
-318.257,1063.012,339.291
-318.331,1063.212,339.258
-318.405,1063.401,339.236
-318.488,1063.646,339.192
-318.571,1063.847,339.170
-318.646,1064.047,339.170
-318.729,1064.292,339.181
-318.803,1064.481,339.192
-318.877,1064.670,339.203
-318.951,1064.882,339.236
-319.034,1065.127,339.291
-319.108,1065.316,339.335
-319.182,1065.505,339.368
-319.256,1065.705,339.390
-319.340,1065.939,339.445
-319.414,1066.140,339.510
-319.488,1066.329,339.609
-319.571,1066.574,339.752
-319.654,1066.807,339.906
-319.737,1067.052,340.104
-319.820,1067.286,340.367
-319.904,1067.520,340.664
-319.987,1067.764,340.983
-320.060,1067.998,341.301
-320.134,1068.220,341.609
-320.208,1068.443,341.906
-320.272,1068.665,342.246
-320.337,1068.888,342.631
-320.411,1069.088,343.026
-320.484,1069.311,343.444
-320.539,1069.533,343.850
-320.594,1069.744,344.301
-320.649,1069.944,344.806
-320.704,1070.156,345.421
-320.749,1070.356,345.959
-320.804,1070.578,346.619
-320.849,1070.800,347.333
-320.895,1071.011,348.080
-320.940,1071.222,348.871
-320.976,1071.445,349.695
-321.011,1071.656,350.530
-321.047,1071.867,351.365
-321.073,1072.077,352.255
-321.090,1072.277,353.156
-321.117,1072.488,354.122
-321.133,1072.688,355.177
-321.150,1072.921,356.506
-321.157,1073.154,357.979
-321.154,1073.386,359.615
-321.152,1073.608,1.384
-321.150,1073.819,2.977
-321.128,1074.040,4.889
-321.107,1074.239,6.625
-321.076,1074.439,8.405
-321.035,1074.649,10.459
-320.995,1074.848,12.371
-320.936,1075.069,14.645
-320.876,1075.279,16.897
-320.807,1075.500,19.193
-320.728,1075.699,21.522
-320.650,1075.886,23.555
-320.553,1076.085,25.873
-320.455,1076.261,27.927
-320.358,1076.437,30.004
-320.251,1076.613,32.080
-320.125,1076.800,34.497
-320.009,1076.965,36.639
-319.874,1077.130,38.804
-319.739,1077.284,40.946
-319.594,1077.437,43.121
-319.449,1077.591,45.341
-319.286,1077.733,47.571
-319.122,1077.876,49.823
-318.949,1078.018,52.020
-318.776,1078.149,54.130
-318.593,1078.269,56.063
-318.420,1078.378,57.590
-318.228,1078.498,59.161
-318.027,1078.606,60.469
-317.826,1078.715,61.578
-317.615,1078.823,62.512
-317.413,1078.932,63.281
-317.231,1079.019,63.896
-317.049,1079.105,64.534
-316.867,1079.192,65.138
-316.685,1079.279,65.621
-316.494,1079.354,66.105
-316.283,1079.441,66.709
-316.101,1079.527,67.214
-315.890,1079.614,67.632
-315.699,1079.678,67.917
-315.507,1079.753,68.148
-315.297,1079.840,68.313
-315.076,1079.926,68.401
-314.885,1079.990,68.500
-314.674,1080.066,68.665
-314.492,1080.152,68.763
-314.282,1080.217,68.708
-314.071,1080.303,68.708
-313.870,1080.378,68.829
-313.660,1080.454,68.906
-313.459,1080.529,68.928
-313.267,1080.604,68.961
-313.057,1080.680,69.049
-312.865,1080.755,69.126
-312.674,1080.831,69.170
-312.482,1080.895,69.203
-312.291,1080.960,69.247
-312.080,1081.046,69.313
-311.889,1081.110,69.357
-311.697,1081.186,69.412
-311.506,1081.250,69.467
-311.315,1081.326,69.521
-311.123,1081.390,69.587
-310.922,1081.465,69.642
-310.731,1081.530,69.686
-310.530,1081.605,69.752
-310.319,1081.680,69.807
-310.109,1081.756,69.840
-309.898,1081.831,69.884
-309.688,1081.906,69.939
-309.496,1081.971,69.994
-309.276,1082.046,70.027
-309.085,1082.110,70.082
-308.884,1082.186,70.126
-308.692,1082.250,70.159
-308.491,1082.325,70.203
-308.290,1082.390,70.269
-308.080,1082.465,70.345
-307.869,1082.540,70.433
-307.649,1082.615,70.532
-307.429,1082.691,70.620
-307.209,1082.766,70.752
-307.018,1082.830,70.862
-306.817,1082.894,70.972
-306.625,1082.959,71.115
-306.425,1083.023,71.257
-306.214,1083.098,71.367
-305.994,1083.174,71.477
-305.783,1083.238,71.565
-305.563,1083.313,71.686
-305.334,1083.377,71.818
-305.104,1083.452,71.949
-304.913,1083.516,72.059
-304.722,1083.581,72.147
-304.482,1083.656,72.235
-304.282,1083.709,72.301
-304.081,1083.773,72.378
-303.842,1083.848,72.455
-303.631,1083.912,72.510
-303.430,1083.966,72.554
-303.229,1084.041,72.587
-303.019,1084.094,72.587
-302.818,1084.147,72.587
-302.617,1084.211,72.598
-302.407,1084.276,72.631
-302.196,1084.340,72.642
-301.996,1084.404,72.653
-301.795,1084.468,72.653
-301.584,1084.533,72.642
-301.374,1084.597,72.631
-301.163,1084.661,72.609
-300.953,1084.725,72.609
-300.743,1084.789,72.620
-300.532,1084.854,72.642
-300.322,1084.918,72.697
-300.121,1084.982,72.762
-299.901,1085.035,72.850
-299.681,1085.110,72.949
-299.470,1085.174,73.037
-299.260,1085.227,73.114
-299.040,1085.292,73.191
-298.830,1085.356,73.268
-298.600,1085.420,73.334
-298.390,1085.484,73.389
-298.170,1085.548,73.422
-297.950,1085.612,73.444
-297.740,1085.665,73.444
-297.510,1085.729,73.455
-297.290,1085.793,73.455
-297.070,1085.857,73.455
-296.850,1085.921,73.444
-296.630,1085.985,73.422
-296.410,1086.050,73.389
-296.190,1086.114,73.334
-295.970,1086.178,73.268
-295.741,1086.242,73.191
-295.521,1086.306,73.125
-295.301,1086.370,73.059
-295.081,1086.434,73.004
-294.851,1086.498,72.960
-294.631,1086.573,72.916
-294.402,1086.637,72.872
-294.182,1086.701,72.817
-293.952,1086.765,72.762
-293.732,1086.840,72.708
-293.503,1086.904,72.664
-293.283,1086.968,72.609
-293.063,1087.032,72.576
-292.833,1087.108,72.554
-292.613,1087.172,72.543
-292.384,1087.247,72.543
-292.164,1087.311,72.543
-291.934,1087.386,72.554
-291.714,1087.450,72.576
-291.485,1087.514,72.609
-291.255,1087.589,72.642
-291.026,1087.653,72.697
-290.806,1087.717,72.740
-290.586,1087.792,72.795
-290.356,1087.856,72.839
-290.127,1087.920,72.861
-289.906,1087.995,72.905
-289.677,1088.059,72.949
-289.447,1088.123,73.004
-289.218,1088.198,73.059
-288.998,1088.262,73.114
-288.768,1088.326,73.158
-288.539,1088.390,73.191
-288.309,1088.454,73.224
-288.080,1088.529,73.246
-287.850,1088.593,73.257
-287.621,1088.657,73.268
-287.391,1088.732,73.268
-287.152,1088.796,73.279
-286.923,1088.860,73.279
-286.703,1088.924,73.290
-286.464,1088.999,73.312
-286.234,1089.063,73.345
-286.005,1089.127,73.367
-285.775,1089.202,73.389
-285.545,1089.266,73.367
-285.316,1089.330,73.323
-285.077,1089.394,73.301
-284.847,1089.458,73.301
-284.618,1089.533,73.323
-284.388,1089.597,73.356
-284.159,1089.661,73.378
-283.910,1089.736,73.378
-283.681,1089.800,73.356
-283.451,1089.864,73.334
-283.222,1089.928,73.323
-282.983,1090.003,73.334
-282.753,1090.067,73.356
-282.514,1090.131,73.378
-282.284,1090.206,73.400
-282.055,1090.270,73.400
-281.816,1090.334,73.389
-281.577,1090.409,73.378
-281.347,1090.472,73.378
-281.108,1090.536,73.378
-280.879,1090.611,73.367
-280.640,1090.675,73.345
-280.401,1090.739,73.312
-280.171,1090.814,73.290
-279.932,1090.878,73.246
-279.702,1090.942,73.213
-279.463,1091.017,73.180
-279.224,1091.081,73.125
-278.995,1091.156,73.092
-278.756,1091.220,73.048
-278.517,1091.284,73.015
-278.287,1091.359,72.982
-278.048,1091.423,72.949
-277.818,1091.498,72.916
-277.579,1091.573,72.872
-277.340,1091.637,72.839
-277.111,1091.712,72.806
-276.872,1091.775,72.762
-276.632,1091.850,72.729
-276.403,1091.925,72.708
-276.164,1091.989,72.686
-275.925,1092.064,72.675
-275.695,1092.139,72.642
-275.456,1092.203,72.620
-275.217,1092.278,72.598
-274.978,1092.353,72.554
-274.739,1092.417,72.521
-274.509,1092.492,72.510
-274.270,1092.567,72.488
-274.031,1092.631,72.477
-273.801,1092.706,72.466
-273.562,1092.781,72.455
-273.313,1092.856,72.422
-273.074,1092.920,72.389
-272.845,1092.995,72.367
-272.606,1093.070,72.367
-272.366,1093.145,72.367
-272.127,1093.220,72.378
-271.888,1093.295,72.378
-271.649,1093.358,72.367
-271.410,1093.433,72.367
-271.171,1093.508,72.367
-270.932,1093.583,72.367
-270.693,1093.658,72.378
-270.454,1093.722,72.400
-270.214,1093.797,72.422
-269.975,1093.872,72.455
-269.727,1093.947,72.488
-269.487,1094.022,72.521
-269.248,1094.097,72.554
-269.009,1094.161,72.587
-268.770,1094.236,72.620
-268.531,1094.311,72.642
-268.292,1094.386,72.664
-268.053,1094.449,72.686
-267.823,1094.524,72.729
-267.584,1094.588,72.762
-267.345,1094.663,72.773
-267.106,1094.738,72.795
-266.876,1094.802,72.806
-266.637,1094.877,72.806
-266.398,1094.941,72.817
-266.169,1095.016,72.839
-265.930,1095.080,72.850
-265.690,1095.155,72.850
-265.461,1095.230,72.839
-265.222,1095.294,72.795
-264.992,1095.369,72.719
-264.753,1095.433,72.642
-264.524,1095.508,72.543
-264.284,1095.572,72.444
-264.055,1095.647,72.356
-263.825,1095.722,72.279
-263.596,1095.786,72.202
-263.366,1095.861,72.114
-263.127,1095.936,72.026
-262.897,1096.011,71.927
-262.668,1096.075,71.840
-262.438,1096.150,71.763
-262.209,1096.225,71.719
-261.979,1096.289,71.708
-261.759,1096.364,71.719
-261.539,1096.439,71.763
-261.309,1096.514,71.796
-261.089,1096.578,71.840
-260.860,1096.654,71.884
-260.640,1096.718,71.927
-260.420,1096.793,71.971
-260.200,1096.857,72.026
-259.980,1096.932,72.070
-259.760,1096.996,72.125
-259.540,1097.060,72.180
-259.329,1097.124,72.235
-259.109,1097.200,72.290
-258.899,1097.264,72.334
-258.688,1097.328,72.367
-258.478,1097.392,72.400
-258.268,1097.456,72.411
-258.057,1097.520,72.400
-257.847,1097.585,72.345
-257.636,1097.649,72.279
-257.435,1097.713,72.191
-257.234,1097.777,72.092
-257.024,1097.842,71.993
-256.823,1097.906,71.895
-256.622,1097.970,71.785
-256.421,1098.034,71.675
-256.221,1098.088,71.565
-256.020,1098.152,71.444
-255.828,1098.216,71.323
-255.627,1098.281,71.191
-255.436,1098.345,71.049
-255.235,1098.420,70.906
-255.044,1098.485,70.741
-254.852,1098.549,70.587
-254.661,1098.614,70.411
-254.470,1098.678,70.258
-254.240,1098.753,70.049
-254.010,1098.839,69.862
-253.819,1098.904,69.719
-253.599,1098.990,69.532
-253.369,1099.065,69.346
-253.149,1099.151,69.137
-252.919,1099.237,68.873
-252.699,1099.313,68.544
-252.488,1099.399,68.115
-252.268,1099.485,67.599
-252.058,1099.560,67.028
-251.856,1099.647,66.412
-251.665,1099.733,65.775
-251.473,1099.820,65.094
-251.262,1099.917,64.193
-251.052,1100.015,63.303
-250.841,1100.123,62.402
-250.649,1100.221,61.403
-250.457,1100.319,60.326
-250.284,1100.428,59.172
-250.102,1100.525,57.953
-249.929,1100.634,56.646
-249.737,1100.765,55.042
-249.555,1100.896,53.438
-249.372,1101.038,51.833
-249.199,1101.169,50.197
-249.026,1101.312,48.582
-248.872,1101.454,47.021
-248.718,1101.596,45.494
-248.563,1101.750,43.989
-248.409,1101.915,42.264
-248.274,1102.068,40.792
-248.120,1102.233,39.144
-247.994,1102.398,37.705
-247.858,1102.574,36.035
-247.742,1102.739,34.486
-247.626,1102.904,32.849
-247.510,1103.091,30.916
-247.393,1103.289,28.971
-247.286,1103.487,27.048
-247.188,1103.686,25.115
-247.091,1103.884,23.170
-247.013,1104.072,21.478
-246.934,1104.271,19.556
-246.875,1104.469,17.864
-246.806,1104.679,15.930
-246.746,1104.878,14.216
-246.696,1105.077,12.480
-246.656,1105.276,10.789
-246.616,1105.486,9.141
-246.585,1105.708,7.559
-246.554,1105.929,6.053
-246.532,1106.128,4.790
-246.511,1106.361,3.340
-246.499,1106.594,1.978
-246.496,1106.826,0.681
-246.493,1107.059,359.407
-246.491,1107.270,358.297
-246.498,1107.503,357.012
-246.515,1107.713,355.935
-246.532,1107.924,354.869
-246.548,1108.124,353.837
-246.565,1108.335,352.848
-246.591,1108.546,351.892
-246.627,1108.757,350.958
-246.663,1108.979,350.013
-246.699,1109.190,349.080
-246.734,1109.412,348.168
-246.780,1109.623,347.300
-246.834,1109.845,346.498
-246.880,1110.056,345.806
-246.934,1110.279,345.223
-246.989,1110.501,344.817
-247.053,1110.723,344.597
-247.108,1110.946,344.498
-247.173,1111.157,344.443
-247.227,1111.379,344.399
-247.292,1111.613,344.333
-247.356,1111.824,344.290
-247.411,1112.047,344.290
-247.475,1112.269,344.355
-247.530,1112.491,344.509
-247.594,1112.714,344.762
-247.649,1112.936,345.070
-247.703,1113.158,345.399
-247.768,1113.381,345.718
-247.813,1113.603,346.025
-247.868,1113.825,346.344
-247.922,1114.048,346.696
-247.968,1114.259,347.080
-248.013,1114.481,347.509
-248.058,1114.703,348.003
-248.103,1114.925,348.497
-248.149,1115.136,348.992
-248.184,1115.359,349.475
-248.230,1115.581,349.948
-248.265,1115.792,350.376
-248.301,1116.014,350.750
-248.327,1116.225,351.013
-248.363,1116.436,351.200
-248.389,1116.658,351.332
-248.425,1116.869,351.464
-248.451,1117.080,351.595
-248.478,1117.291,351.727
-248.513,1117.502,351.837
-248.540,1117.713,351.947
-248.566,1117.923,352.046
-248.592,1118.123,352.145
-248.619,1118.323,352.233
-248.645,1118.534,352.354
-248.671,1118.734,352.441
-248.698,1118.945,352.518
-248.714,1119.156,352.617
-248.741,1119.367,352.727
-248.767,1119.577,352.804
-248.793,1119.788,352.914
-248.820,1119.988,353.024
-248.836,1120.199,353.112
-248.863,1120.410,353.232
-248.879,1120.621,353.386
-248.906,1120.832,353.837
-248.922,1121.031,354.221
-248.939,1121.231,354.639
-248.956,1121.442,354.935
-248.973,1121.642,355.111
-248.990,1121.841,355.265
-249.007,1122.041,355.386
-249.024,1122.241,355.496
-249.031,1122.451,355.594
-249.047,1122.662,355.726
-249.064,1122.873,355.814
-249.071,1123.084,355.902
-249.088,1123.295,356.023
-249.095,1123.516,356.111
-249.112,1123.716,356.232
-249.119,1123.927,356.342
-249.136,1124.126,356.429
-249.143,1124.337,356.594
-249.151,1124.548,356.704
-249.167,1124.759,356.847
-249.174,1124.969,356.979
-249.182,1125.180,357.122
-249.189,1125.391,357.264
-249.196,1125.613,357.407
-249.203,1125.823,357.451
-249.210,1126.034,357.462
-249.217,1126.256,357.451
-249.225,1126.478,357.462
-249.232,1126.688,357.462
-249.249,1126.888,357.462
-249.256,1127.110,357.451
-249.263,1127.332,357.451
-249.270,1127.542,357.440
-249.277,1127.753,357.440
-249.284,1127.975,357.429
-249.291,1128.185,357.385
-249.298,1128.418,357.308
-249.315,1128.640,357.166
-249.322,1128.851,357.045
-249.329,1129.084,356.902
-249.336,1129.306,356.737
-249.353,1129.516,356.605
-249.360,1129.727,356.495
-249.367,1129.938,356.462
-249.384,1130.149,356.462
-249.391,1130.370,356.451
-249.408,1130.592,356.473
-249.415,1130.803,356.506
-249.432,1131.036,356.561
-249.439,1131.258,356.605
-249.446,1131.491,356.605
-249.462,1131.712,356.550
-249.479,1131.945,356.396
-249.486,1132.178,356.210
-249.502,1132.389,356.012
-249.510,1132.600,355.781
-249.527,1132.800,355.529
-249.543,1133.021,355.254
-249.560,1133.232,354.968
-249.576,1133.454,354.683
-249.593,1133.676,354.452
-249.610,1133.898,354.298
-249.636,1134.120,354.177
-249.652,1134.353,354.045
-249.679,1134.575,353.925
-249.705,1134.797,353.804
-249.722,1134.997,353.661
-249.738,1135.218,353.485
-249.764,1135.429,353.331
-249.791,1135.651,353.156
-249.807,1135.851,352.991
-249.834,1136.062,352.837
-249.860,1136.262,352.705
-249.886,1136.473,352.562
-249.913,1136.673,352.419
-249.939,1136.872,352.277
-249.966,1137.072,352.134
-249.992,1137.283,351.969
-250.018,1137.483,351.837
-250.045,1137.683,351.683
-250.071,1137.883,351.541
-250.097,1138.082,351.409
