7.225,-220.832,161.851
7.290,-221.043,161.840
7.364,-221.255,161.851
7.428,-221.466,161.851
7.492,-221.677,161.851
7.557,-221.878,161.873
7.631,-222.100,161.884
7.695,-222.300,161.884
7.760,-222.512,161.884
7.833,-222.745,161.873
7.907,-222.979,161.873
7.972,-223.179,161.862
8.046,-223.380,161.851
8.110,-223.602,161.840
8.184,-223.825,161.840
8.258,-224.058,161.862
8.331,-224.292,161.862
8.405,-224.536,161.851
8.488,-224.781,161.851
8.562,-225.026,161.840
8.626,-225.226,161.829
8.690,-225.438,161.818
8.755,-225.638,161.807
8.829,-225.849,161.807
8.893,-226.072,161.807
8.967,-226.283,161.807
9.032,-226.494,161.807
9.105,-226.717,161.807
9.170,-226.939,161.796
9.244,-227.162,161.763
9.317,-227.384,161.741
9.391,-227.607,161.730
9.455,-227.829,161.708
9.529,-228.063,161.697
9.603,-228.285,161.697
9.677,-228.519,161.697
9.750,-228.753,161.697
9.834,-228.986,161.686
9.907,-229.220,161.675
9.981,-229.454,161.642
10.055,-229.687,161.620
10.128,-229.921,161.609
10.212,-230.154,161.620
10.285,-230.399,161.620
10.359,-230.633,161.609
10.442,-230.878,161.598
10.516,-231.111,161.576
10.589,-231.356,161.554
10.672,-231.601,161.532
10.756,-231.845,161.521
10.829,-232.079,161.510
10.912,-232.335,161.499
10.986,-232.580,161.499
11.069,-232.824,161.488
11.152,-233.069,161.477
11.226,-233.314,161.455
11.309,-233.570,161.444
11.392,-233.826,161.422
11.475,-234.070,161.411
11.539,-234.271,161.400
11.622,-234.526,161.378
11.705,-234.782,161.345
11.770,-234.983,161.312
11.853,-235.238,161.290
11.917,-235.439,161.290
11.982,-235.639,161.279
12.074,-235.895,161.279
12.139,-236.095,161.257
12.213,-236.307,161.213
12.277,-236.518,161.136
12.351,-236.718,161.082
12.397,-236.918,161.060
12.471,-237.130,161.082
12.535,-237.330,161.136
12.619,-237.542,161.169
12.702,-237.753,161.180
12.776,-237.965,161.125
12.840,-238.176,161.049
12.905,-238.398,160.983
12.979,-238.621,160.950
13.052,-238.843,160.961
13.117,-239.044,160.983
13.191,-239.255,161.005
13.265,-239.478,161.005
13.339,-239.700,160.983
13.412,-239.923,160.961
13.486,-240.134,160.939
13.560,-240.357,160.928
13.624,-240.579,160.939
13.698,-240.801,160.950
13.772,-241.024,160.961
13.846,-241.235,160.950
13.920,-241.458,160.939
13.994,-241.680,160.928
14.067,-241.903,160.928
14.141,-242.125,160.939
14.215,-242.348,160.961
14.289,-242.571,160.983
14.363,-242.782,161.005
14.437,-243.004,161.016
14.510,-243.227,161.016
14.584,-243.450,161.016
14.658,-243.672,161.027
14.732,-243.895,161.038
14.806,-244.117,161.060
14.880,-244.340,161.082
14.953,-244.573,161.093
15.027,-244.796,161.104
15.101,-245.018,161.104
15.175,-245.241,161.104
15.258,-245.463,161.115
15.332,-245.697,161.125
15.406,-245.919,161.147
15.479,-246.142,161.169
15.553,-246.376,161.180
15.627,-246.598,161.191
15.701,-246.832,161.213
15.774,-247.054,161.224
15.848,-247.277,161.246
15.922,-247.499,161.257
15.996,-247.733,161.268
16.079,-247.967,161.268
16.153,-248.189,161.279
16.227,-248.423,161.279
16.300,-248.667,161.301
16.384,-248.890,161.323
16.457,-249.124,161.334
16.531,-249.357,161.356
16.614,-249.591,161.356
16.688,-249.825,161.356
16.762,-250.058,161.345
16.835,-250.303,161.356
16.918,-250.537,161.378
16.992,-250.770,161.389
17.075,-251.015,161.411
17.158,-251.249,161.411
17.232,-251.493,161.400
17.315,-251.727,161.389
17.389,-251.983,161.378
17.472,-252.228,161.367
17.555,-252.472,161.356
17.628,-252.717,161.345
17.712,-252.962,161.334
17.795,-253.207,161.345
17.878,-253.451,161.356
17.961,-253.696,161.356
18.044,-253.941,161.334
18.127,-254.197,161.312
18.200,-254.453,161.301
18.284,-254.697,161.301
18.367,-254.953,161.301
18.450,-255.198,161.301
18.533,-255.443,161.301
18.616,-255.699,161.301
18.699,-255.955,161.301
18.782,-256.211,161.312
18.865,-256.466,161.312
18.948,-256.722,161.301
19.021,-256.978,161.290
19.104,-257.234,161.279
19.197,-257.490,161.290
19.280,-257.746,161.301
19.363,-258.002,161.301
19.446,-258.258,161.290
19.528,-258.525,161.290
19.611,-258.780,161.301
19.694,-259.036,161.312
19.787,-259.303,161.345
19.870,-259.559,161.378
19.953,-259.815,161.422
20.036,-260.071,161.466
20.119,-260.338,161.521
20.202,-260.594,161.576
20.285,-260.861,161.631
20.368,-261.117,161.697
20.450,-261.384,161.763
20.533,-261.651,161.818
20.616,-261.906,161.873
20.709,-262.173,161.917
20.792,-262.440,161.982
20.875,-262.696,162.037
20.957,-262.963,162.103
21.040,-263.230,162.158
21.123,-263.497,162.213
21.206,-263.753,162.257
21.289,-264.020,162.312
21.362,-264.287,162.367
21.445,-264.554,162.422
21.528,-264.821,162.466
21.611,-265.088,162.510
21.694,-265.355,162.554
21.777,-265.622,162.598
21.850,-265.889,162.642
21.933,-266.156,162.686
22.016,-266.422,162.719
22.099,-266.689,162.740
22.172,-266.956,162.762
22.255,-267.223,162.784
22.338,-267.490,162.817
22.411,-267.768,162.828
22.494,-268.035,162.839
22.577,-268.302,162.828
22.650,-268.569,162.828
22.733,-268.836,162.817
22.815,-269.114,162.806
22.898,-269.392,162.795
22.981,-269.659,162.784
23.054,-269.926,162.773
23.137,-270.193,162.751
23.220,-270.460,162.719
23.303,-270.727,162.708
23.386,-271.005,162.686
23.469,-271.272,162.664
23.542,-271.550,162.642
23.625,-271.817,162.620
23.707,-272.095,162.587
23.790,-272.362,162.543
23.873,-272.629,162.499
23.956,-272.907,162.455
24.039,-273.174,162.411
24.122,-273.440,162.367
24.204,-273.719,162.312
24.287,-273.985,162.268
24.370,-274.264,162.213
24.453,-274.530,162.169
24.536,-274.809,162.114
24.628,-275.076,162.059
24.711,-275.343,162.004
24.784,-275.609,161.960
24.877,-275.876,161.917
24.959,-276.155,161.873
25.042,-276.421,161.829
25.125,-276.688,161.785
25.218,-276.955,161.741
25.300,-277.234,161.708
25.383,-277.500,161.675
25.466,-277.767,161.664
25.558,-278.035,161.653
25.641,-278.301,161.642
25.724,-278.568,161.620
25.817,-278.836,161.609
25.899,-279.102,161.609
25.982,-279.369,161.598
26.065,-279.636,161.598
26.158,-279.903,161.598
26.240,-280.170,161.576
26.323,-280.426,161.554
26.406,-280.693,161.521
26.489,-280.949,161.499
26.582,-281.205,161.477
26.665,-281.472,161.455
26.747,-281.739,161.433
26.840,-282.006,161.400
26.923,-282.273,161.378
27.015,-282.518,161.356
27.098,-282.785,161.323
27.181,-283.041,161.301
27.264,-283.297,161.268
27.347,-283.564,161.246
27.439,-283.831,161.213
27.522,-284.087,161.191
27.605,-284.342,161.169
27.688,-284.598,161.147
27.781,-284.854,161.125
27.864,-285.110,161.115
27.947,-285.366,161.104
28.030,-285.633,161.093
28.122,-285.889,161.104
28.205,-286.145,161.115
28.288,-286.401,161.136
28.371,-286.657,161.158
28.454,-286.912,161.169
28.537,-287.168,161.180
28.630,-287.424,161.213
28.713,-287.691,161.257
28.796,-287.947,161.301
28.879,-288.203,161.334
28.962,-288.459,161.345
29.045,-288.715,161.356
29.128,-288.971,161.367
29.211,-289.227,161.400
29.293,-289.493,161.433
29.386,-289.749,161.466
29.469,-290.005,161.477
29.552,-290.272,161.488
29.635,-290.528,161.488
29.718,-290.784,161.499
29.801,-291.051,161.510
29.884,-291.307,161.521
29.967,-291.563,161.521
30.050,-291.830,161.521
30.133,-292.086,161.521
30.215,-292.353,161.510
30.298,-292.608,161.510
30.391,-292.876,161.499
30.474,-293.131,161.488
30.557,-293.398,161.477
30.649,-293.654,161.466
30.722,-293.921,161.466
30.805,-294.188,161.466
30.898,-294.444,161.477
30.981,-294.711,161.477
31.064,-294.978,161.477
31.147,-295.234,161.466
31.229,-295.501,161.477
31.312,-295.768,161.499
31.405,-296.035,161.532
31.488,-296.291,161.565
31.571,-296.558,161.609
31.663,-296.814,161.653
31.746,-297.081,161.686
31.829,-297.348,161.708
31.912,-297.615,161.741
32.004,-297.882,161.785
32.087,-298.138,161.840
32.170,-298.404,161.895
32.253,-298.671,161.938
32.336,-298.938,161.982
32.409,-299.194,162.026
32.492,-299.461,162.081
32.575,-299.717,162.147
32.658,-299.984,162.213
32.741,-300.251,162.268
32.824,-300.507,162.312
32.907,-300.763,162.356
32.980,-301.030,162.378
33.063,-301.285,162.411
33.136,-301.541,162.444
33.219,-301.797,162.466
33.293,-302.064,162.466
33.376,-302.320,162.455
33.459,-302.576,162.444
33.532,-302.843,162.433
33.615,-303.098,162.422
33.689,-303.354,162.400
33.772,-303.610,162.389
33.845,-303.866,162.367
33.918,-304.122,162.356
34.001,-304.377,162.345
34.084,-304.633,162.345
34.158,-304.889,162.345
34.241,-305.134,162.334
34.314,-305.390,162.334
34.397,-305.646,162.323
34.480,-305.901,162.345
34.554,-306.146,162.356
34.628,-306.391,162.356
34.711,-306.636,162.356
34.784,-306.891,162.356
34.858,-307.136,162.345
34.931,-307.381,162.345
35.014,-307.637,162.345
35.088,-307.881,162.345
35.162,-308.115,162.345
35.226,-308.359,162.356
35.299,-308.593,162.345
35.373,-308.816,162.334
35.437,-309.038,162.334
35.502,-309.260,162.334
35.566,-309.483,162.345
35.640,-309.694,162.356
35.704,-309.906,162.367
35.769,-310.106,162.378
35.824,-310.306,162.378
35.907,-310.562,162.378
35.990,-310.818,162.378
36.063,-311.073,162.367
36.146,-311.329,162.367
36.220,-311.585,162.389
36.284,-311.785,162.411
36.367,-312.041,162.433
36.441,-312.297,162.422
36.496,-312.497,162.433
36.560,-312.697,162.466
36.643,-312.953,162.554
36.717,-313.187,162.609
36.790,-313.443,162.631
36.883,-313.699,162.609
36.938,-313.899,162.576
37.012,-314.143,162.565
37.075,-314.399,162.620
37.159,-314.644,162.708
37.232,-314.900,162.751
37.325,-315.134,162.740
37.398,-315.378,162.653
37.434,-315.578,162.598
37.498,-315.823,162.609
37.572,-316.067,162.697
37.646,-316.279,162.762
37.710,-316.479,162.795
37.765,-316.679,162.773
37.848,-316.935,162.697
37.913,-317.135,162.642
37.968,-317.335,162.609
38.023,-317.536,162.576
38.078,-317.736,162.576
38.133,-317.936,162.576
38.197,-318.136,162.554
38.271,-318.348,162.532
38.326,-318.548,162.510
38.391,-318.748,162.466
38.446,-318.948,162.422
38.510,-319.148,162.389
38.575,-319.349,162.356
38.630,-319.549,162.334
38.695,-319.749,162.312
38.759,-319.949,162.312
38.814,-320.149,162.312
38.888,-320.394,162.301
38.952,-320.594,162.301
39.035,-320.861,162.312
39.118,-321.117,162.290
39.183,-321.317,162.279
39.256,-321.562,162.268
39.339,-321.818,162.257
39.422,-322.074,162.268
39.487,-322.274,162.279
39.542,-322.474,162.290
39.625,-322.730,162.290
39.698,-322.975,162.268
39.781,-323.231,162.235
39.855,-323.475,162.224
39.928,-323.720,162.224
40.002,-323.954,162.213
40.066,-324.165,162.213
40.131,-324.376,162.224
40.195,-324.588,162.224
40.250,-324.788,162.246
40.324,-325.010,162.279
40.398,-325.233,162.246
40.453,-325.444,162.191
40.517,-325.644,162.180
40.582,-325.867,162.224
40.646,-326.078,162.224
40.720,-326.289,162.224
40.785,-326.490,162.246
40.840,-326.690,162.224
40.904,-326.901,162.235
40.969,-327.101,162.224
41.033,-327.302,161.960
41.098,-327.502,160.983
41.162,-327.702,159.763
41.236,-327.914,158.456
41.320,-328.114,157.094
41.394,-328.303,155.841
41.487,-328.504,154.490
41.590,-328.716,153.083
41.692,-328.927,151.677
41.795,-329.117,150.579
41.898,-329.307,149.579
42.010,-329.496,148.689
42.132,-329.686,147.975
42.254,-329.887,147.448
42.385,-330.099,147.129
42.516,-330.311,147.008
42.628,-330.490,147.041
42.741,-330.657,147.173
42.853,-330.836,147.360
42.966,-331.025,147.634
43.087,-331.215,147.975
43.200,-331.405,148.370
43.312,-331.595,148.788
43.434,-331.795,149.216
43.546,-331.996,149.645
43.668,-332.208,150.095
43.780,-332.420,150.546
43.892,-332.632,150.996
44.013,-332.855,151.458
44.135,-333.078,151.952
44.256,-333.301,152.457
44.368,-333.535,152.985
44.461,-333.713,153.391
44.573,-333.959,153.951
44.667,-334.137,154.380
44.750,-334.326,154.830
44.834,-334.516,155.281
44.918,-334.705,155.731
45.001,-334.894,156.182
45.085,-335.084,156.632
45.159,-335.273,157.083
45.243,-335.474,157.533
45.327,-335.674,157.983
45.401,-335.874,158.445
45.475,-336.064,158.906
45.558,-336.275,159.379
45.632,-336.475,159.851
45.706,-336.676,160.302
45.780,-336.887,160.719
45.845,-337.099,161.115
45.919,-337.310,161.499
45.983,-337.521,161.851
46.057,-337.733,162.169
46.121,-337.955,162.455
46.186,-338.167,162.719
46.250,-338.389,162.949
46.314,-338.600,163.147
46.379,-338.823,163.323
46.443,-339.045,163.477
46.507,-339.268,163.619
46.572,-339.490,163.740
46.636,-339.723,163.839
46.700,-339.946,163.927
46.764,-340.179,164.004
46.829,-340.402,164.070
46.883,-340.635,164.136
46.947,-340.869,164.202
47.021,-341.102,164.257
47.085,-341.336,164.323
47.140,-341.569,164.377
47.204,-341.814,164.432
47.278,-342.047,164.487
47.342,-342.292,164.542
47.396,-342.536,164.608
47.470,-342.781,164.674
47.534,-343.015,164.751
47.598,-343.259,164.839
47.662,-343.504,164.927
47.726,-343.759,165.026
47.790,-344.004,165.125
47.854,-344.249,165.245
47.918,-344.504,165.366
47.982,-344.749,165.498
48.036,-345.004,165.619
48.100,-345.249,165.740
48.164,-345.505,165.861
48.228,-345.760,165.970
48.283,-346.016,166.091
48.347,-346.271,166.212
48.401,-346.527,166.333
48.465,-346.783,166.443
48.519,-347.027,166.542
48.583,-347.283,166.630
48.638,-347.527,166.707
48.692,-347.794,166.772
48.746,-348.050,166.827
48.810,-348.305,166.882
48.865,-348.561,166.915
48.929,-348.816,166.937
48.983,-349.072,166.926
49.037,-349.328,166.915
49.092,-349.583,166.904
49.156,-349.839,166.893
49.210,-350.105,166.871
49.264,-350.361,166.838
49.328,-350.617,166.794
49.383,-350.872,166.740
49.437,-351.128,166.685
49.501,-351.383,166.630
49.555,-351.650,166.575
49.619,-351.906,166.520
49.683,-352.161,166.454
49.737,-352.428,166.388
49.801,-352.684,166.322
49.856,-352.939,166.267
49.920,-353.206,166.212
49.974,-353.462,166.146
50.047,-353.728,166.080
50.102,-353.984,166.014
50.166,-354.240,165.938
50.229,-354.506,165.872
50.293,-354.762,165.806
50.357,-355.029,165.740
50.412,-355.284,165.663
50.485,-355.551,165.586
50.549,-355.807,165.509
50.613,-356.063,165.432
50.667,-356.329,165.366
50.740,-356.585,165.289
50.804,-356.841,165.223
50.868,-357.107,165.146
50.932,-357.363,165.070
51.006,-357.619,164.982
51.069,-357.886,164.894
51.133,-358.141,164.817
51.197,-358.397,164.740
51.271,-358.653,164.663
51.334,-358.919,164.608
51.398,-359.175,164.531
51.472,-359.431,164.454
51.536,-359.698,164.388
51.609,-359.953,164.312
51.682,-360.220,164.246
51.746,-360.476,164.180
51.820,-360.743,164.114
51.893,-361.010,164.048
51.966,-361.276,163.982
52.040,-361.543,163.916
52.113,-361.810,163.839
52.196,-362.088,163.784
52.269,-362.355,163.729
52.342,-362.633,163.674
52.425,-362.911,163.619
52.498,-363.189,163.553
52.553,-363.389,163.521
52.636,-363.678,163.455
52.719,-363.967,163.389
52.801,-364.257,163.323
52.856,-364.468,163.268
52.921,-364.668,163.213
52.976,-364.868,163.158
53.031,-365.068,163.114
53.095,-365.269,163.059
53.160,-365.469,163.015
53.215,-365.680,162.960
53.279,-365.880,162.905
53.334,-366.091,162.839
53.398,-366.292,162.784
53.463,-366.503,162.719
53.527,-366.714,162.664
53.592,-366.926,162.609
53.647,-367.137,162.543
53.711,-367.348,162.488
53.775,-367.571,162.433
53.840,-367.782,162.367
53.904,-367.993,162.301
53.978,-368.205,162.224
54.042,-368.427,162.158
54.107,-368.639,162.081
54.171,-368.861,162.004
54.245,-369.072,161.927
54.309,-369.295,161.840
54.383,-369.517,161.763
54.448,-369.729,161.675
54.521,-369.940,161.587
54.586,-370.162,161.488
54.660,-370.385,161.400
54.724,-370.596,161.290
54.798,-370.830,161.191
54.872,-371.052,161.093
54.945,-371.264,160.983
55.019,-371.486,160.884
55.093,-371.709,160.774
55.158,-371.920,160.664
55.231,-372.143,160.554
55.305,-372.354,160.444
55.389,-372.577,160.334
55.462,-372.799,160.225
55.536,-373.022,160.104
55.610,-373.244,159.983
55.693,-373.467,159.873
55.767,-373.678,159.763
55.841,-373.901,159.653
55.925,-374.112,159.543
55.999,-374.335,159.445
56.082,-374.547,159.335
56.156,-374.769,159.225
56.239,-374.981,159.126
56.313,-375.203,159.016
56.396,-375.426,158.917
56.480,-375.637,158.818
56.554,-375.860,158.719
56.637,-376.071,158.632
56.721,-376.283,158.544
56.795,-376.494,158.456
56.878,-376.706,158.368
56.962,-376.917,158.280
57.045,-377.129,158.203
57.128,-377.352,158.126
57.202,-377.563,158.049
57.286,-377.775,157.972
57.369,-377.975,157.906
57.444,-378.175,157.852
57.527,-378.365,157.797
57.601,-378.565,157.742
57.685,-378.766,157.698
57.759,-378.966,157.654
57.833,-379.155,157.621
57.917,-379.356,157.577
57.991,-379.545,157.544
58.065,-379.734,157.500
58.177,-380.001,157.445
58.288,-380.269,157.401
58.390,-380.536,157.357
58.502,-380.792,157.324
58.604,-381.059,157.291
58.706,-381.326,157.247
58.817,-381.583,157.192
58.919,-381.839,157.159
59.021,-382.095,157.115
59.123,-382.340,157.072
59.225,-382.596,156.995
59.337,-382.863,156.896
59.439,-383.108,156.764
59.551,-383.364,156.599
59.662,-383.620,156.390
59.764,-383.877,156.138
59.876,-384.133,155.852
59.988,-384.378,155.533
60.090,-384.634,155.204
60.201,-384.879,154.874
60.313,-385.124,154.545
60.434,-385.380,154.215
60.546,-385.626,153.875
60.667,-385.871,153.534
60.788,-386.127,153.182
60.910,-386.372,152.842
61.031,-386.606,152.501
61.152,-386.852,152.172
61.273,-387.097,151.831
61.395,-387.331,151.479
61.526,-387.576,151.128
61.656,-387.810,150.787
61.778,-388.045,150.436
61.909,-388.268,150.095
62.040,-388.502,149.777
62.171,-388.736,149.447
62.302,-388.959,149.139
62.433,-389.183,148.821
62.564,-389.406,148.502
62.704,-389.629,148.195
62.835,-389.863,147.876
62.976,-390.086,147.557
63.116,-390.310,147.228
63.257,-390.533,146.898
63.397,-390.767,146.558
63.547,-390.991,146.217
63.688,-391.214,145.865
63.838,-391.437,145.503
63.979,-391.649,145.129
64.129,-391.862,144.723
64.279,-392.085,144.261
64.429,-392.308,143.767
64.579,-392.521,143.207
64.739,-392.733,142.614
64.899,-392.945,141.965
65.059,-393.147,141.295
65.218,-393.359,140.570
65.378,-393.560,139.812
65.547,-393.773,138.999
65.717,-393.963,138.153
65.886,-394.165,137.274
66.056,-394.344,136.373
66.235,-394.534,135.428
66.405,-394.713,134.462
66.584,-394.893,133.473
66.763,-395.061,132.484
66.933,-395.229,131.484
67.112,-395.386,130.485
67.273,-395.532,129.485
67.443,-395.678,128.496
67.613,-395.824,127.507
67.792,-395.959,126.519
67.963,-396.094,125.541
68.142,-396.218,124.552
68.350,-396.375,123.267
68.521,-396.488,122.311
68.691,-396.601,121.355
68.880,-396.725,120.388
69.070,-396.827,119.443
69.250,-396.940,118.488
69.430,-397.041,117.532
69.629,-397.143,116.587
69.819,-397.245,115.642
70.008,-397.336,114.708
70.188,-397.427,113.785
70.378,-397.506,112.841
70.568,-397.597,111.896
70.777,-397.688,110.962
70.986,-397.768,110.017
71.185,-397.837,109.061
71.384,-397.916,108.105
71.641,-397.997,106.831
71.850,-398.066,105.864
72.049,-398.123,104.919
72.259,-398.181,103.909
72.468,-398.239,102.876
72.667,-398.285,101.865
72.857,-398.354,100.887
73.057,-398.400,99.921
73.266,-398.436,98.965
73.476,-398.461,97.987
73.685,-398.496,96.954
73.895,-398.521,95.911
74.095,-398.545,94.856
74.304,-398.580,93.823
74.514,-398.594,92.834
74.714,-398.607,91.857
74.923,-398.621,90.868
75.133,-398.634,89.857
75.333,-398.636,88.857
75.591,-398.606,87.528
75.791,-398.608,86.550
75.991,-398.588,85.583
76.201,-398.590,84.617
76.402,-398.570,83.661
76.659,-398.540,82.408
76.860,-398.509,81.497
77.118,-398.478,80.310
77.376,-398.437,79.200
77.615,-398.384,78.168
77.863,-398.331,77.223
78.111,-398.290,76.344
78.312,-398.248,75.740
78.551,-398.184,75.026
78.771,-398.131,74.399
78.972,-398.078,73.839
79.192,-398.014,73.334
79.393,-397.949,72.982
79.622,-397.885,72.576
79.833,-397.821,72.257
80.053,-397.757,72.004
80.273,-397.693,71.785
80.464,-397.617,71.620
80.703,-397.531,71.378
80.924,-397.456,71.125
81.143,-397.403,70.917
81.364,-397.317,70.774
81.603,-397.242,70.675
81.842,-397.167,70.565
82.072,-397.081,70.444
82.292,-397.006,70.356
82.512,-396.930,70.280
82.751,-396.855,70.203
82.981,-396.780,70.126
83.201,-396.705,70.060
83.431,-396.630,70.027
83.651,-396.555,70.060
83.842,-396.480,70.115
84.043,-396.404,70.170
84.235,-396.340,70.214
84.436,-396.275,70.269
84.656,-396.200,70.345
84.857,-396.136,70.433
85.058,-396.061,70.499
85.259,-395.996,70.554
85.469,-395.921,70.598
85.661,-395.857,70.675
85.861,-395.792,70.763
86.072,-395.717,70.862
86.263,-395.653,70.928
86.455,-395.588,70.983
86.646,-395.524,71.038
86.847,-395.459,71.082
87.058,-395.395,71.202
87.249,-395.331,71.268
87.440,-395.266,71.367
87.632,-395.191,71.499
87.833,-395.127,71.576
88.034,-395.062,71.620
88.235,-395.009,71.697
88.426,-394.945,71.774
88.627,-394.880,71.807
88.818,-394.816,71.851
89.019,-394.752,71.906
89.220,-394.687,71.971
89.440,-394.623,72.092
89.641,-394.559,72.202
89.851,-394.495,72.323
90.052,-394.431,72.444
90.253,-394.366,72.543
90.464,-394.302,72.631
90.684,-394.238,72.751
90.904,-394.174,72.894
91.124,-394.110,73.015
91.344,-394.046,73.180
91.573,-393.982,73.312
91.793,-393.918,73.433
92.013,-393.854,73.586
92.243,-393.790,73.784
92.463,-393.737,73.960
92.683,-393.672,74.125
92.893,-393.608,74.290
93.113,-393.555,74.454
93.323,-393.502,74.553
93.534,-393.449,74.674
93.734,-393.396,74.795
93.945,-393.332,74.861
94.146,-393.278,74.817
94.356,-393.225,74.663
94.566,-393.172,74.246
94.767,-393.119,73.641
94.959,-393.055,72.993
95.159,-393.001,72.411
95.351,-392.937,72.026
95.552,-392.884,71.829
95.743,-392.819,71.675
95.934,-392.755,71.554
96.126,-392.691,71.411
96.317,-392.626,71.104
96.518,-392.562,70.818
96.728,-392.498,70.455
96.920,-392.422,70.005
97.111,-392.347,69.532
97.312,-392.282,69.038
97.504,-392.207,68.544
97.705,-392.131,68.016
97.906,-392.045,67.269
98.098,-391.981,66.478
98.289,-391.883,65.731
98.490,-391.796,64.852
98.682,-391.699,63.798
98.893,-391.601,62.754
99.075,-391.515,61.787
99.257,-391.406,60.677
99.449,-391.297,59.513
99.632,-391.188,58.315
99.843,-391.069,57.074
100.035,-390.938,55.778
100.227,-390.807,54.404
100.419,-390.665,52.976
100.583,-390.545,51.768
100.746,-390.425,50.526
100.919,-390.271,48.955
101.083,-390.140,47.604
101.227,-389.997,46.241
101.401,-389.833,44.615
101.545,-389.691,43.231
101.681,-389.537,41.781
101.816,-389.383,40.276
101.951,-389.229,38.738
102.106,-389.043,36.881
102.222,-388.878,35.299
102.348,-388.713,33.684
102.454,-388.537,32.069
102.561,-388.360,30.454
102.678,-388.173,28.839
102.785,-387.986,27.191
102.872,-387.799,25.521
102.970,-387.600,23.884
103.058,-387.390,22.280
103.146,-387.181,20.698
103.225,-386.960,19.171
103.303,-386.750,17.732
103.373,-386.540,16.425
103.432,-386.319,15.150
103.482,-386.120,14.117
103.542,-385.899,12.832
103.601,-385.678,11.580
103.642,-385.446,10.371
103.692,-385.203,9.130
103.733,-384.970,7.877
103.764,-384.727,6.647
103.796,-384.483,5.416
103.817,-384.284,4.438
103.838,-384.073,3.428
103.851,-383.819,2.153
103.863,-383.564,0.857
103.865,-383.353,359.824
103.868,-383.143,358.781
103.860,-382.921,357.726
103.853,-382.710,356.649
103.846,-382.488,355.583
103.830,-382.266,354.529
103.803,-382.033,353.507
103.777,-381.800,352.507
103.751,-381.578,351.573
103.716,-381.345,350.728
103.680,-381.112,349.969
103.645,-380.868,349.332
103.609,-380.623,348.783
103.564,-380.379,348.322
103.510,-380.135,347.937
103.465,-379.890,347.618
103.410,-379.635,347.344
103.356,-379.390,347.102
103.301,-379.135,346.871
103.247,-378.879,346.652
103.202,-378.679,346.498
103.147,-378.423,346.300
103.083,-378.168,346.113
103.038,-377.968,345.981
102.974,-377.712,345.795
102.928,-377.512,345.652
102.865,-377.256,345.454
102.810,-377.056,345.322
102.764,-376.856,345.190
102.709,-376.656,345.059
102.664,-376.456,344.938
102.609,-376.256,344.817
102.563,-376.056,344.696
102.508,-375.845,344.564
102.453,-375.644,344.432
102.398,-375.444,344.301
102.343,-375.233,344.191
102.288,-375.033,344.070
102.233,-374.833,343.971
102.178,-374.622,343.850
102.124,-374.410,343.740
102.059,-374.210,343.619
102.004,-373.999,343.510
101.949,-373.788,343.400
101.894,-373.576,343.301
101.830,-373.376,343.202
101.775,-373.165,343.103
101.701,-372.954,342.982
101.637,-372.742,342.872
101.582,-372.531,342.751
101.517,-372.309,342.631
101.453,-372.097,342.521
101.389,-371.886,342.400
101.324,-371.675,342.301
101.260,-371.463,342.191
101.196,-371.241,342.081
101.122,-371.029,341.971
101.057,-370.818,341.851
100.983,-370.596,341.741
100.919,-370.384,341.620
100.845,-370.162,341.510
100.781,-369.939,341.411
100.707,-369.728,341.334
100.633,-369.505,341.290
100.569,-369.294,341.257
100.495,-369.072,341.235
100.421,-368.849,341.235
100.347,-368.626,341.235
100.273,-368.404,341.257
100.200,-368.181,341.268
100.135,-367.959,341.301
100.061,-367.748,341.312
99.987,-367.525,341.334
99.914,-367.303,341.345
99.840,-367.080,341.345
99.766,-366.858,341.345
99.702,-366.635,341.345
99.628,-366.413,341.356
99.554,-366.190,341.356
99.490,-365.979,341.356
99.416,-365.745,341.356
99.342,-365.523,341.345
99.268,-365.311,341.312
99.194,-365.089,341.268
99.121,-364.866,341.235
99.056,-364.644,341.191
98.982,-364.421,341.158
98.909,-364.199,341.125
98.835,-363.976,341.093
98.761,-363.765,341.060
98.687,-363.531,341.038
98.613,-363.309,341.005
98.539,-363.086,340.983
98.465,-362.875,340.950
98.392,-362.652,340.917
98.318,-362.441,340.895
98.244,-362.218,340.862
98.161,-361.984,340.829
98.087,-361.762,340.796
98.013,-361.539,340.774
97.949,-361.328,340.763
97.875,-361.106,340.741
97.791,-360.883,340.719
97.718,-360.660,340.686
97.644,-360.438,340.675
97.570,-360.215,340.653
97.487,-359.993,340.642
97.422,-359.770,340.642
97.348,-359.548,340.642
97.265,-359.325,340.653
97.191,-359.103,340.664
97.117,-358.880,340.675
97.044,-358.658,340.686
96.970,-358.424,340.697
96.887,-358.201,340.708
96.813,-357.979,340.730
96.739,-357.745,340.763
96.665,-357.523,340.829
96.592,-357.289,340.906
96.518,-357.067,340.994
96.434,-356.833,341.082
96.361,-356.610,341.180
96.287,-356.377,341.279
96.213,-356.154,341.367
96.130,-355.921,341.455
96.056,-355.687,341.554
95.983,-355.453,341.664
95.909,-355.220,341.752
95.835,-354.986,341.840
95.761,-354.753,341.917
95.688,-354.519,341.993
95.614,-354.285,342.070
95.540,-354.041,342.147
95.467,-353.796,342.224
95.393,-353.562,342.301
95.320,-353.318,342.356
95.246,-353.073,342.422
95.172,-352.840,342.466
95.099,-352.595,342.521
95.025,-352.350,342.565
94.942,-352.105,342.609
94.869,-351.850,342.653
94.795,-351.605,342.697
94.722,-351.349,342.751
94.648,-351.104,342.784
94.574,-350.849,342.828
94.501,-350.593,342.872
94.418,-350.348,342.905
94.344,-350.092,342.949
94.271,-349.837,342.993
94.198,-349.570,343.037
94.115,-349.314,343.081
94.041,-349.058,343.114
93.968,-348.791,343.147
93.894,-348.535,343.169
93.812,-348.268,343.169
93.738,-348.013,343.147
93.655,-347.735,343.125
93.582,-347.468,343.092
93.509,-347.201,343.059
93.435,-346.945,343.015
93.352,-346.678,342.971
93.279,-346.411,342.927
93.187,-346.133,342.883
93.113,-345.866,342.839
93.031,-345.588,342.806
92.948,-345.321,342.773
92.865,-345.054,342.740
92.792,-344.776,342.708
92.709,-344.498,342.664
92.617,-344.220,342.620
92.534,-343.942,342.576
92.451,-343.664,342.543
92.368,-343.386,342.510
92.286,-343.108,342.466
92.193,-342.830,342.422
92.111,-342.552,342.389
92.028,-342.274,342.356
91.945,-341.996,342.312
91.853,-341.707,342.279
91.770,-341.429,342.246
91.678,-341.139,342.213
91.595,-340.861,342.169
91.513,-340.583,342.147
91.420,-340.294,342.114
91.338,-340.016,342.081
91.246,-339.727,342.037
91.191,-339.527,342.026
91.098,-339.237,342.004
91.006,-338.948,341.993
90.914,-338.681,341.993
90.859,-338.481,341.971
90.767,-338.203,341.949
90.674,-337.914,341.938
90.619,-337.713,341.938
90.527,-337.424,341.938
90.435,-337.135,341.938
90.343,-336.846,341.938
90.251,-336.556,341.927
90.168,-336.267,341.938
90.076,-335.978,341.938
89.974,-335.700,341.938
89.892,-335.411,341.917
89.799,-335.122,341.906
89.717,-334.832,341.906
89.652,-334.632,341.917
89.588,-334.432,341.927
89.496,-334.143,341.917
89.413,-333.865,341.895
89.321,-333.575,341.884
89.228,-333.297,341.873
89.173,-333.097,341.884
89.109,-332.897,341.895
89.044,-332.697,341.895
88.952,-332.407,341.906
88.897,-332.207,341.895
88.805,-331.929,341.895
88.750,-331.729,341.895
88.658,-331.440,341.906
88.566,-331.150,341.917
88.501,-330.950,341.917
88.427,-330.761,341.917
88.372,-330.561,341.917
88.307,-330.361,341.917
88.215,-330.071,341.927
88.113,-329.793,341.927
88.058,-329.593,341.906
87.957,-329.304,341.895
87.874,-329.003,341.895
87.782,-328.714,341.906
87.717,-328.514,341.906
87.625,-328.225,341.906
87.524,-327.935,341.895
87.431,-327.646,341.906
87.376,-327.446,341.906
87.275,-327.157,341.938
87.210,-326.956,341.960
87.155,-326.756,341.971
87.053,-326.467,341.982
86.998,-326.267,341.971
86.925,-325.978,341.982
86.833,-325.689,342.015
86.741,-325.399,342.048
86.686,-325.199,342.070
86.612,-324.988,342.081
86.548,-324.788,342.092
86.483,-324.587,342.103
86.428,-324.387,342.103
86.345,-324.109,342.103
86.253,-323.820,342.114
86.198,-323.620,342.125
86.106,-323.330,342.136
86.041,-323.130,342.136
85.977,-322.930,342.147
85.922,-322.730,342.147
85.830,-322.441,342.147
85.765,-322.240,342.147
85.701,-322.040,342.136
85.646,-321.840,342.136
85.581,-321.640,342.136
85.526,-321.440,342.136
85.434,-321.150,342.158
85.369,-320.950,342.169
85.277,-320.661,342.180
85.213,-320.461,342.180
85.158,-320.260,342.180
85.093,-320.060,342.191
85.029,-319.860,342.191
84.974,-319.660,342.202
84.909,-319.460,342.202
84.845,-319.259,342.202
84.790,-319.059,342.202
84.725,-318.859,342.213
84.661,-318.659,342.213
84.606,-318.459,342.213
84.541,-318.258,342.213
84.449,-317.969,342.213
84.384,-317.769,342.202
84.292,-317.480,342.202
84.237,-317.280,342.202
84.163,-317.068,342.202
84.108,-316.868,342.202
84.044,-316.668,342.213
83.979,-316.467,342.213
83.915,-316.267,342.213
83.850,-316.067,342.202
83.795,-315.867,342.202
83.731,-315.667,342.191
83.666,-315.466,342.180
83.611,-315.266,342.180
83.547,-315.066,342.180
83.492,-314.866,342.180
83.427,-314.666,342.180
83.362,-314.465,342.180
83.298,-314.265,342.180
83.234,-314.043,342.169
83.169,-313.842,342.158
83.105,-313.642,342.136
83.040,-313.442,342.125
82.985,-313.231,342.103
82.893,-312.953,342.081
82.838,-312.752,342.070
82.773,-312.552,342.048
82.709,-312.352,342.026
82.644,-312.141,342.015
82.580,-311.929,341.993
82.516,-311.718,341.971
82.451,-311.518,341.949
82.386,-311.317,341.927
82.294,-311.028,341.906
82.230,-310.817,341.895
82.165,-310.617,341.884
82.101,-310.416,341.884
82.036,-310.216,341.884
81.972,-310.005,341.884
81.907,-309.805,341.884
81.843,-309.593,341.851
81.778,-309.393,341.829
81.714,-309.193,341.785
81.659,-308.982,341.752
81.595,-308.770,341.730
81.530,-308.570,341.719
81.466,-308.370,341.708
81.401,-308.158,341.675
81.327,-307.958,341.664
81.263,-307.758,341.631
81.188,-307.557,341.609
81.124,-307.346,341.576
81.060,-307.146,341.543
80.967,-306.857,341.488
80.903,-306.645,341.444
80.838,-306.445,341.400
80.774,-306.245,341.367
80.709,-306.033,341.323
80.636,-305.822,341.301
80.571,-305.611,341.279
80.507,-305.410,341.279
80.442,-305.210,341.279
80.368,-305.021,341.290
80.266,-304.743,341.312
80.192,-304.542,341.312
80.127,-304.342,341.334
80.063,-304.142,341.378
80.008,-303.920,341.411
79.944,-303.708,341.455
79.879,-303.508,341.499
79.815,-303.308,341.543
79.741,-303.107,341.598
79.648,-302.818,341.675
79.584,-302.618,341.741
79.519,-302.418,341.785
79.455,-302.206,341.840
79.390,-302.006,341.884
79.326,-301.806,341.927
79.224,-301.516,341.993
79.160,-301.316,342.048
79.095,-301.116,342.103
79.040,-300.916,342.147
78.938,-300.627,342.191
78.883,-300.426,342.235
78.819,-300.226,342.268
78.764,-300.026,342.301
78.699,-299.815,342.334
78.635,-299.614,342.378
78.570,-299.414,342.411
78.515,-299.214,342.422
78.442,-298.936,342.433
78.378,-298.736,342.444
78.286,-298.447,342.477
78.231,-298.246,342.499
78.166,-298.046,342.521
78.101,-297.846,342.532
78.019,-297.557,342.543
77.954,-297.357,342.554
77.872,-297.067,342.565
77.807,-296.867,342.576
77.752,-296.667,342.587
77.660,-296.378,342.609
77.568,-296.089,342.620
77.513,-295.888,342.631
77.430,-295.599,342.631
77.338,-295.310,342.642
77.274,-295.110,342.653
77.219,-294.910,342.664
77.126,-294.621,342.686
77.044,-294.331,342.697
76.961,-294.042,342.697
76.869,-293.753,342.686
76.786,-293.464,342.697
76.694,-293.186,342.697
76.639,-292.986,342.697
76.547,-292.707,342.697
76.492,-292.507,342.697
76.400,-292.218,342.697
76.345,-292.018,342.697
76.290,-291.818,342.697
76.197,-291.529,342.697
76.115,-291.262,342.708
76.032,-290.972,342.719
75.949,-290.683,342.719
75.857,-290.405,342.729
75.802,-290.194,342.740
75.710,-289.905,342.740
75.627,-289.616,342.751
75.545,-289.338,342.751
75.462,-289.060,342.751
75.370,-288.770,342.740
75.287,-288.481,342.751
75.232,-288.281,342.751
75.140,-287.992,342.751
75.057,-287.714,342.740
74.975,-287.425,342.729
74.892,-287.147,342.697
74.800,-286.857,342.664
74.717,-286.568,342.642
74.653,-286.368,342.620
74.570,-286.090,342.576
74.515,-285.890,342.554
74.423,-285.612,342.510
74.340,-285.334,342.477
74.257,-285.044,342.444
74.165,-284.755,342.400
74.082,-284.466,342.367
73.990,-284.177,342.323
73.907,-283.899,342.290
73.815,-283.610,342.246
73.733,-283.332,342.202
73.640,-283.042,342.158
73.558,-282.764,342.114
73.493,-282.564,342.081
73.411,-282.275,342.048
73.318,-281.997,342.026
73.226,-281.708,341.993
73.143,-281.430,341.971
73.051,-281.151,341.938
72.968,-280.862,341.917
72.876,-280.584,341.895
72.784,-280.306,341.862
72.692,-280.017,341.829
72.599,-279.739,341.796
72.517,-279.449,341.785
72.425,-279.171,341.763
72.332,-278.893,341.763
72.240,-278.604,341.752
72.148,-278.326,341.730
72.056,-278.037,341.708
71.982,-277.770,341.675
71.890,-277.480,341.675
71.798,-277.202,341.686
71.733,-277.002,341.686
71.641,-276.724,341.697
71.549,-276.435,341.686
71.457,-276.157,341.675
71.374,-275.878,341.675
71.291,-275.600,341.675
71.199,-275.322,341.675
71.107,-275.044,341.664
71.014,-274.755,341.653
70.932,-274.477,341.664
70.830,-274.188,341.664
70.738,-273.909,341.653
70.645,-273.631,341.642
70.553,-273.342,341.642
70.480,-273.075,341.642
70.388,-272.797,341.642
70.295,-272.519,341.642
70.240,-272.319,341.642
70.148,-272.041,341.642
70.065,-271.763,341.653
69.973,-271.484,341.675
69.881,-271.206,341.686
69.789,-270.928,341.686
69.696,-270.650,341.686
69.614,-270.372,341.697
69.531,-270.083,341.719
69.439,-269.805,341.741
69.356,-269.515,341.752
69.264,-269.237,341.774
69.171,-268.959,341.807
69.089,-268.681,341.851
69.024,-268.481,341.873
68.932,-268.203,341.917
68.840,-267.925,341.938
68.757,-267.635,341.949
68.665,-267.346,341.960
68.582,-267.068,341.971
68.490,-266.779,341.993
68.407,-266.501,342.015
68.324,-266.223,342.059
68.232,-265.934,342.081
68.168,-265.733,342.092
68.085,-265.444,342.092
67.993,-265.155,342.103
67.901,-264.866,342.114
67.809,-264.588,342.136
67.716,-264.298,342.136
67.624,-264.009,342.125
67.542,-263.720,342.114
67.449,-263.431,342.092
67.357,-263.142,342.092
67.302,-262.941,342.081
67.238,-262.741,342.081
67.146,-262.452,342.092
67.081,-262.252,342.092
67.026,-262.052,342.081
66.934,-261.773,342.059
66.879,-261.573,342.059
66.814,-261.373,342.059
66.722,-261.084,342.081
66.658,-260.884,342.092
66.584,-260.683,342.114
66.529,-260.483,342.114
66.464,-260.283,342.136
66.399,-260.083,342.147
66.335,-259.882,342.158
66.243,-259.593,342.169
66.178,-259.393,342.180
66.123,-259.193,342.180
66.059,-258.993,342.169
66.004,-258.792,342.158
65.939,-258.592,342.147
65.884,-258.392,342.147
65.820,-258.192,342.158
65.755,-257.991,342.169
65.691,-257.780,342.180
65.626,-257.580,342.180
65.562,-257.380,342.180
65.497,-257.179,342.169
65.433,-256.968,342.169
65.350,-256.679,342.180
65.286,-256.479,342.180
65.221,-256.278,342.191
65.156,-256.078,342.202
65.092,-255.856,342.224
65.028,-255.633,342.235
64.963,-255.433,342.246
64.899,-255.222,342.246
64.834,-255.011,342.235
64.779,-254.810,342.235
64.724,-254.610,342.224
64.660,-254.410,342.224
64.596,-254.199,342.224
64.531,-253.987,342.224
64.467,-253.776,342.224
64.393,-253.565,342.224
64.328,-253.342,342.213
64.264,-253.131,342.202
64.200,-252.919,342.191
64.135,-252.708,342.180
64.071,-252.497,342.169
64.007,-252.274,342.147
63.933,-252.063,342.136
63.868,-251.852,342.125
63.804,-251.640,342.103
63.739,-251.429,342.092
63.675,-251.218,342.081
63.611,-250.995,342.059
63.546,-250.784,342.048
63.463,-250.561,342.026
63.389,-250.339,342.004
63.325,-250.116,341.971
63.260,-249.905,341.960
63.187,-249.683,341.938
63.122,-249.460,341.927
63.048,-249.249,341.917
62.984,-249.026,341.906
62.910,-248.804,341.884
62.846,-248.581,341.873
62.782,-248.359,341.851
62.708,-248.136,341.851
62.644,-247.914,341.840
62.570,-247.691,341.840
62.505,-247.469,341.840
62.432,-247.247,341.829
62.358,-247.024,341.818
62.284,-246.801,341.796
62.220,-246.579,341.774
62.146,-246.357,341.752
62.072,-246.123,341.730
61.998,-245.900,341.708
61.925,-245.667,341.686
61.860,-245.444,341.675
61.787,-245.222,341.653
61.713,-244.999,341.642
61.639,-244.777,341.620
61.565,-244.543,341.609
61.491,-244.321,341.587
61.418,-244.098,341.576
61.353,-243.876,341.565
61.279,-243.653,341.554
61.206,-243.420,341.554
61.132,-243.197,341.543
61.058,-242.964,341.532
60.984,-242.741,341.521
60.911,-242.507,341.521
60.837,-242.274,341.499
60.763,-242.040,341.499
60.689,-241.818,341.488
60.616,-241.595,341.477
60.542,-241.373,341.466
60.468,-241.150,341.466
60.394,-240.917,341.455
60.320,-240.694,341.455
60.247,-240.460,341.455
60.173,-240.227,341.444
60.090,-240.004,341.433
60.016,-239.771,341.433
59.942,-239.548,341.422
59.878,-239.315,341.422
59.804,-239.092,341.422
59.730,-238.858,341.422
59.657,-238.636,341.411
59.583,-238.402,341.400
59.509,-238.180,341.400
59.435,-237.946,341.400
59.362,-237.724,341.411
59.288,-237.490,341.433
59.214,-237.257,341.466
59.131,-237.023,341.510
59.057,-236.789,341.543
58.983,-236.567,341.587
58.910,-236.333,341.631
58.836,-236.099,341.675
58.762,-235.877,341.719
58.688,-235.654,341.774
58.615,-235.421,341.829
58.541,-235.187,341.884
58.467,-234.965,341.938
58.394,-234.720,341.982
58.320,-234.475,342.037
58.256,-234.242,342.092
58.182,-234.008,342.136
58.108,-233.775,342.180
58.035,-233.552,342.224
57.961,-233.330,342.268
57.887,-233.096,342.312
57.823,-232.863,342.356
57.749,-232.640,342.389
57.666,-232.395,342.433
57.592,-232.162,342.466
57.528,-231.917,342.499
57.455,-231.683,342.532
57.381,-231.450,342.576
57.317,-231.227,342.609
57.243,-230.994,342.642
57.169,-230.760,342.675
57.096,-230.527,342.697
57.031,-230.282,342.729
56.958,-230.048,342.762
56.884,-229.815,342.784
56.810,-229.581,342.817
56.746,-229.348,342.839
56.673,-229.114,342.872
56.608,-228.870,342.905
56.535,-228.636,342.927
56.461,-228.402,342.949
56.397,-228.169,342.971
56.323,-227.924,342.993
56.259,-227.680,343.026
56.186,-227.446,343.059
56.121,-227.212,343.081
56.048,-226.968,343.114
55.974,-226.734,343.136
55.910,-226.501,343.169
55.846,-226.267,343.191
55.772,-226.022,343.213
55.699,-225.789,343.235
55.634,-225.544,343.257
55.561,-225.311,343.279
55.497,-225.066,343.301
55.423,-224.833,343.323
55.359,-224.588,343.345
55.285,-224.354,343.367
55.221,-224.110,343.378
55.148,-223.865,343.389
55.083,-223.632,343.389
55.010,-223.387,343.389
54.946,-223.153,343.389
54.872,-222.909,343.378
54.808,-222.664,343.378
54.734,-222.431,343.367
54.670,-222.186,343.345
54.597,-221.941,343.334
54.523,-221.697,343.312
54.459,-221.452,343.290
54.385,-221.218,343.268
54.321,-220.974,343.235
54.248,-220.729,343.213
54.184,-220.496,343.191
54.120,-220.262,343.158
54.046,-220.017,343.136
53.972,-219.784,343.114
53.908,-219.539,343.081
53.835,-219.295,343.048
53.761,-219.039,343.026
53.697,-218.805,343.004
53.623,-218.561,342.982
53.550,-218.316,342.960
53.476,-218.093,342.927
53.412,-217.849,342.894
53.338,-217.604,342.872
53.265,-217.371,342.839
53.201,-217.126,342.817
53.127,-216.881,342.795
53.053,-216.648,342.773
52.980,-216.403,342.751
52.906,-216.169,342.729
52.842,-215.925,342.708
52.768,-215.691,342.686
52.695,-215.446,342.664
52.621,-215.213,342.642
52.557,-214.968,342.620
52.483,-214.724,342.598
52.410,-214.490,342.576
52.336,-214.245,342.554
52.262,-214.012,342.532
52.198,-213.767,342.510
52.125,-213.534,342.499
52.051,-213.289,342.477
51.977,-213.055,342.466
51.904,-212.822,342.444
51.830,-212.577,342.433
51.756,-212.343,342.422
51.692,-212.099,342.411
51.619,-211.865,342.389
51.545,-211.620,342.378
51.471,-211.387,342.356
51.398,-211.153,342.345
51.324,-210.909,342.334
51.250,-210.675,342.312
51.186,-210.430,342.301
51.113,-210.197,342.279
51.039,-209.952,342.268
50.956,-209.718,342.246
50.882,-209.485,342.224
50.809,-209.240,342.213
50.735,-209.007,342.191
50.661,-208.773,342.180
50.588,-208.528,342.180
50.514,-208.295,342.169
50.440,-208.050,342.158
50.367,-207.816,342.147
50.293,-207.572,342.125
50.229,-207.338,342.114
50.155,-207.105,342.103
50.082,-206.871,342.103
50.008,-206.637,342.092
49.934,-206.404,342.092
49.851,-206.159,342.081
49.778,-205.903,342.070
49.704,-205.670,342.059
49.630,-205.425,342.048
49.557,-205.191,342.048
49.483,-204.969,342.037
49.409,-204.735,342.026
49.335,-204.502,342.015
49.262,-204.268,342.015
49.188,-204.034,342.004
49.115,-203.779,341.993
49.041,-203.545,341.982
48.967,-203.311,341.971
48.894,-203.067,341.960
48.820,-202.833,341.949
48.746,-202.600,341.938
48.673,-202.355,341.927
48.599,-202.121,341.927
48.525,-201.888,341.917
48.452,-201.643,341.906
48.378,-201.409,341.895
48.304,-201.176,341.873
48.231,-200.942,341.862
48.157,-200.709,341.851
48.083,-200.475,341.851
48.010,-200.230,341.851
47.936,-199.997,341.840
47.862,-199.763,341.840
47.788,-199.529,341.829
47.715,-199.296,341.818
47.641,-199.062,341.807
47.567,-198.829,341.796
47.494,-198.595,341.785
47.420,-198.361,341.785
47.346,-198.128,341.774
47.263,-197.883,341.774
47.180,-197.649,341.763
47.106,-197.416,341.752
47.033,-197.182,341.741
46.959,-196.937,341.741
46.895,-196.715,341.730
46.821,-196.492,341.741
46.747,-196.270,341.741
46.673,-196.036,341.730
46.600,-195.803,341.730
46.516,-195.569,341.719
46.443,-195.313,341.708
46.369,-195.080,341.708
46.296,-194.846,341.708
46.222,-194.612,341.708
46.148,-194.390,341.708
46.074,-194.156,341.697
46.001,-193.923,341.697
45.927,-193.689,341.697
45.853,-193.456,341.708
45.770,-193.222,341.719
45.696,-192.988,341.741
45.623,-192.755,341.763
45.549,-192.521,341.796
45.475,-192.287,341.818
45.411,-192.054,341.862
45.337,-191.820,341.895
45.264,-191.587,341.927
45.190,-191.353,341.960
45.116,-191.120,341.982
45.033,-190.886,342.015
44.959,-190.652,342.048
44.886,-190.419,342.081
44.812,-190.174,342.114
44.738,-189.940,342.147
44.674,-189.707,342.180
44.600,-189.473,342.213
44.527,-189.240,342.246
44.453,-189.006,342.268
44.379,-188.772,342.290
44.306,-188.539,342.312
44.241,-188.305,342.334
44.168,-188.072,342.356
44.094,-187.838,342.367
44.020,-187.605,342.367
43.947,-187.360,342.378
43.873,-187.126,342.378
43.799,-186.893,342.378
43.726,-186.648,342.378
43.652,-186.414,342.378
43.588,-186.192,342.378
43.514,-185.958,342.367
43.440,-185.725,342.367
43.367,-185.491,342.367
43.293,-185.246,342.356
43.219,-185.013,342.345
43.146,-184.779,342.345
43.082,-184.546,342.345
43.008,-184.312,342.334
42.934,-184.067,342.345
42.861,-183.834,342.345
42.787,-183.600,342.334
42.713,-183.367,342.334
42.649,-183.133,342.323
42.575,-182.900,342.323
42.502,-182.655,342.312
42.428,-182.421,342.312
42.354,-182.188,342.312
42.281,-181.954,342.312
42.207,-181.720,342.312
42.143,-181.476,342.312
42.069,-181.242,342.312
41.996,-181.009,342.301
41.922,-180.775,342.290
41.858,-180.542,342.290
41.784,-180.308,342.279
41.710,-180.063,342.279
41.637,-179.830,342.268
41.563,-179.596,342.268
41.499,-179.363,342.257
41.416,-179.118,342.246
41.342,-178.884,342.235
41.278,-178.651,342.235
41.204,-178.417,342.235
41.131,-178.172,342.235
41.057,-177.939,342.235
40.983,-177.705,342.235
40.919,-177.472,342.224
40.845,-177.238,342.224
40.772,-177.004,342.213
40.698,-176.771,342.213
40.624,-176.537,342.202
40.551,-176.304,342.202
40.477,-176.059,342.191
40.403,-175.825,342.180
40.330,-175.581,342.180
40.256,-175.347,342.169
40.182,-175.113,342.158
40.109,-174.880,342.147
40.044,-174.646,342.136
39.971,-174.413,342.125
39.897,-174.179,342.103
39.823,-173.946,342.081
39.750,-173.712,342.059
39.676,-173.478,342.026
39.612,-173.245,342.004
39.538,-173.011,341.971
39.464,-172.778,341.949
39.391,-172.544,341.917
39.317,-172.310,341.895
39.234,-172.066,341.862
39.160,-171.821,341.829
39.087,-171.587,341.796
39.013,-171.354,341.763
38.939,-171.120,341.719
38.875,-170.898,341.675
38.792,-170.664,341.620
38.718,-170.430,341.576
38.644,-170.197,341.532
38.571,-169.963,341.477
38.497,-169.719,341.433
38.423,-169.485,341.389
38.340,-169.240,341.334
38.266,-169.007,341.279
38.193,-168.773,341.235
38.109,-168.550,341.180
38.036,-168.317,341.125
37.962,-168.083,341.071
37.879,-167.849,341.027
37.805,-167.616,340.983
37.722,-167.382,340.939
37.648,-167.148,340.895
37.565,-166.915,340.851
37.491,-166.681,340.807
37.418,-166.448,340.763
37.334,-166.225,340.719
37.251,-165.991,340.675
37.177,-165.758,340.631
37.094,-165.524,340.587
37.020,-165.290,340.554
36.937,-165.046,340.510
36.864,-164.812,340.477
36.780,-164.578,340.444
36.697,-164.356,340.411
36.623,-164.122,340.378
36.540,-163.888,340.356
36.457,-163.655,340.334
36.374,-163.421,340.302
36.300,-163.187,340.280
36.217,-162.954,340.258
36.143,-162.720,340.225
36.060,-162.486,340.214
35.976,-162.253,340.192
35.903,-162.030,340.181
35.819,-161.796,340.181
35.736,-161.552,340.170
35.653,-161.318,340.159
35.570,-161.084,340.148
35.496,-160.851,340.148
35.413,-160.617,340.137
35.330,-160.394,340.137
35.246,-160.160,340.126
35.163,-159.927,340.126
35.089,-159.693,340.137
35.006,-159.471,340.137
34.923,-159.226,340.137
34.840,-158.992,340.137
34.756,-158.758,340.148
34.673,-158.525,340.159
34.600,-158.291,340.170
34.516,-158.057,340.192
34.443,-157.824,340.214
34.359,-157.590,340.247
34.276,-157.356,340.269
34.193,-157.123,340.312
34.119,-156.889,340.345
34.036,-156.655,340.389
33.953,-156.422,340.433
33.879,-156.188,340.477
33.796,-155.954,340.521
33.713,-155.721,340.565
33.629,-155.487,340.609
33.556,-155.253,340.664
33.472,-155.020,340.708
33.399,-154.786,340.763
33.315,-154.563,340.818
33.242,-154.330,340.862
33.158,-154.107,340.906
33.085,-153.873,340.961
33.001,-153.640,341.016
32.928,-153.395,341.071
32.845,-153.161,341.136
32.771,-152.928,341.191
32.697,-152.694,341.246
32.614,-152.460,341.301
32.540,-152.227,341.356
32.466,-152.004,341.400
32.383,-151.771,341.455
32.309,-151.537,341.510
32.236,-151.303,341.576
32.162,-151.059,341.620
32.079,-150.825,341.675
32.005,-150.591,341.730
31.932,-150.358,341.774
31.858,-150.124,341.829
31.784,-149.891,341.873
31.710,-149.657,341.927
31.637,-149.423,341.971
31.563,-149.190,342.026
31.489,-148.956,342.070
31.416,-148.723,342.114
31.342,-148.489,342.158
31.268,-148.255,342.202
31.195,-148.022,342.246
31.130,-147.788,342.290
31.057,-147.555,342.334
30.983,-147.321,342.378
30.919,-147.088,342.422
30.845,-146.854,342.466
30.771,-146.620,342.510
30.698,-146.376,342.543
30.624,-146.142,342.587
30.560,-145.909,342.620
30.486,-145.675,342.653
30.413,-145.441,342.686
30.349,-145.197,342.729
30.275,-144.963,342.762
30.211,-144.730,342.795
30.137,-144.496,342.828
30.073,-144.263,342.861
29.999,-144.040,342.883
29.935,-143.807,342.905
29.861,-143.573,342.927
29.797,-143.340,342.949
29.723,-143.106,342.982
29.650,-142.861,343.004
29.576,-142.617,343.026
29.512,-142.383,343.037
29.438,-142.138,343.059
29.374,-141.905,343.070
29.300,-141.682,343.081
29.236,-141.449,343.092
29.163,-141.215,343.092
29.098,-140.982,343.114
29.025,-140.748,343.125
28.951,-140.503,343.147
28.877,-140.270,343.158
28.813,-140.025,343.169
28.740,-139.792,343.169
28.676,-139.558,343.180
28.611,-139.314,343.191
28.538,-139.080,343.191
28.474,-138.846,343.202
28.409,-138.613,343.191
28.336,-138.379,343.191
28.262,-138.146,343.180
28.198,-137.912,343.169
28.134,-137.679,343.158
28.060,-137.445,343.147
27.996,-137.212,343.136
27.922,-136.967,343.136
27.849,-136.722,343.125
27.785,-136.489,343.114
27.711,-136.244,343.103
27.647,-136.011,343.092
27.583,-135.788,343.081
27.518,-135.555,343.070
27.445,-135.321,343.070
27.380,-135.088,343.059
27.307,-134.854,343.048
27.233,-134.609,343.037
27.169,-134.354,343.026
27.096,-134.120,343.004
27.022,-133.886,342.993
26.958,-133.653,342.982
26.894,-133.419,342.982
26.820,-133.186,342.971
26.756,-132.952,342.960
26.682,-132.708,342.949
26.618,-132.474,342.938
26.544,-132.241,342.927
26.480,-132.007,342.905
26.406,-131.773,342.872
26.342,-131.540,342.850
26.269,-131.295,342.817
26.204,-131.062,342.784
26.131,-130.828,342.740
26.067,-130.595,342.697
25.993,-130.361,342.653
25.919,-130.127,342.609
25.855,-129.894,342.554
25.781,-129.660,342.510
25.717,-129.427,342.466
25.643,-129.193,342.422
25.570,-128.960,342.378
25.487,-128.715,342.334
25.423,-128.481,342.290
25.349,-128.248,342.235
25.275,-128.014,342.191
25.201,-127.781,342.136
25.137,-127.558,342.103
25.073,-127.325,342.081
24.999,-127.091,342.048
24.926,-126.857,342.004
24.861,-126.624,341.971
24.778,-126.379,341.927
24.705,-126.146,341.895
24.631,-125.912,341.862
24.557,-125.678,341.829
24.484,-125.445,341.796
24.419,-125.222,341.763
24.345,-125.000,341.741
24.272,-124.766,341.708
24.198,-124.533,341.686
24.124,-124.299,341.653
24.041,-124.054,341.620
23.967,-123.821,341.576
23.894,-123.587,341.554
23.820,-123.365,341.532
23.746,-123.131,341.499
23.672,-122.908,341.477
23.599,-122.686,341.455
23.525,-122.452,341.422
23.451,-122.219,341.400
23.377,-121.996,341.378
23.294,-121.751,341.345
23.220,-121.529,341.312
23.147,-121.295,341.290
23.064,-121.062,341.268
22.990,-120.839,341.235
22.916,-120.605,341.213
22.842,-120.383,341.191
22.769,-120.149,341.169
22.685,-119.916,341.147
22.611,-119.693,341.125
22.538,-119.459,341.115
22.464,-119.226,341.093
22.390,-119.003,341.071
22.307,-118.770,341.060
22.233,-118.536,341.038
22.160,-118.314,341.038
22.086,-118.080,341.027
22.012,-117.857,341.027
21.929,-117.624,341.038
21.855,-117.390,341.071
21.772,-117.156,341.093
21.698,-116.923,341.136
21.624,-116.700,341.180
21.541,-116.467,341.213
21.467,-116.244,341.257
21.403,-116.022,341.312
21.329,-115.799,341.356
21.255,-115.565,341.400
21.182,-115.343,341.455
21.108,-115.120,341.510
21.025,-114.876,341.565
20.951,-114.642,341.609
20.877,-114.408,341.664
20.803,-114.186,341.719
20.730,-113.952,341.763
20.665,-113.741,341.818
20.592,-113.507,341.862
20.518,-113.285,341.895
20.444,-113.062,341.938
20.380,-112.840,341.960
20.306,-112.606,341.993
20.232,-112.384,342.015
20.168,-112.150,342.037
20.094,-111.928,342.059
20.020,-111.705,342.070
19.947,-111.472,342.070
19.873,-111.249,342.059
19.809,-111.027,342.070
19.735,-110.804,342.070
19.661,-110.582,342.070
19.597,-110.359,342.070
19.523,-110.137,342.070
19.459,-109.914,342.070
19.385,-109.692,342.070
19.320,-109.469,342.059
19.237,-109.247,342.070
19.173,-109.024,342.070
19.099,-108.802,342.070
19.035,-108.579,342.070
18.961,-108.357,342.070
18.897,-108.135,342.081
18.823,-107.912,342.081
18.759,-107.690,342.081
18.685,-107.478,342.081
18.620,-107.256,342.092
18.546,-107.033,342.092
18.482,-106.811,342.092
18.408,-106.588,342.092
18.344,-106.366,342.092
18.270,-106.154,342.092
18.206,-105.932,342.103
18.141,-105.721,342.092
18.077,-105.498,342.103
18.013,-105.287,342.103
17.939,-105.064,342.103
17.875,-104.842,342.103
17.801,-104.620,342.114
17.736,-104.408,342.114
17.672,-104.197,342.114
17.598,-103.974,342.103
17.524,-103.752,342.103
17.460,-103.540,342.092
17.396,-103.318,342.103
17.331,-103.107,342.092
17.257,-102.895,342.103
17.193,-102.684,342.092
17.128,-102.473,342.103
17.055,-102.261,342.081
16.990,-102.050,342.081
16.926,-101.839,342.070
16.871,-101.627,342.048
16.806,-101.416,342.015
16.733,-101.205,342.004
16.668,-100.993,341.993
16.604,-100.782,341.982
16.530,-100.559,341.971
16.456,-100.337,341.949
16.392,-100.126,341.938
16.327,-99.914,341.917
16.263,-99.714,341.884
16.198,-99.514,341.851
16.134,-99.313,341.818
16.069,-99.102,341.785
16.005,-98.902,341.763
15.940,-98.691,341.730
15.866,-98.468,341.697
15.802,-98.257,341.664
15.738,-98.045,341.631
15.673,-97.834,341.598
15.609,-97.634,341.565
15.535,-97.422,341.532
15.461,-97.211,341.510
15.396,-97.000,341.477
15.332,-96.799,341.444
15.258,-96.588,341.411
15.194,-96.366,341.389
15.129,-96.154,341.367
15.065,-95.954,341.345
14.991,-95.743,341.345
14.926,-95.531,341.345
14.852,-95.320,341.345
14.788,-95.108,341.356
14.714,-94.897,341.367
14.650,-94.686,341.378
14.576,-94.474,341.389
14.502,-94.263,341.400
14.428,-94.051,341.389
14.363,-93.840,341.400
14.289,-93.640,341.400
14.225,-93.428,341.422
14.151,-93.217,341.433
14.087,-93.006,341.455
14.013,-92.794,341.477
13.948,-92.583,341.488
13.874,-92.371,341.499
13.810,-92.149,341.510
13.736,-91.926,341.510
13.672,-91.715,341.521
13.598,-91.504,341.521
13.533,-91.292,341.521
13.469,-91.092,341.532
13.395,-90.881,341.543
13.331,-90.669,341.543
13.266,-90.458,341.554
13.192,-90.235,341.565
13.119,-90.013,341.565
13.054,-89.802,341.565
12.980,-89.590,341.565
12.916,-89.379,341.565
12.851,-89.168,341.587
12.787,-88.945,341.609
12.713,-88.734,341.642
12.649,-88.522,341.664
12.575,-88.300,341.697
12.510,-88.089,341.697
12.437,-87.866,341.752
12.363,-87.643,341.763
12.298,-87.432,341.796
12.224,-87.221,341.829
12.160,-87.009,341.862
12.086,-86.809,341.884
12.022,-86.598,341.917
11.948,-86.386,341.917
11.883,-86.175,341.927
11.809,-85.952,341.938
11.736,-85.730,341.938
11.662,-85.496,341.927
11.598,-85.274,341.927
11.524,-85.062,341.917
11.459,-84.851,341.917
11.395,-84.640,341.917
11.340,-84.440,341.917
11.275,-84.228,341.906
11.202,-84.017,341.906
11.137,-83.806,341.895
11.063,-83.572,341.895
10.990,-83.338,341.895
10.925,-83.116,341.895
10.851,-82.904,341.895
10.787,-82.682,341.906
10.723,-82.471,341.906
10.658,-82.259,341.917
10.584,-82.048,341.917
10.520,-81.826,341.917
10.446,-81.614,341.917
10.372,-81.392,341.917
10.308,-81.169,341.917
10.234,-80.947,341.906
10.170,-80.735,341.906
10.106,-80.513,341.906
10.032,-80.301,341.906
9.967,-80.079,341.906
9.903,-79.868,341.906
9.829,-79.645,341.895
9.765,-79.434,341.895
9.691,-79.200,341.884
9.627,-78.989,341.873
9.553,-78.766,341.873
9.488,-78.555,341.873
9.424,-78.333,341.873
9.350,-78.121,341.873
9.286,-77.910,341.873
9.221,-77.688,341.884
9.148,-77.476,341.906
9.083,-77.254,341.927
9.009,-77.031,341.949
8.935,-76.820,341.982
8.871,-76.597,342.015
8.807,-76.375,342.059
8.733,-76.163,342.092
8.669,-75.941,342.147
8.604,-75.730,342.191
8.530,-75.507,342.246
8.466,-75.296,342.290
8.402,-75.073,342.345
8.328,-74.862,342.400
8.263,-74.651,342.455
8.199,-74.439,342.510
8.135,-74.228,342.565
8.070,-74.006,342.620
8.006,-73.783,342.664
7.942,-73.572,342.708
7.868,-73.360,342.751
7.803,-73.138,342.795
7.748,-72.927,342.839
7.684,-72.715,342.872
7.620,-72.504,342.916
7.555,-72.293,342.949
7.491,-72.081,342.993
7.426,-71.870,343.026
7.362,-71.648,343.059
7.298,-71.436,343.081
7.243,-71.225,343.114
7.178,-71.014,343.147
7.114,-70.803,343.169
7.050,-70.602,343.191
6.995,-70.391,343.213
6.930,-70.180,343.246
6.866,-69.968,343.268
6.811,-69.757,343.290
6.747,-69.546,343.312
6.682,-69.335,343.334
6.627,-69.123,343.345
6.563,-68.912,343.367
6.498,-68.712,343.378
6.443,-68.500,343.389
6.379,-68.300,343.400
6.324,-68.089,343.411
6.260,-67.889,343.433
6.205,-67.678,343.444
6.140,-67.455,343.455
6.076,-67.255,343.466
6.021,-67.044,343.466
5.966,-66.844,343.477
5.902,-66.632,343.488
5.847,-66.432,343.488
5.782,-66.232,343.499
5.727,-66.021,343.499
5.672,-65.820,343.499
5.608,-65.620,343.499
5.553,-65.398,343.488
5.488,-65.198,343.488
5.433,-64.997,343.477
5.378,-64.786,343.477
5.314,-64.586,343.466
5.259,-64.386,343.455
5.204,-64.186,343.444
5.139,-63.974,343.433
5.084,-63.774,343.433
5.030,-63.574,343.422
4.965,-63.374,343.411
4.910,-63.163,343.389
4.855,-62.963,343.367
4.800,-62.762,343.334
4.736,-62.562,343.301
4.681,-62.362,343.279
4.626,-62.162,343.246
4.571,-61.962,343.213
4.506,-61.761,343.180
4.451,-61.561,343.147
4.387,-61.361,343.114
4.332,-61.161,343.070
4.277,-60.961,343.037
4.212,-60.761,342.993
4.129,-60.471,342.938
4.065,-60.271,342.894
4.010,-60.071,342.861
3.955,-59.871,342.828
3.863,-59.582,342.773
3.808,-59.370,342.740
3.716,-59.081,342.686
3.661,-58.881,342.653
3.569,-58.592,342.587
3.486,-58.314,342.532
3.421,-58.114,342.499
3.339,-57.824,342.466
3.246,-57.535,342.433
3.191,-57.335,342.400
3.099,-57.046,342.356
3.007,-56.768,342.312
2.952,-56.568,342.290
2.897,-56.367,342.268
2.805,-56.078,342.224
2.713,-55.789,342.202
2.630,-55.511,342.180
2.538,-55.222,342.158
2.455,-54.944,342.136
2.363,-54.654,342.114
2.298,-54.454,342.103
2.216,-54.165,342.081
2.124,-53.887,342.059
2.041,-53.598,342.048
1.976,-53.397,342.037
1.884,-53.119,342.037
1.829,-52.919,342.048
1.727,-52.652,342.048
1.635,-52.374,342.070
1.552,-52.085,342.059
1.460,-51.807,342.026
1.405,-51.606,342.015
1.350,-51.406,342.004
1.258,-51.128,341.993
1.175,-50.839,341.982
1.083,-50.550,341.982
0.991,-50.272,341.971
0.908,-49.982,341.960
0.825,-49.716,341.949
0.733,-49.426,341.949
0.650,-49.148,341.960
0.558,-48.859,341.960
0.494,-48.659,341.971
0.411,-48.381,341.971
0.319,-48.092,341.971
0.236,-47.825,341.971
0.144,-47.546,341.982
0.061,-47.268,341.993
-0.031,-46.979,342.004
-0.123,-46.690,341.993
-0.206,-46.412,341.993
-0.298,-46.134,341.982
-0.381,-45.867,341.982
-0.474,-45.589,341.993
-0.556,-45.311,341.993
-0.621,-45.110,341.993
-0.713,-44.832,341.993
-0.796,-44.543,341.993
-0.888,-44.265,341.993
-0.971,-43.998,341.982
-1.063,-43.731,341.982
-1.146,-43.453,341.982
-1.201,-43.253,341.982
-1.293,-42.975,341.971
-1.376,-42.696,341.960
-1.468,-42.418,341.949
-1.551,-42.140,341.927
-1.634,-41.873,341.927
-1.726,-41.595,341.917
-1.818,-41.317,341.917
-1.901,-41.039,341.906
-1.993,-40.761,341.906
-2.076,-40.494,341.895
-2.159,-40.216,341.895
-2.251,-39.938,341.884
-2.334,-39.671,341.884
-2.399,-39.470,341.873
-2.482,-39.204,341.873
-2.574,-38.925,341.873
-2.657,-38.658,341.873
-2.739,-38.380,341.873
-2.832,-38.113,341.873
-2.915,-37.846,341.873
-3.007,-37.557,341.873
-3.090,-37.290,341.884
-3.173,-37.012,341.873
-3.255,-36.745,341.873
-3.338,-36.478,341.873
-3.431,-36.211,341.873
-3.513,-35.944,341.873
-3.596,-35.677,341.873
-3.679,-35.410,341.862
-3.772,-35.143,341.862
-3.854,-34.876,341.851
-3.937,-34.609,341.851
-4.020,-34.342,341.840
-4.103,-34.075,341.840
-4.196,-33.819,341.829
-4.278,-33.552,341.818
-4.352,-33.297,341.818
-4.435,-33.030,341.818
-4.518,-32.785,341.818
-4.591,-32.529,341.807
-4.674,-32.284,341.807
-4.748,-32.040,341.785
-4.822,-31.795,341.785
-4.905,-31.561,341.785
-4.979,-31.339,341.796
-5.052,-31.105,341.807
-5.117,-30.894,341.818
-5.191,-30.671,341.829
-5.255,-30.449,341.840
-5.329,-30.237,341.862
-5.393,-30.026,341.884
-5.458,-29.815,341.917
-5.522,-29.592,341.949
-5.596,-29.370,341.993
-5.660,-29.158,342.026
-5.734,-28.947,342.059
-5.798,-28.725,342.081
-5.863,-28.513,342.114
-5.927,-28.302,342.136
-6.001,-28.091,342.158
-6.065,-27.868,342.191
-6.130,-27.657,342.213
-6.194,-27.445,342.246
-6.268,-27.223,342.268
-6.332,-27.012,342.290
-6.397,-26.800,342.323
-6.461,-26.589,342.345
-6.526,-26.378,342.378
-6.590,-26.177,342.411
-6.655,-25.966,342.433
-6.719,-25.744,342.466
-6.783,-25.532,342.488
-6.848,-25.321,342.521
-6.912,-25.121,342.554
-6.967,-24.921,342.587
-7.032,-24.709,342.620
-7.096,-24.498,342.653
-7.161,-24.298,342.686
-7.216,-24.098,342.697
-7.280,-23.897,342.719
-7.345,-23.697,342.729
-7.400,-23.497,342.740
-7.473,-23.241,342.773
-7.547,-23.008,342.806
-7.620,-22.763,342.839
-7.685,-22.529,342.861
-7.758,-22.307,342.872
-7.823,-22.095,342.883
-7.878,-21.895,342.894
-7.951,-21.651,342.938
-8.016,-21.450,342.971
-8.080,-21.217,342.993
-8.144,-21.006,343.026
-8.199,-20.805,343.048
-8.264,-20.605,343.081
-8.319,-20.405,343.103
-8.374,-20.194,343.147
-8.438,-19.971,343.191
-8.512,-19.749,343.235
-8.567,-19.527,343.268
-8.631,-19.304,343.312
-8.695,-19.093,343.345
-8.760,-18.882,343.389
-8.815,-18.670,343.433
-8.879,-18.459,343.477
-8.943,-18.248,343.521
-8.998,-18.025,343.564
-9.063,-17.814,343.608
-9.118,-17.603,343.630
-9.182,-17.391,343.674
-9.237,-17.169,343.729
-9.301,-16.947,343.762
-9.365,-16.724,343.784
-9.430,-16.502,343.817
-9.494,-16.268,343.828
-9.558,-16.046,343.850
-9.603,-15.846,343.850
-9.658,-15.646,343.850
-9.723,-15.446,343.861
-9.778,-15.234,343.894
-9.833,-15.023,343.927
-9.897,-14.812,343.938
-9.952,-14.589,343.938
-10.016,-14.378,343.938
-10.071,-14.156,343.916
-10.126,-13.934,343.916
-10.190,-13.722,343.927
-10.245,-13.511,343.960
-10.319,-13.300,343.971
-10.374,-13.077,343.971
-10.429,-12.866,343.982
-10.493,-12.655,344.015
-10.538,-12.444,344.235
-10.603,-12.210,344.839
-10.667,-11.988,345.608
-10.722,-11.787,346.311
-10.758,-11.588,346.904
-10.803,-11.376,347.563
-10.849,-11.176,348.168
-10.885,-10.976,348.695
-10.920,-10.765,348.959
-10.956,-10.566,349.014
-11.002,-10.354,348.805
-11.037,-10.143,348.563
-11.083,-9.932,348.322
-11.119,-9.732,348.058
-11.164,-9.532,347.805
-11.200,-9.321,347.542
-11.245,-9.110,347.256
-11.291,-8.910,346.981
-11.336,-8.699,346.630
-11.391,-8.488,346.135
-11.436,-8.277,345.564
-11.491,-8.077,345.070
-11.546,-7.854,344.498
-11.601,-7.632,343.927
-11.665,-7.409,343.334
-11.730,-7.209,342.817
-11.794,-6.987,342.224
-11.858,-6.787,341.741
-11.923,-6.575,341.279
-11.987,-6.375,340.840
-12.061,-6.164,340.488
-12.135,-5.963,340.323
-12.209,-5.741,340.334
-12.283,-5.529,340.389
-12.357,-5.307,340.466
-12.431,-5.095,340.554
-12.505,-4.873,340.653
-12.579,-4.650,340.752
-12.652,-4.428,340.906
-12.726,-4.205,341.169
-12.800,-3.983,341.598
-12.864,-3.771,342.169
-12.929,-3.560,342.817
-12.993,-3.349,343.597
-13.048,-3.149,344.333
-13.103,-2.948,345.114
-13.149,-2.737,345.894
-13.203,-2.526,346.564
-13.249,-2.326,347.201
-13.285,-2.126,347.816
-13.330,-1.926,348.431
-13.366,-1.726,349.113
-13.402,-1.526,349.794
-13.438,-1.326,349.585
-13.465,-1.126,348.849
-13.510,-0.926,347.959
-13.555,-0.715,347.113
-13.601,-0.515,346.344
-13.646,-0.304,345.520
-13.710,-0.082,344.608
-13.756,0.118,343.806
-13.820,0.330,342.971
-13.885,0.552,342.092
-13.958,0.786,341.158
-14.032,0.986,340.367
-14.097,1.197,339.576
-14.180,1.409,338.840
-14.264,1.620,338.203
-14.347,1.843,337.687
-14.421,2.032,337.379
-14.514,2.266,337.115
-14.598,2.455,336.995
-14.681,2.656,336.918
-14.765,2.856,336.885
-14.848,3.068,336.852
-14.932,3.268,336.830
-15.025,3.480,336.819
-15.108,3.703,336.852
-15.201,3.914,336.907
-15.294,4.137,336.984
-15.387,4.371,337.104
-15.480,4.594,337.225
-15.573,4.827,337.346
-15.675,5.072,337.456
-15.768,5.306,337.566
-15.842,5.495,337.643
-15.935,5.729,337.731
-16.037,5.974,337.808
-16.129,6.230,337.874
-16.203,6.420,337.917
-16.278,6.609,337.961
-16.352,6.798,338.016
-16.426,6.998,338.082
-16.500,7.188,338.137
-16.574,7.377,338.192
-16.658,7.577,338.236
-16.732,7.778,338.291
-16.806,7.967,338.335
-16.880,8.178,338.390
-16.954,8.379,338.434
-17.038,8.579,338.489
-17.112,8.780,338.544
-17.186,8.969,338.599
-17.260,9.169,338.665
-17.344,9.370,338.741
-17.417,9.581,338.807
-17.492,9.781,338.884
-17.575,9.993,338.961
-17.649,10.193,339.038
-17.723,10.394,339.104
-17.797,10.605,339.181
-17.871,10.806,339.258
-17.955,11.006,339.324
-18.029,11.217,339.390
-18.103,11.418,339.467
-18.177,11.629,339.554
-18.251,11.841,339.642
-18.325,12.041,339.719
-18.399,12.241,339.796
-18.473,12.453,339.884
-18.547,12.653,339.972
-18.611,12.853,340.060
-18.695,13.065,340.137
-18.759,13.265,340.214
-18.833,13.477,340.302
-18.898,13.677,340.389
-18.972,13.877,340.477
-19.036,14.077,340.576
-19.110,14.278,340.664
-19.175,14.478,340.763
-19.239,14.678,340.862
-19.314,14.879,340.961
-19.378,15.079,341.071
-19.443,15.279,341.202
-19.526,15.535,341.367
-19.599,15.780,341.543
-19.682,16.024,341.730
-19.756,16.258,341.917
-19.830,16.481,342.103
-19.904,16.703,342.323
-19.958,16.914,342.565
-20.023,17.137,342.839
-20.087,17.337,343.125
-20.152,17.548,343.411
-20.207,17.760,343.685
-20.271,17.982,343.971
-20.335,18.193,344.279
-20.380,18.415,344.641
-20.435,18.627,345.092
-20.490,18.838,345.619
-20.554,19.071,346.234
-20.600,19.283,346.926
-20.654,19.516,347.662
-20.700,19.738,348.420
-20.735,19.960,349.167
-20.780,20.182,349.882
-20.816,20.405,350.585
-20.852,20.638,351.255
-20.878,20.860,351.903
-20.904,21.082,352.529
-20.930,21.315,353.156
-20.956,21.537,353.815
-20.973,21.759,354.507
-20.999,21.981,355.210
-21.006,22.202,355.913
-21.032,22.424,356.605
-21.039,22.646,357.286
-21.046,22.868,357.957
-21.044,23.090,358.627
-21.051,23.311,359.352
-21.049,23.544,0.143
-21.046,23.766,1.033
-21.034,23.988,2.021
-21.022,24.220,3.109
-21.010,24.442,4.285
-20.989,24.663,5.515
-20.957,24.896,6.768
-20.926,25.117,8.031
-20.895,25.338,9.283
-20.855,25.560,10.514
-20.805,25.781,11.733
-20.754,26.002,12.964
-20.704,26.223,14.172
-20.645,26.444,15.392
-20.576,26.654,16.622
-20.507,26.875,17.864
-20.437,27.085,19.094
-20.359,27.295,20.347
-20.280,27.504,21.599
-20.192,27.714,22.885
-20.104,27.924,24.170
-20.007,28.111,25.422
-19.919,28.298,26.642
-19.821,28.486,27.806
-19.705,28.695,29.224
-19.578,28.904,30.608
-19.472,29.092,31.937
-19.346,29.268,33.190
-19.210,29.466,34.618
-19.084,29.653,35.980
-18.958,29.818,37.222
-18.823,29.994,38.496
-18.688,30.158,39.771
-18.543,30.312,41.111
-18.408,30.466,42.374
-18.263,30.608,43.627
-18.119,30.751,44.780
-17.974,30.893,45.747
-17.820,31.036,46.813
-17.666,31.178,47.845
-17.512,31.309,48.867
-17.358,31.441,49.845
-17.194,31.572,50.911
-17.021,31.703,52.075
-16.838,31.845,53.350
-16.666,31.965,54.525
-16.493,32.085,55.800
-16.310,32.205,57.162
-16.128,32.314,58.579
-15.926,32.434,60.062
-15.734,32.542,61.611
-15.533,32.640,63.226
-15.322,32.737,64.885
-15.121,32.824,66.566
-14.920,32.910,68.214
-14.709,32.986,69.818
-14.518,33.061,71.367
-14.288,33.125,73.125
-14.078,33.178,74.773
-13.877,33.231,76.333
-13.667,33.273,78.014
-13.447,33.315,79.673
-13.237,33.346,81.321
-13.037,33.377,82.892
-12.836,33.397,84.518
-12.636,33.406,86.232
-12.436,33.415,88.352
-12.236,33.413,90.868
-12.026,33.411,93.680
-11.826,33.386,96.218
-11.626,33.362,99.075
-11.426,33.326,101.788
-11.217,33.269,104.919
-11.008,33.200,107.699
-10.809,33.131,110.632
-10.619,33.051,113.632
-10.429,32.961,116.609
-10.240,32.848,119.641
-10.060,32.735,122.717
-9.880,32.622,125.717
-9.710,32.487,128.738
-9.549,32.341,131.814
-9.379,32.184,134.956
-9.229,32.005,138.241
-9.088,31.848,141.097
-8.956,31.670,143.965
-8.825,31.480,146.887
-8.703,31.279,149.788
-8.610,31.100,152.161
-8.526,30.911,154.446
-8.433,30.710,156.665
-8.349,30.499,158.840
-8.275,30.299,160.972
-8.211,30.087,163.004
-8.146,29.865,164.927
-8.092,29.643,166.718
-8.047,29.420,168.311
-8.001,29.187,169.673
-7.975,28.965,170.859
-7.940,28.721,171.925
-7.904,28.488,172.837
-7.878,28.243,173.683
-7.852,28.010,174.463
-7.836,27.766,175.177
-7.820,27.522,175.858
-7.803,27.278,176.517
-7.796,27.034,177.122
-7.789,26.801,177.682
-7.783,26.546,178.143
-7.785,26.302,178.528
-7.778,26.070,178.846
-7.781,25.837,179.154
-7.774,25.582,179.308
-7.777,25.338,179.319
-7.780,25.094,179.187
-7.782,24.850,178.890
-7.785,24.606,178.495
-7.787,24.396,178.121
-7.780,24.152,177.594
-7.764,23.952,177.166
-7.756,23.741,176.726
-7.730,23.531,176.276
-7.714,23.275,175.704
-7.697,23.031,175.177
-7.681,22.821,174.716
-7.664,22.621,174.221
-7.647,22.399,173.705
-7.630,22.199,173.199
-7.604,21.999,172.727
-7.578,21.800,172.266
-7.551,21.600,171.804
-7.515,21.389,171.365
-7.489,21.189,170.958
-7.453,20.945,170.563
-7.418,20.711,170.310
-7.382,20.500,170.222
-7.346,20.289,170.277
-7.311,20.067,170.420
-7.275,19.867,170.607
-7.239,19.667,170.804
-7.212,19.468,170.936
-7.177,19.246,171.068
-7.150,19.046,171.211
-7.114,18.835,171.365
-7.088,18.635,171.508
-7.062,18.424,171.661
-7.035,18.213,171.793
-7.000,17.991,171.826
-6.973,17.791,171.760
-6.947,17.580,171.573
-6.921,17.380,171.288
-6.885,17.158,170.936
-6.859,16.958,170.574
-6.813,16.758,170.200
-6.787,16.559,169.816
-6.751,16.348,169.354
-6.715,16.148,168.882
-6.679,15.926,168.387
-6.634,15.714,167.937
-6.589,15.503,167.563
-6.534,15.292,167.234
-6.488,15.081,166.893
-6.443,14.881,166.542
-6.397,14.681,166.201
-6.343,14.470,165.872
-6.297,14.270,165.410
-6.242,14.069,165.070
-6.178,13.858,164.685
-6.132,13.658,164.202
-6.077,13.458,163.806
-6.013,13.258,163.411
-6.077,13.458,163.652
-6.123,13.658,163.477
-6.178,13.858,163.059
-6.132,13.658,160.873
-6.058,13.447,158.236
-5.975,13.246,155.621
-5.881,13.057,152.941
-5.788,12.878,150.381
-5.685,12.700,147.711
-5.563,12.510,144.943
-5.441,12.331,142.361
-5.300,12.175,139.812
-5.168,12.018,137.274
-5.018,11.861,134.769
-4.876,11.715,132.440
-4.716,11.581,130.111
-4.555,11.446,127.738
-4.385,11.311,125.782
-4.214,11.198,123.948
-4.044,11.086,122.344
-3.874,10.973,120.630
-3.703,10.860,118.949
-3.514,10.758,117.631
-3.315,10.667,116.071
-3.116,10.565,114.390
-2.935,10.475,113.302
-2.727,10.395,112.104
-2.537,10.315,111.105
-2.328,10.235,110.303
-2.138,10.156,109.578
-1.929,10.087,108.787
-1.730,10.029,107.930
-1.521,9.949,107.117
-1.321,9.903,106.469
-1.121,9.845,105.842
-0.903,9.787,105.282
-0.694,9.729,104.634
-0.475,9.672,103.997
-0.247,9.614,103.260
-0.038,9.556,102.513
0.171,9.498,101.799
0.409,9.451,101.063
0.647,9.404,100.349
0.847,9.369,99.591
1.047,9.333,98.888
1.265,9.287,98.251
1.494,9.251,97.668
1.713,9.215,97.163
1.932,9.191,96.735
2.170,9.155,96.416
2.389,9.130,96.196
2.617,9.105,96.064
2.836,9.081,96.042
3.055,9.045,96.086
3.274,9.021,96.185
3.493,8.996,96.350
3.703,8.972,96.592
3.912,8.936,96.899
4.121,8.912,97.251
4.331,8.887,97.635
4.531,8.852,97.976
4.759,8.816,98.350
4.978,8.780,98.723
5.178,8.745,99.108
5.378,8.709,99.481
5.597,8.674,99.910
5.815,8.627,100.338
6.015,8.591,100.690
6.215,8.545,101.041
6.415,8.509,101.404
6.624,8.463,101.799
6.843,8.416,102.261
7.052,8.358,102.799
7.270,8.311,103.458
7.499,8.254,104.249
7.727,8.185,105.139
7.945,8.127,106.062
8.164,8.058,106.974
8.382,7.989,107.864
8.591,7.909,108.721
8.800,7.840,109.534
9.000,7.760,110.292
9.199,7.681,111.017
9.408,7.601,111.819
9.598,7.521,112.555
9.797,7.430,113.324
9.986,7.339,114.115
10.186,7.248,114.906
10.366,7.158,115.675
10.546,7.067,116.598
10.736,6.976,117.609
10.916,6.875,118.619
11.105,6.762,119.663
11.294,6.649,120.740
11.484,6.536,121.652
11.673,6.412,122.465
11.853,6.299,123.047
12.033,6.175,123.541
12.222,6.040,123.893
12.421,5.905,124.124
12.591,5.792,124.211
12.752,5.668,124.200
12.932,5.544,124.113
13.112,5.431,123.948
13.282,5.308,123.728
13.471,5.184,123.486
13.651,5.060,123.245
13.840,4.936,122.992
14.029,4.812,122.739
14.219,4.688,122.487
14.408,4.564,122.267
14.607,4.439,122.058
14.796,4.315,121.860
14.986,4.191,121.685
15.184,4.067,121.542
15.383,3.943,121.399
15.573,3.819,121.267
15.772,3.706,121.146
15.961,3.582,121.036
16.160,3.458,120.981
16.358,3.334,120.948
16.557,3.221,120.981
16.747,3.097,121.069
16.946,2.973,121.190
17.145,2.860,121.355
17.334,2.736,121.553
17.533,2.611,121.794
17.722,2.476,122.069
17.921,2.352,122.355
18.110,2.228,122.662
18.299,2.104,122.970
18.489,1.980,123.311
18.687,1.845,123.673
18.877,1.710,124.058
19.056,1.586,124.475
19.246,1.451,124.958
19.425,1.316,125.519
19.614,1.181,126.145
19.794,1.046,126.837
19.974,0.911,127.584
20.144,0.776,128.353
20.323,0.630,129.133
20.493,0.484,129.902
20.663,0.338,130.671
20.824,0.192,131.396
20.994,0.046,132.100
21.145,-0.100,132.759
21.305,-0.257,133.385
21.456,-0.403,133.978
21.607,-0.559,134.550
21.758,-0.716,135.099
21.909,-0.862,135.637
22.050,-1.019,136.176
22.191,-1.165,136.692
22.333,-1.321,137.208
22.493,-1.500,137.900
22.643,-1.679,138.669
22.784,-1.847,139.526
22.926,-2.004,140.460
23.067,-2.194,141.702
23.208,-2.373,143.130
23.330,-2.552,144.811
23.451,-2.741,147.129
23.564,-2.931,149.711
23.667,-3.110,152.534
23.750,-3.299,155.599
23.843,-3.511,158.994
23.917,-3.733,162.686
23.982,-3.944,165.992
24.027,-4.167,169.442
24.063,-4.389,172.958
24.079,-4.588,175.891
24.086,-4.810,179.396
24.075,-5.021,182.747
24.053,-5.231,185.922
24.022,-5.453,189.459
23.963,-5.674,193.239
23.913,-5.873,196.501
23.834,-6.071,199.808
23.756,-6.270,203.159
23.658,-6.468,206.433
23.561,-6.645,209.081
23.444,-6.843,211.970
23.328,-7.019,214.244
23.202,-7.195,216.288
23.057,-7.382,218.188
22.912,-7.558,220.034
22.777,-7.711,221.528
22.632,-7.876,222.968
22.488,-8.018,224.330
22.324,-8.172,225.604
22.170,-8.325,226.813
21.996,-8.479,227.955
21.823,-8.632,229.021
21.650,-8.785,230.021
21.467,-8.927,230.955
21.284,-9.069,231.866
21.092,-9.211,232.723
20.890,-9.353,233.569
20.698,-9.495,234.360
20.496,-9.637,235.096
20.304,-9.768,235.789
20.131,-9.877,236.327
19.930,-10.008,236.986
19.728,-10.139,237.656
19.517,-10.258,238.315
19.315,-10.389,238.953
19.104,-10.509,239.601
18.893,-10.628,240.227
18.682,-10.748,240.842
18.462,-10.867,241.458
18.279,-10.954,241.919
18.069,-11.063,242.512
17.848,-11.171,243.083
17.628,-11.279,243.611
17.436,-11.377,243.951
17.254,-11.464,244.270
17.033,-11.561,244.633
16.851,-11.648,244.885
16.660,-11.734,245.094
16.478,-11.821,245.226
16.286,-11.897,245.281
16.104,-11.983,245.248
15.922,-12.070,245.160
15.730,-12.145,245.006
15.510,-12.254,244.775
15.290,-12.351,244.545
15.079,-12.449,244.358
14.887,-12.535,244.204
14.695,-12.622,244.094
14.513,-12.708,244.061
14.312,-12.806,244.039
14.130,-12.893,244.017
13.948,-12.979,244.006
13.766,-13.066,243.984
13.574,-13.153,243.951
13.392,-13.239,243.962
13.210,-13.326,243.951
13.028,-13.413,243.842
12.836,-13.510,243.468
12.645,-13.597,243.018
12.462,-13.695,242.567
12.280,-13.781,242.139
12.088,-13.890,241.666
11.906,-13.988,241.172
11.714,-14.085,240.656
11.532,-14.194,240.183
11.340,-14.303,239.667
11.139,-14.412,239.139
10.966,-14.521,238.678
10.784,-14.618,238.096
10.601,-14.738,237.437
10.428,-14.847,236.711
10.256,-14.956,236.008
10.083,-15.065,235.283
9.910,-15.185,234.602
9.747,-15.305,233.866
9.583,-15.425,233.031
9.420,-15.546,231.965
9.256,-15.666,230.834
9.093,-15.797,229.702
8.939,-15.928,228.647
8.785,-16.071,227.758
8.621,-16.224,226.769
8.457,-16.366,225.791
8.303,-16.509,224.857
8.149,-16.662,223.792
7.995,-16.816,222.792
7.860,-16.969,221.935
7.715,-17.123,221.089
7.570,-17.288,220.331
7.435,-17.453,219.694
7.299,-17.640,218.826
7.154,-17.804,217.749
7.010,-17.969,216.694
6.884,-18.134,215.991
6.748,-18.310,215.277
6.613,-18.497,214.354
6.506,-18.695,213.333
6.370,-18.871,212.531
6.245,-19.047,211.827
6.147,-19.223,211.135
6.040,-19.410,210.410
5.943,-19.587,209.630
5.836,-19.763,208.850
5.729,-19.939,208.081
5.632,-20.126,207.257
5.535,-20.303,206.433
5.427,-20.523,205.521
5.330,-20.722,204.642
5.232,-20.942,203.698
5.154,-21.130,202.896
5.066,-21.328,201.951
4.978,-21.549,200.973
4.889,-21.770,199.918
4.820,-21.969,199.006
4.742,-22.201,197.919
4.663,-22.433,196.776
4.593,-22.665,195.546
4.544,-22.864,194.480
4.484,-23.096,193.228
4.434,-23.295,192.195
4.384,-23.527,190.964
4.343,-23.748,189.800
4.312,-23.958,188.701
4.281,-24.158,187.690
4.251,-24.368,186.592
4.220,-24.578,185.515
4.208,-24.789,184.460
4.186,-24.999,183.362
4.174,-25.232,182.076
4.162,-25.453,180.846
4.160,-25.675,179.747
4.157,-25.897,178.704
4.165,-26.118,177.605
4.172,-26.329,176.539
4.189,-26.529,175.485
4.206,-26.729,174.089
4.222,-26.928,172.683
4.249,-27.128,171.387
4.275,-27.328,169.937
4.321,-27.539,168.278
4.356,-27.739,166.685
4.411,-27.950,165.026
4.476,-28.162,163.257
4.540,-28.384,161.433
4.605,-28.584,159.840
4.679,-28.774,158.192
4.762,-28.974,156.467
4.846,-29.174,154.720
4.939,-29.375,152.974
5.042,-29.565,151.216
5.154,-29.765,149.436
5.266,-29.955,147.678
5.379,-30.134,145.986
5.501,-30.301,144.437
5.632,-30.480,142.756
5.754,-30.648,141.196
5.896,-30.816,139.559
6.037,-30.983,138.131
6.178,-31.129,136.769
6.329,-31.297,135.264
6.480,-31.443,133.945
6.640,-31.600,132.649
6.801,-31.746,131.385
6.952,-31.880,130.419
7.112,-32.015,129.650
7.263,-32.150,129.067
7.433,-32.285,128.595
7.594,-32.408,128.265
7.755,-32.543,128.112
7.925,-32.667,127.947
8.076,-32.802,127.782
8.237,-32.925,127.595
8.397,-33.049,127.375
8.568,-33.184,127.211
8.728,-33.308,127.046
8.899,-33.431,126.859
9.069,-33.566,126.661
9.248,-33.701,126.486
9.409,-33.825,126.409
9.579,-33.949,126.431
9.749,-34.084,126.552
9.929,-34.219,126.782
10.090,-34.343,127.101
10.269,-34.489,127.617
10.439,-34.624,128.210
10.600,-34.758,128.990
10.780,-34.893,129.946
10.959,-35.050,131.001
11.129,-35.208,132.111
11.299,-35.365,133.308
11.440,-35.510,134.473
11.600,-35.689,136.022
11.770,-35.858,137.637
11.930,-36.037,139.329
12.052,-36.204,140.823
12.193,-36.394,142.800
12.334,-36.584,144.976
12.466,-36.774,147.261
12.587,-36.975,149.623
12.699,-37.176,151.985
12.793,-37.376,154.193
12.886,-37.577,156.313
12.960,-37.766,158.379
13.034,-37.967,160.356
13.098,-38.167,162.323
13.153,-38.367,164.268
13.218,-38.578,166.201
13.254,-38.800,168.113
13.289,-39.011,170.068
13.325,-39.222,171.980
13.351,-39.433,173.760
13.368,-39.655,175.441
13.375,-39.877,177.023
13.382,-40.088,178.484
13.380,-40.320,179.791
13.377,-40.542,180.978
13.366,-40.753,182.065
13.363,-40.985,183.054
13.341,-41.207,183.911
13.329,-41.428,184.614
13.308,-41.639,185.142
13.277,-41.860,185.438
13.256,-42.082,185.460
13.234,-42.303,185.175
13.213,-42.514,184.669
13.201,-42.724,183.999
13.179,-42.934,183.164
13.167,-43.167,181.912
13.155,-43.389,180.604
13.153,-43.621,179.088
13.170,-43.832,177.484
13.177,-44.054,175.660
13.193,-44.254,174.045
13.220,-44.465,172.386
13.256,-44.676,170.585
13.282,-44.875,168.948
13.327,-45.075,167.223
13.363,-45.275,165.608
13.418,-45.476,164.180
13.483,-45.676,162.916
13.538,-45.876,162.719
13.602,-46.087,162.905
13.667,-46.288,163.235
13.722,-46.488,163.553
13.786,-46.699,163.894
13.841,-46.899,164.158
13.896,-47.110,164.454
13.951,-47.311,164.685
14.006,-47.533,164.773
14.051,-47.733,164.707
14.106,-47.933,164.487
14.152,-48.133,164.147
14.216,-48.344,163.740
14.281,-48.556,163.345
14.345,-48.778,162.894
14.409,-49.001,162.433
14.474,-49.201,162.048
14.529,-49.401,161.653
14.593,-49.601,161.213
14.676,-49.835,160.642
14.741,-50.035,160.159
14.815,-50.235,159.642
14.889,-50.447,159.115
14.963,-50.647,158.599
15.037,-50.859,158.071
15.121,-51.059,157.555
15.204,-51.249,157.028
15.288,-51.449,156.500
15.381,-51.661,155.973
15.464,-51.872,155.490
15.558,-52.073,155.028
15.651,-52.273,154.611
15.734,-52.474,154.182
15.837,-52.674,153.666
15.939,-52.886,153.051
16.042,-53.087,152.391
16.145,-53.287,151.699
16.247,-53.488,150.996
16.350,-53.667,150.414
16.444,-53.845,149.821
16.556,-54.046,149.095
16.678,-54.258,148.425
16.780,-54.436,147.942
16.912,-54.648,147.360
17.024,-54.816,146.887
17.137,-54.983,146.459
17.240,-55.162,146.041
17.352,-55.329,145.635
17.474,-55.508,145.217
17.587,-55.687,144.833
17.709,-55.865,144.470
17.831,-56.033,144.141
17.953,-56.212,143.833
18.075,-56.379,143.580
18.197,-56.558,143.372
18.328,-56.737,143.185
18.450,-56.904,143.031
18.572,-57.072,142.899
18.704,-57.251,142.767
18.836,-57.419,142.646
18.957,-57.597,142.515
19.089,-57.765,142.394
19.211,-57.933,142.273
19.333,-58.100,142.152
19.455,-58.268,142.009
19.587,-58.425,141.888
19.719,-58.592,141.790
19.860,-58.771,141.691
19.991,-58.939,141.592
20.132,-59.140,141.493
20.283,-59.341,141.471
20.414,-59.509,141.515
20.565,-59.655,141.581
20.706,-59.856,141.625
20.847,-60.024,141.702
20.988,-60.214,141.855
21.091,-60.392,141.998
21.232,-60.582,142.163
21.383,-60.739,142.262
21.524,-60.929,142.394
21.645,-61.119,142.493
21.767,-61.286,142.625
21.908,-61.465,142.844
22.049,-61.655,143.185
22.181,-61.823,143.416
22.313,-61.980,143.624
22.425,-62.158,143.778
22.509,-62.348,143.910
22.621,-62.515,144.185
22.772,-62.705,144.536
22.894,-62.873,144.800
23.007,-63.040,145.020
23.138,-63.197,145.195
23.251,-63.365,145.349
23.363,-63.554,145.547
23.485,-63.744,145.723
23.626,-63.934,145.865
23.748,-64.124,145.975
23.860,-64.291,146.074
23.973,-64.470,146.173
24.104,-64.671,146.294
24.226,-64.861,146.404
24.348,-65.040,146.503
24.470,-65.240,146.613
24.582,-65.408,146.689
24.713,-65.609,146.810
24.835,-65.810,147.041
24.966,-66.022,147.393
25.079,-66.200,147.766
25.191,-66.379,148.239
25.294,-66.558,148.821
25.397,-66.736,149.502
25.500,-66.926,150.260
25.612,-67.115,151.051
25.715,-67.305,151.853
25.818,-67.506,152.655
25.911,-67.706,153.446
26.013,-67.907,154.248
26.097,-68.107,155.083
26.190,-68.319,155.918
26.283,-68.531,156.775
26.366,-68.742,157.643
26.459,-68.965,158.500
26.533,-69.176,159.335
26.617,-69.388,160.137
26.691,-69.610,160.895
26.764,-69.844,161.631
26.829,-70.066,162.312
26.902,-70.289,162.960
26.967,-70.522,163.553
27.031,-70.756,164.092
27.085,-70.989,164.575
27.149,-71.223,164.982
27.214,-71.456,165.333
27.268,-71.690,165.641
27.323,-71.923,165.927
27.377,-72.167,166.212
27.432,-72.401,166.487
27.487,-72.645,166.750
27.532,-72.879,167.003
27.586,-73.112,167.234
27.631,-73.345,167.476
27.686,-73.579,167.717
27.731,-73.823,167.948
27.776,-74.056,168.157
27.821,-74.290,168.344
27.866,-74.523,168.508
27.911,-74.756,168.640
27.947,-74.989,168.739
27.992,-75.223,168.794
28.037,-75.456,168.827
28.073,-75.689,168.838
28.118,-75.922,168.827
28.163,-76.156,168.805
28.199,-76.389,168.761
28.244,-76.622,168.706
28.279,-76.844,168.651
28.325,-77.067,168.607
28.370,-77.278,168.552
28.406,-77.489,168.497
28.442,-77.700,168.442
28.487,-77.900,168.387
28.532,-78.133,168.333
28.568,-78.355,168.311
28.613,-78.566,168.300
28.649,-78.788,168.300
28.694,-78.999,168.322
28.730,-79.222,168.344
28.775,-79.433,168.376
28.821,-79.644,168.431
28.856,-79.866,168.530
28.902,-80.077,168.695
28.937,-80.299,168.959
28.973,-80.510,169.332
29.009,-80.721,169.805
29.045,-80.943,170.365
29.080,-81.165,170.991
29.107,-81.376,171.661
29.142,-81.598,172.408
29.159,-81.809,173.320
29.185,-82.031,174.430
29.192,-82.253,175.748
29.209,-82.464,177.188
29.216,-82.686,178.748
29.214,-82.896,180.428
29.202,-83.118,182.186
29.190,-83.328,184.384
29.187,-83.550,187.273
29.157,-83.749,189.536
29.107,-83.959,191.777
29.056,-84.191,194.568
28.987,-84.401,197.490
28.938,-84.600,200.226
28.859,-84.810,203.236
28.781,-84.998,206.312
28.664,-85.174,208.850
28.538,-85.350,211.860
28.431,-85.548,215.013
28.296,-85.702,217.343
28.133,-85.844,219.825
28.016,-86.009,223.517
27.853,-86.162,226.143
27.679,-86.305,228.922
27.506,-86.436,231.581
27.343,-86.578,233.778
27.160,-86.698,235.822
26.968,-86.818,237.711
26.767,-86.937,239.436
26.584,-87.035,240.809
26.393,-87.144,242.161
26.191,-87.242,243.501
25.980,-87.339,244.764
25.798,-87.426,245.709
25.578,-87.512,246.720
25.358,-87.598,247.687
25.138,-87.684,248.555
24.946,-87.760,249.203
24.755,-87.824,249.796
24.563,-87.900,250.323
24.372,-87.964,250.785
24.171,-88.028,251.136
23.980,-88.093,251.367
23.779,-88.157,251.466
23.568,-88.221,251.455
23.367,-88.286,251.389
23.147,-88.361,251.345
22.937,-88.425,251.312
22.717,-88.500,251.290
22.497,-88.564,251.257
22.267,-88.639,251.235
22.047,-88.715,251.268
21.836,-88.790,251.433
21.616,-88.854,251.730
21.396,-88.929,252.092
21.176,-88.993,252.477
20.947,-89.057,252.894
20.727,-89.121,253.356
20.516,-89.174,253.850
20.316,-89.239,254.323
20.105,-89.292,254.817
19.905,-89.334,255.311
19.694,-89.398,255.839
19.493,-89.440,256.333
19.283,-89.482,256.893
19.082,-89.535,257.410
18.882,-89.567,257.915
18.681,-89.609,258.464
18.471,-89.651,259.025
18.271,-89.671,259.574
18.070,-89.713,260.958
17.860,-89.733,263.419
17.659,-89.753,266.265
17.440,-89.750,269.561
17.240,-89.748,272.725
17.040,-89.735,275.713
16.840,-89.710,278.811
16.640,-89.664,281.953
16.431,-89.606,285.062
16.232,-89.548,288.062
16.042,-89.480,290.522
15.842,-89.400,292.961
15.643,-89.309,295.477
15.444,-89.196,298.158
15.264,-89.094,300.520
15.094,-88.982,302.992
14.914,-88.869,305.475
14.734,-88.734,307.892
14.555,-88.577,310.254
14.375,-88.419,312.550
14.206,-88.251,314.791
14.064,-88.106,316.472
13.933,-87.949,318.131
13.791,-87.781,319.801
13.660,-87.624,321.416
13.518,-87.457,322.954
13.387,-87.278,324.415
13.265,-87.099,325.854
13.144,-86.876,327.360
13.012,-86.675,328.887
12.900,-86.463,330.403
12.778,-86.273,331.820
12.666,-86.051,333.127
12.564,-85.850,333.995
12.452,-85.605,335.039
12.368,-85.415,335.720
12.276,-85.170,336.522
12.192,-84.981,336.984
12.108,-84.781,337.346
12.025,-84.580,337.610
11.941,-84.380,337.808
11.858,-84.168,337.950
11.784,-83.968,338.060
11.710,-83.756,338.159
11.626,-83.545,338.247
11.543,-83.322,338.335
11.459,-83.111,338.423
11.376,-82.899,338.500
11.293,-82.677,338.555
11.209,-82.454,338.599
11.126,-82.231,338.654
11.042,-82.009,338.708
10.959,-81.786,338.785
10.876,-81.563,338.862
10.792,-81.341,338.939
10.709,-81.107,339.005
10.626,-80.884,339.082
10.543,-80.662,339.148
10.469,-80.428,339.214
10.385,-80.206,339.291
10.302,-79.983,339.368
10.219,-79.760,339.434
10.145,-79.527,339.521
10.062,-79.304,339.598
9.978,-79.082,339.664
9.905,-78.848,339.730
9.821,-78.636,339.796
9.738,-78.414,339.840
9.664,-78.180,339.862
9.581,-77.958,339.862
9.507,-77.735,339.851
9.424,-77.512,339.840
9.350,-77.290,339.840
9.276,-77.067,339.851
9.193,-76.834,339.873
9.119,-76.611,339.939
9.036,-76.389,340.016
8.952,-76.166,340.115
8.878,-75.943,340.225
8.795,-75.721,340.323
8.721,-75.498,340.422
8.647,-75.276,340.532
8.564,-75.042,340.631
8.490,-74.819,340.708
8.417,-74.597,340.774
8.343,-74.374,340.807
8.269,-74.141,340.829
8.195,-73.918,340.840
8.112,-73.696,340.862
8.048,-73.462,340.906
7.974,-73.240,340.939
7.891,-73.006,340.983
7.817,-72.783,341.016
7.743,-72.550,341.049
7.669,-72.327,341.082
7.596,-72.094,341.125
7.522,-71.860,341.180
7.448,-71.638,341.235
7.365,-71.404,341.312
7.301,-71.170,341.389
7.217,-70.948,341.455
7.144,-70.714,341.510
7.070,-70.481,341.554
6.996,-70.247,341.620
6.923,-70.013,341.686
6.849,-69.780,341.763
6.775,-69.546,341.851
6.701,-69.313,341.927
6.628,-69.079,342.004
6.554,-68.845,342.081
6.480,-68.601,342.147
6.407,-68.367,342.213
6.333,-68.122,342.279
6.260,-67.878,342.334
6.186,-67.633,342.378
6.112,-67.388,342.400
6.039,-67.144,342.411
5.965,-66.899,342.433
5.882,-66.643,342.444
5.809,-66.398,342.455
5.735,-66.154,342.455
5.662,-65.898,342.444
5.579,-65.642,342.433
5.505,-65.386,342.422
5.432,-65.130,342.411
5.349,-64.875,342.411
5.275,-64.619,342.411
5.192,-64.363,342.400
5.119,-64.096,342.378
5.036,-63.840,342.356
4.963,-63.584,342.345
4.880,-63.318,342.334
4.797,-63.051,342.334
4.724,-62.784,342.323
4.641,-62.528,342.290
4.558,-62.261,342.257
4.475,-62.005,342.224
4.401,-61.738,342.191
4.318,-61.482,342.158
4.236,-61.215,342.125
4.153,-60.948,342.081
4.070,-60.681,342.037
3.987,-60.426,341.993
3.904,-60.159,341.938
3.821,-59.892,341.906
3.738,-59.625,341.873
3.655,-59.358,341.840
3.573,-59.091,341.807
3.490,-58.824,341.763
3.416,-58.568,341.719
3.333,-58.301,341.686
3.250,-58.045,341.653
3.158,-57.778,341.620
3.075,-57.511,341.587
2.992,-57.255,341.543
2.909,-56.988,341.488
2.836,-56.721,341.455
2.744,-56.454,341.433
2.661,-56.198,341.422
2.578,-55.943,341.411
2.495,-55.687,341.411
2.412,-55.431,341.411
2.329,-55.175,341.433
2.246,-54.919,341.455
2.163,-54.663,341.499
2.080,-54.407,341.543
1.997,-54.140,341.609
1.914,-53.885,341.675
1.840,-53.640,341.730
1.757,-53.406,341.807
1.683,-53.161,341.895
1.600,-52.906,341.982
1.517,-52.672,342.081
1.444,-52.438,342.158
1.360,-52.193,342.213
1.287,-51.949,342.279
1.223,-51.682,342.367
1.140,-51.437,342.466
1.066,-51.193,342.554
0.993,-50.937,342.631
0.919,-50.692,342.708
0.846,-50.436,342.773
0.782,-50.192,342.839
0.708,-49.936,342.905
0.635,-49.680,342.982
0.552,-49.435,343.048
0.478,-49.169,343.114
0.405,-48.913,343.180
0.332,-48.657,343.235
0.268,-48.401,343.290
0.194,-48.146,343.356
0.121,-47.890,343.422
0.038,-47.634,343.477
-0.036,-47.378,343.531
-0.109,-47.122,343.575
-0.183,-46.867,343.608
-0.246,-46.600,343.663
-0.320,-46.344,343.718
-0.393,-46.088,343.784
-0.467,-45.833,343.828
-0.540,-45.577,343.883
-0.604,-45.321,343.927
-0.678,-45.065,343.982
-0.751,-44.810,344.026
-0.815,-44.554,344.081
-0.888,-44.298,344.136
-0.962,-44.042,344.180
-1.026,-43.787,344.213
-1.099,-43.531,344.246
-1.163,-43.275,344.268
-1.237,-43.019,344.301
-1.301,-42.764,344.333
-1.364,-42.508,344.366
-1.438,-42.252,344.399
-1.502,-41.997,344.421
-1.575,-41.741,344.443
-1.639,-41.496,344.454
-1.703,-41.241,344.476
-1.777,-40.985,344.498
-1.841,-40.729,344.520
-1.905,-40.474,344.542
-1.968,-40.218,344.542
-2.042,-39.962,344.531
-2.106,-39.706,344.509
-2.170,-39.451,344.487
-2.243,-39.195,344.454
-2.307,-38.950,344.410
-2.381,-38.695,344.355
-2.445,-38.439,344.290
-2.509,-38.183,344.224
-2.582,-37.928,344.158
-2.646,-37.672,344.092
-2.729,-37.416,344.026
-2.793,-37.160,343.949
-2.866,-36.905,343.861
-2.940,-36.649,343.784
-3.004,-36.404,343.707
-3.068,-36.149,343.641
-3.141,-35.893,343.575
-3.214,-35.626,343.510
-3.288,-35.370,343.433
-3.361,-35.114,343.356
-3.435,-34.870,343.279
-3.508,-34.614,343.202
-3.582,-34.358,343.136
-3.655,-34.102,343.070
-3.729,-33.836,343.004
-3.812,-33.580,342.927
-3.885,-33.324,342.850
-3.959,-33.068,342.784
-4.032,-32.812,342.708
-4.105,-32.546,342.642
-4.188,-32.290,342.576
-4.262,-32.023,342.510
-4.345,-31.767,342.433
-4.418,-31.511,342.345
-4.501,-31.255,342.268
-4.574,-31.000,342.191
-4.657,-30.733,342.114
-4.740,-30.477,342.037
-4.823,-30.221,341.971
-4.897,-29.954,341.895
-4.980,-29.709,341.818
-5.063,-29.453,341.741
-5.146,-29.197,341.664
-5.229,-28.942,341.587
-5.312,-28.686,341.510
-5.395,-28.430,341.433
-5.478,-28.174,341.367
-5.551,-27.918,341.301
-5.634,-27.662,341.224
-5.717,-27.406,341.169
-5.810,-27.150,341.093
-5.893,-26.895,341.027
-5.976,-26.639,340.961
-6.059,-26.394,340.884
-6.132,-26.138,340.818
-6.215,-25.882,340.763
-6.308,-25.626,340.697
-6.391,-25.370,340.631
-6.483,-25.125,340.565
-6.566,-24.870,340.488
-6.649,-24.625,340.422
-6.732,-24.369,340.356
-6.825,-24.124,340.302
-6.908,-23.879,340.247
-6.991,-23.623,340.214
-7.074,-23.379,340.170
-7.167,-23.123,340.137
-7.250,-22.878,340.115
-7.342,-22.633,340.093
-7.425,-22.377,340.082
-7.509,-22.132,340.082
-7.592,-21.887,340.071
-7.675,-21.643,340.060
-7.758,-21.409,340.060
-7.841,-21.164,340.060
-7.924,-20.930,340.060
-8.008,-20.697,340.082
-8.091,-20.463,340.093
-8.164,-20.229,340.104
-8.248,-20.007,340.126
-8.312,-19.795,340.126
-8.386,-19.584,340.137
-8.460,-19.373,340.148
-8.534,-19.161,340.159
-8.608,-18.961,340.181
-8.682,-18.749,340.192
-8.756,-18.549,340.203
-8.821,-18.338,340.214
-8.895,-18.137,340.225
-8.959,-17.926,340.258
-9.042,-17.714,340.280
-9.107,-17.503,340.312
-9.181,-17.303,340.345
-9.255,-17.091,340.378
-9.329,-16.891,340.433
-9.393,-16.680,340.488
-9.467,-16.468,340.587
-9.541,-16.257,340.697
-9.606,-16.045,340.840
-9.680,-15.845,341.005
-9.744,-15.634,341.180
-9.818,-15.433,341.378
-9.883,-15.222,341.565
-9.947,-15.022,341.774
-10.012,-14.811,342.004
-10.076,-14.599,342.257
-10.140,-14.399,342.543
-10.205,-14.188,342.850
-10.269,-13.976,343.180
-10.324,-13.776,343.553
-10.389,-13.565,343.949
-10.444,-13.365,344.366
-10.499,-13.165,344.795
-10.554,-12.953,345.256
-10.609,-12.753,345.740
-10.654,-12.542,346.223
-10.699,-12.342,346.718
-10.735,-12.142,347.234
-10.799,-11.886,347.926
-10.844,-11.631,348.651
-10.898,-11.375,349.376
-10.934,-11.142,350.101
-10.970,-10.909,350.826
-11.005,-10.687,351.562
-11.031,-10.465,352.310
-11.058,-10.254,353.090
-11.074,-10.043,353.969
-11.091,-9.843,354.935
-11.108,-9.644,355.990
-11.124,-9.389,357.385
-11.132,-9.178,358.561
-11.129,-8.923,0.099
-11.127,-8.712,1.406
-11.115,-8.502,2.758
-11.093,-8.258,4.504
-11.072,-8.059,5.944
-11.050,-7.849,7.416
-11.019,-7.649,8.899
-10.979,-7.450,10.393
-10.938,-7.218,12.261
-10.879,-6.986,14.117
-10.809,-6.754,15.930
-10.750,-6.544,17.688
-10.662,-6.312,19.742
-10.583,-6.091,21.753
-10.485,-5.882,23.719
-10.388,-5.672,25.840
-10.290,-5.474,27.697
-10.174,-5.286,29.663
-10.076,-5.110,31.377
-9.960,-4.934,33.365
-9.834,-4.769,35.189
-9.718,-4.604,37.057
-9.583,-4.450,38.859
-9.447,-4.275,40.803
-9.293,-4.121,42.660
-9.148,-3.968,44.561
-8.994,-3.814,46.483
-8.840,-3.683,48.318
-8.677,-3.540,50.295
-8.504,-3.409,52.372
-8.340,-3.289,54.218
-8.167,-3.169,56.129
-7.994,-3.060,58.063
-7.812,-2.962,59.974
-7.630,-2.854,61.809
-7.429,-2.756,63.600
-7.208,-2.659,65.610
-7.007,-2.583,67.203
-6.816,-2.497,68.555
-6.605,-2.433,69.708
-6.395,-2.357,70.664
-6.194,-2.293,71.378
-5.993,-2.229,71.752
-5.801,-2.164,71.807
-5.610,-2.100,71.642
-5.390,-2.036,71.158
-5.199,-1.971,70.466
-4.998,-1.896,69.543
-4.796,-1.821,68.511
-4.605,-1.745,67.467
-4.394,-1.659,66.423
-4.193,-1.572,65.347
-3.992,-1.486,64.226
-3.781,-1.377,63.073
-3.580,-1.280,61.908
-3.378,-1.171,60.798
-3.196,-1.062,59.711
-3.014,-0.964,58.656
-2.822,-0.845,57.480
-2.630,-0.725,56.393
-2.457,-0.605,55.338
-2.274,-0.485,54.218
-2.101,-0.354,53.152
-1.928,-0.223,52.053
-1.765,-0.102,51.031
-1.601,0.040,49.977
-1.447,0.171,48.922
-1.284,0.302,47.933
-1.130,0.434,46.615
-0.985,0.576,45.088
-0.831,0.730,43.253
-0.677,0.894,41.320
-0.541,1.048,39.496
-0.406,1.213,37.716
-0.290,1.378,36.123
-0.174,1.543,34.739
-0.057,1.719,33.267
0.059,1.895,32.080
0.166,2.071,31.201
0.282,2.258,30.663
0.389,2.434,30.597
0.496,2.611,30.608
0.603,2.787,30.839
0.719,2.963,31.157
0.826,3.139,31.696
0.942,3.315,32.552
1.068,3.480,33.563
1.175,3.656,34.420
1.291,3.821,35.376
1.426,3.975,36.595
1.523,4.151,37.969
1.668,4.327,39.507
1.813,4.503,40.726
1.977,4.645,42.188
2.122,4.810,43.594
2.267,4.963,44.769
2.430,5.117,45.846
2.584,5.248,46.901
2.748,5.402,47.944
2.921,5.544,48.966
3.085,5.686,50.032
3.258,5.828,51.174
3.421,5.948,52.174
3.594,6.079,53.218
3.758,6.200,53.987
3.940,6.331,54.767
4.123,6.451,55.393
4.305,6.570,55.931
4.478,6.691,56.272
4.661,6.810,56.404
4.834,6.919,56.305
5.026,7.039,55.975
5.218,7.159,55.316
5.391,7.301,54.207
5.592,7.432,52.625
5.775,7.585,50.581
5.958,7.727,48.109
6.112,7.859,45.736
6.247,8.012,43.011
6.392,8.155,39.924
6.517,8.320,36.420
6.643,8.485,32.542
6.750,8.661,28.312
6.847,8.848,23.752
6.926,9.036,18.984
6.985,9.235,14.117
7.035,9.445,9.218
7.066,9.655,4.285
7.078,9.866,359.341
7.071,10.087,354.353
7.044,10.287,349.420
6.999,10.487,344.564
6.935,10.710,339.664
6.861,10.910,334.677
6.758,11.100,329.656
6.645,11.289,324.613
6.505,11.479,319.482
6.354,11.647,314.286
6.193,11.804,309.067
6.014,11.950,303.860
5.825,12.063,298.674
5.625,12.165,293.500
5.417,12.245,288.336
5.207,12.303,283.239
5.008,12.349,278.262
4.808,12.374,273.395
4.608,12.387,268.660
4.379,12.367,263.309
4.178,12.336,258.234
3.949,12.272,252.444
3.748,12.208,247.544
3.556,12.110,242.600
3.355,12.002,237.535
3.172,11.882,232.372
2.989,11.740,227.120
2.826,11.575,221.792
2.671,11.388,216.354
2.535,11.190,210.861
2.428,11.003,205.554
2.350,10.804,200.555
2.281,10.606,195.798
2.231,10.385,190.723
2.200,10.185,186.207
2.179,9.975,182.252
2.176,9.764,178.242
2.193,9.542,174.474
2.210,9.343,171.332
2.246,9.132,168.223
2.291,8.932,165.553
2.356,8.731,162.949
2.420,8.531,160.466
2.494,8.331,160.367
2.559,8.131,161.389
2.623,7.919,162.499
2.688,7.719,163.619
2.733,7.519,164.685
2.788,7.319,165.839
2.834,7.119,167.036
2.870,6.919,168.871
2.906,6.719,171.815
2.922,6.519,176.023
2.920,6.309,181.154
2.908,6.098,186.064
2.868,5.899,190.833
2.818,5.689,195.831
2.759,5.490,200.511
2.661,5.292,205.774
2.564,5.115,210.421
2.447,4.939,215.376
2.322,4.774,220.342
2.177,4.632,225.077
2.023,4.501,229.757
1.850,4.380,234.580
1.677,4.260,237.997
1.850,4.369,237.448
2.023,4.478,236.184
2.196,4.587,235.492
2.368,4.696,234.756
2.532,4.816,234.459
2.705,4.936,234.954
2.878,5.056,237.140
3.050,5.165,240.754
3.233,5.263,244.709
3.415,5.350,248.632
3.606,5.414,252.477
3.798,5.479,256.619
3.998,5.521,260.936
3.789,5.523,266.550
3.588,5.514,271.077
3.388,5.527,275.658
3.179,5.563,280.382
2.960,5.610,285.557
2.761,5.679,290.490
2.561,5.769,295.598
2.362,5.882,300.608
2.192,5.995,305.332
2.022,6.130,309.375
1.861,6.276,312.605
1.711,6.422,315.000
1.569,6.578,316.505
1.428,6.735,317.197
1.287,6.892,317.120
1.136,7.060,316.362
0.995,7.206,314.714
0.844,7.362,312.418
0.693,7.497,309.836
0.532,7.621,307.452
0.693,7.486,307.573
0.863,7.362,306.519
1.033,7.227,304.442
1.203,7.092,301.597
1.402,6.979,297.400
1.582,6.889,293.467
1.781,6.798,289.457
1.971,6.729,286.370
2.180,6.671,284.041
2.380,6.614,282.821
2.580,6.567,281.953
2.779,6.510,281.646
2.979,6.474,281.635
3.179,6.428,281.624
3.379,6.381,281.733
3.578,6.346,282.195
3.778,6.299,282.821
3.978,6.242,283.096
4.177,6.195,283.337
4.377,6.148,283.403
4.577,6.102,283.447
4.776,6.055,283.458
4.577,6.091,283.184
4.377,6.148,283.304
4.177,6.195,283.535
3.978,6.253,283.777
3.778,6.299,284.052
3.578,6.357,284.381
3.379,6.403,284.832
3.179,6.461,285.447
2.980,6.519,286.227
2.790,6.587,287.073
2.581,6.656,288.007
2.381,6.725,289.006
2.182,6.793,290.083
1.992,6.873,291.346
1.793,6.953,292.764
1.603,7.033,294.225
1.413,7.134,296.071
1.233,7.225,298.531
1.053,7.327,301.179
0.883,7.440,304.233
0.722,7.563,307.474
0.552,7.709,310.847
0.392,7.855,314.539
0.250,8.012,317.834
0.109,8.180,321.306
-0.003,8.347,324.240
-0.116,8.537,327.656
-0.228,8.704,331.007
-0.312,8.894,333.864
-0.405,9.094,337.181
-0.479,9.295,340.411
-0.544,9.506,343.652
-0.598,9.717,346.827
-0.634,9.917,349.673
-0.661,10.128,352.716
-0.678,10.328,355.331
-0.694,10.539,357.968
-0.692,10.760,0.747
-0.670,10.982,3.164
-0.658,11.192,5.680
-0.637,11.392,7.877
-0.597,11.602,10.107
-0.556,11.801,12.360
-0.506,12.011,14.678
-0.437,12.221,17.051
-0.368,12.431,19.391
-0.290,12.640,21.698
-0.192,12.850,24.060
-0.104,13.037,26.125
-0.007,13.225,28.257
0.100,13.401,30.421
0.216,13.588,32.651
0.333,13.753,34.585
0.468,13.929,36.881
0.613,14.116,39.232
0.768,14.292,41.616
0.932,14.467,44.055
1.076,14.610,46.121
1.230,14.752,48.208
1.394,14.883,50.328
1.557,15.015,52.482
1.721,15.135,54.646
1.903,15.255,56.799
2.086,15.363,58.942
2.277,15.472,60.996
2.469,15.570,63.029
2.670,15.667,65.039
2.872,15.754,66.984
3.082,15.829,68.873
3.293,15.904,70.774
3.513,15.980,72.686
3.733,16.033,74.608
3.962,16.085,76.553
4.191,16.138,78.475
4.392,16.169,80.057
4.621,16.211,81.892
4.822,16.231,83.408
5.022,16.251,84.880
5.222,16.260,86.320
5.432,16.269,87.726
5.632,16.267,89.088
5.842,16.264,90.428
6.052,16.262,91.725
6.262,16.260,92.966
6.471,16.235,94.142
6.690,16.222,95.273
6.890,16.197,96.394
7.100,16.162,97.493
7.319,16.137,98.547
7.528,16.102,99.591
7.737,16.055,100.613
7.946,16.008,101.591
8.165,15.962,102.535
8.374,15.915,103.458
8.583,15.857,104.381
8.793,15.799,105.282
9.002,15.742,106.172
9.211,15.673,107.040
9.410,15.604,107.919
9.619,15.535,108.809
9.819,15.467,109.655
10.027,15.387,110.446
10.227,15.307,111.171
10.426,15.227,111.797
10.635,15.136,112.346
10.834,15.045,112.852
11.033,14.966,113.302
11.223,14.875,113.708
11.432,14.784,114.093
11.631,14.693,114.434
11.821,14.602,114.730
12.010,14.511,115.016
12.209,14.409,115.269
12.399,14.319,115.521
12.598,14.217,115.763
12.788,14.126,115.939
12.977,14.024,116.016
13.177,13.933,116.016
13.366,13.831,115.972
13.556,13.741,115.895
13.755,13.639,115.774
13.945,13.548,115.631
14.134,13.457,115.477
14.324,13.355,115.323
14.523,13.264,115.159
14.713,13.174,115.005
14.902,13.083,114.851
15.101,12.981,114.708
15.291,12.901,114.565
15.481,12.810,114.456
15.671,12.720,114.445
15.870,12.629,114.532
16.059,12.538,114.752
16.249,12.447,115.104
16.439,12.356,115.587
16.619,12.255,116.191
16.808,12.164,116.895
16.989,12.062,117.697
17.169,11.971,118.608
17.377,11.847,119.806
17.557,11.745,120.905
17.727,11.633,122.080
17.917,11.509,123.552
18.115,11.374,125.079
18.305,11.238,126.650
18.484,11.092,128.210
18.654,10.946,129.781
18.834,10.800,131.375
18.994,10.643,133.033
19.154,10.486,134.780
19.305,10.329,136.659
19.446,10.173,138.746
19.578,10.016,141.042
19.719,9.826,143.877
19.841,9.636,146.821
19.954,9.469,149.886
20.047,9.290,152.897
20.140,9.090,156.094
20.224,8.878,159.247
20.288,8.678,162.400
20.343,8.467,165.542
20.388,8.256,168.541
20.415,8.056,171.541
20.441,7.845,174.705
20.448,7.634,178.000
20.446,7.424,181.527
20.434,7.213,185.339
20.403,7.003,189.492
20.353,6.804,193.689
20.294,6.594,197.886
20.215,6.395,201.962
20.127,6.186,205.895
20.030,6.009,209.213
19.904,5.822,212.816
19.788,5.646,215.859
19.642,5.459,219.133
19.498,5.306,221.902
19.353,5.152,224.626
19.199,4.999,227.318
19.035,4.867,230.010
18.853,4.725,232.723
18.670,4.605,235.393
18.488,4.474,237.964
18.286,4.366,240.381
18.085,4.257,242.611
17.903,4.170,244.402
17.682,4.084,246.324
17.462,3.998,248.159
17.271,3.922,249.752
17.079,3.858,251.345
16.878,3.794,252.949
16.678,3.740,254.586
16.467,3.687,256.190
16.257,3.645,257.728
16.047,3.603,259.156
15.837,3.561,260.486
15.617,3.530,261.661
15.407,3.511,262.672
15.188,3.491,263.562
14.968,3.471,264.320
14.749,3.451,264.891
14.529,3.432,265.210
14.310,3.412,265.320
14.090,3.403,265.232
13.871,3.383,265.023
13.651,3.364,264.683
13.432,3.344,264.298
13.222,3.335,263.914
13.012,3.315,263.529
12.792,3.284,263.090
12.582,3.265,262.562
12.382,3.234,262.024
12.172,3.214,261.508
11.971,3.183,260.991
11.771,3.152,260.464
11.570,3.121,259.937
11.370,3.089,259.442
11.150,3.048,258.871
10.921,3.006,258.387
10.720,2.964,258.025
10.510,2.922,257.717
10.300,2.880,257.388
10.089,2.826,256.959
9.889,2.784,256.454
9.678,2.731,255.817
9.478,2.689,255.201
9.267,2.636,254.531
9.047,2.572,253.905
8.846,2.519,253.345
8.646,2.454,252.861
8.445,2.401,252.587
8.244,2.337,252.499
8.043,2.273,252.433
7.842,2.219,252.345
7.641,2.155,252.070
7.450,2.091,251.752
7.249,2.026,251.488
7.048,1.962,251.345
6.847,1.898,251.268
6.646,1.833,251.279
6.455,1.769,251.345
6.244,1.705,251.466
6.053,1.640,251.609
5.862,1.576,251.763
5.651,1.512,251.906
5.441,1.448,252.048
5.249,1.383,252.202
5.029,1.319,252.345
4.819,1.255,252.477
4.599,1.191,252.510
4.388,1.127,252.411
4.178,1.063,252.026
3.987,0.998,251.444
3.795,0.934,250.741
3.594,0.869,249.917
3.403,0.805,249.082
3.211,0.730,248.049
3.020,0.643,247.247
2.828,0.567,246.368
2.627,0.481,245.841
2.436,0.405,245.731
2.253,0.319,245.995
2.062,0.232,246.412
1.880,0.146,246.852
1.679,0.092,247.313
1.497,0.006,247.819
1.305,-0.059,248.291
1.114,-0.134,248.522
0.922,-0.210,248.862
0.731,-0.285,248.994
0.539,-0.361,249.170
0.348,-0.425,249.335
0.157,-0.501,249.489
-0.035,-0.565,249.653
-0.226,-0.629,249.796
-0.427,-0.705,249.961
-0.619,-0.769,250.280
-0.810,-0.834,250.576
-1.001,-0.898,250.917
-1.193,-0.962,251.224
-1.384,-1.027,251.466
-1.585,-1.091,251.609
-1.776,-1.155,251.664
-1.977,-1.209,251.719
-2.169,-1.273,251.774
-2.360,-1.337,251.818
-2.561,-1.402,251.851
-2.762,-1.466,251.895
-2.963,-1.519,251.938
-3.154,-1.584,251.971
-3.355,-1.648,252.015
-3.546,-1.712,252.059
-3.747,-1.777,252.114
-3.948,-1.841,252.180
-4.149,-1.894,252.213
-4.340,-1.959,252.246
-4.541,-2.012,252.191
-4.733,-2.076,252.169
-4.924,-2.141,252.158
-5.125,-2.194,252.169
-5.192,-2.226,252.136
