-240.390,1129.683,279.196
-240.590,1129.719,279.547
-240.790,1129.754,279.954
-241.009,1129.801,280.382
-241.218,1129.837,280.778
-241.437,1129.883,281.184
-241.637,1129.930,281.569
-241.846,1129.977,281.931
-242.064,1130.023,282.294
-242.264,1130.070,282.623
-242.464,1130.116,282.964
-242.682,1130.174,283.326
-242.892,1130.221,283.689
-243.120,1130.279,283.964
-243.348,1130.348,284.084
-243.547,1130.394,284.106
-243.757,1130.452,284.062
-243.966,1130.510,283.997
-244.175,1130.557,283.942
-244.393,1130.614,283.887
-244.622,1130.672,283.843
-244.859,1130.730,283.766
-245.087,1130.788,283.700
-245.325,1130.846,283.623
-245.563,1130.916,283.546
-245.810,1130.974,283.458
-246.057,1131.032,283.370
-246.295,1131.090,283.293
-246.494,1131.148,283.239
-246.703,1131.194,283.184
-246.903,1131.241,283.096
-247.112,1131.287,282.997
-247.322,1131.334,282.854
-247.531,1131.392,282.656
-247.740,1131.438,282.415
-247.949,1131.485,282.129
-248.158,1131.532,281.788
-248.377,1131.579,281.393
-248.596,1131.625,280.964
-248.805,1131.672,280.492
-249.024,1131.708,279.976
-249.252,1131.743,279.448
-249.480,1131.790,278.899
-249.699,1131.826,278.328
-249.928,1131.862,277.712
-250.156,1131.886,277.053
-250.385,1131.922,276.361
-250.613,1131.947,275.625
-250.851,1131.972,274.867
-251.080,1131.996,274.120
-251.308,1132.010,273.362
-251.546,1132.024,272.615
-251.775,1132.037,271.868
-252.013,1132.051,271.132
-252.242,1132.054,270.385
-252.480,1132.056,269.604
-252.719,1132.059,268.792
-252.948,1132.050,267.935
-253.176,1132.042,266.990
-253.405,1132.033,265.946
-253.644,1132.014,264.781
-253.873,1131.994,263.507
-254.092,1131.974,262.123
-254.321,1131.943,260.596
-254.541,1131.902,258.882
-254.770,1131.860,256.970
-254.981,1131.818,254.850
-255.181,1131.753,252.565
-255.382,1131.689,250.170
-255.612,1131.603,247.126
-255.832,1131.506,244.149
-256.034,1131.408,241.293
-256.216,1131.299,238.480
-256.408,1131.179,235.668
-256.590,1131.060,232.811
-256.764,1130.917,229.889
-256.937,1130.775,226.912
-257.091,1130.622,223.879
-257.236,1130.468,220.825
-257.371,1130.314,217.738
-257.497,1130.138,214.607
-257.613,1129.973,211.498
-257.720,1129.797,208.444
-257.817,1129.610,205.422
-257.895,1129.422,202.401
-257.974,1129.235,199.380
-258.043,1129.014,195.787
-258.102,1128.815,192.821
-258.153,1128.583,189.272
-258.184,1128.350,185.757
-258.205,1128.151,182.867
-258.208,1127.918,179.462
-258.201,1127.685,176.232
-258.193,1127.475,173.661
-258.167,1127.275,171.233
-258.131,1127.075,168.959
-258.095,1126.875,166.904
-258.050,1126.675,165.048
-257.995,1126.475,163.411
-257.930,1126.263,162.015
-257.866,1126.063,160.829
-257.801,1125.863,159.774
-257.727,1125.651,158.829
-257.644,1125.440,158.016
-257.560,1125.239,157.324
-257.477,1125.028,156.786
-257.384,1124.816,156.379
-257.291,1124.593,156.138
-257.198,1124.371,156.039
-257.105,1124.148,156.028
-257.003,1123.925,156.072
-256.919,1123.736,156.105
-256.845,1123.546,156.138
-256.761,1123.357,156.160
-256.678,1123.168,156.193
-256.594,1122.967,156.215
-256.510,1122.778,156.226
-256.427,1122.577,156.248
-256.334,1122.377,156.248
-256.250,1122.176,156.259
-256.166,1121.976,156.270
-256.073,1121.764,156.292
-255.990,1121.553,156.324
-255.897,1121.352,156.357
-255.813,1121.152,156.390
-255.720,1120.940,156.412
-255.627,1120.728,156.412
-255.544,1120.517,156.423
-255.451,1120.305,156.434
-255.367,1120.094,156.456
-255.274,1119.882,156.489
-255.182,1119.659,156.511
-255.089,1119.448,156.544
-254.996,1119.236,156.577
-254.903,1119.013,156.632
-254.819,1118.802,156.698
-254.726,1118.579,156.764
-254.634,1118.356,156.841
-254.541,1118.134,156.929
-254.448,1117.922,157.039
-254.355,1117.699,157.170
-254.262,1117.465,157.313
-254.179,1117.243,157.456
-254.086,1117.031,157.610
-253.993,1116.797,157.775
-253.910,1116.575,157.928
-253.817,1116.352,158.093
-253.733,1116.129,158.247
-253.641,1115.907,158.401
-253.557,1115.684,158.555
-253.474,1115.461,158.719
-253.391,1115.239,158.884
-253.307,1115.016,159.049
-253.224,1114.793,159.214
-253.141,1114.571,159.368
-253.057,1114.348,159.510
-252.983,1114.126,159.664
-252.900,1113.903,159.818
-252.826,1113.681,159.972
-252.743,1113.458,160.137
-252.669,1113.246,160.302
-252.595,1113.024,160.455
-252.521,1112.812,160.609
-252.447,1112.590,160.774
-252.374,1112.379,160.917
-252.300,1112.156,161.071
-252.226,1111.945,161.235
-252.161,1111.733,161.422
-252.088,1111.511,161.620
-252.023,1111.299,161.818
-251.949,1111.088,162.026
-251.885,1110.888,162.257
-251.820,1110.676,162.521
-251.756,1110.454,162.817
-251.692,1110.254,163.169
-251.637,1110.042,163.564
-251.572,1109.831,164.026
-251.517,1109.620,164.553
-251.462,1109.420,165.146
-251.417,1109.209,165.817
-251.362,1109.009,166.575
-251.317,1108.797,167.432
-251.271,1108.597,168.376
-251.236,1108.386,169.431
-251.200,1108.186,170.563
-251.173,1107.975,171.793
-251.147,1107.776,173.134
-251.121,1107.565,174.584
-251.104,1107.321,176.561
-251.098,1107.066,178.671
-251.100,1106.811,180.934
-251.113,1106.567,183.296
-251.134,1106.323,185.779
-251.166,1106.080,188.372
-251.197,1105.881,190.503
-251.237,1105.682,192.733
-251.296,1105.460,195.590
-251.356,1105.228,198.391
-251.444,1105.008,201.072
-251.542,1104.787,203.698
-251.650,1104.566,206.400
-251.776,1104.357,209.169
-251.883,1104.170,211.959
-252.009,1103.972,214.761
-252.135,1103.774,217.551
-252.251,1103.609,219.760
-252.406,1103.433,222.418
-252.569,1103.269,224.989
-252.743,1103.104,227.516
-252.935,1102.962,230.032
-253.118,1102.820,232.504
-253.301,1102.667,234.844
-253.502,1102.536,237.030
-253.713,1102.405,239.052
-253.924,1102.286,240.842
-254.107,1102.188,242.106
-254.289,1102.101,243.226
-254.509,1101.982,244.402
-254.701,1101.895,245.171
-254.893,1101.809,245.819
-255.084,1101.722,246.368
-255.276,1101.647,246.852
-255.477,1101.560,247.302
-255.678,1101.474,247.731
-255.889,1101.387,248.126
-256.099,1101.312,248.511
-256.310,1101.226,248.851
-256.520,1101.151,249.170
-256.740,1101.075,249.456
-256.961,1100.989,249.730
-257.181,1100.914,249.972
-257.410,1100.828,250.203
-257.640,1100.753,250.378
-257.870,1100.667,250.510
-258.099,1100.592,250.587
-258.339,1100.517,250.631
-258.568,1100.430,250.642
-258.817,1100.345,250.653
-259.056,1100.270,250.664
-259.296,1100.184,250.697
-259.544,1100.098,250.730
-259.793,1100.012,250.752
-260.042,1099.937,250.785
-260.291,1099.851,250.818
-260.482,1099.786,250.829
-260.673,1099.722,250.851
-260.865,1099.658,250.873
-261.066,1099.593,250.895
-261.257,1099.518,250.928
-261.458,1099.454,250.950
-261.649,1099.389,250.983
-261.850,1099.325,251.016
-262.042,1099.261,251.038
-262.243,1099.196,251.071
-262.444,1099.121,251.082
-262.654,1099.057,251.093
-262.855,1098.992,251.115
-263.056,1098.928,251.136
-263.266,1098.853,251.169
-263.477,1098.789,251.202
-263.678,1098.724,251.246
-263.879,1098.660,251.279
-264.080,1098.585,251.323
-264.290,1098.520,251.356
-264.500,1098.456,251.378
-264.721,1098.381,251.411
-264.931,1098.317,251.444
-265.141,1098.253,251.477
-265.342,1098.188,251.499
-265.553,1098.113,251.510
-265.763,1098.049,251.554
-265.983,1097.974,251.587
-266.203,1097.910,251.631
-266.414,1097.834,251.653
-266.624,1097.770,251.686
-266.835,1097.695,251.697
-267.045,1097.631,251.708
-267.265,1097.556,251.730
-267.485,1097.492,251.752
-267.705,1097.427,251.796
-267.925,1097.352,251.840
-268.136,1097.288,251.873
-268.356,1097.224,251.917
-268.566,1097.149,251.960
-268.777,1097.085,252.004
-268.987,1097.020,252.059
-269.207,1096.956,252.103
-269.418,1096.892,252.158
-269.638,1096.817,252.213
-269.858,1096.753,252.279
-270.078,1096.689,252.345
-270.278,1096.625,252.411
-270.498,1096.560,252.477
-270.709,1096.496,252.543
-270.919,1096.432,252.598
-271.139,1096.368,252.675
-271.350,1096.304,252.740
-271.560,1096.240,252.806
-271.780,1096.176,252.883
-271.991,1096.111,252.949
-272.201,1096.047,253.026
-272.421,1095.983,253.092
-272.631,1095.919,253.147
-272.842,1095.855,253.213
-273.052,1095.790,253.268
-273.263,1095.737,253.334
-273.482,1095.673,253.389
-273.693,1095.609,253.433
-273.903,1095.556,253.488
-274.114,1095.492,253.521
-274.324,1095.428,253.553
-274.534,1095.375,253.575
-274.754,1095.310,253.597
-274.965,1095.246,253.608
-275.175,1095.193,253.619
-275.386,1095.129,253.641
-275.596,1095.076,253.652
-275.806,1095.012,253.674
-276.017,1094.959,253.685
-276.227,1094.894,253.696
-276.437,1094.830,253.696
-276.648,1094.777,253.685
-276.858,1094.713,253.674
-277.068,1094.660,253.674
-277.279,1094.596,253.663
-277.499,1094.543,253.652
-277.709,1094.478,253.641
-277.920,1094.414,253.641
-278.130,1094.361,253.641
-278.340,1094.297,253.641
-278.560,1094.244,253.630
-278.761,1094.180,253.619
-278.971,1094.127,253.619
-279.182,1094.062,253.619
-279.402,1093.998,253.619
-279.612,1093.945,253.608
-279.823,1093.881,253.608
-280.033,1093.828,253.597
-280.243,1093.764,253.597
-280.454,1093.700,253.586
-280.664,1093.646,253.586
-280.865,1093.582,253.586
-281.075,1093.529,253.575
-281.286,1093.465,253.575
-281.496,1093.401,253.564
-281.706,1093.348,253.553
-281.917,1093.283,253.542
-282.127,1093.230,253.542
-282.338,1093.166,253.542
-282.548,1093.113,253.542
-282.758,1093.049,253.542
-282.959,1092.996,253.531
-283.169,1092.931,253.521
-283.380,1092.878,253.510
-283.590,1092.814,253.499
-283.801,1092.761,253.488
-284.001,1092.697,253.488
-284.212,1092.633,253.477
-284.422,1092.579,253.477
-284.633,1092.515,253.477
-284.833,1092.462,253.477
-285.044,1092.398,253.455
-285.254,1092.345,253.433
-285.465,1092.281,253.400
-285.665,1092.227,253.378
-285.866,1092.163,253.356
-286.077,1092.110,253.334
-286.287,1092.046,253.312
-286.497,1091.982,253.290
-286.708,1091.928,253.268
-286.909,1091.864,253.235
-287.109,1091.811,253.191
-287.320,1091.747,253.158
-287.521,1091.694,253.125
-287.731,1091.629,253.092
-287.932,1091.576,253.070
-288.133,1091.512,253.048
-288.343,1091.448,253.026
-288.544,1091.394,252.993
-288.754,1091.330,252.960
-288.955,1091.277,252.916
-289.146,1091.213,252.883
-289.357,1091.160,252.839
-289.558,1091.095,252.817
-289.759,1091.031,252.795
-289.959,1090.967,252.762
-290.160,1090.913,252.740
-290.361,1090.849,252.729
-290.562,1090.796,252.719
-290.763,1090.732,252.708
-290.964,1090.667,252.708
-291.164,1090.614,252.708
-291.365,1090.550,252.708
-291.566,1090.486,252.697
-291.777,1090.433,252.697
-291.968,1090.368,252.697
-292.169,1090.315,252.708
-292.370,1090.251,252.729
-292.570,1090.197,252.751
-292.771,1090.133,252.773
-292.972,1090.080,252.806
-293.173,1090.016,252.817
-293.374,1089.951,252.839
-293.575,1089.898,252.861
-293.776,1089.834,252.872
-293.976,1089.781,252.894
-294.177,1089.716,252.916
-294.378,1089.663,252.949
-294.569,1089.599,252.971
-294.770,1089.546,253.004
-294.971,1089.481,253.026
-295.172,1089.428,253.059
-295.373,1089.364,253.081
-295.573,1089.311,253.114
-295.774,1089.246,253.136
-296.032,1089.183,253.191
-296.224,1089.118,253.224
-296.425,1089.065,253.268
-296.625,1089.012,253.301
-296.817,1088.947,253.334
-297.018,1088.894,253.367
-297.276,1088.819,253.411
-297.477,1088.766,253.433
-297.668,1088.702,253.466
-297.926,1088.627,253.499
-298.127,1088.574,253.531
-298.385,1088.499,253.575
-298.643,1088.424,253.630
-298.844,1088.371,253.663
-299.093,1088.296,253.707
-299.294,1088.243,253.740
-299.552,1088.168,253.795
-299.810,1088.094,253.839
-300.068,1088.030,253.894
-300.269,1087.977,253.927
-300.517,1087.902,253.982
-300.718,1087.849,254.015
-300.976,1087.785,254.070
-301.235,1087.710,254.114
-301.493,1087.636,254.147
-301.741,1087.572,254.191
-301.942,1087.519,254.224
-302.191,1087.444,254.268
-302.392,1087.390,254.301
-302.592,1087.337,254.323
-302.850,1087.274,254.333
-303.099,1087.199,254.333
-303.348,1087.135,254.333
-303.548,1087.082,254.323
-303.749,1087.029,254.301
-304.007,1086.954,254.257
-304.256,1086.890,254.202
-304.505,1086.826,254.158
-304.763,1086.752,254.103
-304.964,1086.698,254.059
-305.222,1086.635,253.993
-305.470,1086.560,253.905
-305.719,1086.496,253.795
-305.977,1086.421,253.674
-306.178,1086.368,253.575
-306.427,1086.293,253.444
-306.685,1086.230,253.312
-306.924,1086.155,253.202
-307.172,1086.080,253.070
-307.431,1086.005,252.938
-307.679,1085.930,252.806
-307.928,1085.855,252.708
-308.177,1085.781,252.642
-308.425,1085.706,252.576
-308.617,1085.641,252.532
-308.865,1085.566,252.477
-309.114,1085.492,252.422
-309.363,1085.417,252.367
-309.611,1085.342,252.301
-309.851,1085.267,252.246
-310.042,1085.203,252.202
-310.291,1085.128,252.158
-310.520,1085.053,252.136
-310.759,1084.989,252.125
-310.979,1084.914,252.114
-311.190,1084.849,252.092
-311.400,1084.785,252.070
-311.620,1084.721,252.059
-311.821,1084.657,252.048
-312.012,1084.592,252.059
-312.242,1084.517,252.070
-312.472,1084.453,252.059
-312.692,1084.378,252.048
-312.902,1084.314,252.048
-313.103,1084.250,252.059
-313.304,1084.197,252.070
-313.495,1084.132,252.070
-313.715,1084.057,252.059
-313.935,1083.993,252.070
-314.136,1083.929,252.070
-314.337,1083.864,252.070
-314.557,1083.800,252.081
-314.748,1083.736,252.092
-314.978,1083.672,252.081
-315.179,1083.608,252.070
-315.380,1083.543,252.092
-315.600,1083.479,252.147
-315.800,1083.415,252.158
-316.020,1083.351,252.147
-316.231,1083.287,252.136
-316.422,1083.222,252.114
-316.633,1083.158,252.081
-316.853,1083.094,252.103
-317.044,1083.030,252.158
-317.235,1082.965,252.114
-317.446,1082.901,252.158
-317.647,1082.848,252.191
-317.838,1082.783,252.224
-318.029,1082.719,252.235
-318.240,1082.666,252.257
-318.440,1082.602,252.257
-318.632,1082.537,252.257
-318.842,1082.473,252.290
-319.062,1082.409,252.345
-319.263,1082.345,252.334
-319.474,1082.280,252.356
-319.674,1082.216,252.356
-319.875,1082.163,252.312
-320.067,1082.099,252.246
-320.287,1082.034,252.092
-320.497,1081.970,251.829
-320.708,1081.895,251.444
-320.928,1081.831,250.994
-321.129,1081.756,250.521
-321.320,1081.691,249.994
-321.521,1081.616,249.445
-321.731,1081.541,248.884
-321.942,1081.465,248.324
-322.162,1081.379,247.709
-322.382,1081.293,246.984
-322.593,1081.195,246.182
-322.785,1081.120,245.479
-322.967,1081.033,244.720
-323.158,1080.947,243.885
-323.350,1080.849,242.952
-323.542,1080.751,241.941
-323.724,1080.654,240.853
-323.916,1080.556,239.656
-324.108,1080.436,238.282
-324.300,1080.316,236.733
-324.482,1080.196,234.965
-324.665,1080.065,233.020
-324.848,1079.923,230.933
-325.030,1079.781,228.757
-325.204,1079.628,226.549
-325.367,1079.474,224.308
-325.531,1079.299,222.045
-325.695,1079.123,219.760
-325.840,1078.948,217.474
-325.985,1078.750,215.211
-326.111,1078.563,212.926
-326.247,1078.353,210.619
-326.354,1078.155,208.301
-326.471,1077.946,206.005
-326.578,1077.725,203.676
-326.676,1077.505,201.324
-326.764,1077.284,198.973
-326.833,1077.052,196.633
-326.912,1076.820,194.282
-326.953,1076.621,192.382
-327.003,1076.389,189.998
-327.043,1076.190,188.108
-327.064,1075.990,186.229
-327.095,1075.791,184.373
-327.108,1075.536,182.087
-327.120,1075.292,179.879
-327.122,1075.082,178.209
-327.115,1074.871,176.616
-327.108,1074.661,175.089
-327.082,1074.439,173.628
-327.065,1074.239,172.288
-327.038,1074.028,171.101
-327.003,1073.817,170.024
-326.967,1073.595,169.036
-326.922,1073.384,168.157
-326.896,1073.162,167.443
-326.850,1072.939,166.904
-326.795,1072.728,166.509
-326.741,1072.506,166.201
-326.686,1072.284,165.938
-326.631,1072.061,165.685
-326.577,1071.839,165.487
-326.541,1071.617,165.322
-326.477,1071.394,165.245
-326.422,1071.172,165.234
-326.367,1070.950,165.289
-326.303,1070.716,165.388
-326.248,1070.483,165.509
-326.184,1070.261,165.630
-326.129,1070.027,165.784
-326.084,1069.794,165.970
-326.030,1069.560,166.190
-325.966,1069.316,166.410
-325.911,1069.082,166.641
-325.857,1068.838,166.871
-325.802,1068.593,167.091
-325.748,1068.349,167.300
-325.693,1068.105,167.509
-325.648,1067.849,167.739
-325.594,1067.605,167.981
-325.558,1067.405,168.201
-325.503,1067.149,168.519
-325.459,1066.894,168.871
-325.404,1066.638,169.244
-325.378,1066.438,169.541
-325.323,1066.183,169.937
-325.297,1065.983,170.233
-325.252,1065.727,170.629
-325.226,1065.528,170.925
-325.190,1065.317,171.222
-325.164,1065.117,171.530
-325.137,1064.917,171.837
-325.111,1064.717,172.156
-325.085,1064.506,172.474
-325.058,1064.306,172.793
-325.032,1064.107,173.112
-325.006,1063.896,173.419
-324.989,1063.685,173.727
-324.963,1063.474,174.023
-324.946,1063.263,174.331
-324.929,1063.052,174.628
-324.912,1062.841,174.935
-324.896,1062.631,175.221
-324.879,1062.409,175.496
-324.862,1062.198,175.726
-324.846,1061.987,175.902
-324.829,1061.765,176.023
-324.822,1061.555,176.067
-324.805,1061.333,176.067
-324.798,1061.111,176.012
-324.781,1060.889,175.913
-324.765,1060.667,175.781
-324.748,1060.456,175.627
-324.732,1060.223,175.441
-324.724,1060.002,175.232
-324.708,1059.780,175.023
-324.691,1059.547,174.814
-324.665,1059.325,174.617
-324.649,1059.103,174.430
-324.632,1058.881,174.254
-324.606,1058.648,174.067
-324.590,1058.415,173.881
-324.563,1058.182,173.683
-324.537,1057.949,173.485
-324.511,1057.716,173.287
-324.485,1057.483,173.090
-324.459,1057.249,172.903
-324.433,1057.016,172.705
-324.407,1056.783,172.507
-324.381,1056.550,172.310
-324.355,1056.317,172.112
-324.320,1056.073,171.903
-324.284,1055.840,171.694
-324.258,1055.596,171.497
-324.223,1055.351,171.299
-324.187,1055.118,171.101
-324.152,1054.885,170.903
-324.116,1054.641,170.695
-324.081,1054.396,170.497
-324.045,1054.163,170.288
-324.000,1053.919,170.090
-323.965,1053.675,169.882
-323.920,1053.430,169.673
-323.875,1053.186,169.464
-323.840,1052.941,169.244
-323.795,1052.697,169.014
-323.750,1052.453,168.783
-323.705,1052.219,168.563
-323.660,1051.975,168.333
-323.615,1051.742,168.124
-323.560,1051.497,167.926
-323.515,1051.264,167.728
-323.470,1051.020,167.542
-323.415,1050.797,167.377
-323.370,1050.564,167.223
-323.325,1050.353,167.102
-323.280,1050.131,167.003
-323.225,1049.919,166.926
-323.179,1049.719,166.871
-323.134,1049.508,166.838
-323.089,1049.308,166.805
-323.034,1049.053,166.783
-322.980,1048.808,166.750
-322.925,1048.564,166.729
-322.871,1048.330,166.707
-322.816,1048.097,166.674
-322.771,1047.875,166.663
-322.725,1047.664,166.663
-322.680,1047.464,166.619
-322.616,1047.219,166.553
-322.571,1046.997,166.476
-322.516,1046.763,166.388
-322.471,1046.541,166.289
-322.416,1046.330,166.179
-322.371,1046.119,166.058
-322.316,1045.897,165.948
-322.261,1045.685,165.828
-322.206,1045.474,165.685
-322.161,1045.263,165.509
-322.106,1045.052,165.311
-322.051,1044.841,165.103
-321.996,1044.640,164.894
-321.941,1044.429,164.707
-321.886,1044.229,164.531
-321.841,1044.018,164.333
-321.786,1043.818,164.158
-321.731,1043.618,163.971
-321.667,1043.406,163.784
-321.612,1043.206,163.586
-321.557,1043.006,163.400
-321.492,1042.806,163.235
-321.437,1042.606,163.059
-321.373,1042.405,162.894
-321.318,1042.205,162.740
-321.253,1042.005,162.609
-321.198,1041.794,162.521
-321.134,1041.593,162.433
-321.069,1041.393,162.356
-321.014,1041.193,162.290
-320.950,1040.982,162.257
-320.885,1040.782,162.246
-320.821,1040.581,162.246
-320.766,1040.381,162.257
-320.702,1040.170,162.290
-320.637,1039.970,162.323
-320.573,1039.769,162.345
-320.508,1039.569,162.389
-320.444,1039.358,162.433
-320.389,1039.146,162.488
-320.324,1038.946,162.510
-320.260,1038.746,162.521
-320.195,1038.535,162.565
-320.131,1038.334,162.631
-320.076,1038.123,162.686
-320.012,1037.912,162.719
-319.947,1037.701,162.740
-319.883,1037.489,162.784
-319.818,1037.289,162.839
-319.754,1037.078,162.883
-319.690,1036.855,162.916
-319.625,1036.644,162.938
-319.561,1036.421,162.949
-319.496,1036.210,162.960
-319.432,1035.988,162.993
-319.368,1035.765,163.059
-319.294,1035.532,163.092
-319.230,1035.309,163.103
-319.166,1035.098,163.114
-319.101,1034.875,163.147
-319.046,1034.675,163.169
-318.982,1034.442,163.202
-318.908,1034.219,163.213
-318.844,1033.986,163.202
-318.789,1033.786,163.191
-318.725,1033.552,163.213
-318.651,1033.319,163.246
-318.578,1033.085,163.257
-318.523,1032.885,163.257
-318.459,1032.640,163.224
-318.385,1032.407,163.191
-318.330,1032.206,163.169
-318.257,1031.962,163.147
-318.192,1031.762,163.136
-318.137,1031.561,163.114
-318.082,1031.361,163.059
-318.018,1031.161,162.993
-317.963,1030.961,162.949
-317.898,1030.761,162.916
-317.843,1030.560,162.883
-317.779,1030.349,162.861
-317.714,1030.138,162.850
-317.650,1029.938,162.817
-317.585,1029.726,162.784
-317.530,1029.515,162.740
-317.466,1029.304,162.708
-317.402,1029.092,162.686
-317.337,1028.870,162.653
-317.273,1028.659,162.642
-317.209,1028.447,162.620
-317.144,1028.236,162.609
-317.080,1028.014,162.587
-317.016,1027.791,162.565
-316.951,1027.580,162.510
-316.877,1027.357,162.477
-316.813,1027.135,162.477
-316.749,1026.923,162.466
-316.675,1026.701,162.455
-316.611,1026.479,162.444
-316.546,1026.256,162.422
-316.482,1026.034,162.400
-316.408,1025.811,162.389
-316.344,1025.589,162.400
-316.270,1025.355,162.422
-316.206,1025.133,162.455
-316.132,1024.910,162.466
-316.068,1024.688,162.477
-315.994,1024.454,162.499
-315.921,1024.221,162.510
-315.847,1023.987,162.499
-315.773,1023.753,162.499
-315.709,1023.520,162.499
-315.636,1023.286,162.499
-315.562,1023.053,162.510
-315.488,1022.819,162.532
-315.415,1022.574,162.543
-315.341,1022.341,162.510
-315.267,1022.096,162.488
-315.194,1021.862,162.477
-315.130,1021.618,162.488
-315.056,1021.384,162.499
-314.982,1021.151,162.499
-314.909,1020.906,162.499
-314.835,1020.661,162.499
-314.761,1020.428,162.499
-314.688,1020.194,162.499
-314.614,1019.960,162.488
-314.541,1019.716,162.477
-314.467,1019.471,162.477
-314.393,1019.237,162.488
-314.320,1019.004,162.499
-314.246,1018.759,162.510
-314.172,1018.526,162.488
-314.099,1018.270,162.488
-314.025,1018.036,162.477
-313.961,1017.814,162.477
-313.887,1017.569,162.477
-313.804,1017.335,162.477
-313.749,1017.135,162.477
-313.676,1016.891,162.477
-313.602,1016.668,162.477
-313.538,1016.423,162.477
-313.464,1016.190,162.466
-313.381,1015.945,162.455
-313.308,1015.700,162.433
-313.234,1015.456,162.433
-313.160,1015.211,162.433
-313.087,1014.977,162.433
-313.013,1014.733,162.433
-312.939,1014.499,162.422
-312.866,1014.254,162.400
-312.792,1014.010,162.389
-312.719,1013.765,162.378
-312.645,1013.520,162.367
-312.572,1013.287,162.356
-312.498,1013.042,162.345
-312.415,1012.797,162.334
-312.341,1012.553,162.334
-312.268,1012.308,162.323
-312.194,1012.063,162.312
-312.121,1011.818,162.312
-312.047,1011.574,162.301
-311.974,1011.329,162.301
-311.900,1011.084,162.312
-311.817,1010.840,162.312
-311.743,1010.584,162.312
-311.670,1010.339,162.312
-311.596,1010.094,162.312
-311.523,1009.850,162.301
-311.440,1009.605,162.290
-311.366,1009.360,162.301
-311.293,1009.116,162.301
-311.219,1008.860,162.312
-311.136,1008.615,162.334
-311.063,1008.370,162.334
-310.989,1008.126,162.334
-310.906,1007.870,162.323
-310.832,1007.625,162.323
-310.759,1007.380,162.334
-310.685,1007.125,162.345
-310.602,1006.869,162.356
-310.529,1006.624,162.356
-310.446,1006.368,162.356
-310.372,1006.123,162.356
-310.299,1005.879,162.367
-310.225,1005.623,162.367
-310.152,1005.378,162.367
-310.069,1005.134,162.378
-310.014,1004.933,162.378
-309.931,1004.689,162.389
-309.857,1004.433,162.400
-309.784,1004.188,162.411
-309.710,1003.943,162.422
-309.646,1003.743,162.433
-309.572,1003.498,162.433
-309.489,1003.243,162.444
-309.415,1002.998,162.455
-309.342,1002.742,162.466
-309.259,1002.486,162.488
-309.186,1002.242,162.488
-309.103,1001.986,162.477
-309.029,1001.730,162.455
-308.946,1001.485,162.433
-308.891,1001.285,162.422
-308.808,1001.029,162.400
-308.735,1000.773,162.378
-308.661,1000.529,162.356
-308.578,1000.273,162.323
-308.505,1000.017,162.290
-308.440,999.817,162.257
-308.367,999.561,162.202
-308.284,999.316,162.158
-308.210,999.060,162.125
-308.127,998.816,162.081
-308.063,998.615,162.048
-307.989,998.360,162.004
-307.906,998.104,161.971
-307.823,997.848,161.949
-307.750,997.592,161.906
-307.667,997.336,161.873
-307.584,997.080,161.829
-307.501,996.824,161.796
-307.436,996.624,161.774
-307.363,996.368,161.741
-307.280,996.113,161.708
-307.197,995.857,161.675
-307.114,995.601,161.631
-307.049,995.401,161.598
-306.967,995.145,161.554
-306.884,994.889,161.521
-306.829,994.689,161.510
-306.746,994.433,161.488
-306.663,994.177,161.466
-306.580,993.921,161.444
-306.497,993.665,161.411
-306.432,993.465,161.389
-306.349,993.209,161.367
-306.266,992.953,161.356
-306.183,992.697,161.345
-306.119,992.497,161.334
-306.036,992.241,161.334
-305.943,991.985,161.334
-305.888,991.785,161.323
-305.796,991.529,161.312
-305.731,991.329,161.312
-305.648,991.073,161.301
-305.565,990.817,161.301
-305.501,990.617,161.301
-305.418,990.361,161.301
-305.335,990.105,161.290
-305.270,989.905,161.279
-305.206,989.704,161.268
-305.123,989.449,161.257
-305.030,989.193,161.257
-304.966,988.992,161.246
-304.901,988.792,161.246
-304.818,988.536,161.235
-304.754,988.336,161.235
-304.671,988.080,161.246
-304.606,987.880,161.235
-304.514,987.624,161.235
-304.449,987.424,161.235
-304.366,987.168,161.235
-304.283,986.912,161.235
-304.200,986.656,161.235
-304.108,986.389,161.224
-304.044,986.189,161.224
-303.979,985.988,161.224
-303.896,985.744,161.235
-303.813,985.488,161.235
-303.748,985.287,161.224
-303.684,985.087,161.224
-303.601,984.831,161.213
-303.536,984.631,161.213
-303.444,984.375,161.213
-303.361,984.119,161.224
-303.278,983.863,161.235
-303.195,983.607,161.235
-303.131,983.407,161.235
-303.047,983.162,161.235
-302.983,982.962,161.224
-302.900,982.706,161.224
-302.817,982.450,161.224
-302.724,982.206,161.235
-302.669,982.005,161.246
-302.577,981.749,161.257
-302.494,981.494,161.257
-302.411,981.238,161.257
-302.328,980.993,161.257
-302.245,980.737,161.268
-302.171,980.481,161.279
-302.088,980.225,161.301
-301.996,979.969,161.323
-301.913,979.725,161.334
-301.830,979.469,161.345
-301.747,979.213,161.356
-301.673,978.968,161.367
-301.590,978.712,161.378
-301.507,978.456,161.400
-301.424,978.212,161.411
-301.341,977.956,161.433
-301.268,977.711,161.444
-301.185,977.466,161.444
-301.102,977.210,161.455
-301.019,976.965,161.455
-300.936,976.710,161.466
-300.862,976.465,161.477
-300.779,976.209,161.499
-300.696,975.964,161.532
-300.613,975.708,161.565
-300.540,975.464,161.565
-300.456,975.219,161.565
-300.373,974.963,161.576
-300.300,974.718,161.598
-300.217,974.474,161.631
-300.134,974.218,161.653
-300.060,973.973,161.675
-299.977,973.728,161.697
-299.904,973.483,161.708
-299.821,973.239,161.730
-299.738,972.983,161.752
-299.664,972.738,161.763
-299.590,972.493,161.774
-299.507,972.249,161.796
-299.434,972.004,161.829
-299.351,971.748,161.862
-299.277,971.503,161.895
-299.194,971.259,161.917
-299.121,971.014,161.927
-299.047,970.769,161.949
-298.964,970.524,161.971
-298.890,970.280,162.004
-298.817,970.024,162.037
-298.734,969.779,162.070
-298.660,969.534,162.103
-298.587,969.290,162.125
-298.504,969.045,162.147
-298.430,968.800,162.158
-298.357,968.556,162.191
-298.283,968.311,162.224
-298.200,968.066,162.246
-298.126,967.821,162.279
-298.053,967.577,162.301
-297.970,967.321,162.323
-297.896,967.076,162.345
-297.823,966.843,162.356
-297.749,966.598,162.378
-297.666,966.342,162.400
-297.593,966.097,162.433
-297.519,965.853,162.455
-297.445,965.608,162.499
-297.372,965.363,162.543
-297.298,965.119,162.576
-297.225,964.874,162.587
-297.151,964.629,162.598
-297.078,964.384,162.620
-297.004,964.140,162.653
-296.921,963.884,162.697
-296.847,963.639,162.719
-296.774,963.395,162.740
-296.710,963.150,162.740
-296.636,962.905,162.740
-296.563,962.661,162.751
-296.489,962.416,162.762
-296.416,962.171,162.773
-296.342,961.926,162.773
-296.269,961.682,162.773
-296.195,961.437,162.762
-296.122,961.181,162.751
-296.048,960.937,162.740
-295.974,960.703,162.729
-295.901,960.458,162.719
-295.827,960.203,162.697
-295.754,959.958,162.686
-295.680,959.713,162.653
-295.607,959.468,162.631
-295.533,959.224,162.598
-295.460,958.979,162.554
-295.386,958.734,162.521
-295.312,958.490,162.477
-295.239,958.245,162.444
-295.156,958.000,162.400
-295.082,957.756,162.345
-295.009,957.511,162.312
-294.935,957.266,162.268
-294.862,957.021,162.235
-294.788,956.777,162.191
-294.705,956.532,162.147
-294.631,956.287,162.092
-294.548,956.043,162.048
-294.475,955.798,162.015
-294.401,955.553,161.993
-294.328,955.308,161.971
-294.244,955.064,161.949
-294.171,954.819,161.927
-294.097,954.574,161.906
-294.024,954.330,161.884
-293.941,954.085,161.873
-293.867,953.840,161.873
-293.794,953.595,161.884
-293.710,953.362,161.906
-293.637,953.117,161.927
-293.563,952.861,161.938
-293.480,952.628,161.938
-293.407,952.383,161.938
-293.333,952.149,161.960
-293.259,951.905,161.993
-293.176,951.660,162.026
-293.103,951.426,162.059
-293.029,951.181,162.059
-292.955,950.937,162.070
-292.882,950.692,162.070
-292.808,950.458,162.092
-292.734,950.225,162.136
-292.661,949.980,162.169
-292.578,949.735,162.191
-292.504,949.491,162.191
-292.431,949.257,162.202
-292.357,949.012,162.213
-292.283,948.779,162.235
-292.210,948.523,162.257
-292.136,948.289,162.268
-292.063,948.045,162.268
-291.989,947.811,162.268
-291.915,947.566,162.257
-291.842,947.322,162.257
-291.768,947.077,162.257
-291.685,946.843,162.257
-291.612,946.599,162.246
-291.538,946.354,162.235
-291.464,946.120,162.213
-291.391,945.876,162.191
-291.317,945.631,162.180
-291.243,945.397,162.158
-291.170,945.153,162.147
-291.096,944.919,162.136
-291.023,944.674,162.125
-290.949,944.430,162.114
-290.875,944.196,162.092
-290.792,943.951,162.070
-290.728,943.718,162.048
-290.655,943.484,162.015
-290.571,943.239,161.993
-290.498,943.006,161.971
-290.424,942.761,161.949
-290.350,942.527,161.906
-290.277,942.294,161.851
-290.203,942.060,161.807
-290.130,941.816,161.763
-290.056,941.582,161.730
-289.973,941.348,161.708
-289.899,941.104,161.675
-289.825,940.881,161.631
-289.752,940.636,161.576
-289.678,940.403,161.521
-289.595,940.169,161.466
-289.521,939.935,161.411
-289.447,939.702,161.356
-289.374,939.468,161.312
-289.291,939.235,161.257
-289.217,938.990,161.213
-289.143,938.756,161.158
-289.060,938.523,161.115
-288.986,938.289,161.060
-288.913,938.055,161.005
-288.830,937.822,160.950
-288.756,937.588,160.906
-288.673,937.354,160.862
-288.599,937.121,160.829
-288.516,936.887,160.796
-288.442,936.653,160.763
-288.359,936.420,160.741
-288.285,936.186,160.719
-288.202,935.952,160.730
-288.128,935.719,160.741
-288.045,935.485,160.763
-287.971,935.251,160.796
-287.888,935.018,160.840
-287.814,934.795,160.873
-287.731,934.561,160.917
-287.657,934.328,160.961
-287.574,934.094,161.005
-287.501,933.861,161.038
-287.427,933.627,161.093
-287.344,933.393,161.147
-287.270,933.160,161.202
-287.196,932.926,161.268
-287.113,932.692,161.312
-287.039,932.459,161.356
-286.966,932.225,161.389
-286.892,931.991,161.433
-286.818,931.758,161.477
-286.735,931.524,161.532
-286.661,931.291,161.598
-286.588,931.057,161.653
-286.514,930.823,161.708
-286.440,930.590,161.752
-286.367,930.356,161.796
-286.293,930.123,161.840
-286.219,929.889,161.895
-286.136,929.644,161.938
-286.063,929.411,161.993
-285.989,929.177,162.048
-285.915,928.932,162.092
-285.842,928.699,162.136
-285.768,928.476,162.191
-285.694,928.231,162.224
-285.621,927.998,162.268
-285.547,927.764,162.312
-285.483,927.520,162.367
-285.409,927.286,162.411
-285.336,927.052,162.455
-285.262,926.819,162.499
-285.188,926.574,162.532
-285.115,926.341,162.554
-285.050,926.107,162.554
-284.977,925.862,162.554
-284.903,925.629,162.565
-284.830,925.384,162.565
-284.756,925.150,162.565
-284.692,924.917,162.576
-284.618,924.683,162.576
-284.545,924.439,162.576
-284.471,924.194,162.576
-284.397,923.960,162.565
-284.324,923.727,162.554
-284.250,923.482,162.532
-284.186,923.249,162.521
-284.112,923.004,162.510
-284.039,922.770,162.499
-283.965,922.526,162.477
-283.891,922.292,162.466
-283.818,922.047,162.433
-283.754,921.814,162.400
-283.680,921.569,162.378
-283.607,921.335,162.356
-283.533,921.102,162.345
-283.459,920.857,162.334
-283.386,920.612,162.323
-283.312,920.379,162.301
-283.238,920.145,162.279
-283.165,919.901,162.257
-283.091,919.667,162.235
-283.018,919.422,162.213
-282.944,919.189,162.191
-282.870,918.944,162.169
-282.797,918.710,162.158
-282.723,918.466,162.136
-282.649,918.232,162.114
-282.576,917.987,162.092
-282.493,917.754,162.070
-282.419,917.509,162.059
-282.345,917.264,162.059
-282.272,917.031,162.059
-282.198,916.786,162.070
-282.125,916.552,162.092
-282.051,916.319,162.114
-281.968,916.074,162.136
-281.894,915.829,162.180
-281.821,915.596,162.235
-281.747,915.351,162.312
-281.673,915.117,162.400
-281.600,914.873,162.499
-281.526,914.628,162.598
-281.452,914.394,162.697
-281.379,914.150,162.795
-281.315,913.905,162.883
-281.241,913.660,162.971
-281.168,913.416,163.048
-281.094,913.182,163.125
-281.030,912.938,163.213
-280.956,912.693,163.290
-280.883,912.448,163.356
-280.819,912.204,163.411
-280.745,911.970,163.455
-280.681,911.714,163.488
-280.608,911.481,163.488
-280.544,911.236,163.466
-280.470,910.991,163.422
-280.406,910.747,163.367
-280.333,910.491,163.312
-280.259,910.246,163.235
-280.195,910.013,163.169
-280.121,909.768,163.092
-280.048,909.524,163.026
-279.974,909.279,162.949
-279.910,909.034,162.894
-279.837,908.790,162.817
-279.763,908.545,162.751
-279.689,908.300,162.686
-279.616,908.056,162.620
-279.542,907.811,162.554
-279.459,907.566,162.488
-279.386,907.321,162.411
-279.312,907.066,162.345
-279.239,906.821,162.279
-279.165,906.576,162.213
-279.082,906.331,162.158
-279.008,906.087,162.114
-278.935,905.831,162.070
-278.852,905.586,162.015
-278.778,905.341,161.971
-278.705,905.086,161.938
-278.622,904.841,161.917
-278.548,904.596,161.895
-278.465,904.340,161.895
-278.392,904.096,161.895
-278.309,903.840,161.884
-278.235,903.595,161.873
-278.152,903.350,161.862
-278.097,903.150,161.862
-278.014,902.905,161.862
-277.940,902.661,161.873
-277.858,902.405,161.884
-277.784,902.149,161.895
-277.701,901.904,161.895
-277.618,901.648,161.895
-277.544,901.404,161.884
-277.461,901.148,161.895
-277.388,900.903,161.906
-277.323,900.703,161.927
-277.250,900.447,161.938
-277.167,900.202,161.960
-277.084,899.946,161.971
-277.010,899.691,161.982
-276.928,899.435,162.004
-276.854,899.179,162.015
-276.771,898.934,162.048
-276.688,898.678,162.070
-276.615,898.422,162.081
-276.532,898.156,162.103
-276.449,897.900,162.136
-276.375,897.644,162.169
-276.292,897.399,162.191
-276.209,897.143,162.213
-276.145,896.943,162.224
-276.071,896.687,162.235
-276.007,896.487,162.257
-275.933,896.231,162.290
-275.850,895.975,162.312
-275.777,895.719,162.345
-275.712,895.519,162.356
-275.639,895.263,162.378
-275.556,895.008,162.389
-275.501,894.807,162.400
-275.436,894.607,162.422
-275.363,894.351,162.455
-275.280,894.096,162.477
-275.207,893.840,162.510
-275.142,893.640,162.521
-275.078,893.439,162.532
-275.004,893.183,162.532
-274.931,892.928,162.554
-274.848,892.672,162.576
-274.793,892.472,162.587
-274.728,892.271,162.609
-274.645,892.016,162.631
-274.590,891.815,162.642
-274.507,891.560,162.653
-274.452,891.359,162.653
-274.379,891.104,162.653
-274.314,890.903,162.664
-274.259,890.703,162.675
-274.176,890.447,162.686
-274.121,890.247,162.708
-274.038,889.991,162.719
-273.983,889.791,162.729
-273.928,889.591,162.740
-273.846,889.335,162.751
-273.791,889.135,162.762
-273.726,888.935,162.762
-273.653,888.679,162.773
-273.588,888.479,162.784
-273.533,888.279,162.795
-273.478,888.078,162.795
-273.414,887.878,162.806
-273.340,887.622,162.806
-273.276,887.422,162.806
-273.221,887.222,162.806
-273.156,887.022,162.806
-273.101,886.822,162.806
-273.046,886.622,162.806
-272.982,886.421,162.806
-272.927,886.221,162.806
-272.862,886.021,162.806
-272.807,885.821,162.806
-272.743,885.620,162.806
-272.688,885.420,162.806
-272.633,885.220,162.806
-272.568,885.020,162.806
-272.504,884.820,162.795
-272.449,884.620,162.795
-272.384,884.419,162.784
-272.329,884.219,162.784
-272.265,884.019,162.784
-272.210,883.808,162.784
-272.145,883.607,162.795
-272.090,883.407,162.795
-272.026,883.207,162.784
-271.961,883.007,162.773
-271.906,882.807,162.773
-271.842,882.595,162.762
-271.787,882.395,162.762
-271.722,882.195,162.751
-271.667,881.995,162.751
-271.603,881.795,162.740
-271.538,881.583,162.729
-271.483,881.383,162.719
-271.419,881.183,162.697
-271.364,880.983,162.675
-271.299,880.782,162.653
-271.235,880.571,162.631
-271.180,880.371,162.609
-271.115,880.171,162.598
-271.060,879.971,162.587
-270.996,879.759,162.565
-270.932,879.559,162.543
-270.867,879.348,162.521
-270.812,879.148,162.499
-270.748,878.947,162.477
-270.683,878.747,162.455
-270.628,878.547,162.433
-270.564,878.336,162.400
-270.499,878.135,162.378
-270.435,877.924,162.356
-270.380,877.724,162.334
-270.315,877.524,162.323
-270.251,877.312,162.301
-270.186,877.112,162.290
-270.122,876.912,162.268
-270.057,876.700,162.246
-270.003,876.500,162.235
-269.938,876.289,162.213
-269.874,876.089,162.191
-269.809,875.877,162.180
-269.745,875.677,162.158
-269.680,875.477,162.158
-269.616,875.266,162.147
-269.551,875.065,162.136
-269.487,874.854,162.114
-269.422,874.654,162.103
-269.358,874.442,162.081
-269.303,874.242,162.070
-269.239,874.031,162.070
-269.174,873.831,162.059
-269.110,873.619,162.059
-269.045,873.419,162.059
-268.981,873.208,162.059
-268.916,873.007,162.059
-268.852,872.796,162.048
-268.787,872.585,162.037
-268.723,872.373,162.026
-268.658,872.173,162.037
-268.594,871.973,162.048
-268.530,871.762,162.059
-268.465,871.561,162.070
-268.401,871.350,162.081
-268.336,871.139,162.070
-268.272,870.927,162.059
-268.207,870.727,162.048
-268.143,870.516,162.048
-268.078,870.316,162.037
-268.004,870.104,162.037
-267.940,869.893,162.037
-267.876,869.681,162.037
-267.811,869.470,162.037
-267.747,869.270,162.026
-267.682,869.059,162.026
-267.618,868.847,162.026
-267.554,868.636,162.015
-267.489,868.436,162.004
-267.425,868.224,162.004
-267.360,868.013,161.993
-267.296,867.802,161.993
-267.222,867.590,161.982
-267.158,867.379,161.982
-267.093,867.168,161.982
-267.029,866.956,161.971
-266.964,866.756,161.971
-266.900,866.545,161.971
-266.835,866.333,161.960
-266.762,866.122,161.960
-266.697,865.911,161.949
-266.633,865.699,161.949
-266.568,865.488,161.960
-266.504,865.277,161.960
-266.440,865.065,161.971
-266.375,864.854,161.960
-266.301,864.654,161.960
-266.237,864.431,161.949
-266.172,864.220,161.938
-266.108,864.008,161.938
-266.044,863.808,161.938
-265.979,863.597,161.949
-265.915,863.386,161.949
-265.841,863.163,161.960
-265.777,862.952,161.960
-265.712,862.740,161.949
-265.648,862.529,161.938
-265.583,862.318,161.938
-265.509,862.106,161.927
-265.445,861.895,161.927
-265.381,861.684,161.927
-265.316,861.472,161.927
-265.242,861.261,161.917
-265.178,861.049,161.906
-265.113,860.838,161.884
-265.049,860.627,161.851
-264.985,860.415,161.829
-264.920,860.204,161.807
-264.846,859.993,161.785
-264.782,859.781,161.763
-264.718,859.570,161.752
-264.653,859.359,161.730
-264.579,859.147,161.697
-264.515,858.936,161.675
-264.450,858.725,161.653
-264.377,858.513,161.620
-264.312,858.302,161.598
-264.248,858.091,161.576
-264.174,857.879,161.554
-264.109,857.668,161.532
-264.045,857.456,161.499
-263.971,857.245,161.477
-263.907,857.034,161.455
-263.842,856.822,161.433
-263.768,856.611,161.411
-263.704,856.400,161.389
-263.640,856.188,161.356
-263.566,855.977,161.323
-263.501,855.765,161.301
-263.427,855.554,161.268
-263.363,855.343,161.257
-263.289,855.142,161.235
-263.224,854.931,161.224
-263.151,854.720,161.202
-263.086,854.508,161.180
-263.012,854.297,161.158
-262.948,854.085,161.125
-262.874,853.874,161.104
-262.809,853.663,161.082
-262.735,853.462,161.071
-262.671,853.251,161.049
-262.607,853.040,161.049
-262.533,852.828,161.038
-262.459,852.617,161.027
-262.394,852.417,161.005
-262.320,852.205,160.994
-262.256,851.994,160.972
-262.182,851.782,160.972
-262.117,851.582,160.961
-262.044,851.371,160.961
-261.979,851.159,160.961
-261.905,850.948,160.950
-261.841,850.737,160.939
-261.767,850.536,160.928
-261.693,850.325,160.928
-261.628,850.113,160.917
-261.555,849.902,160.917
-261.490,849.691,160.917
-261.416,849.479,160.906
-261.342,849.279,160.906
-261.278,849.056,160.906
-261.204,848.845,160.917
-261.140,848.634,160.917
-261.065,848.433,160.917
-261.001,848.222,160.917
-260.927,848.022,160.917
-260.863,847.810,160.917
-260.789,847.588,160.917
-260.715,847.376,160.917
-260.651,847.165,160.917
-260.576,846.965,160.917
-260.512,846.753,160.928
-260.438,846.542,160.939
-260.364,846.330,160.950
-260.300,846.119,160.950
-260.226,845.908,160.950
-260.161,845.696,160.950
-260.088,845.485,160.950
-260.023,845.274,160.961
-259.949,845.062,160.972
-259.885,844.851,160.983
-259.811,844.650,160.994
-259.737,844.439,161.016
-259.672,844.228,161.016
-259.599,844.016,161.005
-259.525,843.805,161.005
-259.460,843.593,161.005
-259.386,843.382,161.016
-259.322,843.171,161.038
-259.248,842.959,161.060
-259.174,842.737,161.071
-259.100,842.525,161.071
-259.036,842.314,161.071
-258.962,842.103,161.071
-258.897,841.891,161.071
-258.824,841.680,161.082
-258.759,841.468,161.093
-258.685,841.257,161.104
-258.611,841.046,161.125
-258.547,840.834,161.136
-258.473,840.623,161.147
-258.409,840.400,161.147
-258.335,840.189,161.158
-258.261,839.977,161.158
-258.196,839.766,161.169
-258.123,839.555,161.180
-258.058,839.343,161.191
-257.984,839.121,161.202
-257.910,838.909,161.213
-257.846,838.698,161.224
-257.772,838.487,161.235
-257.698,838.275,161.235
-257.634,838.064,161.246
-257.560,837.841,161.257
-257.486,837.619,161.257
-257.422,837.408,161.268
-257.348,837.196,161.268
-257.283,836.985,161.279
-257.209,836.773,161.301
-257.136,836.551,161.323
-257.071,836.339,161.334
-256.997,836.128,161.345
-256.933,835.917,161.356
-256.859,835.694,161.356
-256.795,835.472,161.367
-256.721,835.260,161.378
-256.657,835.049,161.400
-256.583,834.838,161.422
-256.518,834.615,161.433
-256.444,834.404,161.455
-256.380,834.181,161.466
-256.306,833.970,161.477
-256.232,833.747,161.477
-256.168,833.536,161.477
-256.104,833.325,161.499
-256.030,833.113,161.510
-255.965,832.891,161.532
-255.891,832.679,161.565
-255.818,832.457,161.576
-255.753,832.246,161.587
-255.679,832.023,161.598
-255.615,831.812,161.598
-255.541,831.600,161.609
-255.477,831.378,161.620
-255.403,831.155,161.631
-255.339,830.944,161.653
-255.265,830.721,161.675
-255.191,830.510,161.686
-255.127,830.288,161.697
-255.053,830.065,161.708
-254.988,829.865,161.719
-254.914,829.642,161.741
-254.850,829.431,161.752
-254.786,829.209,161.774
-254.712,828.986,161.785
-254.638,828.763,161.796
-254.574,828.541,161.807
-254.500,828.330,161.818
-254.436,828.118,161.840
-254.362,827.896,161.862
-254.288,827.673,161.873
-254.224,827.451,161.895
-254.150,827.239,161.906
-254.086,827.017,161.917
-254.021,826.795,161.938
-253.947,826.572,161.960
-253.883,826.361,161.982
-253.819,826.138,162.004
-253.745,825.916,162.026
-253.681,825.704,162.037
-253.607,825.471,162.048
-253.542,825.260,162.059
-253.469,825.037,162.092
-253.404,824.815,162.114
-253.340,824.592,162.147
-253.266,824.381,162.180
-253.202,824.158,162.213
-253.138,823.936,162.235
-253.064,823.713,162.246
-252.999,823.502,162.268
-252.926,823.268,162.290
-252.861,823.057,162.323
-252.797,822.835,162.345
-252.723,822.612,162.378
-252.659,822.401,162.411
-252.595,822.178,162.444
-252.521,821.956,162.455
-252.457,821.733,162.477
-252.392,821.522,162.488
-252.328,821.300,162.510
-252.264,821.077,162.543
-252.190,820.855,162.576
-252.125,820.643,162.609
-252.061,820.421,162.631
-251.997,820.199,162.642
-251.933,819.976,162.664
-251.859,819.754,162.675
-251.794,819.531,162.708
-251.730,819.320,162.729
-251.666,819.098,162.751
-251.602,818.875,162.773
-251.537,818.653,162.784
-251.473,818.430,162.806
-251.409,818.219,162.839
-251.344,817.997,162.872
-251.280,817.774,162.894
-251.216,817.552,162.916
-251.142,817.329,162.916
-251.078,817.107,162.927
-251.013,816.884,162.927
-250.949,816.673,162.938
-250.885,816.451,162.938
-250.820,816.228,162.949
-250.756,816.006,162.949
-250.692,815.783,162.949
-250.627,815.572,162.938
-250.563,815.350,162.927
-250.499,815.127,162.905
-250.435,814.905,162.894
-250.370,814.693,162.883
-250.306,814.471,162.872
-250.242,814.249,162.872
-250.177,814.037,162.861
-250.113,813.815,162.850
-250.049,813.592,162.839
-249.984,813.381,162.817
-249.920,813.159,162.806
-249.856,812.936,162.806
-249.791,812.725,162.795
-249.727,812.503,162.795
-249.653,812.291,162.795
-249.589,812.069,162.795
-249.525,811.857,162.784
-249.460,811.635,162.773
-249.396,811.424,162.751
-249.331,811.212,162.740
-249.267,810.990,162.719
-249.212,810.768,162.719
-249.148,810.556,162.719
-249.084,810.334,162.708
-249.019,810.122,162.708
-248.955,809.911,162.697
-248.891,809.700,162.675
-248.826,809.488,162.664
-248.762,809.266,162.642
-248.698,809.055,162.631
-248.633,808.843,162.620
-248.569,808.621,162.609
-248.505,808.399,162.598
-248.440,808.187,162.587
-248.376,807.976,162.565
-248.311,807.765,162.554
-248.247,807.553,162.543
-248.183,807.342,162.532
-248.118,807.131,162.510
-248.054,806.919,162.499
-247.989,806.708,162.477
-247.925,806.485,162.466
-247.861,806.274,162.444
-247.796,806.063,162.444
-247.732,805.851,162.444
-247.668,805.640,162.433
-247.603,805.429,162.422
-247.539,805.217,162.400
-247.474,805.006,162.389
-247.410,804.795,162.367
-247.346,804.583,162.345
-247.281,804.372,162.345
-247.217,804.161,162.334
-247.152,803.949,162.345
-247.088,803.738,162.345
-247.023,803.538,162.334
-246.959,803.327,162.323
-246.904,803.115,162.301
-246.840,802.904,162.279
-246.775,802.693,162.268
-246.711,802.492,162.257
-246.646,802.281,162.257
-246.582,802.070,162.257
-246.518,801.870,162.246
-246.453,801.658,162.235
-246.389,801.447,162.224
-246.324,801.247,162.213
-246.260,801.035,162.191
-246.195,800.824,162.180
-246.131,800.624,162.169
-246.067,800.412,162.158
-246.002,800.201,162.147
-245.938,800.001,162.136
-245.883,799.790,162.125
-245.818,799.589,162.114
-245.754,799.389,162.103
-245.689,799.178,162.092
-245.625,798.977,162.081
-245.560,798.766,162.070
-245.496,798.555,162.059
-245.431,798.355,162.048
-245.367,798.143,162.037
-245.303,797.943,162.037
-245.248,797.743,162.026
-245.183,797.532,162.026
-245.119,797.331,162.015
-245.054,797.131,162.004
-244.990,796.931,162.004
-244.925,796.719,161.993
-244.861,796.519,161.982
-244.796,796.319,161.971
-244.741,796.108,161.960
-244.677,795.907,161.949
-244.612,795.707,161.949
-244.548,795.507,161.949
-244.483,795.307,161.938
-244.419,795.106,161.927
-244.354,794.906,161.917
-244.299,794.695,161.906
-244.235,794.495,161.895
-244.170,794.295,161.884
-244.106,794.094,161.884
-244.041,793.894,161.884
-243.986,793.694,161.873
-243.912,793.494,161.873
-243.848,793.293,161.851
-243.793,793.093,161.829
-243.728,792.893,161.807
-243.664,792.693,161.796
-243.581,792.437,161.785
-243.516,792.236,161.774
-243.452,792.025,161.774
-243.387,791.825,161.763
-243.323,791.625,161.752
-243.240,791.369,161.730
-243.185,791.169,161.708
-243.120,790.968,161.675
-243.056,790.768,161.664
-242.991,790.568,161.642
-242.927,790.368,161.631
-242.844,790.112,161.609
-242.779,789.912,161.598
-242.715,789.711,161.576
-242.632,789.455,161.554
-242.567,789.255,161.543
-242.503,789.055,161.532
-242.438,788.855,161.521
-242.355,788.599,161.499
-242.291,788.399,161.477
-242.226,788.198,161.455
-242.162,787.998,161.444
-242.079,787.742,161.433
-241.996,787.486,161.422
-241.941,787.286,161.422
-241.848,787.030,161.411
-241.793,786.830,161.411
-241.710,786.574,161.400
-241.646,786.374,161.389
-241.581,786.174,161.389
-241.498,785.918,161.378
-241.434,785.718,161.378
-241.351,785.462,161.378
-241.268,785.206,161.378
-241.203,785.006,161.378
-241.120,784.750,161.367
-241.037,784.494,161.345
-240.954,784.238,161.345
-240.871,783.982,161.345
-240.807,783.782,161.356
-240.724,783.526,161.367
-240.641,783.270,161.367
-240.558,783.014,161.356
-240.475,782.758,161.345
-240.392,782.502,161.345
-240.327,782.302,161.345
-240.244,782.046,161.356
-240.161,781.790,161.356
-240.078,781.534,161.345
-239.996,781.279,161.334
-239.913,781.023,161.312
-239.830,780.767,161.290
-239.747,780.511,161.279
-239.663,780.266,161.268
-239.581,780.010,161.257
-239.516,779.810,161.257
-239.433,779.554,161.246
-239.350,779.298,161.235
-239.267,779.053,161.224
-239.184,778.798,161.213
-239.101,778.542,161.191
-239.018,778.286,161.180
-238.935,778.041,161.169
-238.852,777.785,161.158
-238.769,777.540,161.158
-238.686,777.284,161.158
-238.603,777.029,161.158
-238.520,776.784,161.147
-238.446,776.528,161.136
-238.363,776.283,161.125
-238.280,776.027,161.115
-238.197,775.772,161.115
-238.114,775.527,161.125
-238.031,775.282,161.136
-237.948,775.026,161.136
-237.865,774.781,161.125
-237.782,774.536,161.115
-237.709,774.281,161.115
-237.625,774.036,161.125
-237.542,773.791,161.125
-237.459,773.546,161.136
-237.376,773.301,161.158
-237.303,773.046,161.169
-237.220,772.801,161.169
-237.137,772.545,161.169
-237.054,772.300,161.180
-236.980,772.056,161.191
-236.897,771.811,161.213
-236.814,771.566,161.235
-236.731,771.310,161.246
-236.657,771.065,161.257
-236.574,770.821,161.268
-236.491,770.576,161.279
-236.417,770.342,161.279
-236.334,770.097,161.290
-236.251,769.842,161.312
-236.168,769.597,161.323
-236.095,769.352,161.345
-236.011,769.118,161.356
-235.938,768.874,161.367
-235.855,768.618,161.367
-235.781,768.373,161.389
-235.698,768.139,161.400
-235.625,767.895,161.411
-235.542,767.650,161.422
-235.458,767.405,161.433
-235.385,767.160,161.455
-235.302,766.927,161.477
-235.228,766.682,161.488
-235.155,766.437,161.510
-235.071,766.193,161.510
-234.988,765.948,161.521
-234.915,765.703,161.543
-234.841,765.469,161.576
-234.758,765.225,161.609
-234.675,764.980,161.642
-234.601,764.735,161.653
-234.528,764.490,161.675
-234.445,764.246,161.686
-234.371,764.001,161.719
-234.288,763.756,161.752
-234.214,763.512,161.785
-234.131,763.267,161.818
-234.058,763.022,161.840
-233.984,762.777,161.862
-233.901,762.521,161.884
-233.828,762.277,161.906
-233.745,762.032,161.938
-233.671,761.787,161.960
-233.597,761.543,161.993
-233.524,761.287,162.015
-233.441,761.042,162.037
-233.367,760.797,162.059
-233.294,760.553,162.092
-233.211,760.308,162.125
-233.137,760.052,162.147
-233.054,759.807,162.169
-232.981,759.552,162.191
-232.907,759.296,162.213
-232.824,759.051,162.235
-232.751,758.795,162.268
-232.668,758.550,162.301
-232.594,758.295,162.323
-232.511,758.039,162.334
-232.438,757.794,162.356
-232.355,757.538,162.367
-232.281,757.293,162.400
-232.198,757.038,162.433
-232.125,756.782,162.466
-232.042,756.526,162.499
-231.968,756.270,162.521
-231.895,756.014,162.532
-231.821,755.759,162.543
-231.738,755.503,162.576
-231.665,755.247,162.609
-231.591,755.002,162.642
-231.508,754.746,162.664
-231.435,754.491,162.675
-231.380,754.290,162.686
-231.297,754.035,162.686
-231.224,753.779,162.708
-231.141,753.523,162.729
-231.086,753.323,162.751
-231.012,753.067,162.773
-230.948,752.867,162.784
-230.874,752.611,162.795
-230.801,752.355,162.817
-230.746,752.155,162.828
-230.663,751.899,162.839
-230.608,751.699,162.861
-230.543,751.499,162.872
-230.470,751.243,162.883
-230.396,750.987,162.872
-230.332,750.787,162.872
-230.259,750.531,162.872
-230.204,750.331,162.861
-230.139,750.131,162.861
-230.084,749.931,162.861
-230.001,749.675,162.850
-229.946,749.475,162.850
-229.891,749.275,162.839
-229.827,749.074,162.839
-229.753,748.819,162.828
-229.698,748.618,162.828
-229.634,748.418,162.828
-229.579,748.218,162.828
-229.496,747.962,162.828
-229.441,747.762,162.817
-229.386,747.562,162.817
-229.321,747.362,162.806
-229.266,747.161,162.806
-229.202,746.961,162.817
-229.147,746.761,162.817
-229.092,746.561,162.828
-229.009,746.305,162.828
-228.954,746.105,162.817
-228.889,745.905,162.795
-228.834,745.693,162.784
-228.770,745.493,162.773
-228.715,745.293,162.762
-228.650,745.093,162.773
-228.595,744.893,162.784
-228.531,744.692,162.784
-228.476,744.492,162.784
-228.411,744.292,162.762
-228.356,744.092,162.740
-228.292,743.892,162.719
-228.237,743.691,162.708
-228.172,743.491,162.686
-228.117,743.291,162.675
-228.053,743.080,162.675
-227.988,742.880,162.664
-227.933,742.668,162.664
-227.851,742.412,162.642
-227.786,742.212,162.631
-227.731,742.001,162.609
-227.667,741.801,162.598
-227.612,741.589,162.576
-227.547,741.389,162.576
-227.483,741.189,162.565
-227.428,740.989,162.565
-227.363,740.777,162.554
-227.299,740.577,162.543
-227.244,740.377,162.543
-227.179,740.166,162.532
-227.115,739.966,162.521
-227.060,739.765,162.510
-226.995,739.554,162.499
-226.931,739.354,162.488
-226.866,739.154,162.466
-226.812,738.942,162.455
-226.747,738.731,162.444
-226.683,738.531,162.433
-226.618,738.330,162.422
-226.563,738.130,162.422
-226.499,737.919,162.411
-226.434,737.719,162.400
-226.370,737.507,162.400
-226.305,737.307,162.378
-226.250,737.096,162.367
-226.186,736.885,162.367
-226.122,736.684,162.356
-226.057,736.473,162.356
-225.993,736.273,162.356
-225.928,736.073,162.356
-225.864,735.861,162.334
-225.799,735.661,162.323
-225.744,735.450,162.301
-225.680,735.238,162.279
-225.615,735.038,162.268
-225.551,734.827,162.268
-225.487,734.616,162.257
-225.422,734.415,162.257
-225.358,734.204,162.246
-225.293,733.993,162.235
-225.229,733.792,162.213
-225.164,733.581,162.191
-225.100,733.370,162.180
-225.036,733.158,162.169
-224.971,732.947,162.158
-224.907,732.747,162.158
-224.842,732.535,162.158
-224.778,732.335,162.147
-224.713,732.113,162.125
-224.649,731.901,162.114
-224.585,731.701,162.092
-224.520,731.490,162.081
-224.456,731.290,162.070
-224.391,731.078,162.059
-224.327,730.867,162.048
-224.253,730.656,162.037
-224.188,730.444,162.026
-224.124,730.233,162.004
-224.060,730.033,161.993
-223.995,729.821,161.982
-223.931,729.621,161.971
-223.866,729.410,161.960
-223.802,729.198,161.949
-223.737,728.987,161.927
-223.673,728.787,161.917
-223.609,728.564,161.906
-223.544,728.353,161.895
-223.480,728.153,161.884
-223.415,727.953,161.873
-223.351,727.741,161.862
-223.286,727.530,161.851
-223.222,727.319,161.829
-223.148,727.107,161.818
-223.084,726.907,161.796
-223.019,726.696,161.785
-222.955,726.484,161.774
-222.890,726.284,161.774
-222.826,726.073,161.763
-222.761,725.872,161.752
-222.697,725.661,161.741
-222.633,725.450,161.719
-222.558,725.249,161.708
-222.494,725.038,161.686
-222.430,724.838,161.675
-222.365,724.626,161.675
-222.301,724.415,161.675
-222.236,724.215,161.675
-222.172,724.004,161.675
-222.098,723.803,161.664
-222.033,723.592,161.642
-221.969,723.392,161.620
-221.904,723.180,161.620
-221.840,722.980,161.609
-221.775,722.780,161.598
-221.711,722.568,161.598
-221.637,722.357,161.598
-221.573,722.157,161.587
-221.508,721.945,161.576
-221.444,721.745,161.576
-221.379,721.534,161.565
-221.315,721.334,161.554
-221.250,721.133,161.543
-221.186,720.922,161.543
-221.112,720.722,161.543
-221.047,720.510,161.532
-220.983,720.299,161.532
-220.918,720.099,161.532
-220.854,719.898,161.532
-220.789,719.698,161.532
-220.725,719.498,161.532
-220.660,719.287,161.532
-220.587,719.075,161.532
-220.522,718.875,161.532
-220.457,718.675,161.521
-220.393,718.463,161.510
-220.329,718.263,161.521
-220.264,718.063,161.532
-220.200,717.852,161.543
-220.135,717.651,161.554
-220.061,717.451,161.565
-219.997,717.240,161.565
-219.932,717.039,161.554
-219.868,716.839,161.543
-219.803,716.628,161.543
-219.739,716.428,161.554
-219.674,716.227,161.565
-219.610,716.016,161.587
-219.545,715.816,161.598
-219.481,715.615,161.598
-219.416,715.415,161.598
-219.342,715.204,161.587
-219.278,715.004,161.576
-219.213,714.792,161.576
-219.149,714.592,161.587
-219.084,714.392,161.587
-219.020,714.191,161.598
-218.955,713.991,161.609
-218.891,713.791,161.620
-218.826,713.580,161.620
-218.762,713.379,161.620
-218.697,713.179,161.620
-218.633,712.968,161.620
-218.568,712.768,161.620
-218.504,712.567,161.631
-218.439,712.367,161.631
-218.375,712.156,161.642
-218.310,711.955,161.642
-218.246,711.755,161.642
-218.181,711.555,161.642
-218.117,711.355,161.642
-218.052,711.155,161.631
-217.978,710.943,161.631
-217.914,710.743,161.631
-217.849,710.543,161.631
-217.794,710.342,161.631
-217.730,710.131,161.620
-217.656,709.931,161.631
-217.591,709.730,161.631
-217.536,709.530,161.642
-217.472,709.330,161.642
-217.407,709.130,161.631
-217.343,708.930,161.620
-217.278,708.718,161.609
-217.214,708.518,161.598
-217.149,708.318,161.598
-217.085,708.118,161.609
-217.020,707.917,161.620
-216.956,707.717,161.620
-216.891,707.517,161.609
-216.827,707.317,161.598
-216.762,707.116,161.576
-216.698,706.916,161.554
-216.633,706.716,161.543
-216.569,706.516,161.521
-216.504,706.304,161.499
-216.440,706.104,161.488
-216.375,705.904,161.477
-216.311,705.703,161.466
-216.246,705.503,161.455
-216.182,705.303,161.433
-216.117,705.103,161.400
-216.053,704.902,161.378
-215.988,704.702,161.367
-215.924,704.502,161.356
-215.859,704.302,161.345
-215.795,704.101,161.345
-215.730,703.901,161.334
-215.666,703.701,161.323
-215.601,703.490,161.301
-215.527,703.289,161.279
-215.463,703.089,161.257
-215.398,702.889,161.235
-215.334,702.689,161.224
-215.269,702.488,161.213
-215.205,702.288,161.202
-215.140,702.088,161.180
-215.075,701.888,161.169
-215.001,701.687,161.158
-214.937,701.487,161.136
-214.872,701.287,161.125
-214.808,701.086,161.115
-214.743,700.886,161.104
-214.679,700.686,161.104
-214.605,700.486,161.104
-214.540,700.285,161.104
-214.476,700.074,161.104
-214.411,699.874,161.104
-214.347,699.674,161.115
-214.264,699.418,161.125
-214.190,699.217,161.136
-214.125,699.017,161.147
-214.061,698.817,161.158
-213.996,698.617,161.158
-213.932,698.416,161.169
-213.867,698.216,161.180
-213.793,698.016,161.191
-213.729,697.815,161.202
-213.664,697.615,161.213
-213.600,697.415,161.224
-213.535,697.215,161.246
-213.470,697.014,161.246
-213.406,696.814,161.257
-213.341,696.614,161.257
-213.267,696.414,161.268
-213.203,696.202,161.279
-213.138,696.002,161.301
-213.074,695.802,161.323
-213.009,695.602,161.334
-212.945,695.401,161.356
-212.862,695.145,161.378
-212.797,694.945,161.389
-212.733,694.734,161.400
-212.659,694.534,161.411
-212.594,694.333,161.422
-212.539,694.133,161.433
-212.475,693.933,161.455
-212.382,693.677,161.488
-212.318,693.466,161.499
-212.254,693.265,161.510
-212.189,693.065,161.532
-212.124,692.865,161.543
-212.041,692.609,161.554
-211.977,692.409,161.576
-211.912,692.208,161.598
-211.848,692.008,161.620
-211.783,691.808,161.642
-211.719,691.608,161.653
-211.664,691.408,161.675
-211.599,691.207,161.686
-211.535,691.007,161.708
-211.470,690.807,161.730
-211.406,690.607,161.752
-211.341,690.406,161.774
-211.277,690.206,161.796
-211.212,690.006,161.818
-211.157,689.806,161.829
-211.074,689.550,161.851
-211.010,689.350,161.873
-210.945,689.149,161.884
-210.890,688.949,161.895
-210.826,688.749,161.906
-210.743,688.493,161.927
-210.678,688.293,161.938
-210.614,688.093,161.949
-210.549,687.892,161.960
-210.494,687.692,161.971
-210.411,687.436,161.993
-210.347,687.236,162.015
-210.282,687.036,162.037
-210.218,686.836,162.059
-210.163,686.635,162.059
-210.080,686.380,162.070
-210.015,686.179,162.081
-209.960,685.979,162.103
-209.877,685.723,162.136
-209.813,685.523,162.158
-209.748,685.323,162.191
-209.665,685.067,162.213
-209.610,684.867,162.213
-209.546,684.666,162.224
-209.463,684.411,162.246
-209.408,684.210,162.268
-209.325,683.955,162.301
-209.260,683.754,162.323
-209.205,683.554,162.345
-209.122,683.298,162.378
-209.067,683.098,162.389
-209.003,682.898,162.389
-208.929,682.642,162.389
-208.865,682.442,162.389
-208.782,682.186,162.389
-208.727,681.986,162.378
-208.644,681.730,162.367
-208.589,681.530,162.367
-208.506,681.274,162.356
-208.451,681.074,162.356
-208.368,680.818,162.356
-208.313,680.618,162.356
-208.230,680.362,162.345
-208.175,680.162,162.334
-208.092,679.906,162.323
-208.037,679.706,162.312
-207.954,679.450,162.301
-207.890,679.250,162.301
-207.816,678.994,162.301
-207.733,678.738,162.301
-207.678,678.538,162.290
-207.614,678.338,162.268
-207.531,678.082,162.246
-207.457,677.826,162.224
-207.393,677.626,162.224
-207.319,677.370,162.224
-207.236,677.103,162.224
-207.153,676.847,162.213
-207.089,676.647,162.202
-207.015,676.402,162.169
-206.942,676.146,162.147
-206.877,675.946,162.147
-206.813,675.746,162.136
-206.758,675.546,162.136
-206.675,675.290,162.136
-206.601,675.045,162.136
-206.518,674.789,162.114
-206.463,674.589,162.103
-206.380,674.333,162.092
-206.297,674.077,162.114
-206.233,673.877,162.114
-206.150,673.621,162.092
-206.095,673.421,162.059
-206.040,673.221,162.015
-205.957,672.965,161.982
-205.892,672.765,161.971
-205.809,672.520,161.982
-205.736,672.264,161.993
-205.653,672.008,161.971
-205.588,671.808,161.938
-205.524,671.608,161.906
-205.450,671.352,161.873
-205.395,671.152,161.862
-205.312,670.896,161.873
-205.220,670.651,161.873
-205.146,670.395,161.851
-205.063,670.140,161.840
-204.999,669.939,161.818
-204.934,669.739,161.796
-204.851,669.483,161.763
-204.778,669.227,161.741
-204.695,668.972,161.741
-204.612,668.716,161.741
-204.547,668.515,161.752
-204.474,668.260,161.752
-204.391,668.004,161.752
-204.327,667.804,161.752
-204.244,667.548,161.774
-204.189,667.348,161.796
-204.124,667.147,161.829
-204.041,666.891,161.862
-203.958,666.636,161.873
-203.875,666.380,161.884
-203.820,666.179,161.884
-203.756,665.979,161.884
-203.673,665.723,161.895
-203.608,665.523,161.906
-203.544,665.323,161.917
-203.461,665.067,161.938
-203.406,664.867,161.949
-203.323,664.611,161.960
-203.258,664.411,161.960
-203.194,664.210,161.960
-203.111,663.955,161.960
-203.056,663.754,161.971
-202.991,663.554,161.960
-202.927,663.354,161.960
-202.844,663.098,161.960
-202.789,662.898,161.949
-202.724,662.698,161.949
-202.660,662.497,161.949
-202.595,662.297,161.938
-202.512,662.041,161.938
-202.448,661.841,161.927
-202.393,661.641,161.927
-202.328,661.441,161.927
-202.264,661.240,161.917
-202.209,661.040,161.917
-202.126,660.784,161.917
-202.061,660.584,161.917
-201.997,660.384,161.906
-201.932,660.184,161.906
-201.867,659.983,161.895
-201.803,659.783,161.895
-201.730,659.527,161.895
-201.665,659.327,161.884
-201.600,659.127,161.873
-201.536,658.927,161.873
-201.471,658.726,161.873
-201.407,658.526,161.873
-201.352,658.326,161.884
-201.259,658.070,161.873
-201.195,657.870,161.862
-201.140,657.670,161.840
-201.076,657.458,161.829
-200.993,657.202,161.807
-200.928,657.002,161.807
-200.863,656.802,161.807
-200.799,656.602,161.807
-200.734,656.401,161.796
-200.670,656.201,161.774
-200.605,656.001,161.763
-200.541,655.801,161.752
-200.476,655.600,161.741
-200.421,655.400,161.730
-200.357,655.200,161.730
-200.292,655.000,161.719
-200.228,654.788,161.719
-200.163,654.588,161.708
-200.099,654.388,161.697
-200.016,654.132,161.675
-199.951,653.932,161.653
-199.887,653.732,161.642
-199.822,653.531,161.631
-199.758,653.331,161.620
-199.693,653.131,161.609
-199.629,652.931,161.609
-199.564,652.730,161.598
-199.500,652.530,161.587
-199.435,652.330,161.576
-199.371,652.130,161.565
-199.306,651.929,161.554
-199.242,651.729,161.554
-199.177,651.529,161.543
-199.113,651.329,161.521
-199.058,651.128,161.510
-198.993,650.928,161.499
-198.929,650.728,161.488
-198.864,650.528,161.488
-198.800,650.327,161.488
-198.735,650.127,161.477
-198.670,649.927,161.466
-198.606,649.727,161.455
-198.532,649.526,161.444
-198.467,649.326,161.433
-198.403,649.126,161.411
-198.338,648.926,161.400
-198.274,648.725,161.400
-198.209,648.525,161.400
-198.145,648.325,161.389
-198.062,648.069,161.378
-197.997,647.869,161.356
-197.933,647.669,161.334
-197.868,647.457,161.323
-197.794,647.257,161.323
-197.730,647.057,161.312
-197.665,646.856,161.312
-197.601,646.656,161.312
-197.536,646.456,161.312
-197.472,646.256,161.301
-197.389,646.000,161.301
-197.324,645.799,161.290
-197.250,645.599,161.290
-197.186,645.388,161.279
-197.121,645.188,161.268
-197.057,644.987,161.257
-196.992,644.787,161.246
-196.928,644.587,161.257
-196.863,644.387,161.246
-196.799,644.186,161.235
-196.734,643.986,161.224
-196.670,643.786,161.224
-196.596,643.574,161.213
-196.531,643.374,161.213
-196.467,643.174,161.213
-196.402,642.974,161.213
-196.338,642.773,161.213
-196.263,642.573,161.213
-196.199,642.373,161.202
-196.134,642.173,161.202
-196.070,641.972,161.191
-196.005,641.772,161.191
-195.941,641.572,161.191
-195.876,641.372,161.191
-195.784,641.116,161.191
-195.719,640.904,161.180
-195.655,640.704,161.180
-195.590,640.504,161.169
-195.516,640.303,161.158
-195.452,640.103,161.158
-195.387,639.903,161.169
-195.323,639.703,161.169
-195.258,639.502,161.169
-195.194,639.302,161.180
-195.129,639.102,161.191
-195.065,638.902,161.191
-194.991,638.690,161.180
-194.926,638.490,161.191
-194.862,638.290,161.202
-194.779,638.034,161.224
-194.714,637.834,161.246
-194.650,637.633,161.257
-194.576,637.411,161.257
-194.511,637.211,161.268
-194.447,637.010,161.279
-194.354,636.754,161.301
-194.290,636.554,161.334
-194.225,636.343,161.345
-194.161,636.143,161.356
-194.096,635.942,161.356
-194.032,635.742,161.356
-193.967,635.542,161.356
-193.903,635.342,161.378
-193.838,635.141,161.400
-193.774,634.941,161.422
-193.709,634.730,161.433
-193.635,634.529,161.444
-193.571,634.329,161.455
-193.516,634.129,161.466
-193.451,633.929,161.477
-193.387,633.728,161.488
-193.313,633.528,161.499
-193.248,633.328,161.510
-193.184,633.128,161.521
-193.119,632.927,161.532
-193.064,632.727,161.554
-193.000,632.527,161.565
-192.935,632.327,161.576
-192.871,632.126,161.576
-192.806,631.926,161.587
-192.742,631.726,161.587
-192.677,631.515,161.598
-192.603,631.314,161.609
-192.539,631.114,161.631
-192.474,630.903,161.642
-192.391,630.647,161.653
-192.327,630.447,161.653
-192.262,630.246,161.664
-192.207,630.035,161.664
-192.143,629.835,161.686
-192.078,629.635,161.697
-192.014,629.434,161.708
-191.949,629.234,161.719
-191.885,629.034,161.730
-191.811,628.822,161.741
-191.746,628.622,161.741
-191.682,628.422,161.752
-191.627,628.222,161.763
-191.562,628.022,161.785
-191.498,627.821,161.796
-191.433,627.621,161.807
-191.369,627.410,161.807
-191.304,627.209,161.796
-191.240,627.009,161.796
-191.175,626.809,161.807
-191.111,626.598,161.807
-191.046,626.397,161.818
-190.982,626.197,161.829
-190.917,625.997,161.840
-190.853,625.797,161.840
-190.788,625.596,161.829
-190.724,625.385,161.807
-190.659,625.185,161.796
-190.595,624.985,161.785
-190.540,624.784,161.774
-190.475,624.573,161.774
-190.411,624.373,161.763
-190.346,624.173,161.763
-190.282,623.972,161.752
-190.217,623.772,161.741
-190.153,623.561,161.730
-190.088,623.361,161.719
-190.024,623.160,161.708
-189.959,622.960,161.686
-189.885,622.749,161.675
-189.821,622.548,161.664
-189.756,622.348,161.642
-189.692,622.148,161.631
-189.627,621.937,161.609
-189.563,621.736,161.598
-189.498,621.536,161.576
-189.434,621.325,161.554
-189.369,621.124,161.543
-189.305,620.924,161.521
-189.240,620.724,161.499
-189.176,620.513,161.477
-189.102,620.312,161.466
-189.037,620.101,161.444
-188.973,619.901,161.433
-188.908,619.700,161.422
-188.844,619.500,161.400
-188.770,619.300,161.378
-188.705,619.089,161.356
-188.641,618.888,161.323
-188.577,618.677,161.301
-188.512,618.477,161.279
-188.448,618.265,161.257
-188.374,618.065,161.246
-188.309,617.865,161.224
-188.245,617.665,161.213
-188.180,617.464,161.180
-188.106,617.253,161.158
-188.042,617.053,161.125
-187.977,616.841,161.115
-187.913,616.641,161.093
-187.839,616.441,161.071
-187.774,616.229,161.060
-187.710,616.029,161.038
-187.636,615.829,161.027
-187.571,615.628,161.016
-187.507,615.428,160.994
-187.433,615.217,160.994
-187.368,615.005,160.983
-187.304,614.805,160.983
-187.239,614.605,160.994
-187.175,614.394,161.005
-187.101,614.193,161.016
-187.036,613.982,161.049
-186.962,613.782,161.060
-186.898,613.581,161.071
-186.833,613.370,161.071
-186.759,613.170,161.071
-186.695,612.969,161.082
-186.630,612.758,161.104
-186.556,612.558,161.125
-186.482,612.346,161.147
-186.418,612.135,161.158
-186.344,611.924,161.169
-186.280,611.723,161.191
-186.215,611.512,161.213
-186.141,611.312,161.235
-186.077,611.100,161.268
-186.012,610.889,161.290
-185.938,610.689,161.312
-185.874,610.477,161.334
-185.809,610.277,161.367
-185.745,610.066,161.411
-185.671,609.854,161.455
-185.607,609.643,161.499
-185.532,609.443,161.554
-185.468,609.231,161.609
-185.404,609.020,161.653
-185.339,608.809,161.697
-185.265,608.597,161.741
-185.201,608.386,161.785
-185.137,608.174,161.829
-185.072,607.963,161.884
-185.008,607.763,161.938
-184.943,607.540,161.993
-184.869,607.329,162.026
-184.805,607.129,162.070
-184.741,606.906,162.114
-184.676,606.695,162.158
-184.612,606.484,162.202
-184.547,606.272,162.257
-184.483,606.061,162.323
-184.419,605.850,162.389
-184.354,605.638,162.444
-184.290,605.427,162.499
-184.225,605.216,162.554
-184.161,605.004,162.609
-184.097,604.793,162.675
-184.032,604.582,162.751
-183.968,604.370,162.839
-183.913,604.148,162.927
-183.849,603.937,163.015
-183.784,603.725,163.092
-183.720,603.514,163.169
-183.665,603.303,163.246
-183.601,603.080,163.323
-183.536,602.869,163.400
-183.481,602.658,163.488
-183.417,602.447,163.575
-183.362,602.235,163.674
-183.298,602.013,163.784
-183.243,601.802,163.905
-183.179,601.590,164.015
-183.124,601.368,164.147
-183.069,601.157,164.268
-183.005,600.945,164.388
-182.950,600.734,164.520
-182.895,600.512,164.652
-182.840,600.301,164.773
-182.785,600.089,164.894
-182.730,599.878,165.015
-182.676,599.656,165.135
-182.621,599.445,165.267
-182.566,599.234,165.410
-182.511,599.011,165.542
-182.456,598.800,165.663
-182.411,598.578,165.784
-182.356,598.367,165.905
-182.311,598.155,166.025
-182.256,597.933,166.157
-182.201,597.722,166.289
-182.156,597.500,166.432
-182.111,597.289,166.564
-182.056,597.066,166.696
-182.011,596.855,166.816
-181.956,596.633,166.937
-181.911,596.422,167.058
-181.865,596.199,167.179
-181.820,595.988,167.311
-181.775,595.777,167.443
-181.729,595.555,167.585
-181.684,595.344,167.717
-181.639,595.122,167.849
-181.594,594.911,167.970
-181.548,594.688,168.091
-181.513,594.477,168.223
-181.467,594.255,168.354
-181.422,594.044,168.486
-181.386,593.822,168.618
-181.341,593.611,168.750
-181.296,593.389,168.882
-181.260,593.167,169.014
-181.224,592.956,169.135
-181.179,592.733,169.266
-181.143,592.511,169.409
-181.108,592.300,169.552
-181.072,592.078,169.695
-181.027,591.856,169.849
-180.991,591.645,169.991
-180.955,591.423,170.134
-180.920,591.201,170.277
-180.884,590.990,170.431
-180.858,590.768,170.574
-180.822,590.546,170.728
-180.786,590.323,170.870
-180.760,590.113,171.024
-180.724,589.890,171.167
-180.698,589.668,171.310
-180.662,589.446,171.453
-180.636,589.224,171.595
-180.600,589.013,171.738
-180.574,588.791,171.892
-180.548,588.569,172.046
-180.522,588.347,172.211
-180.496,588.125,172.354
-180.470,587.903,172.496
-180.443,587.692,172.639
-180.417,587.470,172.793
-180.391,587.248,172.947
-180.365,587.026,173.112
-180.339,586.804,173.265
-180.322,586.583,173.419
-180.296,586.361,173.573
-180.270,586.139,173.716
-180.253,585.917,173.870
-180.237,585.695,174.023
-180.211,585.473,174.188
-180.194,585.240,174.342
-180.177,585.018,174.496
-180.161,584.796,174.650
-180.144,584.574,174.803
-180.118,584.352,174.946
-180.101,584.130,175.100
-180.085,583.908,175.243
-180.078,583.676,175.386
-180.061,583.454,175.540
-180.045,583.232,175.693
-180.028,582.999,175.858
-180.021,582.777,176.023
-180.005,582.544,176.188
-179.997,582.322,176.353
-179.981,582.100,176.506
-179.974,581.879,176.660
-179.957,581.657,176.814
-179.960,581.424,176.957
-179.943,581.202,177.078
-179.936,580.969,177.177
-179.929,580.736,177.231
-179.922,580.514,177.264
-179.915,580.282,177.275
-179.908,580.060,177.264
-179.901,579.827,177.242
-179.884,579.605,177.209
-179.877,579.372,177.177
-179.880,579.151,177.122
-179.873,578.929,177.067
-179.856,578.696,177.001
-179.849,578.463,176.935
-179.842,578.230,176.858
-179.835,578.008,176.770
-179.819,577.775,176.671
-179.812,577.554,176.572
-179.805,577.332,176.473
-179.788,577.099,176.375
-179.781,576.866,176.276
-179.765,576.633,176.177
-179.758,576.411,176.089
-179.741,576.178,176.001
-179.734,575.945,175.913
-179.718,575.723,175.825
-179.701,575.490,175.726
-179.694,575.258,175.616
-179.677,575.036,175.518
-179.661,574.803,175.430
-179.644,574.570,175.342
-179.628,574.337,175.254
-179.611,574.104,175.166
-179.605,573.871,175.067
-179.588,573.649,174.968
-179.571,573.416,174.869
-179.555,573.183,174.760
-179.529,572.950,174.672
-179.512,572.717,174.584
-179.496,572.484,174.496
-179.470,572.251,174.408
-179.453,572.018,174.320
-179.437,571.785,174.221
-179.411,571.552,174.122
-179.394,571.319,174.034
-179.368,571.086,173.947
-179.352,570.853,173.859
-179.326,570.609,173.760
-179.300,570.376,173.650
-179.283,570.143,173.551
-179.257,569.910,173.452
-179.231,569.677,173.353
-179.205,569.443,173.254
-179.189,569.210,173.167
-179.163,568.966,173.068
-179.137,568.733,172.969
-179.111,568.500,172.870
-179.085,568.256,172.760
-179.059,568.023,172.650
-179.033,567.779,172.551
-179.007,567.546,172.452
-178.981,567.313,172.365
-178.946,567.068,172.288
-178.919,566.835,172.189
-178.894,566.591,172.090
-178.858,566.358,171.980
-178.832,566.114,171.892
-178.806,565.870,171.804
-178.771,565.636,171.705
-178.735,565.392,171.617
-178.709,565.159,171.519
-178.674,564.915,171.398
-178.638,564.682,171.288
-178.612,564.426,171.178
-178.577,564.182,171.068
-178.542,563.938,170.969
-178.506,563.705,170.870
-178.480,563.472,170.782
-178.445,563.227,170.684
-178.399,562.994,170.574
-178.364,562.739,170.475
-178.329,562.505,170.365
-178.293,562.261,170.255
-178.258,562.017,170.145
-178.213,561.773,170.024
-178.177,561.539,169.882
-178.142,561.295,169.728
-178.106,561.062,169.585
-178.061,560.818,169.431
-178.016,560.584,169.277
-177.981,560.340,169.124
-177.936,560.096,168.970
-177.891,559.862,168.805
-177.855,559.618,168.640
-177.810,559.374,168.486
-177.765,559.140,168.333
-177.720,558.896,168.179
-177.675,558.663,168.036
-177.621,558.418,167.882
-177.575,558.185,167.728
-177.530,557.941,167.574
-177.485,557.707,167.432
-177.431,557.463,167.278
-177.386,557.230,167.135
-177.331,556.985,167.003
-177.286,556.752,166.871
-177.232,556.518,166.740
-177.177,556.274,166.608
-177.122,556.040,166.476
-177.068,555.807,166.344
-177.013,555.563,166.212
-176.959,555.318,166.080
-176.904,555.085,165.959
-176.850,554.840,165.850
-176.795,554.607,165.740
-176.740,554.373,165.619
-176.676,554.129,165.487
-176.622,553.896,165.344
-176.558,553.651,165.212
-176.503,553.418,165.081
-176.448,553.184,164.960
-176.384,552.951,164.839
-176.330,552.706,164.707
-176.266,552.473,164.575
-176.202,552.228,164.454
-176.137,551.995,164.323
-176.073,551.761,164.202
-176.019,551.528,164.092
-175.955,551.294,164.004
-175.891,551.050,163.927
-175.826,550.816,163.872
-175.762,550.572,163.806
-175.698,550.338,163.740
-175.634,550.105,163.685
-175.570,549.871,163.619
-175.506,549.638,163.564
-175.442,549.393,163.499
-175.378,549.159,163.433
-175.304,548.926,163.378
-175.240,548.692,163.323
-175.176,548.448,163.268
-175.111,548.214,163.224
-175.038,547.981,163.169
-174.974,547.747,163.114
-174.909,547.514,163.059
-174.836,547.280,162.993
-174.772,547.047,162.938
-174.707,546.813,162.883
-174.634,546.579,162.828
-174.570,546.346,162.773
-174.505,546.112,162.708
-174.432,545.890,162.642
-174.358,545.656,162.565
-174.294,545.412,162.499
-174.230,545.189,162.422
-174.156,544.956,162.356
-174.082,544.722,162.279
-174.009,544.489,162.202
-173.944,544.255,162.125
-173.871,544.032,162.037
-173.797,543.799,161.949
-173.723,543.565,161.862
-173.659,543.332,161.774
-173.585,543.098,161.686
-173.512,542.865,161.598
-173.438,542.642,161.499
-173.364,542.408,161.411
-173.300,542.175,161.323
-173.226,541.952,161.235
-173.153,541.719,161.158
-173.079,541.485,161.093
-173.005,541.263,161.038
-172.931,541.029,160.994
-172.848,540.806,160.928
-172.774,540.584,160.873
-172.701,540.350,160.807
-172.627,540.128,160.763
-172.553,539.894,160.719
-172.479,539.672,160.686
-172.405,539.449,160.653
-172.322,539.215,160.620
-172.248,538.993,160.598
-172.175,538.770,160.576
-172.101,538.537,160.576
-172.027,538.314,160.565
-171.953,538.092,160.565
-171.879,537.869,160.565
-171.796,537.647,160.554
-171.722,537.424,160.554
-171.648,537.202,160.543
-171.575,536.968,160.543
-171.501,536.745,160.543
-171.418,536.523,160.543
-171.353,536.300,160.554
-171.270,536.078,160.554
-171.196,535.866,160.565
-171.122,535.633,160.554
-171.048,535.421,160.543
-170.975,535.199,160.543
-170.901,534.976,160.543
-170.827,534.754,160.554
-170.753,534.542,160.565
-170.679,534.320,160.576
-170.615,534.097,160.576
-170.541,533.886,160.576
-170.467,533.663,160.576
-170.384,533.441,160.576
-170.310,533.229,160.587
-170.236,533.007,160.598
-170.172,532.796,160.609
-170.098,532.573,160.609
-170.024,532.362,160.609
-169.950,532.139,160.598
-169.876,531.928,160.609
-169.802,531.716,160.598
-169.738,531.494,160.598
-169.664,531.282,160.609
-169.590,531.071,160.609
-169.516,530.848,160.598
-169.442,530.637,160.587
-169.369,530.414,160.576
-169.295,530.203,160.554
-169.221,529.992,160.521
-169.156,529.780,160.477
-169.082,529.569,160.422
-169.009,529.357,160.356
-168.935,529.135,160.280
-168.861,528.923,160.203
-168.787,528.712,160.126
-168.713,528.500,160.060
-168.649,528.289,160.005
-168.575,528.078,159.939
-168.501,527.866,159.884
-168.427,527.655,159.807
-168.353,527.443,159.730
-168.269,527.232,159.642
-168.205,527.021,159.543
-168.121,526.809,159.434
-168.047,526.609,159.313
-167.973,526.397,159.192
-167.900,526.186,159.071
-167.825,525.985,158.939
-167.752,525.774,158.807
-167.668,525.574,158.676
-167.594,525.362,158.544
-167.510,525.162,158.412
-167.436,524.961,158.280
-167.362,524.750,158.148
-167.279,524.549,158.027
-167.195,524.349,157.906
-167.121,524.149,157.775
-167.038,523.948,157.643
-166.954,523.748,157.500
-166.880,523.547,157.357
-166.796,523.347,157.225
-166.713,523.146,157.083
-166.639,522.946,156.962
-166.555,522.746,156.830
-166.471,522.556,156.698
-166.388,522.356,156.566
-166.304,522.155,156.434
-166.221,521.955,156.292
-166.137,521.765,156.171
-166.053,521.565,156.039
-165.970,521.376,155.918
-165.886,521.175,155.786
-165.802,520.975,155.654
-165.719,520.774,155.511
-165.626,520.585,155.380
-165.542,520.384,155.259
-165.458,520.195,155.138
-165.375,519.994,155.017
-165.282,519.805,154.885
-165.198,519.605,154.753
-165.105,519.415,154.622
-165.021,519.215,154.490
-164.928,519.025,154.358
-164.844,518.825,154.226
-164.751,518.635,154.094
-164.658,518.435,153.962
-164.565,518.245,153.853
-164.472,518.045,153.732
-164.378,517.855,153.611
-164.285,517.666,153.490
-164.192,517.465,153.369
-164.099,517.276,153.226
-164.006,517.075,153.105
-163.912,516.886,152.985
-163.819,516.685,152.864
-163.716,516.495,152.754
-163.623,516.306,152.633
-163.530,516.105,152.512
-163.427,515.916,152.391
-163.334,515.726,152.281
-163.241,515.526,152.183
-163.138,515.336,152.106
-163.045,515.147,152.040
-162.942,514.946,151.985
-162.840,514.756,151.941
-162.737,514.567,151.897
-162.644,514.377,151.864
-162.541,514.177,151.820
-162.438,513.987,151.776
-162.345,513.798,151.743
-162.242,513.597,151.710
-162.139,513.407,151.677
-162.046,513.218,151.644
-161.944,513.017,151.600
-161.841,512.828,151.556
-161.738,512.638,151.501
-161.635,512.437,151.436
-161.533,512.248,151.370
-161.430,512.058,151.293
-161.327,511.858,151.216
-161.224,511.668,151.139
-161.122,511.478,151.040
-161.019,511.278,150.952
-160.916,511.088,150.864
-160.813,510.899,150.765
-160.711,510.698,150.667
-160.598,510.508,150.579
-160.496,510.319,150.469
-160.393,510.118,150.359
-160.281,509.928,150.249
-160.178,509.739,150.128
-160.066,509.538,150.018
-159.963,509.348,149.897
-159.860,509.159,149.788
-159.748,508.969,149.678
-159.636,508.779,149.579
-159.533,508.590,149.469
-159.421,508.389,149.359
-159.308,508.199,149.249
-159.196,508.010,149.128
-159.084,507.820,149.019
-158.971,507.630,148.909
-158.869,507.441,148.810
-158.756,507.251,148.711
-158.644,507.050,148.634
-158.532,506.860,148.546
-158.419,506.671,148.480
-158.298,506.481,148.403
-158.185,506.291,148.337
-158.073,506.102,148.282
-157.961,505.912,148.228
-157.839,505.722,148.173
-157.727,505.532,148.140
-157.614,505.332,148.096
-157.502,505.142,148.074
-157.380,504.952,148.052
-157.268,504.774,148.030
-157.156,504.584,148.008
-157.034,504.394,147.986
-156.921,504.193,147.964
-156.800,504.004,147.931
-156.687,503.814,147.909
-156.575,503.624,147.887
-156.453,503.434,147.865
-156.341,503.245,147.854
-156.219,503.055,147.832
-156.107,502.865,147.821
-155.985,502.675,147.799
-155.873,502.486,147.777
-155.751,502.285,147.766
-155.639,502.095,147.744
-155.517,501.905,147.722
-155.404,501.716,147.711
-155.283,501.526,147.700
-155.170,501.336,147.700
-155.048,501.146,147.711
-154.936,500.957,147.711
-154.814,500.767,147.711
-154.702,500.577,147.722
-154.580,500.376,147.755
-154.468,500.187,147.788
-154.346,499.997,147.821
-154.224,499.807,147.865
-154.112,499.617,147.909
-153.990,499.416,147.953
-153.878,499.227,147.997
-153.766,499.037,148.052
-153.644,498.847,148.107
-153.532,498.647,148.184
-153.410,498.457,148.260
-153.298,498.256,148.337
-153.176,498.066,148.414
-153.063,497.876,148.502
-152.951,497.676,148.590
-152.829,497.486,148.667
-152.717,497.296,148.755
-152.605,497.095,148.843
-152.493,496.906,148.942
-152.371,496.705,149.030
-152.259,496.504,149.139
-152.146,496.314,149.260
-152.034,496.114,149.370
-151.922,495.924,149.502
-151.810,495.723,149.634
-151.697,495.533,149.777
-151.585,495.333,149.908
-151.473,495.132,150.051
-151.361,494.931,150.194
-151.249,494.741,150.337
-151.136,494.541,150.480
-151.024,494.340,150.623
-150.922,494.139,150.765
-150.809,493.938,150.897
-150.707,493.738,151.029
-150.595,493.537,151.161
-150.492,493.336,151.293
-150.380,493.136,151.436
-150.268,492.935,151.578
-150.165,492.734,151.710
-150.062,492.534,151.842
-149.960,492.322,151.985
-149.847,492.121,152.128
-149.745,491.920,152.271
-149.642,491.720,152.424
-149.540,491.519,152.556
-149.437,491.307,152.699
-149.334,491.095,152.842
-149.232,490.895,152.974
-149.129,490.694,153.105
-149.027,490.493,153.259
-148.924,490.282,153.402
-148.831,490.081,153.556
-148.728,489.869,153.699
-148.626,489.658,153.853
-148.523,489.446,153.995
-148.430,489.234,154.149
-148.328,489.034,154.314
-148.235,488.822,154.468
-148.132,488.610,154.622
-148.039,488.399,154.786
-147.946,488.198,154.929
-147.843,487.986,155.083
-147.750,487.775,155.237
-147.657,487.563,155.391
-147.564,487.351,155.533
-147.471,487.140,155.687
-147.378,486.928,155.852
-147.285,486.716,156.006
-147.192,486.505,156.149
-147.109,486.282,156.302
-147.016,486.070,156.445
-146.923,485.859,156.610
-146.830,485.647,156.775
-146.747,485.436,156.929
-146.654,485.224,157.094
-146.570,485.012,157.247
-146.487,484.790,157.412
-146.394,484.567,157.577
-146.311,484.356,157.753
-146.227,484.144,157.939
-146.144,483.932,158.115
-146.060,483.721,158.291
-145.967,483.498,158.456
-145.884,483.276,158.643
-145.810,483.053,158.818
-145.727,482.841,159.005
-145.634,482.619,159.192
-145.560,482.407,159.357
-145.476,482.185,159.500
-145.403,481.962,159.631
-145.319,481.751,159.752
-145.245,481.528,159.862
-145.162,481.305,159.950
-145.088,481.083,160.027
-145.005,480.860,160.093
-144.931,480.638,160.126
-144.857,480.426,160.170
-144.783,480.204,160.192
-144.709,479.992,160.214
-144.636,479.770,160.236
-144.562,479.547,160.247
-144.478,479.325,160.269
-144.404,479.113,160.302
-144.331,478.891,160.323
-144.257,478.668,160.356
-144.183,478.446,160.367
-144.109,478.223,160.389
-144.035,478.012,160.400
-143.961,477.789,160.411
-143.878,477.567,160.433
-143.804,477.344,160.444
-143.730,477.133,160.466
-143.657,476.910,160.499
-143.583,476.688,160.521
-143.509,476.465,160.532
-143.435,476.254,160.554
-143.361,476.031,160.576
-143.287,475.809,160.598
-143.214,475.586,160.620
-143.140,475.364,160.642
-143.066,475.152,160.675
-142.992,474.930,160.708
-142.918,474.707,160.752
-142.844,474.485,160.785
-142.771,474.262,160.829
-142.697,474.040,160.873
-142.632,473.828,160.928
-142.559,473.606,160.983
-142.485,473.383,161.038
-142.411,473.161,161.093
-142.337,472.949,161.136
-142.273,472.727,161.191
-142.199,472.504,161.257
-142.125,472.282,161.323
-142.051,472.070,161.389
-141.987,471.848,161.455
-141.913,471.625,161.510
-141.839,471.403,161.576
-141.775,471.192,161.631
-141.701,470.969,161.686
-141.637,470.747,161.741
-141.563,470.524,161.785
-141.489,470.302,161.829
-141.425,470.079,161.851
-141.351,469.868,161.851
-141.287,469.645,161.840
-141.213,469.423,161.829
-141.149,469.200,161.818
-141.075,468.978,161.807
-141.010,468.755,161.807
-140.937,468.533,161.807
-140.872,468.311,161.807
-140.799,468.088,161.807
-140.725,467.877,161.785
-140.660,467.654,161.763
-140.587,467.432,161.752
-140.522,467.209,161.741
-140.448,466.987,161.741
-140.375,466.764,161.752
-140.310,466.542,161.752
-140.237,466.319,161.752
-140.172,466.097,161.741
-140.098,465.874,161.752
-140.025,465.652,161.763
-139.960,465.429,161.774
-139.887,465.207,161.774
-139.813,464.984,161.785
-139.748,464.762,161.785
-139.675,464.539,161.785
-139.610,464.317,161.796
-139.537,464.094,161.807
-139.463,463.872,161.829
-139.398,463.650,161.840
-139.325,463.427,161.851
-139.260,463.205,161.851
-139.187,462.982,161.851
-139.122,462.760,161.851
-139.048,462.537,161.851
-138.975,462.315,161.862
-138.910,462.081,161.884
-138.837,461.859,161.895
-138.772,461.636,161.906
-138.699,461.414,161.906
-138.625,461.191,161.906
-138.551,460.969,161.906
-138.487,460.746,161.906
-138.422,460.524,161.917
-138.349,460.301,161.927
-138.275,460.079,161.949
-138.210,459.856,161.960
-138.137,459.623,161.971
-138.063,459.400,161.982
-137.999,459.178,161.971
-137.925,458.955,161.971
-137.851,458.733,161.982
-137.787,458.510,161.982
-137.713,458.277,162.004
-137.639,458.054,162.026
-137.575,457.832,162.037
-137.501,457.598,162.048
-137.437,457.376,162.037
-137.363,457.153,162.037
-137.289,456.931,162.037
-137.225,456.708,162.048
-137.161,456.475,162.070
-137.087,456.252,162.081
-137.013,456.019,162.103
-136.949,455.796,162.114
-136.876,455.563,162.114
-136.802,455.340,162.125
-136.737,455.118,162.125
-136.664,454.895,162.125
-136.599,454.662,162.136
-136.526,454.439,162.147
-136.452,454.206,162.158
-136.388,453.983,162.169
-136.314,453.750,162.169
-136.240,453.527,162.169
-136.176,453.294,162.180
-136.102,453.071,162.169
-136.028,452.848,162.169
-135.964,452.615,162.180
-135.890,452.392,162.180
-135.826,452.159,162.191
-135.753,451.925,162.213
-135.688,451.703,162.224
-135.614,451.480,162.235
-135.541,451.247,162.246
-135.477,451.024,162.246
-135.403,450.791,162.246
-135.339,450.568,162.246
-135.265,450.335,162.246
-135.201,450.112,162.257
-135.127,449.879,162.279
-135.063,449.656,162.290
-134.989,449.423,162.290
-134.915,449.200,162.290
-134.851,448.978,162.290
-134.777,448.744,162.279
-134.703,448.511,162.279
-134.639,448.288,162.279
-134.565,448.055,162.279
-134.501,447.832,162.279
-134.427,447.599,162.279
-134.363,447.376,162.279
-134.289,447.154,162.279
-134.216,446.920,162.268
-134.151,446.698,162.279
-134.078,446.464,162.279
-134.013,446.242,162.279
-133.940,446.008,162.279
-133.875,445.786,162.290
-133.802,445.552,162.290
-133.728,445.329,162.301
-133.664,445.096,162.301
-133.590,444.873,162.301
-133.516,444.640,162.301
-133.452,444.417,162.312
-133.378,444.184,162.312
-133.314,443.961,162.323
-133.240,443.728,162.345
-133.176,443.505,162.356
-133.102,443.283,162.367
-133.038,443.049,162.367
-132.964,442.827,162.367
-132.900,442.593,162.367
-132.826,442.360,162.367
-132.753,442.137,162.367
-132.689,441.904,162.378
-132.624,441.681,162.389
-132.551,441.448,162.411
-132.486,441.225,162.422
-132.413,440.992,162.433
-132.339,440.758,162.422
-132.275,440.536,162.422
-132.201,440.302,162.411
-132.137,440.069,162.411
-132.063,439.846,162.422
-131.999,439.613,162.433
-131.925,439.390,162.444
-131.851,439.156,162.444
-131.787,438.923,162.433
-131.713,438.700,162.411
-131.640,438.467,162.411
-131.575,438.244,162.400
-131.502,438.011,162.400
-131.437,437.777,162.400
-131.364,437.555,162.389
-131.290,437.321,162.378
-131.226,437.099,162.367
-131.152,436.865,162.345
-131.088,436.632,162.334
-131.014,436.398,162.323
-130.940,436.176,162.312
-130.867,435.942,162.290
-130.803,435.708,162.279
-130.729,435.486,162.268
-130.655,435.252,162.257
-130.591,435.019,162.246
-130.517,434.785,162.235
-130.443,434.563,162.224
-130.379,434.329,162.213
-130.305,434.096,162.202
-130.232,433.862,162.180
-130.158,433.628,162.169
-130.094,433.406,162.158
-130.020,433.172,162.158
-129.946,432.939,162.147
-129.882,432.705,162.136
-129.809,432.472,162.114
-129.735,432.249,162.092
-129.661,432.015,162.070
-129.587,431.782,162.059
-129.523,431.548,162.048
-129.450,431.315,162.037
-129.376,431.081,162.037
-129.302,430.859,162.015
-129.228,430.625,162.004
-129.155,430.391,161.982
-129.091,430.158,161.971
-129.017,429.924,161.960
-128.943,429.691,161.949
-128.869,429.468,161.938
-128.796,429.235,161.927
-128.722,429.001,161.917
-128.648,428.767,161.895
-128.575,428.534,161.884
-128.501,428.300,161.873
-128.437,428.078,161.862
-128.363,427.844,161.851
-128.289,427.611,161.851
-128.216,427.377,161.840
-128.142,427.143,161.818
-128.068,426.910,161.796
-127.994,426.687,161.774
-127.921,426.454,161.752
-127.847,426.220,161.741
-127.773,425.986,161.730
-127.700,425.753,161.719
-127.635,425.519,161.708
-127.562,425.286,161.697
-127.488,425.063,161.675
-127.414,424.830,161.664
-127.341,424.596,161.664
-127.267,424.362,161.653
-127.193,424.140,161.642
-127.119,423.906,161.631
-127.046,423.673,161.620
-126.962,423.439,161.620
-126.889,423.205,161.631
-126.815,422.972,161.631
-126.741,422.749,161.631
-126.668,422.516,161.631
-126.594,422.282,161.609
-126.520,422.048,161.598
-126.446,421.815,161.598
-126.373,421.581,161.609
-126.299,421.359,161.609
-126.225,421.125,161.631
-126.152,420.891,161.631
-126.078,420.669,161.642
-126.004,420.435,161.631
-125.930,420.202,161.631
-125.857,419.968,161.631
-125.783,419.735,161.642
-125.709,419.501,161.653
-125.636,419.278,161.675
-125.562,419.045,161.708
-125.488,418.811,161.741
-125.414,418.578,161.774
-125.341,418.344,161.796
-125.267,418.110,161.829
-125.193,417.877,161.862
-125.129,417.654,161.917
-125.055,417.421,161.982
-124.982,417.187,162.048
-124.908,416.965,162.103
-124.834,416.731,162.147
-124.770,416.509,162.191
-124.696,416.264,162.246
-124.623,416.030,162.301
-124.558,415.797,162.367
-124.485,415.563,162.422
-124.421,415.330,162.477
-124.347,415.096,162.543
-124.273,414.851,162.609
-124.209,414.629,162.664
-124.135,414.395,162.740
-124.071,414.162,162.817
-123.997,413.939,162.883
-123.924,413.706,162.938
-123.860,413.472,163.004
-123.786,413.228,163.081
-123.712,412.994,163.158
-123.648,412.761,163.224
-123.574,412.527,163.290
-123.510,412.293,163.334
-123.446,412.060,163.367
-123.372,411.826,163.389
-123.308,411.593,163.422
-123.244,411.348,163.444
-123.180,411.115,163.466
-123.106,410.881,163.488
-123.042,410.659,163.488
-122.978,410.425,163.477
-122.904,410.192,163.455
-122.840,409.958,163.444
-122.776,409.725,163.433
-122.712,409.491,163.433
-122.648,409.258,163.422
-122.584,409.024,163.422
-122.510,408.779,163.422
-122.446,408.557,163.411
-122.382,408.323,163.400
-122.317,408.090,163.389
-122.244,407.856,163.367
-122.180,407.623,163.356
-122.115,407.389,163.345
-122.042,407.156,163.334
-121.977,406.922,163.323
-121.913,406.689,163.312
-121.849,406.455,163.312
-121.785,406.222,163.290
-121.711,405.988,163.290
-121.647,405.755,163.290
-121.583,405.521,163.290
-121.509,405.288,163.279
-121.445,405.054,163.268
-121.381,404.821,163.257
-121.317,404.587,163.246
-121.253,404.354,163.246
-121.179,404.120,163.235
-121.115,403.886,163.235
-121.051,403.653,163.235
-120.977,403.430,163.224
-120.913,403.197,163.213
-120.849,402.952,163.213
-120.775,402.730,163.213
-120.711,402.496,163.213
-120.647,402.263,163.224
-120.573,402.029,163.224
-120.509,401.796,163.213
-120.445,401.562,163.202
-120.371,401.329,163.202
-120.307,401.095,163.191
-120.243,400.862,163.202
-120.178,400.628,163.213
-120.105,400.406,163.224
-120.040,400.172,163.224
-119.976,399.939,163.224
-119.903,399.705,163.213
-119.838,399.472,163.213
-119.774,399.238,163.224
-119.701,399.004,163.235
-119.636,398.771,163.246
-119.572,398.537,163.246
-119.499,398.304,163.246
-119.434,398.070,163.246
-119.370,397.837,163.246
-119.306,397.614,163.246
-119.232,397.381,163.257
-119.168,397.147,163.257
-119.104,396.914,163.268
-119.040,396.680,163.268
-118.966,396.447,163.268
-118.902,396.224,163.268
-118.838,395.991,163.279
-118.764,395.757,163.290
-118.700,395.524,163.301
-118.626,395.290,163.312
-118.562,395.057,163.312
-118.498,394.823,163.312
-118.434,394.590,163.323
-118.360,394.356,163.334
-118.296,394.123,163.345
-118.232,393.889,163.367
-118.167,393.667,163.367
-118.094,393.433,163.367
-118.029,393.199,163.367
-117.965,392.966,163.367
-117.901,392.732,163.378
-117.837,392.499,163.400
-117.763,392.265,163.433
-117.699,392.032,163.455
-117.635,391.798,163.477
-117.571,391.576,163.488
-117.497,391.331,163.499
-117.433,391.109,163.510
-117.369,390.875,163.521
-117.305,390.642,163.542
-117.240,390.408,163.575
-117.176,390.175,163.608
-117.112,389.941,163.630
-117.048,389.708,163.641
-116.984,389.474,163.652
-116.910,389.252,163.663
-116.846,389.007,163.685
-116.782,388.774,163.707
-116.718,388.540,163.729
-116.653,388.307,163.751
-116.589,388.073,163.773
-116.525,387.851,163.784
-116.461,387.617,163.806
-116.397,387.384,163.817
-116.333,387.150,163.839
-116.268,386.917,163.850
-116.204,386.683,163.872
-116.140,386.450,163.883
-116.076,386.216,163.905
-116.012,385.983,163.927
-115.948,385.749,163.938
-115.883,385.527,163.949
-115.819,385.293,163.960
-115.755,385.060,163.982
-115.691,384.826,163.993
-115.627,384.593,164.004
-115.562,384.359,164.015
-115.498,384.126,164.037
-115.434,383.892,164.059
-115.370,383.659,164.081
-115.306,383.425,164.092
-115.242,383.192,164.103
-115.187,382.959,164.114
-115.123,382.725,164.125
-115.059,382.492,164.136
-114.995,382.258,164.158
-114.930,382.036,164.191
-114.866,381.802,164.224
-114.802,381.569,164.246
-114.738,381.335,164.257
-114.683,381.102,164.257
-114.619,380.879,164.268
-114.555,380.646,164.279
-114.491,380.412,164.301
-114.426,380.179,164.323
-114.372,379.945,164.355
-114.308,379.723,164.377
-114.243,379.490,164.388
-114.179,379.256,164.399
-114.115,379.023,164.410
-114.051,378.789,164.432
-113.996,378.556,164.443
-113.932,378.322,164.465
-113.868,378.089,164.487
-113.804,377.855,164.498
-113.749,377.622,164.509
-113.685,377.388,164.520
-113.630,377.155,164.542
-113.566,376.921,164.553
-113.502,376.699,164.575
-113.438,376.465,164.597
-113.383,376.232,164.608
-113.319,375.999,164.619
-113.265,375.754,164.630
-113.200,375.521,164.641
-113.136,375.287,164.663
-113.081,375.065,164.674
-113.017,374.831,164.696
-112.953,374.598,164.707
-112.898,374.364,164.718
-112.834,374.131,164.729
-112.770,373.897,164.740
-112.716,373.664,164.762
-112.651,373.431,164.784
-112.587,373.197,164.806
-112.533,372.964,164.817
-112.468,372.730,164.817
-112.414,372.497,164.828
-112.350,372.263,164.839
-112.295,372.030,164.861
-112.231,371.796,164.883
-112.167,371.563,164.905
-112.112,371.329,164.927
-112.057,371.107,164.949
-111.993,370.874,164.949
-111.929,370.640,164.960
-111.874,370.407,164.971
-111.810,370.173,164.993
-111.756,369.940,165.015
-111.691,369.706,165.037
-111.637,369.473,165.059
-111.573,369.239,165.081
-111.518,369.006,165.092
-111.463,368.773,165.092
-111.399,368.550,165.103
-111.345,368.317,165.125
-111.280,368.083,165.146
-111.226,367.850,165.168
-111.162,367.616,165.190
-111.107,367.383,165.201
-111.052,367.150,165.223
-110.988,366.927,165.234
-110.933,366.694,165.256
-110.879,366.460,165.267
-110.815,366.227,165.289
-110.760,366.005,165.322
-110.705,365.760,165.355
-110.651,365.538,165.388
-110.586,365.304,165.421
-110.532,365.071,165.454
-110.477,364.849,165.498
-110.422,364.615,165.531
-110.358,364.382,165.575
-110.304,364.148,165.619
-110.249,363.915,165.652
-110.194,363.693,165.696
-110.140,363.459,165.740
-110.085,363.226,165.784
-110.030,363.004,165.828
-109.976,362.770,165.872
-109.921,362.537,165.916
-109.866,362.314,165.948
-109.812,362.081,165.992
-109.757,361.848,166.025
-109.702,361.625,166.080
-109.648,361.392,166.146
-109.593,361.159,166.201
-109.538,360.936,166.256
-109.484,360.703,166.311
-109.438,360.481,166.355
-109.384,360.247,166.399
-109.329,360.025,166.454
-109.274,359.792,166.498
-109.229,359.569,166.531
-109.174,359.347,166.575
-109.120,359.114,166.608
-109.075,358.891,166.630
-109.020,358.658,166.641
-108.965,358.436,166.663
-108.920,358.202,166.674
-108.865,357.980,166.696
-108.811,357.758,166.718
-108.766,357.525,166.729
-108.711,357.302,166.750
-108.666,357.080,166.761
-108.611,356.847,166.772
-108.566,356.624,166.772
-108.511,356.402,166.783
-108.466,356.180,166.794
-108.411,355.958,166.805
-108.356,355.724,166.816
-108.311,355.502,166.838
-108.256,355.280,166.849
-108.211,355.058,166.871
-108.156,354.835,166.882
-108.111,354.613,166.904
-108.057,354.391,166.915
-108.011,354.169,166.915
-107.966,353.946,166.926
-107.911,353.724,166.937
-107.866,353.502,166.937
-107.811,353.279,166.959
-107.766,353.057,166.981
-107.711,352.835,166.992
-107.666,352.624,167.014
-107.621,352.402,167.036
-107.566,352.179,167.047
-107.521,351.968,167.047
-107.476,351.746,167.047
-107.421,351.524,167.058
-107.376,351.301,167.069
-107.330,351.090,167.091
-107.275,350.879,167.102
-107.230,350.657,167.124
-107.185,350.446,167.135
-107.140,350.224,167.135
-107.085,350.012,167.135
-107.039,349.790,167.135
-106.994,349.579,167.146
-106.949,349.368,167.157
-106.904,349.146,167.179
-106.858,348.935,167.201
-106.803,348.723,167.212
-106.758,348.512,167.223
-106.713,348.290,167.223
-106.667,348.079,167.212
-106.622,347.868,167.212
-106.577,347.657,167.223
-106.531,347.446,167.234
-106.486,347.234,167.245
-106.441,347.023,167.267
-106.395,346.812,167.278
-106.350,346.612,167.278
-106.305,346.401,167.289
-106.259,346.190,167.289
-106.214,345.979,167.300
-106.169,345.779,167.311
-106.123,345.568,167.333
-106.078,345.368,167.344
-106.032,345.157,167.355
-105.987,344.945,167.366
-105.942,344.745,167.388
-105.896,344.534,167.410
-105.860,344.334,167.421
-105.815,344.134,167.443
-105.770,343.923,167.454
-105.724,343.712,167.465
-105.679,343.512,167.476
-105.643,343.312,167.487
-105.597,343.112,167.498
-105.552,342.901,167.520
-105.507,342.701,167.531
-105.471,342.501,167.552
-105.425,342.301,167.574
-105.380,342.101,167.585
-105.334,341.901,167.596
-105.289,341.690,167.585
-105.243,341.490,167.585
-105.207,341.290,167.585
-105.162,341.090,167.585
-105.117,340.890,167.607
-105.081,340.690,167.629
-105.035,340.490,167.640
-104.990,340.290,167.662
-104.935,340.034,167.673
-104.890,339.823,167.673
-104.854,339.623,167.673
-104.809,339.423,167.662
-104.773,339.223,167.673
-104.718,338.967,167.695
-104.673,338.767,167.717
-104.627,338.567,167.739
-104.591,338.367,167.750
-104.546,338.167,167.761
-104.510,337.968,167.772
-104.465,337.767,167.783
-104.410,337.512,167.794
-104.365,337.312,167.805
-104.329,337.112,167.816
-104.274,336.856,167.838
-104.229,336.656,167.849
-104.193,336.456,167.860
-104.148,336.256,167.882
-104.112,336.056,167.893
-104.066,335.856,167.893
-104.030,335.656,167.904
-103.985,335.456,167.915
-103.930,335.201,167.926
-103.885,335.001,167.937
-103.849,334.801,167.948
-103.804,334.601,167.959
-103.768,334.390,167.970
-103.722,334.190,167.981
-103.686,333.990,167.992
-103.632,333.723,168.003
-103.587,333.523,168.003
-103.551,333.323,168.014
-103.505,333.123,168.014
-103.460,332.923,168.014
-103.424,332.723,168.025
-103.379,332.512,168.036
-103.343,332.312,168.047
-103.297,332.112,168.058
-103.261,331.901,168.069
-103.216,331.701,168.080
-103.170,331.501,168.069
-103.135,331.290,168.058
-103.089,331.079,168.047
-103.053,330.879,168.025
-103.008,330.668,168.014
-102.963,330.457,168.014
-102.917,330.246,168.025
-102.881,330.035,168.036
-102.836,329.835,168.047
-102.791,329.624,168.047
-102.745,329.412,168.025
-102.710,329.201,168.014
-102.664,328.990,167.992
-102.619,328.779,167.981
-102.574,328.568,167.970
-102.528,328.357,167.970
-102.483,328.146,167.959
-102.438,327.924,167.948
-102.402,327.713,167.937
-102.356,327.501,167.926
-102.311,327.279,167.915
-102.266,327.068,167.893
-102.221,326.846,167.871
-102.175,326.635,167.860
-102.130,326.413,167.838
-102.085,326.190,167.838
-102.040,325.968,167.838
-101.994,325.757,167.827
-101.949,325.535,167.827
-101.904,325.313,167.805
-101.859,325.090,167.794
-101.814,324.868,167.783
-101.759,324.646,167.772
-101.714,324.424,167.772
-101.668,324.202,167.772
-101.623,323.979,167.761
-101.578,323.746,167.739
-101.523,323.524,167.739
-101.478,323.301,167.728
-101.433,323.079,167.717
-101.388,322.846,167.706
-101.343,322.624,167.706
-101.297,322.391,167.695
-101.252,322.157,167.695
-101.198,321.935,167.695
-101.152,321.702,167.695
-101.098,321.468,167.706
-101.053,321.235,167.706
-100.998,321.002,167.706
-100.953,320.779,167.695
-100.898,320.546,167.662
-100.853,320.313,167.629
-100.808,320.068,167.618
-100.754,319.835,167.618
-100.709,319.602,167.640
-100.654,319.368,167.662
-100.599,319.135,167.673
-100.545,318.901,167.662
-100.500,318.668,167.629
-100.454,318.435,167.585
-100.400,318.190,167.574
-100.355,317.957,167.574
-100.300,317.713,167.574
-100.255,317.479,167.585
-100.201,317.235,167.574
-100.146,316.990,167.563
-100.101,316.757,167.552
-100.047,316.513,167.542
-100.002,316.268,167.542
-99.947,316.035,167.542
-99.893,315.790,167.542
-99.848,315.546,167.542
-99.793,315.301,167.531
-99.739,315.057,167.520
-99.684,314.813,167.509
-99.639,314.579,167.509
-99.584,314.335,167.498
-99.530,314.090,167.498
-99.485,313.846,167.487
-99.430,313.601,167.487
-99.376,313.357,167.487
-99.331,313.113,167.487
-99.276,312.868,167.487
-99.222,312.624,167.498
-99.167,312.379,167.498
-99.113,312.135,167.487
-99.068,311.890,167.476
-99.013,311.646,167.476
-98.959,311.401,167.476
-98.905,311.146,167.487
-98.860,310.901,167.509
-98.805,310.657,167.520
-98.751,310.412,167.520
-98.696,310.168,167.520
-98.651,309.924,167.520
-98.597,309.679,167.520
-98.542,309.424,167.531
-98.488,309.179,167.542
-98.443,308.935,167.563
-98.388,308.690,167.574
-98.334,308.446,167.574
-98.279,308.190,167.563
-98.225,307.946,167.563
-98.180,307.701,167.574
-98.125,307.457,167.585
-98.071,307.201,167.596
-98.016,306.957,167.618
-97.962,306.712,167.618
-97.917,306.457,167.618
-97.863,306.212,167.618
-97.818,305.968,167.629
-97.763,305.724,167.640
-97.709,305.468,167.651
-97.654,305.224,167.662
-97.600,304.979,167.673
-97.555,304.735,167.673
-97.500,304.490,167.684
-97.455,304.246,167.695
-97.401,303.990,167.695
-97.346,303.746,167.706
-97.292,303.501,167.717
-97.247,303.257,167.728
-97.193,303.001,167.728
-97.138,302.757,167.739
-97.093,302.513,167.750
-97.039,302.268,167.761
-96.994,302.024,167.761
-96.939,301.779,167.750
-96.894,301.535,167.739
-96.840,301.279,167.717
-96.785,301.035,167.706
-96.740,300.790,167.695
-96.686,300.546,167.684
-96.631,300.301,167.684
-96.586,300.057,167.673
-96.532,299.824,167.651
-96.477,299.579,167.629
-96.432,299.335,167.618
-96.378,299.090,167.596
-96.333,298.846,167.585
-96.278,298.602,167.563
-96.224,298.357,167.563
-96.179,298.124,167.542
-96.124,297.879,167.520
-96.069,297.646,167.498
-96.024,297.402,167.487
-95.970,297.157,167.465
-95.915,296.913,167.454
-95.870,296.679,167.443
-95.816,296.435,167.432
-95.761,296.190,167.410
-95.707,295.957,167.399
-95.662,295.713,167.388
-95.607,295.468,167.366
-95.553,295.235,167.355
-95.508,294.990,167.344
-95.453,294.757,167.322
-95.398,294.524,167.311
-95.353,294.279,167.289
-95.299,294.035,167.267
-95.244,293.790,167.245
-95.199,293.557,167.234
-95.145,293.324,167.223
-95.090,293.090,167.201
-95.045,292.846,167.179
-94.990,292.612,167.157
-94.936,292.368,167.135
-94.881,292.134,167.113
-94.836,291.901,167.102
-94.782,291.668,167.080
-94.737,291.423,167.069
-94.682,291.190,167.047
-94.627,290.957,167.025
-94.582,290.723,167.003
-94.528,290.490,166.981
-94.473,290.257,166.970
-94.428,290.023,166.959
-94.373,289.790,166.948
-94.319,289.568,166.926
-94.264,289.334,166.904
-94.219,289.101,166.871
-94.164,288.868,166.849
-94.109,288.645,166.827
-94.064,288.412,166.816
-94.010,288.179,166.805
-93.955,287.956,166.794
-93.910,287.734,166.783
-93.855,287.501,166.761
-93.800,287.278,166.729
-93.755,287.056,166.707
-93.701,286.823,166.696
-93.646,286.600,166.674
-93.601,286.378,166.652
-93.546,286.156,166.641
-93.501,285.934,166.619
-93.446,285.711,166.597
-93.391,285.489,166.575
-93.346,285.267,166.564
-93.291,285.045,166.542
-93.236,284.822,166.531
-93.191,284.600,166.509
-93.136,284.378,166.487
-93.091,284.156,166.465
-93.036,283.944,166.454
-92.991,283.722,166.432
-92.936,283.500,166.421
-92.891,283.278,166.421
-92.836,283.066,166.410
-92.791,282.844,166.399
-92.736,282.633,166.377
-92.691,282.411,166.355
-92.636,282.199,166.322
-92.591,281.977,166.311
-92.536,281.766,166.300
-92.491,281.544,166.289
-92.436,281.333,166.289
-92.391,281.121,166.278
-92.336,280.910,166.267
-92.290,280.699,166.245
-92.236,280.477,166.223
-92.190,280.266,166.201
-92.145,280.055,166.190
-92.090,279.843,166.190
-92.045,279.643,166.179
-91.990,279.432,166.179
-91.944,279.221,166.157
-91.890,279.010,166.146
-91.844,278.799,166.124
-91.799,278.599,166.102
-91.744,278.387,166.080
-91.699,278.176,166.058
-91.644,277.976,166.047
-91.598,277.765,166.036
-91.553,277.565,166.025
-91.498,277.365,166.014
-91.452,277.154,165.992
-91.397,276.954,165.970
-91.352,276.742,165.948
-91.307,276.542,165.927
-91.252,276.342,165.916
-91.206,276.142,165.905
-91.151,275.942,165.894
-91.106,275.731,165.872
-91.060,275.531,165.850
-91.005,275.331,165.828
-90.960,275.131,165.817
-90.914,274.931,165.795
-90.869,274.731,165.773
-90.796,274.464,165.751
-90.732,274.208,165.729
-90.686,274.008,165.707
-90.641,273.808,165.685
-90.586,273.608,165.663
-90.522,273.352,165.641
-90.458,273.097,165.619
-90.413,272.897,165.597
-90.349,272.641,165.575
-90.285,272.385,165.553
-90.221,272.130,165.520
-90.157,271.874,165.487
-90.093,271.618,165.465
-90.029,271.363,165.454
-89.965,271.118,165.443
-89.901,270.862,165.421
-89.837,270.607,165.399
-89.773,270.362,165.355
-89.719,270.106,165.333
-89.655,269.862,165.311
-89.591,269.606,165.289
-89.527,269.362,165.278
-89.463,269.117,165.267
-89.399,268.873,165.234
-89.344,268.628,165.201
-89.280,268.383,165.179
-89.216,268.139,165.168
-89.161,267.905,165.146
-89.097,267.661,165.125
-89.033,267.416,165.103
-88.969,267.183,165.103
-88.905,266.949,165.092
-88.851,266.705,165.081
-88.786,266.471,165.081
-88.722,266.238,165.081
-88.668,266.004,165.092
-88.603,265.771,165.114
-88.549,265.538,165.146
-88.485,265.304,165.179
-88.430,265.071,165.223
-88.366,264.837,165.278
-88.311,264.604,165.333
-88.256,264.381,165.399
-88.192,264.159,165.454
-88.138,263.915,165.498
-88.083,263.692,165.542
-88.028,263.459,165.597
-87.974,263.237,165.641
-87.919,263.014,165.663
-87.855,262.792,165.630
-87.800,262.558,165.542
-87.745,262.336,165.432
-87.690,262.125,165.278
-87.636,261.891,165.114
-87.581,261.669,164.916
-87.526,261.447,164.707
-87.462,261.224,164.498
-87.407,261.002,164.279
-87.343,260.769,164.048
-87.279,260.546,163.806
-87.214,260.324,163.564
-87.150,260.090,163.301
-87.086,259.868,163.037
-87.012,259.634,162.751
-86.948,259.401,162.433
-86.874,259.167,162.114
-86.801,258.934,161.785
-86.727,258.700,161.444
-86.653,258.466,161.082
-86.570,258.233,160.730
-86.487,257.999,160.378
-86.404,257.754,160.027
-86.321,257.509,159.697
-86.237,257.276,159.379
-86.163,257.086,159.137
-86.071,256.853,158.829
-85.987,256.608,158.555
-85.913,256.419,158.368
-85.821,256.174,158.170
-85.746,255.984,158.049
-85.672,255.795,157.950
-85.570,255.550,157.863
-85.496,255.361,157.808
-85.422,255.172,157.764
-85.348,254.982,157.720
-85.273,254.793,157.687
-85.199,254.604,157.665
-85.125,254.414,157.654
-85.041,254.214,157.654
-84.967,254.025,157.676
-84.893,253.835,157.709
-84.809,253.646,157.742
-84.735,253.446,157.775
-84.661,253.257,157.830
-84.587,253.056,157.906
-84.503,252.867,157.994
-84.429,252.666,158.082
-84.355,252.477,158.170
-84.281,252.277,158.269
-84.207,252.076,158.346
-84.123,251.887,158.434
-84.049,251.687,158.511
-83.975,251.486,158.588
-83.901,251.286,158.687
-83.827,251.086,158.774
-83.753,250.885,158.862
-83.669,250.696,158.961
-83.595,250.496,159.049
-83.521,250.295,159.137
-83.447,250.084,159.214
-83.373,249.883,159.291
-83.299,249.672,159.379
-83.225,249.472,159.456
-83.151,249.271,159.543
-83.077,249.060,159.642
-83.003,248.860,159.730
-82.929,248.648,159.829
-82.855,248.448,159.917
-82.781,248.236,160.005
-82.707,248.025,160.093
-82.633,247.825,160.192
-82.559,247.613,160.269
-82.485,247.402,160.345
-82.411,247.190,160.433
-82.337,246.979,160.521
-82.263,246.767,160.620
-82.189,246.556,160.686
-82.125,246.345,160.763
-82.051,246.133,160.829
-81.977,245.911,160.884
-81.903,245.699,160.961
-81.829,245.488,161.049
-81.765,245.265,161.115
-81.691,245.054,161.169
-81.627,244.843,161.224
-81.553,244.620,161.290
-81.479,244.398,161.345
-81.415,244.186,161.400
-81.341,243.964,161.466
-81.267,243.741,161.532
-81.203,243.530,161.587
-81.129,243.318,161.642
-81.055,243.096,161.686
-80.991,242.873,161.741
-80.917,242.651,161.807
-80.853,242.429,161.862
-80.779,242.217,161.927
-80.705,241.995,161.982
-80.641,241.772,162.026
-80.567,241.550,162.070
-80.502,241.327,162.125
-80.429,241.105,162.180
-80.364,240.882,162.246
-80.290,240.671,162.301
-80.226,240.448,162.378
-80.162,240.215,162.444
-80.088,239.992,162.499
-80.014,239.770,162.543
-79.950,239.536,162.598
-79.886,239.314,162.664
-79.812,239.091,162.719
-79.748,238.869,162.784
-79.684,238.647,162.861
-79.610,238.413,162.927
-79.536,238.179,162.993
-79.472,237.957,163.048
-79.408,237.735,163.114
-79.343,237.501,163.191
-79.270,237.279,163.279
-79.205,237.045,163.378
-79.141,236.812,163.499
-79.077,236.589,163.619
-79.013,236.356,163.740
-78.939,236.122,163.872
-78.875,235.889,164.004
-78.820,235.655,164.147
-78.756,235.433,164.279
-78.692,235.199,164.421
-78.628,234.966,164.553
-78.564,234.732,164.685
-78.509,234.499,164.817
-78.445,234.265,164.960
-78.390,234.032,165.103
-78.326,233.798,165.245
-78.262,233.565,165.388
-78.207,233.332,165.542
-78.143,233.087,165.674
-78.089,232.854,165.806
-78.034,232.620,165.948
-77.979,232.376,166.091
-77.925,232.153,166.245
-77.870,231.909,166.388
-77.816,231.676,166.531
-77.761,231.442,166.663
-77.706,231.198,166.794
-77.652,230.964,166.937
-77.597,230.731,167.069
-77.552,230.487,167.212
-77.498,230.253,167.344
-77.443,230.020,167.487
-77.398,229.786,167.629
-77.343,229.553,167.761
-77.298,229.309,167.893
-77.244,229.075,168.025
-77.199,228.831,168.168
-77.154,228.598,168.311
-77.108,228.364,168.453
-77.063,228.120,168.596
-77.018,227.887,168.739
-76.964,227.653,168.871
-76.928,227.409,169.003
-76.883,227.176,169.135
-76.838,226.942,169.266
-76.793,226.698,169.409
-76.748,226.465,169.552
-76.713,226.221,169.684
-76.668,225.987,169.816
-76.632,225.743,169.958
-76.587,225.510,170.090
-76.552,225.265,170.222
-76.506,225.032,170.365
-76.471,224.788,170.508
-76.435,224.555,170.640
-76.390,224.310,170.771
-76.355,224.077,170.903
-76.319,223.833,171.035
-76.284,223.600,171.178
-76.258,223.355,171.310
-76.222,223.122,171.442
-76.187,222.878,171.573
-76.151,222.645,171.705
-76.126,222.401,171.837
-76.090,222.168,171.969
-76.055,221.923,172.101
-76.029,221.679,172.244
-75.993,221.446,172.375
-75.967,221.202,172.518
-75.932,220.969,172.639
-75.906,220.724,172.771
-75.880,220.491,172.892
-75.854,220.247,173.024
-75.828,220.003,173.156
-75.802,219.770,173.276
-75.776,219.526,173.408
-75.750,219.293,173.518
-75.724,219.049,173.628
-75.698,218.815,173.727
-75.672,218.571,173.804
-75.656,218.327,173.870
-75.630,218.094,173.903
-75.604,217.850,173.903
-75.587,217.606,173.881
-75.561,217.373,173.848
-75.535,217.140,173.815
-75.519,216.896,173.771
-75.493,216.663,173.727
-75.467,216.418,173.672
-75.441,216.185,173.628
-75.424,215.941,173.584
-75.398,215.708,173.540
-75.373,215.464,173.496
-75.347,215.231,173.452
-75.321,214.987,173.397
-75.295,214.754,173.353
-75.269,214.521,173.309
-75.243,214.277,173.265
-75.217,214.043,173.210
-75.191,213.799,173.145
-75.165,213.566,173.090
-75.139,213.333,173.024
-75.113,213.089,172.958
-75.087,212.856,172.892
-75.061,212.612,172.826
-75.035,212.379,172.760
-75.009,212.134,172.683
-74.983,211.901,172.606
-74.947,211.657,172.540
-74.921,211.424,172.463
-74.895,211.180,172.397
-74.860,210.947,172.343
-74.834,210.714,172.288
-74.808,210.481,172.222
-74.772,210.236,172.156
-74.746,210.003,172.101
-74.711,209.759,172.046
-74.685,209.526,172.002
-74.649,209.293,171.969
-74.623,209.060,171.936
-74.588,208.815,171.903
-74.562,208.582,171.859
-74.526,208.338,171.815
-74.500,208.105,171.782
-74.465,207.872,171.749
-74.429,207.627,171.727
-74.403,207.394,171.705
-74.368,207.161,171.694
-74.342,206.928,171.661
-74.306,206.684,171.639
-74.271,206.451,171.606
-74.235,206.206,171.595
-74.209,205.973,171.573
-74.174,205.740,171.562
-74.138,205.496,171.552
-74.112,205.263,171.530
-74.077,205.019,171.508
-74.041,204.785,171.486
-74.006,204.552,171.475
-73.980,204.308,171.453
-73.944,204.075,171.431
-73.909,203.831,171.409
-73.873,203.597,171.398
-73.838,203.364,171.376
-73.812,203.120,171.354
-73.776,202.887,171.321
-73.741,202.643,171.299
-73.705,202.409,171.277
-73.670,202.176,171.255
-73.634,201.932,171.233
-73.599,201.699,171.200
-73.572,201.466,171.167
-73.537,201.221,171.134
-73.501,200.988,171.112
-73.466,200.744,171.090
-73.430,200.511,171.068
-73.395,200.267,171.057
-73.359,200.033,171.035
-73.324,199.800,171.013
-73.288,199.556,170.980
-73.253,199.323,170.958
-73.217,199.078,170.925
-73.182,198.845,170.903
-73.146,198.612,170.881
-73.111,198.368,170.870
-73.075,198.135,170.848
-73.040,197.901,170.826
-73.004,197.668,170.815
-72.969,197.424,170.804
-72.933,197.191,170.793
-72.898,196.958,170.782
-72.862,196.713,170.771
-72.827,196.480,170.771
-72.791,196.247,170.782
-72.755,196.014,170.782
-72.720,195.781,170.782
-72.684,195.547,170.782
-72.649,195.303,170.782
-72.613,195.070,170.782
-72.578,194.837,170.782
-72.542,194.604,170.782
-72.507,194.370,170.793
-72.471,194.137,170.804
-72.436,193.904,170.815
-72.400,193.671,170.837
-72.364,193.438,170.837
-72.329,193.205,170.859
-72.293,192.971,170.859
-72.258,192.738,170.881
-72.222,192.505,170.903
-72.196,192.272,170.925
-72.161,192.039,170.947
-72.125,191.806,170.969
-72.089,191.572,171.002
-72.054,191.350,171.024
-72.018,191.117,171.046
-71.983,190.884,171.079
-71.956,190.662,171.101
-71.921,190.429,171.123
-71.885,190.196,171.156
-71.859,189.974,171.189
-71.824,189.751,171.222
-71.788,189.518,171.255
-71.762,189.296,171.277
-71.726,189.074,171.299
-71.691,188.841,171.321
-71.665,188.608,171.354
-71.629,188.386,171.387
-71.603,188.164,171.431
-71.567,187.942,171.486
-71.541,187.720,171.541
-71.505,187.498,171.584
-71.479,187.276,171.628
-71.443,187.053,171.683
-71.417,186.832,171.749
-71.381,186.609,171.815
-71.355,186.387,171.892
-71.320,186.165,171.980
-71.293,185.954,172.057
-71.267,185.732,172.145
-71.241,185.521,172.233
-71.215,185.299,172.321
-71.189,185.078,172.419
-71.162,184.867,172.529
-71.136,184.656,172.628
-71.100,184.434,172.716
-71.084,184.223,172.804
-71.057,184.012,172.892
-71.031,183.801,172.980
-71.014,183.579,173.079
-70.988,183.368,173.188
-70.962,183.157,173.298
-70.936,182.946,173.397
-70.919,182.736,173.485
-70.902,182.525,173.573
-70.876,182.325,173.661
-70.859,182.114,173.760
-70.842,181.903,173.870
-70.816,181.692,173.969
-70.799,181.493,174.078
-70.773,181.282,174.177
-70.756,181.082,174.265
-70.739,180.871,174.353
-70.722,180.672,174.430
-70.706,180.461,174.496
-70.689,180.261,174.573
-70.672,180.061,174.639
-70.655,179.862,174.705
-70.629,179.662,174.771
-70.612,179.395,174.858
-70.596,179.196,174.913
-70.579,178.996,174.957
-70.562,178.796,174.990
-70.546,178.530,175.045
-70.529,178.330,175.078
-70.512,178.131,175.133
-70.496,177.876,175.210
-70.479,177.676,175.265
-70.463,177.421,175.331
-70.447,177.154,175.397
-70.430,176.910,175.452
-70.413,176.711,175.496
-70.397,176.456,175.540
-70.381,176.200,175.594
-70.364,175.956,175.671
-70.358,175.701,175.726
-70.341,175.457,175.792
-70.325,175.213,175.858
-70.309,174.958,175.902
-70.292,174.714,175.957
-70.276,174.470,176.001
-70.269,174.226,176.078
-70.253,173.982,176.144
-70.236,173.749,176.199
-70.220,173.505,176.243
-70.213,173.261,176.331
-70.196,173.028,176.418
-70.180,172.784,176.484
-70.164,172.551,176.550
-70.157,172.307,176.616
-70.150,172.074,176.671
-70.133,171.841,176.737
-70.117,171.597,176.847
-70.110,171.364,176.990
-70.094,171.120,177.067
-70.087,170.887,177.122
-70.080,170.643,177.177
-70.073,170.410,177.253
-70.066,170.166,177.341
-70.059,169.923,177.451
-70.052,169.679,177.550
-70.045,169.435,177.627
-70.039,169.191,177.693
-70.032,168.947,177.759
-70.025,168.703,177.814
-70.009,168.448,177.858
-70.002,168.204,177.847
-69.995,167.960,177.748
-69.988,167.716,177.660
-69.981,167.461,177.572
-69.975,167.206,177.528
-69.968,166.951,177.462
-69.961,166.707,177.385
-69.954,166.474,177.297
-69.947,166.219,177.209
-69.941,165.964,177.133
-69.934,165.709,177.067
-69.927,165.465,177.023
-69.920,165.221,176.990
-69.904,164.977,176.979
-69.888,164.722,176.968
-69.881,164.467,176.924
-69.865,164.211,176.858
-69.858,163.956,176.770
-69.842,163.701,176.693
-69.835,163.435,176.649
-69.828,163.180,176.627
-69.812,162.925,176.550
-69.796,162.670,176.440
-69.780,162.404,176.309
-69.773,162.149,176.144
-69.756,161.949,176.001
-69.740,161.683,175.803
-69.733,161.428,175.605
-69.716,161.228,175.452
-69.700,161.028,175.287
-69.683,160.762,175.078
-69.667,160.562,174.913
-69.650,160.362,174.760
-69.634,160.096,174.551
-69.617,159.885,174.419
-69.600,159.686,174.287
-69.583,159.486,174.155
-69.566,159.286,174.023
-69.540,159.086,173.914
-69.523,158.865,173.815
-69.506,158.654,173.716
-69.480,158.454,173.639
-69.463,158.243,173.573
-69.437,158.043,173.507
-69.420,157.833,173.452
-69.394,157.622,173.386
-69.377,157.411,173.331
-69.360,157.200,173.287
-69.334,156.989,173.254
-69.317,156.767,173.232
-69.291,156.556,173.199
-69.265,156.345,173.167
-69.248,156.123,173.145
-69.222,155.913,173.112
-69.196,155.702,173.068
-69.169,155.491,173.013
-69.153,155.269,172.958
-69.127,155.058,172.892
-69.100,154.836,172.826
-69.074,154.614,172.738
-69.058,154.403,172.650
-69.031,154.181,172.551
-69.005,153.970,172.441
-68.979,153.759,172.321
-68.953,153.537,172.211
-68.927,153.315,172.101
-68.900,153.093,171.991
-68.874,152.871,171.881
-68.839,152.649,171.760
-68.812,152.427,171.639
-68.786,152.205,171.519
-68.751,151.983,171.387
-68.724,151.761,171.266
-68.689,151.539,171.123
-68.663,151.317,170.991
-68.627,151.095,170.848
-68.591,150.873,170.706
-68.556,150.640,170.541
-68.520,150.418,170.387
-68.494,150.185,170.233
-68.458,149.962,170.068
-68.413,149.740,169.926
-68.377,149.518,169.783
-68.342,149.285,169.640
-68.297,149.063,169.486
-68.261,148.830,169.332
-68.225,148.607,169.167
-68.180,148.385,169.003
-68.144,148.152,168.849
-68.099,147.919,168.684
-68.054,147.685,168.530
-68.009,147.463,168.376
-67.974,147.230,168.223
-67.928,147.008,168.069
-67.883,146.775,167.904
-67.838,146.541,167.750
-67.783,146.308,167.596
-67.738,146.086,167.454
-67.693,145.852,167.300
-67.639,145.619,167.157
-67.593,145.386,167.003
-67.539,145.152,166.849
-67.484,144.919,166.685
-67.439,144.686,166.531
-67.384,144.452,166.388
-67.330,144.219,166.234
-67.275,143.974,166.102
-67.221,143.741,165.959
-67.166,143.497,165.817
-67.112,143.263,165.685
-67.047,143.030,165.575
-66.993,142.785,165.454
-66.929,142.541,165.344
-66.865,142.307,165.245
-66.810,142.063,165.146
-66.746,141.818,165.070
-66.682,141.573,164.982
-66.627,141.340,164.905
-66.563,141.095,164.828
-66.499,140.840,164.773
-66.435,140.595,164.718
-66.371,140.351,164.652
-66.307,140.106,164.597
-66.243,139.861,164.531
-66.179,139.617,164.476
-66.115,139.372,164.421
-66.051,139.117,164.377
-65.978,138.872,164.323
-65.914,138.627,164.246
-65.850,138.372,164.158
-65.786,138.127,164.059
-65.712,137.882,163.949
-65.648,137.627,163.839
-65.575,137.371,163.718
-65.511,137.126,163.608
-65.437,136.871,163.499
-65.364,136.615,163.389
-65.290,136.370,163.268
-65.217,136.114,163.147
-65.143,135.859,163.026
-65.070,135.614,162.905
-64.996,135.358,162.784
-64.923,135.102,162.675
-64.850,134.847,162.576
-64.776,134.591,162.488
-64.693,134.346,162.400
-64.619,134.090,162.323
-64.537,133.834,162.268
-64.463,133.579,162.213
-64.380,133.323,162.158
-64.307,133.067,162.114
-64.224,132.811,162.070
-64.141,132.544,162.048
-64.067,132.288,162.026
-63.984,132.033,162.004
-63.901,131.777,161.982
-63.828,131.521,161.960
-63.745,131.265,161.917
-63.662,131.009,161.895
-63.579,130.731,161.873
-63.496,130.475,161.851
-63.413,130.208,161.807
-63.330,129.952,161.774
-63.247,129.697,161.730
-63.165,129.430,161.697
-63.082,129.174,161.664
-63.008,128.896,161.642
-62.926,128.629,161.609
-62.833,128.373,161.587
-62.750,128.106,161.565
-62.667,127.839,161.521
-62.584,127.583,161.488
-62.501,127.316,161.455
-62.419,127.038,161.422
-62.326,126.782,161.389
-62.243,126.515,161.367
-62.160,126.259,161.345
-62.077,125.992,161.312
-61.994,125.736,161.279
-61.902,125.458,161.257
-61.819,125.191,161.224
-61.727,124.935,161.213
-61.644,124.668,161.191
-61.571,124.413,161.169
-61.488,124.157,161.158
-61.395,123.901,161.147
-61.312,123.656,161.136
-61.229,123.411,161.136
-61.155,123.166,161.136
-61.072,122.922,161.136
-60.998,122.688,161.147
-60.925,122.454,161.169
-60.851,122.232,161.202
-60.777,122.009,161.235
-60.713,121.787,161.279
-60.639,121.575,161.301
-60.574,121.375,161.323
-60.500,121.164,161.334
-60.417,120.908,161.345
-60.362,120.708,161.378
-60.279,120.452,161.433
-60.197,120.196,161.499
-60.113,119.951,161.554
-60.030,119.706,161.576
-59.947,119.451,161.609
-59.874,119.206,161.642
-59.791,118.950,161.686
-59.717,118.705,161.752
-59.634,118.449,161.829
-59.561,118.216,161.873
-59.487,117.971,161.927
-59.404,117.726,161.982
-59.349,117.526,162.037
-59.275,117.282,162.103
-59.202,117.048,162.169
-59.128,116.803,162.235
-59.054,116.570,162.301
-58.981,116.325,162.367
-58.907,116.080,162.433
-58.824,115.835,162.521
-58.760,115.591,162.609
-58.686,115.357,162.697
-58.613,115.124,162.784
-58.539,114.879,162.850
-58.475,114.645,162.905
-58.411,114.412,162.982
-58.337,114.167,163.092
-58.273,113.934,163.213
-58.199,113.700,163.334
-58.126,113.456,163.455
-58.062,113.211,163.542
-57.998,112.977,163.608
-57.943,112.744,163.696
-57.879,112.511,163.806
-57.805,112.266,163.916
-57.741,112.021,164.004
-57.677,111.788,164.092
-57.613,111.554,164.158
-57.549,111.321,164.235
-57.484,111.087,164.323
-57.420,110.854,164.421
-57.356,110.620,164.454
-57.302,110.387,164.476
-57.237,110.153,164.487
-57.192,109.909,164.520
-57.128,109.687,164.586
-57.073,109.453,164.718
-56.981,109.219,164.784
-56.917,108.986,164.740
-56.862,108.753,164.641
-56.807,108.519,164.575
-56.743,108.297,164.542
-56.688,108.063,164.542
-56.624,107.819,164.531
-56.551,107.574,164.531
-56.487,107.341,164.498
-56.423,107.096,164.454
-56.368,106.874,164.432
-56.304,106.640,164.432
-56.249,106.385,164.443
-56.204,106.185,164.454
-56.140,105.951,164.487
-56.075,105.729,164.476
-56.011,105.484,164.454
-55.947,105.251,164.443
-55.892,105.039,164.454
-55.828,104.795,164.465
-55.764,104.572,164.476
-55.700,104.339,164.509
-55.636,104.094,164.542
-55.590,103.894,164.564
-55.526,103.650,164.597
-55.462,103.405,164.663
-55.408,103.172,164.707
-55.343,102.938,164.740
-55.288,102.738,164.762
-55.224,102.493,164.773
-55.160,102.249,164.795
-55.096,102.015,164.817
-55.032,101.771,164.806
-54.968,101.515,164.762
-54.904,101.259,164.696
-54.840,101.015,164.608
-54.786,100.781,164.509
-54.722,100.537,164.410
-54.648,100.281,164.323
-54.584,100.037,164.246
-54.520,99.781,164.191
-54.456,99.558,164.114
-54.382,99.314,164.037
-54.318,99.058,163.949
-54.245,98.802,163.872
-54.181,98.558,163.828
-54.117,98.313,163.806
-54.043,98.068,163.806
-53.970,97.813,163.795
-53.906,97.568,163.795
-53.832,97.312,163.795
-53.768,97.068,163.795
-53.695,96.823,163.751
-53.621,96.567,163.652
-53.548,96.312,163.510
-53.484,96.056,163.367
-53.420,95.811,163.246
-53.346,95.567,163.158
-53.291,95.366,163.081
-53.208,95.111,162.960
-53.135,94.855,162.828
-53.061,94.599,162.719
-52.978,94.343,162.620
-52.905,94.087,162.543
-52.832,93.832,162.488
-52.777,93.631,162.455
-52.694,93.376,162.422
-52.611,93.120,162.389
-52.556,92.920,162.367
-52.473,92.664,162.334
-52.408,92.463,162.301
-52.335,92.208,162.257
-52.270,92.007,162.235
-52.215,91.807,162.224
-52.132,91.551,162.202
-52.068,91.351,162.191
-51.985,91.095,162.169
-51.930,90.895,162.136
-51.865,90.695,162.103
-51.801,90.495,162.070
-51.736,90.294,162.037
-51.681,90.094,162.026
-51.626,89.894,162.015
-51.562,89.694,162.026
-51.497,89.494,162.026
-51.432,89.293,162.015
-51.368,89.093,161.993
-51.304,88.882,161.971
-51.239,88.682,161.971
-51.184,88.481,161.960
-51.119,88.281,161.971
-51.055,88.070,162.004
-50.991,87.870,162.037
-50.926,87.658,162.070
-50.862,87.458,162.092
-50.797,87.258,162.092
-50.733,87.058,162.092
-50.678,86.846,162.092
-50.613,86.635,162.081
-50.549,86.435,162.092
-50.484,86.223,162.114
-50.420,86.023,162.158
-50.355,85.812,162.202
-50.301,85.601,162.246
-50.227,85.389,162.279
-50.162,85.189,162.312
-50.098,84.978,162.345
-50.043,84.766,162.389
-49.978,84.555,162.433
-49.914,84.344,162.488
-49.850,84.132,162.543
-49.785,83.921,162.598
-49.721,83.710,162.653
-49.656,83.498,162.708
-49.592,83.287,162.751
-49.528,83.076,162.806
-49.463,82.864,162.861
-49.399,82.642,162.905
-49.334,82.431,162.960
-49.270,82.219,163.004
-49.215,81.997,163.037
-49.151,81.786,163.092
-49.087,81.563,163.147
-49.022,81.352,163.202
-48.958,81.130,163.235
-48.903,80.907,163.268
-48.839,80.696,163.279
-48.774,80.473,163.290
-48.710,80.251,163.301
-48.646,80.029,163.301
-48.581,79.817,163.312
-48.527,79.595,163.323
-48.462,79.373,163.334
-48.398,79.150,163.356
-48.334,78.928,163.378
-48.269,78.716,163.400
-48.205,78.494,163.411
-48.141,78.272,163.411
-48.077,78.038,163.422
-48.012,77.816,163.422
-47.948,77.593,163.400
-47.884,77.382,163.378
-47.829,77.160,163.334
-47.765,76.937,163.268
-47.700,76.715,163.191
-47.627,76.492,163.125
-47.562,76.270,163.048
-47.498,76.047,162.960
-47.443,75.825,162.861
-47.369,75.603,162.762
-47.305,75.380,162.642
-47.241,75.158,162.532
-47.177,74.935,162.411
-47.112,74.724,162.301
-47.038,74.490,162.169
-46.974,74.279,162.048
-46.900,74.057,161.927
-46.836,73.834,161.818
-46.762,73.612,161.719
-46.698,73.389,161.631
-46.624,73.178,161.565
-46.550,72.955,161.521
-46.486,72.733,161.488
-46.412,72.521,161.444
-46.338,72.299,161.411
-46.274,72.077,161.378
-46.200,71.865,161.334
-46.126,71.643,161.301
-46.062,71.420,161.312
-45.988,71.198,161.312
-45.914,70.975,161.334
-45.840,70.764,161.334
-45.766,70.552,161.334
-45.702,70.330,161.323
-45.628,70.107,161.312
-45.564,69.885,161.312
-45.490,69.662,161.323
-45.416,69.440,161.334
-45.342,69.228,161.356
-45.268,69.006,161.367
-45.204,68.783,161.378
-45.130,68.572,161.367
-45.066,68.350,161.367
-44.992,68.138,161.378
-44.918,67.916,161.400
-44.854,67.693,161.433
-44.780,67.471,161.466
-44.706,67.248,161.510
-44.632,67.037,161.543
-44.568,66.814,161.565
-44.494,66.603,161.587
-44.430,66.381,161.620
-44.356,66.158,161.653
-44.292,65.936,161.686
-44.218,65.724,161.730
-44.144,65.502,161.785
-44.080,65.279,161.829
-44.006,65.057,161.862
-43.941,64.845,161.895
-43.868,64.623,161.927
-43.803,64.400,161.960
-43.729,64.189,162.004
-43.665,63.967,162.048
-43.591,63.744,162.103
-43.527,63.522,162.147
-43.463,63.299,162.180
-43.389,63.077,162.224
-43.325,62.865,162.268
-43.260,62.643,162.323
-43.196,62.421,162.389
-43.122,62.198,162.444
-43.058,61.987,162.488
-42.993,61.764,162.521
-42.920,61.542,162.532
-42.855,61.319,162.532
-42.791,61.097,162.521
-42.727,60.875,162.510
-42.662,60.652,162.499
-42.589,60.441,162.466
-42.524,60.218,162.433
-42.460,60.007,162.389
-42.396,59.773,162.345
-42.331,59.562,162.301
-42.257,59.340,162.268
-42.193,59.117,162.235
-42.129,58.895,162.213
-42.065,58.683,162.202
-41.991,58.461,162.169
-41.926,58.250,162.136
-41.852,58.027,162.103
-41.788,57.805,162.059
-41.714,57.582,162.026
-41.650,57.360,162.004
-41.576,57.137,161.971
-41.512,56.915,161.949
-41.448,56.703,161.927
-41.374,56.492,161.895
-41.309,56.270,161.862
-41.236,56.047,161.829
-41.162,55.836,161.807
-41.097,55.613,161.763
-41.023,55.391,161.741
-40.959,55.168,161.708
-40.885,54.946,161.664
-40.821,54.734,161.631
-40.747,54.512,161.587
-40.683,54.290,161.554
-40.609,54.078,161.521
-40.545,53.856,161.499
-40.471,53.633,161.477
-40.397,53.411,161.455
-40.333,53.199,161.433
-40.259,52.977,161.389
-40.185,52.754,161.367
-40.121,52.543,161.334
-40.047,52.320,161.312
-39.982,52.109,161.290
-39.909,51.887,161.257
-39.835,51.664,161.235
-39.761,51.442,161.202
-39.687,51.219,161.169
-39.623,51.008,161.136
-39.549,50.785,161.115
-39.475,50.563,161.093
-39.411,50.351,161.082
-39.337,50.129,161.060
-39.263,49.906,161.038
-39.189,49.695,161.016
-39.115,49.472,160.983
-39.041,49.250,160.950
-38.967,49.038,160.939
-38.903,48.816,160.928
-38.829,48.604,160.906
-38.755,48.382,160.895
-38.682,48.159,160.873
-38.608,47.948,160.851
-38.534,47.726,160.829
-38.460,47.514,160.818
-38.386,47.292,160.829
-38.312,47.069,160.829
-38.238,46.847,160.840
-38.174,46.635,160.840
-38.100,46.424,160.840
-38.026,46.201,160.840
-37.952,45.990,160.851
-37.878,45.778,160.862
-37.805,45.556,160.895
-37.740,45.345,160.917
-37.666,45.122,160.928
-37.593,44.899,160.950
-37.519,44.688,160.961
-37.445,44.477,160.983
-37.380,44.254,161.005
-37.306,44.043,161.027
-37.233,43.820,161.060
-37.159,43.609,161.104
-37.085,43.386,161.147
-37.011,43.175,161.180
-36.947,42.952,161.202
-36.873,42.741,161.224
-36.808,42.519,161.246
-36.744,42.307,161.279
-36.670,42.085,161.345
-36.606,41.873,161.411
-36.532,41.651,161.466
-36.458,41.439,161.521
-36.384,41.228,161.576
-36.320,41.006,161.609
-36.255,40.794,161.642
-36.191,40.572,161.686
-36.127,40.361,161.730
-36.053,40.138,161.763
-35.979,39.927,161.785
-35.915,39.704,161.796
-35.841,39.493,161.796
-35.776,39.281,161.774
-35.702,39.070,161.741
-35.638,38.848,161.697
-35.574,38.636,161.653
-35.509,38.414,161.598
-35.435,38.202,161.543
-35.371,37.991,161.488
-35.297,37.780,161.422
-35.233,37.568,161.356
-35.159,37.357,161.279
-35.085,37.145,161.213
-35.020,36.934,161.158
-34.946,36.723,161.093
-34.873,36.500,161.038
-34.808,36.289,160.972
-34.734,36.077,160.917
-34.660,35.866,160.862
-34.586,35.654,160.818
-34.522,35.443,160.774
-34.448,35.232,160.719
-34.374,35.020,160.686
-34.310,34.809,160.653
-34.236,34.597,160.631
-34.162,34.386,160.631
-34.097,34.175,160.642
-34.024,33.963,160.642
-33.940,33.752,160.642
-33.876,33.540,160.653
-33.802,33.329,160.653
-33.728,33.118,160.664
-33.654,32.895,160.664
-33.580,32.684,160.686
-33.516,32.472,160.697
-33.442,32.261,160.730
-33.368,32.060,160.752
-33.303,31.849,160.763
-33.229,31.627,160.785
-33.155,31.415,160.818
-33.091,31.215,160.851
-33.017,31.004,160.884
-32.953,30.792,160.928
-32.879,30.581,160.983
-32.814,30.369,161.038
-32.740,30.158,161.082
-32.666,29.947,161.125
-32.602,29.735,161.180
-32.528,29.524,161.246
-32.464,29.312,161.301
-32.390,29.101,161.367
-32.325,28.890,161.433
-32.261,28.678,161.488
-32.196,28.467,161.565
-32.122,28.256,161.642
-32.058,28.044,161.697
-31.994,27.844,161.763
-31.929,27.633,161.829
-31.855,27.410,161.906
-31.791,27.210,161.982
-31.726,26.999,162.059
-31.662,26.787,162.125
-31.598,26.576,162.180
-31.533,26.365,162.213
-31.469,26.153,162.235
-31.404,25.942,162.235
-31.340,25.731,162.235
-31.276,25.519,162.246
-31.202,25.308,162.257
-31.137,25.097,162.279
-31.073,24.885,162.301
-31.008,24.674,162.312
-30.944,24.463,162.312
-30.879,24.262,162.312
-30.815,24.051,162.312
-30.760,23.829,162.323
-30.686,23.617,162.334
-30.622,23.417,162.345
-30.557,23.206,162.367
-30.493,22.994,162.378
-30.429,22.783,162.378
-30.374,22.572,162.389
-30.309,22.360,162.389
-30.245,22.149,162.400
-30.180,21.938,162.411
-30.116,21.737,162.422
-30.052,21.526,162.422
-29.987,21.315,162.411
-29.923,21.104,162.389
-29.858,20.892,162.356
-29.794,20.681,162.323
-29.729,20.470,162.312
-29.665,20.269,162.301
-29.601,20.058,162.290
-29.536,19.847,162.279
-29.472,19.635,162.257
-29.407,19.424,162.235
-29.343,19.213,162.202
-29.279,19.001,162.180
-29.214,18.790,162.158
-29.150,18.590,162.147
-29.085,18.378,162.136
-29.021,18.167,162.125
-28.947,17.956,162.114
-28.882,17.755,162.092
-28.818,17.533,162.059
-28.754,17.322,162.026
-28.689,17.121,161.993
-28.625,16.910,161.971
-28.560,16.699,161.960
-28.496,16.487,161.938
-28.431,16.276,161.927
-28.357,16.065,161.906
-28.293,15.853,161.895
-28.229,15.642,161.895
-28.164,15.431,161.895
-28.100,15.230,161.917
-28.035,15.019,161.938
-27.971,14.797,161.949
-27.897,14.585,161.960
-27.833,14.374,161.993
-27.768,14.163,162.026
-27.704,13.962,162.059
-27.639,13.751,162.092
-27.575,13.540,162.136
-27.501,13.328,162.180
-27.437,13.117,162.213
-27.372,12.906,162.246
-27.308,12.694,162.279
-27.243,12.483,162.301
-27.179,12.272,162.334
-27.115,12.049,162.378
-27.050,11.838,162.422
-26.986,11.626,162.477
-26.921,11.415,162.532
-26.857,11.204,162.565
-26.793,10.992,162.587
-26.728,10.781,162.598
-26.664,10.570,162.620
-26.599,10.358,162.653
-26.535,10.147,162.686
-26.471,9.925,162.729
-26.406,9.713,162.762
-26.342,9.502,162.784
-26.278,9.291,162.784
-26.213,9.079,162.773
-26.158,8.857,162.751
-26.094,8.646,162.740
-26.030,8.434,162.729
-25.965,8.223,162.719
-25.901,8.012,162.708
-25.836,7.800,162.686
-25.772,7.578,162.653
-25.708,7.367,162.609
-25.643,7.155,162.565
-25.579,6.944,162.521
-25.515,6.722,162.488
-25.441,6.510,162.433
-25.386,6.299,162.400
-25.312,6.088,162.356
-25.247,5.876,162.312
-25.183,5.654,162.268
-25.119,5.442,162.224
-25.054,5.231,162.180
-24.990,5.020,162.136
-24.916,4.797,162.081
-24.852,4.586,162.026
-24.787,4.375,161.971
-24.723,4.163,161.917
-24.658,3.952,161.862
-24.584,3.741,161.829
-24.520,3.529,161.796
-24.456,3.296,161.774
-24.391,3.084,161.774
-24.318,2.873,161.796
-24.253,2.673,161.785
-24.189,2.461,161.752
-24.124,2.250,161.719
-24.060,2.039,161.719
-23.995,1.827,161.719
-23.931,1.616,161.763
-23.857,1.405,161.840
-23.783,1.204,161.895
-23.719,0.993,161.917
-23.654,0.782,161.917
-23.590,0.581,161.906
-23.525,0.381,161.895
-23.461,0.170,161.895
-23.396,-0.042,161.906
-23.332,-0.242,161.938
-23.267,-0.453,161.971
-23.203,-0.653,162.004
-23.138,-0.854,162.026
-23.074,-1.065,162.048
-23.019,-1.265,162.059
-22.954,-1.465,162.081
-22.890,-1.677,162.114
-22.825,-1.877,162.147
-22.761,-2.077,162.191
-22.696,-2.277,162.224
-22.641,-2.478,162.257
-22.577,-2.689,162.290
-22.512,-2.889,162.301
-22.457,-3.089,162.312
-22.393,-3.290,162.323
-22.328,-3.490,162.345
-22.273,-3.690,162.367
-22.209,-3.890,162.378
-22.144,-4.090,162.378
-22.080,-4.291,162.356
-22.025,-4.491,162.323
-21.960,-4.691,162.279
-21.905,-4.891,162.246
-21.841,-5.091,162.224
-21.758,-5.347,162.191
-21.693,-5.548,162.158
-21.638,-5.748,162.125
-21.555,-6.004,162.092
-21.500,-6.204,162.070
-21.417,-6.460,162.048
-21.362,-6.660,162.026
-21.288,-6.849,161.993
-21.233,-7.049,161.960
-21.150,-7.305,161.917
-21.067,-7.550,161.862
-21.012,-7.750,161.818
-20.929,-8.006,161.785
-20.856,-8.262,161.752
-20.772,-8.506,161.719
-20.689,-8.762,161.697
-20.616,-9.007,161.675
-20.533,-9.263,161.642
-20.450,-9.508,161.620
-20.376,-9.752,161.587
-20.293,-9.997,161.576
-20.220,-10.242,161.598
-20.146,-10.475,161.631
-20.072,-10.709,161.675
-19.998,-10.931,161.730
-19.934,-11.143,161.796
-19.860,-11.365,161.873
-19.796,-11.566,161.938
-19.731,-11.777,162.015
-19.667,-11.988,162.114
-19.602,-12.211,162.246
-19.538,-12.422,162.411
-19.464,-12.633,162.631
-19.409,-12.834,162.850
-19.345,-13.045,163.081
-19.280,-13.267,163.323
-19.225,-13.467,163.586
-19.161,-13.679,163.861
-19.106,-13.890,164.136
-19.051,-14.090,164.410
-18.996,-14.301,164.685
-18.941,-14.513,164.971
-18.886,-14.713,165.267
-18.841,-14.924,165.553
-18.786,-15.124,165.828
-18.741,-15.335,166.102
-18.686,-15.546,166.344
-18.650,-15.746,166.575
-18.604,-15.946,166.794
-18.559,-16.146,166.981
-18.504,-16.358,167.113
-18.459,-16.558,167.168
-18.413,-16.758,167.135
-18.377,-16.958,167.036
-18.332,-17.158,166.882
-18.286,-17.358,166.685
-18.241,-17.558,166.454
-18.186,-17.802,166.157
-18.122,-18.047,165.872
-18.068,-18.280,165.608
-18.022,-18.480,165.432
-17.958,-18.714,165.223
-17.913,-18.914,165.070
-17.848,-19.147,164.905
-17.784,-19.381,164.729
-17.739,-19.581,164.575
-17.675,-19.814,164.355
-17.610,-20.048,164.158
-17.556,-20.270,163.949
-17.492,-20.504,163.762
-17.427,-20.737,163.586
-17.363,-20.959,163.367
-17.299,-21.182,163.048
-17.225,-21.404,162.653
-17.161,-21.638,162.180
-17.096,-21.849,161.631
-17.022,-22.061,161.027
-16.958,-22.272,160.345
-16.875,-22.495,159.565
-16.801,-22.706,158.698
-16.727,-22.906,157.720
-16.643,-23.107,156.643
-16.559,-23.307,155.479
-16.466,-23.519,154.039
-16.364,-23.731,152.633
-16.261,-23.909,151.348
-16.168,-24.088,150.007
-16.055,-24.277,148.315
-15.943,-24.467,146.711
-15.821,-24.657,145.085
-15.690,-24.836,143.295
-15.558,-25.014,141.361
-15.417,-25.182,139.274
-15.285,-25.339,137.153
-15.134,-25.485,135.022
-14.974,-25.642,132.539
-14.814,-25.799,130.177
-14.634,-25.934,127.837
-14.473,-26.057,125.574
-14.294,-26.181,123.289
-14.114,-26.305,120.992
-13.934,-26.396,118.828
-13.744,-26.509,116.345
-13.554,-26.599,114.071
-13.355,-26.690,111.599
-13.165,-26.759,109.336
-12.966,-26.828,106.853
-12.747,-26.897,104.238
-12.548,-26.943,101.788
-12.338,-26.979,99.229
-12.119,-27.014,96.548
-11.910,-27.039,94.175
-11.710,-27.041,91.681
-11.491,-27.055,88.956
-11.271,-27.046,86.034
-11.052,-27.026,82.892
-10.823,-26.995,79.618
-10.603,-26.953,76.300
-10.373,-26.889,72.971
-10.153,-26.814,69.598
-9.952,-26.728,66.182
-9.761,-26.652,63.259
-9.559,-26.533,59.854
-9.377,-26.435,56.898
-9.213,-26.315,53.899
-9.050,-26.195,50.889
-8.896,-26.063,47.856
-8.742,-25.921,44.802
-8.597,-25.778,41.737
-8.462,-25.614,38.650
-8.336,-25.449,35.574
-8.211,-25.284,32.574
-8.104,-25.097,29.608
-8.006,-24.909,26.642
-7.909,-24.722,23.708
-7.830,-24.512,20.874
-7.742,-24.302,18.073
-7.683,-24.092,15.304
-7.623,-23.882,12.601
-7.573,-23.661,9.954
-7.542,-23.462,7.789
-7.511,-23.241,5.284
-7.490,-23.008,2.911
-7.487,-22.764,0.670
-7.484,-22.520,358.528
-7.491,-22.310,356.814
-7.498,-22.066,354.880
-7.525,-21.855,353.386
-7.541,-21.644,351.991
-7.577,-21.433,350.717
-7.613,-21.211,349.574
-7.648,-20.989,348.541
-7.694,-20.778,347.651
-7.739,-20.544,346.893
-7.794,-20.322,346.278
-7.848,-20.100,345.773
-7.903,-19.878,345.322
-7.967,-19.644,344.916
-8.022,-19.411,344.542
-8.086,-19.177,344.191
-8.150,-18.944,343.883
-8.214,-18.710,343.575
-8.269,-18.510,343.356
-8.343,-18.276,343.114
-8.398,-18.076,342.927
-8.472,-17.832,342.708
-8.527,-17.631,342.554
-8.600,-17.387,342.400
-8.665,-17.187,342.301
-8.729,-16.986,342.191
-8.794,-16.786,342.103
-8.858,-16.586,342.037
-8.923,-16.374,341.993
-8.987,-16.174,341.971
-9.052,-15.963,341.982
-9.116,-15.752,342.037
-9.181,-15.540,342.103
-9.255,-15.340,342.202
-9.319,-15.117,342.301
-9.383,-14.906,342.400
-9.448,-14.684,342.499
-9.522,-14.472,342.598
-9.586,-14.250,342.697
-9.650,-14.027,342.806
-9.714,-13.805,342.916
-9.788,-13.583,343.026
-9.853,-13.360,343.147
-9.917,-13.127,343.268
-9.981,-12.904,343.389
-10.055,-12.671,343.499
-10.119,-12.437,343.608
-10.183,-12.204,343.707
-10.247,-11.981,343.806
-10.311,-11.737,343.905
-10.385,-11.503,344.015
-10.449,-11.258,344.125
-10.513,-11.025,344.224
-10.577,-10.791,344.312
-10.641,-10.547,344.377
-10.705,-10.291,344.443
-10.779,-10.046,344.509
-10.843,-9.802,344.608
-10.907,-9.557,344.707
-10.971,-9.313,344.795
-11.035,-9.057,344.850
-11.099,-8.812,344.894
-11.172,-8.557,344.938
-11.236,-8.301,344.993
-11.300,-8.045,345.037
-11.355,-7.845,345.070
-11.419,-7.590,345.081
-11.483,-7.334,345.081
-11.547,-7.078,345.070
-11.602,-6.878,345.059
-11.648,-6.678,345.037
-11.703,-6.478,345.004
-11.758,-6.278,344.949
-11.803,-6.078,344.883
-11.876,-5.822,344.762
-11.922,-5.622,344.641
-11.977,-5.422,344.509
-12.032,-5.222,344.388
-12.077,-5.022,344.257
-12.151,-4.766,344.081
-12.224,-4.510,343.916
-12.298,-4.254,343.751
-12.362,-4.021,343.586
-12.426,-3.776,343.433
-12.500,-3.543,343.279
-12.555,-3.331,343.158
-12.619,-3.120,343.048
-12.683,-2.920,342.949
-12.757,-2.675,342.828
-12.821,-2.442,342.708
-12.885,-2.219,342.609
-12.950,-2.008,342.543
-13.014,-1.808,342.477
-13.079,-1.607,342.389
-13.134,-1.407,342.301
-13.198,-1.207,342.213
-13.263,-0.985,342.125
-13.337,-0.762,342.037
-13.401,-0.540,341.971
-13.475,-0.317,341.938
-13.548,-0.095,341.884
-13.613,0.106,341.840
-13.677,0.317,341.818
-13.742,0.517,341.796
-13.806,0.717,341.752
-13.861,0.918,341.708
-13.926,1.118,341.642
-13.991,1.318,341.598
-14.055,1.518,341.554
