107.749,-476.656,68.983
107.749,-476.645,68.994
107.758,-476.645,69.005
107.768,-476.646,69.016
107.777,-476.646,69.049
107.768,-476.646,69.060
107.777,-476.646,69.082
107.777,-476.635,69.126
107.787,-476.635,69.137
107.797,-476.635,69.159
107.806,-476.624,69.181
107.816,-476.624,69.181
107.825,-476.624,69.214
107.835,-476.624,69.236
107.835,-476.613,69.247
107.844,-476.613,69.258
107.854,-476.613,69.291
107.864,-476.602,69.302
107.883,-476.602,69.324
107.892,-476.603,69.357
107.892,-476.591,69.379
107.902,-476.592,69.401
107.911,-476.592,69.423
107.921,-476.581,69.467
107.931,-476.581,69.500
107.950,-476.570,69.521
107.969,-476.570,69.543
107.978,-476.570,69.565
107.988,-476.559,69.620
107.998,-476.559,69.642
108.007,-476.559,69.675
108.017,-476.548,69.730
108.026,-476.549,69.774
108.045,-476.538,69.807
108.065,-476.538,69.840
108.074,-476.527,69.884
108.084,-476.527,69.917
108.093,-476.527,69.961
108.103,-476.527,70.005
108.112,-476.516,70.060
108.122,-476.516,70.104
108.141,-476.506,70.214
108.160,-476.506,70.269
108.170,-476.495,70.323
108.179,-476.495,70.378
108.189,-476.495,70.444
108.199,-476.484,70.510
108.208,-476.484,70.576
108.218,-476.484,70.642
108.227,-476.484,70.708
108.237,-476.473,70.785
108.246,-476.473,70.862
108.266,-476.463,70.939
108.285,-476.463,71.016
108.294,-476.452,71.093
108.304,-476.452,71.169
108.313,-476.452,71.257
108.323,-476.452,71.345
108.333,-476.441,71.433
108.342,-476.441,71.532
108.361,-476.441,71.620
108.371,-476.430,71.719
108.390,-476.431,71.829
108.400,-476.420,71.927
108.419,-476.420,72.037
108.428,-476.420,72.158
108.438,-476.409,72.279
108.447,-476.409,72.389
108.457,-476.409,72.521
108.467,-476.398,72.642
108.476,-476.398,72.773
108.495,-476.399,72.905
108.514,-476.388,73.048
108.524,-476.388,73.191
108.533,-476.388,73.334
108.553,-476.377,73.477
108.562,-476.377,73.630
108.572,-476.377,73.784
108.581,-476.366,73.938
108.591,-476.366,74.103
108.600,-476.366,74.268
108.620,-476.356,74.443
108.639,-476.356,74.619
108.648,-476.356,74.795
108.658,-476.345,74.982
108.677,-476.345,75.168
108.686,-476.345,75.355
108.696,-476.345,75.553
108.706,-476.334,75.751
108.715,-476.334,75.948
108.734,-476.335,76.146
108.744,-476.324,76.355
108.763,-476.324,76.564
108.772,-476.324,76.772
108.791,-476.324,76.992
108.801,-476.313,77.201
108.811,-476.313,77.421
108.830,-476.314,77.640
108.839,-476.314,77.871
108.849,-476.303,78.102
108.858,-476.303,78.333
108.878,-476.303,78.563
108.897,-476.303,78.805
108.906,-476.303,79.047
108.925,-476.292,79.288
108.935,-476.293,79.530
108.944,-476.293,79.783
108.963,-476.293,80.035
108.973,-476.282,80.288
108.992,-476.282,80.541
109.002,-476.282,80.793
109.021,-476.282,81.057
109.040,-476.283,81.310
109.049,-476.283,81.573
109.069,-476.272,81.837
109.078,-476.272,82.101
109.097,-476.272,82.365
109.107,-476.272,82.628
109.116,-476.272,82.903
109.135,-476.273,83.167
109.145,-476.262,83.441
109.164,-476.262,83.716
109.183,-476.262,83.990
109.202,-476.262,84.265
109.212,-476.262,84.540
109.231,-476.263,84.814
109.240,-476.263,85.100
109.259,-476.263,85.375
109.269,-476.252,85.660
109.288,-476.252,85.946
109.298,-476.252,86.232
109.317,-476.252,86.528
109.336,-476.253,86.814
109.355,-476.253,87.111
109.364,-476.253,87.407
109.383,-476.253,87.704
109.393,-476.253,88.000
109.412,-476.253,88.297
109.431,-476.254,88.605
109.441,-476.254,88.912
109.460,-476.254,89.220
109.479,-476.254,89.539
109.498,-476.254,89.846
109.507,-476.254,90.154
109.526,-476.255,90.472
109.536,-476.255,90.791
109.555,-476.255,91.099
109.574,-476.255,91.417
109.584,-476.255,91.736
109.603,-476.256,92.065
109.622,-476.256,92.384
109.631,-476.256,92.714
109.650,-476.267,93.054
109.669,-476.267,93.384
109.688,-476.268,93.724
109.698,-476.268,94.065
109.717,-476.268,94.395
109.736,-476.268,94.735
109.746,-476.268,95.076
109.765,-476.268,95.416
109.784,-476.269,95.757
109.803,-476.280,96.097
109.822,-476.280,96.438
109.831,-476.280,96.779
109.850,-476.280,97.119
109.869,-476.281,97.460
109.888,-476.292,97.800
109.898,-476.292,98.152
109.917,-476.292,98.492
109.936,-476.292,98.844
109.955,-476.304,99.196
109.974,-476.304,99.547
109.983,-476.304,99.899
110.002,-476.315,100.261
110.021,-476.316,100.613
110.041,-476.316,100.964
110.050,-476.316,101.327
110.069,-476.327,101.678
110.088,-476.327,102.030
110.107,-476.328,102.393
110.126,-476.339,102.755
110.145,-476.339,103.118
110.155,-476.350,103.480
110.174,-476.351,103.854
110.193,-476.362,104.216
110.212,-476.362,104.590
110.231,-476.362,104.963
110.250,-476.374,105.337
110.259,-476.374,105.710
110.278,-476.385,106.084
110.297,-476.385,106.469
110.316,-476.396,106.842
110.335,-476.397,107.227
110.354,-476.408,107.600
110.373,-476.408,107.985
110.383,-476.419,108.358
110.402,-476.420,108.743
110.421,-476.431,109.116
110.440,-476.431,109.490
110.459,-476.442,109.874
110.478,-476.454,110.248
110.497,-476.454,110.632
110.506,-476.465,111.017
110.525,-476.476,111.401
110.544,-476.477,111.786
110.563,-476.488,112.170
110.582,-476.499,112.566
110.601,-476.499,112.961
110.620,-476.511,113.357
110.629,-476.522,113.752
110.648,-476.533,114.148
110.667,-476.544,114.554
110.686,-476.556,114.961
110.705,-476.556,115.367
110.724,-476.567,115.785
110.743,-476.578,116.202
110.762,-476.590,116.620
110.781,-476.590,117.048
110.800,-476.601,117.477
110.810,-476.612,117.916
110.828,-476.624,118.345
110.847,-476.635,118.773
110.866,-476.646,119.202
110.885,-476.658,119.630
110.904,-476.669,120.048
110.923,-476.680,120.465
110.933,-476.691,120.883
110.952,-476.703,121.300
110.971,-476.714,121.718
110.989,-476.725,122.124
111.008,-476.737,122.542
111.027,-476.748,122.959
111.046,-476.759,123.387
111.065,-476.770,123.816
111.075,-476.782,124.244
111.094,-476.793,124.684
111.113,-476.804,125.123
111.131,-476.827,125.574
111.150,-476.838,126.013
111.169,-476.849,126.464
111.179,-476.860,126.914
111.198,-476.872,127.365
111.216,-476.894,127.815
111.226,-476.905,128.254
111.245,-476.917,128.705
111.264,-476.928,129.144
111.283,-476.939,129.573
111.301,-476.962,130.012
111.311,-476.973,130.441
111.330,-476.984,130.869
111.349,-477.006,131.298
111.368,-477.018,131.726
111.377,-477.040,132.166
111.396,-477.051,132.594
111.415,-477.063,133.022
111.424,-477.085,133.451
111.443,-477.096,133.890
111.462,-477.107,134.319
111.471,-477.130,134.747
111.490,-477.141,135.176
111.509,-477.163,135.604
111.518,-477.175,136.022
111.537,-477.197,136.428
111.556,-477.208,136.835
111.565,-477.230,137.241
111.584,-477.242,137.648
111.603,-477.264,138.054
111.613,-477.286,138.472
111.631,-477.298,138.878
111.641,-477.320,139.296
111.660,-477.331,139.702
111.669,-477.354,140.120
111.688,-477.376,140.526
111.697,-477.398,140.933
111.716,-477.410,141.339
111.725,-477.432,141.746
111.744,-477.454,142.141
111.763,-477.465,142.526
111.772,-477.488,142.910
111.782,-477.510,143.295
111.801,-477.521,143.657
111.810,-477.544,144.031
111.819,-477.566,144.382
111.838,-477.588,144.734
111.847,-477.610,145.085
111.866,-477.622,145.426
111.876,-477.644,145.778
111.885,-477.666,146.129
111.904,-477.689,146.481
111.913,-477.711,146.832
111.932,-477.722,147.184
111.941,-477.745,147.546
111.950,-477.778,147.898
111.960,-477.789,148.260
111.979,-477.811,148.623
111.988,-477.834,148.986
111.997,-477.856,149.337
112.016,-477.878,149.689
112.025,-477.901,150.029
112.035,-477.923,150.370
112.053,-477.945,150.699
112.063,-477.968,151.018
112.072,-477.990,151.348
112.081,-478.012,151.655
112.091,-478.034,151.952
112.109,-478.057,152.249
112.119,-478.079,152.523
112.128,-478.101,152.798
112.137,-478.124,153.073
112.156,-478.146,153.336
112.165,-478.168,153.600
112.175,-478.191,153.853
112.184,-478.213,154.105
112.193,-478.235,154.358
112.203,-478.257,154.611
112.221,-478.291,154.852
112.231,-478.313,155.094
112.240,-478.335,155.336
112.249,-478.358,155.566
112.258,-478.380,155.808
112.268,-478.402,156.039
112.277,-478.424,156.270
112.286,-478.458,156.500
112.295,-478.480,156.720
112.305,-478.502,156.929
112.314,-478.525,157.148
112.323,-478.547,157.346
112.333,-478.569,157.555
112.342,-478.603,157.742
112.361,-478.625,157.939
112.370,-478.647,158.126
112.370,-478.669,158.313
112.379,-478.703,158.500
112.388,-478.725,158.687
112.397,-478.747,158.873
112.416,-478.770,159.060
112.425,-478.803,159.247
112.435,-478.825,159.434
112.444,-478.848,159.620
112.453,-478.881,159.807
112.453,-478.903,159.994
112.462,-478.925,160.181
112.471,-478.948,160.356
112.481,-478.981,160.532
112.490,-479.003,160.708
112.499,-479.025,160.884
112.508,-479.059,161.060
112.518,-479.081,161.224
112.527,-479.103,161.400
112.536,-479.137,161.565
112.545,-479.159,161.730
112.555,-479.181,161.895
112.554,-479.215,162.059
112.564,-479.237,162.224
112.573,-479.259,162.389
112.582,-479.292,162.554
112.591,-479.315,162.719
112.591,-479.337,162.883
112.600,-479.370,163.048
112.610,-479.393,163.213
112.619,-479.426,163.378
112.628,-479.448,163.542
112.628,-479.470,163.707
112.637,-479.504,163.872
112.646,-479.526,164.026
112.655,-479.559,164.191
112.665,-479.582,164.344
112.664,-479.604,164.498
112.674,-479.637,164.641
112.683,-479.659,164.784
112.692,-479.693,164.927
112.692,-479.715,165.070
112.701,-479.737,165.201
112.710,-479.771,165.322
112.720,-479.793,165.454
112.719,-479.815,165.586
112.728,-479.848,165.707
112.738,-479.871,165.839
112.737,-479.904,165.959
112.747,-479.926,166.080
112.756,-479.959,166.201
112.756,-479.982,166.311
112.765,-480.015,166.432
112.774,-480.037,166.553
112.774,-480.059,166.674
112.783,-480.093,166.794
112.792,-480.115,166.915
112.792,-480.148,167.036
112.801,-480.171,167.146
112.810,-480.204,167.256
112.810,-480.226,167.366
112.819,-480.259,167.465
112.819,-480.282,167.574
112.828,-480.304,167.662
112.837,-480.337,167.761
112.837,-480.359,167.860
112.846,-480.393,167.948
112.846,-480.415,168.036
112.855,-480.448,168.135
112.865,-480.471,168.223
112.864,-480.504,168.300
112.874,-480.526,168.387
112.873,-480.559,168.464
112.882,-480.582,168.530
112.882,-480.615,168.585
112.891,-480.637,168.640
112.901,-480.671,168.695
112.900,-480.693,168.739
112.909,-480.726,168.783
112.909,-480.748,168.816
112.918,-480.782,168.849
112.918,-480.804,168.882
112.927,-480.837,168.904
112.927,-480.859,168.926
112.936,-480.893,168.937
112.946,-480.915,168.959
112.945,-480.948,168.970
112.954,-480.982,168.981
112.954,-481.004,168.992
112.963,-481.037,169.003
112.973,-481.059,169.014
112.972,-481.093,169.014
112.981,-481.115,169.014
112.981,-481.148,169.014
112.990,-481.170,169.003
112.990,-481.204,168.992
112.999,-481.226,168.970
113.008,-481.259,168.959
113.008,-481.292,168.937
113.017,-481.315,168.904
113.017,-481.348,168.871
113.026,-481.370,168.849
113.026,-481.404,168.805
113.035,-481.426,168.761
113.044,-481.459,168.717
113.044,-481.492,168.673
113.053,-481.515,168.618
113.053,-481.548,168.563
113.062,-481.570,168.497
113.071,-481.604,168.431
113.071,-481.637,168.365
113.080,-481.659,168.289
113.090,-481.692,168.212
113.089,-481.715,168.146
113.098,-481.748,168.069
113.098,-481.781,167.992
113.107,-481.803,167.915
113.117,-481.837,167.827
113.116,-481.870,167.750
113.125,-481.892,167.662
113.135,-481.926,167.574
113.144,-481.948,167.487
113.144,-481.981,167.410
113.153,-482.015,167.322
113.162,-482.037,167.234
113.162,-482.070,167.157
113.171,-482.103,167.080
113.180,-482.137,166.992
113.189,-482.159,166.904
113.189,-482.192,166.827
113.198,-482.226,166.729
113.207,-482.248,166.641
113.217,-482.281,166.553
113.226,-482.315,166.465
113.225,-482.348,166.388
113.234,-482.381,166.300
113.244,-482.404,166.212
113.253,-482.437,166.124
113.262,-482.470,166.036
113.262,-482.504,165.948
113.271,-482.537,165.861
113.280,-482.570,165.784
113.289,-482.593,165.696
113.299,-482.626,165.619
113.308,-482.659,165.542
113.317,-482.693,165.465
113.317,-482.726,165.388
113.326,-482.759,165.322
113.335,-482.793,165.245
113.344,-482.826,165.179
113.353,-482.859,165.103
113.362,-482.893,165.037
113.372,-482.926,164.960
113.381,-482.959,164.894
113.390,-482.993,164.817
113.399,-483.026,164.740
113.408,-483.059,164.663
113.417,-483.093,164.586
113.427,-483.126,164.509
113.436,-483.160,164.421
113.445,-483.193,164.333
113.454,-483.226,164.246
113.463,-483.260,164.158
113.472,-483.293,164.070
113.482,-483.326,163.971
113.491,-483.371,163.883
113.500,-483.404,163.784
113.509,-483.437,163.685
113.518,-483.471,163.586
113.537,-483.504,163.499
113.546,-483.549,163.400
113.555,-483.582,163.301
113.564,-483.615,163.213
113.573,-483.649,163.125
113.582,-483.682,163.037
113.601,-483.727,162.949
113.610,-483.760,162.861
113.619,-483.793,162.773
113.629,-483.827,162.697
113.638,-483.871,162.609
113.656,-483.905,162.532
113.665,-483.938,162.466
113.675,-483.982,162.400
113.693,-484.016,162.334
113.702,-484.049,162.268
113.711,-484.094,162.213
113.721,-484.127,162.147
113.739,-484.172,162.081
113.748,-484.205,162.026
113.758,-484.238,161.960
113.776,-484.283,161.906
113.785,-484.316,161.840
113.794,-484.361,161.785
113.813,-484.394,161.730
113.822,-484.439,161.675
113.831,-484.472,161.620
113.850,-484.516,161.565
113.859,-484.550,161.521
113.868,-484.594,161.466
113.887,-484.628,161.422
113.896,-484.672,161.389
113.914,-484.706,161.345
113.923,-484.750,161.312
113.933,-484.783,161.279
113.951,-484.828,161.246
113.960,-484.872,161.213
113.979,-484.906,161.191
113.988,-484.950,161.158
114.007,-484.984,161.136
114.016,-485.028,161.115
114.034,-485.073,161.093
114.044,-485.106,161.071
114.062,-485.151,161.049
114.071,-485.195,161.038
114.090,-485.240,161.027
114.099,-485.273,161.016
114.117,-485.318,161.016
114.136,-485.362,161.005
114.145,-485.395,160.983
114.164,-485.440,160.972
114.173,-485.484,160.961
114.192,-485.518,160.950
114.201,-485.562,160.928
114.219,-485.607,160.917
114.228,-485.651,160.895
114.247,-485.685,160.884
114.256,-485.729,160.862
114.275,-485.774,160.829
114.284,-485.818,160.807
114.302,-485.863,160.774
114.311,-485.896,160.752
114.330,-485.952,160.730
114.339,-485.985,160.708
114.358,-486.030,160.686
114.367,-486.074,160.664
114.385,-486.119,160.653
114.404,-486.163,160.642
114.413,-486.208,160.631
114.431,-486.252,160.620
114.450,-486.297,160.620
114.459,-486.330,160.609
114.478,-486.375,160.609
114.487,-486.419,160.609
114.505,-486.464,160.598
114.524,-486.508,160.598
114.533,-486.553,160.598
114.551,-486.597,160.587
114.570,-486.642,160.587
114.579,-486.686,160.576
114.598,-486.731,160.576
114.616,-486.775,160.576
114.625,-486.820,160.565
114.644,-486.864,160.554
114.662,-486.909,160.554
114.672,-486.953,160.554
114.690,-487.009,160.554
114.709,-487.053,160.543
114.727,-487.098,160.543
114.736,-487.142,160.543
114.755,-487.187,160.543
114.773,-487.231,160.543
114.782,-487.287,160.554
114.801,-487.332,160.554
114.819,-487.376,160.565
114.828,-487.421,160.565
114.847,-487.465,160.576
114.866,-487.510,160.576
114.884,-487.565,160.587
114.893,-487.610,160.598
114.912,-487.654,160.609
114.930,-487.699,160.620
114.949,-487.754,160.642
114.958,-487.799,160.664
114.976,-487.854,160.675
114.995,-487.899,160.697
115.013,-487.944,160.708
115.032,-487.999,160.719
115.041,-488.044,160.741
115.059,-488.088,160.752
115.078,-488.144,160.774
115.097,-488.188,160.785
115.115,-488.244,160.807
115.134,-488.289,160.818
115.142,-488.344,160.840
115.161,-488.389,160.862
115.180,-488.433,160.884
115.198,-488.489,160.895
115.217,-488.533,160.917
115.235,-488.589,160.928
115.244,-488.633,160.939
115.263,-488.689,160.961
115.281,-488.745,160.983
115.300,-488.789,160.994
115.318,-488.845,161.005
115.327,-488.900,161.016
115.346,-488.945,161.027
115.364,-489.001,161.038
115.383,-489.045,161.060
115.401,-489.101,161.071
115.420,-489.156,161.093
115.438,-489.201,161.104
115.447,-489.256,161.125
115.466,-489.312,161.136
115.484,-489.357,161.147
115.503,-489.412,161.158
115.521,-489.468,161.169
115.540,-489.512,161.180
115.558,-489.568,161.180
115.576,-489.624,161.180
115.595,-489.679,161.180
115.604,-489.724,161.180
115.622,-489.779,161.180
115.641,-489.835,161.180
115.659,-489.891,161.169
115.678,-489.935,161.169
115.696,-489.991,161.158
115.715,-490.046,161.147
115.733,-490.102,161.147
115.752,-490.158,161.136
115.770,-490.202,161.125
115.779,-490.258,161.125
115.798,-490.313,161.115
115.816,-490.369,161.115
115.835,-490.425,161.104
115.853,-490.480,161.093
115.872,-490.525,161.093
115.890,-490.580,161.082
115.909,-490.636,161.071
115.927,-490.692,161.071
115.945,-490.747,161.060
115.964,-490.803,161.060
115.982,-490.859,161.049
116.001,-490.914,161.038
116.019,-490.959,161.038
116.038,-491.014,161.027
116.056,-491.070,161.027
116.075,-491.126,161.016
116.093,-491.181,161.005
116.102,-491.237,161.005
116.121,-491.292,160.994
116.139,-491.348,160.983
116.158,-491.404,160.983
116.176,-491.459,160.983
116.194,-491.515,160.972
116.213,-491.559,160.972
116.232,-491.615,160.961
116.250,-491.671,160.961
116.268,-491.726,160.961
116.287,-491.782,160.961
116.305,-491.838,160.961
116.324,-491.893,160.961
116.342,-491.949,160.961
116.361,-492.004,160.961
116.379,-492.060,160.961
116.398,-492.116,160.961
116.416,-492.171,160.961
116.435,-492.227,160.950
116.453,-492.283,160.950
116.471,-492.338,160.939
116.499,-492.394,160.939
116.518,-492.450,160.939
116.536,-492.505,160.928
116.555,-492.561,160.928
116.573,-492.617,160.928
116.592,-492.672,160.928
116.610,-492.728,160.928
116.629,-492.783,160.928
116.647,-492.839,160.917
116.666,-492.895,160.917
116.684,-492.950,160.917
116.702,-493.017,160.917
116.721,-493.073,160.917
116.739,-493.128,160.928
116.758,-493.184,160.928
116.776,-493.240,160.928
116.795,-493.295,160.928
116.813,-493.351,160.928
116.832,-493.406,160.928
116.850,-493.462,160.928
116.868,-493.518,160.928
116.887,-493.573,160.928
116.905,-493.640,160.928
116.933,-493.696,160.939
116.952,-493.751,160.939
116.970,-493.807,160.939
116.989,-493.863,160.939
117.007,-493.929,160.939
117.025,-493.985,160.950
117.044,-494.041,160.950
117.062,-494.096,160.950
117.081,-494.152,160.939
117.099,-494.219,160.939
117.127,-494.274,160.939
117.146,-494.330,160.939
117.164,-494.386,160.928
117.182,-494.441,160.928
117.201,-494.508,160.928
117.219,-494.564,160.917
117.238,-494.619,160.917
117.256,-494.675,160.917
117.274,-494.742,160.906
117.293,-494.797,160.917
117.321,-494.864,160.917
117.339,-494.920,160.917
117.358,-494.975,160.917
117.376,-495.031,160.917
117.394,-495.098,160.917
117.413,-495.153,160.928
117.431,-495.209,160.928
117.450,-495.276,160.939
117.478,-495.331,160.939
117.496,-495.387,160.961
117.515,-495.454,160.961
117.533,-495.509,160.972
117.551,-495.565,160.983
117.570,-495.632,160.994
117.598,-495.687,160.994
117.616,-495.743,161.005
117.635,-495.810,161.016
117.653,-495.865,161.027
117.671,-495.932,161.038
117.699,-495.988,161.049
117.718,-496.054,161.071
117.736,-496.110,161.082
117.754,-496.177,161.093
117.773,-496.232,161.104
117.791,-496.288,161.125
117.819,-496.355,161.136
117.838,-496.411,161.147
117.856,-496.477,161.169
117.874,-496.533,161.180
117.893,-496.600,161.202
117.911,-496.655,161.213
117.939,-496.722,161.224
117.958,-496.778,161.235
117.976,-496.833,161.246
117.994,-496.900,161.268
118.013,-496.956,161.279
118.031,-497.022,161.290
118.059,-497.078,161.301
118.078,-497.145,161.312
118.096,-497.211,161.334
118.114,-497.267,161.345
118.133,-497.334,161.356
118.161,-497.390,161.378
118.179,-497.456,161.389
118.197,-497.512,161.400
118.216,-497.579,161.422
118.234,-497.645,161.433
118.253,-497.701,161.455
118.280,-497.768,161.466
118.299,-497.823,161.488
118.317,-497.890,161.499
118.336,-497.957,161.521
118.354,-498.012,161.543
118.382,-498.079,161.554
118.400,-498.135,161.576
118.419,-498.202,161.587
118.437,-498.257,161.598
118.455,-498.324,161.609
118.474,-498.391,161.631
118.502,-498.458,161.631
118.520,-498.513,161.642
118.538,-498.580,161.653
118.557,-498.635,161.664
118.585,-498.702,161.675
118.603,-498.769,161.686
118.622,-498.825,161.697
118.640,-498.891,161.708
118.658,-498.958,161.719
118.677,-499.025,161.730
118.705,-499.081,161.741
118.723,-499.147,161.752
118.741,-499.214,161.763
118.760,-499.281,161.774
118.778,-499.336,161.785
118.806,-499.403,161.785
118.824,-499.470,161.796
118.843,-499.537,161.807
118.861,-499.592,161.818
118.879,-499.659,161.829
118.907,-499.726,161.840
118.926,-499.792,161.851
118.944,-499.859,161.862
118.962,-499.915,161.873
118.981,-499.981,161.884
119.009,-500.048,161.895
119.027,-500.115,161.895
119.045,-500.171,161.906
119.064,-500.237,161.917
119.082,-500.304,161.927
119.110,-500.371,161.927
119.128,-500.438,161.938
119.147,-500.504,161.938
119.174,-500.560,161.938
119.193,-500.627,161.949
119.211,-500.693,161.949
119.229,-500.760,161.960
119.248,-500.827,161.960
119.276,-500.894,161.960
119.294,-500.949,161.971
119.312,-501.027,161.971
119.331,-501.094,161.971
119.359,-501.150,161.971
119.377,-501.216,161.971
119.395,-501.283,161.982
119.414,-501.350,161.982
119.432,-501.416,161.982
119.460,-501.483,161.982
119.478,-501.550,161.993
119.497,-501.617,161.993
119.515,-501.683,162.004
119.533,-501.750,162.004
119.561,-501.806,162.004
119.580,-501.873,162.004
119.598,-501.939,162.004
119.616,-502.006,162.004
119.644,-502.073,162.004
119.662,-502.140,162.015
119.681,-502.206,162.015
119.699,-502.273,162.015
119.727,-502.340,162.015
119.745,-502.406,162.015
119.764,-502.473,162.015
119.782,-502.540,162.004
119.810,-502.607,162.004
119.828,-502.673,161.993
119.847,-502.740,161.993
119.874,-502.807,161.982
119.893,-502.874,161.982
119.911,-502.940,161.982
119.939,-503.007,161.960
119.957,-503.074,161.960
119.976,-503.141,161.949
119.994,-503.207,161.949
120.012,-503.274,161.938
120.040,-503.341,161.927
120.058,-503.408,161.917
120.077,-503.474,161.895
120.095,-503.541,161.884
120.123,-503.608,161.873
120.141,-503.675,161.873
120.160,-503.741,161.851
120.178,-503.808,161.840
120.206,-503.875,161.829
120.224,-503.942,161.818
120.243,-504.008,161.807
120.270,-504.075,161.796
120.289,-504.142,161.785
120.307,-504.208,161.774
120.335,-504.275,161.774
120.353,-504.342,161.763
120.372,-504.409,161.752
120.399,-504.476,161.741
120.418,-504.542,161.730
120.436,-504.609,161.730
120.464,-504.676,161.719
120.482,-504.742,161.708
120.501,-504.809,161.697
120.529,-504.876,161.686
120.547,-504.954,161.686
120.565,-505.021,161.664
120.593,-505.087,161.653
120.611,-505.154,161.642
120.630,-505.221,161.631
120.657,-505.288,161.609
120.676,-505.354,161.598
120.694,-505.421,161.587
120.722,-505.488,161.565
120.740,-505.555,161.554
120.759,-505.621,161.543
120.787,-505.688,161.532
120.805,-505.766,161.521
120.823,-505.833,161.510
120.851,-505.899,161.499
120.869,-505.966,161.499
120.888,-506.033,161.488
120.916,-506.100,161.477
120.934,-506.166,161.466
120.962,-506.233,161.466
120.980,-506.300,161.455
121.008,-506.378,161.444
121.026,-506.445,161.433
121.044,-506.511,161.422
121.072,-506.578,161.411
121.091,-506.645,161.400
121.109,-506.711,161.400
121.137,-506.778,161.378
121.155,-506.845,161.378
121.183,-506.912,161.367
121.201,-506.990,161.345
121.220,-507.056,161.334
121.247,-507.123,161.323
121.266,-507.190,161.301
121.294,-507.257,161.290
121.312,-507.323,161.268
121.330,-507.390,161.257
121.358,-507.457,161.235
121.376,-507.535,161.224
121.404,-507.602,161.202
121.423,-507.668,161.191
121.441,-507.735,161.180
121.469,-507.802,161.169
121.487,-507.869,161.158
121.515,-507.946,161.147
121.533,-508.013,161.136
121.561,-508.080,161.125
121.579,-508.147,161.115
121.607,-508.213,161.115
121.626,-508.280,161.104
121.644,-508.347,161.093
121.672,-508.414,161.082
121.690,-508.480,161.071
121.718,-508.558,161.060
121.736,-508.625,161.049
121.764,-508.692,161.049
121.782,-508.759,161.049
121.810,-508.825,161.049
121.829,-508.892,161.049
121.847,-508.959,161.049
121.875,-509.037,161.060
121.893,-509.103,161.071
121.921,-509.170,161.082
121.939,-509.237,161.093
121.967,-509.304,161.104
121.985,-509.371,161.115
122.013,-509.448,161.136
122.032,-509.515,161.158
122.059,-509.582,161.180
122.078,-509.649,161.213
122.096,-509.715,161.235
122.124,-509.782,161.268
122.142,-509.860,161.301
122.170,-509.927,161.334
122.188,-509.994,161.356
122.216,-510.060,161.389
122.235,-510.127,161.411
122.262,-510.194,161.433
122.281,-510.272,161.455
122.299,-510.338,161.477
122.327,-510.405,161.499
122.345,-510.472,161.521
122.373,-510.539,161.543
122.391,-510.605,161.554
122.419,-510.683,161.576
122.437,-510.750,161.587
122.456,-510.817,161.609
122.484,-510.884,161.631
122.502,-510.950,161.653
122.530,-511.028,161.664
122.548,-511.095,161.686
122.576,-511.162,161.697
122.594,-511.228,161.708
122.613,-511.306,161.730
122.640,-511.373,161.741
122.659,-511.440,161.763
122.687,-511.507,161.763
122.705,-511.584,161.785
122.723,-511.651,161.796
122.751,-511.718,161.807
122.769,-511.785,161.818
122.797,-511.851,161.829
122.815,-511.929,161.840
122.834,-511.996,161.862
122.862,-512.063,161.884
122.880,-512.129,161.895
122.898,-512.207,161.906
122.926,-512.274,161.917
122.944,-512.341,161.927
122.972,-512.408,161.927
122.990,-512.485,161.938
123.009,-512.552,161.938
123.037,-512.619,161.949
123.055,-512.686,161.949
123.083,-512.764,161.949
123.101,-512.830,161.960
123.119,-512.897,161.960
123.147,-512.975,161.971
123.165,-513.042,161.971
123.184,-513.108,161.982
123.212,-513.175,161.982
123.230,-513.253,162.004
123.248,-513.320,162.004
123.276,-513.386,162.015
123.294,-513.464,162.026
123.313,-513.531,162.048
123.341,-513.598,162.059
123.359,-513.665,162.070
123.377,-513.742,162.092
123.405,-513.809,162.103
123.423,-513.876,162.114
123.451,-513.954,162.125
123.469,-514.020,162.136
123.488,-514.087,162.147
123.515,-514.165,162.158
123.534,-514.232,162.169
123.552,-514.299,162.180
123.580,-514.365,162.191
123.598,-514.443,162.213
123.616,-514.510,162.224
123.644,-514.577,162.235
123.663,-514.654,162.235
123.690,-514.721,162.246
123.709,-514.788,162.268
123.727,-514.866,162.268
123.755,-514.933,162.279
123.773,-514.999,162.290
123.791,-515.077,162.301
123.819,-515.144,162.312
123.838,-515.211,162.323
123.856,-515.288,162.334
123.884,-515.355,162.345
123.902,-515.422,162.356
123.920,-515.500,162.367
123.948,-515.567,162.367
123.966,-515.644,162.378
123.985,-515.711,162.378
124.013,-515.778,162.389
124.031,-515.856,162.389
124.049,-515.922,162.411
124.077,-515.989,162.422
124.095,-516.067,162.433
124.123,-516.134,162.444
124.141,-516.201,162.455
124.160,-516.278,162.466
124.187,-516.345,162.477
124.206,-516.412,162.488
124.224,-516.490,162.488
124.252,-516.557,162.488
124.270,-516.634,162.488
124.288,-516.701,162.488
124.316,-516.768,162.477
124.334,-516.846,162.477
124.362,-516.912,162.455
124.381,-516.990,162.444
124.399,-517.057,162.433
124.417,-517.124,162.422
124.445,-517.202,162.400
124.463,-517.268,162.389
124.491,-517.346,162.378
124.509,-517.413,162.356
124.528,-517.480,162.334
124.555,-517.558,162.323
124.574,-517.624,162.301
124.592,-517.702,162.290
124.620,-517.769,162.268
124.638,-517.847,162.246
124.656,-517.913,162.224
124.684,-517.980,162.213
124.702,-518.058,162.191
124.730,-518.125,162.169
124.749,-518.203,162.158
124.767,-518.269,162.136
124.795,-518.347,162.125
124.813,-518.414,162.103
124.841,-518.481,162.092
124.859,-518.559,162.070
124.877,-518.625,162.048
124.905,-518.703,162.026
124.923,-518.770,162.015
124.951,-518.837,161.993
124.970,-518.915,161.971
124.997,-518.981,161.960
125.016,-519.059,161.938
125.044,-519.126,161.917
125.062,-519.204,161.895
125.090,-519.271,161.873
125.108,-519.337,161.840
125.126,-519.415,161.807
125.154,-519.482,161.774
125.172,-519.560,161.741
125.200,-519.626,161.708
125.218,-519.704,161.686
125.246,-519.771,161.653
125.264,-519.849,161.620
125.292,-519.916,161.598
125.310,-519.994,161.565
125.338,-520.060,161.543
125.357,-520.138,161.521
125.384,-520.205,161.488
125.403,-520.283,161.455
125.430,-520.350,161.433
125.449,-520.416,161.411
125.477,-520.494,161.389
125.495,-520.561,161.367
125.523,-520.639,161.345
125.541,-520.706,161.312
125.569,-520.783,161.290
125.587,-520.850,161.268
125.615,-520.928,161.246
125.643,-520.995,161.213
125.661,-521.073,161.191
125.689,-521.139,161.158
125.716,-521.217,161.136
125.735,-521.295,161.115
125.763,-521.362,161.093
125.781,-521.440,161.071
125.809,-521.507,161.049
125.836,-521.585,161.027
125.855,-521.651,161.005
125.882,-521.729,160.983
125.901,-521.796,160.972
125.929,-521.874,160.950
125.956,-521.941,160.939
125.975,-522.018,160.917
126.002,-522.096,160.906
126.021,-522.163,160.895
126.048,-522.241,160.884
126.076,-522.308,160.873
126.095,-522.385,160.862
126.122,-522.452,160.851
126.150,-522.530,160.840
126.168,-522.608,160.840
126.196,-522.675,160.829
126.214,-522.753,160.818
126.242,-522.819,160.818
126.270,-522.897,160.807
126.298,-522.964,160.807
126.316,-523.042,160.807
126.344,-523.120,160.818
126.372,-523.187,160.818
126.390,-523.264,160.829
126.418,-523.342,160.829
126.446,-523.409,160.840
126.473,-523.487,160.840
126.492,-523.565,160.851
126.519,-523.632,160.851
126.547,-523.710,160.851
126.565,-523.787,160.862
126.593,-523.854,160.862
126.621,-523.932,160.862
126.639,-524.010,160.862
126.667,-524.077,160.862
126.685,-524.155,160.862
126.713,-524.232,160.862
126.741,-524.299,160.873
126.769,-524.377,160.873
126.787,-524.455,160.884
126.815,-524.522,160.884
126.842,-524.600,160.895
126.861,-524.677,160.906
126.888,-524.755,160.917
126.916,-524.822,160.917
126.944,-524.900,160.928
126.962,-524.978,160.939
126.990,-525.056,160.939
127.018,-525.123,160.950
127.036,-525.200,160.961
127.064,-525.278,160.972
127.092,-525.356,160.983
127.119,-525.423,160.994
127.138,-525.501,161.005
127.165,-525.579,161.016
127.193,-525.657,161.016
127.211,-525.723,161.016
127.239,-525.801,161.016
127.267,-525.879,161.027
127.295,-525.957,161.027
127.313,-526.035,161.027
127.341,-526.102,161.027
127.369,-526.180,161.027
127.387,-526.257,161.027
127.414,-526.335,161.027
127.442,-526.413,161.027
127.460,-526.491,161.027
127.488,-526.558,161.027
127.516,-526.636,161.027
127.544,-526.714,161.038
127.562,-526.791,161.038
127.590,-526.869,161.049
127.618,-526.947,161.049
127.645,-527.025,161.060
127.663,-527.103,161.060
127.691,-527.170,161.071
127.719,-527.248,161.082
127.747,-527.326,161.082
127.775,-527.403,161.093
127.793,-527.481,161.093
127.821,-527.559,161.104
127.848,-527.637,161.104
127.876,-527.715,161.104
127.894,-527.793,161.115
127.922,-527.871,161.115
127.950,-527.949,161.115
127.978,-528.015,161.115
128.005,-528.093,161.115
128.024,-528.171,161.104
128.051,-528.249,161.104
128.079,-528.327,161.104
128.107,-528.405,161.104
128.125,-528.483,161.104
128.153,-528.560,161.104
128.180,-528.638,161.104
128.208,-528.716,161.104
128.226,-528.794,161.093
128.254,-528.872,161.093
128.282,-528.950,161.093
128.310,-529.028,161.082
128.328,-529.106,161.082
128.356,-529.183,161.071
128.383,-529.261,161.071
128.411,-529.339,161.071
128.439,-529.417,161.060
128.457,-529.495,161.060
128.485,-529.573,161.049
128.513,-529.651,161.049
128.540,-529.729,161.049
128.568,-529.807,161.038
128.586,-529.884,161.038
128.614,-529.962,161.027
128.642,-530.040,161.027
128.669,-530.129,161.016
128.697,-530.207,161.016
128.725,-530.285,161.016
128.753,-530.363,161.005
128.771,-530.441,161.005
128.799,-530.519,161.005
128.826,-530.596,160.994
128.854,-530.674,160.994
128.882,-530.752,160.972
128.900,-530.830,160.961
128.928,-530.908,160.939
128.956,-530.986,160.917
128.983,-531.075,160.895
129.011,-531.153,160.862
129.029,-531.231,160.840
129.057,-531.308,160.818
129.085,-531.386,160.796
129.112,-531.464,160.774
129.140,-531.542,160.763
129.168,-531.620,160.741
129.196,-531.698,160.730
129.223,-531.787,160.730
129.251,-531.865,160.719
129.279,-531.943,160.719
129.306,-532.021,160.719
129.334,-532.099,160.719
129.362,-532.176,160.730
129.380,-532.254,160.730
129.408,-532.343,160.730
129.436,-532.421,160.719
129.463,-532.499,160.719
129.491,-532.577,160.708
129.509,-532.655,160.697
129.537,-532.733,160.686
129.565,-532.811,160.675
129.592,-532.888,160.664
129.620,-532.966,160.664
129.648,-533.055,160.653
129.676,-533.133,160.653
129.703,-533.211,160.653
129.731,-533.289,160.653
129.759,-533.378,160.653
129.786,-533.456,160.653
129.814,-533.534,160.664
129.842,-533.612,160.664
129.870,-533.690,160.675
129.888,-533.767,160.686
129.916,-533.856,160.697
129.943,-533.934,160.697
129.971,-534.012,160.708
129.999,-534.090,160.708
130.026,-534.168,160.719
130.054,-534.246,160.719
130.082,-534.324,160.730
130.110,-534.402,160.730
130.128,-534.480,160.730
130.156,-534.557,160.741
130.183,-534.635,160.752
130.211,-534.724,160.763
130.239,-534.802,160.774
130.267,-534.880,160.796
130.294,-534.958,160.807
130.322,-535.036,160.829
130.350,-535.114,160.840
130.378,-535.192,160.862
130.405,-535.281,160.884
130.423,-535.359,160.906
130.451,-535.436,160.928
130.479,-535.514,160.950
130.507,-535.592,160.983
130.534,-535.670,161.005
130.562,-535.759,161.027
130.590,-535.837,161.049
130.617,-535.915,161.071
130.645,-535.993,161.093
130.663,-536.071,161.104
130.691,-536.149,161.115
130.719,-536.226,161.125
130.747,-536.304,161.136
130.774,-536.393,161.147
130.793,-536.471,161.169
130.820,-536.549,161.180
130.848,-536.627,161.191
130.876,-536.705,161.202
130.903,-536.783,161.213
130.922,-536.861,161.224
130.949,-536.938,161.246
130.977,-537.016,161.257
131.005,-537.105,161.268
131.033,-537.183,161.290
131.060,-537.261,161.301
131.088,-537.339,161.323
131.116,-537.417,161.334
131.134,-537.495,161.334
131.162,-537.584,161.345
131.189,-537.662,161.356
131.217,-537.740,161.356
131.235,-537.817,161.367
131.263,-537.895,161.367
131.291,-537.973,161.367
131.319,-538.051,161.367
131.346,-538.129,161.367
131.364,-538.218,161.367
131.392,-538.296,161.378
131.420,-538.374,161.378
131.448,-538.452,161.378
131.466,-538.529,161.378
131.494,-538.607,161.389
131.521,-538.685,161.411
131.549,-538.763,161.422
131.577,-538.841,161.433
131.595,-538.919,161.444
131.623,-538.997,161.455
131.650,-539.086,161.477
131.678,-539.164,161.477
131.696,-539.241,161.488
131.724,-539.319,161.477
131.752,-539.397,161.488
131.770,-539.475,161.477
131.798,-539.553,161.477
131.825,-539.642,161.477
131.853,-539.720,161.488
131.881,-539.798,161.499
131.909,-539.876,161.499
131.927,-539.953,161.510
131.955,-540.031,161.521
131.982,-540.109,161.532
132.010,-540.187,161.543
132.038,-540.265,161.543
132.056,-540.343,161.532
132.084,-540.421,161.499
132.111,-540.510,161.477
132.139,-540.588,161.444
132.157,-540.665,161.433
132.185,-540.743,161.400
132.203,-540.821,161.367
132.231,-540.899,161.323
132.259,-540.977,161.279
132.277,-541.055,161.257
132.305,-541.133,161.235
132.333,-541.210,161.224
132.360,-541.288,161.202
132.388,-541.366,161.202
132.406,-541.444,161.202
132.434,-541.522,161.202
132.462,-541.600,161.191
132.490,-541.667,161.191
132.517,-541.745,161.191
132.545,-541.822,161.191
132.563,-541.900,161.191
132.601,-541.989,161.191
132.628,-542.067,161.180
132.646,-542.145,161.169
132.674,-542.223,161.169
132.702,-542.301,161.169
132.730,-542.379,161.158
132.748,-542.457,161.136
132.776,-542.523,161.125
132.804,-542.601,161.115
132.831,-542.679,161.093
132.849,-542.757,161.082
132.877,-542.835,161.060
132.895,-542.913,161.049
132.923,-542.991,161.027
132.951,-543.068,161.005
132.969,-543.135,160.983
132.997,-543.213,160.972
133.025,-543.291,160.950
133.053,-543.369,160.939
133.071,-543.447,160.917
133.098,-543.525,160.917
133.126,-543.602,160.906
133.154,-543.680,160.917
133.182,-543.747,160.917
133.210,-543.825,160.928
133.228,-543.903,160.950
133.256,-543.981,160.961
133.283,-544.059,160.972
133.311,-544.137,160.983
133.329,-544.203,160.994
133.357,-544.281,161.005
133.385,-544.359,161.016
133.403,-544.437,161.027
133.431,-544.515,161.038
133.459,-544.582,161.049
133.486,-544.660,161.060
133.505,-544.737,161.071
133.532,-544.815,161.082
133.560,-544.882,161.093
133.578,-544.960,161.104
133.606,-545.038,161.125
133.634,-545.116,161.136
133.662,-545.194,161.147
133.680,-545.260,161.169
133.708,-545.338,161.191
133.736,-545.416,161.224
133.763,-545.494,161.246
133.781,-545.572,161.257
133.809,-545.650,161.279
133.837,-545.716,161.290
133.855,-545.794,161.312
133.883,-545.872,161.323
133.911,-545.950,161.334
133.929,-546.028,161.345
133.957,-546.106,161.356
133.984,-546.184,161.356
134.003,-546.261,161.367
134.031,-546.328,161.367
134.058,-546.406,161.378
134.086,-546.484,161.378
134.104,-546.562,161.389
134.132,-546.640,161.400
134.160,-546.718,161.411
134.188,-546.796,161.422
134.206,-546.873,161.433
134.233,-546.951,161.455
134.261,-547.029,161.466
134.279,-547.107,161.488
134.307,-547.185,161.499
134.335,-547.263,161.521
134.363,-547.341,161.543
134.390,-547.419,161.554
134.409,-547.496,161.576
134.436,-547.574,161.598
134.464,-547.652,161.609
134.492,-547.730,161.631
134.510,-547.819,161.642
134.538,-547.897,161.653
134.565,-547.975,161.675
134.584,-548.053,161.686
134.611,-548.131,161.697
134.639,-548.208,161.719
134.667,-548.286,161.730
134.685,-548.375,161.752
134.713,-548.453,161.774
134.740,-548.531,161.796
134.768,-548.609,161.807
134.786,-548.687,161.829
134.814,-548.776,161.851
134.842,-548.854,161.873
134.870,-548.931,161.895
134.897,-549.020,161.917
134.915,-549.098,161.927
134.943,-549.176,161.949
134.971,-549.254,161.971
134.999,-549.343,161.982
135.017,-549.421,162.004
135.044,-549.499,162.015
135.072,-549.577,162.026
135.100,-549.666,162.037
135.128,-549.744,162.048
135.146,-549.821,162.059
135.173,-549.910,162.070
135.201,-549.988,162.081
135.229,-550.066,162.103
135.247,-550.155,162.114
135.275,-550.233,162.136
135.302,-550.322,162.147
135.330,-550.400,162.158
135.348,-550.478,162.180
135.376,-550.567,162.202
135.404,-550.645,162.224
135.431,-550.733,162.235
135.450,-550.811,162.268
135.477,-550.889,162.290
135.505,-550.978,162.312
135.533,-551.056,162.334
135.551,-551.134,162.345
135.578,-551.223,162.356
135.606,-551.301,162.367
135.624,-551.379,162.378
135.652,-551.468,162.389
135.680,-551.545,162.400
135.708,-551.623,162.411
135.726,-551.712,162.422
135.753,-551.790,162.422
135.781,-551.868,162.433
135.809,-551.957,162.433
135.827,-552.035,162.444
135.855,-552.113,162.455
135.882,-552.202,162.455
135.910,-552.280,162.455
135.928,-552.368,162.466
135.956,-552.446,162.466
135.984,-552.535,162.477
136.002,-552.613,162.477
136.030,-552.691,162.488
136.057,-552.780,162.488
136.075,-552.858,162.488
136.103,-552.936,162.488
136.131,-553.025,162.499
136.149,-553.103,162.499
136.177,-553.180,162.499
136.204,-553.269,162.499
136.223,-553.347,162.499
136.250,-553.425,162.499
136.278,-553.514,162.499
136.296,-553.592,162.499
136.324,-553.670,162.510
136.351,-553.759,162.510
136.379,-553.837,162.521
136.397,-553.926,162.521
136.425,-554.003,162.532
136.453,-554.081,162.532
136.471,-554.170,162.532
136.499,-554.248,162.543
136.526,-554.326,162.543
136.544,-554.415,162.532
136.572,-554.493,162.532
136.600,-554.571,162.532
136.618,-554.660,162.532
136.646,-554.738,162.521
136.674,-554.815,162.521
136.692,-554.904,162.521
136.719,-554.982,162.521
136.747,-555.071,162.510
136.775,-555.149,162.510
136.793,-555.227,162.510
136.821,-555.316,162.510
136.848,-555.394,162.499
136.876,-555.483,162.499
136.894,-555.561,162.499
136.922,-555.638,162.499
136.950,-555.727,162.499
136.968,-555.805,162.499
136.995,-555.894,162.499
137.023,-555.972,162.499
137.051,-556.061,162.499
137.069,-556.139,162.499
137.097,-556.228,162.499
137.124,-556.306,162.488
137.143,-556.384,162.488
137.170,-556.473,162.477
137.198,-556.551,162.477
137.226,-556.640,162.466
137.244,-556.717,162.455
137.271,-556.806,162.455
137.299,-556.884,162.444
137.327,-556.973,162.433
137.345,-557.051,162.433
137.373,-557.140,162.433
137.400,-557.218,162.433
137.428,-557.307,162.422
137.456,-557.385,162.422
137.483,-557.474,162.422
137.501,-557.563,162.411
137.529,-557.641,162.411
137.557,-557.730,162.400
137.585,-557.807,162.378
137.603,-557.896,162.367
137.630,-557.974,162.345
137.658,-558.063,162.334
137.686,-558.141,162.312
137.704,-558.230,162.290
137.732,-558.308,162.268
137.759,-558.397,162.246
137.787,-558.475,162.224
137.805,-558.564,162.202
137.833,-558.642,162.180
137.860,-558.731,162.158
137.888,-558.820,162.147
137.916,-558.897,162.136
137.943,-558.986,162.125
137.971,-559.064,162.103
137.989,-559.153,162.092
138.017,-559.242,162.081
138.045,-559.320,162.070
138.072,-559.409,162.059
138.100,-559.487,162.037
138.128,-559.576,162.015
138.155,-559.654,161.993
138.173,-559.743,161.971
138.201,-559.821,161.960
138.229,-559.910,161.938
138.257,-559.988,161.906
138.284,-560.077,161.884
138.312,-560.154,161.851
138.340,-560.243,161.818
138.358,-560.321,161.796
138.385,-560.410,161.763
138.413,-560.499,161.741
138.441,-560.577,161.708
138.468,-560.666,161.686
138.496,-560.744,161.664
138.524,-560.833,161.631
138.551,-560.911,161.609
138.579,-561.000,161.576
138.607,-561.078,161.554
138.634,-561.167,161.521
138.653,-561.256,161.499
138.680,-561.334,161.466
138.708,-561.422,161.433
138.736,-561.500,161.411
138.763,-561.589,161.389
138.791,-561.667,161.356
138.819,-561.756,161.323
138.846,-561.834,161.301
138.874,-561.923,161.279
138.902,-562.012,161.246
138.929,-562.090,161.224
138.957,-562.179,161.191
138.985,-562.257,161.169
139.012,-562.346,161.136
139.040,-562.424,161.104
139.068,-562.513,161.082
139.096,-562.591,161.049
139.123,-562.680,161.027
139.151,-562.758,161.005
139.179,-562.847,160.983
139.206,-562.924,160.950
139.234,-563.013,160.928
139.261,-563.102,160.906
139.289,-563.180,160.884
139.317,-563.269,160.862
139.345,-563.347,160.840
139.372,-563.436,160.818
139.400,-563.525,160.796
139.428,-563.603,160.774
139.455,-563.692,160.752
139.483,-563.770,160.730
139.511,-563.859,160.708
139.538,-563.948,160.697
139.566,-564.026,160.675
139.594,-564.115,160.664
139.621,-564.204,160.653
139.649,-564.282,160.642
139.677,-564.371,160.642
139.714,-564.449,160.631
139.741,-564.538,160.620
139.769,-564.627,160.609
139.797,-564.705,160.609
139.824,-564.794,160.598
139.852,-564.872,160.587
139.880,-564.960,160.587
139.908,-565.038,160.576
139.935,-565.127,160.565
139.972,-565.216,160.565
140.000,-565.294,160.554
140.028,-565.383,160.554
140.055,-565.472,160.554
140.093,-565.561,160.543
140.120,-565.650,160.543
140.148,-565.728,160.554
140.176,-565.817,160.554
140.203,-565.906,160.554
140.240,-565.984,160.565
140.268,-566.073,160.565
140.296,-566.162,160.565
140.323,-566.251,160.576
140.351,-566.329,160.576
140.379,-566.418,160.587
140.406,-566.507,160.587
140.434,-566.585,160.587
140.462,-566.674,160.598
140.499,-566.763,160.598
140.527,-566.841,160.609
140.554,-566.930,160.609
140.582,-567.019,160.620
140.609,-567.108,160.631
140.637,-567.186,160.653
140.674,-567.275,160.664
140.702,-567.364,160.675
140.730,-567.453,160.697
140.757,-567.542,160.719
140.794,-567.631,160.730
140.822,-567.709,160.752
140.850,-567.798,160.774
140.877,-567.887,160.796
140.905,-567.976,160.807
140.933,-568.065,160.829
140.970,-568.143,160.840
140.998,-568.232,160.851
141.025,-568.321,160.873
141.053,-568.410,160.884
141.080,-568.499,160.884
141.108,-568.588,160.895
141.136,-568.666,160.906
141.163,-568.755,160.917
141.201,-568.844,160.928
141.228,-568.933,160.950
141.256,-569.022,160.961
141.283,-569.111,160.983
141.311,-569.200,161.005
141.339,-569.278,161.027
141.366,-569.367,161.049
141.404,-569.456,161.071
141.431,-569.545,161.104
141.459,-569.634,161.136
141.486,-569.723,161.169
141.514,-569.812,161.191
141.542,-569.901,161.224
141.579,-569.990,161.257
141.606,-570.079,161.279
141.634,-570.168,161.312
141.662,-570.246,161.345
141.689,-570.335,161.378
141.717,-570.424,161.411
141.745,-570.513,161.444
141.772,-570.602,161.477
141.800,-570.691,161.510
141.837,-570.780,161.554
141.865,-570.869,161.587
141.892,-570.958,161.631
141.920,-571.047,161.664
141.948,-571.136,161.708
141.975,-571.225,161.741
142.003,-571.314,161.785
142.030,-571.403,161.818
142.058,-571.492,161.862
142.086,-571.581,161.895
142.123,-571.670,161.927
142.150,-571.759,161.960
142.178,-571.848,162.004
142.206,-571.937,162.037
142.233,-572.026,162.070
142.261,-572.115,162.103
142.289,-572.204,162.136
142.316,-572.292,162.169
142.344,-572.381,162.202
142.371,-572.470,162.235
142.399,-572.559,162.257
142.427,-572.648,162.290
142.454,-572.737,162.323
142.482,-572.826,162.345
142.509,-572.926,162.378
142.537,-573.015,162.400
142.565,-573.104,162.433
142.592,-573.193,162.455
142.620,-573.282,162.477
142.648,-573.371,162.499
142.675,-573.460,162.532
142.703,-573.549,162.543
142.730,-573.638,162.565
142.758,-573.727,162.587
142.786,-573.816,162.609
142.813,-573.905,162.620
142.841,-574.005,162.642
142.868,-574.094,162.653
142.896,-574.183,162.664
142.914,-574.272,162.675
142.942,-574.361,162.686
142.969,-574.450,162.697
142.997,-574.539,162.697
143.025,-574.628,162.708
143.052,-574.728,162.708
143.080,-574.817,162.708
143.107,-574.906,162.708
143.135,-574.995,162.708
143.163,-575.084,162.708
143.190,-575.173,162.708
143.218,-575.273,162.697
143.245,-575.362,162.697
143.273,-575.451,162.697
143.301,-575.540,162.686
143.328,-575.629,162.675
143.356,-575.729,162.675
143.383,-575.818,162.664
143.411,-575.907,162.653
143.439,-575.996,162.642
143.466,-576.085,162.631
143.494,-576.185,162.620
143.521,-576.274,162.609
143.549,-576.363,162.598
143.577,-576.452,162.587
143.604,-576.552,162.576
143.632,-576.641,162.554
143.659,-576.730,162.543
143.687,-576.819,162.521
143.715,-576.919,162.510
143.742,-577.008,162.488
143.770,-577.097,162.477
143.797,-577.186,162.455
143.825,-577.275,162.433
143.853,-577.375,162.422
143.880,-577.464,162.400
143.908,-577.553,162.389
143.935,-577.642,162.367
143.963,-577.742,162.356
143.991,-577.831,162.334
144.018,-577.920,162.323
144.046,-578.020,162.301
144.073,-578.109,162.279
144.101,-578.198,162.268
144.138,-578.299,162.257
144.166,-578.388,162.235
144.193,-578.477,162.224
144.221,-578.566,162.202
144.248,-578.666,162.191
144.276,-578.755,162.169
144.304,-578.844,162.147
144.331,-578.944,162.136
144.359,-579.033,162.114
144.386,-579.122,162.092
144.414,-579.222,162.081
144.441,-579.311,162.059
144.479,-579.400,162.048
144.506,-579.489,162.026
144.534,-579.589,162.015
144.561,-579.678,162.004
144.589,-579.767,161.993
144.616,-579.867,161.971
144.644,-579.956,161.960
144.681,-580.045,161.938
144.709,-580.145,161.927
144.736,-580.234,161.906
144.764,-580.323,161.884
144.792,-580.412,161.873
144.819,-580.512,161.851
144.847,-580.601,161.829
144.884,-580.690,161.807
144.911,-580.790,161.785
144.939,-580.879,161.763
144.967,-580.979,161.741
145.004,-581.068,161.730
145.031,-581.168,161.708
145.059,-581.257,161.697
145.086,-581.346,161.686
145.114,-581.446,161.675
145.151,-581.536,161.653
145.179,-581.636,161.642
145.206,-581.725,161.620
145.234,-581.814,161.609
145.271,-581.914,161.587
145.299,-582.003,161.576
145.326,-582.092,161.554
145.354,-582.192,161.532
145.391,-582.281,161.521
145.418,-582.381,161.499
145.446,-582.470,161.477
145.474,-582.559,161.466
145.511,-582.659,161.444
145.538,-582.748,161.433
145.566,-582.848,161.411
145.593,-582.937,161.400
145.630,-583.037,161.389
145.658,-583.126,161.378
145.686,-583.215,161.367
145.723,-583.315,161.356
145.750,-583.404,161.356
145.778,-583.505,161.356
145.815,-583.594,161.345
145.842,-583.694,161.345
145.870,-583.783,161.345
145.907,-583.883,161.345
145.935,-583.972,161.345
145.962,-584.072,161.345
145.990,-584.161,161.334
146.027,-584.250,161.334
146.055,-584.350,161.334
146.082,-584.439,161.334
146.119,-584.528,161.334
146.147,-584.628,161.345
146.174,-584.717,161.345
146.211,-584.817,161.345
146.239,-584.906,161.345
146.267,-585.006,161.356
146.294,-585.095,161.356
146.331,-585.184,161.356
146.359,-585.285,161.356
146.386,-585.374,161.356
146.424,-585.474,161.367
146.451,-585.563,161.367
146.479,-585.663,161.367
146.516,-585.752,161.367
146.543,-585.852,161.367
146.571,-585.941,161.378
146.608,-586.030,161.378
146.636,-586.130,161.378
146.663,-586.219,161.389
146.700,-586.319,161.389
146.728,-586.408,161.389
146.755,-586.508,161.400
146.793,-586.597,161.400
146.820,-586.686,161.400
146.848,-586.786,161.400
146.875,-586.875,161.400
146.912,-586.976,161.400
146.940,-587.065,161.400
146.967,-587.165,161.400
147.005,-587.254,161.411
147.032,-587.354,161.411
147.060,-587.443,161.411
147.087,-587.532,161.422
147.124,-587.632,161.433
147.152,-587.721,161.433
147.180,-587.821,161.444
147.217,-587.910,161.455
147.244,-588.010,161.466
147.272,-588.099,161.477
147.309,-588.199,161.499
147.336,-588.288,161.510
147.364,-588.377,161.521
147.401,-588.478,161.532
147.429,-588.566,161.543
147.456,-588.667,161.554
147.484,-588.756,161.565
147.521,-588.856,161.576
147.549,-588.945,161.587
147.576,-589.045,161.598
147.613,-589.134,161.620
147.641,-589.234,161.631
147.668,-589.323,161.642
147.696,-589.423,161.653
147.733,-589.512,161.664
147.761,-589.601,161.686
147.788,-589.701,161.697
147.816,-589.790,161.708
147.853,-589.890,161.730
147.880,-589.979,161.741
147.908,-590.079,161.752
147.936,-590.168,161.774
147.973,-590.269,161.785
148.000,-590.358,161.796
148.028,-590.458,161.807
148.055,-590.547,161.829
148.083,-590.647,161.840
148.120,-590.736,161.851
148.148,-590.825,161.862
148.175,-590.925,161.884
148.203,-591.014,161.895
148.240,-591.114,161.906
148.267,-591.214,161.927
148.295,-591.303,161.938
148.322,-591.403,161.960
148.350,-591.492,161.971
148.387,-591.581,161.993
148.415,-591.681,162.004
148.442,-591.770,162.026
148.470,-591.870,162.048
148.497,-591.959,162.059
148.525,-592.059,162.070
148.562,-592.148,162.092
148.590,-592.248,162.103
148.617,-592.337,162.114
148.645,-592.438,162.125
148.672,-592.527,162.147
148.709,-592.627,162.158
148.737,-592.716,162.169
148.765,-592.805,162.191
148.792,-592.905,162.202
148.820,-592.994,162.213
148.857,-593.094,162.224
148.884,-593.183,162.246
148.912,-593.283,162.268
148.940,-593.372,162.279
148.967,-593.472,162.290
148.995,-593.561,162.312
149.022,-593.661,162.323
149.050,-593.750,162.334
149.087,-593.850,162.345
149.114,-593.939,162.356
149.142,-594.039,162.367
149.170,-594.128,162.378
149.197,-594.217,162.389
149.225,-594.317,162.389
149.252,-594.406,162.400
149.280,-594.506,162.411
149.307,-594.595,162.422
149.344,-594.696,162.433
149.372,-594.785,162.444
149.400,-594.885,162.455
149.427,-594.974,162.466
149.455,-595.074,162.466
149.482,-595.163,162.477
149.510,-595.252,162.477
149.537,-595.352,162.488
149.565,-595.441,162.488
149.602,-595.541,162.499
149.630,-595.630,162.499
149.657,-595.730,162.499
149.685,-595.819,162.499
149.712,-595.908,162.499
149.740,-596.008,162.499
149.768,-596.097,162.499
149.795,-596.186,162.499
149.823,-596.286,162.499
149.850,-596.375,162.510
149.878,-596.475,162.510
149.905,-596.564,162.510
149.933,-596.653,162.510
149.970,-596.753,162.499
149.998,-596.842,162.499
150.025,-596.942,162.499
150.053,-597.031,162.499
150.081,-597.120,162.488
150.108,-597.220,162.477
150.136,-597.309,162.477
150.163,-597.398,162.466
150.191,-597.498,162.466
150.218,-597.587,162.455
150.246,-597.676,162.455
150.274,-597.776,162.444
150.301,-597.865,162.444
150.329,-597.954,162.433
150.356,-598.054,162.433
150.384,-598.143,162.422
150.412,-598.232,162.422
150.449,-598.333,162.422
150.476,-598.422,162.411
150.504,-598.511,162.411
150.531,-598.600,162.400
150.559,-598.700,162.400
150.587,-598.789,162.389
150.614,-598.878,162.389
150.642,-598.978,162.378
150.669,-599.067,162.378
150.697,-599.156,162.378
150.724,-599.256,162.367
150.752,-599.345,162.367
150.780,-599.434,162.367
150.807,-599.523,162.367
150.835,-599.623,162.378
150.862,-599.712,162.378
150.890,-599.801,162.378
150.927,-599.890,162.389
150.955,-599.990,162.389
150.982,-600.079,162.389
151.010,-600.168,162.400
151.038,-600.257,162.400
151.065,-600.357,162.400
151.093,-600.446,162.411
151.120,-600.535,162.411
151.148,-600.624,162.411
151.175,-600.724,162.411
151.203,-600.813,162.411
151.231,-600.902,162.422
151.258,-600.991,162.422
151.286,-601.080,162.422
151.313,-601.180,162.422
151.341,-601.269,162.433
151.369,-601.358,162.433
151.396,-601.447,162.433
151.424,-601.547,162.444
151.451,-601.636,162.455
151.479,-601.725,162.455
151.507,-601.814,162.466
151.534,-601.903,162.477
151.562,-601.992,162.488
151.589,-602.092,162.488
151.617,-602.181,162.499
151.645,-602.270,162.510
151.672,-602.359,162.510
151.700,-602.448,162.521
151.728,-602.537,162.521
151.755,-602.637,162.532
151.783,-602.726,162.543
151.810,-602.815,162.565
151.838,-602.904,162.576
151.866,-602.993,162.587
151.893,-603.082,162.609
151.921,-603.182,162.620
151.948,-603.271,162.642
151.976,-603.360,162.664
152.004,-603.449,162.686
152.031,-603.538,162.708
152.059,-603.627,162.729
152.086,-603.716,162.740
152.114,-603.805,162.762
152.132,-603.905,162.784
152.160,-603.994,162.806
152.187,-604.083,162.817
152.215,-604.172,162.839
152.243,-604.261,162.861
152.270,-604.350,162.883
152.298,-604.439,162.905
152.325,-604.528,162.927
152.353,-604.617,162.938
152.381,-604.706,162.960
152.408,-604.806,162.982
152.426,-604.895,163.004
152.463,-604.984,163.026
152.482,-605.073,163.048
152.509,-605.162,163.059
152.537,-605.251,163.081
152.564,-605.340,163.103
152.592,-605.429,163.125
152.620,-605.518,163.136
152.647,-605.607,163.158
152.665,-605.707,163.169
152.693,-605.795,163.191
152.720,-605.884,163.202
152.748,-605.973,163.224
152.776,-606.062,163.235
152.803,-606.151,163.246
152.821,-606.240,163.268
152.849,-606.329,163.279
152.877,-606.418,163.290
152.904,-606.507,163.301
152.932,-606.596,163.312
152.960,-606.685,163.323
152.978,-606.774,163.334
153.005,-606.863,163.345
153.033,-606.952,163.356
153.061,-607.041,163.356
153.088,-607.130,163.367
153.106,-607.230,163.367
153.134,-607.319,163.378
153.161,-607.408,163.378
153.189,-607.497,163.378
153.207,-607.586,163.378
153.235,-607.675,163.378
153.262,-607.764,163.378
153.290,-607.853,163.389
153.318,-607.942,163.389
153.336,-608.031,163.389
153.363,-608.120,163.389
153.391,-608.209,163.400
153.419,-608.298,163.400
153.437,-608.387,163.400
153.464,-608.476,163.400
153.492,-608.565,163.411
153.520,-608.653,163.411
153.538,-608.742,163.411
153.565,-608.831,163.411
153.593,-608.920,163.400
153.620,-609.009,163.400
153.648,-609.098,163.400
153.666,-609.187,163.400
153.694,-609.276,163.400
153.721,-609.365,163.400
153.749,-609.454,163.400
153.777,-609.543,163.389
153.795,-609.632,163.389
153.822,-609.721,163.389
153.850,-609.810,163.378
153.868,-609.888,163.378
153.896,-609.977,163.367
153.923,-610.066,163.345
153.951,-610.155,163.334
153.969,-610.244,163.323
153.997,-610.333,163.312
154.024,-610.422,163.290
154.052,-610.511,163.279
154.070,-610.599,163.257
154.098,-610.688,163.235
154.125,-610.777,163.213
154.153,-610.866,163.180
154.181,-610.955,163.158
154.199,-611.033,163.136
154.226,-611.122,163.125
154.254,-611.211,163.092
154.282,-611.300,163.070
154.309,-611.389,163.048
154.327,-611.478,163.015
154.355,-611.567,162.993
154.383,-611.656,162.960
154.410,-611.745,162.927
154.428,-611.834,162.894
154.456,-611.923,162.861
154.484,-612.001,162.828
154.511,-612.090,162.806
154.529,-612.179,162.773
154.557,-612.268,162.751
154.585,-612.357,162.719
154.612,-612.435,162.697
154.640,-612.523,162.664
154.668,-612.612,162.642
154.686,-612.701,162.609
154.713,-612.790,162.587
154.741,-612.868,162.565
154.769,-612.957,162.543
154.796,-613.046,162.510
154.824,-613.135,162.477
154.852,-613.224,162.455
154.870,-613.302,162.422
154.898,-613.391,162.400
154.925,-613.480,162.367
154.953,-613.569,162.334
154.980,-613.658,162.312
155.008,-613.736,162.290
155.036,-613.825,162.257
155.063,-613.914,162.235
155.091,-614.003,162.213
155.109,-614.092,162.180
155.137,-614.170,162.147
155.164,-614.259,162.114
155.192,-614.348,162.081
155.220,-614.437,162.048
155.247,-614.514,162.015
155.275,-614.603,161.982
155.303,-614.692,161.949
155.321,-614.770,161.917
155.349,-614.859,161.884
155.376,-614.948,161.851
155.404,-615.037,161.818
155.432,-615.115,161.785
155.459,-615.204,161.752
155.487,-615.293,161.730
155.515,-615.371,161.708
155.542,-615.460,161.675
155.570,-615.549,161.653
155.597,-615.638,161.631
155.625,-615.716,161.609
155.653,-615.805,161.587
155.680,-615.894,161.565
155.708,-615.983,161.543
155.736,-616.061,161.521
155.763,-616.150,161.499
155.791,-616.239,161.477
155.819,-616.317,161.455
155.846,-616.406,161.433
155.874,-616.483,161.411
155.902,-616.572,161.389
155.929,-616.661,161.378
155.957,-616.739,161.367
155.985,-616.828,161.356
156.013,-616.906,161.345
156.040,-616.995,161.334
156.068,-617.084,161.323
156.096,-617.162,161.323
156.123,-617.251,161.323
156.151,-617.340,161.323
156.178,-617.429,161.323
156.206,-617.507,161.323
156.234,-617.596,161.334
156.261,-617.685,161.334
156.289,-617.763,161.345
156.317,-617.852,161.356
156.345,-617.930,161.367
156.372,-618.019,161.378
156.400,-618.108,161.400
156.427,-618.186,161.411
156.446,-618.274,161.422
156.473,-618.352,161.444
156.501,-618.441,161.455
156.529,-618.519,161.477
156.556,-618.608,161.499
156.584,-618.697,161.510
156.612,-618.775,161.532
156.639,-618.864,161.554
156.667,-618.942,161.565
156.695,-619.031,161.587
156.722,-619.120,161.609
156.750,-619.198,161.631
156.778,-619.287,161.642
156.805,-619.365,161.664
156.833,-619.454,161.675
156.861,-619.532,161.697
156.888,-619.621,161.708
156.916,-619.710,161.719
156.934,-619.787,161.741
156.962,-619.876,161.752
156.990,-619.954,161.763
157.017,-620.043,161.785
157.045,-620.121,161.807
157.073,-620.210,161.818
157.100,-620.288,161.840
157.128,-620.377,161.862
157.146,-620.455,161.873
157.174,-620.544,161.895
157.201,-620.633,161.917
157.229,-620.711,161.927
157.257,-620.800,161.949
157.285,-620.878,161.960
157.312,-620.967,161.982
157.330,-621.044,161.993
157.358,-621.133,162.004
157.386,-621.211,162.026
157.413,-621.300,162.037
157.441,-621.378,162.059
157.469,-621.467,162.070
157.487,-621.556,162.081
157.515,-621.634,162.092
157.542,-621.723,162.103
157.570,-621.801,162.114
157.598,-621.890,162.125
157.616,-621.968,162.147
157.643,-622.057,162.158
157.671,-622.135,162.169
157.699,-622.224,162.180
157.727,-622.301,162.191
157.745,-622.390,162.213
157.772,-622.468,162.224
157.800,-622.557,162.235
157.828,-622.635,162.246
157.855,-622.724,162.246
157.874,-622.802,162.257
157.901,-622.891,162.268
157.929,-622.969,162.279
157.957,-623.058,162.279
157.975,-623.136,162.290
158.003,-623.213,162.301
158.030,-623.302,162.312
158.058,-623.380,162.323
158.086,-623.469,162.334
158.104,-623.547,162.345
158.131,-623.636,162.345
158.159,-623.714,162.356
158.187,-623.803,162.367
158.205,-623.881,162.378
158.233,-623.970,162.389
158.260,-624.048,162.389
158.288,-624.137,162.400
158.306,-624.214,162.411
158.334,-624.292,162.411
158.362,-624.381,162.422
158.389,-624.459,162.422
158.407,-624.548,162.433
158.435,-624.626,162.433
158.463,-624.715,162.444
158.481,-624.793,162.444
158.509,-624.871,162.444
158.536,-624.960,162.455
158.564,-625.038,162.455
158.582,-625.126,162.455
158.610,-625.204,162.444
158.638,-625.282,162.444
158.656,-625.371,162.444
158.684,-625.449,162.444
158.711,-625.538,162.433
158.739,-625.616,162.433
158.757,-625.694,162.411
158.785,-625.783,162.400
158.812,-625.861,162.389
158.831,-625.950,162.367
158.858,-626.027,162.345
158.886,-626.105,162.323
158.904,-626.194,162.301
158.932,-626.272,162.279
158.960,-626.350,162.246
158.978,-626.428,162.224
159.005,-626.517,162.202
159.033,-626.595,162.169
159.061,-626.673,162.136
159.079,-626.750,162.114
159.107,-626.839,162.081
159.135,-626.917,162.048
159.153,-626.995,162.026
159.181,-627.073,161.993
159.208,-627.162,161.960
159.236,-627.240,161.927
159.254,-627.318,161.895
159.282,-627.407,161.862
159.309,-627.485,161.829
159.337,-627.562,161.785
159.355,-627.640,161.752
159.383,-627.729,161.719
159.411,-627.807,161.686
159.439,-627.885,161.653
159.457,-627.963,161.620
159.484,-628.041,161.587
159.512,-628.119,161.554
159.530,-628.208,161.521
159.558,-628.285,161.499
159.586,-628.363,161.466
159.614,-628.441,161.444
159.641,-628.519,161.411
159.660,-628.597,161.378
159.687,-628.686,161.356
159.715,-628.764,161.323
159.743,-628.842,161.301
159.761,-628.920,161.268
159.789,-628.997,161.246
159.816,-629.075,161.224
159.844,-629.153,161.191
159.872,-629.231,161.169
159.890,-629.309,161.147
159.918,-629.387,161.125
159.946,-629.465,161.104
159.973,-629.543,161.093
159.992,-629.620,161.082
160.019,-629.709,161.060
160.047,-629.787,161.060
160.075,-629.865,161.049
160.102,-629.943,161.049
160.121,-630.021,161.038
160.148,-630.099,161.038
160.176,-630.177,161.038
160.204,-630.255,161.038
160.222,-630.332,161.049
160.250,-630.399,161.049
160.278,-630.477,161.060
160.305,-630.555,161.060
160.324,-630.633,161.071
160.351,-630.711,161.071
160.379,-630.789,161.082
160.397,-630.855,161.082
160.425,-630.933,161.093
160.453,-631.011,161.093
160.471,-631.078,161.093
160.499,-631.156,161.093
160.527,-631.234,161.093
160.545,-631.300,161.082
160.573,-631.378,161.082
160.601,-631.445,161.082
160.619,-631.523,161.082
160.647,-631.590,161.093
160.665,-631.668,161.093
160.693,-631.734,161.093
160.711,-631.801,161.093
160.730,-631.868,161.093
160.757,-631.946,161.104
160.776,-632.012,161.104
160.803,-632.079,161.115
160.822,-632.146,161.115
160.850,-632.213,161.125
160.868,-632.279,161.125
160.886,-632.346,161.136
160.905,-632.413,161.136
160.933,-632.480,161.147
160.951,-632.535,161.147
160.969,-632.602,161.147
160.997,-632.669,161.158
161.016,-632.724,161.158
161.034,-632.791,161.158
161.052,-632.858,161.158
161.071,-632.914,161.158
161.089,-632.980,161.158
161.117,-633.036,161.158
161.136,-633.092,161.169
161.154,-633.158,161.169
161.172,-633.214,161.169
161.191,-633.270,161.180
161.209,-633.325,161.180
161.228,-633.392,161.191
161.246,-633.448,161.202
161.265,-633.503,161.202
161.283,-633.559,161.213
161.301,-633.614,161.224
161.320,-633.670,161.235
161.338,-633.726,161.246
161.357,-633.781,161.257
161.375,-633.837,161.279
161.394,-633.893,161.290
161.412,-633.948,161.301
161.431,-634.004,161.312
161.449,-634.059,161.334
161.468,-634.115,161.345
161.486,-634.171,161.367
161.504,-634.226,161.389
161.513,-634.282,161.411
161.532,-634.338,161.433
161.550,-634.393,161.466
161.569,-634.449,161.499
161.587,-634.504,161.532
161.606,-634.560,161.576
161.624,-634.616,161.620
161.643,-634.671,161.664
161.661,-634.727,161.708
161.680,-634.783,161.752
161.698,-634.838,161.796
161.716,-634.894,161.851
161.735,-634.938,161.906
161.744,-634.994,161.949
161.762,-635.050,162.004
161.781,-635.105,162.059
161.799,-635.161,162.114
161.818,-635.216,162.169
161.836,-635.272,162.224
161.845,-635.328,162.279
161.864,-635.383,162.334
161.882,-635.439,162.389
161.901,-635.494,162.444
161.919,-635.539,162.510
161.928,-635.595,162.576
161.946,-635.650,162.631
161.965,-635.706,162.697
161.974,-635.761,162.762
161.992,-635.817,162.839
162.011,-635.873,162.905
162.029,-635.917,162.982
162.038,-635.973,163.059
162.057,-636.028,163.136
162.075,-636.084,163.224
162.084,-636.128,163.301
162.103,-636.184,163.389
162.121,-636.240,163.477
162.130,-636.295,163.564
162.149,-636.340,163.652
162.167,-636.395,163.751
162.176,-636.451,163.839
162.194,-636.506,163.938
162.213,-636.562,164.048
162.222,-636.618,164.158
162.240,-636.662,164.268
162.249,-636.718,164.388
162.268,-636.773,164.509
162.277,-636.829,164.630
162.295,-636.873,164.762
162.304,-636.929,164.894
162.323,-636.985,165.026
162.332,-637.040,165.157
162.350,-637.085,165.289
162.359,-637.140,165.421
162.378,-637.196,165.553
162.387,-637.251,165.685
162.396,-637.296,165.817
162.414,-637.351,165.938
162.423,-637.407,166.069
162.441,-637.462,166.201
162.450,-637.518,166.333
162.459,-637.562,166.476
162.468,-637.618,166.608
162.487,-637.674,166.750
162.496,-637.729,166.893
162.505,-637.774,167.047
162.523,-637.829,167.201
162.532,-637.885,167.355
162.541,-637.940,167.509
162.550,-637.985,167.673
162.559,-638.040,167.827
162.577,-638.096,167.992
162.586,-638.151,168.157
162.595,-638.196,168.322
162.604,-638.251,168.497
162.613,-638.307,168.662
162.622,-638.351,168.838
162.631,-638.407,169.014
162.650,-638.462,169.200
162.659,-638.518,169.376
162.668,-638.562,169.563
162.677,-638.618,169.761
162.685,-638.673,169.948
162.694,-638.729,170.145
162.703,-638.773,170.354
162.712,-638.829,170.563
162.712,-638.884,170.771
162.721,-638.940,170.991
162.730,-638.984,171.211
162.739,-639.040,171.431
162.748,-639.095,171.661
162.747,-639.151,171.892
162.756,-639.195,172.134
162.765,-639.251,172.365
162.774,-639.306,172.617
162.773,-639.351,172.859
162.782,-639.406,173.112
162.791,-639.462,173.364
162.791,-639.506,173.628
162.800,-639.562,173.881
162.799,-639.617,174.155
162.808,-639.661,174.430
162.817,-639.717,174.705
162.816,-639.772,174.979
162.825,-639.817,175.276
162.825,-639.872,175.562
162.824,-639.928,175.858
162.833,-639.972,176.166
162.833,-640.027,176.473
162.842,-640.083,176.781
162.841,-640.138,177.100
162.841,-640.183,177.418
162.840,-640.238,177.748
162.849,-640.294,178.088
162.848,-640.338,178.429
162.848,-640.393,178.781
162.847,-640.449,179.132
162.847,-640.493,179.495
162.846,-640.549,179.857
162.845,-640.604,180.231
162.845,-640.648,180.604
162.844,-640.704,180.978
162.844,-640.759,181.351
162.843,-640.804,181.736
162.843,-640.859,182.120
162.833,-640.903,182.516
162.832,-640.959,182.911
162.831,-641.014,183.318
162.831,-641.058,183.724
162.821,-641.114,184.142
162.820,-641.169,184.559
162.810,-641.213,184.988
162.809,-641.269,185.416
162.799,-641.313,185.856
162.799,-641.368,186.295
162.789,-641.424,186.735
162.788,-641.468,187.174
162.778,-641.523,187.614
162.768,-641.568,188.064
162.767,-641.623,188.503
162.757,-641.667,188.943
162.747,-641.723,189.393
162.737,-641.767,189.833
162.727,-641.822,190.272
162.717,-641.866,190.712
162.707,-641.922,191.162
162.697,-641.966,191.602
162.687,-642.021,192.052
162.677,-642.065,192.491
162.667,-642.110,192.942
162.647,-642.165,193.403
162.637,-642.209,193.854
162.627,-642.264,194.304
162.617,-642.309,194.766
162.597,-642.364,195.227
162.587,-642.408,195.677
162.577,-642.452,196.139
162.558,-642.508,196.600
162.547,-642.552,197.062
162.528,-642.596,197.512
162.508,-642.640,197.974
162.498,-642.695,198.424
162.479,-642.739,198.885
162.459,-642.784,199.336
162.449,-642.828,199.786
162.429,-642.883,200.237
162.410,-642.927,200.687
162.390,-642.971,201.138
162.371,-643.015,201.588
162.351,-643.060,202.039
162.332,-643.115,202.500
162.312,-643.159,202.961
162.292,-643.203,203.423
162.273,-643.247,203.895
162.253,-643.291,204.368
162.234,-643.335,204.840
162.205,-643.379,205.323
162.185,-643.435,205.807
162.165,-643.479,206.290
162.146,-643.523,206.774
162.117,-643.556,207.257
162.097,-643.600,207.740
162.068,-643.644,208.224
162.049,-643.688,208.707
162.020,-643.732,209.191
162.000,-643.776,209.685
161.971,-643.820,210.168
161.951,-643.864,210.652
161.922,-643.908,211.146
161.893,-643.952,211.630
161.864,-643.996,212.102
161.835,-644.029,212.585
161.816,-644.074,213.069
161.787,-644.118,213.541
161.758,-644.162,214.014
161.729,-644.194,214.486
161.699,-644.239,214.969
161.670,-644.283,215.442
161.641,-644.327,215.914
161.612,-644.359,216.398
161.574,-644.403,216.870
161.545,-644.447,217.354
161.516,-644.480,217.837
161.487,-644.524,218.320
161.448,-644.557,218.804
161.419,-644.601,219.287
161.390,-644.634,219.760
161.351,-644.678,220.243
161.322,-644.711,220.726
161.284,-644.755,221.199
161.255,-644.788,221.682
161.216,-644.821,222.166
161.187,-644.865,222.638
161.149,-644.898,223.121
161.120,-644.931,223.594
161.081,-644.963,224.077
161.043,-645.007,224.561
161.014,-645.040,225.033
160.975,-645.073,225.516
160.937,-645.106,225.989
160.898,-645.139,226.483
160.860,-645.172,226.967
160.821,-645.204,227.450
160.783,-645.248,227.933
160.744,-645.281,228.417
160.706,-645.314,228.900
160.667,-645.347,229.395
160.629,-645.380,229.878
160.590,-645.412,230.361
160.552,-645.445,230.834
160.513,-645.467,231.306
160.475,-645.500,231.779
160.436,-645.533,232.240
160.398,-645.566,232.701
160.350,-645.598,233.152
160.311,-645.620,233.591
160.273,-645.653,234.031
160.225,-645.686,234.470
160.186,-645.718,234.899
160.148,-645.740,235.316
160.100,-645.773,235.734
160.062,-645.795,236.140
160.013,-645.827,236.536
159.975,-645.860,236.931
159.927,-645.882,237.327
159.879,-645.915,237.711
159.841,-645.936,238.085
159.793,-645.969,238.447
159.754,-645.991,238.810
159.706,-646.012,239.161
159.658,-646.034,239.513
159.620,-646.056,239.843
159.572,-646.089,240.172
159.524,-646.110,240.480
159.476,-646.132,240.798
159.438,-646.165,241.095
159.390,-646.186,241.392
159.342,-646.208,241.677
159.294,-646.230,241.963
159.246,-646.262,242.238
159.198,-646.284,242.501
159.150,-646.306,242.765
159.112,-646.327,243.029
159.064,-646.349,243.281
159.016,-646.371,243.523
158.968,-646.392,243.776
158.920,-646.414,244.006
158.872,-646.447,244.237
158.824,-646.468,244.457
158.776,-646.490,244.666
158.728,-646.500,244.874
158.681,-646.522,245.083
158.623,-646.555,245.281
158.575,-646.576,245.479
158.527,-646.598,245.665
158.479,-646.609,245.852
158.431,-646.630,246.039
158.384,-646.652,246.215
158.336,-646.674,246.390
158.278,-646.695,246.555
158.230,-646.717,246.720
158.182,-646.738,246.885
158.134,-646.760,247.039
158.077,-646.782,247.192
158.029,-646.803,247.335
157.981,-646.814,247.478
157.933,-646.835,247.621
157.876,-646.857,247.753
157.828,-646.879,247.885
157.771,-646.900,248.005
157.723,-646.922,248.126
157.675,-646.932,248.236
157.627,-646.954,248.346
157.570,-646.975,248.445
157.522,-646.997,248.544
157.464,-647.019,248.632
157.416,-647.029,248.719
157.359,-647.051,248.796
157.311,-647.072,248.884
157.254,-647.094,248.961
157.206,-647.116,249.027
157.158,-647.126,249.093
157.101,-647.148,249.159
157.043,-647.169,249.225
156.995,-647.191,249.280
156.938,-647.212,249.335
156.890,-647.223,249.390
156.832,-647.245,249.445
156.775,-647.266,249.500
156.727,-647.288,249.554
156.670,-647.309,249.609
156.622,-647.320,249.653
156.564,-647.341,249.708
156.517,-647.363,249.763
156.459,-647.385,249.807
156.402,-647.395,249.851
156.354,-647.417,249.895
156.296,-647.438,249.939
156.239,-647.460,249.983
156.182,-647.481,250.027
156.134,-647.492,250.071
156.086,-647.513,250.115
156.028,-647.535,250.148
155.971,-647.545,250.192
155.914,-647.567,250.236
155.866,-647.589,250.269
155.808,-647.610,250.312
155.751,-647.632,250.345
155.694,-647.642,250.389
155.646,-647.664,250.433
155.588,-647.685,250.477
155.540,-647.696,250.521
155.483,-647.717,250.565
155.426,-647.739,250.609
155.368,-647.761,250.653
155.320,-647.771,250.697
155.263,-647.793,250.730
155.205,-647.814,250.785
155.148,-647.825,250.829
155.100,-647.846,250.873
155.043,-647.868,250.917
154.995,-647.878,250.961
154.937,-647.900,251.005
154.880,-647.921,251.060
154.823,-647.943,251.104
154.775,-647.954,251.158
154.717,-647.975,251.213
154.660,-647.986,251.268
154.603,-648.007,251.334
154.545,-648.029,251.400
154.497,-648.039,251.466
154.440,-648.061,251.543
154.392,-648.082,251.609
154.335,-648.093,251.686
154.277,-648.114,251.763
154.220,-648.125,251.851
154.172,-648.146,251.938
154.115,-648.168,252.026
154.057,-648.178,252.114
154.000,-648.200,252.213
153.952,-648.222,252.312
153.895,-648.232,252.422
153.847,-648.254,252.521
153.789,-648.264,252.631
153.732,-648.286,252.729
153.675,-648.296,252.839
153.627,-648.318,252.949
153.569,-648.328,253.059
153.512,-648.350,253.169
153.455,-648.360,253.279
153.407,-648.371,253.389
153.349,-648.392,253.499
153.292,-648.403,253.619
153.244,-648.424,253.729
153.187,-648.435,253.850
153.129,-648.456,253.960
153.082,-648.467,254.081
153.024,-648.477,254.191
152.967,-648.499,254.312
152.919,-648.510,254.421
152.862,-648.520,254.542
152.814,-648.542,254.663
152.756,-648.552,254.795
152.709,-648.563,254.916
152.651,-648.573,255.037
152.603,-648.595,255.157
152.546,-648.605,255.278
152.498,-648.616,255.399
152.441,-648.626,255.520
152.393,-648.637,255.652
152.336,-648.658,255.773
152.288,-648.669,255.894
152.240,-648.679,256.025
152.192,-648.690,256.146
152.135,-648.700,256.267
152.087,-648.711,256.388
152.040,-648.722,256.509
151.992,-648.743,256.619
151.944,-648.743,256.729
151.896,-648.753,256.838
151.848,-648.764,256.948
151.801,-648.774,257.058
151.753,-648.785,257.157
151.715,-648.796,257.267
151.667,-648.806,257.377
151.619,-648.817,257.487
151.571,-648.827,257.607
151.523,-648.838,257.717
151.476,-648.848,257.838
151.428,-648.848,257.970
151.390,-648.859,258.102
151.342,-648.869,258.234
151.294,-648.880,258.376
151.246,-648.890,258.519
151.199,-648.901,258.673
151.151,-648.900,258.838
151.113,-648.911,259.003
151.065,-648.921,259.178
151.017,-648.932,259.354
150.969,-648.932,259.541
150.922,-648.942,259.739
150.883,-648.953,259.937
150.836,-648.963,260.145
150.788,-648.974,260.343
150.740,-648.973,260.563
150.692,-648.984,260.771
150.654,-648.983,261.002
150.606,-648.994,261.222
150.559,-649.005,261.464
150.511,-649.004,261.705
150.463,-649.015,261.947
150.415,-649.025,262.200
150.377,-649.025,262.452
150.329,-649.035,262.716
150.282,-649.035,262.980
150.234,-649.045,263.254
150.186,-649.045,263.529
150.148,-649.056,263.804
150.100,-649.055,264.100
150.053,-649.054,264.386
150.005,-649.065,264.683
149.957,-649.064,264.979
149.919,-649.064,265.287
149.871,-649.075,265.594
149.824,-649.074,265.913
149.776,-649.074,266.232
149.738,-649.084,266.550
149.690,-649.084,266.880
149.642,-649.083,267.209
149.595,-649.083,267.550
149.547,-649.082,267.891
149.509,-649.082,268.242
149.461,-649.092,268.594
149.414,-649.092,268.945
149.366,-649.091,269.308
149.328,-649.091,269.681
149.280,-649.090,270.044
149.232,-649.090,270.428
149.194,-649.089,270.802
149.147,-649.089,271.187
149.099,-649.088,271.582
149.051,-649.077,271.978
149.013,-649.076,272.373
148.966,-649.076,272.769
148.918,-649.075,273.164
148.880,-649.075,273.571
148.832,-649.063,273.977
148.785,-649.063,274.384
148.746,-649.062,274.801
148.699,-649.051,275.219
148.651,-649.050,275.636
148.613,-649.050,276.064
148.566,-649.038,276.493
148.527,-649.038,276.921
148.480,-649.026,277.350
148.432,-649.026,277.789
148.394,-649.014,278.218
148.347,-649.002,278.657
148.309,-649.002,279.097
148.261,-648.990,279.536
148.223,-648.979,279.987
148.175,-648.978,280.426
148.137,-648.967,280.865
148.090,-648.955,281.316
148.052,-648.944,281.755
148.004,-648.943,282.206
147.966,-648.932,282.645
147.919,-648.920,283.096
147.881,-648.909,283.535
147.833,-648.897,283.986
147.795,-648.886,284.436
147.757,-648.874,284.886
147.709,-648.862,285.326
147.671,-648.851,285.787
147.633,-648.839,286.238
147.586,-648.828,286.699
147.548,-648.805,287.161
147.510,-648.794,287.633
147.462,-648.782,288.105
147.424,-648.771,288.578
147.386,-648.759,289.061
147.339,-648.736,289.545
147.301,-648.725,290.028
147.263,-648.713,290.522
147.225,-648.691,291.017
147.178,-648.679,291.511
147.140,-648.657,292.017
147.102,-648.645,292.522
147.064,-648.623,293.027
147.026,-648.611,293.533
146.988,-648.588,294.049
146.950,-648.577,294.554
146.912,-648.554,295.071
146.874,-648.532,295.598
146.836,-648.520,296.115
146.798,-648.498,296.642
146.760,-648.475,297.180
146.722,-648.452,297.708
146.684,-648.430,298.257
146.646,-648.418,298.795
146.609,-648.396,299.344
146.571,-648.373,299.905
146.533,-648.351,300.454
146.495,-648.328,301.014
146.457,-648.305,301.575
146.429,-648.283,302.135
146.391,-648.260,302.695
146.353,-648.238,303.256
146.315,-648.215,303.816
146.287,-648.182,304.376
146.249,-648.159,304.948
146.221,-648.137,305.508
146.183,-648.114,306.068
146.145,-648.080,306.628
146.117,-648.058,307.189
146.079,-648.035,307.760
146.050,-648.002,308.320
146.012,-647.979,308.881
145.984,-647.957,309.441
145.946,-647.923,310.012
145.918,-647.889,310.573
145.890,-647.867,311.144
145.852,-647.833,311.704
145.824,-647.811,312.275
145.795,-647.777,312.836
145.758,-647.755,313.407
145.729,-647.721,313.978
145.701,-647.687,314.550
145.673,-647.654,315.121
145.644,-647.631,315.692
145.616,-647.598,316.263
145.588,-647.564,316.835
145.550,-647.531,317.406
145.522,-647.497,317.977
145.494,-647.463,318.538
145.466,-647.430,319.098
145.437,-647.396,319.658
145.409,-647.363,320.229
145.390,-647.329,320.779
145.362,-647.296,321.339
145.334,-647.262,321.899
145.306,-647.229,322.449
145.277,-647.195,322.998
145.259,-647.162,323.558
145.231,-647.117,324.108
145.202,-647.083,324.646
145.174,-647.050,325.195
145.156,-647.005,325.734
145.127,-646.972,326.272
145.099,-646.938,326.799
145.081,-646.894,327.327
145.052,-646.860,327.843
145.034,-646.815,328.359
145.005,-646.782,328.854
144.987,-646.737,329.348
144.959,-646.693,329.832
144.940,-646.659,330.315
144.922,-646.615,330.776
144.893,-646.570,331.238
144.875,-646.537,331.688
144.856,-646.492,332.128
144.838,-646.447,332.556
144.809,-646.403,332.985
144.791,-646.358,333.391
144.772,-646.325,333.787
144.754,-646.280,334.171
144.725,-646.236,334.556
144.707,-646.191,334.918
144.688,-646.147,335.281
144.670,-646.102,335.632
144.651,-646.057,335.973
144.633,-646.013,336.302
144.614,-645.968,336.610
144.595,-645.924,336.918
144.577,-645.879,337.203
144.558,-645.835,337.489
144.540,-645.779,337.753
144.521,-645.735,338.005
144.503,-645.690,338.247
144.484,-645.645,338.478
144.475,-645.601,338.687
144.457,-645.545,338.895
144.438,-645.501,339.082
144.419,-645.456,339.269
144.401,-645.401,339.445
144.382,-645.356,339.609
144.373,-645.312,339.763
144.355,-645.256,339.906
144.336,-645.211,340.038
144.318,-645.156,340.170
144.299,-645.111,340.291
144.290,-645.067,340.400
144.272,-645.022,340.499
144.253,-644.967,340.587
144.244,-644.922,340.664
144.226,-644.867,340.741
144.207,-644.811,340.796
144.189,-644.766,340.862
144.170,-644.711,340.906
144.161,-644.666,340.950
144.143,-644.611,340.994
144.124,-644.566,341.027
144.115,-644.511,341.049
144.097,-644.455,341.071
144.078,-644.411,341.093
144.060,-644.355,341.104
144.041,-644.299,341.104
144.023,-644.244,341.104
144.004,-644.199,341.104
143.995,-644.144,341.093
143.977,-644.088,341.093
143.958,-644.043,341.071
143.940,-643.988,341.060
143.921,-643.932,341.038
143.903,-643.876,341.016
143.884,-643.821,340.994
143.866,-643.765,340.972
143.847,-643.721,340.950
143.838,-643.665,340.928
143.820,-643.610,340.906
143.802,-643.554,340.884
143.783,-643.498,340.862
143.765,-643.443,340.851
143.746,-643.387,340.829
143.728,-643.331,340.807
143.709,-643.276,340.796
143.691,-643.220,340.774
143.672,-643.165,340.763
143.654,-643.109,340.741
143.626,-643.053,340.730
143.617,-642.998,340.719
143.589,-642.942,340.697
143.571,-642.886,340.675
143.552,-642.831,340.664
143.534,-642.775,340.642
143.515,-642.708,340.620
143.497,-642.653,340.598
143.478,-642.597,340.576
143.460,-642.541,340.554
143.441,-642.486,340.532
143.423,-642.430,340.510
143.405,-642.375,340.488
143.377,-642.308,340.466
143.358,-642.252,340.444
143.340,-642.196,340.422
143.321,-642.130,340.411
143.303,-642.074,340.389
143.285,-642.018,340.367
143.257,-641.952,340.345
143.238,-641.896,340.334
143.220,-641.840,340.312
143.201,-641.785,340.302
143.173,-641.718,340.291
143.155,-641.662,340.269
143.137,-641.596,340.258
143.118,-641.540,340.247
143.090,-641.484,340.236
143.072,-641.418,340.214
143.053,-641.362,340.203
143.035,-641.295,340.181
143.007,-641.239,340.170
142.989,-641.184,340.148
142.970,-641.117,340.126
142.942,-641.050,340.115
142.924,-640.995,340.093
142.906,-640.928,340.082
142.887,-640.872,340.060
142.859,-640.805,340.049
142.841,-640.750,340.038
142.822,-640.683,340.027
142.795,-640.616,340.016
142.776,-640.561,340.005
142.748,-640.494,340.005
142.730,-640.438,339.994
142.711,-640.372,339.983
142.684,-640.305,339.983
142.665,-640.249,339.972
142.647,-640.182,339.961
142.619,-640.116,339.961
142.601,-640.060,339.950
142.573,-639.993,339.950
142.554,-639.926,339.939
142.526,-639.871,339.939
142.508,-639.804,339.928
142.490,-639.737,339.928
142.462,-639.670,339.928
142.443,-639.604,339.928
142.416,-639.537,339.928
142.397,-639.481,339.917
142.369,-639.414,339.917
142.351,-639.348,339.917
142.323,-639.281,339.917
142.305,-639.225,339.917
142.277,-639.158,339.906
142.258,-639.092,339.906
142.231,-639.025,339.906
142.212,-638.958,339.906
142.184,-638.891,339.906
142.166,-638.825,339.906
142.138,-638.758,339.906
142.120,-638.691,339.906
142.092,-638.624,339.917
142.074,-638.558,339.917
142.046,-638.491,339.928
142.027,-638.424,339.939
142.000,-638.357,339.950
141.972,-638.290,339.961
141.953,-638.224,339.983
141.925,-638.157,339.994
141.907,-638.090,340.016
141.879,-638.023,340.038
141.861,-637.957,340.060
141.833,-637.879,340.082
141.805,-637.812,340.104
141.787,-637.745,340.126
141.759,-637.678,340.159
141.741,-637.612,340.181
141.713,-637.545,340.214
141.685,-637.467,340.236
141.667,-637.400,340.269
141.639,-637.333,340.302
141.621,-637.267,340.323
141.593,-637.200,340.356
141.565,-637.122,340.389
141.547,-637.055,340.433
141.519,-636.988,340.466
141.501,-636.911,340.499
141.473,-636.844,340.532
141.445,-636.777,340.576
141.427,-636.699,340.609
141.399,-636.632,340.642
141.371,-636.566,340.686
141.353,-636.488,340.719
141.325,-636.421,340.752
141.307,-636.343,340.785
141.279,-636.276,340.807
141.251,-636.210,340.840
141.233,-636.132,340.873
141.205,-636.065,340.895
141.187,-635.987,340.917
141.159,-635.920,340.950
141.131,-635.842,340.972
141.113,-635.776,340.994
141.085,-635.698,341.016
141.067,-635.631,341.049
141.039,-635.553,341.060
141.011,-635.475,341.082
140.993,-635.409,341.104
140.965,-635.331,341.115
140.937,-635.264,341.125
140.919,-635.186,341.136
140.891,-635.108,341.147
140.863,-635.041,341.158
140.845,-634.964,341.169
140.817,-634.886,341.180
140.799,-634.819,341.180
140.771,-634.741,341.191
140.743,-634.663,341.191
140.725,-634.596,341.202
140.697,-634.519,341.202
140.670,-634.441,341.202
140.651,-634.363,341.202
140.624,-634.296,341.202
140.596,-634.218,341.202
140.578,-634.140,341.202
140.550,-634.062,341.202
140.522,-633.984,341.202
140.504,-633.918,341.202
140.476,-633.840,341.202
140.448,-633.762,341.202
140.421,-633.684,341.202
140.402,-633.606,341.202
140.374,-633.539,341.202
140.347,-633.462,341.213
140.329,-633.384,341.213
140.301,-633.306,341.213
140.273,-633.228,341.213
140.255,-633.150,341.224
140.227,-633.072,341.224
140.199,-632.994,341.224
140.171,-632.928,341.224
140.144,-632.850,341.224
140.125,-632.772,341.224
140.098,-632.694,341.224
140.070,-632.616,341.224
140.042,-632.538,341.213
140.024,-632.460,341.213
139.996,-632.382,341.213
139.969,-632.305,341.202
139.950,-632.227,341.202
139.923,-632.149,341.191
139.895,-632.071,341.191
139.867,-631.993,341.180
139.849,-631.915,341.180
139.821,-631.837,341.180
139.793,-631.759,341.169
139.766,-631.682,341.169
139.738,-631.604,341.169
139.720,-631.526,341.169
139.692,-631.448,341.169
139.664,-631.370,341.169
139.636,-631.292,341.180
139.609,-631.214,341.180
139.590,-631.136,341.169
139.563,-631.047,341.169
139.535,-630.970,341.169
139.507,-630.892,341.169
139.480,-630.814,341.169
139.461,-630.736,341.169
139.434,-630.658,341.169
139.406,-630.580,341.169
139.378,-630.502,341.169
139.350,-630.424,341.169
139.323,-630.335,341.169
139.305,-630.258,341.169
139.277,-630.180,341.169
139.249,-630.102,341.169
139.221,-630.024,341.169
139.194,-629.946,341.169
139.166,-629.868,341.169
139.148,-629.779,341.169
139.120,-629.701,341.169
139.092,-629.623,341.180
139.065,-629.545,341.180
139.037,-629.456,341.191
139.009,-629.379,341.191
138.981,-629.301,341.191
138.963,-629.223,341.202
138.935,-629.145,341.202
138.908,-629.056,341.202
138.880,-628.978,341.202
138.852,-628.900,341.202
138.825,-628.822,341.202
138.797,-628.733,341.202
138.769,-628.655,341.202
138.751,-628.578,341.202
138.723,-628.500,341.202
138.696,-628.411,341.202
138.668,-628.333,341.202
138.640,-628.255,341.191
138.612,-628.177,341.191
138.585,-628.088,341.191
138.557,-628.010,341.191
138.539,-627.932,341.191
138.511,-627.843,341.191
138.483,-627.765,341.191
138.456,-627.687,341.202
138.428,-627.610,341.202
138.400,-627.521,341.202
138.373,-627.443,341.213
138.345,-627.354,341.213
138.317,-627.276,341.213
138.299,-627.198,341.213
138.271,-627.109,341.213
138.244,-627.031,341.213
138.216,-626.953,341.213
138.188,-626.875,341.213
138.161,-626.786,341.202
138.133,-626.708,341.202
138.105,-626.631,341.202
138.077,-626.542,341.191
138.050,-626.464,341.191
138.022,-626.375,341.191
137.994,-626.297,341.191
137.976,-626.219,341.191
137.948,-626.130,341.191
137.921,-626.052,341.180
137.893,-625.963,341.180
137.865,-625.885,341.180
137.838,-625.807,341.180
137.810,-625.718,341.180
137.782,-625.640,341.180
137.755,-625.551,341.180
137.727,-625.474,341.180
137.699,-625.396,341.180
137.671,-625.307,341.180
137.653,-625.229,341.180
137.626,-625.140,341.180
137.598,-625.062,341.180
137.570,-624.984,341.180
137.543,-624.895,341.180
137.515,-624.817,341.180
137.487,-624.728,341.169
137.459,-624.650,341.169
137.432,-624.561,341.169
137.404,-624.483,341.169
137.376,-624.405,341.158
137.349,-624.316,341.158
137.321,-624.239,341.158
137.293,-624.150,341.147
137.266,-624.072,341.147
137.238,-623.983,341.147
137.210,-623.905,341.136
137.183,-623.816,341.125
137.155,-623.738,341.125
137.127,-623.649,341.125
137.099,-623.571,341.115
137.072,-623.482,341.115
137.044,-623.404,341.115
137.016,-623.315,341.115
136.989,-623.237,341.115
136.961,-623.148,341.115
136.933,-623.070,341.115
136.906,-622.981,341.104
136.878,-622.903,341.104
136.850,-622.814,341.104
136.823,-622.737,341.104
136.795,-622.648,341.104
136.767,-622.570,341.104
136.740,-622.481,341.104
136.712,-622.403,341.093
136.684,-622.314,341.093
136.656,-622.236,341.082
136.629,-622.147,341.082
136.601,-622.058,341.071
136.573,-621.980,341.060
136.546,-621.891,341.060
136.518,-621.813,341.049
136.490,-621.724,341.049
136.463,-621.646,341.049
136.435,-621.557,341.038
136.407,-621.479,341.038
136.380,-621.390,341.038
136.352,-621.301,341.038
136.324,-621.224,341.038
136.297,-621.135,341.027
136.269,-621.057,341.027
136.241,-620.968,341.027
136.214,-620.890,341.027
136.186,-620.801,341.027
136.158,-620.712,341.016
136.121,-620.634,341.016
136.093,-620.545,341.016
136.066,-620.456,341.005
136.038,-620.378,341.005
136.010,-620.289,340.994
135.983,-620.211,340.994
135.955,-620.122,340.983
135.928,-620.033,340.983
135.900,-619.955,340.972
135.872,-619.866,340.972
135.845,-619.777,340.972
135.817,-619.699,340.972
135.789,-619.610,340.972
135.761,-619.532,340.983
135.734,-619.443,340.983
135.706,-619.354,340.994
135.678,-619.276,341.005
135.651,-619.187,341.016
135.623,-619.110,341.027
135.595,-619.021,341.049
135.568,-618.932,341.060
135.531,-618.843,341.082
135.503,-618.765,341.093
135.475,-618.676,341.115
135.448,-618.587,341.125
135.420,-618.509,341.136
135.392,-618.420,341.158
135.365,-618.331,341.180
135.337,-618.253,341.202
135.309,-618.164,341.213
135.282,-618.075,341.235
135.254,-617.997,341.257
135.226,-617.908,341.279
135.199,-617.819,341.301
135.171,-617.741,341.323
135.143,-617.652,341.345
135.116,-617.563,341.378
135.088,-617.485,341.400
135.060,-617.396,341.433
135.033,-617.307,341.477
135.005,-617.218,341.510
134.977,-617.129,341.543
134.950,-617.051,341.576
134.922,-616.962,341.620
134.894,-616.873,341.653
134.867,-616.796,341.686
134.839,-616.707,341.719
134.811,-616.618,341.752
134.784,-616.529,341.785
134.756,-616.451,341.818
134.728,-616.362,341.851
134.701,-616.273,341.884
134.673,-616.184,341.917
134.645,-616.106,341.949
134.618,-616.017,341.982
134.590,-615.928,342.015
134.563,-615.839,342.048
134.535,-615.750,342.081
134.507,-615.672,342.114
134.480,-615.583,342.147
134.452,-615.494,342.180
134.424,-615.405,342.213
134.406,-615.316,342.246
134.379,-615.227,342.279
134.351,-615.138,342.312
134.323,-615.060,342.345
134.296,-614.971,342.378
134.268,-614.882,342.411
134.240,-614.793,342.455
134.213,-614.704,342.488
134.185,-614.615,342.510
134.157,-614.537,342.543
134.130,-614.448,342.576
134.112,-614.360,342.609
134.084,-614.271,342.631
134.056,-614.182,342.664
134.029,-614.093,342.686
134.001,-614.015,342.708
133.973,-613.926,342.719
133.946,-613.837,342.740
133.928,-613.748,342.762
133.900,-613.659,342.773
133.872,-613.570,342.795
133.845,-613.481,342.806
133.817,-613.392,342.817
133.790,-613.303,342.828
133.771,-613.214,342.839
133.744,-613.125,342.850
133.716,-613.047,342.861
133.689,-612.947,342.872
133.661,-612.869,342.883
133.643,-612.780,342.883
133.615,-612.691,342.894
133.588,-612.602,342.894
133.560,-612.513,342.905
133.532,-612.424,342.905
133.505,-612.335,342.916
133.487,-612.246,342.916
133.459,-612.157,342.927
133.431,-612.069,342.927
133.404,-611.980,342.927
133.376,-611.891,342.927
133.348,-611.802,342.927
133.321,-611.713,342.916
133.303,-611.624,342.916
133.275,-611.535,342.916
133.247,-611.457,342.905
133.220,-611.368,342.905
133.192,-611.279,342.905
133.164,-611.190,342.905
133.146,-611.101,342.894
133.119,-611.012,342.894
133.091,-610.923,342.894
133.064,-610.834,342.883
133.036,-610.745,342.883
133.008,-610.656,342.883
132.990,-610.567,342.872
132.963,-610.478,342.872
132.935,-610.389,342.872
132.907,-610.300,342.861
132.880,-610.211,342.861
132.852,-610.122,342.861
132.824,-610.033,342.850
132.797,-609.944,342.850
132.779,-609.855,342.850
132.751,-609.766,342.839
132.723,-609.677,342.839
132.696,-609.588,342.839
132.668,-609.499,342.828
132.641,-609.410,342.828
132.613,-609.321,342.817
132.595,-609.233,342.817
132.567,-609.144,342.817
132.540,-609.055,342.806
132.512,-608.966,342.806
132.484,-608.877,342.795
132.457,-608.788,342.795
132.429,-608.699,342.795
132.411,-608.610,342.784
132.383,-608.521,342.773
132.356,-608.432,342.773
132.328,-608.343,342.762
132.301,-608.254,342.751
132.273,-608.165,342.751
132.245,-608.076,342.740
132.218,-607.987,342.729
132.190,-607.898,342.729
132.172,-607.809,342.719
132.144,-607.720,342.719
132.117,-607.631,342.708
132.089,-607.542,342.708
132.061,-607.453,342.697
132.034,-607.364,342.697
132.006,-607.275,342.697
131.979,-607.186,342.686
131.951,-607.097,342.686
131.923,-607.008,342.686
131.905,-606.919,342.675
131.878,-606.830,342.675
131.850,-606.730,342.675
131.823,-606.641,342.664
131.795,-606.552,342.653
131.767,-606.463,342.642
131.740,-606.374,342.631
131.712,-606.285,342.631
131.684,-606.196,342.620
131.657,-606.107,342.620
131.629,-606.018,342.609
131.602,-605.929,342.609
131.574,-605.840,342.609
131.546,-605.751,342.598
131.519,-605.662,342.598
131.501,-605.573,342.587
131.473,-605.484,342.587
131.445,-605.395,342.576
131.418,-605.307,342.576
131.390,-605.218,342.565
131.362,-605.129,342.554
131.335,-605.040,342.554
131.307,-604.951,342.543
131.280,-604.850,342.532
131.252,-604.761,342.532
131.224,-604.673,342.521
131.197,-604.584,342.521
131.169,-604.495,342.510
131.142,-604.406,342.499
131.114,-604.317,342.499
131.096,-604.228,342.499
131.068,-604.139,342.488
131.031,-604.050,342.477
131.003,-603.961,342.477
130.985,-603.872,342.466
130.958,-603.783,342.455
130.930,-603.694,342.444
130.902,-603.605,342.433
130.875,-603.516,342.422
130.847,-603.427,342.411
130.820,-603.327,342.400
130.792,-603.238,342.389
130.765,-603.149,342.378
130.737,-603.060,342.378
130.709,-602.971,342.367
130.682,-602.882,342.356
130.654,-602.793,342.356
130.626,-602.704,342.345
130.599,-602.615,342.345
130.571,-602.526,342.334
130.544,-602.437,342.334
130.516,-602.348,342.334
130.488,-602.259,342.323
130.461,-602.159,342.312
130.433,-602.070,342.312
130.406,-601.981,342.301
130.378,-601.892,342.290
130.350,-601.803,342.279
130.323,-601.714,342.268
130.295,-601.625,342.257
130.267,-601.536,342.246
130.240,-601.447,342.246
130.212,-601.358,342.235
130.185,-601.269,342.224
130.157,-601.169,342.224
130.129,-601.080,342.213
130.102,-600.991,342.213
130.074,-600.902,342.202
130.047,-600.813,342.202
130.019,-600.724,342.191
129.991,-600.635,342.180
129.964,-600.546,342.180
129.936,-600.457,342.169
129.909,-600.357,342.158
129.881,-600.268,342.147
129.853,-600.179,342.147
129.826,-600.090,342.136
129.798,-600.001,342.125
129.770,-599.912,342.114
129.743,-599.823,342.114
129.715,-599.734,342.103
129.688,-599.645,342.092
129.651,-599.545,342.081
129.623,-599.456,342.070
129.595,-599.367,342.059
129.568,-599.278,342.048
129.540,-599.189,342.037
129.512,-599.100,342.026
129.485,-599.011,342.015
129.457,-598.922,342.004
129.430,-598.833,342.004
129.402,-598.744,341.993
129.374,-598.644,341.982
129.347,-598.555,341.971
129.319,-598.466,341.971
129.292,-598.377,341.960
129.264,-598.288,341.949
129.236,-598.199,341.938
129.209,-598.110,341.927
129.172,-598.010,341.927
129.144,-597.921,341.917
129.116,-597.832,341.906
129.089,-597.743,341.895
129.061,-597.654,341.884
129.033,-597.565,341.873
129.006,-597.476,341.862
128.978,-597.376,341.851
128.951,-597.287,341.840
128.923,-597.198,341.840
128.895,-597.109,341.829
128.858,-597.020,341.818
128.831,-596.931,341.807
128.803,-596.842,341.796
128.776,-596.742,341.796
128.748,-596.653,341.785
128.720,-596.564,341.774
128.693,-596.475,341.763
128.665,-596.386,341.741
128.637,-596.297,341.730
128.610,-596.208,341.719
128.573,-596.108,341.708
128.545,-596.019,341.697
128.518,-595.930,341.686
128.490,-595.841,341.675
128.462,-595.752,341.675
128.425,-595.663,341.664
128.398,-595.563,341.653
128.370,-595.474,341.642
128.342,-595.385,341.631
128.315,-595.296,341.620
128.287,-595.207,341.609
128.260,-595.118,341.598
128.232,-595.018,341.598
128.195,-594.928,341.587
128.167,-594.839,341.576
128.140,-594.751,341.565
128.112,-594.662,341.554
128.084,-594.561,341.543
128.057,-594.472,341.532
128.020,-594.383,341.521
127.992,-594.294,341.510
127.964,-594.205,341.499
127.937,-594.105,341.488
127.900,-594.016,341.477
127.872,-593.927,341.477
127.845,-593.838,341.466
127.817,-593.749,341.455
127.789,-593.660,341.455
127.762,-593.560,341.444
127.725,-593.471,341.433
127.697,-593.382,341.422
127.669,-593.293,341.411
127.642,-593.204,341.400
127.614,-593.104,341.389
127.577,-593.015,341.378
127.550,-592.926,341.367
127.522,-592.837,341.356
127.494,-592.748,341.345
127.467,-592.648,341.334
127.430,-592.559,341.334
127.402,-592.470,341.323
127.374,-592.381,341.312
127.347,-592.292,341.301
127.310,-592.192,341.290
127.282,-592.103,341.290
127.254,-592.014,341.279
127.227,-591.925,341.268
127.190,-591.836,341.257
127.162,-591.736,341.257
127.135,-591.647,341.246
127.107,-591.558,341.235
127.079,-591.469,341.235
127.042,-591.369,341.224
127.015,-591.280,341.224
126.987,-591.191,341.213
126.959,-591.102,341.213
126.922,-591.001,341.213
126.895,-590.912,341.213
126.867,-590.823,341.213
126.839,-590.734,341.213
126.802,-590.645,341.213
126.775,-590.545,341.213
126.747,-590.456,341.213
126.720,-590.367,341.213
126.683,-590.267,341.213
126.655,-590.178,341.213
126.627,-590.089,341.213
126.590,-590.000,341.213
126.563,-589.911,341.213
126.535,-589.811,341.213
126.507,-589.722,341.213
126.470,-589.633,341.213
126.443,-589.533,341.213
126.415,-589.444,341.213
126.378,-589.355,341.213
126.350,-589.266,341.213
126.323,-589.166,341.213
126.295,-589.077,341.224
126.258,-588.988,341.224
126.230,-588.899,341.224
126.203,-588.799,341.224
126.175,-588.710,341.235
126.138,-588.621,341.235
126.111,-588.520,341.246
126.083,-588.431,341.246
126.055,-588.342,341.246
126.018,-588.253,341.257
125.991,-588.153,341.257
125.963,-588.064,341.268
125.935,-587.975,341.268
125.898,-587.875,341.279
125.871,-587.786,341.290
125.843,-587.697,341.290
125.806,-587.597,341.301
125.779,-587.508,341.312
125.751,-587.419,341.312
125.723,-587.330,341.323
125.686,-587.230,341.334
125.659,-587.141,341.334
125.631,-587.052,341.345
125.603,-586.952,341.356
125.566,-586.863,341.367
125.539,-586.774,341.378
125.511,-586.674,341.389
125.484,-586.585,341.400
125.446,-586.496,341.400
125.419,-586.396,341.411
125.391,-586.307,341.422
125.364,-586.218,341.433
125.327,-586.117,341.444
125.299,-586.028,341.455
125.271,-585.939,341.466
125.234,-585.839,341.477
125.207,-585.750,341.488
125.179,-585.661,341.499
125.151,-585.572,341.510
125.124,-585.472,341.521
125.087,-585.383,341.532
125.059,-585.294,341.543
125.032,-585.194,341.554
125.004,-585.105,341.565
124.967,-585.016,341.576
124.939,-584.916,341.587
124.912,-584.827,341.598
124.884,-584.727,341.609
124.857,-584.638,341.620
124.820,-584.549,341.631
124.792,-584.449,341.653
124.764,-584.360,341.664
124.737,-584.271,341.675
124.700,-584.171,341.686
124.672,-584.082,341.697
124.644,-583.993,341.708
124.617,-583.904,341.719
124.580,-583.803,341.730
124.552,-583.714,341.741
124.525,-583.625,341.752
124.497,-583.525,341.763
124.469,-583.436,341.774
124.442,-583.347,341.785
124.405,-583.247,341.785
124.377,-583.158,341.796
124.350,-583.058,341.796
124.322,-582.969,341.796
124.294,-582.880,341.796
124.267,-582.780,341.807
124.230,-582.691,341.807
124.202,-582.602,341.818
124.175,-582.502,341.818
124.147,-582.413,341.818
124.119,-582.324,341.829
124.082,-582.224,341.829
124.055,-582.135,341.840
124.027,-582.046,341.851
124.000,-581.946,341.851
123.972,-581.857,341.862
123.935,-581.768,341.862
123.907,-581.668,341.873
123.880,-581.579,341.884
123.852,-581.490,341.884
123.825,-581.390,341.884
123.797,-581.301,341.895
123.760,-581.212,341.895
123.732,-581.111,341.895
123.705,-581.022,341.895
123.677,-580.933,341.895
123.650,-580.833,341.895
123.622,-580.744,341.895
123.594,-580.655,341.895
123.557,-580.555,341.895
123.530,-580.466,341.895
123.502,-580.377,341.906
123.475,-580.277,341.906
123.447,-580.188,341.906
123.419,-580.088,341.917
123.382,-579.999,341.917
123.355,-579.910,341.917
123.327,-579.810,341.917
123.299,-579.721,341.927
123.272,-579.632,341.927
123.244,-579.532,341.927
123.207,-579.443,341.927
123.180,-579.354,341.917
123.152,-579.254,341.917
123.124,-579.165,341.917
123.097,-579.076,341.917
123.069,-578.976,341.906
123.042,-578.887,341.906
123.005,-578.798,341.906
122.977,-578.698,341.895
122.949,-578.609,341.895
122.922,-578.520,341.895
122.894,-578.420,341.906
122.867,-578.331,341.906
122.830,-578.242,341.906
122.802,-578.141,341.906
122.774,-578.052,341.906
122.747,-577.952,341.906
122.719,-577.863,341.906
122.692,-577.774,341.906
122.664,-577.674,341.906
122.627,-577.585,341.906
122.599,-577.496,341.906
122.572,-577.396,341.906
122.544,-577.307,341.906
122.517,-577.218,341.906
122.479,-577.129,341.906
122.452,-577.029,341.906
122.424,-576.940,341.906
122.397,-576.851,341.906
122.369,-576.751,341.906
122.342,-576.662,341.906
122.305,-576.562,341.906
122.277,-576.473,341.906
122.249,-576.384,341.917
122.222,-576.284,341.917
122.194,-576.195,341.917
122.167,-576.106,341.927
122.130,-576.006,341.927
122.102,-575.917,341.927
122.074,-575.828,341.938
122.047,-575.739,341.938
122.019,-575.639,341.949
121.992,-575.550,341.949
121.964,-575.461,341.960
121.927,-575.361,341.960
121.899,-575.272,341.971
121.872,-575.183,341.971
121.844,-575.094,341.982
121.816,-574.993,341.993
121.789,-574.905,341.993
121.761,-574.816,342.004
121.724,-574.715,342.015
121.697,-574.626,342.026
121.669,-574.526,342.037
121.641,-574.437,342.048
121.614,-574.348,342.070
121.586,-574.248,342.081
121.559,-574.159,342.092
121.522,-574.070,342.114
121.494,-573.981,342.136
121.466,-573.881,342.147
121.439,-573.792,342.169
121.411,-573.703,342.180
121.384,-573.614,342.202
121.356,-573.514,342.224
121.328,-573.425,342.246
121.301,-573.336,342.268
121.273,-573.236,342.279
121.246,-573.147,342.301
121.218,-573.058,342.323
121.190,-572.969,342.345
121.163,-572.869,342.367
121.126,-572.780,342.389
121.098,-572.680,342.411
121.071,-572.591,342.433
121.043,-572.502,342.455
121.016,-572.402,342.477
120.988,-572.313,342.510
120.960,-572.224,342.532
120.933,-572.135,342.554
120.905,-572.035,342.576
120.878,-571.946,342.598
120.850,-571.857,342.620
120.822,-571.757,342.642
120.795,-571.668,342.664
120.767,-571.579,342.675
120.740,-571.479,342.697
120.712,-571.390,342.719
120.684,-571.301,342.729
120.657,-571.212,342.751
120.629,-571.112,342.762
120.602,-571.023,342.773
120.574,-570.934,342.784
120.547,-570.834,342.806
120.519,-570.745,342.817
120.491,-570.656,342.828
120.464,-570.556,342.839
120.436,-570.467,342.850
120.409,-570.378,342.861
120.381,-570.278,342.883
120.353,-570.189,342.883
120.326,-570.100,342.905
120.298,-570.011,342.916
120.271,-569.911,342.927
120.243,-569.822,342.938
120.215,-569.733,342.938
120.188,-569.632,342.960
120.170,-569.544,342.971
120.142,-569.455,342.993
120.115,-569.355,343.015
120.087,-569.266,343.037
120.050,-569.176,343.059
120.022,-569.076,343.092
119.995,-568.987,343.114
119.977,-568.899,343.147
119.949,-568.798,343.180
119.922,-568.709,343.213
119.894,-568.620,343.235
119.866,-568.520,343.268
119.839,-568.431,343.290
119.811,-568.342,343.323
119.784,-568.253,343.356
119.766,-568.153,343.378
119.738,-568.064,343.400
119.710,-567.976,343.422
119.683,-567.875,343.455
119.655,-567.786,343.477
119.628,-567.697,343.499
119.600,-567.608,343.531
119.582,-567.509,343.553
119.554,-567.420,343.586
119.527,-567.331,343.608
119.499,-567.230,343.641
119.472,-567.141,343.663
119.444,-567.053,343.685
119.417,-566.952,343.707
119.389,-566.863,343.740
119.371,-566.775,343.751
119.343,-566.686,343.773
119.316,-566.586,343.773
119.288,-566.497,343.784
119.261,-566.396,343.795
119.242,-566.308,343.795
119.215,-566.219,343.795
119.187,-566.119,343.784
119.160,-566.030,343.784
119.132,-565.941,343.773
119.114,-565.852,343.762
119.086,-565.752,343.740
119.059,-565.663,343.729
119.031,-565.574,343.718
119.004,-565.474,343.696
118.986,-565.385,343.685
118.958,-565.296,343.674
118.930,-565.207,343.663
118.903,-565.107,343.641
118.875,-565.018,343.630
118.857,-564.929,343.608
118.830,-564.829,343.586
118.802,-564.740,343.564
118.774,-564.651,343.542
118.747,-564.551,343.531
118.719,-564.462,343.510
118.692,-564.362,343.499
118.674,-564.273,343.477
118.646,-564.184,343.466
118.619,-564.084,343.455
118.591,-563.995,343.433
118.563,-563.906,343.411
118.536,-563.806,343.389
118.508,-563.717,343.378
118.481,-563.628,343.356
118.463,-563.539,343.345
118.435,-563.439,343.323
118.407,-563.350,343.301
118.380,-563.261,343.279
118.352,-563.161,343.268
118.325,-563.072,343.246
118.297,-562.983,343.235
118.269,-562.894,343.213
118.242,-562.794,343.202
118.214,-562.705,343.191
118.187,-562.605,343.169
118.169,-562.516,343.158
118.141,-562.427,343.147
118.114,-562.327,343.136
118.086,-562.238,343.125
118.058,-562.149,343.103
118.031,-562.049,343.092
118.003,-561.960,343.081
117.976,-561.871,343.070
117.948,-561.782,343.059
117.920,-561.682,343.048
117.893,-561.593,343.037
117.865,-561.504,343.015
117.838,-561.404,343.004
117.810,-561.315,342.982
117.782,-561.226,342.971
117.755,-561.125,342.949
117.737,-561.037,342.938
117.709,-560.948,342.916
117.682,-560.848,342.905
117.654,-560.759,342.883
117.626,-560.670,342.861
117.599,-560.569,342.850
117.571,-560.480,342.828
117.544,-560.392,342.817
117.516,-560.291,342.795
117.489,-560.202,342.784
117.461,-560.113,342.762
117.433,-560.013,342.751
117.406,-559.924,342.740
117.378,-559.835,342.729
117.351,-559.735,342.708
117.323,-559.646,342.697
117.295,-559.557,342.686
117.268,-559.457,342.675
117.240,-559.368,342.664
117.213,-559.279,342.653
117.185,-559.179,342.642
117.158,-559.090,342.631
117.130,-559.001,342.620
117.102,-558.912,342.609
117.075,-558.812,342.598
117.047,-558.723,342.587
117.020,-558.634,342.576
116.992,-558.534,342.554
116.955,-558.445,342.543
116.927,-558.356,342.521
116.900,-558.256,342.510
116.872,-558.167,342.499
116.845,-558.078,342.477
116.817,-557.978,342.466
116.789,-557.889,342.455
116.762,-557.800,342.444
116.734,-557.700,342.433
116.707,-557.611,342.422
116.679,-557.522,342.411
116.652,-557.422,342.400
116.624,-557.333,342.389
116.596,-557.244,342.389
116.569,-557.144,342.378
116.541,-557.055,342.367
116.514,-556.966,342.356
116.486,-556.866,342.345
116.449,-556.777,342.334
116.421,-556.688,342.323
116.394,-556.588,342.312
116.366,-556.499,342.312
116.339,-556.410,342.301
116.311,-556.321,342.290
116.283,-556.221,342.279
116.256,-556.132,342.279
116.228,-556.032,342.268
116.201,-555.943,342.268
116.173,-555.854,342.257
116.146,-555.754,342.246
116.118,-555.665,342.246
116.081,-555.575,342.235
116.053,-555.487,342.235
116.026,-555.386,342.224
115.998,-555.297,342.224
115.970,-555.208,342.213
115.943,-555.108,342.213
115.915,-555.019,342.213
115.888,-554.930,342.202
115.860,-554.830,342.202
115.823,-554.741,342.191
115.795,-554.652,342.191
115.768,-554.563,342.180
115.740,-554.463,342.180
115.713,-554.374,342.169
115.685,-554.274,342.169
115.657,-554.185,342.158
115.630,-554.096,342.158
115.602,-553.996,342.158
115.575,-553.907,342.147
115.547,-553.818,342.147
115.510,-553.729,342.147
115.482,-553.629,342.147
115.455,-553.540,342.147
115.427,-553.451,342.147
115.400,-553.351,342.147
115.372,-553.262,342.136
115.344,-553.173,342.136
115.317,-553.084,342.136
115.289,-552.984,342.125
115.262,-552.895,342.125
115.225,-552.806,342.114
115.197,-552.717,342.114
115.169,-552.617,342.103
115.142,-552.528,342.103
115.114,-552.428,342.092
115.087,-552.339,342.092
115.059,-552.250,342.081
115.032,-552.150,342.081
115.004,-552.061,342.070
114.976,-551.972,342.070
114.939,-551.883,342.070
114.912,-551.783,342.070
114.884,-551.694,342.070
114.856,-551.605,342.059
114.829,-551.505,342.059
114.801,-551.416,342.059
114.774,-551.327,342.048
114.746,-551.238,342.048
114.719,-551.137,342.037
114.681,-551.048,342.037
114.654,-550.959,342.037
114.626,-550.870,342.026
114.599,-550.770,342.026
114.571,-550.681,342.015
114.543,-550.581,342.015
114.516,-550.492,342.004
114.488,-550.403,342.004
114.461,-550.314,341.993
114.424,-550.214,341.993
114.396,-550.125,341.982
114.368,-550.036,341.982
114.341,-549.947,341.971
114.313,-549.847,341.971
114.286,-549.758,341.971
114.258,-549.669,341.971
114.230,-549.569,341.960
114.203,-549.480,341.960
114.166,-549.391,341.960
114.138,-549.302,341.949
114.111,-549.202,341.949
114.083,-549.113,341.949
114.055,-549.024,341.949
114.028,-548.924,341.938
113.991,-548.835,341.938
113.963,-548.746,341.938
113.935,-548.657,341.927
113.908,-548.557,341.927
113.880,-548.468,341.927
113.853,-548.379,341.917
113.825,-548.279,341.917
113.788,-548.190,341.917
113.760,-548.101,341.917
113.733,-548.012,341.906
113.705,-547.912,341.906
113.678,-547.823,341.906
113.650,-547.734,341.895
113.622,-547.634,341.895
113.595,-547.545,341.895
113.558,-547.455,341.895
113.530,-547.355,341.895
113.503,-547.266,341.884
113.475,-547.177,341.884
113.447,-547.088,341.884
113.420,-546.988,341.884
113.392,-546.899,341.873
113.355,-546.810,341.873
113.327,-546.721,341.873
113.300,-546.621,341.873
113.272,-546.532,341.862
113.245,-546.443,341.851
113.217,-546.354,341.840
113.190,-546.254,341.840
113.162,-546.165,341.818
113.134,-546.076,341.818
113.107,-545.987,341.807
113.070,-545.887,341.796
113.042,-545.798,341.796
113.014,-545.709,341.785
112.987,-545.620,341.785
112.959,-545.520,341.774
112.932,-545.431,341.774
112.894,-545.342,341.763
112.867,-545.253,341.763
112.839,-545.153,341.763
112.812,-545.064,341.752
112.784,-544.975,341.752
112.757,-544.875,341.752
112.719,-544.786,341.752
112.692,-544.697,341.741
112.664,-544.608,341.741
112.637,-544.508,341.741
112.609,-544.419,341.741
112.581,-544.330,341.730
112.554,-544.241,341.730
112.517,-544.141,341.719
112.489,-544.052,341.719
112.462,-543.963,341.708
112.434,-543.874,341.708
112.406,-543.785,341.708
112.379,-543.685,341.697
112.342,-543.596,341.697
112.314,-543.507,341.697
112.286,-543.418,341.686
112.259,-543.317,341.686
112.231,-543.228,341.686
112.204,-543.139,341.675
112.167,-543.050,341.675
112.139,-542.950,341.675
112.111,-542.861,341.664
112.084,-542.772,341.664
112.056,-542.683,341.664
112.029,-542.594,341.653
112.001,-542.494,341.653
111.964,-542.405,341.642
111.936,-542.316,341.642
111.909,-542.227,341.631
111.881,-542.127,341.631
111.853,-542.038,341.620
111.826,-541.949,341.620
111.798,-541.860,341.609
111.761,-541.771,341.609
111.734,-541.671,341.609
111.706,-541.582,341.609
111.678,-541.493,341.609
111.651,-541.404,341.609
111.623,-541.315,341.620
111.596,-541.215,341.620
111.558,-541.126,341.620
111.531,-541.037,341.631
111.503,-540.948,341.642
111.476,-540.859,341.653
111.448,-540.759,341.664
111.411,-540.670,341.664
111.383,-540.581,341.675
111.356,-540.492,341.686
111.328,-540.403,341.697
111.301,-540.303,341.708
111.273,-540.214,341.708
111.245,-540.125,341.719
111.208,-540.036,341.730
111.180,-539.947,341.741
111.153,-539.858,341.752
111.125,-539.758,341.774
111.098,-539.669,341.774
111.070,-539.580,341.785
111.033,-539.491,341.807
111.005,-539.402,341.807
110.978,-539.302,341.829
110.950,-539.213,341.840
110.923,-539.124,341.851
110.895,-539.035,341.862
110.867,-538.946,341.862
110.840,-538.857,341.873
110.812,-538.757,341.884
110.775,-538.667,341.895
110.747,-538.579,341.906
110.720,-538.478,341.906
110.692,-538.389,341.917
110.665,-538.300,341.927
110.637,-538.211,341.938
110.609,-538.122,341.949
110.582,-538.033,341.960
110.554,-537.933,341.971
110.527,-537.844,341.982
110.499,-537.755,341.993
110.462,-537.666,342.004
110.434,-537.577,342.015
110.407,-537.488,342.026
110.379,-537.388,342.037
110.352,-537.299,342.048
110.324,-537.210,342.070
110.296,-537.121,342.081
110.269,-537.032,342.092
110.241,-536.932,342.114
110.214,-536.843,342.136
110.176,-536.754,342.147
110.149,-536.665,342.169
110.121,-536.565,342.180
110.094,-536.476,342.202
110.066,-536.387,342.213
110.038,-536.298,342.235
110.011,-536.209,342.246
109.983,-536.109,342.268
109.956,-536.020,342.279
109.928,-535.931,342.301
109.900,-535.842,342.312
109.873,-535.753,342.334
109.845,-535.664,342.356
109.818,-535.564,342.367
109.790,-535.475,342.389
109.762,-535.386,342.411
109.735,-535.297,342.422
109.707,-535.208,342.444
109.680,-535.108,342.466
109.652,-535.019,342.488
109.624,-534.930,342.499
109.597,-534.841,342.521
109.569,-534.741,342.543
109.542,-534.652,342.565
109.514,-534.563,342.587
109.486,-534.474,342.609
109.459,-534.385,342.631
109.431,-534.285,342.653
109.404,-534.196,342.675
109.376,-534.107,342.697
109.348,-534.018,342.719
109.321,-533.918,342.729
109.293,-533.829,342.751
109.266,-533.740,342.773
109.238,-533.651,342.784
109.210,-533.562,342.806
109.183,-533.462,342.817
109.155,-533.373,342.828
109.137,-533.284,342.850
109.110,-533.195,342.872
109.082,-533.095,342.883
109.054,-533.006,342.905
109.027,-532.917,342.916
108.999,-532.828,342.927
108.972,-532.739,342.949
108.944,-532.650,342.971
108.916,-532.550,342.982
108.889,-532.461,343.004
108.861,-532.372,343.015
108.834,-532.272,343.026
108.806,-532.183,343.037
108.778,-532.094,343.059
108.751,-532.005,343.070
108.733,-531.916,343.081
108.705,-531.816,343.092
108.678,-531.727,343.103
108.650,-531.638,343.103
108.622,-531.549,343.114
108.595,-531.460,343.114
108.567,-531.360,343.125
108.549,-531.271,343.125
108.522,-531.182,343.125
108.494,-531.093,343.125
108.466,-531.004,343.125
108.439,-530.915,343.125
108.411,-530.815,343.114
108.384,-530.726,343.114
108.356,-530.637,343.114
108.328,-530.548,343.114
108.301,-530.448,343.114
108.273,-530.359,343.114
108.255,-530.270,343.114
108.227,-530.181,343.125
108.200,-530.092,343.125
108.172,-529.992,343.125
108.145,-529.903,343.125
108.117,-529.814,343.125
108.089,-529.725,343.125
108.071,-529.636,343.125
108.044,-529.548,343.125
108.016,-529.447,343.125
107.989,-529.358,343.114
107.961,-529.269,343.114
107.933,-529.180,343.114
107.906,-529.091,343.103
107.878,-529.003,343.103
107.860,-528.914,343.103
107.833,-528.814,343.092
107.805,-528.725,343.092
107.777,-528.636,343.092
107.750,-528.547,343.092
107.722,-528.458,343.081
107.695,-528.358,343.081
107.667,-528.269,343.081
107.639,-528.180,343.081
107.621,-528.091,343.081
107.594,-528.002,343.081
107.566,-527.913,343.081
107.538,-527.813,343.070
107.511,-527.724,343.070
107.483,-527.635,343.059
107.456,-527.546,343.059
107.428,-527.457,343.048
107.410,-527.368,343.048
107.382,-527.268,343.048
107.355,-527.179,343.037
107.327,-527.090,343.037
107.300,-527.001,343.026
107.272,-526.912,343.015
107.244,-526.812,343.004
107.226,-526.723,343.004
107.199,-526.634,342.993
107.171,-526.545,342.982
107.143,-526.456,342.971
107.116,-526.367,342.960
107.088,-526.267,342.949
107.061,-526.178,342.938
107.033,-526.089,342.927
107.005,-526.000,342.905
106.987,-525.911,342.894
106.960,-525.822,342.872
106.932,-525.722,342.850
106.905,-525.633,342.839
106.877,-525.544,342.817
106.849,-525.455,342.806
106.822,-525.366,342.795
106.794,-525.277,342.773
106.766,-525.188,342.751
106.739,-525.088,342.740
106.721,-524.999,342.719
106.693,-524.910,342.708
106.666,-524.821,342.686
106.638,-524.732,342.664
106.610,-524.643,342.653
106.583,-524.543,342.631
106.555,-524.454,342.620
106.528,-524.365,342.598
106.500,-524.276,342.587
106.472,-524.187,342.565
106.445,-524.098,342.543
106.417,-524.009,342.521
106.390,-523.920,342.499
106.362,-523.831,342.488
106.334,-523.731,342.466
106.307,-523.642,342.444
106.279,-523.553,342.422
106.261,-523.464,342.411
106.233,-523.375,342.389
106.206,-523.286,342.378
106.178,-523.197,342.367
106.151,-523.097,342.345
106.123,-523.008,342.334
106.095,-522.919,342.323
106.068,-522.830,342.312
106.040,-522.741,342.301
106.013,-522.652,342.279
105.975,-522.563,342.268
105.948,-522.474,342.246
105.920,-522.385,342.235
105.893,-522.296,342.213
105.865,-522.207,342.202
105.837,-522.118,342.180
105.810,-522.029,342.169
105.782,-521.929,342.147
105.755,-521.840,342.125
105.727,-521.751,342.103
105.699,-521.662,342.081
105.672,-521.573,342.059
105.654,-521.484,342.048
105.626,-521.395,342.026
105.598,-521.306,342.004
105.561,-521.217,341.982
105.534,-521.128,341.971
105.506,-521.039,341.949
105.478,-520.950,341.927
105.451,-520.861,341.917
105.423,-520.772,341.895
105.395,-520.683,341.884
105.368,-520.583,341.862
105.340,-520.494,341.851
105.313,-520.405,341.829
105.285,-520.316,341.807
105.257,-520.227,341.796
105.230,-520.138,341.774
105.202,-520.049,341.752
105.175,-519.960,341.741
105.137,-519.871,341.719
105.110,-519.782,341.697
105.082,-519.693,341.686
105.055,-519.604,341.664
105.027,-519.515,341.642
104.999,-519.426,341.620
104.972,-519.337,341.598
104.944,-519.248,341.587
104.916,-519.159,341.565
104.889,-519.070,341.543
104.861,-518.981,341.521
104.834,-518.892,341.499
104.806,-518.803,341.488
104.769,-518.714,341.466
104.741,-518.625,341.444
104.714,-518.536,341.433
104.686,-518.447,341.411
104.658,-518.358,341.400
104.631,-518.269,341.389
104.603,-518.180,341.367
104.575,-518.092,341.356
104.538,-518.002,341.334
104.511,-517.913,341.323
104.483,-517.824,341.301
104.455,-517.735,341.279
104.428,-517.646,341.268
104.400,-517.557,341.246
104.373,-517.468,341.224
104.345,-517.380,341.202
104.308,-517.290,341.191
104.280,-517.201,341.169
104.252,-517.112,341.147
104.225,-517.023,341.136
104.197,-516.934,341.115
104.170,-516.845,341.104
104.132,-516.756,341.082
104.105,-516.667,341.071
104.077,-516.578,341.049
104.050,-516.489,341.027
104.022,-516.400,341.016
103.994,-516.311,340.994
103.957,-516.222,340.972
103.930,-516.133,340.961
103.902,-516.044,340.939
103.874,-515.955,340.917
103.847,-515.866,340.895
103.810,-515.777,340.873
103.782,-515.688,340.851
103.754,-515.610,340.829
103.727,-515.521,340.807
103.699,-515.432,340.785
103.662,-515.343,340.763
103.634,-515.254,340.741
103.607,-515.154,340.719
103.579,-515.076,340.697
103.551,-514.987,340.686
103.514,-514.898,340.664
103.486,-514.809,340.642
103.459,-514.720,340.631
103.431,-514.631,340.609
103.394,-514.542,340.598
103.366,-514.453,340.576
103.339,-514.364,340.565
103.311,-514.275,340.554
103.274,-514.186,340.543
103.246,-514.097,340.521
103.219,-514.008,340.510
103.191,-513.919,340.488
103.154,-513.841,340.466
103.126,-513.752,340.444
103.099,-513.663,340.433
103.071,-513.574,340.411
103.034,-513.485,340.389
103.006,-513.396,340.378
102.979,-513.307,340.356
102.951,-513.218,340.334
102.914,-513.129,340.323
102.886,-513.040,340.302
102.859,-512.951,340.280
102.821,-512.862,340.258
102.794,-512.773,340.247
102.766,-512.695,340.225
102.739,-512.595,340.214
102.701,-512.517,340.181
102.674,-512.428,340.170
102.646,-512.339,340.148
102.609,-512.250,340.126
102.581,-512.161,340.115
102.554,-512.072,340.093
102.516,-511.983,340.082
102.489,-511.894,340.060
102.461,-511.805,340.049
102.424,-511.716,340.027
102.396,-511.638,340.016
102.369,-511.549,339.994
102.341,-511.460,339.972
102.304,-511.371,339.961
102.276,-511.282,339.939
102.249,-511.193,339.928
102.212,-511.104,339.906
102.184,-511.015,339.895
102.156,-510.937,339.873
102.119,-510.848,339.862
102.091,-510.759,339.840
102.064,-510.670,339.818
102.027,-510.581,339.807
101.999,-510.492,339.785
101.962,-510.403,339.774
101.934,-510.314,339.752
101.906,-510.236,339.741
101.869,-510.147,339.730
101.842,-510.058,339.708
101.814,-509.969,339.686
101.777,-509.880,339.675
101.749,-509.791,339.653
101.712,-509.702,339.642
101.685,-509.613,339.620
101.657,-509.524,339.609
101.620,-509.446,339.587
101.592,-509.357,339.565
101.564,-509.268,339.554
101.527,-509.179,339.532
101.500,-509.090,339.521
101.472,-509.012,339.510
101.435,-508.923,339.500
101.407,-508.834,339.500
101.370,-508.745,339.489
101.342,-508.656,339.489
101.315,-508.567,339.489
101.277,-508.489,339.500
101.250,-508.400,339.510
101.213,-508.311,339.521
101.185,-508.222,339.532
101.148,-508.132,339.554
101.120,-508.043,339.576
101.092,-507.966,339.598
101.055,-507.876,339.620
101.028,-507.787,339.642
100.991,-507.698,339.664
100.963,-507.609,339.697
100.935,-507.532,339.719
100.898,-507.442,339.752
100.870,-507.353,339.785
100.843,-507.264,339.818
100.815,-507.175,339.862
100.778,-507.097,339.895
100.750,-507.008,339.950
100.713,-506.919,339.994
100.685,-506.830,340.049
100.658,-506.741,340.104
100.621,-506.652,340.159
100.593,-506.574,340.214
100.565,-506.485,340.280
100.528,-506.396,340.334
100.501,-506.307,340.400
100.473,-506.218,340.455
100.445,-506.129,340.510
100.408,-506.051,340.565
100.380,-505.962,340.631
100.353,-505.873,340.686
100.325,-505.784,340.741
100.288,-505.695,340.785
100.260,-505.606,340.840
100.233,-505.517,340.895
100.205,-505.439,340.950
100.177,-505.350,341.016
100.150,-505.261,341.071
100.113,-505.172,341.125
100.085,-505.083,341.180
100.057,-504.994,341.235
100.030,-504.917,341.290
100.002,-504.828,341.345
99.974,-504.739,341.400
99.947,-504.650,341.455
99.919,-504.561,341.510
99.891,-504.472,341.565
99.864,-504.383,341.620
99.836,-504.294,341.675
99.808,-504.216,341.730
99.781,-504.127,341.774
99.753,-504.038,341.829
99.726,-503.949,341.884
99.698,-503.860,341.927
99.670,-503.771,341.982
99.643,-503.682,342.026
99.615,-503.604,342.070
99.587,-503.515,342.114
99.560,-503.426,342.158
99.532,-503.337,342.191
99.504,-503.248,342.235
99.477,-503.159,342.268
99.449,-503.070,342.301
99.422,-502.981,342.334
99.394,-502.903,342.367
99.366,-502.814,342.400
99.339,-502.725,342.422
99.321,-502.636,342.444
99.293,-502.547,342.477
99.265,-502.458,342.488
99.238,-502.380,342.510
99.210,-502.291,342.521
99.182,-502.202,342.543
99.155,-502.113,342.554
99.137,-502.025,342.565
99.109,-501.936,342.587
99.081,-501.847,342.598
99.054,-501.769,342.609
99.026,-501.680,342.620
98.998,-501.591,342.642
98.971,-501.502,342.653
98.953,-501.413,342.675
98.925,-501.324,342.686
98.897,-501.246,342.697
98.870,-501.157,342.708
98.842,-501.068,342.719
98.814,-500.979,342.729
98.796,-500.890,342.751
98.769,-500.801,342.751
98.741,-500.723,342.762
98.713,-500.634,342.762
98.686,-500.545,342.773
98.668,-500.456,342.784
98.640,-500.367,342.784
98.612,-500.278,342.795
98.585,-500.200,342.806
98.557,-500.111,342.817
98.529,-500.022,342.817
98.511,-499.934,342.839
98.484,-499.845,342.850
98.456,-499.767,342.861
98.428,-499.678,342.861
98.401,-499.589,342.872
98.383,-499.500,342.883
98.355,-499.411,342.883
98.327,-499.333,342.894
98.300,-499.244,342.894
98.281,-499.155,342.894
98.254,-499.066,342.894
98.226,-498.977,342.894
98.198,-498.899,342.883
98.180,-498.810,342.883
98.153,-498.721,342.872
98.125,-498.632,342.872
98.097,-498.554,342.872
98.079,-498.466,342.861
98.052,-498.377,342.850
98.024,-498.288,342.850
97.996,-498.199,342.839
97.978,-498.121,342.839
97.951,-498.032,342.828
97.923,-497.943,342.817
97.895,-497.854,342.806
97.868,-497.776,342.795
97.850,-497.687,342.784
97.822,-497.598,342.773
97.794,-497.509,342.762
97.767,-497.420,342.751
97.739,-497.342,342.729
97.721,-497.253,342.719
97.693,-497.164,342.697
97.666,-497.075,342.686
97.638,-496.997,342.664
97.620,-496.909,342.642
97.592,-496.820,342.631
97.564,-496.742,342.609
97.537,-496.653,342.598
97.509,-496.564,342.576
97.491,-496.475,342.554
97.463,-496.397,342.532
97.436,-496.308,342.510
97.408,-496.219,342.488
97.380,-496.130,342.466
97.353,-496.052,342.444
97.335,-495.963,342.422
97.307,-495.874,342.400
97.279,-495.796,342.378
97.252,-495.707,342.345
97.224,-495.618,342.312
97.196,-495.529,342.290
97.178,-495.452,342.257
97.150,-495.363,342.213
97.123,-495.274,342.180
97.095,-495.196,342.147
97.068,-495.107,342.103
97.040,-495.018,342.070
97.012,-494.929,342.026
96.994,-494.851,341.993
96.966,-494.762,341.960
96.939,-494.673,341.917
96.911,-494.595,341.884
96.883,-494.506,341.840
96.856,-494.417,341.807
96.828,-494.339,341.774
96.800,-494.250,341.741
96.773,-494.161,341.708
96.745,-494.083,341.675
96.727,-493.994,341.642
96.699,-493.905,341.609
96.672,-493.828,341.576
96.644,-493.739,341.543
96.616,-493.661,341.510
96.589,-493.572,341.477
96.561,-493.483,341.433
96.533,-493.394,341.400
96.506,-493.316,341.367
96.478,-493.227,341.334
96.450,-493.149,341.290
96.423,-493.060,341.257
96.395,-492.971,341.224
96.367,-492.893,341.191
96.340,-492.804,341.158
96.312,-492.715,341.125
96.284,-492.637,341.104
96.257,-492.548,341.071
96.229,-492.470,341.038
96.201,-492.381,341.005
96.174,-492.292,340.961
96.146,-492.214,340.928
96.118,-492.125,340.906
96.091,-492.047,340.873
96.063,-491.959,340.840
96.026,-491.869,340.807
95.998,-491.792,340.785
95.970,-491.703,340.763
95.943,-491.614,340.730
95.915,-491.536,340.708
95.887,-491.447,340.697
95.860,-491.369,340.675
95.832,-491.280,340.664
95.804,-491.191,340.653
95.777,-491.113,340.653
95.749,-491.024,340.642
95.721,-490.946,340.642
95.684,-490.857,340.653
95.657,-490.768,340.653
95.629,-490.690,340.664
95.601,-490.601,340.675
95.573,-490.523,340.686
95.546,-490.434,340.697
95.518,-490.356,340.708
95.490,-490.267,340.719
95.463,-490.178,340.741
95.426,-490.100,340.763
95.398,-490.011,340.785
95.370,-489.922,340.818
95.343,-489.844,340.840
95.315,-489.755,340.873
95.287,-489.666,340.906
95.260,-489.588,340.939
95.232,-489.500,340.961
95.204,-489.422,340.994
95.177,-489.333,341.016
95.149,-489.244,341.049
95.121,-489.166,341.082
95.094,-489.077,341.115
95.066,-488.999,341.136
95.038,-488.910,341.169
95.011,-488.821,341.191
94.983,-488.743,341.224
94.955,-488.654,341.246
94.927,-488.576,341.279
94.900,-488.487,341.312
94.863,-488.398,341.345
94.835,-488.320,341.378
94.807,-488.231,341.400
94.780,-488.142,341.433
94.752,-488.064,341.466
94.724,-487.975,341.499
94.697,-487.886,341.532
94.669,-487.808,341.554
94.641,-487.719,341.576
94.614,-487.630,341.609
94.595,-487.553,341.631
94.568,-487.464,341.653
94.540,-487.375,341.675
94.512,-487.297,341.686
94.485,-487.208,341.708
94.457,-487.130,341.730
94.429,-487.041,341.741
94.402,-486.952,341.763
94.374,-486.874,341.774
94.346,-486.785,341.796
94.319,-486.696,341.818
94.291,-486.607,341.840
94.264,-486.529,341.862
94.245,-486.440,341.873
94.218,-486.351,341.895
94.190,-486.273,341.917
94.162,-486.184,341.927
94.135,-486.095,341.949
94.107,-486.017,341.960
94.079,-485.928,341.982
94.052,-485.839,341.993
94.024,-485.762,342.015
93.996,-485.673,342.026
93.969,-485.584,342.037
93.951,-485.495,342.048
93.923,-485.417,342.059
93.895,-485.328,342.070
93.868,-485.239,342.081
93.840,-485.161,342.092
93.812,-485.072,342.114
93.785,-484.983,342.125
93.757,-484.894,342.136
93.729,-484.816,342.147
93.711,-484.727,342.169
93.684,-484.638,342.180
93.656,-484.549,342.202
93.628,-484.471,342.213
93.601,-484.382,342.224
93.573,-484.293,342.246
93.545,-484.215,342.257
93.527,-484.127,342.268
93.500,-484.038,342.290
93.472,-483.949,342.301
93.444,-483.871,342.301
93.417,-483.782,342.312
93.389,-483.693,342.323
93.361,-483.615,342.334
93.334,-483.526,342.345
93.316,-483.437,342.356
93.288,-483.348,342.378
93.260,-483.270,342.389
93.233,-483.181,342.400
93.205,-483.092,342.411
93.177,-483.003,342.422
93.150,-482.914,342.444
93.122,-482.825,342.455
93.104,-482.747,342.477
93.076,-482.658,342.488
93.049,-482.569,342.499
93.021,-482.480,342.521
92.993,-482.391,342.532
92.966,-482.313,342.543
92.947,-482.225,342.554
92.920,-482.136,342.565
92.892,-482.047,342.565
92.865,-481.958,342.576
92.837,-481.880,342.587
92.809,-481.791,342.598
92.791,-481.702,342.598
92.764,-481.613,342.609
92.736,-481.524,342.620
92.708,-481.435,342.620
92.681,-481.357,342.631
92.653,-481.268,342.642
92.635,-481.179,342.642
92.607,-481.090,342.653
92.580,-481.001,342.664
92.552,-480.912,342.664
92.524,-480.823,342.675
92.497,-480.734,342.697
92.469,-480.645,342.708
92.441,-480.567,342.729
92.423,-480.478,342.740
92.396,-480.389,342.751
92.368,-480.300,342.751
92.340,-480.211,342.762
92.313,-480.122,342.762
92.285,-480.034,342.762
92.257,-479.956,342.751
92.239,-479.867,342.751
92.212,-479.778,342.751
92.184,-479.689,342.740
92.156,-479.600,342.740
92.129,-479.511,342.740
92.101,-479.422,342.740
92.083,-479.333,342.729
92.055,-479.255,342.729
92.028,-479.166,342.719
92.000,-479.077,342.719
91.972,-478.988,342.719
91.945,-478.899,342.708
91.927,-478.810,342.708
91.899,-478.721,342.697
91.872,-478.632,342.686
91.844,-478.543,342.675
91.816,-478.465,342.664
91.789,-478.376,342.664
91.761,-478.287,342.653
91.743,-478.198,342.642
91.715,-478.109,342.631
91.688,-478.020,342.620
91.660,-477.932,342.609
91.632,-477.843,342.598
91.605,-477.754,342.587
91.577,-477.665,342.576
91.549,-477.576,342.576
91.531,-477.487,342.565
91.504,-477.398,342.554
91.476,-477.309,342.543
91.448,-477.220,342.532
91.421,-477.142,342.521
91.393,-477.053,342.510
91.375,-476.964,342.488
91.347,-476.875,342.466
91.320,-476.786,342.444
91.292,-476.697,342.433
91.265,-476.608,342.411
91.237,-476.519,342.400
91.209,-476.430,342.378
91.182,-476.341,342.367
91.154,-476.252,342.356
91.126,-476.163,342.345
91.099,-476.074,342.334
91.071,-475.985,342.323
91.053,-475.896,342.312
91.025,-475.807,342.290
90.998,-475.718,342.279
90.970,-475.640,342.268
90.942,-475.551,342.246
90.915,-475.462,342.235
90.887,-475.373,342.224
90.860,-475.284,342.202
90.832,-475.195,342.191
90.804,-475.106,342.169
90.777,-475.017,342.147
90.749,-474.928,342.125
90.721,-474.839,342.103
90.694,-474.750,342.081
90.666,-474.662,342.070
90.639,-474.573,342.048
90.611,-474.484,342.026
90.583,-474.395,342.004
90.556,-474.306,341.982
90.528,-474.217,341.960
90.501,-474.128,341.949
90.473,-474.039,341.927
90.445,-473.950,341.917
90.418,-473.861,341.895
90.390,-473.772,341.884
90.362,-473.683,341.873
90.335,-473.594,341.862
90.307,-473.505,341.851
90.279,-473.427,341.829
90.252,-473.338,341.818
90.224,-473.249,341.807
90.197,-473.160,341.785
90.169,-473.071,341.774
90.141,-472.982,341.752
90.114,-472.893,341.730
90.086,-472.804,341.719
90.058,-472.715,341.697
90.031,-472.626,341.675
90.003,-472.537,341.653
89.976,-472.448,341.631
89.938,-472.359,341.620
89.911,-472.270,341.609
89.883,-472.181,341.587
89.856,-472.092,341.576
89.828,-472.003,341.554
89.800,-471.914,341.543
89.773,-471.825,341.521
89.745,-471.736,341.499
89.717,-471.647,341.488
89.690,-471.558,341.466
89.662,-471.469,341.444
89.635,-471.380,341.422
89.607,-471.291,341.411
89.579,-471.202,341.389
89.542,-471.113,341.378
89.515,-471.024,341.356
89.487,-470.935,341.345
89.459,-470.846,341.323
89.432,-470.757,341.312
89.404,-470.668,341.301
89.376,-470.579,341.301
89.349,-470.490,341.290
89.312,-470.401,341.279
89.284,-470.312,341.268
89.256,-470.223,341.257
89.229,-470.134,341.246
89.201,-470.056,341.235
89.173,-469.956,341.224
89.146,-469.878,341.213
89.109,-469.789,341.213
89.081,-469.700,341.202
89.053,-469.611,341.202
89.026,-469.522,341.191
88.998,-469.433,341.191
88.970,-469.344,341.180
88.933,-469.255,341.180
88.906,-469.166,341.180
88.878,-469.077,341.180
88.850,-468.988,341.169
88.823,-468.899,341.169
88.795,-468.810,341.169
88.758,-468.721,341.169
88.730,-468.632,341.158
88.703,-468.543,341.158
88.675,-468.454,341.147
88.648,-468.365,341.147
88.620,-468.276,341.147
88.592,-468.187,341.136
88.565,-468.098,341.125
88.528,-468.009,341.125
88.500,-467.920,341.115
88.472,-467.831,341.115
88.445,-467.742,341.115
88.417,-467.653,341.104
88.380,-467.564,341.104
88.352,-467.475,341.104
88.325,-467.375,341.104
88.297,-467.286,341.104
88.260,-467.197,341.093
88.232,-467.108,341.093
88.205,-467.019,341.093
88.177,-466.930,341.082
88.149,-466.841,341.082
88.112,-466.752,341.071
88.085,-466.663,341.071
88.057,-466.574,341.060
88.029,-466.485,341.060
88.002,-466.396,341.049
87.974,-466.307,341.049
87.937,-466.218,341.049
87.909,-466.129,341.049
87.882,-466.040,341.049
87.854,-465.951,341.049
87.827,-465.862,341.049
87.789,-465.773,341.060
87.762,-465.684,341.060
87.734,-465.595,341.049
87.707,-465.506,341.049
87.679,-465.417,341.049
87.642,-465.328,341.049
87.614,-465.239,341.038
87.587,-465.150,341.038
87.559,-465.061,341.027
87.531,-464.972,341.027
87.494,-464.883,341.016
87.466,-464.794,341.016
87.439,-464.694,341.016
87.411,-464.605,341.016
87.384,-464.516,341.027
87.347,-464.427,341.027
87.319,-464.338,341.038
87.291,-464.249,341.060
87.264,-464.160,341.071
87.236,-464.071,341.093
87.199,-463.981,341.115
87.171,-463.892,341.136
87.144,-463.804,341.158
87.116,-463.715,341.180
87.088,-463.626,341.202
87.051,-463.536,341.224
87.024,-463.447,341.246
86.996,-463.358,341.268
86.969,-463.258,341.290
86.941,-463.169,341.312
86.904,-463.080,341.334
86.876,-462.991,341.356
86.849,-462.902,341.378
86.821,-462.813,341.400
86.793,-462.724,341.433
86.766,-462.635,341.455
86.728,-462.546,341.488
86.701,-462.457,341.510
86.673,-462.368,341.543
86.646,-462.268,341.576
86.618,-462.179,341.598
86.591,-462.090,341.620
86.563,-462.001,341.653
86.526,-461.912,341.675
86.498,-461.823,341.697
86.470,-461.734,341.719
86.443,-461.645,341.741
86.415,-461.556,341.763
86.388,-461.467,341.785
86.360,-461.367,341.807
86.323,-461.278,341.829
86.295,-461.189,341.862
86.268,-461.100,341.884
86.240,-461.011,341.906
86.212,-460.922,341.927
86.185,-460.833,341.949
86.157,-460.733,341.982
86.130,-460.644,342.004
86.102,-460.555,342.015
86.074,-460.466,342.037
86.037,-460.377,342.048
86.010,-460.288,342.059
85.992,-460.199,342.070
85.964,-460.110,342.081
85.936,-460.021,342.081
85.899,-459.921,342.092
85.872,-459.832,342.092
85.844,-459.743,342.092
85.816,-459.654,342.092
85.789,-459.565,342.092
85.761,-459.476,342.092
85.734,-459.387,342.092
85.706,-459.298,342.081
85.678,-459.198,342.081
85.651,-459.109,342.081
85.623,-459.020,342.081
85.586,-458.931,342.081
85.558,-458.842,342.070
85.531,-458.753,342.070
85.503,-458.653,342.059
85.476,-458.564,342.059
85.448,-458.475,342.048
85.420,-458.386,342.037
85.393,-458.297,342.037
85.365,-458.208,342.026
85.338,-458.119,342.015
85.310,-458.030,342.015
85.282,-457.930,342.004
85.255,-457.841,342.004
85.227,-457.752,341.993
85.200,-457.663,341.993
85.172,-457.574,342.004
85.144,-457.485,342.015
85.117,-457.385,342.026
85.089,-457.296,342.037
85.052,-457.207,342.059
85.024,-457.118,342.070
84.997,-457.029,342.092
84.969,-456.940,342.114
84.942,-456.840,342.136
84.914,-456.751,342.158
84.886,-456.662,342.169
84.859,-456.573,342.191
84.831,-456.484,342.213
84.804,-456.395,342.224
84.776,-456.295,342.246
84.748,-456.206,342.268
84.721,-456.117,342.290
84.693,-456.028,342.312
84.666,-455.939,342.334
84.638,-455.850,342.356
84.610,-455.750,342.378
84.583,-455.661,342.411
84.555,-455.572,342.433
84.528,-455.483,342.466
84.500,-455.394,342.488
84.472,-455.294,342.521
84.445,-455.205,342.543
84.417,-455.116,342.565
84.390,-455.027,342.587
84.362,-454.938,342.609
84.334,-454.849,342.631
84.307,-454.749,342.642
84.279,-454.660,342.664
84.252,-454.571,342.686
84.224,-454.482,342.697
84.196,-454.393,342.719
84.169,-454.304,342.729
84.141,-454.204,342.751
84.114,-454.115,342.773
84.086,-454.026,342.795
84.058,-453.937,342.817
84.031,-453.848,342.839
84.003,-453.748,342.850
83.976,-453.659,342.861
83.948,-453.570,342.872
83.920,-453.481,342.883
83.893,-453.392,342.894
83.875,-453.303,342.905
83.847,-453.203,342.905
83.820,-453.114,342.894
83.792,-453.025,342.894
83.764,-452.936,342.894
83.737,-452.847,342.883
83.709,-452.747,342.872
83.682,-452.658,342.850
83.654,-452.569,342.839
83.626,-452.480,342.828
83.599,-452.391,342.817
83.571,-452.291,342.795
83.544,-452.202,342.773
83.525,-452.113,342.751
83.498,-452.024,342.740
83.470,-451.935,342.719
83.443,-451.846,342.697
83.415,-451.757,342.675
83.387,-451.657,342.653
83.360,-451.568,342.620
83.332,-451.479,342.598
83.305,-451.390,342.576
83.277,-451.301,342.543
83.249,-451.212,342.521
83.222,-451.112,342.488
83.194,-451.023,342.466
83.167,-450.934,342.433
83.139,-450.845,342.411
83.111,-450.756,342.389
83.084,-450.667,342.367
83.056,-450.578,342.334
83.029,-450.478,342.312
83.001,-450.389,342.290
82.973,-450.300,342.257
82.946,-450.211,342.235
82.918,-450.122,342.213
82.890,-450.033,342.180
82.863,-449.944,342.158
82.835,-449.855,342.125
82.808,-449.766,342.103
82.780,-449.666,342.081
82.752,-449.577,342.048
82.725,-449.488,342.026
82.697,-449.399,342.004
82.670,-449.310,341.982
82.642,-449.221,341.960
82.614,-449.132,341.949
82.577,-449.043,341.927
82.550,-448.954,341.917
82.522,-448.854,341.895
82.494,-448.765,341.884
82.467,-448.676,341.862
82.439,-448.587,341.851
82.412,-448.498,341.829
82.384,-448.409,341.818
82.356,-448.320,341.807
82.329,-448.231,341.796
82.301,-448.142,341.785
82.273,-448.053,341.774
82.246,-447.964,341.763
82.218,-447.864,341.763
82.191,-447.775,341.752
82.154,-447.686,341.752
82.126,-447.597,341.752
82.098,-447.508,341.752
82.071,-447.419,341.752
82.043,-447.330,341.763
82.015,-447.241,341.763
81.988,-447.152,341.763
81.960,-447.063,341.774
81.933,-446.963,341.774
81.896,-446.874,341.785
81.868,-446.785,341.785
81.840,-446.696,341.785
81.813,-446.607,341.785
81.785,-446.518,341.785
81.757,-446.429,341.785
81.730,-446.340,341.774
81.702,-446.251,341.774
81.675,-446.162,341.774
81.647,-446.073,341.774
81.619,-445.984,341.774
81.592,-445.895,341.774
81.564,-445.806,341.785
81.536,-445.717,341.785
81.509,-445.617,341.796
81.472,-445.528,341.796
81.444,-445.439,341.807
81.417,-445.350,341.807
81.389,-445.261,341.818
81.361,-445.172,341.818
81.334,-445.083,341.829
81.306,-444.994,341.829
81.278,-444.905,341.840
81.251,-444.816,341.840
81.223,-444.727,341.840
81.196,-444.638,341.851
81.168,-444.549,341.851
81.140,-444.460,341.851
81.113,-444.371,341.851
81.085,-444.282,341.862
81.057,-444.193,341.862
81.030,-444.104,341.873
81.002,-444.015,341.873
80.975,-443.926,341.884
80.937,-443.837,341.895
80.910,-443.748,341.906
80.882,-443.659,341.917
80.855,-443.570,341.927
80.827,-443.481,341.927
80.799,-443.392,341.938
80.772,-443.303,341.949
80.744,-443.214,341.960
80.716,-443.125,341.960
80.689,-443.036,341.960
80.661,-442.947,341.971
80.634,-442.858,341.971
80.606,-442.769,341.982
80.578,-442.680,341.982
80.551,-442.591,341.982
80.523,-442.502,341.982
80.495,-442.413,341.993
80.468,-442.324,341.993
80.440,-442.235,342.004
80.413,-442.146,342.004
80.385,-442.057,342.015
80.357,-441.968,342.026
80.330,-441.879,342.037
80.302,-441.790,342.048
80.274,-441.701,342.059
80.247,-441.624,342.070
80.219,-441.535,342.081
80.191,-441.446,342.081
80.164,-441.357,342.092
80.136,-441.268,342.103
80.109,-441.179,342.114
80.081,-441.090,342.125
80.053,-441.001,342.136
80.026,-440.912,342.147
79.998,-440.823,342.158
79.971,-440.734,342.169
79.943,-440.656,342.180
79.915,-440.567,342.191
79.888,-440.478,342.213
79.860,-440.389,342.224
79.842,-440.300,342.235
79.814,-440.211,342.246
79.787,-440.122,342.257
79.759,-440.033,342.268
79.731,-439.944,342.279
79.704,-439.855,342.290
79.676,-439.766,342.301
79.648,-439.677,342.312
79.621,-439.599,342.323
79.593,-439.510,342.334
79.565,-439.421,342.345
79.538,-439.332,342.356
79.510,-439.243,342.367
79.492,-439.154,342.378
79.464,-439.065,342.389
79.437,-438.976,342.400
79.409,-438.887,342.411
79.382,-438.798,342.433
79.354,-438.720,342.444
79.326,-438.631,342.455
79.299,-438.542,342.466
79.271,-438.453,342.477
79.243,-438.365,342.488
79.216,-438.276,342.499
79.198,-438.187,342.510
79.170,-438.098,342.521
79.142,-438.009,342.532
79.115,-437.920,342.532
79.087,-437.842,342.543
79.059,-437.753,342.554
79.041,-437.664,342.554
79.014,-437.575,342.565
78.986,-437.486,342.576
78.958,-437.397,342.587
78.931,-437.319,342.609
78.903,-437.230,342.620
78.875,-437.141,342.620
78.857,-437.052,342.631
78.830,-436.963,342.642
78.802,-436.874,342.653
78.775,-436.785,342.664
78.747,-436.696,342.675
78.719,-436.607,342.697
78.692,-436.518,342.719
78.664,-436.440,342.740
78.636,-436.351,342.751
78.618,-436.263,342.762
78.591,-436.174,342.773
78.563,-436.085,342.784
78.535,-435.996,342.784
78.517,-435.918,342.784
78.489,-435.829,342.795
78.462,-435.740,342.806
78.434,-435.651,342.817
78.407,-435.562,342.839
78.389,-435.473,342.850
78.361,-435.395,342.861
78.333,-435.306,342.872
78.306,-435.217,342.883
78.287,-435.128,342.894
78.260,-435.039,342.905
78.232,-434.950,342.916
78.204,-434.872,342.927
78.186,-434.783,342.949
78.159,-434.694,342.960
78.131,-434.605,342.982
78.104,-434.516,342.993
78.085,-434.428,343.015
78.058,-434.350,343.026
78.030,-434.261,343.037
78.002,-434.172,343.048
77.975,-434.083,343.070
77.957,-433.994,343.103
77.929,-433.905,343.125
77.901,-433.827,343.147
77.874,-433.738,343.180
77.846,-433.649,343.213
77.828,-433.560,343.246
77.800,-433.471,343.268
77.773,-433.393,343.279
77.755,-433.304,343.290
77.727,-433.215,343.312
77.699,-433.126,343.323
77.681,-433.049,343.334
77.653,-432.960,343.334
77.626,-432.871,343.345
77.608,-432.782,343.345
77.580,-432.704,343.345
77.552,-432.615,343.356
77.534,-432.526,343.356
77.507,-432.448,343.356
77.479,-432.359,343.356
77.461,-432.270,343.356
77.433,-432.181,343.356
77.405,-432.103,343.356
77.378,-432.014,343.367
77.360,-431.925,343.378
77.332,-431.847,343.378
77.304,-431.759,343.389
77.277,-431.670,343.389
77.259,-431.592,343.400
77.231,-431.503,343.400
77.203,-431.414,343.411
77.185,-431.336,343.411
77.157,-431.247,343.411
77.130,-431.158,343.411
77.112,-431.080,343.411
77.084,-430.991,343.400
77.056,-430.902,343.400
77.038,-430.824,343.389
77.011,-430.735,343.378
76.992,-430.658,343.356
76.965,-430.569,343.345
76.947,-430.480,343.334
76.919,-430.402,343.312
76.891,-430.313,343.290
76.873,-430.235,343.279
76.845,-430.146,343.257
76.827,-430.068,343.235
76.800,-429.979,343.213
76.781,-429.902,343.191
76.754,-429.813,343.169
76.726,-429.735,343.158
76.708,-429.646,343.136
76.680,-429.568,343.125
76.662,-429.479,343.114
76.634,-429.401,343.092
76.607,-429.323,343.081
76.589,-429.234,343.070
76.561,-429.156,343.048
76.533,-429.078,343.037
76.515,-428.990,343.015
76.487,-428.912,343.004
76.469,-428.834,342.993
76.441,-428.745,342.971
76.423,-428.667,342.960
76.395,-428.589,342.938
76.368,-428.511,342.927
76.349,-428.433,342.905
76.322,-428.356,342.883
76.303,-428.278,342.861
76.276,-428.189,342.850
76.258,-428.111,342.828
76.230,-428.033,342.817
76.212,-427.955,342.806
76.184,-427.877,342.784
76.166,-427.800,342.773
76.138,-427.722,342.762
76.120,-427.655,342.751
76.101,-427.577,342.740
76.074,-427.499,342.729
76.055,-427.422,342.719
76.028,-427.344,342.697
76.010,-427.266,342.697
75.982,-427.188,342.686
75.963,-427.121,342.675
75.936,-427.043,342.664
75.917,-426.965,342.664
75.890,-426.888,342.653
75.872,-426.810,342.642
75.844,-426.743,342.631
75.825,-426.665,342.620
75.798,-426.587,342.609
75.779,-426.509,342.609
75.752,-426.443,342.598
75.733,-426.365,342.587
75.706,-426.287,342.576
75.687,-426.209,342.565
75.669,-426.131,342.543
75.641,-426.065,342.532
75.623,-425.987,342.510
75.595,-425.909,342.499
75.577,-425.831,342.477
75.549,-425.764,342.466
75.531,-425.686,342.455
75.513,-425.609,342.433
75.485,-425.542,342.422
75.467,-425.464,342.411
75.439,-425.386,342.411
75.421,-425.319,342.400
75.393,-425.241,342.400
75.375,-425.164,342.389
75.347,-425.086,342.389
75.329,-425.019,342.378
75.301,-424.941,342.378
75.283,-424.863,342.367
75.255,-424.797,342.367
75.237,-424.719,342.356
75.209,-424.652,342.356
75.191,-424.574,342.345
75.172,-424.496,342.334
75.145,-424.430,342.334
75.126,-424.352,342.323
75.098,-424.285,342.312
75.080,-424.207,342.301
75.053,-424.129,342.290
75.034,-424.063,342.279
75.006,-423.985,342.268
74.988,-423.918,342.257
74.970,-423.840,342.246
74.942,-423.762,342.235
74.924,-423.695,342.213
74.896,-423.618,342.202
74.878,-423.551,342.191
74.860,-423.473,342.191
74.832,-423.406,342.180
74.813,-423.328,342.169
74.786,-423.251,342.158
74.767,-423.184,342.147
74.739,-423.117,342.147
74.721,-423.039,342.136
74.703,-422.973,342.125
74.675,-422.895,342.114
74.657,-422.828,342.114
74.629,-422.750,342.103
74.611,-422.683,342.092
74.583,-422.605,342.081
74.565,-422.539,342.070
74.546,-422.461,342.059
74.519,-422.394,342.048
74.500,-422.316,342.037
74.473,-422.249,342.026
74.454,-422.172,342.015
74.426,-422.105,342.004
74.408,-422.038,341.993
74.380,-421.960,341.982
74.362,-421.893,341.971
74.344,-421.816,341.960
74.316,-421.749,341.949
74.298,-421.682,341.938
74.270,-421.604,341.927
74.252,-421.538,341.917
74.233,-421.460,341.917
74.205,-421.393,341.906
74.187,-421.326,341.895
74.159,-421.248,341.884
74.141,-421.182,341.873
74.123,-421.115,341.862
74.095,-421.037,341.851
74.077,-420.970,341.840
74.049,-420.903,341.829
74.031,-420.826,341.818
74.012,-420.759,341.807
73.984,-420.692,341.796
73.966,-420.614,341.785
73.938,-420.547,341.774
73.920,-420.481,341.774
73.892,-420.403,341.763
73.874,-420.336,341.763
73.856,-420.269,341.752
73.828,-420.203,341.741
73.809,-420.125,341.741
73.782,-420.058,341.730
73.763,-419.991,341.719
73.745,-419.914,341.708
73.717,-419.847,341.708
73.699,-419.780,341.697
73.671,-419.713,341.686
73.653,-419.646,341.675
73.634,-419.569,341.664
73.607,-419.502,341.664
73.588,-419.435,341.653
73.570,-419.368,341.642
73.542,-419.302,341.631
73.524,-419.224,341.620
73.496,-419.157,341.620
73.478,-419.090,341.609
73.459,-419.024,341.609
73.431,-418.957,341.609
73.413,-418.879,341.609
73.385,-418.812,341.609
73.367,-418.745,341.609
73.339,-418.679,341.609
73.321,-418.612,341.620
73.303,-418.534,341.620
73.275,-418.467,341.620
73.256,-418.401,341.631
73.229,-418.334,341.631
73.210,-418.267,341.642
73.192,-418.200,341.642
73.164,-418.122,341.642
73.146,-418.056,341.642
73.127,-417.989,341.642
73.100,-417.922,341.631
73.081,-417.855,341.631
73.063,-417.789,341.631
73.035,-417.711,341.631
73.017,-417.644,341.631
72.999,-417.577,341.631
72.971,-417.511,341.642
72.952,-417.444,341.642
72.934,-417.377,341.642
72.906,-417.310,341.653
72.888,-417.233,341.653
72.860,-417.166,341.664
72.842,-417.099,341.675
72.823,-417.032,341.686
72.795,-416.965,341.686
72.777,-416.899,341.697
72.749,-416.832,341.697
72.731,-416.765,341.708
72.713,-416.687,341.719
72.685,-416.621,341.730
72.667,-416.554,341.730
72.648,-416.487,341.741
72.620,-416.420,341.741
72.602,-416.354,341.752
72.584,-416.287,341.752
72.556,-416.220,341.752
72.537,-416.153,341.752
72.519,-416.087,341.752
72.491,-416.020,341.752
72.473,-415.953,341.752
72.455,-415.875,341.752
72.436,-415.809,341.752
72.409,-415.742,341.763
72.390,-415.675,341.763
72.372,-415.608,341.774
72.344,-415.542,341.774
72.326,-415.475,341.785
72.307,-415.408,341.796
72.279,-415.341,341.807
72.261,-415.275,341.818
72.243,-415.208,341.840
72.215,-415.141,341.851
72.197,-415.074,341.862
72.178,-415.008,341.884
72.150,-414.941,341.895
72.132,-414.874,341.906
72.114,-414.807,341.917
72.086,-414.741,341.927
72.068,-414.674,341.938
72.049,-414.607,341.949
72.031,-414.540,341.949
72.003,-414.474,341.960
71.985,-414.407,341.971
71.966,-414.340,341.971
71.948,-414.273,341.971
71.920,-414.207,341.982
71.902,-414.140,341.982
71.883,-414.073,341.993
71.865,-414.007,341.993
71.847,-413.940,342.004
71.819,-413.873,342.004
71.801,-413.806,342.004
71.782,-413.740,342.015
71.764,-413.673,342.015
71.736,-413.606,342.026
71.718,-413.539,342.037
71.699,-413.484,342.048
71.681,-413.417,342.059
71.653,-413.350,342.081
71.635,-413.283,342.092
71.616,-413.217,342.103
71.598,-413.150,342.114
71.570,-413.083,342.125
71.552,-413.016,342.136
71.534,-412.950,342.147
71.515,-412.883,342.158
71.497,-412.827,342.169
71.478,-412.761,342.180
71.451,-412.694,342.191
71.432,-412.627,342.191
71.414,-412.560,342.202
71.396,-412.494,342.213
71.377,-412.427,342.224
71.349,-412.371,342.235
71.331,-412.305,342.246
71.313,-412.238,342.268
71.294,-412.171,342.279
71.276,-412.104,342.301
71.258,-412.038,342.312
71.239,-411.982,342.334
71.211,-411.915,342.356
71.193,-411.849,342.378
71.175,-411.782,342.400
71.156,-411.715,342.433
71.138,-411.660,342.466
71.119,-411.593,342.499
71.101,-411.526,342.532
71.083,-411.459,342.576
71.064,-411.393,342.609
71.036,-411.337,342.653
71.018,-411.270,342.697
71.000,-411.204,342.751
70.981,-411.137,342.795
70.963,-411.081,342.850
70.945,-411.014,342.905
70.926,-410.948,342.971
70.908,-410.881,343.026
70.890,-410.825,343.092
70.871,-410.759,343.147
70.853,-410.692,343.213
70.834,-410.636,343.279
70.816,-410.570,343.345
70.798,-410.503,343.411
70.779,-410.447,343.488
70.761,-410.381,343.564
70.743,-410.314,343.641
70.724,-410.258,343.729
70.706,-410.192,343.806
70.697,-410.136,343.883
70.679,-410.069,343.971
70.660,-410.014,344.048
70.642,-409.958,344.136
70.623,-409.891,344.213
70.614,-409.836,344.301
70.596,-409.780,344.388
70.578,-409.713,344.465
70.569,-409.658,344.553
70.550,-409.602,344.641
70.532,-409.547,344.729
70.523,-409.491,344.817
70.504,-409.435,344.905
70.495,-409.380,344.993
70.477,-409.324,345.081
70.468,-409.269,345.168
70.450,-409.213,345.256
70.441,-409.158,345.344
70.422,-409.102,345.443
70.413,-409.058,345.531
70.395,-409.002,345.630
70.386,-408.946,345.729
70.367,-408.902,345.828
70.358,-408.846,345.927
70.349,-408.802,346.025
70.340,-408.746,346.135
70.322,-408.702,346.234
70.313,-408.646,346.333
70.304,-408.602,346.443
70.295,-408.557,346.542
70.276,-408.513,346.652
70.267,-408.457,346.761
70.258,-408.413,346.871
70.249,-408.369,346.981
70.240,-408.324,347.091
70.231,-408.280,347.212
70.222,-408.224,347.322
70.213,-408.180,347.432
70.204,-408.146,347.542
70.195,-408.102,347.651
70.186,-408.057,347.761
70.177,-408.013,347.882
70.168,-407.969,347.992
70.159,-407.924,348.113
70.150,-407.880,348.223
70.141,-407.846,348.344
70.131,-407.802,348.464
70.132,-407.758,348.585
70.123,-407.713,348.706
70.114,-407.669,348.838
70.105,-407.635,348.959
70.096,-407.591,349.091
70.087,-407.546,349.211
70.087,-407.502,349.343
70.078,-407.469,349.475
70.069,-407.424,349.607
70.060,-407.380,349.750
70.051,-407.346,349.893
70.051,-407.302,350.024
70.042,-407.258,350.167
70.033,-407.224,350.310
70.033,-407.180,350.453
70.024,-407.136,350.596
70.015,-407.091,350.739
70.006,-407.058,350.881
70.007,-407.013,351.035
69.998,-406.969,351.178
69.988,-406.936,351.332
69.989,-406.891,351.475
69.980,-406.847,351.628
69.980,-406.814,351.782
69.971,-406.769,351.936
69.962,-406.736,352.090
69.963,-406.691,352.244
69.953,-406.647,352.397
69.954,-406.614,352.551
69.945,-406.569,352.694
69.945,-406.525,352.837
69.936,-406.492,352.980
69.937,-406.447,353.123
69.927,-406.414,353.265
69.928,-406.370,353.408
69.919,-406.336,353.540
69.919,-406.292,353.672
69.910,-406.259,353.815
69.911,-406.214,353.947
69.901,-406.181,354.078
69.902,-406.137,354.210
69.902,-406.103,354.342
69.893,-406.070,354.474
69.894,-406.026,354.606
69.894,-405.992,354.749
69.885,-405.959,354.880
69.885,-405.915,355.023
69.886,-405.881,355.166
69.876,-405.848,355.309
69.877,-405.815,355.463
69.877,-405.782,355.605
69.878,-405.748,355.759
69.869,-405.704,355.913
69.869,-405.671,356.078
69.869,-405.637,356.232
69.870,-405.604,356.396
69.860,-405.571,356.561
69.861,-405.537,356.726
69.861,-405.504,356.891
69.862,-405.471,357.056
69.862,-405.427,357.220
69.862,-405.393,357.385
69.853,-405.360,357.550
69.854,-405.327,357.726
69.854,-405.294,357.891
69.854,-405.260,358.066
69.855,-405.227,358.242
69.855,-405.194,358.429
69.855,-405.161,358.605
69.856,-405.127,358.792
69.856,-405.094,358.989
69.847,-405.061,359.176
69.847,-405.027,359.374
69.848,-404.994,359.583
69.848,-404.961,359.780
69.848,-404.928,359.989
69.849,-404.883,0.198
69.849,-404.850,0.417
69.850,-404.817,0.637
69.860,-404.784,0.857
69.860,-404.750,1.088
69.860,-404.717,1.318
69.861,-404.684,1.560
69.861,-404.651,1.791
69.861,-404.617,2.043
69.862,-404.584,2.285
69.862,-404.551,2.538
69.863,-404.518,2.791
69.872,-404.485,3.054
69.873,-404.451,3.318
69.873,-404.418,3.571
69.883,-404.374,3.845
69.884,-404.341,4.109
69.884,-404.307,4.384
69.884,-404.274,4.658
69.894,-404.241,4.933
69.895,-404.208,5.219
69.895,-404.174,5.493
69.905,-404.141,5.768
69.905,-404.108,6.053
69.906,-404.064,6.339
69.916,-404.030,6.625
69.925,-403.997,6.910
69.926,-403.964,7.196
69.936,-403.931,7.493
69.936,-403.898,7.778
69.936,-403.864,8.075
69.946,-403.831,8.361
69.956,-403.787,8.657
69.957,-403.754,8.954
69.967,-403.721,9.250
69.977,-403.688,9.547
69.977,-403.654,9.844
69.987,-403.621,10.140
69.997,-403.588,10.437
69.997,-403.544,10.734
70.007,-403.510,11.030
70.017,-403.477,11.327
70.017,-403.444,11.624
70.027,-403.411,11.920
70.037,-403.378,12.217
70.047,-403.345,12.524
70.057,-403.300,12.832
70.057,-403.267,13.140
70.067,-403.234,13.447
70.077,-403.201,13.766
70.087,-403.168,14.084
70.097,-403.135,14.392
70.107,-403.090,14.722
70.117,-403.057,15.040
70.127,-403.024,15.359
70.137,-402.991,15.677
70.147,-402.958,16.007
70.157,-402.925,16.326
70.166,-402.891,16.644
70.176,-402.858,16.974
70.186,-402.814,17.292
70.196,-402.781,17.622
70.206,-402.748,17.941
70.226,-402.715,18.270
70.236,-402.682,18.600
70.246,-402.637,18.940
70.265,-402.604,19.281
70.275,-402.571,19.622
70.285,-402.538,19.973
70.304,-402.505,20.325
70.314,-402.472,20.676
70.324,-402.439,21.028
70.344,-402.395,21.379
70.353,-402.361,21.720
70.363,-402.328,22.072
70.383,-402.295,22.423
70.402,-402.262,22.775
70.412,-402.229,23.115
70.432,-402.196,23.467
70.441,-402.163,23.807
70.461,-402.130,24.159
70.471,-402.097,24.521
70.490,-402.064,24.873
70.510,-402.031,25.247
70.520,-401.997,25.620
70.539,-401.964,25.994
70.558,-401.931,26.367
70.578,-401.898,26.752
70.597,-401.865,27.136
70.617,-401.832,27.521
70.627,-401.799,27.916
70.646,-401.766,28.301
70.665,-401.733,28.674
70.685,-401.700,29.059
70.704,-401.667,29.443
70.724,-401.634,29.828
70.743,-401.612,30.201
70.762,-401.579,30.575
70.782,-401.546,30.959
70.801,-401.513,31.344
70.821,-401.480,31.718
70.840,-401.447,32.102
70.860,-401.414,32.487
70.879,-401.381,32.882
70.899,-401.348,33.267
70.927,-401.315,33.651
70.947,-401.282,34.036
70.966,-401.260,34.431
70.986,-401.227,34.816
71.015,-401.194,35.211
71.034,-401.161,35.607
71.053,-401.128,35.991
71.082,-401.106,36.387
71.102,-401.073,36.782
71.121,-401.040,37.178
71.150,-401.007,37.584
71.169,-400.985,37.980
71.198,-400.952,38.386
71.218,-400.919,38.782
71.247,-400.897,39.177
71.266,-400.864,39.584
71.295,-400.831,39.968
71.314,-400.809,40.364
71.343,-400.776,40.759
71.372,-400.743,41.144
71.401,-400.721,41.528
71.430,-400.688,41.924
71.450,-400.655,42.308
71.478,-400.633,42.704
71.507,-400.600,43.099
71.536,-400.579,43.506
71.565,-400.546,43.912
71.594,-400.524,44.319
71.613,-400.491,44.736
71.642,-400.469,45.143
71.671,-400.436,45.560
71.700,-400.414,45.978
71.729,-400.392,46.395
71.758,-400.359,46.802
71.787,-400.338,47.219
71.816,-400.305,47.626
71.845,-400.283,48.032
71.883,-400.250,48.428
71.912,-400.228,48.834
71.941,-400.206,49.230
71.970,-400.173,49.636
71.999,-400.151,50.032
72.037,-400.130,50.438
72.066,-400.097,50.834
72.095,-400.075,51.240
72.124,-400.053,51.647
72.162,-400.020,52.053
72.191,-399.998,52.449
72.220,-399.976,52.844
72.249,-399.955,53.229
72.287,-399.933,53.613
72.325,-399.911,53.998
72.354,-399.878,54.371
72.383,-399.856,54.734
72.422,-399.835,55.096
72.450,-399.813,55.470
72.489,-399.791,55.833
72.518,-399.769,56.195
72.556,-399.747,56.569
72.585,-399.726,56.931
72.623,-399.704,57.305
72.662,-399.682,57.667
72.700,-399.660,58.030
72.729,-399.638,58.403
72.767,-399.617,58.766
72.806,-399.595,59.128
72.834,-399.573,59.480
72.873,-399.551,59.832
72.911,-399.530,60.172
72.940,-399.519,60.513
72.978,-399.497,60.842
73.016,-399.486,61.150
73.055,-399.465,61.458
73.084,-399.454,61.765
73.122,-399.432,62.051
73.160,-399.410,62.336
73.199,-399.400,62.633
73.227,-399.378,62.919
73.266,-399.356,63.204
73.304,-399.345,63.490
73.342,-399.324,63.776
73.381,-399.313,64.061
73.419,-399.291,64.347
73.457,-399.270,64.633
73.496,-399.259,64.918
73.534,-399.237,65.204
73.572,-399.215,65.490
73.611,-399.205,65.764
73.649,-399.183,66.039
73.687,-399.172,66.302
73.726,-399.151,66.566
73.764,-399.140,66.819
73.802,-399.118,67.072
73.841,-399.107,67.313
73.879,-399.086,67.555
73.917,-399.075,67.786
73.956,-399.053,68.016
73.994,-399.043,68.247
74.032,-399.032,68.467
74.070,-399.010,68.687
74.109,-399.000,68.906
74.157,-398.989,69.115
74.195,-398.978,69.324
74.233,-398.957,69.521
74.271,-398.946,69.719
74.310,-398.935,69.917
74.348,-398.914,70.104
74.396,-398.903,70.291
74.434,-398.892,70.466
74.472,-398.882,70.642
74.520,-398.871,70.807
74.558,-398.849,70.972
74.606,-398.839,71.136
74.645,-398.828,71.301
74.692,-398.818,71.477
74.731,-398.796,71.642
74.769,-398.785,71.807
74.817,-398.775,71.960
74.855,-398.764,72.125
74.903,-398.742,72.268
74.941,-398.732,72.433
74.979,-398.721,72.565
75.018,-398.710,72.697
75.065,-398.700,72.817
75.104,-398.689,72.927
75.151,-398.679,73.026
75.190,-398.657,73.114
75.228,-398.646,73.191
75.276,-398.636,73.257
75.324,-398.625,73.312
75.362,-398.614,73.356
75.410,-398.593,73.400
75.458,-398.582,73.433
75.496,-398.571,73.466
75.544,-398.561,73.499
75.591,-398.550,73.521
75.630,-398.529,73.542
75.678,-398.518,73.553
75.725,-398.507,73.564
75.764,-398.497,73.575
75.811,-398.486,73.575
75.850,-398.476,73.575
75.898,-398.465,73.564
75.936,-398.443,73.542
75.984,-398.433,73.531
76.031,-398.422,73.499
76.070,-398.411,73.466
76.117,-398.401,73.433
76.156,-398.390,73.389
76.204,-398.380,73.356
76.251,-398.369,73.312
76.290,-398.358,73.268
76.337,-398.337,73.224
76.385,-398.326,73.180
76.424,-398.316,73.136
76.471,-398.305,73.103
76.519,-398.294,73.059
76.567,-398.273,73.026
76.605,-398.262,72.993
76.653,-398.252,72.960
76.701,-398.230,72.927
76.749,-398.219,72.905
76.797,-398.209,72.883
76.835,-398.187,72.861
76.883,-398.177,72.839
76.930,-398.166,72.817
76.978,-398.155,72.784
77.026,-398.134,72.762
77.074,-398.123,72.729
77.112,-398.113,72.697
77.160,-398.091,72.653
77.198,-398.080,72.609
77.246,-398.070,72.565
77.294,-398.059,72.510
77.342,-398.037,72.455
77.380,-398.027,72.400
77.428,-398.016,72.345
77.476,-398.006,72.290
77.524,-397.984,72.235
77.571,-397.974,72.180
77.619,-397.952,72.136
77.667,-397.941,72.081
77.715,-397.931,72.026
77.763,-397.909,71.982
77.811,-397.899,71.927
77.858,-397.888,71.873
77.906,-397.866,71.818
77.954,-397.856,71.763
77.992,-397.845,71.708
78.040,-397.823,71.664
78.088,-397.813,71.609
78.136,-397.802,71.565
78.174,-397.781,71.510
78.222,-397.770,71.466
78.270,-397.748,71.422
78.318,-397.738,71.378
78.365,-397.727,71.334
78.413,-397.706,71.301
78.461,-397.695,71.268
78.499,-397.673,71.235
78.547,-397.652,71.202
78.595,-397.641,71.169
78.643,-397.619,71.136
78.691,-397.609,71.093
78.739,-397.587,71.060
78.787,-397.577,71.027
78.834,-397.555,70.983
78.882,-397.545,70.939
78.930,-397.523,70.895
78.978,-397.512,70.851
79.026,-397.502,70.807
79.074,-397.480,70.752
79.121,-397.470,70.708
79.169,-397.448,70.664
79.217,-397.437,70.609
79.265,-397.416,70.576
79.313,-397.405,70.532
79.361,-397.395,70.499
79.399,-397.373,70.477
79.447,-397.362,70.444
79.495,-397.341,70.422
79.542,-397.330,70.411
79.590,-397.308,70.400
79.638,-397.298,70.400
79.686,-397.276,70.411
79.734,-397.266,70.422
79.782,-397.244,70.433
79.830,-397.233,70.466
79.877,-397.212,70.488
79.925,-397.190,70.510
79.973,-397.180,70.543
80.021,-397.158,70.576
80.069,-397.136,70.598
80.117,-397.126,70.620
80.165,-397.104,70.642
80.212,-397.094,70.664
80.260,-397.072,70.686
80.308,-397.061,70.697
80.356,-397.040,70.708
80.404,-397.029,70.719
80.452,-397.008,70.730
80.500,-396.997,70.741
80.547,-396.975,70.752
80.595,-396.965,70.763
80.643,-396.943,70.774
80.700,-396.933,70.796
80.748,-396.911,70.807
80.796,-396.900,70.829
80.844,-396.879,70.851
80.892,-396.857,70.884
80.940,-396.847,70.906
80.988,-396.825,70.939
81.035,-396.814,70.961
81.083,-396.793,70.994
81.141,-396.782,71.016
81.189,-396.761,71.038
81.236,-396.750,71.049
81.284,-396.728,71.060
81.332,-396.718,71.071
81.390,-396.696,71.071
81.437,-396.686,71.071
81.485,-396.664,71.071
81.533,-396.654,71.060
81.590,-396.632,71.038
81.638,-396.622,71.027
81.686,-396.600,71.016
81.734,-396.589,71.005
81.782,-396.568,70.994
81.839,-396.557,70.994
81.887,-396.536,70.994
81.935,-396.514,70.994
81.992,-396.503,71.005
82.040,-396.482,71.016
82.088,-396.471,71.038
82.136,-396.450,71.049
82.184,-396.439,71.060
82.241,-396.418,71.071
82.289,-396.396,71.082
82.337,-396.385,71.093
82.385,-396.364,71.104
82.442,-396.353,71.104
82.490,-396.332,71.104
82.538,-396.310,71.104
82.595,-396.299,71.104
82.643,-396.278,71.104
82.691,-396.267,71.104
82.739,-396.246,71.093
82.796,-396.235,71.082
82.844,-396.214,71.071
82.892,-396.203,71.071
82.940,-396.181,71.060
82.997,-396.171,71.049
83.045,-396.149,71.038
83.093,-396.139,71.027
83.141,-396.117,71.016
83.188,-396.106,71.005
83.236,-396.085,71.005
83.284,-396.074,70.994
83.332,-396.064,70.994
83.380,-396.042,70.994
83.428,-396.020,70.994
83.476,-396.010,70.994
83.523,-395.999,70.983
83.571,-395.978,70.983
83.619,-395.967,70.972
83.657,-395.945,70.961
83.705,-395.935,70.950
83.753,-395.924,70.939
83.791,-395.903,70.928
83.839,-395.892,70.906
83.877,-395.881,70.895
83.925,-395.860,70.873
83.964,-395.849,70.862
84.011,-395.838,70.840
84.050,-395.817,70.818
84.088,-395.806,70.796
84.136,-395.795,70.785
84.174,-395.785,70.763
84.212,-395.763,70.741
84.251,-395.752,70.730
84.289,-395.742,70.719
84.327,-395.731,70.708
84.365,-395.720,70.697
84.404,-395.699,70.686
84.442,-395.688,70.686
84.480,-395.677,70.675
84.519,-395.667,70.664
84.557,-395.656,70.664
84.586,-395.645,70.653
84.624,-395.623,70.642
84.662,-395.613,70.631
84.700,-395.602,70.620
84.729,-395.591,70.620
84.767,-395.581,70.609
84.796,-395.570,70.598
84.834,-395.559,70.576
84.863,-395.548,70.565
84.901,-395.538,70.543
84.930,-395.527,70.532
84.959,-395.516,70.510
84.997,-395.506,70.499
85.026,-395.495,70.477
85.054,-395.484,70.466
85.093,-395.473,70.455
85.121,-395.463,70.444
85.150,-395.452,70.433
85.179,-395.441,70.422
85.208,-395.430,70.411
85.236,-395.420,70.400
85.265,-395.409,70.400
85.294,-395.398,70.389
85.322,-395.387,70.389
85.351,-395.376,70.378
85.380,-395.366,70.378
85.399,-395.366,70.378
85.428,-395.355,70.367
85.456,-395.344,70.367
85.485,-395.334,70.367
85.514,-395.323,70.356
85.533,-395.312,70.345
85.562,-395.301,70.345
85.590,-395.302,70.334
85.610,-395.291,70.323
85.638,-395.280,70.323
85.657,-395.269,70.312
85.686,-395.258,70.302
85.715,-395.259,70.291
85.734,-395.248,70.291
85.763,-395.237,70.280
85.782,-395.226,70.280
85.811,-395.215,70.269
85.830,-395.215,70.258
85.858,-395.205,70.258
85.878,-395.194,70.247
85.906,-395.183,70.236
85.925,-395.183,70.225
85.945,-395.172,70.203
85.973,-395.162,70.192
85.992,-395.162,70.181
86.021,-395.151,70.159
86.040,-395.140,70.148
86.059,-395.129,70.137
86.088,-395.119,70.115
86.107,-395.119,70.104
86.136,-395.108,70.093
86.155,-395.097,70.082
86.174,-395.097,70.071
86.203,-395.087,70.060
86.222,-395.076,70.049
86.251,-395.065,70.038
86.270,-395.065,70.027
86.299,-395.054,70.016
86.318,-395.043,69.994
86.347,-395.033,69.983
86.366,-395.033,69.972
86.385,-395.022,69.961
86.413,-395.011,69.939
86.433,-395.000,69.917
86.452,-395.001,69.895
86.480,-394.990,69.873
86.500,-394.979,69.851
86.528,-394.968,69.829
86.547,-394.968,69.807
86.567,-394.958,69.785
86.586,-394.947,69.774
86.605,-394.947,69.763
86.634,-394.936,69.752
86.653,-394.925,69.730
86.672,-394.925,69.719
86.691,-394.915,69.708
86.710,-394.904,69.697
86.729,-394.893,69.686
86.758,-394.893,69.664
86.777,-394.882,69.653
86.796,-394.882,69.631
86.815,-394.872,69.620
86.835,-394.861,69.598
86.844,-394.861,69.576
86.863,-394.850,69.554
86.882,-394.850,69.532
86.902,-394.839,69.510
86.921,-394.828,69.489
86.940,-394.829,69.467
86.950,-394.818,69.445
86.969,-394.818,69.434
86.988,-394.807,69.412
86.997,-394.807,69.401
87.017,-394.796,69.390
87.026,-394.796,69.379
87.045,-394.785,69.368
87.055,-394.786,69.368
87.074,-394.775,69.357
87.083,-394.775,69.357
87.093,-394.764,69.346
87.103,-394.764,69.346
87.122,-394.764,69.335
87.131,-394.753,69.335
87.141,-394.753,69.324
87.150,-394.753,69.313
87.160,-394.742,69.302
87.170,-394.742,69.291
87.179,-394.743,69.280
87.189,-394.732,69.258
87.198,-394.732,69.225
87.208,-394.732,69.214
87.218,-394.721,69.192
87.227,-394.721,69.181
87.237,-394.721,69.170
87.246,-394.721,69.170
87.237,-394.721,69.203
87.227,-394.721,69.203
87.237,-394.721,69.170
87.227,-394.721,69.214
87.237,-394.721,69.247
87.237,-394.710,69.258
87.237,-394.721,69.236
87.227,-394.721,69.214
87.237,-394.721,69.181
87.227,-394.721,69.225
87.237,-394.710,69.258
87.237,-394.699,69.225
87.246,-394.699,69.269
87.237,-394.699,69.236
87.246,-394.699,69.236
87.237,-394.699,69.236
87.237,-394.710,69.225
87.237,-394.699,69.236
87.237,-394.710,69.236
87.237,-394.699,69.258
87.237,-394.710,69.247
87.246,-394.710,69.247
87.237,-394.710,69.247
87.246,-394.710,69.302
87.246,-394.699,69.357
87.256,-394.699,69.368
87.265,-394.699,69.346
87.275,-394.699,69.324
87.285,-394.699,69.324
87.285,-394.688,69.324
87.294,-394.688,69.335
87.304,-394.689,69.346
87.313,-394.678,69.368
87.323,-394.678,69.390
87.332,-394.678,69.401
87.342,-394.678,69.412
87.342,-394.667,69.423
87.352,-394.667,69.423
87.361,-394.667,69.434
87.371,-394.656,69.434
87.380,-394.656,69.445
87.390,-394.656,69.445
87.399,-394.656,69.456
87.409,-394.645,69.456
87.419,-394.645,69.467
87.428,-394.646,69.467
87.438,-394.635,69.478
87.447,-394.635,69.478
87.457,-394.624,69.489
87.467,-394.624,69.500
87.476,-394.624,69.510
87.495,-394.613,69.521
87.505,-394.613,69.532
87.514,-394.613,69.543
87.524,-394.602,69.554
87.533,-394.602,69.576
87.553,-394.592,69.587
87.572,-394.592,69.609
87.581,-394.581,69.631
87.591,-394.581,69.653
87.610,-394.570,69.675
87.620,-394.570,69.697
87.629,-394.570,69.730
87.648,-394.559,69.752
87.658,-394.559,69.785
87.677,-394.549,69.807
87.696,-394.538,69.840
87.706,-394.538,69.873
87.725,-394.527,69.906
87.744,-394.527,69.950
87.754,-394.516,69.983
87.773,-394.516,70.027
87.782,-394.505,70.060
87.802,-394.506,70.104
87.821,-394.495,70.148
87.840,-394.495,70.192
87.859,-394.484,70.236
87.878,-394.473,70.291
87.888,-394.473,70.334
87.907,-394.462,70.389
87.926,-394.463,70.444
87.945,-394.452,70.488
87.964,-394.452,70.543
87.983,-394.441,70.598
88.003,-394.430,70.653
88.022,-394.430,70.708
88.041,-394.420,70.774
88.060,-394.409,70.829
88.079,-394.409,70.884
88.098,-394.398,70.950
88.117,-394.387,71.005
88.136,-394.387,71.060
88.165,-394.377,71.115
88.184,-394.377,71.169
88.203,-394.366,71.224
88.223,-394.355,71.279
88.251,-394.355,71.334
88.270,-394.344,71.389
88.290,-394.334,71.444
88.318,-394.334,71.499
88.337,-394.323,71.554
88.357,-394.312,71.609
88.385,-394.312,71.675
88.404,-394.302,71.730
88.424,-394.291,71.796
88.452,-394.280,71.851
88.481,-394.280,71.917
88.500,-394.269,71.982
88.529,-394.259,72.037
88.548,-394.259,72.103
88.567,-394.248,72.169
88.596,-394.237,72.224
88.624,-394.237,72.290
88.644,-394.227,72.345
88.672,-394.216,72.400
88.691,-394.205,72.455
88.720,-394.205,72.499
88.749,-394.195,72.543
88.768,-394.184,72.587
88.797,-394.184,72.631
88.825,-394.173,72.675
88.844,-394.162,72.708
88.873,-394.163,72.740
88.902,-394.152,72.773
88.921,-394.141,72.806
88.950,-394.130,72.839
88.978,-394.131,72.861
89.007,-394.120,72.894
89.026,-394.109,72.927
89.055,-394.109,72.949
89.084,-394.098,72.982
89.112,-394.088,73.004
89.131,-394.077,73.037
89.160,-394.077,73.059
89.189,-394.066,73.092
89.218,-394.056,73.125
89.246,-394.056,73.147
89.275,-394.045,73.180
89.294,-394.034,73.202
89.323,-394.023,73.224
89.351,-394.024,73.257
89.380,-394.013,73.279
89.409,-394.002,73.312
89.437,-393.991,73.334
89.457,-393.992,73.367
89.495,-393.981,73.389
89.514,-393.970,73.422
89.543,-393.959,73.455
89.571,-393.960,73.477
89.600,-393.949,73.499
89.629,-393.938,73.531
89.657,-393.927,73.553
89.686,-393.928,73.586
89.715,-393.917,73.619
89.744,-393.906,73.652
89.772,-393.895,73.674
89.801,-393.885,73.707
89.830,-393.885,73.740
89.858,-393.874,73.773
89.887,-393.863,73.806
89.916,-393.853,73.839
89.944,-393.853,73.861
89.973,-393.842,73.894
90.002,-393.831,73.927
90.030,-393.821,73.949
90.069,-393.821,73.971
90.097,-393.810,74.004
90.126,-393.800,74.026
90.155,-393.789,74.048
90.183,-393.789,74.059
90.212,-393.778,74.081
90.241,-393.768,74.103
90.270,-393.757,74.125
90.298,-393.757,74.147
90.327,-393.746,74.158
90.356,-393.736,74.180
90.384,-393.725,74.191
90.413,-393.725,74.202
90.442,-393.714,74.213
90.470,-393.704,74.224
90.509,-393.693,74.224
90.537,-393.693,74.235
90.566,-393.682,74.246
90.595,-393.672,74.246
90.623,-393.661,74.246
90.652,-393.661,74.246
90.681,-393.650,74.246
90.709,-393.640,74.246
90.738,-393.629,74.235
90.767,-393.629,74.235
90.795,-393.618,74.235
90.824,-393.608,74.235
90.862,-393.597,74.235
90.891,-393.597,74.235
90.920,-393.587,74.235
90.948,-393.576,74.235
90.977,-393.565,74.235
91.006,-393.565,74.235
91.034,-393.555,74.224
91.063,-393.544,74.224
91.092,-393.533,74.224
91.121,-393.533,74.224
91.149,-393.523,74.224
91.178,-393.512,74.213
91.207,-393.501,74.213
91.245,-393.501,74.202
91.274,-393.491,74.202
91.302,-393.480,74.191
91.331,-393.469,74.180
91.360,-393.469,74.180
91.388,-393.459,74.169
91.417,-393.448,74.169
91.446,-393.437,74.169
91.474,-393.437,74.169
91.503,-393.427,74.169
91.532,-393.416,74.180
91.561,-393.405,74.180
91.589,-393.405,74.191
91.618,-393.395,74.202
91.647,-393.384,74.213
91.685,-393.373,74.224
91.713,-393.374,74.224
91.742,-393.363,74.235
91.771,-393.352,74.246
91.800,-393.341,74.257
91.828,-393.342,74.268
91.857,-393.331,74.279
91.886,-393.320,74.290
91.914,-393.309,74.301
91.943,-393.310,74.312
91.972,-393.299,74.323
92.000,-393.288,74.333
92.029,-393.277,74.333
92.067,-393.278,74.344
92.096,-393.267,74.355
92.125,-393.256,74.355
92.153,-393.256,74.366
92.182,-393.246,74.366
92.211,-393.235,74.377
92.239,-393.224,74.377
92.268,-393.224,74.377
92.297,-393.214,74.377
92.325,-393.203,74.377
92.354,-393.192,74.388
92.392,-393.193,74.388
92.421,-393.182,74.399
92.450,-393.171,74.410
92.478,-393.160,74.410
92.507,-393.150,74.421
92.536,-393.150,74.421
92.565,-393.139,74.432
92.603,-393.128,74.432
92.631,-393.118,74.432
92.660,-393.118,74.432
92.689,-393.107,74.432
92.718,-393.096,74.421
92.746,-393.086,74.399
92.775,-393.086,74.388
92.813,-393.075,74.366
92.842,-393.065,74.344
92.871,-393.054,74.323
92.899,-393.054,74.301
92.928,-393.043,74.268
92.966,-393.033,74.246
92.995,-393.022,74.213
93.023,-393.022,74.191
93.052,-393.011,74.158
93.081,-393.001,74.125
93.119,-392.990,74.092
93.148,-392.979,74.048
93.176,-392.980,74.015
93.205,-392.969,73.971
93.234,-392.958,73.927
93.272,-392.947,73.872
93.301,-392.948,73.828
93.329,-392.937,73.773
93.358,-392.926,73.718
93.387,-392.915,73.663
93.416,-392.905,73.608
93.444,-392.905,73.542
93.482,-392.894,73.488
93.511,-392.883,73.433
93.540,-392.873,73.367
93.569,-392.862,73.312
93.597,-392.862,73.257
93.626,-392.851,73.202
93.655,-392.841,73.158
93.693,-392.830,73.103
93.722,-392.819,73.059
93.750,-392.808,73.015
93.779,-392.809,72.982
93.808,-392.798,72.938
93.836,-392.787,72.894
93.865,-392.776,72.850
93.894,-392.766,72.817
93.913,-392.766,72.773
93.942,-392.755,72.740
93.970,-392.744,72.708
93.999,-392.734,72.664
94.028,-392.723,72.642
94.047,-392.723,72.609
94.076,-392.712,72.576
94.104,-392.702,72.554
94.133,-392.691,72.521
94.152,-392.691,72.499
94.181,-392.680,72.466
94.200,-392.669,72.444
94.229,-392.670,72.411
94.257,-392.659,72.389
94.277,-392.648,72.356
94.305,-392.648,72.323
94.324,-392.637,72.301
94.353,-392.627,72.268
94.372,-392.627,72.235
94.401,-392.616,72.202
94.420,-392.605,72.169
94.439,-392.605,72.136
94.458,-392.595,72.103
94.487,-392.584,72.070
94.506,-392.584,72.048
94.525,-392.573,72.015
94.544,-392.573,71.982
94.563,-392.562,71.960
94.583,-392.563,71.938
94.602,-392.552,71.917
94.621,-392.541,71.906
94.640,-392.541,71.884
94.659,-392.530,71.873
94.678,-392.530,71.851
94.688,-392.519,71.840
94.707,-392.520,71.818
94.726,-392.509,71.807
94.745,-392.509,71.785
94.755,-392.498,71.774
94.774,-392.498,71.752
94.784,-392.487,71.730
94.803,-392.487,71.708
94.812,-392.488,71.686
94.822,-392.477,71.664
94.841,-392.477,71.642
94.850,-392.477,71.620
94.860,-392.466,71.609
94.879,-392.466,71.587
94.889,-392.466,71.565
94.898,-392.455,71.554
94.908,-392.455,71.543
94.917,-392.456,71.532
94.927,-392.445,71.521
94.937,-392.445,71.510
94.946,-392.445,71.499
94.956,-392.434,71.488
94.965,-392.434,71.488
94.975,-392.434,71.477
94.984,-392.434,71.477
94.994,-392.423,71.466
95.004,-392.423,71.455
95.013,-392.423,71.444
95.023,-392.412,71.422
95.032,-392.412,71.422
95.042,-392.413,71.400
95.051,-392.413,71.378
95.052,-392.402,71.367
95.061,-392.402,71.356
95.071,-392.402,71.334
95.061,-392.402,71.356
95.071,-392.402,71.389
95.061,-392.402,71.389
95.071,-392.402,71.400
95.061,-392.402,71.389
95.071,-392.402,71.389
95.061,-392.402,71.389
95.071,-392.402,71.389
95.061,-392.402,71.400
95.061,-392.391,71.389
95.071,-392.391,71.389
95.071,-392.402,71.367
95.061,-392.402,71.378
95.061,-392.413,71.378
95.051,-392.413,71.400
95.061,-392.413,71.400
95.070,-392.413,71.411
95.080,-392.402,71.389
95.090,-392.402,71.378
95.099,-392.402,71.367
95.109,-392.402,71.356
95.118,-392.391,71.334
95.128,-392.391,71.323
95.137,-392.391,71.312
95.147,-392.392,71.301
95.157,-392.381,71.290
95.166,-392.381,71.290
95.176,-392.370,71.279
95.185,-392.370,71.268
95.195,-392.370,71.257
95.204,-392.370,71.246
95.214,-392.359,71.235
95.224,-392.359,71.213
95.243,-392.348,71.202
95.252,-392.348,71.191
95.262,-392.337,71.169
95.271,-392.337,71.158
95.281,-392.338,71.147
95.291,-392.338,71.125
95.300,-392.338,71.115
95.310,-392.327,71.104
95.319,-392.327,71.082
95.338,-392.316,71.071
95.348,-392.316,71.060
95.358,-392.305,71.038
95.367,-392.305,71.027
95.377,-392.305,71.005
95.386,-392.305,70.994
95.396,-392.294,70.972
95.405,-392.295,70.961
95.415,-392.295,70.939
95.425,-392.295,70.917
95.444,-392.273,70.895
95.472,-392.273,70.873
95.482,-392.273,70.851
95.492,-392.262,70.829
95.501,-392.262,70.807
95.511,-392.262,70.796
95.520,-392.252,70.774
95.539,-392.252,70.752
95.549,-392.252,70.741
95.559,-392.241,70.719
95.587,-392.230,70.697
95.606,-392.219,70.686
95.616,-392.219,70.675
95.626,-392.219,70.653
95.645,-392.209,70.631
95.654,-392.209,70.620
95.664,-392.209,70.598
95.683,-392.198,70.576
95.693,-392.198,70.543
95.712,-392.187,70.521
95.731,-392.176,70.499
95.760,-392.177,70.466
95.769,-392.166,70.444
95.779,-392.166,70.422
95.798,-392.155,70.400
95.807,-392.155,70.367
95.826,-392.155,70.345
95.836,-392.144,70.323
95.855,-392.144,70.302
95.874,-392.133,70.280
95.894,-392.123,70.258
95.922,-392.112,70.236
95.941,-392.112,70.214
95.951,-392.101,70.192
95.970,-392.101,70.170
95.980,-392.090,70.148
95.999,-392.091,70.126
96.018,-392.091,70.093
96.028,-392.080,70.071
96.047,-392.069,70.038
96.075,-392.058,70.005
96.104,-392.047,69.972
96.123,-392.048,69.939
96.142,-392.037,69.906
96.152,-392.037,69.884
96.171,-392.026,69.851
96.190,-392.026,69.807
96.209,-392.015,69.774
96.228,-392.015,69.741
96.248,-392.005,69.708
96.267,-391.994,69.675
96.296,-391.983,69.653
96.324,-391.972,69.620
96.343,-391.972,69.598
96.363,-391.961,69.576
96.382,-391.951,69.565
96.401,-391.951,69.543
96.420,-391.940,69.521
96.439,-391.940,69.510
96.458,-391.929,69.489
96.487,-391.907,69.467
96.506,-391.908,69.445
96.525,-391.897,69.412
96.544,-391.897,69.390
96.564,-391.886,69.357
96.583,-391.875,69.313
96.602,-391.875,69.280
96.621,-391.865,69.236
96.640,-391.865,69.203
96.659,-391.854,69.159
96.688,-391.832,69.126
96.717,-391.832,69.082
96.736,-391.821,69.049
96.755,-391.811,69.005
96.784,-391.811,68.961
96.803,-391.800,68.917
96.822,-391.789,68.873
96.841,-391.789,68.829
96.860,-391.779,68.774
96.879,-391.768,68.719
96.908,-391.757,68.665
96.937,-391.746,68.599
96.956,-391.735,68.533
96.975,-391.735,68.467
96.994,-391.725,68.401
97.013,-391.725,68.324
97.033,-391.714,68.247
97.052,-391.703,68.170
97.071,-391.703,68.082
97.090,-391.692,68.005
97.128,-391.671,67.917
97.148,-391.671,67.830
97.167,-391.660,67.753
97.186,-391.649,67.665
97.205,-391.649,67.577
97.224,-391.638,67.500
97.243,-391.628,67.412
97.263,-391.617,67.324
97.282,-391.617,67.236
97.301,-391.606,67.159
97.330,-391.584,67.072
97.358,-391.573,66.984
97.377,-391.574,66.885
97.397,-391.563,66.797
97.416,-391.552,66.698
97.435,-391.552,66.599
97.454,-391.541,66.489
97.473,-391.530,66.379
97.502,-391.520,66.270
97.521,-391.509,66.149
97.550,-391.498,66.017
97.569,-391.487,65.885
97.598,-391.476,65.753
97.617,-391.465,65.632
97.636,-391.466,65.522
97.655,-391.455,65.413
97.674,-391.444,65.303
97.703,-391.433,65.182
97.722,-391.422,65.072
97.741,-391.411,64.951
97.770,-391.401,64.830
97.789,-391.390,64.698
97.809,-391.379,64.578
97.828,-391.368,64.457
97.847,-391.368,64.336
97.866,-391.357,64.215
97.885,-391.346,64.094
97.914,-391.336,63.984
97.933,-391.325,63.864
97.952,-391.314,63.743
97.981,-391.292,63.622
98.010,-391.281,63.501
98.029,-391.270,63.369
98.048,-391.271,63.237
98.067,-391.260,63.094
98.087,-391.249,62.941
98.115,-391.238,62.798
98.134,-391.227,62.644
98.154,-391.216,62.490
98.173,-391.205,62.347
98.202,-391.184,62.194
98.221,-391.173,62.051
98.240,-391.162,61.908
98.259,-391.162,61.765
98.278,-391.151,61.622
98.307,-391.140,61.490
98.326,-391.130,61.359
98.345,-391.119,61.227
98.365,-391.108,61.095
98.384,-391.097,60.974
98.413,-391.075,60.842
98.432,-391.064,60.710
98.451,-391.053,60.590
98.470,-391.042,60.458
98.489,-391.032,60.326
98.509,-391.021,60.194
98.537,-391.010,60.051
98.556,-390.999,59.919
98.576,-390.988,59.777
98.595,-390.977,59.634
98.624,-390.955,59.480
98.643,-390.945,59.337
98.662,-390.934,59.194
98.681,-390.923,59.041
98.700,-390.912,58.898
98.720,-390.901,58.755
98.739,-390.890,58.612
98.758,-390.879,58.469
98.787,-390.869,58.326
98.806,-390.847,58.184
98.825,-390.836,58.041
98.844,-390.825,57.898
98.864,-390.814,57.755
98.883,-390.803,57.612
98.902,-390.792,57.480
98.921,-390.781,57.338
98.940,-390.770,57.206
98.960,-390.749,57.063
98.979,-390.738,56.920
99.008,-390.727,56.788
99.027,-390.705,56.646
99.046,-390.694,56.514
99.065,-390.683,56.371
99.084,-390.672,56.228
99.104,-390.661,56.074
99.123,-390.651,55.931
99.142,-390.629,55.778
99.161,-390.618,55.624
99.180,-390.607,55.459
99.200,-390.596,55.294
99.219,-390.574,55.129
99.238,-390.563,54.965
99.257,-390.552,54.811
99.277,-390.541,54.646
99.296,-390.531,54.492
99.315,-390.520,54.338
99.334,-390.498,54.174
99.353,-390.487,54.020
99.373,-390.476,53.877
99.392,-390.465,53.723
99.411,-390.443,53.580
99.430,-390.432,53.438
99.440,-390.421,53.295
99.459,-390.410,53.163
99.478,-390.399,53.031
99.498,-390.378,52.910
99.517,-390.367,52.789
99.536,-390.356,52.668
99.555,-390.345,52.548
99.565,-390.323,52.427
99.584,-390.301,52.295
99.603,-390.290,52.174
99.623,-390.279,52.042
99.642,-390.268,51.899
99.661,-390.246,51.757
99.680,-390.235,51.603
99.700,-390.225,51.449
99.709,-390.214,51.284
99.728,-390.192,51.119
99.748,-390.181,50.955
99.767,-390.170,50.779
99.776,-390.159,50.614
99.796,-390.137,50.449
99.815,-390.126,50.284
99.834,-390.115,50.131
99.853,-390.104,49.977
99.873,-390.082,49.823
99.882,-390.071,49.669
99.902,-390.061,49.526
99.921,-390.039,49.384
99.940,-390.028,49.241
99.950,-390.017,49.098
99.969,-389.995,48.966
99.988,-389.984,48.823
100.007,-389.973,48.691
100.017,-389.951,48.549
100.036,-389.940,48.406
100.056,-389.929,48.274
100.075,-389.907,48.131
100.084,-389.896,47.988
100.104,-389.874,47.845
100.113,-389.863,47.703
100.133,-389.841,47.549
100.152,-389.830,47.395
100.171,-389.820,47.241
100.181,-389.798,47.087
100.200,-389.787,46.923
100.219,-389.776,46.758
100.239,-389.754,46.593
100.248,-389.743,46.428
100.268,-389.721,46.263
100.287,-389.710,46.099
100.297,-389.688,45.923
100.316,-389.677,45.758
100.335,-389.666,45.593
100.354,-389.644,45.428
100.364,-389.633,45.264
100.383,-389.611,45.099
100.402,-389.600,44.934
100.412,-389.578,44.769
100.431,-389.567,44.615
100.451,-389.546,44.451
100.460,-389.535,44.297
100.480,-389.513,44.132
100.499,-389.502,43.978
100.509,-389.480,43.813
100.528,-389.469,43.649
100.547,-389.447,43.484
100.557,-389.436,43.330
100.576,-389.414,43.165
100.595,-389.392,42.990
100.605,-389.381,42.825
100.624,-389.359,42.649
100.643,-389.348,42.484
100.653,-389.326,42.308
100.672,-389.315,42.133
100.692,-389.293,41.957
100.701,-389.282,41.792
100.721,-389.260,41.616
100.731,-389.238,41.451
100.750,-389.227,41.287
100.769,-389.205,41.111
100.779,-389.194,40.946
100.798,-389.172,40.792
100.817,-389.151,40.627
100.827,-389.140,40.463
100.846,-389.118,40.309
100.866,-389.096,40.155
100.875,-389.085,40.001
100.895,-389.063,39.847
100.904,-389.041,39.705
100.923,-389.030,39.551
100.933,-389.008,39.408
100.953,-388.986,39.265
100.972,-388.975,39.122
100.982,-388.953,38.990
101.001,-388.931,38.848
101.011,-388.909,38.716
101.030,-388.898,38.573
101.040,-388.876,38.441
101.059,-388.854,38.298
101.069,-388.843,38.167
101.088,-388.821,38.024
101.098,-388.799,37.892
101.117,-388.777,37.749
101.127,-388.766,37.617
101.146,-388.744,37.485
101.165,-388.722,37.343
101.175,-388.700,37.211
101.194,-388.678,37.079
101.204,-388.667,36.947
101.223,-388.645,36.815
101.233,-388.623,36.683
101.252,-388.601,36.552
101.262,-388.590,36.420
101.281,-388.568,36.288
101.291,-388.546,36.156
101.310,-388.524,36.035
101.320,-388.502,35.903
101.339,-388.480,35.771
101.349,-388.469,35.651
101.368,-388.447,35.519
101.378,-388.425,35.387
101.398,-388.403,35.266
101.407,-388.381,35.134
101.427,-388.359,35.002
101.436,-388.337,34.882
101.456,-388.326,34.750
101.475,-388.304,34.618
101.485,-388.282,34.486
101.494,-388.260,34.354
101.514,-388.238,34.233
101.524,-388.216,34.102
101.543,-388.194,33.970
101.553,-388.172,33.849
101.572,-388.150,33.717
101.582,-388.128,33.596
101.601,-388.106,33.464
101.620,-388.084,33.344
101.630,-388.062,33.223
101.640,-388.040,33.102
101.659,-388.018,32.970
101.669,-387.996,32.849
101.688,-387.974,32.728
101.698,-387.952,32.596
101.717,-387.930,32.476
101.727,-387.908,32.344
101.746,-387.886,32.223
101.756,-387.864,32.102
101.766,-387.842,31.981
101.785,-387.820,31.849
101.795,-387.798,31.729
101.814,-387.776,31.608
101.824,-387.754,31.487
101.844,-387.732,31.366
101.853,-387.710,31.245
101.873,-387.688,31.124
101.882,-387.666,31.003
101.892,-387.644,30.894
101.911,-387.622,30.773
101.921,-387.600,30.652
101.931,-387.578,30.531
101.950,-387.556,30.410
101.960,-387.522,30.289
101.980,-387.501,30.168
101.989,-387.478,30.048
102.009,-387.456,29.938
102.018,-387.434,29.817
102.038,-387.412,29.696
102.047,-387.390,29.586
102.057,-387.368,29.465
102.067,-387.335,29.355
102.086,-387.313,29.235
102.096,-387.291,29.125
102.116,-387.269,29.004
102.125,-387.247,28.894
102.145,-387.225,28.784
102.155,-387.192,28.674
102.164,-387.170,28.553
102.174,-387.148,28.444
102.193,-387.126,28.334
102.203,-387.104,28.224
102.223,-387.071,28.103
102.232,-387.049,27.993
102.242,-387.027,27.872
102.261,-387.005,27.751
102.271,-386.983,27.642
102.281,-386.950,27.521
102.300,-386.928,27.400
102.310,-386.906,27.290
102.320,-386.883,27.169
102.330,-386.850,27.048
102.349,-386.828,26.927
102.359,-386.806,26.807
102.369,-386.784,26.686
102.388,-386.751,26.565
102.398,-386.729,26.444
102.408,-386.707,26.323
102.427,-386.685,26.202
102.437,-386.652,26.082
102.447,-386.630,25.961
102.457,-386.608,25.840
102.476,-386.575,25.719
102.486,-386.553,25.598
102.496,-386.531,25.477
102.515,-386.498,25.356
102.525,-386.476,25.236
102.534,-386.454,25.115
102.554,-386.420,24.994
102.564,-386.398,24.862
102.573,-386.376,24.741
102.583,-386.343,24.620
102.593,-386.321,24.510
102.603,-386.299,24.390
102.622,-386.266,24.269
102.632,-386.244,24.148
102.642,-386.211,24.027
102.661,-386.189,23.895
102.671,-386.167,23.774
102.681,-386.134,23.654
102.691,-386.112,23.522
102.701,-386.078,23.401
102.720,-386.056,23.269
102.730,-386.034,23.148
102.740,-386.001,23.016
102.749,-385.979,22.885
102.769,-385.946,22.753
102.779,-385.924,22.632
102.789,-385.891,22.500
102.798,-385.869,22.379
102.808,-385.836,22.247
102.818,-385.814,22.126
102.828,-385.781,22.006
102.847,-385.759,21.885
102.857,-385.725,21.764
102.867,-385.703,21.643
102.877,-385.670,21.522
102.887,-385.648,21.412
102.896,-385.615,21.292
102.906,-385.593,21.171
102.916,-385.571,21.050
102.935,-385.538,20.929
102.945,-385.505,20.797
102.955,-385.483,20.676
102.965,-385.449,20.555
102.975,-385.427,20.424
102.985,-385.394,20.303
102.994,-385.372,20.171
103.004,-385.339,20.050
103.014,-385.317,19.918
103.024,-385.284,19.797
103.034,-385.251,19.666
103.044,-385.229,19.534
103.054,-385.195,19.402
103.063,-385.173,19.281
103.083,-385.140,19.149
103.093,-385.118,19.028
103.103,-385.085,18.896
103.112,-385.052,18.776
103.122,-385.030,18.644
103.123,-384.997,18.523
103.132,-384.975,18.391
103.142,-384.942,18.270
103.152,-384.919,18.138
103.162,-384.886,18.007
103.172,-384.853,17.886
103.182,-384.831,17.754
103.191,-384.798,17.622
103.201,-384.765,17.490
103.211,-384.743,17.358
103.221,-384.710,17.227
103.231,-384.688,17.095
103.241,-384.654,16.963
103.251,-384.621,16.831
103.260,-384.599,16.688
103.270,-384.566,16.545
103.280,-384.533,16.414
103.290,-384.511,16.271
103.300,-384.478,16.117
103.300,-384.444,15.974
103.310,-384.422,15.831
103.320,-384.389,15.677
103.330,-384.356,15.524
103.340,-384.334,15.370
103.350,-384.301,15.216
103.359,-384.268,15.051
103.369,-384.235,14.897
103.370,-384.212,14.733
103.379,-384.179,14.568
103.389,-384.146,14.392
103.399,-384.113,14.227
103.409,-384.091,14.052
103.419,-384.058,13.887
103.419,-384.024,13.711
103.429,-383.991,13.535
103.439,-383.958,13.370
103.449,-383.936,13.195
103.459,-383.903,13.019
103.459,-383.870,12.843
103.469,-383.837,12.678
103.479,-383.803,12.502
103.479,-383.770,12.327
103.489,-383.748,12.162
103.499,-383.715,11.986
103.509,-383.682,11.810
103.509,-383.649,11.635
103.519,-383.615,11.459
103.529,-383.582,11.283
103.529,-383.549,11.107
103.539,-383.516,10.931
103.540,-383.494,10.745
103.549,-383.461,10.558
103.550,-383.427,10.382
103.560,-383.394,10.195
103.570,-383.361,9.998
103.570,-383.328,9.811
103.580,-383.295,9.613
103.590,-383.261,9.415
103.590,-383.228,9.207
103.600,-383.195,9.009
103.600,-383.162,8.800
103.610,-383.129,8.602
103.611,-383.107,8.394
103.620,-383.073,8.196
103.621,-383.040,7.998
103.631,-383.007,7.800
103.631,-382.974,7.603
103.641,-382.941,7.405
103.641,-382.907,7.207
103.642,-382.874,7.009
103.652,-382.841,6.823
103.652,-382.808,6.625
103.662,-382.775,6.438
103.662,-382.741,6.240
103.663,-382.708,6.053
103.672,-382.675,5.867
103.673,-382.642,5.669
103.673,-382.608,5.482
103.683,-382.575,5.284
103.683,-382.542,5.098
103.684,-382.509,4.900
103.684,-382.475,4.702
103.694,-382.442,4.504
103.694,-382.409,4.307
103.695,-382.376,4.098
103.695,-382.343,3.889
103.705,-382.309,3.680
103.705,-382.276,3.472
103.706,-382.243,3.263
103.706,-382.210,3.054
103.707,-382.176,2.834
103.707,-382.143,2.626
103.717,-382.110,2.406
103.717,-382.077,2.197
103.718,-382.043,1.989
103.718,-382.010,1.780
103.718,-381.966,1.560
103.719,-381.933,1.351
103.719,-381.899,1.143
103.720,-381.866,0.934
103.720,-381.833,0.725
103.720,-381.800,0.527
103.721,-381.766,0.319
103.721,-381.733,0.110
103.721,-381.700,359.912
103.722,-381.656,359.703
103.722,-381.622,359.495
103.723,-381.589,359.286
103.723,-381.556,359.066
103.723,-381.523,358.857
103.714,-381.489,358.638
103.715,-381.445,358.429
103.715,-381.412,358.209
103.715,-381.378,357.990
103.716,-381.345,357.781
103.716,-381.301,357.561
103.717,-381.268,357.341
103.717,-381.234,357.122
103.708,-381.201,356.913
103.708,-381.157,356.693
103.709,-381.123,356.473
103.699,-381.090,356.265
103.700,-381.046,356.045
103.700,-381.012,355.836
103.701,-380.979,355.627
103.692,-380.946,355.419
103.692,-380.901,355.210
103.692,-380.868,355.001
103.683,-380.835,354.792
103.684,-380.790,354.595
103.675,-380.757,354.386
103.675,-380.724,354.188
103.675,-380.680,353.990
103.666,-380.646,353.793
103.667,-380.613,353.595
103.658,-380.568,353.408
103.658,-380.535,353.210
103.658,-380.491,353.024
103.649,-380.458,352.826
103.640,-380.424,352.639
103.641,-380.380,352.452
103.631,-380.347,352.266
103.632,-380.302,352.079
103.623,-380.269,351.892
103.623,-380.236,351.705
103.614,-380.191,351.519
103.614,-380.158,351.332
103.605,-380.113,351.156
103.596,-380.080,350.969
103.597,-380.047,350.793
103.587,-380.002,350.618
103.578,-379.969,350.442
103.579,-379.925,350.277
103.570,-379.891,350.112
103.561,-379.847,349.948
103.561,-379.814,349.794
103.552,-379.769,349.640
103.543,-379.736,349.497
103.534,-379.691,349.343
103.525,-379.658,349.211
103.515,-379.614,349.069
103.516,-379.580,348.926
103.507,-379.536,348.794
103.498,-379.503,348.662
103.489,-379.458,348.541
103.479,-379.425,348.409
103.470,-379.380,348.289
103.471,-379.347,348.157
103.462,-379.303,348.036
103.453,-379.269,347.915
103.444,-379.225,347.805
103.434,-379.191,347.684
103.425,-379.147,347.574
103.416,-379.103,347.476
103.407,-379.069,347.366
103.398,-379.025,347.267
103.389,-378.991,347.179
103.380,-378.947,347.080
103.371,-378.914,346.992
103.362,-378.869,346.915
103.353,-378.825,346.827
103.343,-378.791,346.750
103.334,-378.747,346.685
103.325,-378.703,346.608
103.316,-378.669,346.542
103.307,-378.625,346.476
103.298,-378.580,346.410
103.289,-378.547,346.355
103.280,-378.502,346.289
103.271,-378.458,346.234
103.262,-378.425,346.179
103.253,-378.380,346.113
103.244,-378.336,346.058
103.234,-378.302,346.003
103.225,-378.258,345.938
103.216,-378.214,345.883
103.198,-378.180,345.828
103.189,-378.136,345.762
103.179,-378.091,345.707
103.170,-378.047,345.641
103.161,-378.013,345.586
103.152,-377.969,345.531
103.143,-377.925,345.476
103.134,-377.891,345.410
103.115,-377.847,345.355
103.106,-377.802,345.300
103.097,-377.758,345.245
103.088,-377.724,345.190
103.079,-377.680,345.135
103.070,-377.636,345.081
103.052,-377.591,345.015
103.042,-377.547,344.960
103.033,-377.513,344.905
103.024,-377.469,344.850
103.015,-377.424,344.806
102.997,-377.380,344.751
102.988,-377.335,344.707
102.978,-377.302,344.652
102.969,-377.258,344.608
102.951,-377.213,344.564
102.942,-377.169,344.520
102.933,-377.124,344.465
102.924,-377.080,344.421
102.905,-377.046,344.377
102.896,-377.002,344.333
102.887,-376.957,344.279
102.878,-376.913,344.235
102.859,-376.868,344.191
102.850,-376.824,344.136
102.841,-376.779,344.081
102.832,-376.735,344.037
102.813,-376.702,343.982
102.804,-376.657,343.938
102.795,-376.613,343.894
102.777,-376.568,343.850
102.768,-376.524,343.817
102.759,-376.479,343.773
102.750,-376.435,343.740
102.731,-376.390,343.707
102.722,-376.346,343.674
102.703,-376.301,343.641
102.694,-376.257,343.608
102.685,-376.223,343.564
102.676,-376.179,343.531
102.658,-376.134,343.499
102.649,-376.090,343.455
102.630,-376.045,343.422
102.621,-376.001,343.389
102.612,-375.957,343.356
102.593,-375.912,343.323
102.584,-375.868,343.290
102.575,-375.823,343.257
102.557,-375.779,343.224
102.548,-375.734,343.191
102.529,-375.690,343.158
102.520,-375.645,343.125
102.511,-375.601,343.103
102.492,-375.556,343.070
102.483,-375.512,343.037
102.465,-375.467,343.015
102.456,-375.423,342.982
102.437,-375.378,342.960
102.428,-375.334,342.938
102.409,-375.289,342.905
102.400,-375.245,342.883
102.382,-375.200,342.861
102.373,-375.156,342.839
102.354,-375.111,342.828
102.345,-375.067,342.806
102.327,-375.022,342.784
102.318,-374.978,342.762
102.309,-374.933,342.751
102.290,-374.889,342.729
102.281,-374.844,342.708
102.262,-374.800,342.686
102.253,-374.755,342.675
102.235,-374.711,342.653
102.226,-374.666,342.631
102.217,-374.622,342.620
102.198,-374.577,342.609
102.189,-374.533,342.598
102.170,-374.488,342.598
102.161,-374.444,342.598
102.143,-374.399,342.598
102.134,-374.355,342.598
102.115,-374.311,342.609
102.106,-374.266,342.609
102.088,-374.222,342.620
102.078,-374.177,342.631
102.060,-374.133,342.642
102.051,-374.077,342.642
102.032,-374.032,342.653
102.023,-373.988,342.653
102.014,-373.944,342.664
101.996,-373.899,342.664
101.987,-373.855,342.675
101.968,-373.810,342.675
101.959,-373.766,342.675
101.940,-373.721,342.686
101.931,-373.677,342.686
101.913,-373.632,342.697
101.904,-373.588,342.697
101.885,-373.543,342.708
101.876,-373.499,342.719
101.858,-373.454,342.729
101.849,-373.410,342.740
101.830,-373.354,342.740
101.821,-373.310,342.751
101.802,-373.265,342.762
101.793,-373.221,342.762
101.775,-373.176,342.773
101.766,-373.132,342.773
101.747,-373.087,342.773
101.738,-373.043,342.773
101.729,-372.998,342.773
101.711,-372.954,342.784
101.702,-372.909,342.784
101.683,-372.854,342.773
101.674,-372.809,342.773
101.655,-372.765,342.773
101.646,-372.720,342.773
101.628,-372.676,342.773
101.619,-372.631,342.773
101.600,-372.587,342.773
101.591,-372.542,342.773
101.573,-372.498,342.773
101.564,-372.453,342.784
101.554,-372.409,342.784
101.536,-372.364,342.784
101.517,-372.320,342.784
101.508,-372.264,342.795
101.499,-372.220,342.795
101.481,-372.175,342.806
101.472,-372.131,342.806
101.453,-372.086,342.806
101.444,-372.042,342.806
101.426,-371.997,342.806
101.416,-371.953,342.817
101.398,-371.908,342.817
101.389,-371.864,342.817
101.370,-371.808,342.817
101.361,-371.764,342.817
101.352,-371.719,342.828
101.334,-371.675,342.828
101.325,-371.630,342.828
101.306,-371.586,342.828
101.297,-371.541,342.828
101.279,-371.497,342.839
101.269,-371.452,342.839
101.251,-371.397,342.850
101.242,-371.352,342.850
101.223,-371.308,342.861
101.214,-371.263,342.861
101.196,-371.219,342.872
101.187,-371.174,342.883
101.168,-371.130,342.883
101.159,-371.085,342.894
101.141,-371.030,342.894
101.132,-370.985,342.894
101.113,-370.941,342.894
101.104,-370.896,342.905
101.085,-370.852,342.905
101.076,-370.807,342.905
101.058,-370.763,342.905
101.049,-370.707,342.905
101.030,-370.663,342.905
101.021,-370.618,342.894
101.012,-370.574,342.894
100.994,-370.529,342.894
100.975,-370.485,342.894
100.966,-370.429,342.894
100.948,-370.385,342.883
100.938,-370.340,342.883
100.920,-370.296,342.883
100.911,-370.251,342.883
100.892,-370.195,342.894
100.883,-370.151,342.894
100.874,-370.107,342.894
100.856,-370.062,342.894
100.847,-370.018,342.894
100.828,-369.962,342.894
100.819,-369.918,342.894
100.801,-369.873,342.894
100.792,-369.829,342.894
100.773,-369.773,342.883
100.764,-369.729,342.883
100.745,-369.684,342.883
100.727,-369.639,342.883
100.718,-369.584,342.883
100.699,-369.539,342.883
100.690,-369.495,342.883
100.672,-369.450,342.883
100.663,-369.395,342.883
100.644,-369.350,342.894
100.635,-369.306,342.894
100.617,-369.250,342.894
100.608,-369.206,342.894
100.589,-369.161,342.894
100.580,-369.106,342.905
100.562,-369.061,342.905
100.543,-369.017,342.905
100.534,-368.972,342.905
100.516,-368.917,342.905
100.507,-368.872,342.905
100.488,-368.828,342.905
100.479,-368.772,342.905
100.460,-368.727,342.905
100.451,-368.683,342.905
100.433,-368.627,342.905
100.414,-368.583,342.905
100.405,-368.527,342.905
100.387,-368.483,342.916
100.378,-368.438,342.916
100.359,-368.383,342.916
100.341,-368.338,342.916
100.332,-368.283,342.916
100.313,-368.238,342.916
100.304,-368.194,342.916
100.286,-368.138,342.905
100.277,-368.094,342.905
100.258,-368.038,342.905
100.240,-367.993,342.894
100.231,-367.938,342.894
100.212,-367.893,342.894
100.203,-367.849,342.883
100.185,-367.793,342.883
100.176,-367.749,342.872
100.157,-367.693,342.872
100.139,-367.649,342.872
100.130,-367.593,342.861
100.111,-367.549,342.861
100.093,-367.493,342.861
100.084,-367.449,342.850
100.065,-367.393,342.839
100.056,-367.348,342.839
100.038,-367.293,342.817
100.019,-367.248,342.806
100.010,-367.193,342.795
99.992,-367.148,342.773
99.973,-367.093,342.751
99.964,-367.037,342.729
99.946,-366.993,342.708
99.927,-366.937,342.675
99.918,-366.892,342.653
99.900,-366.837,342.620
99.881,-366.781,342.598
99.872,-366.737,342.565
99.854,-366.681,342.532
99.835,-366.625,342.510
99.817,-366.581,342.477
99.808,-366.525,342.444
99.789,-366.470,342.411
99.771,-366.425,342.378
99.762,-366.370,342.345
99.743,-366.314,342.323
99.725,-366.270,342.290
99.706,-366.214,342.257
99.697,-366.158,342.224
99.679,-366.103,342.191
99.660,-366.058,342.158
99.642,-366.003,342.136
99.623,-365.947,342.103
99.615,-365.891,342.070
99.596,-365.836,342.037
99.577,-365.791,342.015
99.559,-365.736,341.982
99.541,-365.680,341.949
99.532,-365.624,341.917
99.513,-365.569,341.884
99.495,-365.513,341.851
99.476,-365.458,341.818
99.458,-365.413,341.785
99.439,-365.357,341.752
99.421,-365.302,341.730
99.412,-365.246,341.697
99.393,-365.191,341.664
99.375,-365.135,341.642
99.357,-365.079,341.620
99.338,-365.024,341.598
99.320,-364.968,341.587
99.301,-364.912,341.565
99.283,-364.857,341.554
99.264,-364.801,341.543
99.246,-364.746,341.532
99.227,-364.690,341.521
99.209,-364.634,341.510
99.190,-364.579,341.499
99.172,-364.523,341.488
99.153,-364.467,341.477
99.135,-364.412,341.466
99.117,-364.356,341.455
99.098,-364.289,341.444
99.080,-364.234,341.433
99.061,-364.178,341.422
99.043,-364.123,341.411
99.024,-364.067,341.400
99.006,-364.011,341.389
98.988,-363.956,341.378
98.969,-363.889,341.367
98.951,-363.833,341.345
98.932,-363.778,341.334
98.914,-363.722,341.323
98.895,-363.666,341.312
98.877,-363.600,341.301
98.859,-363.544,341.290
98.840,-363.488,341.279
98.812,-363.433,341.268
98.794,-363.366,341.257
98.775,-363.310,341.246
98.757,-363.255,341.246
98.738,-363.199,341.235
98.720,-363.132,341.224
98.702,-363.077,341.213
98.683,-363.021,341.213
98.665,-362.954,341.202
98.646,-362.899,341.191
98.628,-362.843,341.180
98.600,-362.776,341.169
98.582,-362.721,341.158
98.563,-362.665,341.158
98.545,-362.598,341.147
98.526,-362.543,341.136
98.508,-362.487,341.125
98.490,-362.420,341.115
98.462,-362.365,341.104
98.443,-362.309,341.093
98.425,-362.242,341.082
98.406,-362.187,341.071
98.388,-362.120,341.060
98.360,-362.064,341.049
98.342,-362.009,341.038
98.323,-361.942,341.027
98.305,-361.886,341.016
98.286,-361.820,341.005
98.268,-361.764,340.994
98.240,-361.697,340.983
98.222,-361.642,340.972
98.203,-361.586,340.961
98.185,-361.519,340.950
98.166,-361.464,340.928
98.148,-361.397,340.928
98.120,-361.341,340.917
98.102,-361.274,340.906
98.083,-361.219,340.906
98.065,-361.152,340.895
98.047,-361.096,340.884
98.019,-361.030,340.884
98.000,-360.974,340.873
97.982,-360.907,340.873
97.964,-360.841,340.873
97.936,-360.785,340.873
97.917,-360.718,340.862
97.899,-360.662,340.862
97.880,-360.596,340.862
97.852,-360.540,340.851
97.834,-360.473,340.851
97.816,-360.407,340.851
97.788,-360.351,340.840
97.769,-360.284,340.840
97.751,-360.217,340.840
97.733,-360.162,340.840
97.705,-360.095,340.840
97.686,-360.028,340.851
97.668,-359.973,340.851
97.640,-359.906,340.862
97.622,-359.839,340.873
97.603,-359.772,340.884
97.575,-359.717,340.895
97.557,-359.650,340.906
97.539,-359.583,340.928
97.520,-359.517,340.939
97.493,-359.450,340.950
97.474,-359.383,340.972
97.456,-359.327,340.983
97.428,-359.261,341.005
97.410,-359.194,341.016
97.391,-359.127,341.038
97.363,-359.060,341.060
97.345,-358.994,341.082
97.327,-358.927,341.125
97.299,-358.860,341.147
97.280,-358.804,341.180
97.253,-358.738,341.202
97.234,-358.671,341.235
97.216,-358.604,341.268
97.188,-358.537,341.301
97.170,-358.471,341.334
97.142,-358.404,341.367
97.123,-358.337,341.400
97.096,-358.270,341.422
97.077,-358.204,341.455
97.059,-358.137,341.488
97.031,-358.059,341.521
97.013,-357.992,341.565
96.995,-357.926,341.598
96.967,-357.859,341.631
96.948,-357.792,341.675
96.920,-357.725,341.708
96.902,-357.658,341.741
96.884,-357.592,341.785
96.866,-357.514,341.818
96.838,-357.447,341.851
96.819,-357.380,341.884
96.791,-357.314,341.917
96.773,-357.247,341.949
96.755,-357.180,341.982
96.727,-357.102,342.015
96.709,-357.036,342.048
96.690,-356.969,342.092
96.663,-356.902,342.136
96.644,-356.824,342.180
96.626,-356.758,342.224
96.598,-356.691,342.268
96.580,-356.624,342.312
96.562,-356.546,342.356
96.534,-356.479,342.389
96.515,-356.413,342.433
96.497,-356.346,342.466
96.469,-356.268,342.510
96.451,-356.201,342.532
96.423,-356.135,342.565
96.405,-356.068,342.598
96.387,-355.990,342.631
96.368,-355.923,342.653
96.340,-355.856,342.675
96.322,-355.779,342.697
96.304,-355.712,342.708
96.276,-355.645,342.729
96.258,-355.567,342.740
96.239,-355.501,342.762
96.221,-355.423,342.773
96.193,-355.356,342.784
96.175,-355.289,342.806
96.157,-355.212,342.817
96.129,-355.145,342.828
96.111,-355.078,342.839
96.092,-355.000,342.861
96.065,-354.933,342.872
96.046,-354.856,342.883
96.028,-354.789,342.894
96.000,-354.722,342.905
95.982,-354.644,342.916
95.964,-354.578,342.927
95.936,-354.500,342.938
95.917,-354.433,342.949
95.899,-354.355,342.960
95.881,-354.288,342.960
95.853,-354.210,342.960
95.835,-354.144,342.960
95.817,-354.066,342.960
95.789,-353.999,342.960
95.770,-353.932,342.949
95.752,-353.855,342.949
95.724,-353.788,342.938
95.706,-353.710,342.927
95.688,-353.643,342.927
95.660,-353.565,342.916
95.642,-353.499,342.905
95.624,-353.421,342.894
95.596,-353.354,342.883
95.577,-353.276,342.861
95.559,-353.210,342.850
95.531,-353.132,342.839
95.513,-353.065,342.828
95.495,-352.987,342.817
95.467,-352.920,342.806
95.449,-352.843,342.795
95.431,-352.765,342.784
95.403,-352.698,342.784
95.384,-352.620,342.784
95.366,-352.553,342.773
95.338,-352.476,342.762
95.320,-352.409,342.751
95.302,-352.331,342.740
95.274,-352.264,342.729
95.256,-352.186,342.708
95.228,-352.120,342.697
95.210,-352.042,342.686
95.191,-351.975,342.675
95.164,-351.897,342.653
95.145,-351.819,342.642
95.118,-351.753,342.631
95.099,-351.675,342.620
95.071,-351.608,342.609
95.053,-351.530,342.598
95.035,-351.463,342.587
95.007,-351.386,342.576
94.989,-351.308,342.565
94.961,-351.241,342.554
94.943,-351.163,342.532
94.925,-351.085,342.521
94.897,-351.018,342.510
94.879,-350.941,342.499
94.851,-350.874,342.488
94.832,-350.796,342.466
94.814,-350.718,342.455
94.786,-350.651,342.444
94.768,-350.574,342.433
94.740,-350.496,342.422
94.722,-350.429,342.422
94.694,-350.351,342.411
94.676,-350.273,342.400
94.648,-350.207,342.378
94.630,-350.129,342.367
94.602,-350.062,342.356
94.584,-349.984,342.345
94.556,-349.906,342.334
94.538,-349.839,342.323
94.510,-349.762,342.312
94.492,-349.684,342.290
94.464,-349.606,342.290
94.446,-349.539,342.279
94.418,-349.461,342.268
94.400,-349.383,342.257
94.372,-349.317,342.246
94.354,-349.239,342.235
94.326,-349.161,342.213
94.308,-349.094,342.202
94.280,-349.016,342.191
94.262,-348.939,342.180
94.244,-348.861,342.169
94.216,-348.794,342.158
94.198,-348.716,342.147
94.170,-348.638,342.136
94.142,-348.560,342.125
94.124,-348.494,342.114
94.096,-348.416,342.103
94.078,-348.338,342.092
94.050,-348.260,342.081
94.032,-348.193,342.081
94.004,-348.115,342.070
93.986,-348.038,342.059
93.958,-347.960,342.059
93.930,-347.882,342.048
93.912,-347.815,342.048
93.884,-347.737,342.037
93.866,-347.659,342.026
93.838,-347.581,342.026
93.810,-347.504,342.015
93.792,-347.437,342.004
93.764,-347.359,341.993
93.746,-347.281,341.982
93.718,-347.203,341.971
93.700,-347.125,341.949
93.672,-347.048,341.938
93.645,-346.981,341.927
93.626,-346.903,341.906
93.599,-346.825,341.895
93.580,-346.747,341.873
93.553,-346.669,341.873
93.534,-346.592,341.862
93.507,-346.514,341.851
93.479,-346.436,341.840
93.461,-346.369,341.840
93.433,-346.291,341.829
93.405,-346.213,341.818
93.387,-346.135,341.818
93.359,-346.058,341.807
93.331,-345.980,341.796
93.313,-345.902,341.785
93.285,-345.824,341.774
93.258,-345.746,341.774
93.240,-345.668,341.763
93.212,-345.590,341.752
93.184,-345.512,341.741
93.166,-345.435,341.730
93.138,-345.357,341.719
93.110,-345.290,341.708
93.092,-345.212,341.697
93.064,-345.134,341.686
93.037,-345.056,341.675
93.018,-344.979,341.664
92.991,-344.901,341.653
92.963,-344.823,341.631
92.945,-344.745,341.620
92.917,-344.667,341.609
92.889,-344.589,341.598
92.861,-344.511,341.587
92.843,-344.433,341.587
92.815,-344.355,341.576
92.788,-344.278,341.565
92.769,-344.200,341.554
92.742,-344.122,341.554
92.714,-344.044,341.543
92.686,-343.966,341.532
92.668,-343.888,341.521
92.640,-343.810,341.510
92.613,-343.732,341.499
92.594,-343.655,341.488
92.567,-343.577,341.466
92.539,-343.499,341.455
92.511,-343.421,341.455
92.483,-343.343,341.444
92.465,-343.265,341.433
92.437,-343.187,341.422
92.410,-343.109,341.411
92.382,-343.032,341.400
92.364,-342.954,341.389
92.336,-342.876,341.378
92.308,-342.787,341.367
92.281,-342.709,341.356
92.262,-342.631,341.356
92.235,-342.553,341.345
92.207,-342.475,341.345
92.179,-342.397,341.334
92.161,-342.320,341.323
92.133,-342.242,341.323
92.105,-342.164,341.323
92.078,-342.086,341.312
92.050,-342.008,341.312
92.032,-341.930,341.312
92.004,-341.852,341.301
91.976,-341.774,341.301
91.949,-341.685,341.301
91.921,-341.608,341.290
91.893,-341.530,341.290
91.875,-341.452,341.290
91.847,-341.374,341.279
91.819,-341.296,341.279
91.792,-341.218,341.268
91.764,-341.140,341.257
91.746,-341.051,341.257
91.718,-340.973,341.246
91.690,-340.896,341.246
91.663,-340.818,341.235
91.635,-340.740,341.235
91.617,-340.662,341.235
91.589,-340.584,341.235
91.561,-340.506,341.235
91.534,-340.417,341.235
91.506,-340.339,341.235
91.488,-340.261,341.235
91.460,-340.184,341.235
91.432,-340.106,341.235
91.404,-340.028,341.224
91.377,-339.950,341.224
91.349,-339.872,341.224
91.331,-339.783,341.224
91.303,-339.705,341.224
91.275,-339.627,341.213
91.248,-339.549,341.213
91.220,-339.471,341.202
91.192,-339.394,341.202
91.164,-339.305,341.202
91.146,-339.227,341.202
91.118,-339.149,341.202
91.091,-339.071,341.202
91.063,-338.993,341.191
91.035,-338.915,341.191
91.008,-338.826,341.191
90.980,-338.748,341.180
90.962,-338.671,341.180
90.934,-338.593,341.180
90.906,-338.515,341.169
90.878,-338.437,341.158
90.851,-338.348,341.147
90.833,-338.270,341.136
90.805,-338.192,341.125
90.777,-338.114,341.125
90.749,-338.036,341.136
90.722,-337.947,341.136
90.694,-337.869,341.136
90.676,-337.792,341.147
90.648,-337.714,341.147
90.620,-337.636,341.158
90.593,-337.558,341.169
90.565,-337.469,341.180
90.537,-337.391,341.191
90.509,-337.313,341.202
90.482,-337.235,341.191
90.454,-337.157,341.202
90.426,-337.068,341.202
90.399,-336.990,341.202
90.380,-336.913,341.202
90.353,-336.835,341.202
90.325,-336.757,341.191
90.297,-336.668,341.180
90.269,-336.590,341.180
90.242,-336.512,341.180
90.224,-336.434,341.191
90.196,-336.356,341.202
90.168,-336.267,341.213
90.140,-336.189,341.235
90.113,-336.112,341.257
90.085,-336.034,341.279
90.057,-335.956,341.301
90.039,-335.867,341.323
90.011,-335.789,341.356
89.984,-335.711,341.378
89.956,-335.633,341.389
89.928,-335.544,341.411
89.900,-335.466,341.422
89.882,-335.388,341.444
89.855,-335.299,341.466
89.827,-335.222,341.499
89.799,-335.144,341.521
89.771,-335.066,341.554
89.753,-334.988,341.587
89.726,-334.899,341.620
89.698,-334.821,341.653
89.670,-334.743,341.697
89.642,-334.665,341.730
89.615,-334.587,341.763
89.596,-334.499,341.796
89.569,-334.421,341.840
89.541,-334.343,341.873
89.513,-334.265,341.906
89.486,-334.187,341.938
89.467,-334.098,341.971
89.440,-334.020,342.004
89.412,-333.942,342.048
89.384,-333.853,342.070
89.366,-333.775,342.103
89.338,-333.698,342.136
89.311,-333.620,342.158
89.283,-333.542,342.180
89.265,-333.453,342.213
89.237,-333.375,342.246
89.209,-333.297,342.268
89.191,-333.219,342.290
89.163,-333.130,342.323
89.136,-333.052,342.345
89.108,-332.974,342.367
89.090,-332.897,342.389
89.062,-332.819,342.411
89.034,-332.730,342.422
89.016,-332.652,342.444
88.988,-332.574,342.466
88.961,-332.496,342.488
88.943,-332.407,342.499
88.915,-332.329,342.499
88.897,-332.252,342.499
88.869,-332.174,342.499
88.841,-332.096,342.488
88.823,-332.007,342.477
88.795,-331.929,342.466
88.768,-331.851,342.455
88.749,-331.773,342.444
88.722,-331.695,342.444
88.694,-331.617,342.433
88.676,-331.529,342.422
88.648,-331.451,342.411
88.620,-331.373,342.411
88.602,-331.295,342.400
88.574,-331.217,342.378
88.547,-331.139,342.367
88.528,-331.061,342.345
88.501,-330.972,342.334
88.473,-330.895,342.312
88.455,-330.817,342.290
88.427,-330.728,342.279
88.399,-330.650,342.257
88.381,-330.572,342.235
88.353,-330.494,342.213
88.326,-330.416,342.191
88.308,-330.338,342.180
88.280,-330.261,342.158
88.252,-330.172,342.136
88.224,-330.094,342.125
88.206,-330.016,342.103
88.178,-329.938,342.092
88.151,-329.860,342.081
88.132,-329.782,342.059
88.105,-329.704,342.048
88.077,-329.626,342.026
88.059,-329.549,342.004
88.031,-329.471,341.982
88.003,-329.382,341.971
87.985,-329.304,341.949
87.957,-329.226,341.927
87.930,-329.148,341.906
87.902,-329.070,341.895
87.884,-328.992,341.873
87.856,-328.915,341.862
87.828,-328.837,341.851
87.810,-328.759,341.829
87.782,-328.670,341.818
87.755,-328.592,341.807
87.736,-328.514,341.785
87.709,-328.436,341.774
87.681,-328.358,341.752
87.653,-328.280,341.741
87.635,-328.203,341.730
87.607,-328.125,341.708
87.580,-328.047,341.697
87.561,-327.969,341.686
87.534,-327.891,341.664
87.506,-327.813,341.642
87.488,-327.735,341.631
87.460,-327.658,341.620
87.432,-327.580,341.609
87.414,-327.502,341.609
87.386,-327.424,341.598
87.358,-327.346,341.609
87.331,-327.268,341.609
87.312,-327.190,341.620
87.285,-327.112,341.642
87.257,-327.035,341.653
87.229,-326.957,341.664
87.202,-326.879,341.664
87.183,-326.801,341.664
87.156,-326.723,341.664
87.137,-326.645,341.653
87.110,-326.567,341.653
87.082,-326.489,341.642
87.064,-326.412,341.631
87.036,-326.334,341.620
87.008,-326.256,341.609
86.990,-326.178,341.598
86.962,-326.100,341.609
86.934,-326.022,341.609
86.916,-325.944,341.609
86.888,-325.867,341.620
86.861,-325.789,341.631
86.843,-325.711,341.642
86.815,-325.633,341.653
86.787,-325.555,341.664
86.759,-325.477,341.675
86.741,-325.399,341.697
86.713,-325.321,341.708
86.686,-325.244,341.719
86.658,-325.166,341.741
86.630,-325.088,341.752
86.602,-325.010,341.774
86.584,-324.932,341.785
86.556,-324.854,341.785
86.529,-324.776,341.796
86.510,-324.698,341.807
86.483,-324.621,341.807
86.464,-324.543,341.818
86.437,-324.476,341.818
86.418,-324.398,341.818
86.391,-324.320,341.818
86.363,-324.242,341.818
86.345,-324.164,341.807
86.317,-324.087,341.807
86.299,-324.009,341.818
86.271,-323.931,341.818
86.243,-323.853,341.818
86.216,-323.775,341.818
86.197,-323.697,341.829
86.170,-323.619,341.829
86.142,-323.541,341.840
86.124,-323.464,341.851
86.096,-323.386,341.851
86.068,-323.308,341.862
86.050,-323.241,341.862
86.022,-323.163,341.873
86.004,-323.085,341.873
85.976,-323.008,341.873
85.948,-322.930,341.873
85.921,-322.852,341.862
85.902,-322.774,341.862
85.875,-322.696,341.862
85.856,-322.618,341.851
85.829,-322.540,341.851
85.801,-322.474,341.840
85.783,-322.396,341.840
85.755,-322.318,341.840
85.737,-322.240,341.851
85.709,-322.162,341.851
85.681,-322.084,341.851
85.663,-322.006,341.851
85.635,-321.929,341.851
85.617,-321.851,341.851
85.589,-321.773,341.851
85.562,-321.695,341.851
85.543,-321.628,341.862
85.515,-321.550,341.862
85.488,-321.472,341.862
85.469,-321.395,341.873
85.442,-321.317,341.873
85.414,-321.239,341.873
85.396,-321.161,341.884
85.368,-321.083,341.895
85.340,-321.016,341.895
85.322,-320.939,341.906
85.294,-320.861,341.906
85.276,-320.783,341.906
85.248,-320.705,341.906
85.221,-320.627,341.917
85.202,-320.549,341.917
85.175,-320.471,341.917
85.147,-320.393,341.917
85.129,-320.316,341.917
85.101,-320.238,341.927
85.073,-320.160,341.927
85.055,-320.082,341.938
85.027,-320.004,341.938
85.009,-319.937,341.949
84.981,-319.859,341.960
84.953,-319.782,341.960
84.935,-319.704,341.971
84.907,-319.626,341.982
84.880,-319.548,341.982
84.861,-319.470,341.993
84.834,-319.392,341.993
84.806,-319.314,342.004
84.788,-319.237,342.004
84.760,-319.159,342.004
84.732,-319.081,342.004
84.714,-319.003,342.015
84.686,-318.925,342.015
84.659,-318.847,342.026
84.640,-318.769,342.026
84.613,-318.691,342.026
84.585,-318.614,342.037
84.567,-318.536,342.037
84.539,-318.458,342.048
84.521,-318.380,342.059
84.493,-318.302,342.059
84.465,-318.224,342.059
84.447,-318.146,342.070
84.419,-318.069,342.070
84.391,-317.991,342.070
84.373,-317.913,342.081
84.346,-317.835,342.081
84.327,-317.757,342.081
84.300,-317.679,342.092
84.272,-317.601,342.092
84.244,-317.523,342.092
84.226,-317.446,342.103
84.198,-317.368,342.103
84.170,-317.290,342.114
84.152,-317.212,342.114
84.124,-317.134,342.125
84.097,-317.045,342.125
84.079,-316.967,342.125
84.051,-316.889,342.136
84.023,-316.812,342.136
84.005,-316.734,342.136
83.977,-316.656,342.136
83.949,-316.578,342.147
83.931,-316.500,342.147
83.903,-316.422,342.147
83.876,-316.344,342.158
83.858,-316.255,342.158
83.830,-316.178,342.158
83.802,-316.100,342.158
83.784,-316.022,342.169
83.756,-315.944,342.169
83.728,-315.866,342.169
83.710,-315.788,342.169
83.682,-315.710,342.169
83.664,-315.633,342.169
83.636,-315.555,342.169
83.609,-315.477,342.169
83.591,-315.399,342.169
83.563,-315.321,342.169
83.535,-315.232,342.169
83.507,-315.154,342.180
83.489,-315.076,342.180
83.461,-314.998,342.191
83.434,-314.921,342.191
83.415,-314.843,342.202
83.388,-314.765,342.202
83.360,-314.676,342.213
83.342,-314.598,342.213
83.314,-314.520,342.213
83.286,-314.442,342.224
83.268,-314.364,342.224
83.240,-314.287,342.224
83.213,-314.209,342.235
83.195,-314.131,342.246
83.167,-314.053,342.246
83.139,-313.975,342.257
83.121,-313.886,342.268
83.093,-313.808,342.279
83.065,-313.730,342.290
83.047,-313.653,342.301
83.019,-313.575,342.312
82.992,-313.497,342.323
82.974,-313.419,342.334
82.946,-313.341,342.356
82.928,-313.252,342.367
82.900,-313.174,342.378
82.872,-313.096,342.389
82.854,-313.019,342.400
82.826,-312.941,342.422
82.799,-312.863,342.433
82.780,-312.785,342.444
82.753,-312.707,342.455
82.725,-312.629,342.466
82.707,-312.540,342.477
82.679,-312.462,342.488
82.661,-312.385,342.499
82.633,-312.307,342.510
82.605,-312.229,342.521
82.587,-312.151,342.532
82.559,-312.073,342.543
82.541,-311.995,342.565
82.513,-311.906,342.576
82.486,-311.828,342.598
82.468,-311.751,342.609
82.440,-311.673,342.620
82.422,-311.595,342.631
82.394,-311.517,342.653
82.366,-311.439,342.664
82.348,-311.361,342.675
82.320,-311.283,342.697
82.302,-311.206,342.719
82.274,-311.128,342.729
82.246,-311.050,342.751
82.228,-310.961,342.773
82.201,-310.883,342.784
82.182,-310.805,342.795
82.155,-310.727,342.806
82.136,-310.650,342.817
82.109,-310.572,342.817
82.090,-310.494,342.828
82.063,-310.416,342.839
82.045,-310.327,342.850
82.017,-310.249,342.861
81.989,-310.171,342.872
81.971,-310.093,342.883
81.943,-310.016,342.905
81.925,-309.938,342.916
81.897,-309.860,342.938
81.879,-309.782,342.949
81.851,-309.704,342.949
81.833,-309.626,342.960
81.805,-309.548,342.960
81.787,-309.471,342.960
81.759,-309.393,342.949
81.741,-309.315,342.938
81.713,-309.237,342.938
81.695,-309.159,342.938
81.667,-309.081,342.938
81.649,-309.004,342.949
81.622,-308.915,342.949
81.594,-308.837,342.971
81.576,-308.759,342.993
81.548,-308.681,343.015
81.530,-308.603,343.037
81.502,-308.525,343.048
81.484,-308.447,343.059
81.456,-308.370,343.070
81.428,-308.292,343.070
81.410,-308.214,343.081
81.382,-308.136,343.081
81.364,-308.058,343.092
81.336,-307.980,343.103
81.318,-307.902,343.103
81.290,-307.825,343.114
81.272,-307.747,343.114
81.244,-307.669,343.114
81.226,-307.591,343.114
81.198,-307.513,343.114
81.180,-307.435,343.114
81.153,-307.357,343.103
81.134,-307.280,343.103
81.107,-307.202,343.103
81.088,-307.124,343.092
81.070,-307.046,343.092
81.042,-306.968,343.092
81.024,-306.890,343.081
80.996,-306.813,343.081
80.978,-306.735,343.081
80.950,-306.657,343.081
80.923,-306.579,343.070
80.905,-306.501,343.070
80.877,-306.423,343.070
80.858,-306.357,343.070
80.831,-306.279,343.059
80.812,-306.201,343.037
80.794,-306.123,343.026
80.767,-306.045,343.004
80.748,-305.967,342.993
80.721,-305.889,342.971
80.702,-305.812,342.960
80.684,-305.734,342.949
80.656,-305.667,342.927
80.638,-305.589,342.905
80.610,-305.511,342.894
80.592,-305.434,342.883
80.564,-305.356,342.861
80.546,-305.278,342.850
80.518,-305.200,342.839
80.500,-305.122,342.828
80.472,-305.044,342.806
80.445,-304.966,342.795
80.427,-304.889,342.784
80.399,-304.811,342.784
80.381,-304.733,342.773
80.353,-304.655,342.751
80.335,-304.577,342.740
80.307,-304.510,342.719
80.289,-304.433,342.697
80.261,-304.355,342.664
80.243,-304.277,342.642
80.224,-304.199,342.620
80.196,-304.132,342.598
80.178,-304.054,342.565
80.151,-303.977,342.543
80.132,-303.899,342.510
80.105,-303.821,342.488
80.086,-303.743,342.466
80.058,-303.676,342.444
80.040,-303.598,342.422
80.013,-303.521,342.411
79.994,-303.432,342.400
79.967,-303.365,342.389
79.948,-303.287,342.367
79.921,-303.209,342.356
79.893,-303.131,342.345
79.875,-303.053,342.334
79.847,-302.976,342.334
79.829,-302.898,342.323
79.801,-302.820,342.312
79.773,-302.753,342.301
79.755,-302.675,342.290
79.727,-302.597,342.279
79.709,-302.531,342.268
79.681,-302.453,342.257
79.663,-302.375,342.235
79.635,-302.297,342.213
79.607,-302.219,342.202
79.589,-302.141,342.180
79.561,-302.063,342.158
79.543,-301.986,342.136
79.525,-301.919,342.114
79.497,-301.841,342.092
79.469,-301.763,342.070
79.451,-301.685,342.059
79.423,-301.607,342.037
79.405,-301.530,342.026
79.377,-301.463,342.015
79.350,-301.385,342.015
79.331,-301.307,342.004
79.304,-301.229,342.004
79.276,-301.162,342.004
79.258,-301.085,341.993
79.230,-301.007,341.993
79.202,-300.929,341.982
79.184,-300.851,341.971
79.156,-300.784,341.949
79.138,-300.706,341.927
79.110,-300.628,341.906
79.092,-300.551,341.884
79.064,-300.473,341.851
79.036,-300.395,341.829
79.018,-300.328,341.807
78.990,-300.250,341.785
78.972,-300.172,341.752
78.944,-300.094,341.730
78.917,-300.017,341.708
78.898,-299.950,341.697
78.870,-299.872,341.675
78.843,-299.794,341.664
78.825,-299.716,341.642
78.797,-299.638,341.631
78.769,-299.560,341.620
78.751,-299.494,341.609
78.723,-299.416,341.587
78.705,-299.338,341.576
78.677,-299.260,341.565
78.649,-299.182,341.543
78.631,-299.116,341.521
78.603,-299.038,341.499
78.575,-298.960,341.488
78.557,-298.882,341.466
78.529,-298.815,341.455
78.502,-298.737,341.433
78.474,-298.659,341.422
78.456,-298.582,341.411
78.428,-298.504,341.400
78.400,-298.437,341.389
78.382,-298.359,341.367
78.354,-298.281,341.356
78.326,-298.203,341.334
78.308,-298.125,341.312
78.280,-298.047,341.301
78.253,-297.981,341.279
78.234,-297.903,341.257
78.207,-297.825,341.246
78.179,-297.747,341.224
78.161,-297.669,341.213
78.133,-297.591,341.191
78.105,-297.525,341.180
78.087,-297.447,341.169
78.059,-297.369,341.158
78.031,-297.291,341.158
78.013,-297.213,341.147
77.985,-297.135,341.147
77.957,-297.068,341.136
77.930,-296.991,341.136
77.912,-296.913,341.136
77.884,-296.835,341.147
77.856,-296.757,341.147
77.828,-296.679,341.158
77.801,-296.601,341.158
77.782,-296.534,341.169
77.754,-296.456,341.180
77.727,-296.379,341.191
77.699,-296.301,341.213
77.681,-296.223,341.224
77.653,-296.145,341.235
77.625,-296.067,341.257
77.598,-295.989,341.268
77.579,-295.911,341.290
77.552,-295.833,341.312
77.524,-295.767,341.334
77.505,-295.689,341.356
77.478,-295.611,341.378
77.450,-295.533,341.400
77.422,-295.455,341.422
77.404,-295.377,341.444
77.376,-295.299,341.466
77.349,-295.222,341.488
77.321,-295.144,341.521
77.303,-295.066,341.543
77.275,-294.988,341.576
77.247,-294.910,341.609
77.219,-294.832,341.642
77.201,-294.754,341.664
77.173,-294.676,341.697
77.146,-294.599,341.730
77.118,-294.521,341.752
77.100,-294.443,341.774
77.072,-294.365,341.796
77.044,-294.287,341.807
77.026,-294.209,341.818
76.998,-294.120,341.840
76.971,-294.042,341.851
76.952,-293.965,341.862
76.925,-293.887,341.884
76.897,-293.809,341.895
76.869,-293.731,341.917
76.851,-293.653,341.927
76.823,-293.575,341.949
76.795,-293.497,341.971
76.777,-293.419,341.993
76.750,-293.342,342.004
76.722,-293.253,342.026
76.694,-293.175,342.048
76.676,-293.097,342.070
76.648,-293.019,342.092
76.620,-292.941,342.103
76.602,-292.863,342.125
76.575,-292.774,342.136
76.547,-292.696,342.158
76.519,-292.618,342.169
76.501,-292.541,342.180
76.473,-292.463,342.191
76.445,-292.385,342.202
76.427,-292.296,342.213
76.400,-292.218,342.224
76.372,-292.140,342.235
76.354,-292.062,342.235
76.326,-291.984,342.246
76.298,-291.896,342.257
76.280,-291.818,342.257
76.252,-291.740,342.257
76.225,-291.662,342.268
76.206,-291.584,342.268
76.179,-291.495,342.279
76.151,-291.417,342.290
76.133,-291.339,342.290
76.105,-291.262,342.301
76.077,-291.173,342.323
76.059,-291.095,342.334
76.031,-291.017,342.345
76.004,-290.928,342.356
75.976,-290.850,342.367
75.958,-290.772,342.378
75.930,-290.694,342.389
75.903,-290.605,342.400
75.875,-290.527,342.400
75.857,-290.450,342.411
75.829,-290.372,342.422
75.801,-290.294,342.422
75.783,-290.205,342.422
75.755,-290.127,342.433
75.728,-290.049,342.433
75.709,-289.960,342.433
75.682,-289.882,342.433
75.654,-289.804,342.433
75.636,-289.715,342.433
75.608,-289.638,342.433
75.580,-289.560,342.444
75.562,-289.471,342.455
75.535,-289.393,342.455
75.507,-289.315,342.466
75.489,-289.226,342.466
75.461,-289.148,342.477
75.433,-289.059,342.477
75.406,-288.981,342.477
75.387,-288.904,342.488
75.360,-288.815,342.488
75.332,-288.737,342.488
75.314,-288.659,342.488
75.286,-288.570,342.488
75.258,-288.492,342.488
75.231,-288.414,342.488
75.213,-288.325,342.499
75.185,-288.247,342.499
75.157,-288.158,342.499
75.129,-288.080,342.499
75.111,-287.992,342.510
75.084,-287.914,342.510
75.056,-287.825,342.510
75.028,-287.747,342.510
75.010,-287.658,342.510
74.982,-287.580,342.521
74.955,-287.502,342.521
74.927,-287.413,342.521
74.909,-287.335,342.521
74.881,-287.246,342.532
74.853,-287.168,342.532
74.826,-287.079,342.532
74.808,-287.002,342.532
74.780,-286.913,342.532
74.752,-286.835,342.532
74.725,-286.746,342.532
74.706,-286.668,342.532
74.679,-286.579,342.532
74.651,-286.501,342.532
74.623,-286.412,342.543
74.605,-286.334,342.543
74.568,-286.245,342.543
74.550,-286.156,342.554
74.522,-286.078,342.554
74.495,-285.989,342.554
74.467,-285.911,342.554
74.449,-285.823,342.554
74.421,-285.734,342.565
74.393,-285.656,342.565
74.366,-285.567,342.565
74.348,-285.489,342.576
74.320,-285.400,342.576
74.292,-285.322,342.587
74.265,-285.233,342.587
74.246,-285.155,342.587
74.219,-285.066,342.587
74.191,-284.977,342.598
74.163,-284.899,342.598
74.136,-284.810,342.598
74.118,-284.733,342.598
74.090,-284.644,342.598
74.062,-284.555,342.609
74.035,-284.466,342.609
74.007,-284.388,342.609
73.979,-284.299,342.609
73.961,-284.210,342.620
73.934,-284.132,342.620
73.906,-284.043,342.620
73.878,-283.954,342.620
73.851,-283.876,342.620
73.832,-283.787,342.631
73.805,-283.698,342.631
73.777,-283.620,342.642
73.759,-283.531,342.642
73.731,-283.442,342.653
73.704,-283.365,342.653
73.676,-283.276,342.664
73.648,-283.187,342.664
73.621,-283.098,342.675
73.603,-283.020,342.675
73.575,-282.931,342.686
73.547,-282.842,342.686
73.520,-282.753,342.686
73.492,-282.664,342.686
73.464,-282.575,342.697
73.446,-282.486,342.697
73.419,-282.408,342.697
73.391,-282.319,342.708
73.363,-282.230,342.708
73.336,-282.141,342.708
73.308,-282.052,342.719
73.290,-281.974,342.719
73.262,-281.885,342.719
73.235,-281.796,342.719
73.207,-281.707,342.719
73.179,-281.618,342.719
73.152,-281.529,342.719
73.134,-281.440,342.708
73.106,-281.352,342.708
73.078,-281.274,342.708
73.051,-281.185,342.697
73.023,-281.085,342.697
72.996,-280.996,342.697
72.977,-280.918,342.697
72.950,-280.829,342.708
72.922,-280.740,342.719
72.894,-280.651,342.729
72.867,-280.562,342.740
72.839,-280.473,342.740
72.812,-280.384,342.751
72.784,-280.295,342.762
72.756,-280.206,342.762
72.729,-280.117,342.751
72.701,-280.028,342.751
72.674,-279.939,342.740
72.646,-279.850,342.729
72.618,-279.761,342.729
72.600,-279.672,342.719
72.573,-279.583,342.708
72.545,-279.494,342.708
72.517,-279.405,342.708
72.490,-279.316,342.697
72.462,-279.227,342.697
72.435,-279.127,342.697
72.407,-279.038,342.697
72.379,-278.949,342.697
72.352,-278.860,342.708
72.324,-278.771,342.708
72.296,-278.682,342.719
72.269,-278.593,342.719
72.241,-278.504,342.729
72.214,-278.415,342.729
72.186,-278.326,342.729
72.158,-278.237,342.729
72.131,-278.148,342.719
72.103,-278.048,342.719
72.076,-277.959,342.708
72.048,-277.870,342.708
72.020,-277.781,342.697
72.002,-277.692,342.686
71.975,-277.603,342.686
71.947,-277.514,342.686
71.920,-277.414,342.686
71.892,-277.325,342.686
71.864,-277.236,342.686
71.837,-277.147,342.686
71.809,-277.058,342.697
71.781,-276.969,342.697
71.754,-276.869,342.708
71.726,-276.780,342.719
71.699,-276.691,342.729
71.671,-276.602,342.740
71.643,-276.513,342.751
71.616,-276.413,342.751
71.588,-276.324,342.762
71.561,-276.235,342.762
71.533,-276.146,342.751
71.505,-276.057,342.751
71.478,-275.968,342.751
71.450,-275.868,342.751
71.423,-275.779,342.751
71.395,-275.690,342.751
71.367,-275.601,342.751
71.340,-275.512,342.751
71.322,-275.423,342.751
71.294,-275.334,342.740
71.266,-275.245,342.740
71.239,-275.145,342.740
71.211,-275.056,342.729
71.184,-274.967,342.729
71.156,-274.878,342.729
71.129,-274.778,342.729
71.101,-274.689,342.729
71.073,-274.600,342.729
71.046,-274.511,342.729
71.018,-274.422,342.740
70.991,-274.322,342.740
70.953,-274.233,342.751
70.926,-274.144,342.751
70.898,-274.055,342.762
70.871,-273.966,342.762
70.852,-273.877,342.762
70.825,-273.777,342.762
70.797,-273.688,342.751
70.770,-273.599,342.740
70.742,-273.510,342.740
70.715,-273.410,342.729
70.687,-273.321,342.729
70.659,-273.232,342.719
70.632,-273.143,342.719
70.604,-273.054,342.719
70.577,-272.965,342.729
70.549,-272.865,342.729
70.521,-272.776,342.729
70.494,-272.687,342.729
70.466,-272.598,342.740
70.439,-272.509,342.751
70.411,-272.409,342.751
70.383,-272.320,342.740
70.356,-272.231,342.740
70.328,-272.142,342.729
70.301,-272.042,342.729
70.273,-271.953,342.719
70.245,-271.864,342.719
70.218,-271.775,342.708
70.190,-271.675,342.708
70.163,-271.586,342.719
70.135,-271.497,342.719
70.107,-271.408,342.729
70.080,-271.319,342.729
70.052,-271.219,342.729
70.025,-271.130,342.729
69.997,-271.041,342.719
69.969,-270.952,342.719
69.942,-270.852,342.719
69.914,-270.763,342.719
69.887,-270.674,342.708
69.859,-270.574,342.697
69.832,-270.485,342.686
69.804,-270.396,342.686
69.776,-270.307,342.675
69.758,-270.218,342.664
69.731,-270.118,342.653
69.703,-270.029,342.642
69.666,-269.940,342.642
69.638,-269.851,342.631
69.611,-269.762,342.620
69.583,-269.662,342.609
69.556,-269.573,342.598
69.537,-269.484,342.576
69.510,-269.395,342.543
69.482,-269.295,342.521
69.455,-269.206,342.488
69.427,-269.117,342.466
69.400,-269.017,342.444
69.372,-268.928,342.422
69.344,-268.839,342.411
69.317,-268.750,342.400
69.289,-268.661,342.389
69.252,-268.561,342.378
69.224,-268.472,342.367
69.197,-268.383,342.356
69.169,-268.294,342.345
69.142,-268.205,342.323
69.114,-268.105,342.312
69.086,-268.016,342.301
69.059,-267.927,342.290
69.031,-267.838,342.279
68.994,-267.738,342.268
68.967,-267.649,342.246
68.939,-267.560,342.224
68.921,-267.471,342.202
68.893,-267.371,342.169
68.866,-267.282,342.136
68.829,-267.193,342.114
68.801,-267.104,342.081
68.773,-267.015,342.059
68.746,-266.915,342.048
68.718,-266.826,342.026
68.691,-266.737,342.015
68.663,-266.648,342.004
68.635,-266.559,341.982
68.608,-266.470,341.971
68.580,-266.381,341.949
68.553,-266.281,341.938
68.515,-266.192,341.927
68.488,-266.103,341.906
68.460,-266.014,341.895
68.433,-265.925,341.873
68.405,-265.825,341.851
68.377,-265.736,341.829
68.350,-265.647,341.807
68.322,-265.558,341.785
68.295,-265.458,341.763
68.258,-265.369,341.741
68.230,-265.280,341.730
68.202,-265.191,341.719
68.175,-265.102,341.708
68.147,-265.013,341.697
68.120,-264.913,341.697
68.092,-264.824,341.686
68.055,-264.734,341.675
68.027,-264.646,341.664
68.000,-264.557,341.642
67.972,-264.468,341.620
67.944,-264.379,341.598
67.917,-264.290,341.576
67.889,-264.201,341.565
67.862,-264.101,341.554
67.834,-264.012,341.532
67.797,-263.922,341.521
67.769,-263.833,341.510
67.742,-263.744,341.499
67.714,-263.655,341.488
67.677,-263.566,341.477
67.649,-263.466,341.466
67.622,-263.377,341.466
67.594,-263.288,341.455
67.566,-263.199,341.444
67.539,-263.110,341.433
67.511,-263.010,341.411
67.484,-262.921,341.400
67.447,-262.832,341.378
67.419,-262.743,341.356
67.391,-262.654,341.334
67.364,-262.565,341.312
67.336,-262.476,341.301
67.308,-262.387,341.290
67.271,-262.287,341.279
67.244,-262.198,341.268
67.216,-262.109,341.257
67.188,-262.020,341.246
67.151,-261.931,341.224
67.124,-261.842,341.213
67.096,-261.753,341.202
67.069,-261.653,341.180
67.031,-261.564,341.169
67.004,-261.475,341.147
66.976,-261.386,341.136
66.949,-261.297,341.125
66.921,-261.208,341.115
66.884,-261.119,341.115
66.856,-261.019,341.104
66.829,-260.930,341.104
66.801,-260.841,341.104
66.764,-260.752,341.115
66.736,-260.663,341.125
66.709,-260.574,341.136
66.681,-260.474,341.158
66.644,-260.385,341.180
66.616,-260.296,341.191
66.589,-260.207,341.202
66.552,-260.118,341.224
66.524,-260.029,341.235
66.496,-259.928,341.246
66.469,-259.840,341.257
66.441,-259.751,341.279
66.404,-259.661,341.290
66.376,-259.572,341.290
66.349,-259.483,341.301
66.321,-259.383,341.312
66.294,-259.305,341.323
66.257,-259.205,341.334
66.229,-259.116,341.345
66.201,-259.027,341.356
66.174,-258.938,341.367
66.146,-258.849,341.378
66.118,-258.760,341.389
66.091,-258.660,341.400
66.054,-258.571,341.411
66.026,-258.482,341.422
65.999,-258.393,341.433
65.971,-258.293,341.455
65.934,-258.204,341.466
65.906,-258.115,341.477
65.879,-258.026,341.499
65.851,-257.937,341.521
65.823,-257.848,341.543
65.786,-257.748,341.554
65.759,-257.659,341.576
65.731,-257.570,341.587
65.703,-257.481,341.609
65.666,-257.392,341.620
65.639,-257.292,341.631
65.611,-257.203,341.642
65.584,-257.114,341.653
65.556,-257.025,341.664
65.528,-256.936,341.664
65.491,-256.836,341.664
65.464,-256.747,341.664
65.436,-256.658,341.664
65.408,-256.569,341.664
65.381,-256.480,341.653
65.353,-256.380,341.653
65.326,-256.291,341.653
65.298,-256.202,341.642
65.270,-256.113,341.642
65.233,-256.024,341.642
65.206,-255.924,341.631
65.178,-255.835,341.631
65.151,-255.746,341.631
65.114,-255.645,341.631
65.086,-255.556,341.631
65.058,-255.467,341.631
65.031,-255.378,341.631
64.994,-255.278,341.631
64.966,-255.189,341.631
64.938,-255.100,341.631
64.911,-255.011,341.620
64.883,-254.911,341.598
64.856,-254.822,341.587
64.828,-254.733,341.576
64.800,-254.644,341.543
64.773,-254.555,341.521
64.745,-254.466,341.510
64.718,-254.366,341.488
64.680,-254.277,341.477
64.653,-254.188,341.466
64.625,-254.099,341.466
64.598,-254.010,341.466
64.570,-253.921,341.466
64.533,-253.821,341.477
64.496,-253.732,341.488
64.468,-253.632,341.499
64.441,-253.543,341.510
64.413,-253.454,341.521
64.376,-253.354,341.532
64.348,-253.265,341.554
64.321,-253.176,341.565
64.293,-253.087,341.576
64.266,-252.987,341.587
64.238,-252.898,341.598
64.201,-252.809,341.609
64.173,-252.720,341.620
64.146,-252.620,341.620
64.118,-252.531,341.631
64.091,-252.442,341.631
64.053,-252.353,341.642
64.026,-252.252,341.642
63.998,-252.163,341.653
63.971,-252.074,341.653
63.943,-251.974,341.664
63.906,-251.885,341.664
63.878,-251.785,341.675
63.851,-251.696,341.686
63.823,-251.607,341.686
63.796,-251.507,341.697
63.759,-251.418,341.708
63.731,-251.329,341.719
63.703,-251.229,341.730
63.676,-251.140,341.741
63.639,-251.040,341.752
63.611,-250.951,341.774
63.584,-250.862,341.785
63.556,-250.762,341.796
63.519,-250.673,341.807
63.491,-250.573,341.818
63.464,-250.484,341.829
63.436,-250.395,341.840
63.409,-250.295,341.851
63.381,-250.206,341.862
63.344,-250.105,341.862
63.316,-250.016,341.873
63.289,-249.916,341.873
63.261,-249.827,341.884
63.234,-249.727,341.895
63.197,-249.638,341.906
63.169,-249.538,341.927
63.141,-249.449,341.938
63.114,-249.349,341.960
63.077,-249.260,341.982
63.049,-249.171,342.004
63.012,-249.071,342.026
62.985,-248.982,342.048
62.957,-248.882,342.070
62.929,-248.793,342.081
62.902,-248.693,342.092
62.874,-248.593,342.103
62.837,-248.504,342.114
62.810,-248.404,342.136
62.782,-248.315,342.147
62.755,-248.214,342.158
62.727,-248.126,342.169
62.690,-248.025,342.191
62.662,-247.936,342.202
62.635,-247.836,342.224
62.607,-247.747,342.235
62.580,-247.647,342.257
62.543,-247.558,342.279
62.515,-247.458,342.290
62.487,-247.369,342.301
62.460,-247.269,342.323
62.423,-247.169,342.334
62.395,-247.069,342.345
62.368,-246.980,342.367
62.340,-246.880,342.378
62.303,-246.791,342.378
62.276,-246.691,342.389
62.248,-246.590,342.400
62.221,-246.501,342.400
62.193,-246.401,342.400
62.165,-246.312,342.411
62.128,-246.212,342.411
62.101,-246.112,342.411
62.073,-246.023,342.411
62.046,-245.923,342.411
62.018,-245.834,342.411
61.991,-245.734,342.411
61.954,-245.634,342.411
61.926,-245.545,342.411
61.898,-245.445,342.411
61.871,-245.345,342.422
61.834,-245.245,342.422
61.806,-245.156,342.433
61.779,-245.056,342.444
61.751,-244.955,342.444
61.714,-244.855,342.455
61.687,-244.766,342.466
61.659,-244.666,342.466
61.632,-244.566,342.477
61.604,-244.477,342.477
61.567,-244.377,342.488
61.540,-244.277,342.488
61.512,-244.188,342.488
61.484,-244.088,342.499
61.457,-243.988,342.499
61.420,-243.899,342.488
61.392,-243.799,342.488
61.365,-243.699,342.477
61.337,-243.598,342.466
61.310,-243.510,342.455
61.273,-243.409,342.455
61.245,-243.309,342.466
61.218,-243.209,342.466
61.190,-243.109,342.466
61.153,-243.009,342.477
61.125,-242.920,342.488
61.098,-242.820,342.488
61.070,-242.720,342.499
61.033,-242.620,342.499
61.006,-242.520,342.499
60.978,-242.431,342.510
60.951,-242.331,342.510
60.923,-242.230,342.510
60.886,-242.130,342.521
60.859,-242.030,342.521
60.831,-241.941,342.521
60.804,-241.841,342.521
60.767,-241.741,342.521
60.739,-241.641,342.521
60.712,-241.541,342.521
60.674,-241.452,342.521
60.647,-241.352,342.521
60.619,-241.252,342.521
60.592,-241.152,342.510
60.564,-241.051,342.510
60.527,-240.951,342.499
60.500,-240.851,342.488
60.472,-240.751,342.488
60.445,-240.662,342.488
60.408,-240.562,342.488
60.380,-240.462,342.488
60.353,-240.362,342.488
60.316,-240.262,342.499
60.288,-240.162,342.499
60.261,-240.062,342.499
60.224,-239.961,342.499
60.196,-239.861,342.499
60.169,-239.761,342.499
60.141,-239.661,342.499
60.104,-239.561,342.499
60.077,-239.472,342.499
60.049,-239.372,342.488
60.012,-239.272,342.488
59.984,-239.172,342.488
59.957,-239.072,342.477
59.929,-238.972,342.477
59.892,-238.871,342.477
59.865,-238.771,342.477
59.837,-238.671,342.477
59.810,-238.571,342.477
59.773,-238.471,342.477
59.745,-238.371,342.477
59.718,-238.271,342.477
59.681,-238.171,342.477
59.653,-238.071,342.466
59.626,-237.971,342.466
59.589,-237.870,342.466
59.561,-237.770,342.466
59.534,-237.670,342.455
59.497,-237.570,342.455
59.469,-237.470,342.455
59.442,-237.370,342.444
59.405,-237.270,342.444
59.377,-237.170,342.444
59.350,-237.070,342.433
59.313,-236.969,342.433
59.285,-236.869,342.433
59.258,-236.769,342.433
59.221,-236.669,342.422
59.193,-236.569,342.422
59.166,-236.469,342.422
59.129,-236.369,342.422
59.101,-236.269,342.411
59.074,-236.169,342.411
59.037,-236.068,342.400
59.009,-235.957,342.400
58.972,-235.857,342.389
58.945,-235.757,342.378
58.917,-235.657,342.367
58.880,-235.557,342.356
58.853,-235.457,342.345
58.825,-235.357,342.334
58.788,-235.256,342.323
58.761,-235.156,342.312
58.724,-235.056,342.301
58.696,-234.956,342.290
58.669,-234.856,342.279
58.632,-234.756,342.268
58.604,-234.656,342.257
58.577,-234.545,342.235
58.540,-234.445,342.224
58.512,-234.344,342.213
58.475,-234.244,342.191
58.448,-234.144,342.180
58.411,-234.044,342.169
58.383,-233.933,342.158
58.356,-233.833,342.136
58.319,-233.733,342.125
58.291,-233.633,342.114
58.254,-233.532,342.092
58.227,-233.432,342.081
58.190,-233.332,342.070
58.162,-233.221,342.048
58.125,-233.121,342.037
58.098,-233.021,342.015
58.061,-232.921,342.004
58.033,-232.820,341.982
58.006,-232.720,341.971
57.969,-232.609,341.949
57.941,-232.509,341.938
57.904,-232.409,341.917
57.877,-232.309,341.906
57.840,-232.198,341.884
57.812,-232.098,341.873
57.775,-231.997,341.862
57.748,-231.897,341.840
57.711,-231.797,341.829
57.683,-231.686,341.807
57.646,-231.586,341.796
57.609,-231.486,341.785
57.582,-231.386,341.763
57.545,-231.285,341.752
57.517,-231.174,341.741
57.480,-231.074,341.719
57.453,-230.974,341.708
57.416,-230.874,341.686
57.388,-230.763,341.675
57.351,-230.662,341.653
57.314,-230.562,341.642
57.287,-230.462,341.620
57.250,-230.351,341.598
57.222,-230.251,341.587
57.185,-230.151,341.565
57.158,-230.051,341.554
57.121,-229.939,341.543
57.084,-229.839,341.532
57.057,-229.739,341.521
57.019,-229.639,341.499
56.992,-229.528,341.488
56.955,-229.428,341.477
56.918,-229.327,341.455
56.891,-229.227,341.444
56.854,-229.116,341.422
56.817,-229.016,341.411
56.789,-228.916,341.389
56.752,-228.805,341.378
56.715,-228.704,341.356
56.688,-228.604,341.345
56.651,-228.504,341.323
56.623,-228.393,341.301
56.586,-228.293,341.290
56.549,-228.193,341.268
56.512,-228.081,341.257
56.485,-227.981,341.246
56.448,-227.881,341.224
56.411,-227.770,341.213
56.383,-227.670,341.191
56.346,-227.570,341.180
56.309,-227.458,341.169
56.282,-227.358,341.158
56.245,-227.258,341.147
56.208,-227.147,341.136
56.171,-227.047,341.125
56.143,-226.947,341.115
56.106,-226.835,341.115
56.069,-226.735,341.104
56.042,-226.635,341.104
56.005,-226.524,341.104
55.968,-226.424,341.104
55.931,-226.324,341.115
55.904,-226.212,341.115
55.867,-226.112,341.125
55.830,-226.001,341.136
55.793,-225.901,341.147
55.765,-225.801,341.158
55.728,-225.689,341.158
55.691,-225.589,341.169
55.654,-225.489,341.180
55.627,-225.378,341.191
55.590,-225.278,341.202
55.553,-225.166,341.213
55.516,-225.066,341.224
55.479,-224.966,341.235
55.451,-224.855,341.246
55.414,-224.755,341.257
55.377,-224.644,341.279
55.350,-224.543,341.290
55.313,-224.432,341.301
55.276,-224.332,341.312
55.239,-224.232,341.334
55.212,-224.121,341.345
55.175,-224.021,341.356
55.138,-223.909,341.367
55.101,-223.809,341.378
55.073,-223.698,341.389
55.036,-223.598,341.400
54.999,-223.487,341.411
54.972,-223.386,341.422
54.935,-223.286,341.433
54.898,-223.175,341.444
54.861,-223.064,341.455
54.833,-222.964,341.466
54.797,-222.852,341.477
54.759,-222.752,341.488
54.723,-222.641,341.510
54.695,-222.541,341.521
54.658,-222.430,341.543
54.621,-222.329,341.554
54.594,-222.218,341.565
54.557,-222.118,341.576
54.520,-222.007,341.598
54.492,-221.907,341.609
54.455,-221.796,341.620
54.418,-221.695,341.642
54.381,-221.584,341.653
54.354,-221.484,341.675
54.317,-221.373,341.686
54.280,-221.273,341.697
54.253,-221.161,341.708
54.216,-221.050,341.730
54.179,-220.950,341.730
54.151,-220.839,341.741
54.114,-220.739,341.752
54.077,-220.627,341.763
54.050,-220.527,341.763
54.013,-220.416,341.774
53.976,-220.316,341.785
53.949,-220.205,341.785
53.912,-220.105,341.796
53.875,-219.993,341.807
53.847,-219.893,341.818
53.810,-219.782,341.829
53.773,-219.682,341.840
53.746,-219.571,341.851
53.709,-219.471,341.862
53.672,-219.359,341.884
53.644,-219.259,341.895
53.607,-219.148,341.906
53.580,-219.048,341.917
53.543,-218.937,341.927
53.506,-218.836,341.949
53.479,-218.725,341.960
53.442,-218.625,341.971
53.414,-218.514,341.993
53.377,-218.414,342.004
53.340,-218.303,342.015
53.313,-218.202,342.037
53.276,-218.091,342.048
53.248,-217.991,342.070
53.211,-217.880,342.081
53.174,-217.780,342.103
53.147,-217.669,342.114
53.110,-217.568,342.136
53.083,-217.457,342.147
53.046,-217.357,342.158
53.018,-217.246,342.180
52.981,-217.146,342.191
52.954,-217.035,342.202
52.917,-216.934,342.224
52.880,-216.823,342.235
52.852,-216.723,342.246
52.815,-216.612,342.268
52.788,-216.512,342.279
52.751,-216.412,342.301
52.724,-216.300,342.312
52.686,-216.200,342.334
52.659,-216.089,342.356
52.622,-215.989,342.367
52.595,-215.878,342.389
52.558,-215.778,342.400
52.530,-215.666,342.422
52.493,-215.566,342.444
52.466,-215.455,342.455
52.429,-215.355,342.477
52.401,-215.244,342.499
52.364,-215.144,342.510
52.337,-215.043,342.532
52.300,-214.932,342.554
52.273,-214.832,342.565
52.236,-214.721,342.587
52.208,-214.621,342.598
52.171,-214.510,342.620
52.144,-214.409,342.642
52.107,-214.298,342.664
52.079,-214.198,342.686
52.052,-214.087,342.708
52.015,-213.987,342.719
51.987,-213.876,342.740
51.950,-213.776,342.751
51.923,-213.664,342.773
51.896,-213.564,342.795
51.859,-213.453,342.806
51.831,-213.353,342.828
51.794,-213.253,342.850
51.767,-213.142,342.861
51.739,-213.042,342.883
51.702,-212.930,342.905
51.675,-212.830,342.927
51.638,-212.719,342.938
51.610,-212.619,342.960
51.574,-212.508,342.982
51.546,-212.408,342.993
51.519,-212.307,343.004
51.482,-212.196,343.015
51.454,-212.096,343.026
51.427,-211.985,343.026
51.390,-211.885,343.037
51.362,-211.785,343.037
51.335,-211.674,343.048
51.298,-211.573,343.059
51.270,-211.462,343.059
51.243,-211.362,343.070
51.206,-211.251,343.081
51.179,-211.151,343.092
51.151,-211.051,343.092
51.114,-210.940,343.103
51.087,-210.839,343.103
51.059,-210.728,343.114
51.022,-210.628,343.114
50.995,-210.528,343.114
50.958,-210.417,343.114
50.930,-210.317,343.114
50.903,-210.206,343.114
50.866,-210.105,343.114
50.838,-210.005,343.114
50.811,-209.894,343.114
50.783,-209.794,343.114
50.747,-209.683,343.103
50.719,-209.583,343.103
50.692,-209.483,343.103
50.655,-209.371,343.092
50.627,-209.271,343.092
50.600,-209.171,343.081
50.563,-209.060,343.070
50.535,-208.960,343.059
50.508,-208.849,343.059
50.480,-208.749,343.048
50.443,-208.649,343.037
50.416,-208.537,343.037
50.388,-208.437,343.026
50.352,-208.326,343.015
50.324,-208.226,343.004
50.287,-208.126,343.004
50.260,-208.015,342.993
50.232,-207.915,342.982
50.205,-207.815,342.982
50.168,-207.703,342.971
50.140,-207.603,342.960
50.113,-207.503,342.949
50.076,-207.392,342.938
50.048,-207.292,342.927
50.021,-207.192,342.905
49.993,-207.092,342.894
49.956,-206.980,342.883
49.929,-206.880,342.861
49.901,-206.780,342.850
49.864,-206.680,342.839
49.837,-206.569,342.828
49.810,-206.469,342.817
49.772,-206.369,342.806
49.745,-206.258,342.795
49.708,-206.146,342.795
49.681,-206.046,342.795
49.653,-205.946,342.795
49.616,-205.835,342.795
49.589,-205.735,342.784
49.561,-205.635,342.784
49.524,-205.524,342.784
49.497,-205.423,342.773
49.469,-205.323,342.762
49.432,-205.212,342.762
49.405,-205.112,342.751
49.377,-205.012,342.740
49.340,-204.912,342.729
49.313,-204.801,342.719
49.286,-204.701,342.708
49.249,-204.600,342.697
49.221,-204.500,342.686
49.184,-204.389,342.675
49.157,-204.289,342.664
49.120,-204.178,342.653
49.092,-204.078,342.642
49.065,-203.967,342.631
49.028,-203.866,342.631
49.000,-203.766,342.620
48.963,-203.655,342.609
48.936,-203.555,342.609
48.908,-203.455,342.609
48.871,-203.344,342.598
48.844,-203.244,342.587
48.807,-203.143,342.587
48.780,-203.032,342.576
48.752,-202.932,342.565
48.715,-202.821,342.554
48.688,-202.721,342.543
48.651,-202.621,342.532
48.623,-202.509,342.521
48.586,-202.409,342.510
48.559,-202.309,342.499
48.531,-202.198,342.488
48.494,-202.098,342.477
48.467,-201.987,342.466
48.430,-201.887,342.455
48.402,-201.786,342.444
48.365,-201.675,342.433
48.338,-201.575,342.422
48.301,-201.464,342.411
48.274,-201.364,342.400
48.246,-201.253,342.389
48.209,-201.153,342.389
48.182,-201.052,342.378
48.145,-200.941,342.367
48.117,-200.841,342.367
48.080,-200.730,342.356
48.053,-200.630,342.345
48.016,-200.530,342.345
47.988,-200.418,342.334
47.951,-200.318,342.323
47.924,-200.207,342.312
47.887,-200.107,342.301
47.860,-199.996,342.290
47.823,-199.896,342.279
47.795,-199.796,342.268
47.758,-199.684,342.257
47.731,-199.584,342.257
47.694,-199.473,342.246
47.666,-199.373,342.246
47.629,-199.262,342.235
47.602,-199.162,342.224
47.565,-199.061,342.213
47.537,-198.950,342.202
47.500,-198.850,342.191
47.473,-198.739,342.180
47.436,-198.639,342.180
47.408,-198.539,342.169
47.372,-198.427,342.158
47.335,-198.327,342.147
47.307,-198.216,342.136
47.270,-198.116,342.125
47.243,-198.005,342.114
47.206,-197.905,342.114
47.178,-197.793,342.103
47.141,-197.693,342.103
47.104,-197.582,342.103
47.077,-197.482,342.092
47.040,-197.371,342.092
47.012,-197.271,342.092
46.976,-197.159,342.081
46.948,-197.059,342.070
46.911,-196.948,342.059
46.884,-196.848,342.048
46.847,-196.748,342.037
46.819,-196.637,342.026
46.782,-196.536,342.015
46.745,-196.425,342.004
46.718,-196.325,341.993
46.681,-196.225,341.982
46.653,-196.114,341.971
46.616,-196.014,341.960
46.589,-195.902,341.949
46.552,-195.791,341.938
46.515,-195.691,341.927
46.488,-195.580,341.917
46.451,-195.480,341.906
46.414,-195.379,341.906
46.386,-195.268,341.895
46.349,-195.168,341.884
46.322,-195.057,341.873
46.285,-194.957,341.862
46.257,-194.846,341.851
46.220,-194.745,341.840
46.183,-194.634,341.829
46.156,-194.534,341.829
46.119,-194.434,341.818
46.082,-194.323,341.807
46.055,-194.223,341.807
46.018,-194.111,341.796
45.990,-194.011,341.796
45.953,-193.900,341.785
45.916,-193.800,341.774
45.889,-193.689,341.763
45.852,-193.589,341.763
45.815,-193.488,341.752
45.787,-193.377,341.741
45.750,-193.277,341.730
45.723,-193.166,341.719
45.686,-193.066,341.708
45.649,-192.954,341.697
45.621,-192.854,341.697
45.584,-192.754,341.686
45.548,-192.643,341.675
45.520,-192.543,341.664
45.483,-192.432,341.653
45.446,-192.331,341.653
45.419,-192.231,341.642
45.382,-192.120,341.631
45.354,-192.020,341.620
45.317,-191.909,341.609
45.280,-191.809,341.609
45.253,-191.709,341.598
45.216,-191.597,341.587
45.179,-191.497,341.576
45.151,-191.386,341.565
45.114,-191.286,341.554
45.087,-191.186,341.543
45.050,-191.074,341.532
45.013,-190.974,341.532
44.985,-190.874,341.521
44.949,-190.763,341.521
44.911,-190.663,341.510
44.884,-190.552,341.499
44.847,-190.451,341.488
44.810,-190.351,341.488
44.783,-190.240,341.477
44.746,-190.140,341.466
44.709,-190.029,341.455
44.681,-189.929,341.444
44.644,-189.828,341.444
44.607,-189.717,341.422
44.580,-189.617,341.411
44.543,-189.517,341.411
44.515,-189.406,341.400
44.478,-189.306,341.389
44.441,-189.205,341.389
44.414,-189.094,341.378
44.377,-188.994,341.378
44.340,-188.894,341.378
44.312,-188.783,341.367
44.275,-188.683,341.356
44.238,-188.582,341.356
44.202,-188.471,341.345
44.174,-188.371,341.334
44.137,-188.271,341.323
44.100,-188.160,341.312
44.073,-188.060,341.301
44.036,-187.959,341.290
43.999,-187.848,341.290
43.971,-187.748,341.279
43.934,-187.648,341.279
43.897,-187.537,341.268
43.870,-187.437,341.257
43.833,-187.336,341.257
43.796,-187.225,341.257
43.768,-187.125,341.246
43.731,-187.025,341.246
43.694,-186.914,341.235
43.667,-186.814,341.235
43.630,-186.713,341.235
43.593,-186.613,341.224
43.565,-186.502,341.213
43.528,-186.402,341.202
43.491,-186.302,341.191
43.464,-186.202,341.191
43.427,-186.090,341.180
43.390,-185.990,341.169
43.353,-185.890,341.158
43.325,-185.790,341.158
43.288,-185.679,341.147
43.251,-185.579,341.147
43.224,-185.478,341.136
43.187,-185.367,341.136
43.150,-185.267,341.125
43.113,-185.167,341.125
43.086,-185.056,341.115
43.048,-184.956,341.115
43.011,-184.855,341.104
42.984,-184.755,341.093
42.947,-184.644,341.093
42.910,-184.544,341.082
42.883,-184.444,341.071
42.845,-184.344,341.060
42.809,-184.232,341.060
42.772,-184.132,341.060
42.744,-184.032,341.049
42.707,-183.932,341.049
42.670,-183.821,341.049
42.643,-183.721,341.049
42.606,-183.620,341.049
42.569,-183.509,341.049
42.532,-183.409,341.049
42.504,-183.309,341.049
42.467,-183.198,341.038
42.430,-183.097,341.038
42.403,-182.997,341.027
42.366,-182.897,341.027
42.329,-182.786,341.027
42.292,-182.686,341.016
42.264,-182.586,341.016
42.227,-182.486,341.016
42.190,-182.374,341.016
42.153,-182.274,341.005
42.126,-182.174,341.005
42.089,-182.074,341.005
42.052,-181.963,341.005
42.024,-181.863,341.005
41.987,-181.762,341.005
41.950,-181.651,341.005
41.913,-181.551,340.994
41.886,-181.451,340.994
41.849,-181.351,340.994
41.812,-181.239,341.005
41.784,-181.139,341.005
41.747,-181.039,341.005
41.710,-180.928,341.005
41.673,-180.828,341.016
41.646,-180.728,341.016
41.609,-180.616,341.027
41.572,-180.516,341.027
41.535,-180.416,341.038
41.507,-180.316,341.049
41.470,-180.205,341.049
41.433,-180.105,341.060
41.396,-180.004,341.060
41.369,-179.893,341.071
41.332,-179.793,341.071
41.295,-179.693,341.082
41.258,-179.582,341.093
41.231,-179.482,341.093
41.194,-179.381,341.104
41.157,-179.270,341.115
41.129,-179.170,341.125
41.092,-179.070,341.147
41.055,-178.959,341.158
41.018,-178.858,341.180
40.991,-178.758,341.191
40.954,-178.647,341.213
40.917,-178.547,341.224
40.889,-178.447,341.246
40.852,-178.336,341.257
40.815,-178.235,341.268
40.788,-178.135,341.290
40.751,-178.024,341.301
40.714,-177.924,341.312
40.686,-177.824,341.323
40.649,-177.713,341.345
40.612,-177.612,341.356
40.585,-177.512,341.367
40.548,-177.412,341.389
40.511,-177.301,341.411
40.483,-177.201,341.422
40.447,-177.090,341.444
40.410,-176.989,341.466
40.382,-176.889,341.488
40.345,-176.778,341.510
40.308,-176.678,341.521
40.281,-176.578,341.543
40.244,-176.467,341.554
40.207,-176.366,341.576
40.179,-176.266,341.587
40.142,-176.155,341.609
40.105,-176.055,341.631
40.078,-175.955,341.642
40.041,-175.844,341.664
40.004,-175.743,341.686
39.976,-175.643,341.708
39.939,-175.532,341.730
39.912,-175.432,341.752
39.875,-175.332,341.774
39.838,-175.221,341.796
39.810,-175.120,341.818
39.773,-175.009,341.829
39.746,-174.909,341.851
39.709,-174.809,341.873
39.672,-174.698,341.884
39.645,-174.598,341.895
39.607,-174.497,341.917
39.580,-174.386,341.927
39.543,-174.286,341.938
39.516,-174.186,341.960
39.479,-174.075,341.971
39.442,-173.975,341.982
39.414,-173.863,342.004
39.377,-173.763,342.015
39.350,-173.663,342.037
39.313,-173.552,342.048
39.285,-173.452,342.059
39.248,-173.352,342.070
39.221,-173.241,342.092
39.184,-173.140,342.103
39.156,-173.029,342.114
39.119,-172.929,342.136
39.092,-172.818,342.147
39.055,-172.718,342.158
39.018,-172.618,342.169
38.991,-172.506,342.180
38.954,-172.406,342.202
38.926,-172.306,342.213
38.889,-172.195,342.224
38.862,-172.095,342.246
38.825,-171.984,342.257
38.797,-171.883,342.268
38.760,-171.772,342.290
38.733,-171.672,342.301
38.696,-171.572,342.312
38.668,-171.461,342.323
38.631,-171.361,342.334
38.604,-171.249,342.334
38.567,-171.149,342.345
38.540,-171.049,342.356
38.503,-170.938,342.356
38.475,-170.838,342.367
38.438,-170.727,342.378
38.411,-170.627,342.378
38.374,-170.515,342.389
38.346,-170.415,342.400
38.309,-170.315,342.411
38.282,-170.204,342.422
38.245,-170.104,342.433
38.217,-169.993,342.433
38.180,-169.892,342.444
38.153,-169.781,342.455
38.116,-169.681,342.455
38.089,-169.581,342.466
38.061,-169.470,342.466
38.024,-169.370,342.466
37.997,-169.259,342.466
37.960,-169.158,342.466
37.932,-169.047,342.466
37.895,-168.947,342.477
37.868,-168.836,342.477
37.831,-168.736,342.477
37.803,-168.636,342.488
37.766,-168.524,342.488
37.739,-168.424,342.499
37.702,-168.313,342.499
37.675,-168.213,342.488
37.638,-168.102,342.488
37.610,-168.002,342.488
37.573,-167.890,342.488
37.546,-167.790,342.477
37.509,-167.679,342.477
37.481,-167.579,342.477
37.444,-167.468,342.466
37.417,-167.368,342.466
37.380,-167.267,342.466
37.353,-167.156,342.466
37.315,-167.056,342.455
37.288,-166.945,342.455
37.261,-166.845,342.455
37.224,-166.734,342.455
37.196,-166.634,342.455
37.159,-166.522,342.444
37.132,-166.422,342.433
37.095,-166.311,342.433
37.067,-166.211,342.422
37.030,-166.100,342.411
37.003,-166.000,342.411
36.966,-165.888,342.400
36.929,-165.788,342.400
36.902,-165.677,342.389
36.865,-165.577,342.378
36.837,-165.466,342.378
36.800,-165.366,342.367
36.773,-165.254,342.356
36.745,-165.154,342.356
36.708,-165.043,342.345
36.681,-164.943,342.334
36.644,-164.832,342.334
36.617,-164.732,342.323
36.580,-164.620,342.312
36.552,-164.520,342.301
36.515,-164.409,342.290
36.488,-164.309,342.279
36.451,-164.198,342.268
36.423,-164.098,342.268
36.386,-163.997,342.257
36.359,-163.886,342.246
36.322,-163.775,342.246
36.285,-163.675,342.246
36.258,-163.564,342.246
36.221,-163.464,342.235
36.184,-163.352,342.235
36.156,-163.252,342.235
36.119,-163.141,342.224
36.092,-163.041,342.224
36.055,-162.930,342.213
36.027,-162.830,342.213
35.990,-162.718,342.202
35.963,-162.618,342.191
35.926,-162.507,342.180
35.898,-162.407,342.180
35.862,-162.296,342.169
35.834,-162.196,342.169
35.797,-162.084,342.169
35.760,-161.984,342.169
35.733,-161.873,342.169
35.696,-161.762,342.180
35.668,-161.662,342.180
35.631,-161.550,342.180
35.604,-161.450,342.191
35.567,-161.339,342.191
35.530,-161.228,342.191
35.503,-161.128,342.191
35.466,-161.016,342.191
35.438,-160.905,342.202
35.401,-160.805,342.202
35.364,-160.694,342.202
35.337,-160.594,342.202
35.300,-160.483,342.202
35.272,-160.382,342.202
35.236,-160.271,342.202
35.208,-160.171,342.213
35.171,-160.060,342.213
35.134,-159.960,342.213
35.107,-159.849,342.213
35.070,-159.737,342.224
35.042,-159.637,342.224
35.005,-159.526,342.224
34.978,-159.426,342.224
34.941,-159.315,342.213
34.904,-159.203,342.224
34.877,-159.092,342.213
34.840,-158.992,342.213
34.812,-158.881,342.213
34.775,-158.770,342.224
34.738,-158.669,342.224
34.711,-158.558,342.224
34.674,-158.447,342.235
34.647,-158.347,342.235
34.610,-158.236,342.246
34.582,-158.136,342.246
34.545,-158.024,342.246
34.508,-157.913,342.235
34.481,-157.813,342.235
34.444,-157.702,342.235
34.416,-157.602,342.224
34.380,-157.490,342.224
34.343,-157.379,342.224
34.315,-157.279,342.213
34.278,-157.168,342.224
34.251,-157.057,342.224
34.214,-156.957,342.224
34.177,-156.845,342.224
34.149,-156.734,342.235
34.112,-156.634,342.235
34.076,-156.523,342.246
34.048,-156.412,342.246
34.011,-156.300,342.257
33.984,-156.200,342.257
33.947,-156.089,342.257
33.910,-155.989,342.257
33.882,-155.878,342.257
33.846,-155.766,342.257
33.818,-155.666,342.257
33.781,-155.555,342.257
33.744,-155.444,342.257
33.717,-155.344,342.268
33.680,-155.232,342.257
33.652,-155.121,342.268
33.615,-155.021,342.268
33.588,-154.910,342.268
33.551,-154.799,342.268
33.514,-154.699,342.279
33.487,-154.587,342.279
33.450,-154.476,342.279
33.422,-154.376,342.279
33.385,-154.265,342.279
33.348,-154.154,342.279
33.321,-154.053,342.279
33.284,-153.942,342.279
33.257,-153.831,342.279
33.220,-153.731,342.279
33.183,-153.620,342.279
33.155,-153.508,342.290
33.118,-153.408,342.290
33.091,-153.297,342.290
33.054,-153.197,342.290
33.027,-153.086,342.290
32.990,-152.975,342.290
32.953,-152.874,342.290
32.925,-152.763,342.290
32.888,-152.652,342.301
32.861,-152.552,342.301
32.824,-152.441,342.301
32.797,-152.329,342.301
32.759,-152.229,342.301
32.723,-152.118,342.290
32.695,-152.018,342.290
32.658,-151.907,342.290
32.631,-151.796,342.290
32.594,-151.695,342.290
32.566,-151.584,342.290
32.529,-151.484,342.301
32.492,-151.373,342.301
32.465,-151.273,342.301
32.428,-151.161,342.301
32.401,-151.061,342.301
32.364,-150.950,342.301
32.336,-150.839,342.290
32.299,-150.739,342.290
32.272,-150.628,342.290
32.235,-150.516,342.290
32.198,-150.416,342.301
32.171,-150.305,342.301
32.133,-150.205,342.301
32.106,-150.094,342.301
32.069,-149.994,342.312
32.042,-149.882,342.312
32.005,-149.771,342.312
31.968,-149.671,342.312
31.940,-149.560,342.312
31.903,-149.460,342.312
31.876,-149.348,342.312
31.839,-149.248,342.301
31.812,-149.137,342.301
31.775,-149.037,342.290
31.747,-148.926,342.290
31.710,-148.826,342.279
31.683,-148.714,342.279
31.646,-148.614,342.268
31.618,-148.503,342.268
31.581,-148.403,342.268
31.554,-148.292,342.268
31.517,-148.181,342.268
31.480,-148.080,342.257
31.453,-147.969,342.257
31.416,-147.869,342.257
31.388,-147.758,342.246
31.351,-147.658,342.246
31.324,-147.547,342.235
31.287,-147.446,342.235
31.259,-147.346,342.224
31.222,-147.235,342.213
31.195,-147.135,342.202
31.158,-147.024,342.202
31.130,-146.924,342.191
31.094,-146.812,342.191
31.066,-146.712,342.180
31.029,-146.601,342.180
30.992,-146.501,342.180
30.965,-146.390,342.169
30.928,-146.290,342.169
30.900,-146.178,342.158
30.863,-146.078,342.158
30.836,-145.967,342.147
30.799,-145.867,342.136
30.771,-145.756,342.125
30.734,-145.656,342.114
30.707,-145.544,342.103
30.670,-145.444,342.092
30.633,-145.344,342.081
30.606,-145.233,342.070
30.569,-145.133,342.059
30.541,-145.022,342.048
30.504,-144.921,342.037
30.477,-144.810,342.026
30.440,-144.710,342.015
30.412,-144.599,342.004
30.375,-144.499,341.993
30.348,-144.399,341.982
30.311,-144.287,341.971
30.274,-144.187,341.960
30.246,-144.087,341.938
30.209,-143.976,341.927
30.182,-143.876,341.917
30.145,-143.765,341.895
30.118,-143.665,341.884
30.081,-143.564,341.862
30.053,-143.453,341.851
30.016,-143.353,341.840
29.979,-143.253,341.829
29.952,-143.142,341.829
29.915,-143.042,341.818
29.887,-142.930,341.818
29.850,-142.830,341.807
29.813,-142.730,341.785
29.786,-142.619,341.774
29.749,-142.519,341.763
29.721,-142.408,341.752
29.684,-142.307,341.741
29.657,-142.207,341.730
29.620,-142.096,341.719
29.583,-141.996,341.708
29.556,-141.885,341.697
29.519,-141.785,341.675
29.482,-141.684,341.664
29.454,-141.573,341.642
29.417,-141.473,341.631
29.390,-141.373,341.609
29.353,-141.262,341.598
29.325,-141.162,341.576
29.288,-141.061,341.554
29.261,-140.961,341.521
29.224,-140.850,341.499
29.196,-140.750,341.477
29.159,-140.650,341.455
29.122,-140.550,341.433
29.095,-140.439,341.411
29.058,-140.338,341.400
29.030,-140.238,341.378
28.993,-140.127,341.356
28.956,-140.027,341.345
28.919,-139.916,341.323
28.892,-139.816,341.323
28.855,-139.715,341.312
28.818,-139.604,341.301
28.791,-139.504,341.290
28.753,-139.404,341.268
28.717,-139.293,341.246
28.689,-139.193,341.224
28.652,-139.092,341.202
28.625,-138.992,341.180
28.588,-138.892,341.158
28.560,-138.792,341.147
28.523,-138.681,341.125
28.486,-138.581,341.115
28.459,-138.481,341.093
28.422,-138.380,341.071
28.385,-138.269,341.060
28.357,-138.169,341.049
28.320,-138.069,341.027
28.283,-137.969,341.027
28.256,-137.858,341.016
28.219,-137.757,341.005
28.182,-137.657,340.994
28.145,-137.557,340.994
28.117,-137.446,340.983
28.080,-137.346,340.983
28.043,-137.245,340.983
28.016,-137.145,340.994
27.979,-137.045,340.994
27.942,-136.934,340.994
27.914,-136.834,341.005
27.877,-136.734,341.016
27.840,-136.634,341.027
27.803,-136.522,341.038
27.776,-136.422,341.049
27.739,-136.322,341.071
27.702,-136.222,341.082
27.674,-136.122,341.093
27.637,-136.011,341.115
27.600,-135.910,341.125
27.573,-135.810,341.136
27.536,-135.710,341.147
27.499,-135.599,341.158
27.471,-135.499,341.180
27.434,-135.399,341.191
27.397,-135.298,341.202
27.370,-135.187,341.213
27.333,-135.087,341.224
27.296,-134.987,341.235
27.268,-134.887,341.257
27.231,-134.787,341.268
27.194,-134.675,341.279
27.167,-134.575,341.301
27.130,-134.475,341.312
27.093,-134.375,341.323
27.065,-134.264,341.345
27.028,-134.164,341.356
26.991,-134.063,341.367
26.964,-133.952,341.378
26.927,-133.852,341.389
26.899,-133.752,341.400
26.862,-133.652,341.411
26.825,-133.541,341.422
26.798,-133.441,341.433
26.761,-133.340,341.455
26.724,-133.229,341.466
26.697,-133.129,341.488
26.660,-133.029,341.510
26.622,-132.929,341.532
26.595,-132.818,341.543
26.558,-132.717,341.565
26.531,-132.617,341.576
26.494,-132.517,341.598
26.457,-132.406,341.609
26.429,-132.306,341.620
26.392,-132.206,341.631
26.365,-132.094,341.642
26.328,-131.994,341.653
26.291,-131.894,341.675
26.263,-131.783,341.686
26.226,-131.683,341.697
26.199,-131.583,341.708
26.162,-131.471,341.719
26.125,-131.371,341.741
26.097,-131.271,341.752
26.060,-131.160,341.763
26.033,-131.060,341.774
25.996,-130.960,341.774
25.968,-130.849,341.785
25.931,-130.748,341.796
25.894,-130.648,341.796
25.867,-130.537,341.796
25.830,-130.437,341.807
25.803,-130.337,341.818
25.766,-130.226,341.818
25.738,-130.125,341.829
25.701,-130.025,341.829
25.674,-129.914,341.840
25.637,-129.814,341.851
25.609,-129.714,341.862
25.572,-129.603,341.862
25.535,-129.502,341.873
25.508,-129.402,341.884
25.471,-129.291,341.895
25.443,-129.191,341.906
25.406,-129.091,341.917
25.379,-128.980,341.927
25.342,-128.880,341.938
25.305,-128.768,341.960
25.277,-128.668,341.971
25.240,-128.568,341.982
25.213,-128.457,342.004
25.176,-128.357,342.015
25.139,-128.245,342.026
25.112,-128.145,342.037
25.075,-128.045,342.048
25.047,-127.934,342.059
25.010,-127.834,342.059
24.983,-127.734,342.070
24.955,-127.623,342.081
24.918,-127.523,342.092
24.891,-127.422,342.092
24.854,-127.311,342.103
24.826,-127.211,342.103
24.789,-127.100,342.114
24.752,-127.000,342.125
24.725,-126.889,342.125
24.688,-126.788,342.136
24.660,-126.688,342.136
24.624,-126.577,342.147
24.596,-126.477,342.147
24.559,-126.366,342.158
24.522,-126.266,342.169
24.495,-126.154,342.180
24.458,-126.054,342.191
24.430,-125.954,342.202
24.393,-125.843,342.202
24.366,-125.743,342.202
24.338,-125.643,342.202
24.301,-125.531,342.202
24.274,-125.431,342.202
24.237,-125.320,342.202
24.209,-125.220,342.191
24.173,-125.109,342.191
24.136,-125.009,342.191
24.108,-124.909,342.202
24.071,-124.797,342.202
24.044,-124.697,342.202
24.007,-124.586,342.213
23.970,-124.486,342.213
23.942,-124.375,342.224
23.905,-124.274,342.235
23.868,-124.163,342.235
23.841,-124.063,342.235
23.804,-123.952,342.235
23.776,-123.852,342.235
23.740,-123.741,342.224
23.712,-123.640,342.213
23.685,-123.529,342.213
23.648,-123.429,342.202
23.611,-123.329,342.191
23.583,-123.218,342.180
23.546,-123.118,342.180
23.519,-123.006,342.169
23.482,-122.906,342.169
23.454,-122.795,342.158
23.417,-122.695,342.158
23.390,-122.584,342.147
23.353,-122.484,342.136
23.316,-122.372,342.136
23.289,-122.272,342.125
23.252,-122.161,342.114
23.224,-122.061,342.114
23.187,-121.950,342.103
23.160,-121.850,342.092
23.123,-121.738,342.092
23.086,-121.638,342.081
23.058,-121.527,342.070
23.021,-121.427,342.059
22.984,-121.316,342.059
22.957,-121.216,342.048
22.920,-121.104,342.048
22.893,-121.004,342.037
22.856,-120.893,342.037
22.819,-120.793,342.026
22.791,-120.682,342.026
22.754,-120.581,342.015
22.727,-120.470,342.004
22.690,-120.359,342.004
22.662,-120.259,341.993
22.626,-120.148,341.982
22.589,-120.048,341.971
22.561,-119.936,341.971
22.524,-119.825,341.971
22.487,-119.725,341.960
22.460,-119.614,341.960
22.423,-119.514,341.960
22.386,-119.402,341.960
22.358,-119.302,341.949
22.321,-119.191,341.938
22.284,-119.091,341.938
22.257,-118.980,341.927
22.220,-118.880,341.917
22.193,-118.768,341.906
22.156,-118.668,341.895
22.119,-118.557,341.873
22.091,-118.457,341.862
22.054,-118.346,341.851
22.017,-118.234,341.829
21.990,-118.134,341.818
21.953,-118.023,341.818
21.916,-117.923,341.818
21.889,-117.812,341.807
21.852,-117.700,341.807
21.815,-117.600,341.796
21.787,-117.489,341.796
21.750,-117.378,341.796
21.713,-117.278,341.785
21.676,-117.166,341.785
21.649,-117.066,341.774
21.612,-116.955,341.774
21.575,-116.844,341.763
21.548,-116.744,341.752
21.511,-116.632,341.752
21.474,-116.532,341.741
21.437,-116.421,341.730
21.409,-116.310,341.730
21.372,-116.210,341.719
21.345,-116.099,341.719
21.308,-115.998,341.708
21.271,-115.887,341.697
21.234,-115.787,341.686
21.207,-115.676,341.675
21.170,-115.565,341.675
21.133,-115.464,341.653
21.105,-115.353,341.642
21.068,-115.242,341.631
21.031,-115.142,341.620
20.994,-115.031,341.609
20.967,-114.919,341.609
20.930,-114.819,341.598
20.893,-114.708,341.598
20.856,-114.608,341.587
20.829,-114.497,341.587
20.792,-114.385,341.576
20.755,-114.285,341.576
20.718,-114.174,341.565
20.690,-114.063,341.565
20.653,-113.963,341.554
20.617,-113.851,341.543
20.589,-113.740,341.532
20.552,-113.640,341.521
20.515,-113.529,341.510
20.478,-113.429,341.499
20.441,-113.317,341.488
20.414,-113.206,341.477
20.377,-113.106,341.466
20.340,-112.995,341.455
20.303,-112.895,341.455
20.276,-112.783,341.444
20.238,-112.683,341.433
20.202,-112.572,341.433
20.165,-112.472,341.422
20.137,-112.361,341.411
20.100,-112.249,341.411
20.063,-112.149,341.400
20.026,-112.038,341.389
19.989,-111.938,341.389
19.962,-111.827,341.378
19.925,-111.715,341.378
19.888,-111.615,341.378
19.851,-111.504,341.378
19.814,-111.404,341.389
19.787,-111.293,341.389
19.750,-111.181,341.400
19.713,-111.081,341.400
19.676,-110.970,341.411
19.648,-110.870,341.433
19.611,-110.759,341.444
19.574,-110.658,341.455
19.537,-110.547,341.466
19.500,-110.447,341.477
19.473,-110.336,341.488
19.436,-110.236,341.499
19.399,-110.124,341.510
19.362,-110.024,341.521
19.335,-109.913,341.532
19.298,-109.802,341.543
19.261,-109.702,341.554
19.233,-109.590,341.565
19.196,-109.490,341.576
19.159,-109.379,341.587
19.122,-109.279,341.609
19.095,-109.168,341.620
19.058,-109.067,341.642
19.021,-108.956,341.653
18.994,-108.856,341.675
18.957,-108.745,341.686
18.920,-108.645,341.697
18.892,-108.534,341.708
18.855,-108.433,341.719
18.818,-108.322,341.730
18.791,-108.222,341.741
18.754,-108.111,341.752
18.717,-108.011,341.763
18.689,-107.899,341.774
18.652,-107.799,341.785
18.616,-107.688,341.807
18.588,-107.588,341.818
18.551,-107.477,341.829
18.514,-107.377,341.851
18.487,-107.265,341.862
18.450,-107.165,341.884
18.413,-107.054,341.895
18.385,-106.954,341.917
18.348,-106.843,341.927
18.311,-106.742,341.938
18.284,-106.631,341.949
18.247,-106.531,341.960
18.219,-106.431,341.971
18.183,-106.320,341.982
18.145,-106.220,341.993
18.118,-106.108,342.004
18.081,-106.008,342.015
18.054,-105.897,342.026
18.017,-105.797,342.037
17.980,-105.697,342.048
17.952,-105.586,342.048
17.915,-105.485,342.059
17.888,-105.374,342.059
17.851,-105.274,342.059
17.823,-105.174,342.070
17.786,-105.063,342.070
17.759,-104.963,342.070
17.722,-104.851,342.070
17.694,-104.751,342.070
17.657,-104.651,342.081
17.621,-104.540,342.081
17.593,-104.440,342.081
17.556,-104.329,342.092
17.529,-104.229,342.103
17.492,-104.128,342.103
17.455,-104.017,342.103
17.427,-103.917,342.114
17.390,-103.806,342.114
17.363,-103.706,342.114
17.326,-103.606,342.114
17.298,-103.494,342.114
17.261,-103.394,342.114
17.234,-103.283,342.114
17.197,-103.183,342.125
17.170,-103.072,342.125
17.133,-102.972,342.136
17.096,-102.871,342.136
17.068,-102.760,342.147
17.031,-102.660,342.158
17.004,-102.549,342.169
16.967,-102.449,342.180
16.939,-102.349,342.180
16.902,-102.248,342.180
16.875,-102.137,342.180
16.838,-102.037,342.169
16.810,-101.937,342.158
16.773,-101.837,342.136
16.746,-101.726,342.125
16.718,-101.626,342.103
16.681,-101.525,342.070
16.654,-101.425,342.048
16.617,-101.314,342.026
16.589,-101.214,342.004
16.552,-101.103,341.993
16.525,-101.003,341.993
16.488,-100.903,341.993
16.451,-100.791,341.993
16.424,-100.691,342.004
16.387,-100.591,342.004
16.359,-100.480,342.004
16.322,-100.380,342.004
16.295,-100.280,341.993
16.258,-100.179,341.982
16.230,-100.079,341.971
16.193,-99.979,341.960
16.166,-99.868,341.938
16.129,-99.768,341.927
16.101,-99.668,341.906
16.064,-99.568,341.884
16.037,-99.468,341.873
16.000,-99.356,341.851
15.972,-99.256,341.840
15.935,-99.156,341.818
15.908,-99.056,341.807
15.871,-98.956,341.796
15.834,-98.845,341.785
15.806,-98.745,341.774
15.769,-98.644,341.763
15.742,-98.544,341.752
15.705,-98.444,341.752
15.677,-98.344,341.741
15.640,-98.233,341.741
15.613,-98.133,341.730
15.576,-98.033,341.730
15.548,-97.932,341.730
15.511,-97.832,341.730
15.484,-97.732,341.730
15.447,-97.632,341.730
15.419,-97.532,341.730
15.382,-97.432,341.730
15.355,-97.332,341.741
15.318,-97.220,341.741
15.281,-97.120,341.752
15.253,-97.020,341.763
15.216,-96.920,341.774
15.189,-96.820,341.774
15.152,-96.709,341.785
15.124,-96.609,341.796
15.087,-96.508,341.796
15.060,-96.408,341.807
15.023,-96.308,341.818
14.995,-96.208,341.818
14.958,-96.108,341.829
14.931,-96.008,341.840
14.903,-95.908,341.851
14.866,-95.808,341.873
14.839,-95.708,341.884
14.802,-95.607,341.895
14.774,-95.507,341.906
14.737,-95.407,341.927
14.710,-95.296,341.938
14.673,-95.196,341.960
14.645,-95.096,341.982
14.608,-94.996,342.004
14.581,-94.896,342.026
14.544,-94.795,342.048
14.516,-94.695,342.070
14.479,-94.595,342.103
14.452,-94.495,342.125
14.424,-94.384,342.158
14.387,-94.284,342.191
14.350,-94.195,342.224
14.322,-94.095,342.257
14.295,-93.983,342.279
14.258,-93.883,342.301
14.231,-93.783,342.312
14.203,-93.683,342.334
14.176,-93.583,342.356
14.139,-93.483,342.367
14.111,-93.383,342.389
14.084,-93.283,342.411
14.047,-93.182,342.433
14.019,-93.082,342.455
13.982,-92.982,342.477
13.954,-92.882,342.510
13.917,-92.782,342.543
13.890,-92.682,342.576
13.862,-92.582,342.609
13.835,-92.482,342.642
13.798,-92.382,342.675
13.770,-92.282,342.708
13.743,-92.181,342.729
13.706,-92.081,342.762
13.678,-91.981,342.784
13.651,-91.881,342.806
13.623,-91.781,342.828
13.586,-91.681,342.850
13.559,-91.581,342.872
13.531,-91.481,342.894
13.504,-91.381,342.905
13.476,-91.281,342.927
13.439,-91.180,342.949
13.412,-91.080,342.960
13.384,-90.980,342.982
13.357,-90.880,342.993
13.320,-90.780,343.015
13.292,-90.680,343.026
13.265,-90.580,343.048
13.237,-90.480,343.059
13.210,-90.380,343.070
13.173,-90.280,343.081
13.145,-90.180,343.081
13.118,-90.079,343.081
13.090,-89.979,343.092
13.053,-89.879,343.092
13.026,-89.779,343.092
12.998,-89.679,343.092
12.971,-89.590,343.092
12.943,-89.490,343.092
12.916,-89.390,343.081
12.888,-89.290,343.070
12.861,-89.190,343.070
12.833,-89.090,343.059
12.796,-88.990,343.048
12.769,-88.889,343.037
12.741,-88.789,343.026
12.714,-88.689,343.015
12.686,-88.589,343.004
12.659,-88.489,342.993
12.622,-88.389,342.982
12.594,-88.289,342.960
12.567,-88.189,342.938
12.530,-88.089,342.905
12.502,-87.989,342.883
12.475,-87.889,342.872
12.447,-87.789,342.850
12.420,-87.688,342.828
12.383,-87.588,342.784
12.355,-87.488,342.751
12.328,-87.388,342.719
12.300,-87.288,342.697
12.273,-87.188,342.664
12.245,-87.088,342.631
12.208,-86.999,342.598
12.180,-86.899,342.565
12.153,-86.799,342.532
12.125,-86.699,342.488
12.088,-86.598,342.455
12.061,-86.498,342.411
12.033,-86.398,342.378
11.996,-86.298,342.334
11.969,-86.198,342.301
11.932,-86.087,342.268
11.904,-85.987,342.235
11.867,-85.887,342.202
11.840,-85.786,342.169
11.803,-85.686,342.125
11.775,-85.586,342.092
11.748,-85.486,342.059
11.711,-85.386,342.026
11.683,-85.286,341.993
11.656,-85.186,341.960
11.628,-85.097,341.917
11.591,-84.997,341.884
11.564,-84.897,341.851
11.536,-84.797,341.829
11.499,-84.696,341.796
11.472,-84.596,341.785
11.435,-84.496,341.763
11.407,-84.396,341.752
11.380,-84.296,341.752
11.343,-84.196,341.752
11.306,-84.096,341.752
11.278,-83.996,341.763
11.241,-83.895,341.774
11.213,-83.795,341.785
11.177,-83.684,341.807
11.149,-83.584,341.829
11.122,-83.484,341.840
11.085,-83.384,341.862
11.057,-83.284,341.884
11.020,-83.183,341.906
10.993,-83.083,341.927
10.955,-82.983,341.949
10.928,-82.883,341.971
10.891,-82.783,341.993
10.863,-82.683,342.015
10.826,-82.583,342.037
10.799,-82.483,342.059
10.762,-82.382,342.092
10.734,-82.282,342.114
10.697,-82.182,342.136
10.670,-82.082,342.147
10.642,-81.982,342.169
10.605,-81.882,342.191
10.578,-81.771,342.213
10.541,-81.671,342.235
10.513,-81.571,342.246
10.486,-81.470,342.268
10.449,-81.370,342.290
10.421,-81.270,342.301
10.384,-81.170,342.312
10.357,-81.070,342.323
10.329,-80.970,342.345
10.292,-80.870,342.345
10.265,-80.770,342.367
10.228,-80.669,342.378
10.200,-80.558,342.378
10.173,-80.458,342.389
10.136,-80.358,342.400
10.108,-80.258,342.400
10.071,-80.158,342.411
10.044,-80.058,342.411
10.016,-79.958,342.411
9.979,-79.858,342.411
9.952,-79.757,342.411
9.924,-79.646,342.422
9.887,-79.546,342.422
9.860,-79.446,342.411
9.832,-79.346,342.411
9.795,-79.246,342.411
9.768,-79.146,342.422
9.740,-79.046,342.422
9.703,-78.945,342.422
9.676,-78.845,342.422
9.639,-78.745,342.422
9.611,-78.634,342.422
9.584,-78.534,342.422
9.547,-78.434,342.422
9.519,-78.334,342.422
9.492,-78.234,342.411
9.455,-78.134,342.411
9.427,-78.033,342.411
9.400,-77.933,342.400
9.363,-77.833,342.400
9.335,-77.733,342.400
9.308,-77.622,342.389
9.271,-77.522,342.389
9.243,-77.422,342.378
9.206,-77.322,342.378
9.179,-77.221,342.378
9.142,-77.121,342.378
9.114,-77.021,342.378
9.087,-76.921,342.367
9.050,-76.810,342.367
9.022,-76.710,342.367
8.985,-76.610,342.367
8.958,-76.510,342.356
8.930,-76.410,342.345
8.893,-76.309,342.345
8.866,-76.209,342.334
8.839,-76.098,342.323
8.802,-75.998,342.323
8.774,-75.898,342.312
8.737,-75.798,342.301
8.709,-75.698,342.290
8.682,-75.598,342.279
8.645,-75.497,342.279
8.617,-75.397,342.268
8.590,-75.286,342.257
8.553,-75.186,342.257
8.526,-75.086,342.246
8.489,-74.986,342.235
8.461,-74.886,342.224
8.424,-74.785,342.224
8.397,-74.674,342.213
8.369,-74.574,342.202
8.332,-74.474,342.191
8.305,-74.374,342.180
8.268,-74.274,342.158
8.240,-74.174,342.147
8.203,-74.074,342.136
8.176,-73.962,342.125
8.139,-73.862,342.114
8.111,-73.762,342.103
8.074,-73.662,342.092
8.047,-73.562,342.081
8.019,-73.462,342.070
7.982,-73.362,342.059
7.955,-73.251,342.048
7.918,-73.150,342.037
7.890,-73.050,342.037
7.853,-72.950,342.026
7.826,-72.850,342.015
7.798,-72.739,342.004
7.761,-72.639,342.004
7.734,-72.539,342.004
7.697,-72.438,341.993
7.669,-72.338,341.993
7.632,-72.238,341.993
7.605,-72.138,341.993
7.568,-72.038,341.993
7.540,-71.927,342.004
7.503,-71.827,342.015
7.476,-71.727,342.015
7.439,-71.626,342.026
7.411,-71.526,342.037
7.374,-71.426,342.037
7.347,-71.315,342.037
7.310,-71.215,342.048
7.282,-71.115,342.059
7.245,-71.015,342.070
7.218,-70.915,342.081
7.181,-70.814,342.081
7.153,-70.703,342.092
7.116,-70.603,342.103
7.089,-70.503,342.114
7.061,-70.403,342.125
7.024,-70.303,342.136
6.997,-70.203,342.147
6.960,-70.091,342.158
6.932,-69.991,342.169
6.895,-69.891,342.180
6.868,-69.791,342.191
6.831,-69.691,342.202
6.803,-69.591,342.202
6.776,-69.491,342.213
6.739,-69.379,342.213
6.711,-69.279,342.224
6.674,-69.179,342.224
6.647,-69.079,342.235
6.610,-68.979,342.246
6.582,-68.879,342.257
6.555,-68.768,342.268
6.518,-68.668,342.279
6.490,-68.568,342.279
6.453,-68.467,342.290
6.426,-68.367,342.301
6.398,-68.267,342.312
6.361,-68.167,342.312
6.334,-68.056,342.323
6.297,-67.956,342.334
6.269,-67.856,342.345
6.232,-67.755,342.345
6.205,-67.655,342.356
6.177,-67.555,342.367
6.140,-67.444,342.378
6.113,-67.344,342.389
6.076,-67.244,342.400
6.048,-67.144,342.400
6.021,-67.044,342.411
5.984,-66.943,342.422
5.956,-66.843,342.433
5.929,-66.743,342.444
5.892,-66.632,342.444
5.864,-66.532,342.455
5.827,-66.432,342.455
5.800,-66.332,342.466
5.772,-66.232,342.466
5.735,-66.132,342.477
5.708,-66.031,342.477
5.680,-65.931,342.477
5.643,-65.831,342.488
5.616,-65.731,342.488
5.588,-65.631,342.488
5.551,-65.531,342.499
5.524,-65.431,342.499
5.496,-65.331,342.499
5.459,-65.231,342.499
5.432,-65.130,342.499
5.404,-65.019,342.499
5.367,-64.919,342.499
5.340,-64.819,342.499
5.312,-64.719,342.499
5.275,-64.619,342.499
5.248,-64.519,342.499
5.220,-64.419,342.499
5.183,-64.319,342.499
5.156,-64.218,342.499
5.128,-64.118,342.499
5.101,-64.018,342.488
5.064,-63.918,342.488
5.036,-63.818,342.488
5.009,-63.718,342.488
4.972,-63.618,342.488
4.944,-63.518,342.477
4.917,-63.418,342.477
4.880,-63.318,342.477
4.852,-63.217,342.477
4.825,-63.117,342.477
4.788,-63.017,342.477
4.760,-62.917,342.477
4.733,-62.817,342.477
4.696,-62.717,342.477
4.668,-62.617,342.477
4.641,-62.517,342.477
4.613,-62.417,342.477
4.576,-62.316,342.477
4.549,-62.216,342.477
4.521,-62.116,342.477
4.484,-62.016,342.477
4.457,-61.916,342.488
4.429,-61.816,342.499
4.392,-61.716,342.499
4.365,-61.616,342.510
4.337,-61.516,342.521
4.310,-61.416,342.521
4.273,-61.315,342.532
4.245,-61.215,342.543
4.218,-61.115,342.554
4.181,-61.015,342.554
4.153,-60.915,342.565
4.126,-60.815,342.565
4.098,-60.715,342.576
4.061,-60.615,342.587
4.033,-60.526,342.598
4.006,-60.426,342.609
3.978,-60.326,342.620
3.941,-60.225,342.631
3.914,-60.125,342.642
3.886,-60.025,342.653
3.859,-59.925,342.664
3.822,-59.825,342.675
3.794,-59.725,342.686
3.767,-59.625,342.697
3.739,-59.525,342.708
3.702,-59.425,342.719
3.675,-59.325,342.729
3.647,-59.236,342.740
3.620,-59.136,342.751
3.592,-59.035,342.762
3.555,-58.935,342.784
3.528,-58.835,342.795
3.500,-58.735,342.817
3.473,-58.635,342.828
3.436,-58.535,342.839
3.408,-58.435,342.850
3.381,-58.335,342.861
3.353,-58.235,342.883
3.326,-58.146,342.894
3.289,-58.046,342.905
3.261,-57.945,342.916
3.234,-57.845,342.927
3.206,-57.745,342.927
3.179,-57.645,342.938
3.151,-57.556,342.949
3.114,-57.456,342.949
3.086,-57.356,342.960
3.059,-57.256,342.960
3.031,-57.156,342.971
3.004,-57.056,342.971
2.976,-56.967,342.971
2.949,-56.867,342.971
2.921,-56.767,342.971
2.884,-56.667,342.971
2.857,-56.566,342.982
2.829,-56.466,342.982
2.802,-56.366,342.993
2.774,-56.277,342.993
2.747,-56.177,343.004
2.719,-56.077,343.004
2.682,-55.977,343.004
2.655,-55.877,343.015
2.627,-55.777,343.015
2.599,-55.688,343.026
2.572,-55.588,343.026
2.544,-55.488,343.026
2.517,-55.388,343.026
2.480,-55.287,343.026
2.452,-55.187,343.026
2.425,-55.098,343.015
2.397,-54.998,343.015
2.370,-54.898,343.004
2.342,-54.798,343.004
2.315,-54.698,342.993
2.278,-54.598,342.982
2.250,-54.509,342.960
2.223,-54.409,342.949
2.195,-54.309,342.938
2.168,-54.209,342.927
2.140,-54.109,342.916
2.103,-54.009,342.905
2.076,-53.908,342.894
2.048,-53.808,342.883
2.020,-53.719,342.872
1.993,-53.619,342.872
1.966,-53.519,342.861
1.928,-53.419,342.850
1.901,-53.319,342.839
1.873,-53.219,342.828
1.846,-53.119,342.817
1.818,-53.019,342.806
1.781,-52.919,342.806
1.754,-52.819,342.795
1.726,-52.730,342.784
1.699,-52.630,342.784
1.662,-52.529,342.773
1.634,-52.429,342.773
1.607,-52.329,342.773
1.579,-52.229,342.762
1.552,-52.129,342.751
1.515,-52.029,342.740
1.487,-51.929,342.729
1.460,-51.829,342.708
1.432,-51.740,342.697
1.405,-51.640,342.675
1.368,-51.540,342.653
1.340,-51.439,342.642
1.313,-51.339,342.620
1.285,-51.239,342.609
1.248,-51.139,342.598
1.221,-51.039,342.576
1.193,-50.939,342.565
1.166,-50.839,342.554
1.129,-50.739,342.532
1.101,-50.639,342.521
1.074,-50.539,342.510
1.046,-50.439,342.499
1.009,-50.338,342.488
0.982,-50.238,342.477
0.954,-50.149,342.466
0.917,-50.049,342.455
0.889,-49.949,342.455
0.862,-49.849,342.433
0.834,-49.749,342.422
0.797,-49.649,342.411
0.770,-49.549,342.400
0.742,-49.449,342.389
0.705,-49.348,342.378
0.678,-49.248,342.367
0.650,-49.148,342.356
0.613,-49.048,342.345
0.586,-48.948,342.334
0.558,-48.848,342.323
0.521,-48.748,342.323
0.494,-48.648,342.312
0.466,-48.548,342.323
0.429,-48.447,342.323
0.402,-48.347,342.323
0.374,-48.247,342.323
0.337,-48.147,342.323
0.310,-48.047,342.323
0.282,-47.947,342.323
0.245,-47.847,342.323
0.218,-47.747,342.323
0.190,-47.647,342.323
0.153,-47.547,342.323
0.126,-47.446,342.334
0.098,-47.346,342.334
0.061,-47.246,342.345
0.034,-47.146,342.345
-0.003,-47.046,342.356
-0.031,-46.946,342.367
-0.058,-46.846,342.367
-0.095,-46.735,342.378
-0.123,-46.634,342.389
-0.150,-46.534,342.400
-0.187,-46.434,342.411
-0.215,-46.334,342.411
-0.242,-46.234,342.422
-0.279,-46.134,342.422
-0.307,-46.034,342.433
-0.334,-45.934,342.444
-0.371,-45.834,342.444
-0.399,-45.734,342.455
-0.426,-45.633,342.455
-0.463,-45.533,342.466
-0.491,-45.433,342.466
-0.528,-45.322,342.477
-0.555,-45.222,342.477
-0.583,-45.122,342.477
-0.620,-45.022,342.488
-0.647,-44.922,342.488
-0.675,-44.821,342.499
-0.712,-44.721,342.510
-0.739,-44.621,342.510
-0.767,-44.510,342.521
-0.804,-44.410,342.532
-0.831,-44.310,342.532
-0.859,-44.210,342.543
-0.896,-44.110,342.554
-0.923,-44.010,342.554
-0.951,-43.909,342.565
-0.988,-43.809,342.565
-1.015,-43.698,342.576
-1.043,-43.598,342.576
-1.080,-43.498,342.576
-1.107,-43.398,342.587
-1.135,-43.298,342.587
-1.172,-43.198,342.587
-1.199,-43.097,342.598
-1.227,-42.986,342.598
-1.264,-42.886,342.609
-1.291,-42.786,342.609
-1.319,-42.686,342.609
-1.356,-42.586,342.620
-1.383,-42.486,342.620
-1.411,-42.375,342.631
-1.448,-42.274,342.631
-1.475,-42.174,342.631
-1.503,-42.074,342.642
-1.540,-41.974,342.642
-1.567,-41.863,342.653
-1.595,-41.763,342.653
-1.632,-41.663,342.664
-1.659,-41.563,342.664
-1.687,-41.463,342.664
-1.724,-41.351,342.675
-1.751,-41.251,342.675
-1.779,-41.151,342.686
-1.816,-41.051,342.697
-1.843,-40.951,342.697
-1.870,-40.840,342.708
-1.907,-40.740,342.708
-1.935,-40.640,342.708
-1.962,-40.539,342.719
-1.999,-40.428,342.719
-2.027,-40.328,342.729
-2.054,-40.228,342.729
-2.091,-40.128,342.740
-2.119,-40.017,342.740
-2.146,-39.917,342.751
-2.183,-39.816,342.751
-2.211,-39.716,342.762
-2.238,-39.605,342.762
-2.275,-39.505,342.762
-2.303,-39.405,342.773
-2.330,-39.305,342.773
-2.367,-39.205,342.773
-2.395,-39.094,342.773
-2.422,-38.994,342.784
-2.459,-38.893,342.784
-2.487,-38.782,342.795
-2.514,-38.682,342.795
-2.551,-38.582,342.806
-2.579,-38.482,342.806
-2.615,-38.371,342.817
-2.643,-38.271,342.817
-2.670,-38.170,342.828
-2.707,-38.059,342.839
-2.735,-37.959,342.839
-2.762,-37.859,342.839
-2.799,-37.748,342.850
-2.827,-37.648,342.850
-2.854,-37.548,342.861
-2.891,-37.448,342.861
-2.919,-37.336,342.872
-2.946,-37.236,342.883
-2.983,-37.136,342.883
-3.011,-37.025,342.894
-3.038,-36.925,342.894
-3.075,-36.814,342.894
-3.102,-36.714,342.905
-3.130,-36.613,342.905
-3.167,-36.502,342.905
-3.194,-36.402,342.905
-3.231,-36.302,342.916
-3.259,-36.191,342.916
-3.286,-36.091,342.916
-3.323,-35.991,342.916
-3.351,-35.879,342.916
-3.378,-35.779,342.916
-3.415,-35.679,342.916
-3.443,-35.568,342.916
-3.470,-35.468,342.916
-3.507,-35.368,342.916
-3.535,-35.257,342.916
-3.562,-35.157,342.916
-3.599,-35.056,342.916
-3.626,-34.945,342.916
-3.654,-34.845,342.916
-3.691,-34.734,342.916
-3.718,-34.634,342.916
-3.746,-34.534,342.905
-3.783,-34.423,342.905
-3.810,-34.322,342.905
-3.838,-34.222,342.905
-3.875,-34.111,342.905
-3.902,-34.011,342.905
-3.930,-33.900,342.905
-3.967,-33.800,342.905
-3.994,-33.700,342.905
-4.021,-33.588,342.905
-4.058,-33.488,342.905
-4.086,-33.388,342.905
-4.113,-33.277,342.894
-4.150,-33.177,342.894
-4.178,-33.066,342.894
-4.215,-32.966,342.894
-4.242,-32.854,342.894
-4.270,-32.754,342.894
-4.307,-32.654,342.894
-4.334,-32.543,342.894
-4.362,-32.443,342.894
-4.399,-32.343,342.894
-4.426,-32.232,342.894
-4.453,-32.132,342.894
-4.491,-32.031,342.894
-4.518,-31.920,342.883
-4.545,-31.820,342.883
-4.582,-31.720,342.883
-4.610,-31.609,342.883
-4.637,-31.509,342.883
-4.674,-31.409,342.872
-4.702,-31.308,342.872
-4.729,-31.197,342.872
-4.757,-31.097,342.872
-4.794,-30.997,342.872
-4.821,-30.897,342.872
-4.849,-30.786,342.872
-4.886,-30.686,342.872
-4.913,-30.586,342.872
-4.941,-30.486,342.872
-4.978,-30.374,342.872
-5.005,-30.274,342.872
-5.033,-30.174,342.861
-5.069,-30.063,342.861
-5.097,-29.963,342.861
-5.124,-29.863,342.861
-5.161,-29.763,342.872
-5.189,-29.651,342.872
-5.216,-29.551,342.872
-5.244,-29.451,342.872
-5.281,-29.351,342.872
-5.308,-29.251,342.872
-5.336,-29.151,342.872
-5.373,-29.040,342.872
-5.400,-28.940,342.872
-5.428,-28.840,342.872
-5.465,-28.739,342.872
-5.492,-28.628,342.872
-5.529,-28.528,342.861
-5.566,-28.439,342.861
-5.594,-28.350,342.861
-5.621,-28.239,342.861
-5.658,-28.139,342.861
-5.686,-28.039,342.861
-5.713,-27.939,342.861
-5.750,-27.838,342.861
-5.778,-27.738,342.850
-5.805,-27.627,342.850
-5.842,-27.527,342.850
-5.870,-27.438,342.850
-5.907,-27.349,342.850
-5.935,-27.249,342.839
-5.962,-27.149,342.839
-5.999,-27.049,342.839
-6.027,-26.948,342.828
-6.054,-26.848,342.828
-6.082,-26.737,342.817
-6.119,-26.637,342.817
-6.146,-26.537,342.806
-6.174,-26.437,342.806
-6.201,-26.337,342.795
-6.238,-26.237,342.784
-6.266,-26.137,342.784
-6.293,-26.037,342.773
-6.321,-25.936,342.762
-6.358,-25.836,342.751
-6.385,-25.736,342.751
-6.413,-25.636,342.740
-6.450,-25.536,342.729
-6.477,-25.436,342.719
-6.505,-25.336,342.708
-6.532,-25.236,342.697
-6.569,-25.136,342.686
-6.597,-25.036,342.675
-6.624,-24.935,342.664
-6.652,-24.835,342.642
-6.689,-24.735,342.631
-6.716,-24.635,342.609
-6.744,-24.535,342.587
-6.781,-24.435,342.565
-6.808,-24.335,342.532
-6.836,-24.235,342.510
-6.873,-24.146,342.488
-6.900,-24.046,342.455
-6.928,-23.946,342.433
-6.955,-23.845,342.400
-6.992,-23.745,342.367
-7.020,-23.645,342.334
-7.047,-23.545,342.301
-7.075,-23.445,342.268
-7.112,-23.345,342.235
-7.140,-23.256,342.202
-7.167,-23.156,342.158
-7.204,-23.056,342.125
-7.232,-22.956,342.092
-7.259,-22.856,342.048
-7.296,-22.755,342.015
-7.324,-22.666,341.971
-7.351,-22.566,341.938
-7.388,-22.466,341.895
-7.416,-22.366,341.862
-7.443,-22.266,341.829
-7.480,-22.177,341.785
-7.508,-22.077,341.752
-7.535,-21.977,341.719
-7.572,-21.877,341.675
-7.600,-21.776,341.642
-7.628,-21.687,341.609
-7.665,-21.587,341.576
-7.692,-21.487,341.532
-7.720,-21.398,341.510
-7.757,-21.298,341.477
-7.784,-21.198,341.444
-7.821,-21.109,341.411
-7.849,-21.009,341.378
-7.877,-20.920,341.345
-7.914,-20.820,341.323
-7.941,-20.720,341.290
-7.978,-20.619,341.268
-8.006,-20.530,341.235
-8.033,-20.430,341.213
-8.070,-20.330,341.191
-8.098,-20.241,341.169
-8.135,-20.141,341.147
-8.163,-20.052,341.125
-8.190,-19.952,341.104
-8.227,-19.863,341.082
-8.255,-19.763,341.071
-8.292,-19.674,341.049
-8.319,-19.574,341.027
-8.347,-19.485,341.016
-8.384,-19.396,340.994
-8.412,-19.296,340.972
-8.439,-19.207,340.950
-8.476,-19.117,340.928
-8.504,-19.028,340.917
-8.531,-18.928,340.895
-8.569,-18.839,340.873
-8.596,-18.750,340.851
-8.624,-18.661,340.840
-8.652,-18.572,340.818
-8.689,-18.483,340.807
-8.716,-18.394,340.796
-8.744,-18.305,340.785
-8.772,-18.216,340.774
-8.799,-18.127,340.763
-8.827,-18.049,340.752
-8.864,-17.960,340.752
-8.892,-17.871,340.752
-8.919,-17.793,340.752
-8.947,-17.704,340.752
-8.975,-17.627,340.752
-9.002,-17.538,340.752
-9.030,-17.460,340.752
-9.058,-17.371,340.752
-9.085,-17.293,340.763
-9.113,-17.215,340.763
-9.141,-17.126,340.763
-9.169,-17.048,340.774
-9.196,-16.970,340.774
-9.224,-16.892,340.785
-9.242,-16.814,340.785
-9.270,-16.736,340.796
-9.298,-16.659,340.807
-9.325,-16.570,340.807
-9.353,-16.492,340.818
-9.381,-16.414,340.829
-9.409,-16.336,340.840
-9.436,-16.258,340.851
-9.455,-16.180,340.851
-9.482,-16.102,340.862
-9.510,-16.024,340.873
-9.538,-15.946,340.884
-9.566,-15.869,340.895
-9.593,-15.791,340.895
-9.612,-15.713,340.906
-9.639,-15.635,340.917
-9.667,-15.557,340.928
-9.695,-15.479,340.939
-9.722,-15.401,340.950
-9.750,-15.323,340.961
-9.768,-15.246,340.961
-9.796,-15.168,340.972
-9.824,-15.090,340.983
-9.852,-15.012,340.994
-9.879,-14.934,341.005
-9.898,-14.856,341.005
-9.925,-14.778,341.016
-9.953,-14.711,341.027
-9.981,-14.633,341.038
-10.009,-14.556,341.049
-10.027,-14.478,341.060
-10.055,-14.400,341.071
-10.082,-14.322,341.082
-10.110,-14.244,341.093
-10.128,-14.166,341.104
-10.156,-14.088,341.115
-10.184,-14.010,341.125
-10.212,-13.933,341.136
-10.230,-13.855,341.147
-10.258,-13.777,341.158
-10.285,-13.699,341.169
-10.304,-13.632,341.180
-10.331,-13.554,341.191
-10.359,-13.476,341.202
-10.387,-13.399,341.213
-10.405,-13.321,341.235
-10.433,-13.243,341.257
-10.461,-13.176,341.279
-10.488,-13.098,341.290
-10.507,-13.020,341.312
-10.534,-12.942,341.323
-10.562,-12.876,341.345
-10.580,-12.798,341.356
-10.608,-12.720,341.367
-10.636,-12.642,341.378
-10.654,-12.564,341.389
-10.682,-12.486,341.400
-10.710,-12.419,341.400
-10.728,-12.342,341.411
-10.756,-12.264,341.422
-10.783,-12.186,341.433
-10.802,-12.108,341.433
-10.830,-12.041,341.444
-10.857,-11.963,341.455
-10.875,-11.886,341.466
-10.903,-11.808,341.477
-10.922,-11.741,341.488
-10.949,-11.663,341.499
-10.977,-11.585,341.521
-10.995,-11.507,341.543
-11.023,-11.429,341.554
-11.051,-11.363,341.576
-11.069,-11.285,341.587
-11.097,-11.207,341.609
-11.125,-11.140,341.620
-11.143,-11.062,341.631
-11.171,-10.984,341.642
-11.198,-10.907,341.653
-11.217,-10.840,341.664
-11.244,-10.762,341.675
-11.263,-10.684,341.697
-11.291,-10.617,341.708
-11.309,-10.539,341.719
-11.336,-10.462,341.741
-11.364,-10.395,341.752
-11.383,-10.317,341.763
-11.410,-10.239,341.774
-11.429,-10.161,341.785
-11.456,-10.094,341.785
-11.475,-10.017,341.796
-11.502,-9.939,341.807
-11.521,-9.872,341.818
-11.548,-9.794,341.840
-11.567,-9.727,341.851
-11.594,-9.649,341.862
-11.613,-9.572,341.884
-11.641,-9.505,341.895
-11.659,-9.427,341.917
-11.687,-9.360,341.938
-11.705,-9.282,341.949
-11.733,-9.205,341.971
-11.751,-9.138,341.982
-11.779,-9.060,342.004
-11.807,-8.993,342.015
-11.825,-8.915,342.026
-11.852,-8.837,342.048
-11.871,-8.771,342.059
-11.899,-8.693,342.081
-11.917,-8.615,342.092
-11.945,-8.548,342.103
-11.963,-8.470,342.114
-11.991,-8.404,342.125
-12.009,-8.326,342.147
-12.037,-8.259,342.147
-12.055,-8.181,342.169
-12.073,-8.103,342.169
-12.101,-8.037,342.180
-12.119,-7.959,342.191
-12.147,-7.892,342.202
-12.165,-7.814,342.213
-12.193,-7.747,342.224
-12.211,-7.670,342.235
-12.230,-7.603,342.246
-12.257,-7.525,342.257
-12.276,-7.458,342.268
-12.304,-7.380,342.279
-12.322,-7.314,342.290
-12.350,-7.236,342.301
-12.368,-7.169,342.312
-12.386,-7.091,342.323
-12.414,-7.024,342.334
-12.432,-6.947,342.334
-12.460,-6.880,342.345
-12.478,-6.802,342.356
-12.506,-6.735,342.367
-12.524,-6.657,342.378
-12.543,-6.591,342.378
-12.570,-6.513,342.378
-12.589,-6.446,342.389
-12.607,-6.379,342.389
-12.635,-6.301,342.389
-12.653,-6.235,342.389
-12.681,-6.157,342.389
-12.699,-6.090,342.389
-12.718,-6.023,342.389
-12.745,-5.945,342.389
-12.764,-5.879,342.389
-12.782,-5.801,342.389
-12.810,-5.734,342.389
-12.828,-5.656,342.389
-12.846,-5.590,342.400
-12.874,-5.523,342.400
-12.892,-5.445,342.411
-12.920,-5.378,342.422
-12.938,-5.300,342.422
-12.957,-5.234,342.433
-12.985,-5.167,342.433
-13.003,-5.089,342.444
-13.021,-5.022,342.444
-13.049,-4.955,342.444
-13.067,-4.878,342.444
-13.086,-4.811,342.455
-13.114,-4.744,342.444
-13.132,-4.677,342.444
-13.150,-4.600,342.444
-13.178,-4.533,342.433
-13.196,-4.466,342.422
-13.214,-4.388,342.400
-13.242,-4.321,342.389
-13.261,-4.255,342.378
-13.279,-4.177,342.356
-13.307,-4.110,342.334
-13.325,-4.043,342.323
-13.343,-3.966,342.312
-13.371,-3.899,342.290
-13.389,-3.832,342.279
-13.408,-3.765,342.268
-13.436,-3.687,342.257
-13.454,-3.621,342.235
-13.472,-3.554,342.224
-13.500,-3.487,342.213
-13.518,-3.409,342.202
-13.537,-3.343,342.191
-13.555,-3.276,342.180
-13.583,-3.209,342.169
-13.601,-3.142,342.147
-13.619,-3.065,342.147
-13.647,-2.998,342.136
-13.666,-2.931,342.114
-13.693,-2.864,342.103
-13.712,-2.798,342.092
-13.730,-2.731,342.081
-13.748,-2.653,342.070
-13.776,-2.586,342.059
-13.794,-2.520,342.048
-13.813,-2.453,342.026
-13.841,-2.386,342.015
-13.859,-2.319,342.004
-13.877,-2.242,341.982
-13.905,-2.175,341.971
-13.923,-2.108,341.960
-13.942,-2.041,341.938
-13.970,-1.974,341.927
-13.988,-1.908,341.906
-14.006,-1.841,341.895
-14.034,-1.774,341.873
-14.052,-1.696,341.862
-14.071,-1.630,341.840
-14.099,-1.563,341.818
-14.117,-1.496,341.796
-14.135,-1.429,341.774
-14.163,-1.363,341.752
-14.181,-1.296,341.730
-14.200,-1.229,341.708
-14.218,-1.163,341.675
-14.246,-1.096,341.653
-14.264,-1.029,341.631
-14.283,-0.962,341.598
-14.310,-0.895,341.576
-14.329,-0.840,341.554
-14.347,-0.773,341.521
-14.366,-0.706,341.499
-14.393,-0.640,341.466
-14.412,-0.573,341.444
-14.430,-0.517,341.422
-14.449,-0.451,341.389
-14.476,-0.384,341.367
-14.495,-0.328,341.345
-14.513,-0.261,341.323
-14.532,-0.206,341.301
-14.550,-0.139,341.279
-14.568,-0.083,341.246
-14.596,-0.017,341.224
-14.615,0.039,341.191
-14.633,0.095,341.169
-14.652,0.150,341.136
-14.670,0.217,341.104
-14.689,0.273,341.082
-14.707,0.328,341.060
-14.725,0.384,341.027
-14.744,0.440,341.005
-14.762,0.495,340.983
-14.781,0.551,340.961
-14.799,0.606,340.939
-14.818,0.662,340.917
-14.836,0.718,340.895
-14.855,0.762,340.873
-14.873,0.818,340.851
-14.892,0.874,340.829
-14.910,0.918,340.796
-14.929,0.974,340.774
-14.938,1.029,340.752
-14.956,1.074,340.730
-14.975,1.129,340.697
-14.993,1.174,340.675
-15.012,1.218,340.653
-15.021,1.274,340.620
-15.039,1.319,340.598
-15.058,1.363,340.576
-15.076,1.419,340.554
-15.085,1.463,340.521
-15.104,1.508,340.499
-15.122,1.552,340.477
-15.132,1.597,340.455
-15.150,1.641,340.422
-15.169,1.686,340.400
-15.178,1.730,340.378
-15.196,1.775,340.356
-15.205,1.819,340.323
-15.224,1.864,340.302
-15.243,1.908,340.280
-15.252,1.953,340.269
-15.270,1.997,340.247
-15.289,2.042,340.225
-15.298,2.075,340.203
-15.316,2.120,340.181
-15.325,2.164,340.170
-15.344,2.209,340.148
-15.363,2.253,340.126
-15.372,2.298,340.104
-15.390,2.331,340.082
-15.409,2.376,340.060
-15.418,2.420,340.038
-15.437,2.465,340.016
-15.446,2.509,339.983
-15.464,2.543,339.961
-15.483,2.587,339.928
-15.492,2.632,339.906
-15.511,2.676,339.873
-15.520,2.721,339.851
-15.538,2.754,339.818
-15.557,2.799,339.796
-15.566,2.843,339.774
-15.584,2.888,339.752
-15.594,2.921,339.730
-15.612,2.965,339.708
-15.631,3.010,339.686
-15.649,3.055,339.664
-15.659,3.088,339.653
-15.677,3.132,339.631
-15.686,3.177,339.609
-15.705,3.210,339.587
-15.714,3.255,339.565
-15.732,3.299,339.532
-15.742,3.333,339.510
-15.760,3.377,339.489
-15.779,3.411,339.467
-15.788,3.455,339.434
-15.807,3.500,339.412
-15.816,3.533,339.379
-15.834,3.567,339.357
-15.843,3.611,339.324
-15.862,3.644,339.302
-15.871,3.689,339.280
-15.890,3.722,339.258
-15.899,3.756,339.236
-15.918,3.800,339.214
-15.927,3.834,339.203
-15.945,3.867,339.181
-15.955,3.900,339.159
-15.964,3.945,339.137
-15.982,3.978,339.115
-15.992,4.012,339.093
-16.001,4.045,339.071
-16.019,4.079,339.049
-16.029,4.112,339.027
-16.038,4.145,339.016
-16.057,4.168,338.994
-16.066,4.201,338.983
-16.075,4.234,338.972
-16.084,4.268,338.961
-16.103,4.290,338.950
-16.112,4.323,338.939
-16.121,4.357,338.928
-16.131,4.379,338.917
-16.140,4.412,338.906
-16.158,4.446,338.895
-16.168,4.468,338.884
-16.177,4.501,338.873
-16.186,4.524,338.862
-16.195,4.546,338.851
-16.205,4.579,338.840
-16.214,4.602,338.829
-16.223,4.635,338.818
-16.232,4.657,338.796
-16.242,4.680,338.785
-16.251,4.702,338.774
-16.260,4.735,338.752
-16.269,4.757,338.741
-16.279,4.780,338.719
-16.288,4.802,338.708
-16.297,4.824,338.698
-16.307,4.847,338.676
-16.316,4.869,338.665
-16.325,4.891,338.654
-16.334,4.913,338.643
-16.344,4.936,338.632
-16.353,4.958,338.621
-16.362,4.980,338.599
-16.372,5.002,338.588
-16.371,5.025,338.577
-16.381,5.047,338.566
-16.390,5.058,338.544
-16.399,5.080,338.533
-16.399,5.091,338.511
-16.408,5.114,338.500
-16.418,5.136,338.489
-16.427,5.147,338.478
-16.427,5.169,338.456
-16.436,5.181,338.445
-16.436,5.203,338.434
-16.445,5.214,338.423
-16.455,5.225,338.412
-16.455,5.236,338.401
-16.464,5.258,338.390
-16.464,5.270,338.379
-16.473,5.281,338.368
-16.473,5.292,338.357
-16.483,5.303,338.357
-16.483,5.314,338.346
-16.492,5.325,338.335
-16.492,5.336,338.335
-16.501,5.348,338.324
-16.501,5.359,338.313
-16.501,5.370,338.302
-16.510,5.370,338.291
-16.510,5.381,338.291
-16.510,5.392,338.280
-16.520,5.392,338.280
-16.520,5.403,338.258
-16.520,5.392,338.236
-16.510,5.392,338.225
-16.510,5.381,338.269
-16.520,5.392,338.291
-16.510,5.392,338.302
-16.510,5.381,338.291
-16.510,5.392,338.291
-16.510,5.381,338.291
-16.520,5.392,338.302
-16.520,5.403,338.280
-16.520,5.392,338.291
