-341.637,1121.989,162.466
-341.563,1121.756,162.455
-341.489,1121.533,162.444
-341.425,1121.311,162.433
-341.351,1121.088,162.422
-341.287,1120.855,162.422
-341.213,1120.632,162.411
-341.149,1120.399,162.4
-341.075,1120.176,162.389
-341.011,1119.965,162.378
-340.947,1119.742,162.367
-340.873,1119.52,162.356
-340.809,1119.286,162.356
-340.735,1119.064,162.345
-340.671,1118.83,162.345
-340.597,1118.608,162.345
-340.533,1118.396,162.334
-340.468,1118.174,162.323
-340.395,1117.951,162.323
-340.321,1117.729,162.301
-340.257,1117.506,162.29
-340.192,1117.284,162.268
-340.128,1117.062,162.246
-340.054,1116.839,162.224
-339.99,1116.628,162.213
-339.916,1116.405,162.202
-339.842,1116.183,162.18
-339.778,1115.96,162.147
-339.704,1115.749,162.092
-339.64,1115.515,162.048
-339.575,1115.304,162.004
-339.502,1115.082,161.993
-339.437,1114.87,161.971
-339.373,1114.648,161.96
-339.299,1114.425,161.938
-339.235,1114.214,161.906
-339.161,1113.991,161.873
-339.087,1113.78,161.84
-339.023,1113.558,161.818
-338.958,1113.346,161.796
-338.885,1113.124,161.785
-338.82,1112.912,161.763
-338.746,1112.69,161.752
-338.673,1112.478,161.741
-338.608,1112.256,161.719
-338.534,1112.045,161.697
-338.47,1111.833,161.675
-338.396,1111.611,161.664
-338.332,1111.399,161.653
-338.258,1111.177,161.642
-338.194,1110.966,161.642
-338.12,1110.754,161.62
-338.055,1110.532,161.62
-337.991,1110.32,161.609
-337.917,1110.109,161.609
-337.853,1109.886,161.598
-337.779,1109.686,161.587
-337.714,1109.464,161.565
-337.65,1109.252,161.565
-337.576,1109.03,161.554
-337.512,1108.819,161.554
-337.438,1108.607,161.554
-337.374,1108.396,161.565
-337.309,1108.184,161.565
-337.235,1107.973,161.565
-337.171,1107.751,161.565
-337.097,1107.539,161.554
-337.033,1107.328,161.543
-336.959,1107.116,161.554
-336.894,1106.894,161.565
-336.82,1106.682,161.576
-336.756,1106.471,161.587
-336.682,1106.26,161.598
-336.618,1106.037,161.598
-336.544,1105.826,161.609
-336.48,1105.615,161.598
-336.406,1105.392,161.609
-336.332,1105.169,161.609
-336.268,1104.958,161.631
-336.203,1104.747,161.653
-336.129,1104.535,161.664
-336.065,1104.313,161.686
-335.991,1104.102,161.686
-335.917,1103.879,161.697
-335.853,1103.668,161.708
-335.779,1103.445,161.719
-335.715,1103.234,161.719
-335.641,1103.011,161.741
-335.576,1102.8,161.763
-335.503,1102.577,161.785
-335.429,1102.355,161.818
-335.365,1102.133,161.84
-335.291,1101.921,161.873
-335.226,1101.699,161.917
-335.153,1101.476,161.96
-335.079,1101.254,162.004
-335.015,1101.031,162.048
-334.941,1100.809,162.081
-334.867,1100.586,162.125
-334.803,1100.364,162.169
-334.729,1100.13,162.213
-334.665,1099.908,162.257
-334.591,1099.696,162.29
-334.527,1099.463,162.334
-334.453,1099.24,162.367
-334.389,1099.018,162.411
-334.315,1098.784,162.444
-334.251,1098.551,162.499
-334.177,1098.317,162.543
-334.113,1098.095,162.598
-334.048,1097.872,162.642
-333.975,1097.639,162.697
-333.901,1097.416,162.719
-333.837,1097.183,162.74
-333.763,1096.949,162.751
-333.699,1096.716,162.762
-333.635,1096.493,162.773
-333.571,1096.26,162.795
-333.497,1096.026,162.806
-333.423,1095.803,162.806
-333.359,1095.57,162.806
-333.285,1095.336,162.806
-333.212,1095.103,162.806
-333.147,1094.869,162.806
-333.074,1094.625,162.806
-333,1094.391,162.817
-332.936,1094.157,162.817
-332.862,1093.924,162.806
-332.798,1093.69,162.784
-332.725,1093.457,162.751
-332.651,1093.212,162.719
-332.587,1092.979,162.708
-332.513,1092.745,162.708
-332.439,1092.511,162.697
-332.375,1092.278,162.686
-332.302,1092.033,162.653
-332.228,1091.788,162.631
-332.155,1091.555,162.609
-332.091,1091.31,162.587
-332.017,1091.088,162.554
-331.943,1090.843,162.532
-331.869,1090.609,162.521
-331.796,1090.354,162.499
-331.722,1090.12,162.488
-331.649,1089.875,162.466
-331.585,1089.631,162.455
-331.501,1089.408,162.422
-331.428,1089.175,162.4
-331.354,1088.93,162.378
-331.281,1088.674,162.356
-331.207,1088.441,162.345
-331.134,1088.196,162.345
-331.06,1087.951,162.345
-330.986,1087.718,162.334
-330.913,1087.473,162.323
-330.839,1087.228,162.301
-330.766,1086.972,162.268
-330.683,1086.728,162.235
-330.609,1086.483,162.224
-330.545,1086.238,162.213
-330.462,1085.994,162.202
-330.388,1085.749,162.18
-330.305,1085.504,162.158
-330.232,1085.259,162.136
-330.149,1085.003,162.103
-330.075,1084.759,162.07
-329.992,1084.492,162.059
-329.919,1084.247,162.048
-329.836,1083.991,162.037
-329.762,1083.747,162.026
-329.679,1083.491,162.015
-329.606,1083.235,161.982
-329.513,1082.979,161.949
-329.44,1082.712,161.927
-329.357,1082.456,161.917
-329.274,1082.2,161.906
-329.191,1081.944,161.895
-329.118,1081.689,161.884
-329.035,1081.422,161.873
-328.942,1081.166,161.84
-328.86,1080.899,161.818
-328.786,1080.643,161.807
-328.694,1080.376,161.807
-328.611,1080.109,161.796
-328.528,1079.853,161.785
-328.445,1079.586,161.785
-328.362,1079.319,161.785
-328.279,1079.052,161.785
-328.187,1078.785,161.796
-328.114,1078.529,161.796
-328.021,1078.262,161.807
-327.938,1077.995,161.829
-327.856,1077.717,161.851
-327.773,1077.45,161.873
-327.681,1077.172,161.906
-327.598,1076.905,161.927
-327.505,1076.649,161.949
-327.423,1076.371,161.971
-327.34,1076.104,162.004
-327.257,1075.826,162.048
-327.174,1075.559,162.092
-327.091,1075.281,162.125
-326.999,1075.014,162.147
-326.916,1074.747,162.158
-326.833,1074.469,162.18
-326.751,1074.202,162.213
-326.696,1074.002,162.246
-326.603,1073.735,162.29
-326.52,1073.457,162.312
-326.447,1073.179,162.312
-326.365,1072.901,162.334
-326.282,1072.634,162.378
-326.189,1072.356,162.433
-326.097,1072.078,162.477
-326.015,1071.799,162.488
-325.932,1071.521,162.477
-325.849,1071.243,162.477
-325.766,1070.965,162.477
-325.684,1070.687,162.466
-325.591,1070.42,162.455
-325.509,1070.142,162.422
-325.416,1069.864,162.378
-325.334,1069.586,162.334
-325.269,1069.386,162.312
-325.186,1069.108,162.268
-325.094,1068.83,162.224
-325.011,1068.563,162.169
-324.929,1068.273,162.125
-324.836,1067.995,162.081
-324.754,1067.717,162.059
-324.671,1067.439,162.037
-324.588,1067.161,162.026
-324.496,1066.883,162.004
-324.404,1066.594,161.982
-324.321,1066.316,161.971
-324.229,1066.038,161.96
-324.146,1065.748,161.96
-324.054,1065.47,161.96
-323.971,1065.181,161.949
-323.879,1064.903,161.938
-323.796,1064.625,161.917
-323.714,1064.347,161.917
-323.621,1064.069,161.917
-323.557,1063.868,161.917
-323.465,1063.59,161.906
-323.382,1063.312,161.895
-323.29,1063.023,161.884
-323.198,1062.745,161.862
-323.105,1062.456,161.862
-323.013,1062.178,161.851
-322.921,1061.899,161.84
-322.838,1061.61,161.818
-322.746,1061.332,161.807
-322.654,1061.043,161.796
-322.562,1060.765,161.785
-322.47,1060.475,161.785
-322.387,1060.197,161.774
-322.313,1059.997,161.763
-322.22,1059.719,161.752
-322.128,1059.43,161.752
-322.046,1059.141,161.741
-321.954,1058.862,161.741
-321.861,1058.573,161.73
-321.769,1058.284,161.708
-321.677,1057.995,161.697
-321.585,1057.705,161.686
-321.493,1057.416,161.686
-321.41,1057.127,161.675
-321.318,1056.849,161.664
-321.253,1056.649,161.653
-321.161,1056.371,161.631
-321.106,1056.17,161.62
-321.014,1055.881,161.598
-320.912,1055.592,161.587
-320.82,1055.291,161.587
-320.728,1055.002,161.565
-320.636,1054.713,161.554
-320.544,1054.424,161.532
-320.452,1054.146,161.51
-320.397,1053.945,161.51
-320.295,1053.656,161.51
-320.203,1053.356,161.51
-320.139,1053.156,161.51
-320.046,1052.866,161.51
-319.954,1052.577,161.499
-319.853,1052.288,161.499
-319.761,1051.999,161.499
-319.668,1051.709,161.499
-319.567,1051.409,161.488
-319.512,1051.209,161.488
-319.447,1051.008,161.477
-319.346,1050.719,161.466
-319.291,1050.519,161.466
-319.198,1050.241,161.455
-319.097,1049.951,161.455
-319.032,1049.751,161.455
-318.94,1049.451,161.444
-318.876,1049.251,161.444
-318.811,1049.05,161.455
-318.747,1048.85,161.455
-318.655,1048.561,161.477
-318.553,1048.283,161.499
-318.488,1048.082,161.521
-318.396,1047.793,161.554
-318.332,1047.593,161.576
-318.267,1047.382,161.609
-318.203,1047.181,161.631
-318.138,1046.981,161.653
-318.074,1046.781,161.675
-318.009,1046.581,161.697
-317.917,1046.291,161.73
-317.825,1046.002,161.752
-317.76,1045.802,161.774
-317.696,1045.602,161.796
-317.631,1045.401,161.818
-317.567,1045.201,161.829
-317.502,1045.001,161.851
-317.447,1044.801,161.873
-317.383,1044.6,161.884
-317.291,1044.311,161.906
-317.226,1044.111,161.927
-317.162,1043.911,161.938
-317.107,1043.711,161.949
-317.042,1043.51,161.971
-316.978,1043.31,161.982
-316.913,1043.11,161.993
-316.849,1042.91,162.004
-316.794,1042.709,162.015
-316.692,1042.42,162.015
-316.627,1042.22,162.015
-316.572,1042.02,162.026
-316.508,1041.819,162.037
-316.443,1041.619,162.037
-316.388,1041.419,162.048
-316.324,1041.219,162.059
-316.259,1041.019,162.059
-316.195,1040.818,162.059
-316.13,1040.618,162.059
-316.066,1040.418,162.07
-316.011,1040.218,162.07
-315.946,1040.017,162.07
-315.882,1039.817,162.07
-315.817,1039.617,162.07
-315.762,1039.417,162.081
-315.698,1039.217,162.081
-315.633,1039.016,162.081
-315.569,1038.816,162.092
-315.504,1038.616,162.092
-315.44,1038.416,162.103
-315.375,1038.215,162.103
-315.32,1038.015,162.114
-315.256,1037.815,162.125
-315.191,1037.615,162.136
-315.127,1037.403,162.147
-315.062,1037.203,162.158
-315.007,1037.003,162.169
-314.943,1036.803,162.191
-314.878,1036.602,162.202
-314.777,1036.313,162.213
-314.722,1036.113,162.224
-314.657,1035.913,162.235
-314.593,1035.712,162.235
-314.528,1035.501,162.257
-314.464,1035.29,162.257
-314.409,1035.09,162.279
-314.344,1034.878,162.29
-314.28,1034.678,162.301
-314.188,1034.389,162.312
-314.123,1034.189,162.323
-314.059,1033.988,162.334
-313.994,1033.777,162.345
-313.939,1033.577,162.345
-313.875,1033.377,162.367
-313.82,1033.165,162.378
-313.755,1032.965,162.389
-313.691,1032.765,162.411
-313.627,1032.554,162.444
-313.562,1032.353,162.466
-313.498,1032.153,162.488
-313.433,1031.953,162.51
-313.378,1031.742,162.521
-313.314,1031.541,162.543
-313.259,1031.341,162.565
-313.194,1031.141,162.587
-313.13,1030.941,162.598
-313.065,1030.729,162.62
-313.01,1030.529,162.642
-312.946,1030.318,162.664
-312.881,1030.107,162.686
-312.826,1029.906,162.708
-312.762,1029.695,162.719
-312.698,1029.495,162.74
-312.643,1029.295,162.762
-312.578,1029.083,162.773
-312.523,1028.883,162.795
-312.459,1028.683,162.828
-312.394,1028.472,162.85
-312.302,1028.171,162.872
-312.247,1027.971,162.883
-312.183,1027.771,162.894
-312.128,1027.571,162.894
-312.063,1027.348,162.894
-311.999,1027.137,162.894
-311.935,1026.937,162.905
-311.88,1026.726,162.905
-311.815,1026.525,162.916
-311.751,1026.325,162.916
-311.696,1026.125,162.894
-311.631,1025.925,162.883
-311.567,1025.724,162.872
-311.512,1025.513,162.872
-311.447,1025.313,162.883
-311.392,1025.102,162.883
-311.328,1024.901,162.883
-311.263,1024.69,162.872
-311.199,1024.49,162.85
-311.144,1024.268,162.817
-311.089,1024.056,162.784
-311.025,1023.856,162.762
-310.96,1023.645,162.74
-310.905,1023.445,162.729
-310.841,1023.244,162.719
-310.776,1023.044,162.697
-310.712,1022.833,162.664
-310.648,1022.633,162.631
-310.593,1022.421,162.587
-310.528,1022.199,162.554
-310.464,1021.999,162.532
-310.409,1021.787,162.51
-310.344,1021.587,162.499
-310.28,1021.376,162.477
-310.216,1021.176,162.455
-310.151,1020.975,162.422
-310.096,1020.775,162.389
-310.032,1020.564,162.367
-309.967,1020.364,162.345
-309.903,1020.152,162.334
-309.839,1019.93,162.334
-309.774,1019.719,162.334
-309.71,1019.507,162.334
-309.645,1019.296,162.334
-309.553,1019.007,162.334
-309.489,1018.795,162.334
-309.424,1018.595,162.334
-309.36,1018.384,162.334
-309.305,1018.173,162.334
-309.231,1017.961,162.334
-309.167,1017.75,162.334
-309.102,1017.549,162.323
-309.038,1017.338,162.323
-308.973,1017.127,162.312
-308.909,1016.927,162.312
-308.844,1016.715,162.312
-308.78,1016.515,162.301
-308.716,1016.304,162.29
-308.661,1016.092,162.279
-308.596,1015.881,162.268
-308.532,1015.67,162.257
-308.468,1015.458,162.246
-308.403,1015.247,162.224
-308.339,1015.036,162.213
-308.274,1014.836,162.202
-308.21,1014.624,162.191
-308.145,1014.424,162.18
-308.081,1014.213,162.158
-308.017,1014.001,162.147
-307.943,1013.79,162.125
-307.878,1013.579,162.114
-307.814,1013.367,162.103
-307.749,1013.156,162.092
-307.685,1012.945,162.081
-307.62,1012.744,162.059
-307.556,1012.533,162.048
-307.482,1012.321,162.026
-307.418,1012.11,162.015
-307.353,1011.899,161.993
-307.289,1011.699,161.971
-307.224,1011.487,161.96
-307.16,1011.276,161.938
-307.086,1011.064,161.927
-307.022,1010.853,161.906
-306.957,1010.642,161.906
-306.893,1010.43,161.884
-306.829,1010.219,161.873
-306.755,1010.008,161.862
-306.69,1009.796,161.84
-306.626,1009.596,161.818
-306.561,1009.385,161.807
-306.497,1009.173,161.785
-306.423,1008.962,161.774
-306.359,1008.751,161.763
-306.294,1008.539,161.752
-306.23,1008.328,161.741
-306.156,1008.117,161.73
-306.091,1007.905,161.719
-306.027,1007.694,161.708
-305.953,1007.494,161.697
-305.889,1007.282,161.686
-305.824,1007.071,161.686
-305.75,1006.859,161.686
-305.686,1006.648,161.686
-305.612,1006.426,161.675
-305.548,1006.214,161.675
-305.483,1006.003,161.675
-305.409,1005.792,161.664
-305.345,1005.58,161.653
-305.281,1005.38,161.653
-305.216,1005.169,161.653
-305.152,1004.957,161.653
-305.078,1004.746,161.653
-305.013,1004.534,161.653
-304.949,1004.312,161.653
-304.875,1004.101,161.653
-304.811,1003.889,161.653
-304.747,1003.667,161.653
-304.673,1003.455,161.653
-304.608,1003.255,161.653
-304.544,1003.055,161.653
-304.47,1002.844,161.653
-304.405,1002.632,161.653
-304.341,1002.421,161.664
-304.267,1002.198,161.664
-304.193,1001.976,161.664
-304.129,1001.764,161.664
-304.064,1001.553,161.653
-303.991,1001.342,161.653
-303.926,1001.141,161.653
-303.862,1000.93,161.664
-303.788,1000.719,161.664
-303.723,1000.507,161.675
-303.659,1000.296,161.675
-303.585,1000.073,161.686
-303.521,999.862,161.697
-303.456,999.651,161.697
-303.382,999.439,161.697
-303.318,999.217,161.708
-303.254,999.017,161.719
-303.18,998.805,161.719
-303.115,998.594,161.73
-303.051,998.372,161.741
-302.977,998.16,161.752
-302.913,997.949,161.752
-302.839,997.737,161.763
-302.774,997.526,161.763
-302.71,997.315,161.774
-302.636,997.103,161.774
-302.572,996.881,161.785
-302.507,996.669,161.796
-302.433,996.458,161.796
-302.369,996.247,161.807
-302.305,996.035,161.807
-302.231,995.824,161.807
-302.166,995.613,161.807
-302.092,995.401,161.807
-302.028,995.19,161.818
-301.964,994.979,161.818
-301.89,994.756,161.818
-301.825,994.545,161.829
-301.751,994.333,161.829
-301.687,994.122,161.829
-301.623,993.911,161.818
-301.558,993.688,161.829
-301.484,993.477,161.829
-301.42,993.265,161.829
-301.356,993.054,161.829
-301.282,992.843,161.829
-301.208,992.631,161.829
-301.143,992.42,161.829
-301.079,992.208,161.818
-301.005,991.986,161.818
-300.941,991.775,161.807
-300.876,991.563,161.818
-300.812,991.352,161.807
-300.748,991.141,161.818
-300.674,990.929,161.818
-300.609,990.718,161.818
-300.535,990.506,161.807
-300.471,990.295,161.807
-300.407,990.084,161.796
-300.333,989.872,161.785
-300.268,989.661,161.785
-300.204,989.439,161.774
-300.13,989.227,161.774
-300.066,989.016,161.763
-300.001,988.804,161.752
-299.927,988.593,161.752
-299.863,988.382,161.741
-299.799,988.17,161.741
-299.734,987.959,161.73
-299.66,987.748,161.73
-299.596,987.536,161.719
-299.522,987.314,161.719
-299.448,987.102,161.708
-299.384,986.891,161.697
-299.319,986.68,161.697
-299.245,986.468,161.697
-299.191,986.257,161.697
-299.117,986.046,161.708
-299.052,985.834,161.708
-298.978,985.623,161.708
-298.914,985.411,161.697
-298.84,985.189,161.697
-298.776,984.978,161.697
-298.702,984.766,161.697
-298.637,984.555,161.708
-298.573,984.343,161.708
-298.509,984.132,161.719
-298.435,983.921,161.73
-298.37,983.709,161.73
-298.306,983.498,161.741
-298.232,983.287,161.741
-298.158,983.064,161.741
-298.094,982.853,161.752
-298.029,982.641,161.752
-297.955,982.43,161.763
-297.891,982.219,161.774
-297.827,981.996,161.785
-297.762,981.785,161.796
-297.689,981.562,161.807
-297.624,981.351,161.818
-297.55,981.14,161.829
-297.486,980.939,161.84
-297.421,980.717,161.851
-297.357,980.506,161.862
-297.283,980.294,161.873
-297.219,980.083,161.895
-297.145,979.86,161.895
-297.081,979.649,161.906
-297.016,979.438,161.917
-296.942,979.226,161.927
-296.878,979.015,161.938
-296.813,978.804,161.938
-296.739,978.592,161.949
-296.675,978.37,161.96
-296.611,978.158,161.971
-296.546,977.947,161.971
-296.473,977.736,161.993
-296.408,977.513,162.004
-296.344,977.302,162.004
-296.279,977.091,162.015
-296.206,976.879,162.026
-296.141,976.657,162.026
-296.067,976.445,162.037
-296.003,976.234,162.048
-295.939,976.023,162.059
-295.874,975.811,162.07
-295.81,975.6,162.081
-295.736,975.388,162.081
-295.671,975.177,162.092
-295.607,974.966,162.103
-295.543,974.743,162.114
-295.469,974.532,162.125
-295.405,974.31,162.136
-295.34,974.098,162.147
-295.266,973.887,162.158
-295.202,973.675,162.169
-295.137,973.464,162.18
-295.073,973.242,162.18
-295.009,973.03,162.191
-294.944,972.819,162.202
-294.88,972.608,162.213
-294.806,972.396,162.224
-294.742,972.185,162.235
-294.677,971.974,162.257
-294.613,971.751,162.268
-294.549,971.54,162.279
-294.475,971.317,162.29
-294.41,971.106,162.301
-294.346,970.895,162.312
-294.272,970.672,162.312
-294.208,970.461,162.323
-294.153,970.261,162.323
-294.089,970.038,162.334
-294.015,969.827,162.345
-293.95,969.615,162.356
-293.886,969.404,162.367
-293.812,969.17,162.378
-293.748,968.959,162.378
-293.683,968.748,162.378
-293.619,968.537,162.378
-293.555,968.314,162.389
-293.49,968.103,162.389
-293.426,967.891,162.389
-293.352,967.68,162.389
-293.288,967.469,162.389
-293.223,967.246,162.378
-293.159,967.035,162.378
-293.095,966.812,162.367
-293.021,966.601,162.367
-292.956,966.39,162.356
-292.892,966.178,162.356
-292.827,965.967,162.356
-292.763,965.756,162.345
-292.699,965.533,162.334
-292.634,965.322,162.323
-292.561,965.111,162.323
-292.506,964.888,162.312
-292.441,964.677,162.312
-292.377,964.466,162.301
-292.303,964.254,162.301
-292.239,964.043,162.301
-292.174,963.82,162.301
-292.11,963.609,162.301
-292.036,963.398,162.29
-291.972,963.175,162.29
-291.907,962.964,162.29
-291.843,962.753,162.301
-291.779,962.541,162.301
-291.714,962.33,162.301
-291.65,962.119,162.301
-291.586,961.896,162.301
-291.521,961.674,162.301
-291.457,961.451,162.301
-291.383,961.24,162.312
-291.319,961.017,162.312
-291.254,960.806,162.312
-291.19,960.606,162.312
-291.125,960.395,162.301
-291.052,960.183,162.301
-290.987,959.961,162.301
-290.923,959.749,162.301
-290.859,959.527,162.301
-290.794,959.316,162.29
-290.73,959.093,162.29
-290.666,958.882,162.29
-290.592,958.67,162.279
-290.527,958.448,162.268
-290.463,958.237,162.257
-290.389,958.025,162.257
-290.325,957.803,162.257
-290.26,957.591,162.257
-290.196,957.38,162.257
-290.132,957.169,162.257
-290.067,956.957,162.246
-290.003,956.735,162.235
-289.938,956.524,162.213
-289.865,956.29,162.191
-289.8,956.079,162.169
-289.736,955.867,162.147
-289.672,955.645,162.125
-289.598,955.434,162.103
-289.533,955.233,162.07
-289.459,955.011,162.037
-289.395,954.799,162.004
-289.331,954.588,161.971
-289.257,954.377,161.949
-289.192,954.165,161.938
-289.128,953.943,161.917
-289.064,953.732,161.895
-288.99,953.52,161.873
-288.925,953.309,161.84
-288.861,953.075,161.807
-288.787,952.853,161.796
-288.723,952.641,161.785
-288.649,952.419,161.774
-288.585,952.208,161.763
-288.511,952.018,161.741
-288.437,951.796,161.708
-288.363,951.584,161.664
-288.299,951.373,161.62
-288.225,951.151,161.587
-288.16,950.928,161.554
-288.087,950.706,161.543
-288.022,950.494,161.521
-287.948,950.272,161.488
-287.884,950.06,161.455
-287.82,949.849,161.422
-287.755,949.627,161.389
-287.681,949.415,161.378
-287.617,949.193,161.367
-287.543,948.981,161.356
-287.47,948.748,161.334
-287.396,948.536,161.323
-287.322,948.314,161.312
-287.257,948.102,161.29
-287.184,947.88,161.29
-287.11,947.669,161.279
-287.045,947.446,161.279
-286.972,947.235,161.268
-286.898,947.012,161.257
-286.824,946.801,161.246
-286.76,946.578,161.235
-286.686,946.356,161.224
-286.612,946.144,161.213
-286.548,945.922,161.213
-286.474,945.699,161.224
-286.4,945.488,161.224
-286.326,945.265,161.235
-286.262,945.043,161.246
-286.188,944.832,161.246
-286.114,944.609,161.257
-286.04,944.387,161.257
-285.966,944.164,161.268
-285.893,943.942,161.29
-285.819,943.719,161.301
-285.745,943.496,161.323
-285.671,943.285,161.345
-285.597,943.063,161.367
-285.533,942.84,161.389
-285.459,942.629,161.411
-285.385,942.406,161.433
-285.312,942.173,161.444
-285.238,941.961,161.466
-285.164,941.739,161.488
-285.09,941.516,161.51
-285.016,941.294,161.532
-284.952,941.06,161.554
-284.878,940.837,161.576
-284.804,940.615,161.598
-284.731,940.392,161.609
-284.666,940.17,161.62
-284.593,939.948,161.631
-284.519,939.725,161.642
-284.445,939.502,161.664
-284.381,939.28,161.686
-284.307,939.058,161.697
-284.233,938.835,161.719
-284.159,938.601,161.73
-284.095,938.379,161.752
-284.021,938.156,161.763
-283.947,937.934,161.785
-283.874,937.711,161.796
-283.81,937.478,161.818
-283.736,937.255,161.84
-283.662,937.033,161.862
-283.588,936.81,161.884
-283.514,936.588,161.895
-283.45,936.365,161.906
-283.376,936.132,161.927
-283.303,935.909,161.938
-283.238,935.687,161.96
-283.165,935.453,161.982
-283.091,935.231,162.004
-283.017,934.997,162.015
-282.943,934.775,162.037
-282.879,934.552,162.048
-282.805,934.319,162.07
-282.732,934.096,162.081
-282.667,933.874,162.103
-282.594,933.64,162.114
-282.52,933.418,162.136
-282.446,933.184,162.147
-282.382,932.962,162.158
-282.308,932.728,162.169
-282.234,932.505,162.18
-282.17,932.272,162.18
-282.096,932.049,162.191
-282.023,931.816,162.202
-281.949,931.593,162.202
-281.885,931.371,162.213
-281.811,931.137,162.213
-281.747,930.915,162.224
-281.673,930.681,162.235
-281.599,930.459,162.235
-281.535,930.225,162.246
-281.461,930.003,162.246
-281.387,929.78,162.246
-281.323,929.558,162.246
-281.249,929.324,162.257
-281.185,929.102,162.257
-281.111,928.879,162.257
-281.038,928.646,162.257
-280.964,928.412,162.257
-280.9,928.19,162.257
-280.826,927.956,162.257
-280.762,927.734,162.257
-280.688,927.511,162.257
-280.624,927.289,162.257
-280.55,927.066,162.257
-280.486,926.844,162.257
-280.412,926.61,162.257
-280.338,926.388,162.246
-280.264,926.154,162.246
-280.2,925.931,162.235
-280.126,925.709,162.235
-280.062,925.475,162.224
-279.988,925.264,162.224
-279.924,925.031,162.224
-279.85,924.808,162.224
-279.786,924.586,162.213
-279.712,924.363,162.213
-279.639,924.129,162.202
-279.574,923.907,162.191
-279.501,923.673,162.191
-279.427,923.451,162.18
-279.363,923.229,162.18
-279.298,923.006,162.18
-279.225,922.772,162.169
-279.151,922.55,162.169
-279.086,922.328,162.158
-279.013,922.105,162.158
-278.939,921.883,162.147
-278.875,921.66,162.147
-278.801,921.426,162.136
-278.727,921.204,162.136
-278.663,920.982,162.136
-278.589,920.737,162.136
-278.515,920.514,162.125
-278.451,920.292,162.114
-278.377,920.058,162.103
-278.313,919.836,162.103
-278.239,919.624,162.092
-278.165,919.402,162.081
-278.101,919.168,162.081
-278.028,918.946,162.081
-277.954,918.723,162.07
-277.88,918.49,162.07
-277.816,918.256,162.059
-277.742,918.034,162.048
-277.668,917.811,162.037
-277.604,917.578,162.026
-277.53,917.355,162.015
-277.457,917.133,162.015
-277.392,916.91,162.015
-277.319,916.677,162.004
-277.245,916.454,161.993
-277.171,916.221,161.993
-277.107,915.998,161.982
-277.033,915.776,161.971
-276.959,915.542,161.96
-276.886,915.319,161.96
-276.821,915.097,161.949
-276.748,914.863,161.949
-276.674,914.641,161.938
-276.6,914.407,161.927
-276.536,914.185,161.917
-276.462,913.951,161.917
-276.388,913.729,161.906
-276.314,913.506,161.895
-276.241,913.273,161.895
-276.167,913.05,161.884
-276.103,912.817,161.873
-276.029,912.594,161.862
-275.955,912.361,161.851
-275.882,912.138,161.84
-275.817,911.904,161.818
-275.744,911.682,161.807
-275.67,911.459,161.796
-275.596,911.226,161.785
-275.522,911.003,161.774
-275.449,910.77,161.763
-275.375,910.547,161.752
-275.311,910.314,161.73
-275.237,910.091,161.719
-275.163,909.858,161.708
-275.089,909.635,161.697
-275.016,909.401,161.675
-274.942,909.179,161.664
-274.868,908.945,161.664
-274.794,908.723,161.653
-274.73,908.5,161.653
-274.647,908.267,161.642
-274.573,908.033,161.642
-274.499,907.811,161.642
-274.435,907.577,161.642
-274.361,907.355,161.653
-274.288,907.132,161.653
-274.214,906.898,161.664
-274.14,906.676,161.675
-274.066,906.442,161.675
-273.993,906.22,161.686
-273.919,905.986,161.686
-273.845,905.753,161.697
-273.772,905.519,161.697
-273.698,905.296,161.708
-273.624,905.063,161.719
-273.55,904.84,161.73
-273.477,904.618,161.741
-273.403,904.384,161.752
-273.329,904.151,161.763
-273.255,903.928,161.774
-273.182,903.694,161.774
-273.108,903.461,161.785
-273.034,903.238,161.796
-272.96,903.005,161.807
-272.896,902.771,161.807
-272.823,902.549,161.818
-272.749,902.315,161.829
-272.675,902.081,161.84
-272.601,901.859,161.84
-272.528,901.625,161.851
-272.454,901.403,161.862
-272.38,901.169,161.862
-272.307,900.936,161.873
-272.233,900.713,161.884
-272.169,900.48,161.895
-272.095,900.246,161.906
-272.021,900.023,161.917
-271.947,899.79,161.927
-271.874,899.556,161.938
-271.8,899.334,161.949
-271.736,899.1,161.96
-271.662,898.867,161.971
-271.588,898.644,161.993
-271.515,898.41,162.004
-271.441,898.177,162.026
-271.367,897.943,162.037
-271.293,897.721,162.059
-271.22,897.487,162.07
-271.156,897.254,162.081
-271.082,897.031,162.103
-271.008,896.798,162.125
-270.934,896.564,162.158
-270.861,896.341,162.169
-270.796,896.108,162.191
-270.723,895.874,162.213
-270.649,895.641,162.235
-270.575,895.407,162.246
-270.502,895.173,162.268
-270.428,894.951,162.29
-270.364,894.717,162.312
-270.29,894.484,162.334
-270.216,894.261,162.345
-270.152,894.028,162.367
-270.078,893.794,162.378
-270.005,893.561,162.4
-269.931,893.327,162.411
-269.867,893.093,162.433
-269.793,892.871,162.444
-269.719,892.637,162.466
-269.655,892.404,162.477
-269.582,892.17,162.499
-269.517,891.937,162.51
-269.444,891.703,162.532
-269.37,891.47,162.543
-269.306,891.236,162.554
-269.232,891.014,162.565
-269.158,890.78,162.576
-269.094,890.546,162.598
-269.02,890.324,162.609
-268.947,890.09,162.62
-268.883,889.846,162.642
-268.809,889.612,162.653
-268.745,889.379,162.664
-268.671,889.145,162.675
-268.597,888.922,162.697
-268.533,888.689,162.708
-268.46,888.455,162.719
-268.395,888.222,162.729
-268.322,887.988,162.751
-268.248,887.755,162.762
-268.174,887.521,162.762
-268.11,887.288,162.773
-268.037,887.054,162.784
-267.963,886.82,162.795
-267.899,886.587,162.806
-267.834,886.364,162.828
-267.761,886.131,162.828
-267.697,885.897,162.839
-267.623,885.664,162.839
-267.559,885.441,162.839
-267.476,885.185,162.839
-267.412,884.952,162.839
-267.338,884.718,162.85
-267.274,884.485,162.85
-267.2,884.251,162.85
-267.136,884.029,162.85
-267.062,883.795,162.839
-266.998,883.562,162.828
-266.924,883.328,162.828
-266.851,883.094,162.817
-266.786,882.861,162.806
-266.713,882.627,162.806
-266.639,882.394,162.795
-266.575,882.16,162.784
-266.501,881.927,162.773
-266.437,881.693,162.762
-266.363,881.46,162.751
-266.299,881.226,162.74
-266.225,880.992,162.729
-266.161,880.759,162.729
-266.088,880.536,162.719
-266.014,880.303,162.708
-265.95,880.069,162.697
-265.876,879.836,162.686
-265.802,879.602,162.675
-265.738,879.369,162.664
-265.664,879.135,162.653
-265.591,878.901,162.631
-265.527,878.668,162.62
-265.453,878.434,162.62
-265.389,878.212,162.609
-265.315,877.978,162.598
-265.241,877.745,162.587
-265.177,877.511,162.576
-265.104,877.278,162.565
-265.03,877.033,162.543
-264.966,876.799,162.532
-264.892,876.577,162.521
-264.818,876.343,162.51
-264.754,876.11,162.51
-264.68,875.876,162.499
-264.607,875.643,162.488
-264.543,875.409,162.466
-264.469,875.175,162.455
-264.395,874.942,162.444
-264.322,874.708,162.433
-264.248,874.475,162.422
-264.184,874.241,162.411
-264.11,874.019,162.389
-264.036,873.785,162.367
-263.972,873.54,162.356
-263.899,873.307,162.334
-263.825,873.073,162.312
-263.751,872.84,162.29
-263.687,872.606,162.268
-263.613,872.372,162.257
-263.54,872.139,162.235
-263.466,871.916,162.213
-263.392,871.683,162.191
-263.318,871.449,162.169
-263.245,871.204,162.147
-263.181,870.982,162.125
-263.107,870.748,162.103
-263.033,870.515,162.081
-262.96,870.281,162.059
-262.895,870.048,162.037
-262.822,869.814,162.015
-262.748,869.581,161.993
-262.674,869.347,161.982
-262.601,869.113,161.96
-262.527,868.891,161.938
-262.453,868.657,161.917
-262.38,868.424,161.906
-262.306,868.19,161.884
-262.232,867.956,161.873
-262.158,867.723,161.873
-262.085,867.5,161.862
-262.011,867.267,161.84
-261.937,867.033,161.829
-261.864,866.799,161.818
-261.799,866.566,161.807
-261.726,866.332,161.807
-261.652,866.099,161.807
-261.578,865.865,161.807
-261.505,865.643,161.796
-261.431,865.398,161.796
-261.357,865.175,161.785
-261.284,864.942,161.785
-261.21,864.708,161.774
-261.136,864.475,161.774
-261.053,864.252,161.785
-260.989,864.018,161.785
-260.915,863.796,161.785
-260.841,863.562,161.796
-260.768,863.329,161.796
-260.684,863.084,161.807
-260.611,862.85,161.807
-260.537,862.617,161.818
-260.463,862.383,161.818
-260.39,862.149,161.829
-260.325,861.927,161.84
-260.252,861.693,161.862
-260.178,861.46,161.873
-260.104,861.226,161.884
-260.031,860.993,161.895
-259.957,860.77,161.895
-259.883,860.537,161.906
-259.809,860.314,161.917
-259.736,860.08,161.927
-259.662,859.847,161.927
-259.588,859.613,161.938
-259.515,859.38,161.949
-259.441,859.146,161.96
-259.367,858.912,161.96
-259.294,858.679,161.971
-259.22,858.456,161.971
-259.146,858.223,161.982
-259.082,857.989,161.993
-259.008,857.756,162.004
-258.934,857.533,162.015
-258.861,857.299,162.026
-258.787,857.066,162.037
-258.713,856.843,162.037
-258.64,856.61,162.048
-258.575,856.376,162.048
-258.492,856.142,162.059
-258.419,855.909,162.07
-258.354,855.686,162.081
-258.281,855.453,162.081
-258.207,855.219,162.081
-258.133,854.986,162.092
-258.069,854.763,162.092
-257.995,854.53,162.092
-257.922,854.296,162.103
-257.848,854.073,162.103
-257.784,853.84,162.114
-257.71,853.617,162.114
-257.636,853.384,162.114
-257.562,853.15,162.114
-257.489,852.928,162.114
-257.415,852.683,162.114
-257.341,852.46,162.125
-257.277,852.227,162.125
-257.203,851.993,162.125
-257.13,851.771,162.125
-257.065,851.537,162.125
-256.992,851.304,162.125
-256.918,851.07,162.125
-256.844,850.848,162.125
-256.771,850.614,162.114
-256.697,850.38,162.114
-256.633,850.158,162.114
-256.559,849.924,162.114
-256.485,849.691,162.114
-256.411,849.468,162.114
-256.347,849.235,162.114
-256.274,849.001,162.114
-256.2,848.768,162.114
-256.126,848.534,162.114
-256.062,848.312,162.103
-255.988,848.078,162.103
-255.915,847.855,162.114
-255.85,847.622,162.114
-255.777,847.399,162.114
-255.703,847.166,162.114
-255.629,846.932,162.103
-255.556,846.699,162.103
-255.482,846.465,162.103
-255.408,846.242,162.103
-255.334,846.009,162.103
-255.27,845.786,162.103
-255.196,845.553,162.103
-255.123,845.33,162.114
-255.058,845.097,162.103
-254.985,844.863,162.103
-254.902,844.618,162.103
-254.837,844.396,162.103
-254.764,844.162,162.103
-254.69,843.929,162.103
-254.616,843.695,162.103
-254.552,843.473,162.103
-254.478,843.239,162.103
-254.405,843.017,162.103
-254.331,842.783,162.103
-254.257,842.549,162.092
-254.193,842.327,162.103
-254.119,842.093,162.092
-254.046,841.86,162.103
-253.972,841.637,162.092
-253.908,841.404,162.092
-253.834,841.159,162.092
-253.76,840.925,162.092
-253.687,840.692,162.092
-253.613,840.469,162.081
-253.539,840.236,162.081
-253.475,840.013,162.081
-253.401,839.78,162.081
-253.328,839.546,162.081
-253.254,839.313,162.081
-253.18,839.09,162.081
-253.116,838.856,162.081
-253.042,838.623,162.081
-252.969,838.389,162.07
-252.895,838.156,162.07
-252.821,837.922,162.059
-252.747,837.688,162.059
-252.674,837.466,162.059
-252.609,837.232,162.059
-252.536,836.999,162.059
-252.462,836.765,162.048
-252.388,836.532,162.037
-252.315,836.298,162.037
-252.241,836.064,162.037
-252.167,835.831,162.037
-252.094,835.597,162.037
-252.02,835.364,162.037
-251.946,835.13,162.026
-251.873,834.896,162.026
-251.799,834.663,162.015
-251.725,834.429,162.015
-251.652,834.196,162.004
-251.578,833.973,162.004
-251.504,833.739,162.004
-251.43,833.506,162.004
-251.357,833.272,162.004
-251.283,833.028,162.004
-251.209,832.794,162.004
-251.136,832.56,161.993
-251.062,832.327,161.993
-250.988,832.093,161.993
-250.915,831.86,161.982
-250.841,831.626,161.982
-250.767,831.392,161.982
-250.694,831.159,161.982
-250.62,830.925,161.982
-250.547,830.669,161.982
-250.473,830.436,161.982
-250.399,830.202,161.971
-250.326,829.969,161.96
-250.252,829.735,161.96
-250.178,829.501,161.96
-250.104,829.268,161.96
-250.031,829.034,161.96
-249.957,828.8,161.96
-249.884,828.556,161.949
-249.8,828.311,161.949
-249.727,828.077,161.938
-249.653,827.833,161.927
-249.58,827.599,161.927
-249.506,827.365,161.927
-249.432,827.132,161.927
-249.358,826.898,161.927
-249.285,826.665,161.927
-249.211,826.431,161.917
-249.137,826.197,161.917
-249.054,825.942,161.917
-248.981,825.708,161.906
-248.907,825.474,161.906
-248.833,825.23,161.906
-248.76,824.996,161.906
-248.686,824.762,161.906
-248.612,824.529,161.895
-248.539,824.295,161.895
-248.465,824.051,161.884
-248.392,823.817,161.884
-248.308,823.572,161.884
-248.235,823.339,161.873
-248.161,823.094,161.873
-248.087,822.86,161.862
-248.004,822.627,161.851
-247.94,822.393,161.851
-247.866,822.159,161.851
-247.783,821.926,161.851
-247.71,821.692,161.851
-247.636,821.447,161.862
-247.562,821.203,161.851
-247.479,820.969,161.862
-247.406,820.724,161.862
-247.332,820.491,161.862
-247.258,820.257,161.862
-247.175,820.023,161.862
-247.101,819.79,161.851
-247.028,819.556,161.851
-246.945,819.311,161.84
-246.871,819.078,161.84
-246.807,818.833,161.84
-246.724,818.6,161.84
-246.65,818.355,161.84
-246.576,818.121,161.84
-246.503,817.888,161.84
-246.429,817.643,161.84
-246.355,817.409,161.84
-246.282,817.176,161.84
-246.208,816.931,161.851
-246.125,816.697,161.851
-246.051,816.453,161.84
-245.978,816.208,161.84
-245.904,815.974,161.84
-245.821,815.73,161.84
-245.747,815.496,161.851
-245.674,815.262,161.851
-245.6,815.018,161.851
-245.526,814.784,161.851
-245.443,814.539,161.862
-245.37,814.306,161.862
-245.296,814.05,161.873
-245.213,813.805,161.873
-245.139,813.571,161.884
-245.066,813.327,161.884
-244.992,813.082,161.895
-244.928,812.86,161.895
-244.855,812.615,161.906
-244.771,812.381,161.917
-244.698,812.148,161.927
-244.624,811.903,161.938
-244.531,811.658,161.949
-244.458,811.413,161.949
-244.384,811.18,161.949
-244.311,810.935,161.96
-244.237,810.702,161.971
-244.163,810.457,161.971
-244.08,810.212,161.982
-244.007,809.978,161.982
-243.933,809.734,161.982
-243.859,809.5,161.993
-243.786,809.255,161.993
-243.712,809.022,161.993
-243.639,808.777,161.993
-243.555,808.543,161.993
-243.482,808.299,161.993
-243.408,808.065,161.982
-243.335,807.82,161.982
-243.261,807.587,161.971
-243.187,807.342,161.971
-243.104,807.108,161.971
-243.03,806.875,161.96
-242.957,806.63,161.949
-242.874,806.396,161.938
-242.8,806.152,161.917
-242.726,805.918,161.906
-242.653,805.673,161.895
-242.579,805.429,161.895
-242.506,805.195,161.884
-242.432,804.962,161.884
-242.349,804.717,161.884
-242.275,804.483,161.873
-242.201,804.25,161.873
-242.128,804.016,161.862
-242.054,803.771,161.862
-241.98,803.538,161.851
-241.897,803.293,161.851
-241.824,803.059,161.84
-241.75,802.826,161.84
-241.676,802.592,161.84
-241.593,802.347,161.851
-241.529,802.114,161.851
-241.446,801.88,161.851
-241.372,801.646,161.862
-241.299,801.402,161.862
-241.225,801.168,161.873
-241.151,800.935,161.873
-241.078,800.701,161.884
-241.004,800.467,161.895
-240.93,800.234,161.895
-240.856,800,161.906
-240.773,799.755,161.906
-240.7,799.522,161.917
-240.626,799.288,161.917
-240.552,799.054,161.927
-240.479,798.821,161.938
-240.405,798.587,161.949
-240.331,798.354,161.96
-240.258,798.12,161.971
-240.184,797.886,161.971
-240.11,797.653,161.982
-240.037,797.408,161.982
-239.953,797.174,161.993
-239.88,796.941,162.004
-239.806,796.707,162.015
-239.732,796.474,162.015
-239.659,796.24,162.026
-239.585,796.006,162.026
-239.511,795.773,162.037
-239.438,795.539,162.048
-239.364,795.306,162.048
-239.29,795.072,162.059
-239.217,794.838,162.07
-239.152,794.605,162.081
-239.079,794.371,162.081
-239.005,794.149,162.092
-238.931,793.904,162.092
-238.858,793.67,162.103
-238.784,793.437,162.114
-238.71,793.203,162.125
-238.637,792.97,162.125
-238.563,792.736,162.136
-238.489,792.502,162.147
-238.416,792.269,162.158
-238.342,792.035,162.158
-238.278,791.802,162.169
-238.195,791.568,162.169
-238.121,791.334,162.18
-238.057,791.101,162.18
-237.983,790.878,162.18
-237.909,790.645,162.191
-237.845,790.411,162.191
-237.771,790.178,162.191
-237.698,789.944,162.191
-237.624,789.71,162.191
-237.56,789.477,162.191
-237.477,789.243,162.191
-237.412,789.021,162.191
-237.339,788.787,162.191
-237.265,788.554,162.191
-237.191,788.32,162.191
-237.118,788.086,162.191
-237.044,787.864,162.191
-236.98,787.63,162.18
-236.906,787.397,162.18
-236.832,787.163,162.18
-236.768,786.941,162.18
-236.694,786.707,162.18
-236.621,786.485,162.18
-236.556,786.251,162.18
-236.483,786.029,162.18
-236.409,785.784,162.18
-236.335,785.55,162.18
-236.262,785.317,162.169
-236.197,785.094,162.18
-236.124,784.861,162.18
-236.05,784.638,162.18
-235.976,784.405,162.18
-235.902,784.182,162.18
-235.838,783.949,162.18
-235.764,783.726,162.169
-235.691,783.481,162.169
-235.617,783.259,162.169
-235.543,783.025,162.169
-235.479,782.803,162.169
-235.405,782.569,162.169
-235.332,782.336,162.169
-235.267,782.113,162.169
-235.194,781.88,162.169
-235.12,781.657,162.169
-235.046,781.423,162.169
-234.972,781.201,162.169
-234.908,780.967,162.158
-234.835,780.734,162.158
-234.761,780.511,162.158
-234.687,780.278,162.158
-234.623,780.044,162.158
-234.549,779.822,162.158
-234.475,779.588,162.158
-234.411,779.366,162.147
-234.338,779.132,162.147
-234.264,778.91,162.147
-234.19,778.676,162.136
-234.126,778.454,162.147
-234.052,778.22,162.147
-233.978,777.997,162.147
-233.914,777.764,162.147
-233.84,777.53,162.147
-233.767,777.308,162.147
-233.693,777.074,162.147
-233.629,776.852,162.147
-233.564,776.629,162.136
-233.491,776.407,162.147
-233.417,776.173,162.147
-233.353,775.951,162.136
-233.279,775.728,162.136
-233.196,775.483,162.125
-233.122,775.25,162.125
-233.058,775.016,162.114
-232.984,774.794,162.114
-232.91,774.56,162.114
-232.836,774.349,162.114
-232.772,774.115,162.103
-232.699,773.882,162.103
-232.625,773.659,162.092
-232.551,773.426,162.092
-232.477,773.192,162.092
-232.413,772.97,162.081
-232.339,772.736,162.081
-232.266,772.513,162.081
-232.192,772.28,162.081
-232.128,772.046,162.081
-232.054,771.813,162.081
-231.98,771.59,162.081
-231.907,771.357,162.07
-231.833,771.123,162.07
-231.769,770.901,162.059
-231.695,770.667,162.059
-231.621,770.433,162.048
-231.547,770.211,162.059
-231.474,769.977,162.059
-231.41,769.744,162.059
-231.336,769.51,162.059
-231.262,769.277,162.048
-231.189,769.043,162.048
-231.115,768.809,162.037
-231.041,768.587,162.037
-230.967,768.353,162.037
-230.894,768.12,162.037
-230.83,767.886,162.037
-230.756,767.652,162.037
-230.682,767.419,162.037
-230.608,767.196,162.026
-230.535,766.963,162.026
-230.461,766.729,162.015
-230.397,766.496,162.026
-230.314,766.262,162.026
-230.25,766.028,162.015
-230.176,765.795,162.015
-230.102,765.561,162.015
-230.028,765.328,162.015
-229.955,765.094,162.004
-229.881,764.86,162.004
-229.807,764.627,162.004
-229.734,764.393,162.004
-229.66,764.16,162.004
-229.596,763.937,162.004
-229.522,763.704,161.993
-229.448,763.47,161.993
-229.375,763.236,161.993
-229.301,763.003,161.982
-229.218,762.758,161.982
-229.144,762.524,161.971
-229.071,762.291,161.971
-228.997,762.057,161.971
-228.923,761.824,161.971
-228.859,761.59,161.971
-228.785,761.356,161.971
-228.712,761.123,161.971
-228.638,760.889,161.96
-228.564,760.656,161.96
-228.491,760.411,161.96
-228.417,760.166,161.96
-228.343,759.933,161.96
-228.27,759.699,161.96
-228.196,759.465,161.96
-228.113,759.232,161.96
-228.039,758.998,161.949
-227.965,758.765,161.949
-227.892,758.531,161.938
-227.818,758.297,161.938
-227.745,758.053,161.938
-227.671,757.819,161.938
-227.597,757.585,161.938
-227.524,757.352,161.927
-227.45,757.118,161.927
-227.386,756.885,161.938
-227.312,756.651,161.949
-227.238,756.417,161.96
-227.165,756.184,161.971
-227.091,755.95,161.993
-227.008,755.705,162.004
-226.934,755.472,162.026
-226.86,755.238,162.037
-226.796,755.005,162.048
-226.723,754.771,162.07
-226.649,754.538,162.092
-226.575,754.304,162.103
-226.502,754.07,162.125
-226.428,753.837,162.136
-226.354,753.603,162.158
-226.281,753.358,162.18
-226.207,753.125,162.191
-226.133,752.891,162.213
-226.069,752.658,162.235
-225.995,752.424,162.246
-225.922,752.202,162.268
-225.848,751.968,162.279
-225.774,751.734,162.301
-225.701,751.501,162.323
-225.627,751.256,162.334
-225.553,751.023,162.345
-225.48,750.789,162.356
-225.415,750.555,162.367
-225.342,750.322,162.378
-225.268,750.088,162.4
-225.194,749.855,162.411
-225.121,749.621,162.433
-225.057,749.387,162.444
-224.983,749.154,162.455
-224.909,748.92,162.466
-224.845,748.687,162.466
-224.771,748.453,162.477
-224.698,748.22,162.488
-224.624,747.986,162.51
-224.56,747.752,162.521
-224.486,747.519,162.521
-224.412,747.285,162.532
-224.339,747.052,162.532
-224.265,746.818,162.532
-224.201,746.585,162.521
-224.127,746.351,162.521
-224.054,746.117,162.532
-223.989,745.884,162.532
-223.916,745.65,162.532
-223.842,745.417,162.521
-223.778,745.172,162.521
-223.704,744.938,162.521
-223.631,744.705,162.521
-223.566,744.471,162.521
-223.493,744.227,162.51
-223.419,744.015,162.51
-223.345,743.782,162.499
-223.281,743.548,162.499
-223.207,743.314,162.488
-223.134,743.081,162.488
-223.06,742.836,162.477
-222.987,742.591,162.466
-222.913,742.358,162.444
-222.849,742.124,162.433
-222.775,741.891,162.422
-222.711,741.668,162.411
-222.637,741.435,162.4
-222.573,741.201,162.389
-222.499,740.968,162.378
-222.426,740.734,162.356
-222.352,740.5,162.334
-222.278,740.267,162.312
-222.205,740.033,162.279
-222.131,739.8,162.257
-222.067,739.566,162.235
-221.993,739.333,162.202
-221.919,739.099,162.18
-221.846,738.865,162.147
-221.782,738.632,162.114
-221.708,738.409,162.092
-221.634,738.165,162.059
-221.56,737.942,162.037
-221.487,737.708,162.004
-221.413,737.475,161.982
-221.349,737.241,161.949
-221.275,737.008,161.927
-221.201,736.774,161.895
-221.128,736.541,161.873
-221.054,736.307,161.851
-220.98,736.073,161.829
-220.907,735.851,161.807
-220.833,735.617,161.785
-220.759,735.384,161.763
-220.686,735.15,161.752
-220.612,734.927,161.73
-220.538,734.694,161.708
-220.464,734.46,161.697
-220.391,734.227,161.686
-220.317,734.004,161.664
-220.243,733.771,161.653
-220.169,733.537,161.631
-220.096,733.303,161.62
-220.022,733.07,161.609
-219.948,732.836,161.598
-219.875,732.614,161.587
-219.801,732.391,161.576
-219.727,732.157,161.576
-219.653,731.935,161.576
-219.58,731.701,161.576
-219.506,731.468,161.576
-219.432,731.245,161.576
-219.358,731.012,161.587
-219.285,730.778,161.587
-219.211,730.556,161.598
-219.137,730.322,161.598
-219.063,730.099,161.598
-218.99,729.866,161.598
-218.916,729.643,161.609
-218.842,729.41,161.609
-218.768,729.187,161.62
-218.695,728.954,161.631
-218.621,728.731,161.631
-218.557,728.498,161.631
-218.483,728.275,161.642
-218.409,728.041,161.653
-218.336,727.819,161.664
-218.262,727.596,161.686
-218.188,727.363,161.697
-218.114,727.14,161.719
-218.04,726.918,161.741
-217.967,726.673,161.763
-217.893,726.439,161.785
-217.829,726.217,161.807
-217.755,725.983,161.829
-217.681,725.761,161.851
-217.607,725.549,161.873
-217.534,725.316,161.895
-217.47,725.093,161.917
-217.396,724.86,161.938
-217.322,724.637,161.96
-217.248,724.393,161.982
-217.175,724.17,162.004
-217.101,723.936,162.026
-217.027,723.714,162.037
-216.963,723.48,162.07
-216.889,723.258,162.092
-216.825,723.035,162.114
-216.751,722.813,162.136
-216.677,722.579,162.147
-216.613,722.357,162.169
-216.53,722.123,162.18
-216.466,721.901,162.202
-216.392,721.667,162.213
-216.328,721.445,162.224
-216.254,721.222,162.246
-216.18,720.989,162.257
-216.116,720.755,162.268
-216.042,720.533,162.279
-215.969,720.299,162.29
-215.904,720.077,162.301
-215.83,719.854,162.312
-215.766,719.621,162.334
-215.692,719.398,162.345
-215.628,719.176,162.367
-215.555,718.942,162.378
-215.49,718.72,162.389
-215.416,718.497,162.4
-215.352,718.264,162.411
-215.278,718.041,162.411
-215.214,717.819,162.422
-215.14,717.596,162.422
-215.067,717.363,162.433
-215.002,717.14,162.433
-214.929,716.918,162.433
-214.864,716.695,162.422
-214.791,716.462,162.422
-214.727,716.228,162.411
-214.653,716.006,162.4
-214.589,715.772,162.4
-214.515,715.55,162.389
-214.45,715.327,162.389
-214.377,715.105,162.378
-214.312,714.882,162.378
-214.239,714.66,162.367
-214.174,714.426,162.356
-214.101,714.193,162.345
-214.027,713.97,162.334
-213.963,713.737,162.323
-213.889,713.514,162.301
-213.815,713.292,162.279
-213.751,713.069,162.257
-213.687,712.836,162.235
-213.613,712.613,162.213
-213.549,712.391,162.18
-213.475,712.168,162.147
-213.401,711.935,162.114
-213.327,711.701,162.081
-213.263,711.479,162.048
-213.189,711.256,162.015
-213.116,711.022,161.982
-213.051,710.811,161.949
-212.977,710.589,161.917
-212.904,710.366,161.884
-212.84,710.133,161.862
-212.766,709.91,161.829
-212.692,709.676,161.796
-212.618,709.443,161.774
-212.545,709.22,161.752
-212.48,708.998,161.741
-212.407,708.764,161.73
-212.333,708.553,161.708
-212.268,708.319,161.697
-212.195,708.097,161.686
-212.121,707.874,161.664
-212.047,707.652,161.664
-211.973,707.429,161.653
-211.9,707.196,161.642
-211.835,706.973,161.642
-211.761,706.751,161.631
-211.688,706.528,161.62
-211.614,706.295,161.62
-211.55,706.061,161.609
-211.476,705.839,161.609
-211.402,705.616,161.609
-211.329,705.382,161.598
-211.255,705.171,161.598
-211.181,704.948,161.598
-211.116,704.726,161.598
-211.043,704.504,161.598
-210.969,704.27,161.598
-210.895,704.047,161.598
-210.821,703.825,161.598
-210.748,703.602,161.598
-210.674,703.38,161.598
-210.61,703.146,161.598
-210.536,702.924,161.598
-210.462,702.69,161.598
-210.388,702.468,161.609
-210.314,702.245,161.62
-210.241,702.023,161.642
-210.176,701.811,161.664
-210.103,701.578,161.686
-210.029,701.355,161.719
-209.955,701.133,161.741
-209.891,700.91,161.774
-209.817,700.688,161.818
-209.753,700.465,161.851
-209.679,700.232,161.895
-209.605,700.009,161.938
-209.541,699.787,161.982
-209.467,699.564,162.015
-209.393,699.331,162.059
-209.32,699.108,162.092
-209.255,698.886,162.136
-209.181,698.663,162.18
-209.108,698.441,162.213
-209.043,698.218,162.246
-208.97,697.996,162.279
-208.905,697.773,162.301
-208.831,697.551,162.323
-208.767,697.328,162.345
-208.703,697.106,162.378
-208.629,696.883,162.4
-208.565,696.661,162.422
-208.491,696.439,162.433
-208.427,696.205,162.444
-208.363,695.972,162.466
-208.289,695.749,162.477
-208.225,695.527,162.499
-208.16,695.304,162.51
-208.086,695.093,162.521
-208.022,694.87,162.532
-207.948,694.648,162.554
-207.884,694.425,162.554
-207.82,694.203,162.565
-207.746,693.969,162.576
-207.672,693.747,162.587
-207.608,693.524,162.598
-207.544,693.302,162.609
-207.47,693.079,162.62
-207.406,692.857,162.631
-207.341,692.635,162.631
-207.268,692.412,162.642
-207.203,692.179,162.653
-207.139,691.956,162.653
-207.065,691.723,162.664
-207.001,691.5,162.664
-206.937,691.278,162.675
-206.863,691.055,162.675
-206.799,690.822,162.686
-206.735,690.61,162.697
-206.661,690.388,162.708
-206.597,690.154,162.719
-206.532,689.932,162.719
-206.458,689.709,162.729
-206.394,689.476,162.729
-206.33,689.254,162.729
-206.256,689.02,162.74
-206.192,688.798,162.751
-206.118,688.575,162.751
-206.054,688.342,162.751
-205.98,688.119,162.74
-205.916,687.897,162.74
-205.852,687.663,162.729
-205.778,687.441,162.729
-205.714,687.218,162.729
-205.65,686.985,162.719
-205.576,686.762,162.719
-205.512,686.529,162.708
-205.438,686.306,162.697
-205.374,686.073,162.686
-205.309,685.85,162.664
-205.236,685.617,162.653
-205.171,685.394,162.642
-205.107,685.161,162.62
-205.024,684.927,162.598
-204.96,684.705,162.587
-204.886,684.471,162.565
-204.822,684.237,162.554
-204.748,684.015,162.543
-204.684,683.792,162.532
-204.61,683.559,162.521
-204.546,683.336,162.51
-204.472,683.103,162.499
-204.408,682.88,162.477
-204.334,682.636,162.466
-204.261,682.413,162.455
-204.187,682.18,162.433
-204.123,681.946,162.422
-204.049,681.713,162.4
-203.975,681.49,162.378
-203.911,681.257,162.356
-203.837,681.023,162.334
-203.764,680.8,162.312
-203.699,680.567,162.29
-203.626,680.333,162.268
-203.562,680.1,162.257
-203.488,679.866,162.235
-203.414,679.633,162.213
-203.341,679.399,162.191
-203.267,679.165,162.158
-203.203,678.932,162.136
-203.129,678.698,162.125
-203.055,678.465,162.103
-202.982,678.242,162.092
-202.908,678.009,162.07
-202.834,677.775,162.059
-202.76,677.541,162.026
-202.687,677.308,162.004
-202.613,677.074,161.993
-202.539,676.852,161.971
-202.466,676.618,161.96
-202.401,676.384,161.949
-202.328,676.151,161.938
-202.254,675.917,161.917
-202.181,675.673,161.906
-202.107,675.428,161.895
-202.033,675.194,161.884
-201.96,674.961,161.873
-201.886,674.727,161.862
-201.812,674.505,161.851
-201.738,674.271,161.84
-201.665,674.048,161.818
-201.591,673.815,161.807
-201.517,673.581,161.785
-201.434,673.348,161.763
-201.36,673.114,161.741
-201.287,672.88,161.719
-201.213,672.647,161.686
-201.139,672.413,161.664
-201.066,672.168,161.642
-200.992,671.935,161.62
-200.918,671.701,161.598
-200.845,671.468,161.576
-200.771,671.234,161.543
-200.697,671.011,161.521
-200.623,670.778,161.499
-200.55,670.544,161.477
-200.467,670.311,161.455
-200.393,670.077,161.444
-200.31,669.843,161.422
-200.236,669.61,161.389
-200.162,669.376,161.367
-200.079,669.142,161.345
-200.005,668.909,161.323
-199.932,668.675,161.312
-199.848,668.441,161.29
-199.775,668.197,161.279
-199.701,667.963,161.268
-199.618,667.729,161.246
-199.544,667.496,161.235
-199.471,667.251,161.224
-199.387,667.017,161.213
-199.314,666.784,161.213
-199.24,666.55,161.213
-199.166,666.339,161.224
-199.083,666.105,161.235
-199.009,665.871,161.246
-198.936,665.638,161.257
-198.852,665.404,161.268
-198.769,665.148,161.279
-198.686,664.903,161.29
-198.613,664.659,161.301
-198.53,664.425,161.312
-198.456,664.18,161.323
-198.392,663.969,161.323
-198.308,663.724,161.334
-198.235,663.491,161.345
-198.161,663.257,161.356
-198.087,663.023,161.367
-198.004,662.779,161.378
-197.921,662.545,161.389
-197.847,662.311,161.389
-197.774,662.067,161.4
-197.691,661.833,161.422
-197.617,661.588,161.433
-197.534,661.354,161.444
-197.46,661.11,161.455
-197.387,660.876,161.466
-197.303,660.631,161.488
-197.23,660.409,161.51
-197.156,660.164,161.543
-197.073,659.93,161.565
-196.999,659.686,161.598
-196.926,659.452,161.631
-196.843,659.207,161.664
-196.769,658.974,161.708
-196.695,658.729,161.752
-196.622,658.496,161.785
-196.539,658.251,161.829
-196.465,658.028,161.873
-196.391,657.784,161.906
-196.317,657.55,161.938
-196.244,657.305,161.971
-196.17,657.072,161.993
-196.087,656.816,162.015
-196.004,656.582,162.037
-195.93,656.337,162.048
-195.857,656.104,162.059
-195.783,655.859,162.081
-195.719,655.637,162.092
-195.645,655.392,162.092
-195.572,655.158,162.103
-195.498,654.925,162.114
-195.424,654.68,162.114
-195.341,654.435,162.114
-195.268,654.191,162.114
-195.194,653.957,162.114
-195.12,653.712,162.125
-195.047,653.479,162.125
-194.973,653.245,162.125
-194.9,653,162.125
-194.826,652.767,162.125
-194.752,652.533,162.125
-194.679,652.288,162.125
-194.605,652.055,162.114
-194.531,651.821,162.114
-194.458,651.588,162.114
-194.384,651.343,162.114
-194.31,651.109,162.103
-194.227,650.865,162.081
-194.154,650.62,162.07
-194.08,650.386,162.048
-194.006,650.153,162.037
-193.923,649.908,162.026
-193.859,649.685,162.004
-193.785,649.452,161.993
-193.712,649.207,161.982
-193.638,648.974,161.971
-193.564,648.74,161.96
-193.481,648.495,161.949
-193.408,648.25,161.938
-193.334,648.017,161.917
-193.251,647.783,161.906
-193.177,647.538,161.884
-193.113,647.305,161.873
-193.039,647.06,161.862
-192.956,646.827,161.84
-192.883,646.593,161.829
-192.809,646.348,161.818
-192.735,646.126,161.796
-192.662,645.881,161.785
-192.588,645.647,161.763
-192.514,645.414,161.752
-192.441,645.18,161.741
-192.367,644.936,161.741
-192.284,644.702,161.73
-192.21,644.468,161.73
-192.136,644.235,161.73
-192.063,644.001,161.73
-191.989,643.756,161.73
-191.915,643.523,161.73
-191.842,643.289,161.741
-191.768,643.056,161.741
-191.694,642.822,161.741
-191.611,642.588,161.752
-191.537,642.355,161.752
-191.464,642.121,161.752
-191.39,641.887,161.763
-191.316,641.654,161.774
-191.243,641.409,161.785
-191.169,641.175,161.785
-191.095,640.942,161.796
-191.022,640.708,161.807
-190.948,640.486,161.807
-190.874,640.252,161.818
-190.801,640.019,161.829
-190.727,639.785,161.84
-190.653,639.562,161.851
-190.579,639.329,161.862
-190.506,639.084,161.873
-190.432,638.851,161.884
-190.358,638.617,161.895
-190.285,638.383,161.906
-190.211,638.161,161.927
-190.137,637.938,161.949
-190.063,637.705,161.971
-189.999,637.471,161.993
-189.925,637.249,162.026
-189.852,637.015,162.048
-189.769,636.77,162.07
-189.705,636.537,162.092
-189.631,636.303,162.125
-189.557,636.07,162.147
-189.483,635.847,162.169
-189.419,635.625,162.202
-189.345,635.391,162.224
-189.272,635.168,162.246
-189.207,634.935,162.268
-189.134,634.712,162.29
-189.06,634.468,162.312
-188.986,634.245,162.334
-188.913,634.012,162.345
-188.848,633.789,162.367
-188.775,633.556,162.378
-188.71,633.322,162.4
-188.637,633.089,162.422
-188.572,632.866,162.433
-188.499,632.633,162.444
-188.425,632.41,162.455
-188.361,632.176,162.455
-188.287,631.954,162.466
-188.223,631.72,162.477
-188.149,631.498,162.488
-188.085,631.264,162.499
-188.011,631.042,162.51
-187.947,630.808,162.51
-187.873,630.586,162.521
-187.809,630.352,162.532
-187.735,630.13,162.543
-187.671,629.907,162.554
-187.597,629.685,162.565
-187.533,629.451,162.576
-187.459,629.229,162.587
-187.395,629.007,162.587
-187.321,628.762,162.587
-187.257,628.539,162.598
-187.183,628.306,162.598
-187.119,628.083,162.598
-187.045,627.85,162.609
-186.981,627.638,162.609
-186.917,627.416,162.609
-186.852,627.194,162.609
-186.779,626.96,162.609
-186.714,626.738,162.598
-186.641,626.504,162.598
-186.567,626.281,162.598
-186.503,626.059,162.598
-186.438,625.826,162.598
-186.365,625.603,162.598
-186.3,625.381,162.598
-186.227,625.158,162.598
-186.162,624.936,162.598
-186.098,624.713,162.587
-186.024,624.491,162.587
-185.96,624.257,162.587
-185.886,624.035,162.576
-185.822,623.812,162.576
-185.758,623.59,162.565
-185.684,623.367,162.554
-185.62,623.134,162.543
-185.546,622.911,162.532
-185.482,622.678,162.51
-185.417,622.455,162.488
-185.344,622.233,162.466
-185.279,622.022,162.433
-185.215,621.799,162.411
-185.141,621.577,162.389
-185.077,621.354,162.367
-185.003,621.132,162.345
-184.939,620.898,162.323
-184.865,620.676,162.29
-184.801,620.453,162.257
-184.737,620.231,162.235
-184.663,620.008,162.202
-184.598,619.786,162.18
-184.525,619.574,162.147
-184.46,619.352,162.125
-184.386,619.13,162.103
-184.322,618.907,162.081
-184.249,618.674,162.059
-184.175,618.451,162.037
-184.11,618.229,162.015
-184.037,618.006,161.993
-183.972,617.784,161.971
-183.898,617.572,161.949
-183.825,617.35,161.938
-183.76,617.127,161.917
-183.686,616.916,161.895
-183.622,616.693,161.884
-183.548,616.46,161.873
-183.475,616.237,161.862
-183.41,616.015,161.84
-183.337,615.792,161.829
-183.272,615.57,161.818
-183.198,615.359,161.807
-183.134,615.136,161.796
-183.06,614.914,161.785
-182.986,614.691,161.774
-182.922,614.469,161.763
-182.848,614.246,161.752
-182.775,614.024,161.73
-182.701,613.801,161.719
-182.636,613.579,161.708
-182.563,613.356,161.697
-182.498,613.134,161.697
-182.424,612.922,161.697
-182.351,612.7,161.686
-182.286,612.477,161.686
-182.212,612.255,161.675
-182.139,612.032,161.664
-182.074,611.81,161.664
-182.001,611.587,161.664
-181.927,611.376,161.664
-181.862,611.154,161.664
-181.789,610.92,161.675
-181.715,610.697,161.686
-181.641,610.475,161.697
-181.577,610.252,161.697
-181.503,610.03,161.719
-181.439,609.819,161.73
-181.365,609.596,161.763
-181.291,609.374,161.785
-181.227,609.151,161.818
-181.153,608.929,161.851
-181.089,608.706,161.895
-181.015,608.484,161.938
-180.951,608.261,161.982
-180.877,608.039,162.037
-180.803,607.816,162.103
-180.739,607.594,162.169
-180.665,607.382,162.246
-180.6,607.16,162.312
-180.527,606.937,162.4
-180.462,606.715,162.466
-180.398,606.482,162.543
-180.334,606.259,162.62
-180.26,606.037,162.697
-180.196,605.814,162.773
-180.132,605.592,162.85
-180.058,605.38,162.927
-179.993,605.158,162.993
-179.929,604.947,163.07
-179.865,604.724,163.147
-179.8,604.502,163.213
-179.736,604.268,163.279
-179.672,604.046,163.345
-179.608,603.823,163.411
-179.543,603.601,163.466
-179.479,603.379,163.51
-179.424,603.156,163.575
-179.36,602.934,163.63
-179.296,602.711,163.685
-179.231,602.5,163.74
-179.167,602.278,163.795
-179.103,602.044,163.85
-179.039,601.822,163.905
-178.984,601.611,163.949
-178.92,601.388,164.015
-178.865,601.166,164.07
-178.8,600.955,164.136
-178.736,600.732,164.213
-178.681,600.51,164.279
-178.617,600.287,164.344
-178.562,600.076,164.41
-178.498,599.843,164.476
-178.443,599.631,164.531
-178.379,599.409,164.597
-178.324,599.187,164.674
-178.269,598.964,164.74
-178.215,598.753,164.806
-178.15,598.531,164.872
-178.095,598.32,164.938
-178.041,598.097,165.004
-177.986,597.886,165.07
-177.931,597.664,165.146
-177.876,597.441,165.212
-177.821,597.23,165.289
-177.767,597.008,165.377
-177.712,596.797,165.465
-177.657,596.574,165.575
-177.602,596.363,165.685
-177.547,596.141,165.806
-177.502,595.93,165.938
-177.447,595.707,166.069
-177.393,595.496,166.212
-177.347,595.285,166.355
-177.292,595.074,166.498
-177.247,594.852,166.652
-177.192,594.64,166.805
-177.157,594.418,166.959
-177.102,594.207,167.113
-177.056,593.996,167.278
-177.011,593.774,167.432
-176.966,593.563,167.596
-176.92,593.351,167.75
-176.875,593.14,167.904
-176.83,592.918,168.058
-176.794,592.707,168.212
-176.749,592.496,168.376
-176.713,592.285,168.53
-176.668,592.063,168.695
-176.632,591.852,168.849
-176.587,591.641,169.003
-176.551,591.43,169.156
-176.515,591.219,169.31
-176.479,591.008,169.475
-176.434,590.796,169.64
-176.398,590.585,169.816
-176.372,590.375,170.002
-176.327,590.152,170.178
-176.3,589.941,170.376
-176.264,589.73,170.574
-176.229,589.519,170.782
-176.202,589.308,170.991
-176.166,589.109,171.2
-176.131,588.897,171.409
-176.104,588.687,171.628
-176.078,588.476,171.848
-176.042,588.265,172.057
-176.016,588.054,172.255
-175.99,587.843,172.452
-175.963,587.632,172.639
-175.937,587.421,172.815
-175.911,587.21,172.991
-175.886,586.922,173.265
-175.859,586.711,173.441
-175.833,586.5,173.606
-175.816,586.3,173.76
-175.8,586.078,173.903
-175.783,585.856,174.045
-175.757,585.645,174.188
-175.74,585.435,174.331
-175.723,585.224,174.463
-175.706,585.024,174.595
-175.681,584.736,174.771
-175.664,584.536,174.891
-175.647,584.325,175.012
-175.63,584.125,175.144
-175.614,583.892,175.254
-175.597,583.682,175.386
-175.59,583.471,175.507
-175.573,583.26,175.627
-175.556,583.049,175.748
-175.531,582.761,175.924
-175.524,582.55,176.045
-175.507,582.35,176.166
-175.5,582.14,176.287
-175.493,581.929,176.418
-175.476,581.718,176.55
-175.469,581.507,176.671
-175.461,581.297,176.781
-175.446,580.986,176.946
-175.43,580.687,177.1
-175.423,580.476,177.198
-175.417,580.165,177.352
-175.401,579.855,177.506
-175.395,579.544,177.649
-175.379,579.234,177.781
-175.373,578.923,177.88
-175.366,578.713,177.946
-175.36,578.402,178.022
-175.354,578.092,178.077
-175.348,577.781,178.121
-175.35,577.571,178.132
-175.343,577.36,178.121
-175.337,577.05,178.11
-175.329,576.839,178.077
-175.323,576.54,178.033
-175.317,576.229,177.957
-175.311,575.919,177.88
-175.304,575.708,177.825
-175.298,575.397,177.726
-175.3,575.187,177.649
-175.284,574.876,177.528
-175.277,574.666,177.429
-175.27,574.455,177.341
-175.263,574.244,177.242
-175.256,574.034,177.144
-175.24,573.723,176.979
-175.234,573.424,176.836
-175.226,573.213,176.726
-175.219,573.002,176.627
-175.202,572.802,176.506
-175.195,572.581,176.385
-175.179,572.37,176.254
-175.171,572.159,176.133
-175.156,571.849,175.935
-175.139,571.638,175.814
-175.123,571.327,175.627
-175.107,571.116,175.496
-175.099,570.906,175.364
-175.083,570.695,175.232
-175.066,570.495,175.1
-175.049,570.284,174.957
-175.042,570.074,174.825
-175.025,569.863,174.683
-175.008,569.652,174.551
-174.992,569.441,174.419
-174.975,569.23,174.287
-174.949,569.02,174.155
-174.932,568.809,174.023
-174.915,568.598,173.881
-174.898,568.387,173.749
-174.882,568.176,173.606
-174.855,567.965,173.474
-174.839,567.766,173.353
-174.812,567.555,173.221
-174.796,567.344,173.09
-174.769,567.133,172.958
-174.743,566.922,172.826
-174.717,566.711,172.694
-174.7,566.5,172.562
-174.674,566.29,172.43
-174.647,566.079,172.299
-174.621,565.868,172.167
-174.595,565.657,172.035
-174.569,565.446,171.903
-174.542,565.224,171.76
-174.516,565.013,171.628
-174.49,564.802,171.486
-174.464,564.591,171.354
-174.428,564.38,171.211
-174.411,564.18,171.079
-174.375,563.969,170.947
-174.349,563.759,170.804
-174.313,563.548,170.662
-174.287,563.337,170.519
-174.261,563.126,170.376
-174.225,562.904,170.222
-174.189,562.693,170.079
-174.153,562.482,169.926
-174.127,562.271,169.783
-174.091,562.071,169.629
-174.055,561.86,169.475
-174.019,561.649,169.31
-173.984,561.438,169.156
-173.948,561.227,169.003
-173.912,561.016,168.86
-173.876,560.805,168.706
-173.831,560.593,168.563
-173.795,560.382,168.42
-173.75,560.171,168.278
-173.714,559.971,168.124
-173.678,559.76,167.981
-173.633,559.549,167.838
-173.597,559.338,167.706
-173.552,559.127,167.574
-173.506,558.916,167.443
-173.461,558.705,167.322
-173.416,558.494,167.19
-173.37,558.283,167.047
-173.334,558.072,166.915
-173.289,557.872,166.783
-173.253,557.661,166.652
-173.198,557.449,166.531
-173.153,557.249,166.41
-173.107,557.038,166.289
-173.062,556.827,166.157
-173.017,556.616,166.025
-172.962,556.405,165.894
-172.917,556.194,165.762
-172.862,555.993,165.641
-172.816,555.793,165.509
-172.771,555.582,165.377
-172.716,555.371,165.256
-172.67,555.171,165.125
-172.616,554.96,164.993
-172.57,554.749,164.872
-172.516,554.526,164.74
-172.461,554.315,164.619
-172.406,554.104,164.498
-172.351,553.893,164.388
-172.268,553.604,164.224
-172.213,553.392,164.114
-172.158,553.192,164.004
-172.104,552.981,163.905
-172.049,552.781,163.806
-171.994,552.559,163.718
-171.939,552.347,163.63
-171.884,552.147,163.542
-171.82,551.936,163.455
-171.765,551.725,163.378
-171.7,551.513,163.29
-171.645,551.313,163.202
-171.59,551.102,163.136
-171.526,550.902,163.07
-171.471,550.69,163.004
-171.407,550.49,162.949
-171.352,550.279,162.894
-171.287,550.079,162.85
-171.223,549.867,162.795
-171.168,549.667,162.762
-171.103,549.456,162.719
-171.039,549.256,162.686
-170.984,549.044,162.664
-170.919,548.844,162.631
-170.855,548.633,162.609
-170.8,548.433,162.587
-170.745,548.233,162.565
-170.681,548.032,162.543
-170.616,547.821,162.521
-170.561,547.621,162.499
-170.497,547.41,162.488
-170.432,547.198,162.466
-170.368,546.998,162.455
-170.303,546.798,162.433
-170.248,546.586,162.422
-170.193,546.386,162.411
-170.129,546.186,162.389
-170.074,545.975,162.378
-170.009,545.775,162.367
-169.945,545.574,162.356
-169.89,545.363,162.345
-169.826,545.163,162.323
-169.761,544.952,162.312
-169.706,544.751,162.29
-169.642,544.551,162.268
-169.577,544.351,162.257
-169.522,544.151,162.246
-169.458,543.939,162.224
-169.393,543.739,162.213
-169.329,543.539,162.202
-169.264,543.328,162.191
-169.209,543.127,162.169
-169.145,542.927,162.158
-169.08,542.727,162.136
-169.016,542.527,162.125
-168.961,542.327,162.114
-168.896,542.126,162.092
-168.832,541.915,162.081
-168.767,541.715,162.07
-168.703,541.515,162.059
-168.638,541.314,162.037
-168.583,541.114,162.015
-168.519,540.914,161.993
-168.454,540.714,161.982
-168.39,540.513,161.971
-168.335,540.313,161.96
-168.27,540.113,161.949
-168.206,539.913,161.938
-168.141,539.713,161.927
-168.077,539.512,161.906
-167.984,539.223,161.895
-167.929,539.023,161.884
-167.865,538.823,161.884
-167.8,538.622,161.873
-167.745,538.422,161.862
-167.681,538.222,161.862
-167.616,538.022,161.851
-167.524,537.733,161.84
-167.46,537.532,161.84
-167.395,537.321,161.84
-167.303,537.032,161.829
-167.239,536.831,161.829
-167.174,536.631,161.829
-167.082,536.342,161.818
-167.017,536.142,161.818
-166.962,535.942,161.818
-166.87,535.652,161.818
-166.806,535.441,161.807
-166.741,535.241,161.796
-166.649,534.952,161.785
-166.585,534.751,161.774
-166.493,534.462,161.763
-166.4,534.173,161.741
-166.336,533.973,161.741
-166.244,533.683,161.73
-166.189,533.483,161.719
-166.124,533.283,161.708
-166.06,533.083,161.686
-165.968,532.793,161.653
-165.903,532.593,161.631
-165.811,532.304,161.576
-165.719,532.015,161.532
-165.654,531.814,161.488
-165.562,531.525,161.4
-165.498,531.325,161.334
-165.405,531.036,161.224
-165.304,530.746,161.093
-165.249,530.546,161.005
-165.147,530.257,160.873
-165.055,529.968,160.73
-164.953,529.678,160.587
-164.889,529.478,160.488
-164.824,529.278,160.378
-164.723,528.989,160.236
-164.621,528.699,160.093
-164.529,528.421,159.961
-164.454,528.232,159.862
-164.39,528.032,159.774
-164.288,527.742,159.642
-164.224,527.542,159.576
-164.15,527.353,159.51
-164.048,527.063,159.423
-163.974,526.874,159.379
-163.881,526.596,159.302
-163.807,526.407,159.247
-163.706,526.117,159.17
-163.631,525.928,159.115
-163.567,525.728,159.06
-163.493,525.539,158.983
-163.391,525.249,158.862
-163.317,525.06,158.763
-163.243,524.871,158.654
-163.141,524.592,158.467
-163.039,524.303,158.269
-162.965,524.114,158.137
-162.854,523.824,157.928
-162.78,523.635,157.786
-162.668,523.357,157.555
-162.594,523.167,157.401
-162.52,522.978,157.236
-162.446,522.789,157.061
-162.372,522.6,156.896
-162.251,522.321,156.643
-162.177,522.132,156.478
-162.065,521.865,156.226
-161.981,521.675,156.05
-161.861,521.397,155.775
-161.74,521.118,155.5
-161.656,520.929,155.325
-161.572,520.74,155.149
-161.451,520.472,154.885
-161.368,520.283,154.709
-161.247,520.015,154.457
-161.163,519.826,154.281
-161.032,519.559,154.039
-160.912,519.28,153.787
-160.818,519.102,153.633
-160.734,518.912,153.479
-160.641,518.734,153.325
-160.511,518.466,153.105
-160.38,518.188,152.886
-160.25,517.92,152.688
-160.156,517.742,152.567
-160.063,517.564,152.435
-159.97,517.374,152.314
-159.839,517.107,152.139
-159.746,516.928,152.007
-159.652,516.75,151.886
-159.559,516.571,151.765
-159.466,516.393,151.644
-159.372,516.215,151.512
-159.279,516.036,151.392
-159.176,515.858,151.282
-159.083,515.679,151.161
-158.989,515.501,151.051
-158.896,515.323,150.941
-158.803,515.144,150.831
-158.709,514.966,150.732
-158.606,514.787,150.623
-158.504,514.598,150.524
-158.41,514.419,150.425
-158.307,514.241,150.326
-158.214,514.062,150.238
-158.111,513.884,150.15
-157.971,513.627,150.018
-157.868,513.449,149.93
-157.775,513.271,149.843
-157.625,513.014,149.711
-157.522,512.824,149.634
-157.419,512.646,149.546
-157.27,512.389,149.436
-157.167,512.211,149.359
-157.064,512.032,149.282
-156.961,511.854,149.205
-156.858,511.675,149.117
-156.755,511.497,149.041
-156.652,511.318,148.964
-156.503,511.062,148.854
-156.4,510.883,148.777
-156.297,510.705,148.7
-156.194,510.526,148.623
-156.035,510.258,148.513
-155.932,510.08,148.447
-155.829,509.901,148.37
-155.716,509.734,148.293
-155.613,509.555,148.217
-155.511,509.377,148.151
-155.351,509.12,148.041
-155.192,508.863,147.931
-155.089,508.685,147.854
-154.977,508.506,147.788
-154.874,508.328,147.711
-154.761,508.149,147.645
-154.659,507.971,147.568
-154.546,507.792,147.502
-154.396,507.546,147.382
-154.284,507.368,147.305
-154.125,507.111,147.195
-154.012,506.944,147.118
-153.9,506.754,147.041
-153.787,506.575,146.964
-153.628,506.319,146.854
-153.516,506.14,146.777
-153.403,505.973,146.7
-153.244,505.727,146.591
-153.141,505.548,146.514
-153.028,505.381,146.437
-152.916,505.202,146.36
-152.803,505.035,146.283
-152.682,504.845,146.206
-152.569,504.677,146.129
-152.457,504.499,146.052
-152.344,504.331,145.964
-152.185,504.086,145.854
-152.072,503.918,145.778
-151.96,503.751,145.701
-151.847,503.572,145.635
-151.735,503.404,145.569
-151.622,503.226,145.503
-151.5,503.058,145.448
-151.388,502.88,145.404
-151.275,502.712,145.371
-151.162,502.545,145.36
-151.05,502.377,145.36
-150.937,502.21,145.382
-150.815,502.031,145.415
-150.703,501.863,145.47
-150.59,501.696,145.547
-150.478,501.528,145.646
-150.365,501.35,145.767
-150.253,501.182,145.898
-150.14,501.015,146.03
-150.028,500.836,146.173
-149.906,500.668,146.316
-149.793,500.501,146.448
-149.69,500.322,146.591
-149.578,500.155,146.733
-149.465,499.987,146.876
-149.353,499.809,147.03
-149.194,499.552,147.261
-149.081,499.373,147.415
-148.969,499.206,147.568
-148.866,499.027,147.722
-148.753,498.849,147.876
-148.65,498.67,148.03
-148.538,498.492,148.173
-148.379,498.235,148.392
-148.276,498.056,148.546
-148.163,497.878,148.7
-148.014,497.621,148.92
-147.901,497.443,149.073
-147.798,497.264,149.227
-147.695,497.086,149.381
-147.592,496.907,149.546
-147.49,496.729,149.711
-147.387,496.55,149.875
-147.284,496.361,150.04
-147.181,496.182,150.227
-147.078,495.992,150.414
-146.985,495.814,150.623
-146.882,495.636,150.842
-146.789,495.457,151.062
-146.686,495.279,151.304
-146.592,495.1,151.534
-146.489,494.922,151.776
-146.396,494.732,152.018
-146.293,494.543,152.26
-146.191,494.353,152.501
-146.097,494.164,152.765
-146.004,493.985,153.018
-145.911,493.796,153.281
-145.827,493.606,153.534
-145.734,493.417,153.787
-145.641,493.227,154.039
-145.557,493.038,154.281
-145.464,492.849,154.534
-145.38,492.659,154.775
-145.25,492.381,155.149
-145.166,492.191,155.391
-145.082,492.002,155.621
-144.989,491.812,155.863
-144.905,491.601,156.094
-144.822,491.4,156.324
-144.738,491.211,156.544
-144.655,491.011,156.764
-144.58,490.81,156.973
-144.45,490.543,157.258
-144.376,490.342,157.445
-144.292,490.142,157.632
-144.218,489.953,157.808
-144.135,489.741,157.972
-144.061,489.541,158.148
-143.977,489.351,158.302
-143.903,489.151,158.456
-143.829,488.951,158.588
-143.755,488.75,158.719
-143.671,488.561,158.851
-143.597,488.361,158.972
-143.523,488.16,159.093
-143.449,487.96,159.225
-143.375,487.748,159.335
-143.301,487.548,159.456
-143.227,487.348,159.565
-143.153,487.147,159.664
-143.079,486.936,159.763
-143.014,486.736,159.873
-142.94,486.546,159.972
-142.866,486.335,160.071
-142.802,486.135,160.17
-142.728,485.934,160.258
-142.654,485.723,160.334
-142.589,485.523,160.411
-142.515,485.311,160.477
-142.441,485.111,160.543
-142.377,484.911,160.598
-142.303,484.71,160.642
-142.238,484.499,160.686
-142.164,484.299,160.73
-142.1,484.087,160.774
-142.026,483.887,160.818
-141.952,483.676,160.862
-141.887,483.464,160.895
-141.823,483.264,160.928
-141.749,483.053,160.972
-141.684,482.841,161.005
-141.62,482.641,161.049
-141.546,482.441,161.082
-141.481,482.229,161.115
-141.407,482.029,161.158
-141.343,481.818,161.191
-141.269,481.606,161.235
-141.205,481.395,161.268
-141.14,481.183,161.301
-141.066,480.972,161.345
-141.002,480.772,161.378
-140.928,480.56,161.411
-140.864,480.349,161.444
-140.79,480.138,161.477
-140.725,479.926,161.521
-140.661,479.715,161.554
-140.587,479.504,161.598
-140.522,479.292,161.631
-140.448,479.081,161.664
-140.384,478.869,161.697
-140.32,478.658,161.73
-140.255,478.447,161.774
-140.181,478.235,161.818
-140.117,478.024,161.851
-140.053,477.813,161.895
-139.988,477.59,161.938
-139.914,477.379,161.982
-139.85,477.167,162.026
-139.786,476.956,162.059
-139.721,476.745,162.103
-139.647,476.533,162.136
-139.583,476.311,162.191
-139.519,476.1,162.235
-139.454,475.877,162.279
-139.39,475.666,162.323
-139.325,475.455,162.367
-139.252,475.232,162.4
-139.187,475.021,162.444
-139.123,474.809,162.477
-139.059,474.587,162.521
-138.994,474.376,162.554
-138.93,474.164,162.598
-138.865,473.942,162.642
-138.801,473.731,162.675
-138.737,473.519,162.708
-138.672,473.297,162.729
-138.608,473.074,162.762
-138.544,472.863,162.784
-138.479,472.641,162.806
-138.415,472.429,162.828
-138.351,472.207,162.839
-138.286,471.996,162.85
-138.222,471.784,162.861
-138.158,471.562,162.872
-138.093,471.35,162.872
-138.029,471.128,162.872
-137.965,470.906,162.861
-137.9,470.694,162.85
-137.836,470.472,162.839
-137.772,470.261,162.828
-137.707,470.038,162.806
-137.643,469.827,162.806
-137.579,469.604,162.784
-137.514,469.393,162.773
-137.45,469.171,162.762
-137.386,468.948,162.74
-137.321,468.737,162.719
-137.257,468.514,162.697
-137.193,468.292,162.675
-137.128,468.081,162.664
-137.054,467.858,162.642
-136.99,467.636,162.631
-136.926,467.413,162.609
-136.862,467.202,162.587
-136.797,466.98,162.565
-136.733,466.757,162.532
-136.659,466.535,162.499
-136.595,466.312,162.477
-136.53,466.101,162.444
-136.466,465.879,162.411
-136.392,465.656,162.378
-136.328,465.434,162.345
-136.264,465.222,162.312
-136.199,465,162.268
-136.125,464.788,162.224
-136.061,464.566,162.18
-135.988,464.332,162.147
-135.923,464.11,162.114
-135.849,463.899,162.07
-135.785,463.676,162.037
-135.711,463.454,162.004
-135.647,463.231,161.971
-135.583,463.009,161.938
-135.509,462.786,161.917
-135.444,462.575,161.895
-135.371,462.352,161.873
-135.306,462.141,161.851
-135.232,461.919,161.84
-135.168,461.696,161.829
-135.094,461.474,161.818
-135.03,461.262,161.807
-134.956,461.029,161.796
-134.882,460.806,161.796
-134.818,460.584,161.796
-134.744,460.361,161.785
-134.671,460.139,161.785
-134.606,459.916,161.796
-134.542,459.705,161.796
-134.468,459.482,161.807
-134.404,459.26,161.818
-134.33,459.038,161.818
-134.266,458.815,161.829
-134.192,458.593,161.829
-134.118,458.381,161.84
-134.054,458.159,161.851
-133.98,457.936,161.862
-133.916,457.703,161.884
-133.842,457.48,161.895
-133.778,457.258,161.917
-133.704,457.035,161.927
-133.639,456.813,161.938
-133.566,456.59,161.949
-133.501,456.368,161.96
-133.428,456.145,161.982
-133.354,455.923,162.004
-133.289,455.7,162.026
-133.216,455.478,162.048
-133.151,455.244,162.07
-133.078,455.022,162.092
-133.013,454.8,162.103
-132.94,454.577,162.125
-132.875,454.355,162.147
-132.801,454.132,162.169
-132.737,453.91,162.191
-132.664,453.676,162.224
-132.599,453.454,162.246
-132.525,453.231,162.268
-132.461,452.998,162.29
-132.387,452.775,162.312
-132.323,452.553,162.334
-132.249,452.33,162.356
-132.185,452.108,162.378
-132.121,451.885,162.4
-132.047,451.663,162.422
-131.983,451.44,162.444
-131.909,451.218,162.466
-131.845,450.984,162.488
-131.771,450.751,162.51
-131.707,450.528,162.532
-131.633,450.306,162.554
-131.569,450.083,162.565
-131.504,449.861,162.587
-131.431,449.627,162.598
-131.366,449.405,162.62
-131.302,449.183,162.631
-131.228,448.96,162.653
-131.164,448.738,162.664
-131.09,448.504,162.664
-131.026,448.282,162.675
-130.962,448.059,162.686
-130.888,447.837,162.697
-130.833,447.603,162.708
-130.76,447.381,162.719
-130.695,447.158,162.729
-130.631,446.936,162.729
-130.557,446.702,162.74
-130.493,446.48,162.74
-130.429,446.257,162.74
-130.355,446.024,162.74
-130.291,445.801,162.74
-130.227,445.579,162.751
-130.153,445.357,162.751
-130.089,445.123,162.751
-130.024,444.901,162.751
-129.96,444.678,162.74
-129.886,444.456,162.74
-129.822,444.222,162.74
-129.748,444,162.74
-129.684,443.777,162.74
-129.62,443.555,162.729
-129.555,443.321,162.729
-129.482,443.099,162.719
-129.417,442.865,162.697
-129.353,442.632,162.675
-129.28,442.409,162.653
-129.215,442.176,162.609
-129.151,441.964,162.576
-129.087,441.742,162.532
-129.013,441.52,162.477
-128.949,441.297,162.422
-128.875,441.064,162.356
-128.811,440.83,162.301
-128.737,440.607,162.235
-128.673,440.374,162.169
-128.599,440.151,162.114
-128.535,439.929,162.059
-128.461,439.707,161.993
-128.397,439.484,161.938
-128.323,439.262,161.884
-128.249,439.039,161.84
-128.185,438.817,161.796
-128.111,438.583,161.752
-128.037,438.361,161.719
-127.963,438.138,161.675
-127.899,437.905,161.642
-127.825,437.682,161.609
-127.751,437.471,161.587
-127.687,437.248,161.565
-127.613,437.015,161.532
-127.54,436.792,161.51
-127.466,436.57,161.488
-127.402,436.347,161.466
-127.328,436.125,161.433
-127.254,435.902,161.411
-127.18,435.68,161.4
-127.106,435.457,161.378
-127.042,435.235,161.367
-126.968,435.023,161.356
-126.894,434.801,161.345
-126.83,434.578,161.323
-126.756,434.356,161.312
-126.683,434.122,161.312
-126.609,433.911,161.312
-126.535,433.688,161.301
-126.47,433.466,161.312
-126.397,433.243,161.312
-126.323,433.021,161.323
-126.259,432.798,161.323
-126.185,432.576,161.334
-126.111,432.364,161.345
-126.037,432.142,161.356
-125.963,431.93,161.367
-125.889,431.708,161.378
-125.825,431.485,161.389
-125.751,431.274,161.411
-125.677,431.051,161.422
-125.613,430.818,161.444
-125.539,430.595,161.466
-125.465,430.384,161.488
-125.401,430.162,161.51
-125.327,429.939,161.521
-125.253,429.728,161.532
-125.189,429.516,161.554
-125.115,429.294,161.565
-125.051,429.082,161.576
-124.977,428.86,161.598
-124.903,428.637,161.62
-124.839,428.415,161.631
-124.765,428.204,161.642
-124.701,427.981,161.664
-124.627,427.77,161.675
-124.562,427.558,161.686
-124.498,427.336,161.697
-124.424,427.125,161.719
-124.36,426.902,161.741
-124.286,426.691,161.763
-124.212,426.468,161.774
-124.148,426.257,161.785
-124.083,426.034,161.807
-124.009,425.823,161.818
-123.945,425.601,161.84
-123.881,425.4,161.862
-123.807,425.189,161.873
-123.742,424.966,161.906
-123.678,424.755,161.927
-123.604,424.544,161.949
-123.54,424.321,161.971
-123.466,424.099,162.004
-123.402,423.887,162.015
-123.337,423.676,162.037
-123.263,423.454,162.048
-123.208,423.253,162.07
-123.144,423.042,162.092
-123.08,422.831,162.114
-123.015,422.619,162.136
-122.951,422.408,162.158
-122.877,422.186,162.169
-122.813,421.963,162.191
-122.739,421.741,162.213
-122.674,421.529,162.235
-122.61,421.318,162.246
-122.546,421.107,162.268
-122.481,420.895,162.29
-122.417,420.684,162.323
-122.352,420.473,162.345
-122.288,420.261,162.367
-122.224,420.05,162.389
-122.159,419.839,162.4
-122.095,419.627,162.411
-122.03,419.416,162.411
-121.966,419.205,162.422
-121.902,418.982,162.433
-121.837,418.771,162.444
-121.773,418.56,162.444
-121.708,418.348,162.444
-121.644,418.137,162.444
-121.589,417.937,162.433
-121.525,417.725,162.422
-121.46,417.514,162.422
-121.396,417.303,162.422
-121.331,417.091,162.411
-121.258,416.869,162.4
-121.193,416.658,162.389
-121.129,416.446,162.378
-121.064,416.235,162.356
-121,416.024,162.345
-120.936,415.812,162.323
-120.871,415.612,162.301
-120.807,415.401,162.279
-120.742,415.189,162.257
-120.678,414.978,162.246
-120.614,414.767,162.235
-120.549,414.555,162.213
-120.485,414.344,162.191
-120.42,414.133,162.169
-120.356,413.921,162.158
-120.291,413.71,162.136
-120.227,413.499,162.125
-120.163,413.287,162.103
-120.089,413.076,162.092
-120.024,412.865,162.081
-119.96,412.653,162.07
-119.896,412.442,162.059
-119.831,412.231,162.048
-119.767,412.019,162.037
-119.702,411.808,162.037
-119.638,411.608,162.037
-119.573,411.396,162.026
-119.509,411.196,162.026
-119.444,410.985,162.037
-119.38,410.774,162.037
-119.306,410.562,162.048
-119.242,410.34,162.059
-119.177,410.128,162.07
-119.113,409.917,162.081
-119.049,409.706,162.081
-118.984,409.494,162.092
-118.91,409.294,162.092
-118.846,409.083,162.103
-118.781,408.871,162.114
-118.717,408.671,162.136
-118.653,408.449,162.147
-118.588,408.237,162.158
-118.524,408.026,162.169
-118.459,407.815,162.18
-118.395,407.603,162.191
-118.331,407.392,162.213
-118.266,407.181,162.224
-118.202,406.969,162.246
-118.137,406.747,162.268
-118.073,406.536,162.29
-118.009,406.324,162.301
-117.935,406.113,162.323
-117.87,405.901,162.334
-117.806,405.69,162.345
-117.742,405.479,162.356
-117.677,405.267,162.367
-117.613,405.056,162.378
-117.548,404.845,162.4
-117.484,404.634,162.411
-117.42,404.422,162.422
-117.355,404.2,162.444
-117.291,403.977,162.455
-117.227,403.766,162.466
-117.162,403.555,162.477
-117.088,403.332,162.499
-117.033,403.132,162.51
-116.969,402.921,162.521
-116.905,402.709,162.543
-116.84,402.498,162.554
-116.776,402.287,162.565
-116.702,402.064,162.576
-116.638,401.842,162.598
-116.573,401.63,162.609
-116.509,401.408,162.62
-116.445,401.197,162.642
-116.38,400.985,162.653
-116.316,400.774,162.675
-116.251,400.552,162.697
-116.187,400.34,162.708
-116.123,400.118,162.729
-116.058,399.907,162.751
-115.994,399.695,162.762
-115.93,399.473,162.784
-115.865,399.261,162.795
-115.801,399.05,162.806
-115.727,398.828,162.828
-115.663,398.605,162.85
-115.598,398.394,162.872
-115.534,398.171,162.883
-115.47,397.96,162.905
-115.415,397.738,162.927
-115.351,397.526,162.949
-115.286,397.304,162.971
-115.222,397.093,162.982
-115.158,396.87,163.004
-115.093,396.659,163.026
-115.029,396.437,163.048
-114.964,396.225,163.07
-114.9,396.003,163.092
-114.845,395.792,163.114
-114.772,395.558,163.125
-114.707,395.336,163.147
-114.643,395.113,163.169
-114.588,394.902,163.191
-114.524,394.68,163.213
-114.46,394.457,163.235
-114.405,394.257,163.257
-114.34,394.035,163.279
-114.276,393.812,163.301
-114.212,393.59,163.323
-114.148,393.367,163.345
-114.083,393.145,163.367
-114.019,392.922,163.389
-113.955,392.7,163.411
-113.89,392.478,163.433
-113.836,392.266,163.455
-113.771,392.044,163.488
-113.707,391.833,163.51
-113.643,391.61,163.542
-113.588,391.388,163.575
-113.514,391.154,163.608
-113.459,390.932,163.641
-113.395,390.71,163.674
-113.331,390.487,163.718
-113.267,390.265,163.751
-113.212,390.054,163.795
-113.147,389.831,163.839
-113.093,389.609,163.872
-113.028,389.386,163.916
-112.964,389.164,163.949
-112.9,388.931,163.982
-112.836,388.708,164.015
-112.781,388.486,164.059
-112.717,388.263,164.092
-112.652,388.041,164.125
-112.598,387.819,164.169
-112.533,387.596,164.213
-112.469,387.374,164.246
-112.414,387.151,164.279
-112.35,386.918,164.312
-112.295,386.696,164.355
-112.231,386.473,164.388
-112.167,386.251,164.421
-112.112,386.017,164.465
-112.048,385.795,164.498
-111.993,385.573,164.531
-111.929,385.35,164.564
-111.874,385.117,164.586
-111.81,384.895,164.619
-111.755,384.672,164.652
-111.691,384.439,164.685
-111.636,384.216,164.707
-111.572,383.994,164.74
-111.517,383.761,164.773
-111.453,383.538,164.806
-111.398,383.316,164.828
-111.344,383.094,164.861
-111.279,382.871,164.894
-111.225,382.638,164.916
-111.17,382.415,164.949
-111.106,382.182,164.982
-111.051,381.96,165.004
-110.996,381.737,165.037
-110.932,381.504,165.07
-110.877,381.282,165.092
-110.823,381.059,165.125
-110.768,380.826,165.146
-110.704,380.603,165.179
-110.649,380.381,165.212
-110.594,380.148,165.245
-110.54,379.925,165.278
-110.475,379.692,165.3
-110.421,379.47,165.333
-110.366,379.236,165.366
-110.311,379.014,165.388
-110.257,378.792,165.421
-110.202,378.569,165.443
-110.147,378.336,165.465
-110.083,378.113,165.498
-110.028,377.891,165.531
-109.974,377.658,165.564
-109.919,377.424,165.597
-109.864,377.202,165.63
-109.809,376.98,165.663
-109.755,376.746,165.685
-109.7,376.524,165.707
-109.645,376.302,165.74
-109.591,376.079,165.784
-109.536,375.846,165.817
-109.481,375.624,165.85
-109.427,375.39,165.883
-109.372,375.168,165.916
-109.317,374.935,165.948
-109.262,374.712,165.981
-109.208,374.479,166.003
-109.153,374.268,166.036
-109.108,374.045,166.08
-109.053,373.823,166.113
-108.998,373.601,166.146
-108.943,373.379,166.179
-108.889,373.145,166.212
-108.834,372.912,166.245
-108.78,372.678,166.278
-108.725,372.456,166.311
-108.68,372.234,166.344
-108.625,372,166.366
-108.57,371.789,166.399
-108.525,371.567,166.432
-108.47,371.345,166.465
-108.415,371.122,166.498
-108.361,370.878,166.542
-108.316,370.656,166.575
-108.261,370.433,166.608
-108.206,370.211,166.63
-108.161,369.978,166.663
-108.116,369.767,166.696
-108.061,369.533,166.729
-108.016,369.311,166.761
-107.961,369.089,166.794
-107.916,368.867,166.827
-107.861,368.633,166.86
-107.816,368.411,166.893
-107.761,368.189,166.926
-107.716,367.966,166.948
-107.661,367.744,166.981
-107.616,367.511,167.014
-107.571,367.289,167.058
-107.516,367.066,167.08
-107.471,366.844,167.102
-107.416,366.622,167.113
-107.371,366.4,167.124
-107.326,366.166,167.135
-107.271,365.944,167.135
-107.226,365.722,167.135
-107.171,365.488,167.146
-107.126,365.277,167.135
-107.081,365.055,167.135
-107.036,364.833,167.124
-106.99,364.611,167.113
-106.936,364.388,167.113
-106.891,364.166,167.102
-106.845,363.944,167.102
-106.791,363.722,167.091
-106.745,363.488,167.091
-106.7,363.266,167.091
-106.645,363.044,167.08
-106.6,362.822,167.069
-106.555,362.599,167.069
-106.5,362.366,167.069
-106.455,362.144,167.058
-106.41,361.933,167.047
-106.355,361.71,167.047
-106.31,361.488,167.036
-106.265,361.266,167.025
-106.21,361.044,167.025
-106.165,360.821,167.014
-106.11,360.588,167.014
-106.055,360.366,167.003
-106.01,360.144,166.992
-105.965,359.921,166.981
-105.92,359.71,166.981
-105.865,359.488,166.97
-105.82,359.266,166.97
-105.765,359.032,166.959
-105.72,358.81,166.959
-105.665,358.588,166.948
-105.62,358.366,166.948
-105.575,358.143,166.937
-105.52,357.921,166.926
-105.475,357.699,166.915
-105.429,357.477,166.904
-105.375,357.254,166.904
-105.329,357.032,166.904
-105.275,356.81,166.893
-105.229,356.588,166.893
-105.175,356.354,166.893
-105.13,356.132,166.882
-105.084,355.91,166.871
-105.03,355.688,166.86
-104.984,355.465,166.86
-104.93,355.243,166.86
-104.884,355.032,166.86
-104.839,354.81,166.849
-104.784,354.587,166.838
-104.739,354.365,166.838
-104.684,354.143,166.827
-104.63,353.921,166.816
-104.585,353.687,166.805
-104.53,353.465,166.805
-104.485,353.243,166.794
-104.439,353.032,166.794
-104.385,352.809,166.783
-104.339,352.587,166.783
-104.285,352.365,166.772
-104.239,352.143,166.761
-104.185,351.92,166.761
-104.139,351.698,166.75
-104.085,351.476,166.75
-104.039,351.254,166.74
-103.985,351.031,166.729
-103.939,350.809,166.729
-103.885,350.587,166.718
-103.83,350.364,166.707
-103.785,350.131,166.696
-103.73,349.909,166.696
-103.685,349.687,166.674
-103.63,349.475,166.663
-103.575,349.253,166.652
-103.53,349.031,166.652
-103.475,348.809,166.641
-103.43,348.598,166.641
-103.385,348.375,166.63
-103.33,348.153,166.63
-103.285,347.931,166.619
-103.23,347.708,166.597
-103.175,347.475,166.586
-103.121,347.253,166.575
-103.075,347.031,166.564
-103.021,346.808,166.553
-102.975,346.586,166.542
-102.93,346.375,166.531
-102.875,346.153,166.52
-102.83,345.93,166.509
-102.775,345.708,166.498
-102.73,345.486,166.487
-102.675,345.275,166.476
-102.621,345.052,166.476
-102.566,344.83,166.465
-102.521,344.608,166.454
-102.466,344.386,166.443
-102.411,344.163,166.432
-102.366,343.93,166.41
-102.311,343.708,166.399
-102.257,343.485,166.388
-102.211,343.263,166.366
-102.156,343.052,166.355
-102.102,342.83,166.344
-102.056,342.607,166.333
-102.002,342.396,166.322
-101.947,342.174,166.311
-101.892,341.94,166.3
-101.847,341.718,166.289
-101.792,341.496,166.278
-101.737,341.274,166.267
-101.692,341.051,166.256
-101.638,340.829,166.234
-101.583,340.607,166.223
-101.528,340.384,166.223
-101.473,340.162,166.212
-101.428,339.94,166.201
-101.364,339.718,166.201
-101.309,339.495,166.19
-101.254,339.273,166.19
-101.209,339.051,166.179
-101.154,338.828,166.179
-101.1,338.595,166.19
-101.045,338.373,166.201
-101,338.151,166.212
-100.945,337.928,166.223
-100.89,337.706,166.245
-100.835,337.484,166.245
-100.781,337.261,166.267
-100.726,337.039,166.278
-100.671,336.817,166.289
-100.626,336.594,166.311
-100.571,336.372,166.333
-100.517,336.139,166.355
-100.462,335.916,166.366
-100.407,335.694,166.377
-100.352,335.472,166.388
-100.298,335.25,166.41
-100.253,335.016,166.421
-100.198,334.794,166.443
-100.143,334.572,166.454
-100.088,334.349,166.476
-100.043,334.127,166.498
-99.988,333.905,166.509
-99.934,333.682,166.52
-99.879,333.449,166.542
-99.824,333.227,166.553
-99.779,333.005,166.564
-99.724,332.782,166.586
-99.669,332.56,166.597
-99.624,332.327,166.619
-99.57,332.104,166.63
-99.515,331.871,166.652
-99.47,331.638,166.674
-99.415,331.415,166.707
-99.36,331.193,166.729
-99.315,330.96,166.761
-99.26,330.749,166.794
-99.206,330.526,166.827
-99.16,330.304,166.86
-99.106,330.082,166.904
-99.061,329.848,166.937
-99.006,329.615,166.981
-98.961,329.393,167.014
-98.906,329.159,167.047
-98.861,328.937,167.091
-98.806,328.715,167.124
-98.752,328.482,167.157
-98.706,328.259,167.19
-98.652,328.037,167.223
-98.607,327.804,167.245
-98.552,327.581,167.267
-98.507,327.359,167.3
-98.452,327.137,167.322
-98.407,326.904,167.344
-98.352,326.681,167.366
-98.307,326.459,167.388
-98.252,326.237,167.41
-98.207,326.015,167.432
-98.162,325.781,167.465
-98.107,325.559,167.487
-98.062,325.337,167.509
-98.007,325.103,167.52
-97.962,324.881,167.542
-97.917,324.648,167.563
-97.862,324.426,167.574
-97.817,324.203,167.596
-97.772,323.981,167.618
-97.726,323.77,167.629
-97.681,323.537,167.651
-97.626,323.314,167.673
-97.581,323.092,167.684
-97.536,322.859,167.695
-97.481,322.637,167.717
-97.436,322.403,167.728
-97.391,322.181,167.739
-97.346,321.959,167.761
-97.301,321.737,167.772
-97.255,321.515,167.783
-97.201,321.292,167.794
-97.155,321.07,167.805
-97.11,320.848,167.816
-97.065,320.615,167.816
-97.02,320.392,167.827
-96.965,320.17,167.838
-96.92,319.948,167.838
-96.875,319.726,167.849
-96.829,319.503,167.86
-96.784,319.27,167.871
-96.739,319.048,167.882
-96.694,318.826,167.893
-96.649,318.604,167.893
-96.594,318.37,167.904
-96.549,318.137,167.904
-96.504,317.915,167.915
-96.459,317.692,167.926
-96.413,317.459,167.926
-96.368,317.248,167.937
-96.323,317.026,167.948
-96.278,316.804,167.959
-96.223,316.57,167.959
-96.178,316.348,167.959
-96.133,316.115,167.959
-96.088,315.893,167.959
-96.042,315.67,167.959
-95.997,315.448,167.959
-95.952,315.215,167.959
-95.907,314.993,167.948
-95.862,314.77,167.948
-95.816,314.548,167.948
-95.771,314.315,167.948
-95.717,314.093,167.937
-95.671,313.87,167.937
-95.626,313.648,167.937
-95.581,313.426,167.937
-95.536,313.204,167.937
-95.49,312.982,167.926
-95.445,312.759,167.926
-95.4,312.537,167.915
-95.355,312.315,167.915
-95.3,312.093,167.904
-95.255,311.859,167.904
-95.21,311.637,167.893
-95.164,311.415,167.893
-95.119,311.193,167.882
-95.074,310.971,167.882
-95.029,310.737,167.871
-94.984,310.515,167.871
-94.929,310.293,167.86
-94.884,310.071,167.86
-94.839,309.848,167.86
-94.793,309.626,167.849
-94.748,309.415,167.838
-94.703,309.182,167.838
-94.658,308.96,167.827
-94.612,308.737,167.827
-94.567,308.515,167.816
-94.513,308.282,167.805
-94.467,308.059,167.805
-94.422,307.837,167.794
-94.377,307.615,167.783
-94.332,307.393,167.783
-94.287,307.171,167.772
-94.241,306.948,167.772
-94.196,306.726,167.772
-94.151,306.504,167.761
-94.106,306.282,167.75
-94.051,306.06,167.739
-94.006,305.826,167.739
-93.961,305.604,167.728
-93.915,305.382,167.717
-93.87,305.16,167.717
-93.815,304.937,167.717
-93.77,304.715,167.706
-93.725,304.493,167.706
-93.68,304.271,167.695
-93.635,304.037,167.684
-93.58,303.815,167.684
-93.535,303.593,167.673
-93.489,303.371,167.673
-93.444,303.149,167.662
-93.399,302.926,167.662
-93.354,302.704,167.662
-93.309,302.482,167.651
-93.254,302.249,167.651
-93.209,302.026,167.651
-93.164,301.804,167.64
-93.109,301.582,167.629
-93.064,301.36,167.629
-93.018,301.137,167.629
-92.973,300.915,167.618
-92.928,300.693,167.607
-92.883,300.46,167.607
-92.828,300.237,167.596
-92.783,300.015,167.585
-92.738,299.793,167.585
-92.692,299.571,167.574
-92.638,299.348,167.552
-92.592,299.137,167.552
-92.547,298.915,167.542
-92.502,298.693,167.531
-92.457,298.471,167.531
-92.402,298.237,167.52
-92.357,298.015,167.52
-92.312,297.793,167.509
-92.267,297.56,167.498
-92.212,297.337,167.487
-92.166,297.126,167.476
-92.121,296.904,167.465
-92.076,296.682,167.465
-92.021,296.459,167.454
-91.976,296.237,167.454
-91.921,296.004,167.443
-91.876,295.782,167.432
-91.831,295.559,167.41
-91.786,295.337,167.399
-91.731,295.115,167.388
-91.686,294.904,167.377
-91.64,294.682,167.366
-91.595,294.459,167.355
-91.541,294.237,167.344
-91.495,294.015,167.333
-91.441,293.782,167.322
-91.396,293.548,167.311
-91.35,293.326,167.3
-91.296,293.104,167.278
-91.25,292.882,167.267
-91.205,292.67,167.256
-91.15,292.448,167.245
-91.105,292.226,167.234
-91.06,292.004,167.223
-91.005,291.781,167.212
-90.96,291.548,167.19
-90.905,291.326,167.179
-90.86,291.104,167.168
-90.815,290.881,167.146
-90.76,290.648,167.135
-90.715,290.437,167.113
-90.67,290.215,167.102
-90.615,289.981,167.091
-90.57,289.759,167.08
-90.525,289.537,167.058
-90.47,289.315,167.047
-90.425,289.092,167.036
-90.37,288.87,167.025
-90.325,288.648,167.003
-90.279,288.437,166.992
-90.234,288.203,166.992
-90.179,287.981,166.981
-90.134,287.759,166.97
-90.079,287.537,166.959
-90.034,287.314,166.948
-89.98,287.092,166.937
-89.925,286.87,166.915
-89.88,286.648,166.904
-89.825,286.425,166.893
-89.78,286.203,166.882
-89.734,285.981,166.882
-89.68,285.759,166.871
-89.634,285.536,166.86
-89.58,285.314,166.838
-89.534,285.092,166.827
-89.48,284.869,166.816
-89.434,284.647,166.805
-89.38,284.425,166.794
-89.335,284.203,166.783
-89.28,283.969,166.783
-89.225,283.747,166.772
-89.18,283.525,166.761
-89.125,283.303,166.75
-89.08,283.08,166.74
-89.025,282.847,166.729
-88.97,282.636,166.729
-88.925,282.414,166.729
-88.87,282.191,166.729
-88.825,281.969,166.729
-88.771,281.747,166.729
-88.716,281.513,166.74
-88.671,281.28,166.74
-88.616,281.047,166.74
-88.561,280.824,166.74
-88.516,280.591,166.75
-88.461,280.38,166.75
-88.416,280.158,166.75
-88.361,279.935,166.761
-88.307,279.702,166.772
-88.262,279.48,166.772
-88.207,279.246,166.772
-88.152,279.024,166.772
-88.107,278.791,166.783
-88.052,278.568,166.783
-87.998,278.335,166.783
-87.953,278.113,166.794
-87.898,277.89,166.805
-87.853,277.657,166.816
-87.798,277.435,166.827
-87.743,277.201,166.838
-87.698,276.979,166.849
-87.634,276.746,166.86
-87.589,276.524,166.86
-87.534,276.301,166.871
-87.479,276.068,166.882
-87.434,275.846,166.904
-87.389,275.623,166.915
-87.334,275.401,166.926
-87.28,275.168,166.937
-87.234,274.946,166.937
-87.18,274.701,166.948
-87.135,274.468,166.948
-87.08,274.245,166.959
-87.025,274.012,166.97
-86.98,273.79,166.992
-86.925,273.568,167.003
-86.88,273.345,167.003
-86.825,273.123,167.014
-86.78,272.89,167.014
-86.726,272.667,167.014
-86.68,272.434,167.025
-86.626,272.201,167.025
-86.571,271.978,167.025
-86.526,271.745,167.036
-86.471,271.523,167.036
-86.426,271.301,167.025
-86.381,271.067,167.025
-86.326,270.845,167.025
-86.281,270.623,167.014
-86.226,270.389,167.014
-86.181,270.167,167.003
-86.126,269.945,167.003
-86.081,269.723,167.003
-86.027,269.489,167.003
-85.981,269.267,166.992
-85.927,269.034,166.992
-85.872,268.811,166.981
-85.827,268.578,166.981
-85.772,268.356,166.97
-85.727,268.123,166.959
-85.672,267.911,166.959
-85.627,267.689,166.948
-85.572,267.456,166.937
-85.527,267.234,166.937
-85.472,267.011,166.926
-85.418,266.778,166.926
-85.372,266.556,166.915
-85.318,266.333,166.904
-85.273,266.1,166.893
-85.218,265.878,166.893
-85.173,265.656,166.882
-85.118,265.433,166.882
-85.073,265.211,166.882
-85.018,264.978,166.871
-84.973,264.755,166.86
-84.918,264.522,166.849
-84.863,264.3,166.838
-84.818,264.077,166.827
-84.764,263.844,166.816
-84.718,263.622,166.816
-84.664,263.411,166.805
-84.618,263.188,166.794
-84.564,262.966,166.783
-84.518,262.733,166.761
-84.464,262.511,166.75
-84.409,262.277,166.74
-84.364,262.055,166.729
-84.309,261.833,166.718
-84.254,261.61,166.707
-84.209,261.388,166.696
-84.164,261.166,166.685
-84.109,260.944,166.674
-84.064,260.721,166.652
-84.009,260.499,166.641
-83.954,260.277,166.63
-83.909,260.055,166.608
-83.854,259.832,166.586
-83.8,259.61,166.575
-83.755,259.388,166.564
-83.7,259.165,166.542
-83.655,258.932,166.531
-83.6,258.71,166.52
-83.545,258.488,166.498
-83.5,258.265,166.487
-83.445,258.043,166.476
-83.39,257.832,166.454
-83.345,257.61,166.443
-83.29,257.387,166.432
-83.236,257.165,166.421
-83.19,256.954,166.41
-83.136,256.72,166.41
-83.081,256.498,166.399
-83.036,256.276,166.377
-82.981,256.054,166.366
-82.926,255.842,166.344
-82.881,255.62,166.333
-82.826,255.398,166.322
-82.781,255.187,166.311
-82.726,254.964,166.3
-82.671,254.742,166.289
-82.626,254.52,166.278
-82.571,254.298,166.267
-82.517,254.075,166.256
-82.471,253.864,166.234
-82.416,253.642,166.223
-82.362,253.431,166.212
-82.316,253.208,166.201
-82.261,252.997,166.19
-82.216,252.775,166.179
-82.162,252.553,166.157
-82.107,252.33,166.146
-82.052,252.108,166.135
-82.007,251.897,166.113
-81.952,251.675,166.102
-81.897,251.463,166.08
-81.852,251.252,166.058
-81.797,251.041,166.047
-81.752,250.819,166.025
-81.697,250.608,166.014
-81.642,250.385,166.003
-81.597,250.163,166.003
-81.542,249.941,166.003
-81.487,249.73,166.003
-81.442,249.507,166.003
-81.387,249.296,166.003
-81.332,249.074,166.003
-81.287,248.863,166.003
-81.232,248.652,166.003
-81.177,248.429,166.014
-81.132,248.218,166.014
-81.077,248.007,166.025
-81.022,247.785,166.036
-80.968,247.573,166.047
-80.922,247.362,166.047
-80.867,247.14,166.047
-80.822,246.918,166.058
-80.767,246.707,166.069
-80.712,246.495,166.08
-80.667,246.273,166.091
-80.612,246.062,166.091
-80.557,245.851,166.102
-80.512,245.64,166.102
-80.457,245.428,166.102
-80.412,245.217,166.102
-80.357,245.006,166.113
-80.302,244.795,166.113
-80.257,244.584,166.113
-80.202,244.372,166.113
-80.157,244.15,166.113
-80.102,243.939,166.102
-80.047,243.717,166.102
-80.002,243.506,166.091
-79.947,243.294,166.08
-79.902,243.072,166.08
-79.847,242.861,166.069
-79.801,242.661,166.069
-79.756,242.461,166.058
-79.701,242.25,166.058
-79.656,242.038,166.047
-79.601,241.827,166.036
-79.546,241.605,166.025
-79.501,241.394,166.014
-79.446,241.183,166.003
-79.401,240.971,166.003
-79.346,240.76,165.992
-79.3,240.56,165.981
-79.245,240.349,165.97
-79.2,240.138,165.959
-79.145,239.927,165.948
-79.1,239.715,165.927
-79.035,239.493,165.916
-78.99,239.282,165.894
-78.935,239.071,165.872
-78.89,238.86,165.85
-78.835,238.648,165.828
-78.79,238.448,165.806
-78.735,238.237,165.795
-78.689,238.026,165.773
-78.635,237.815,165.751
-78.589,237.604,165.729
-78.525,237.392,165.707
-78.479,237.181,165.685
-78.425,236.97,165.663
-78.379,236.759,165.641
-78.324,236.559,165.619
-78.279,236.348,165.608
-78.224,236.136,165.586
-78.169,235.925,165.564
-78.114,235.725,165.542
-78.069,235.514,165.509
-78.014,235.292,165.476
-77.959,235.08,165.443
-77.904,234.88,165.41
-77.849,234.669,165.388
-77.804,234.458,165.355
-77.749,234.258,165.333
-77.704,234.047,165.311
-77.649,233.835,165.289
-77.594,233.624,165.267
-77.539,233.424,165.234
-77.484,233.213,165.212
-77.439,232.991,165.19
-77.384,232.79,165.168
-77.329,232.579,165.146
-77.274,232.368,165.135
-77.219,232.168,165.114
-77.174,231.957,165.092
-77.119,231.745,165.07
-77.064,231.534,165.048
-77.009,231.323,165.026
-76.954,231.123,164.993
-76.899,230.912,164.982
-76.844,230.7,164.96
-76.789,230.5,164.938
-76.734,230.289,164.905
-76.68,230.078,164.894
-76.625,229.867,164.872
-76.57,229.655,164.85
-76.515,229.455,164.839
-76.46,229.244,164.817
-76.405,229.033,164.806
-76.35,228.833,164.795
-76.295,228.621,164.784
-76.24,228.41,164.773
-76.186,228.199,164.762
-76.14,227.988,164.762
-76.085,227.777,164.762
-76.03,227.576,164.762
-75.975,227.365,164.751
-75.921,227.154,164.762
-75.856,226.943,164.751
-75.801,226.731,164.751
-75.746,226.531,164.751
-75.691,226.32,164.762
-75.637,226.109,164.784
-75.582,225.898,164.795
-75.536,225.698,164.817
-75.481,225.486,164.839
-75.426,225.275,164.85
-75.372,225.064,164.872
-75.307,224.853,164.883
-75.252,224.641,164.894
-75.197,224.43,164.916
-75.142,224.23,164.927
-75.088,224.019,164.949
-75.042,223.808,164.971
-74.987,223.596,164.993
-74.932,223.385,165.015
-74.878,223.174,165.026
-74.823,222.963,165.048
-74.768,222.752,165.059
-74.713,222.551,165.081
-74.658,222.34,165.092
-74.603,222.129,165.114
-74.548,221.918,165.135
-74.503,221.707,165.157
-74.448,221.495,165.179
-74.393,221.284,165.19
-74.338,221.073,165.212
-74.283,220.862,165.223
-74.228,220.662,165.234
-74.174,220.45,165.256
-74.128,220.239,165.267
-74.073,220.028,165.289
-74.018,219.817,165.3
-73.964,219.606,165.322
-73.909,219.394,165.333
-73.863,219.183,165.355
-73.809,218.972,165.366
-73.754,218.761,165.388
-73.699,218.55,165.399
-73.644,218.349,165.41
-73.589,218.138,165.41
-73.544,217.927,165.432
-73.489,217.716,165.443
-73.434,217.493,165.454
-73.389,217.282,165.476
-73.334,217.071,165.487
-73.279,216.86,165.498
-73.224,216.649,165.52
-73.169,216.449,165.531
-73.124,216.237,165.542
-73.069,216.026,165.553
-73.014,215.815,165.575
-72.969,215.604,165.597
-72.914,215.393,165.608
-72.859,215.181,165.63
-72.804,214.97,165.652
-72.759,214.759,165.674
-72.704,214.548,165.685
-72.649,214.337,165.707
-72.604,214.125,165.729
-72.549,213.914,165.751
-72.503,213.703,165.784
-72.448,213.492,165.817
-72.394,213.281,165.85
-72.348,213.058,165.883
-72.293,212.847,165.927
-72.248,212.636,165.97
-72.193,212.425,166.014
-72.138,212.214,166.058
-72.083,212.014,166.102
-72.038,211.802,166.146
-71.983,211.591,166.201
-71.938,211.38,166.256
-71.893,211.158,166.3
-71.838,210.947,166.355
-71.792,210.736,166.399
-71.738,210.524,166.454
-71.692,210.313,166.498
-71.637,210.102,166.553
-71.592,209.891,166.597
-71.547,209.68,166.652
-71.492,209.469,166.696
-71.446,209.257,166.75
-71.401,209.046,166.805
-71.356,208.824,166.86
-71.301,208.613,166.915
-71.256,208.402,166.97
-71.21,208.191,167.014
-71.165,207.991,167.069
-71.119,207.779,167.124
-71.065,207.568,167.168
-71.019,207.357,167.223
-70.974,207.135,167.278
-70.929,206.924,167.344
-70.883,206.713,167.399
-70.838,206.502,167.454
-70.793,206.29,167.498
-70.747,206.079,167.542
-70.702,205.868,167.585
-70.657,205.657,167.629
-70.611,205.446,167.684
-70.576,205.235,167.728
-70.53,205.024,167.772
-70.485,204.802,167.816
-70.44,204.59,167.86
-70.394,204.379,167.904
-70.349,204.157,167.948
-70.313,203.946,167.992
-70.268,203.746,168.036
-70.222,203.546,168.08
-70.177,203.335,168.124
-70.141,203.124,168.168
-70.096,202.913,168.212
-70.051,202.691,168.256
-70.005,202.468,168.289
-69.97,202.257,168.333
-69.924,202.035,168.365
-69.879,201.824,168.398
-69.834,201.624,168.442
-69.798,201.413,168.475
-69.752,201.202,168.508
-69.717,200.991,168.541
-69.671,200.78,168.563
-69.635,200.569,168.596
-69.6,200.358,168.618
-69.554,200.147,168.651
-69.519,199.936,168.673
-69.473,199.724,168.695
-69.428,199.513,168.706
-69.392,199.313,168.728
-69.356,199.102,168.75
-69.311,198.891,168.761
-69.275,198.68,168.783
-69.239,198.458,168.816
-69.203,198.258,168.838
-69.158,198.047,168.871
-69.122,197.836,168.893
-69.086,197.625,168.926
-69.041,197.425,168.959
-69.005,197.214,169.003
-68.969,197.014,169.047
-68.933,196.803,169.091
-68.898,196.592,169.146
-68.852,196.381,169.189
-68.807,196.17,169.244
-68.771,195.959,169.31
-68.735,195.748,169.354
-68.699,195.548,169.409
-68.663,195.348,169.464
-68.627,195.148,169.519
-68.592,194.937,169.574
-68.556,194.737,169.64
-68.52,194.526,169.706
-68.475,194.304,169.772
-68.439,194.093,169.827
-68.403,193.893,169.882
-68.367,193.682,169.937
-68.341,193.471,169.991
-68.287,193.171,170.079
-68.251,192.971,170.134
-68.215,192.771,170.189
-68.179,192.56,170.244
-68.153,192.349,170.277
-68.117,192.127,170.31
-68.082,191.916,170.332
-68.046,191.716,170.365
-68.019,191.505,170.387
-67.984,191.294,170.431
-67.939,191.006,170.486
-67.903,190.795,170.519
-67.867,190.595,170.563
-67.841,190.384,170.585
-67.815,190.173,170.618
-67.789,189.94,170.64
-67.753,189.729,170.662
-67.717,189.518,170.684
-67.691,189.307,170.717
-67.646,189.029,170.76
-67.592,188.763,170.793
-67.547,188.485,170.837
-67.521,188.285,170.87
-67.485,188.085,170.892
-67.459,187.885,170.925
-67.432,187.685,170.947
-67.396,187.486,170.98
-67.37,187.286,171.002
-67.325,186.997,171.035
-67.281,186.708,171.068
-67.255,186.508,171.09
-67.21,186.231,171.123
-67.165,185.942,171.178
-67.139,185.742,171.2
-67.095,185.454,171.244
-67.05,185.176,171.288
-67.015,184.887,171.332
-66.971,184.599,171.398
-66.936,184.31,171.475
-66.891,184.021,171.562
-66.856,183.744,171.661
-66.812,183.455,171.749
-66.767,183.178,171.837
-66.732,182.9,171.925
-66.697,182.622,172.013
-66.662,182.345,172.112
-66.627,182.067,172.222
-66.592,181.79,172.321
-66.556,181.512,172.419
-66.53,181.313,172.485
-66.495,181.035,172.595
-66.46,180.758,172.716
-66.425,180.502,172.859
-66.399,180.236,173.013
-66.364,179.969,173.177
-66.338,179.681,173.342
-66.313,179.404,173.507
-66.287,179.126,173.672
-66.252,178.86,173.848
-66.226,178.615,174.012
-66.2,178.349,174.166
-66.184,178.083,174.331
-66.159,177.806,174.485
-66.133,177.539,174.65
-66.107,177.273,174.814
-66.082,177.018,174.968
-66.065,176.762,175.111
-66.04,176.496,175.254
-66.023,176.241,175.386
-66.007,175.986,175.507
-65.981,175.731,175.638
-65.965,175.475,175.759
-65.949,175.209,175.891
-65.933,174.943,176.012
-65.917,174.688,176.133
-65.9,174.444,176.254
-65.884,174.189,176.375
-65.877,173.945,176.517
-65.861,173.69,176.682
-65.845,173.423,176.858
-65.838,173.168,177.045
-65.831,172.924,177.231
-65.815,172.669,177.429
-65.808,172.425,177.638
-65.801,172.17,177.858
-65.795,171.915,178.066
-65.788,171.671,178.264
-65.781,171.416,178.462
-65.784,171.172,178.638
-65.787,170.917,178.813
-65.78,170.674,178.989
-65.783,170.419,179.132
-65.776,170.175,179.253
-65.779,169.92,179.352
-65.781,169.665,179.429
-65.784,169.41,179.517
-65.787,169.166,179.594
-65.79,168.911,179.67
-65.792,168.656,179.736
-65.786,168.401,179.791
-65.789,168.146,179.835
-65.791,167.891,179.89
-65.785,167.636,179.934
-65.787,167.381,179.956
-65.79,167.115,179.989
-65.784,166.871,180.033
-65.786,166.616,180.077
-65.789,166.35,180.11
-65.783,166.095,180.132
-65.785,165.829,180.154
-65.788,165.563,180.165
-65.782,165.308,180.176
-65.785,165.053,180.22
-65.787,164.787,180.231
-65.79,164.532,180.242
-65.803,164.278,180.275
-65.806,164.012,180.319
-65.808,163.757,180.352
-65.811,163.491,180.396
-65.824,163.236,180.45
-65.826,162.981,180.505
-65.839,162.726,180.56
-65.842,162.471,180.626
-65.844,162.216,180.692
-65.847,161.961,180.758
-65.86,161.695,180.791
-65.872,161.418,180.824
-65.875,161.163,180.846
-65.888,160.897,180.846
-65.881,160.665,180.813
-65.883,160.399,180.714
-65.896,160.144,180.549
-65.917,159.911,180.374
-65.92,159.667,180.198
-65.923,159.412,180.011
-65.926,159.146,179.791
-65.929,158.869,179.572
-65.932,158.614,179.341
-65.935,158.348,179.132
-65.937,158.127,178.923
-65.93,157.872,178.715
-65.933,157.628,178.484
-65.927,157.351,178.231
-65.92,157.096,177.957
-65.913,156.841,177.682
-65.897,156.596,177.407
-65.89,156.341,177.133
-65.883,156.086,176.858
-65.867,155.831,176.561
-65.851,155.587,176.254
-65.844,155.343,175.935
-65.828,155.088,175.616
-65.811,154.822,175.287
-65.786,154.578,174.957
-65.769,154.323,174.606
-65.743,154.078,174.254
-65.718,153.823,173.903
-65.701,153.568,173.54
-65.675,153.324,173.177
-65.65,153.069,172.826
-65.624,152.824,172.485
-65.598,152.569,172.156
-65.563,152.314,171.815
-65.527,152.07,171.486
-65.492,151.814,171.134
-65.457,151.559,170.793
-65.412,151.315,170.464
-65.376,151.059,170.123
-65.331,150.804,169.794
-65.296,150.559,169.475
-65.261,150.304,169.146
-65.206,150.06,168.827
-65.161,149.804,168.508
-65.116,149.56,168.201
-65.071,149.304,167.882
-65.017,149.06,167.574
-64.962,148.815,167.278
-64.908,148.56,166.992
-64.854,148.315,166.707
-64.809,148.06,166.443
-64.754,147.815,166.19
-64.69,147.56,165.959
-64.636,147.326,165.729
-64.572,147.082,165.498
-64.508,146.837,165.278
-64.453,146.582,165.07
-64.389,146.337,164.883
-64.325,146.092,164.707
-64.261,145.848,164.542
-64.197,145.603,164.388
-64.133,145.359,164.235
-64.069,145.114,164.07
-64.005,144.87,163.905
-63.941,144.625,163.751
-63.867,144.38,163.608
-63.794,144.136,163.488
-63.73,143.891,163.367
-63.656,143.646,163.246
-63.583,143.402,163.114
-63.519,143.157,162.982
-63.445,142.912,162.861
-63.371,142.668,162.74
-63.307,142.434,162.642
-63.234,142.189,162.554
-63.16,141.945,162.466
-63.087,141.689,162.378
-63.013,141.444,162.301
-62.93,141.2,162.235
-62.857,140.944,162.18
-62.783,140.721,162.136
-62.709,140.477,162.081
-62.636,140.232,162.037
-62.553,139.965,161.993
-62.479,139.72,161.96
-62.396,139.475,161.938
-62.323,139.22,161.906
-62.239,138.975,161.884
-62.166,138.73,161.862
-62.083,138.485,161.829
-62.009,138.23,161.807
-61.926,137.974,161.785
-61.843,137.718,161.763
-61.77,137.462,161.763
-61.687,137.206,161.752
-61.613,136.962,161.752
-61.53,136.706,161.73
-61.447,136.45,161.708
-61.364,136.205,161.697
-61.291,135.949,161.697
-61.208,135.682,161.708
-61.135,135.426,161.73
-61.052,135.171,161.752
-60.959,134.915,161.752
-60.886,134.659,161.752
-60.803,134.392,161.752
-60.72,134.147,161.763
-60.637,133.88,161.763
-60.554,133.624,161.785
-60.48,133.368,161.796
-60.397,133.113,161.796
-60.314,132.857,161.785
-60.232,132.59,161.785
-60.149,132.334,161.785
-60.066,132.078,161.785
-59.983,131.811,161.796
-59.9,131.555,161.796
-59.817,131.288,161.807
-59.734,131.021,161.807
-59.651,130.765,161.807
-59.578,130.51,161.818
-59.495,130.254,161.818
-59.412,129.987,161.807
-59.319,129.72,161.785
-59.236,129.453,161.763
-59.154,129.186,161.73
-59.061,128.919,161.686
-58.978,128.641,161.642
-58.896,128.374,161.587
-58.803,128.107,161.554
-58.729,127.884,161.499
-58.647,127.617,161.433
-58.564,127.361,161.367
-58.471,127.072,161.279
-58.407,126.872,161.224
-58.324,126.594,161.158
-58.232,126.327,161.093
-58.158,126.082,161.038
-58.066,125.815,160.983
-57.983,125.548,160.939
-57.891,125.27,160.895
-57.798,125.003,160.84
-57.706,124.725,160.818
-57.623,124.469,160.796
-57.531,124.191,160.785
-57.438,123.924,160.785
-57.346,123.656,160.785
-57.263,123.378,160.785
-57.171,123.111,160.785
-57.079,122.833,160.796
-56.977,122.555,160.818
-56.884,122.277,160.84
-56.792,122.01,160.851
-56.7,121.732,160.873
-56.607,121.465,160.895
-56.515,121.186,160.906
-56.423,120.919,160.928
-56.368,120.719,160.95
-56.275,120.441,160.983
-56.183,120.163,161.016
-56.091,119.896,161.049
-55.999,119.618,161.093
-55.906,119.34,161.136
-55.814,119.061,161.18
-55.749,118.861,161.202
-55.657,118.572,161.246
-55.565,118.294,161.29
-55.482,118.027,161.345
-55.39,117.749,161.4
-55.298,117.459,161.444
-55.205,117.181,161.499
-55.141,116.981,161.554
-55.086,116.781,161.598
-54.994,116.503,161.664
-54.902,116.213,161.73
-54.8,115.946,161.796
-54.707,115.657,161.84
-54.615,115.379,161.906
-54.533,115.09,161.971
-54.45,114.812,162.026
-54.358,114.523,162.07
-54.275,114.233,162.125
-54.192,113.955,162.169
-54.128,113.755,162.202
-54.045,113.477,162.257
-53.953,113.199,162.279
-53.861,112.91,162.301
-53.778,112.621,162.323
-53.686,112.342,162.334
-53.631,112.142,162.345
-53.548,111.853,162.345
-53.456,111.575,162.356
-53.373,111.286,162.367
-53.291,110.997,162.378
-53.199,110.707,162.378
-53.116,110.418,162.378
-53.024,110.129,162.378
-52.941,109.851,162.389
-52.876,109.651,162.389
-52.784,109.362,162.389
-52.702,109.072,162.4
-52.61,108.783,162.411
-52.517,108.494,162.411
-52.435,108.216,162.422
-52.38,108.016,162.422
-52.288,107.727,162.422
-52.205,107.437,162.422
-52.14,107.237,162.433
-52.058,106.948,162.444
-51.966,106.659,162.455
-51.873,106.37,162.455
-51.818,106.169,162.455
-51.726,105.88,162.455
-51.634,105.591,162.455
-51.579,105.391,162.466
-51.487,105.102,162.466
-51.432,104.901,162.477
-51.34,104.612,162.477
-51.257,104.323,162.488
-51.193,104.123,162.488
-51.101,103.834,162.488
-51.046,103.634,162.488
-50.953,103.344,162.499
-50.898,103.144,162.499
-50.834,102.944,162.499
-50.751,102.655,162.51
-50.696,102.455,162.521
-50.604,102.165,162.521
-50.54,101.965,162.532
-50.447,101.676,162.532
-50.392,101.476,162.532
-50.328,101.276,162.543
-50.245,100.986,162.543
-50.181,100.786,162.543
-50.126,100.586,162.554
-50.071,100.386,162.554
-50.006,100.186,162.554
-49.924,99.896,162.554
-49.859,99.696,162.554
-49.767,99.407,162.565
-49.712,99.207,162.565
-49.657,99.007,162.565
-49.592,98.806,162.576
-49.528,98.606,162.576
-49.473,98.406,162.587
-49.408,98.206,162.587
-49.353,98.006,162.587
-49.289,97.805,162.587
-49.206,97.516,162.587
-49.142,97.316,162.598
-49.059,97.027,162.609
-48.995,96.827,162.62
-48.93,96.604,162.62
-48.866,96.404,162.62
-48.801,96.204,162.62
-48.746,96.004,162.62
-48.682,95.803,162.609
-48.599,95.514,162.598
-48.544,95.314,162.587
-48.48,95.114,162.576
-48.425,94.914,162.554
-48.36,94.702,162.532
-48.296,94.502,162.499
-48.241,94.302,162.466
-48.176,94.102,162.422
-48.112,93.902,162.378
-48.029,93.612,162.312
-47.964,93.412,162.257
-47.909,93.212,162.213
-47.845,93.012,162.169
-47.78,92.812,162.125
-47.716,92.6,162.081
-47.651,92.4,162.026
-47.596,92.2,161.982
-47.532,91.988,161.927
-47.468,91.788,161.884
-47.376,91.488,161.829
-47.311,91.288,161.807
-47.246,91.087,161.774
-47.182,90.887,161.752
-47.117,90.687,161.741
-47.053,90.487,161.73
-46.988,90.275,161.719
-46.924,90.075,161.719
-46.859,89.875,161.708
-46.795,89.675,161.708
-46.73,89.474,161.708
-46.666,89.274,161.708
-46.601,89.074,161.708
-46.537,88.874,161.719
-46.472,88.651,161.741
-46.408,88.451,161.752
-46.343,88.251,161.774
-46.279,88.039,161.796
-46.214,87.839,161.807
-46.15,87.639,161.807
-46.058,87.361,161.807
-45.993,87.161,161.807
-45.929,86.96,161.807
-45.864,86.76,161.818
-45.8,86.538,161.84
-45.735,86.337,161.851
-45.671,86.126,161.862
-45.606,85.926,161.862
-45.542,85.726,161.873
-45.477,85.525,161.873
-45.413,85.325,161.873
-45.348,85.125,161.873
-45.293,84.925,161.884
-45.229,84.724,161.895
-45.164,84.513,161.906
-45.1,84.302,161.906
-45.035,84.101,161.917
-44.971,83.901,161.917
-44.906,83.701,161.927
-44.842,83.49,161.938
-44.778,83.278,161.949
-44.713,83.078,161.949
-44.648,82.878,161.96
-44.584,82.678,161.971
-44.52,82.466,161.971
-44.455,82.266,161.982
-44.391,82.055,161.982
-44.326,81.854,161.993
-44.262,81.654,161.993
-44.207,81.443,162.004
-44.142,81.243,162.015
-44.078,81.042,162.015
-44.013,80.831,162.015
-43.949,80.631,162.015
-43.884,80.42,162.004
-43.82,80.208,162.004
-43.755,80.008,162.004
-43.691,79.797,161.993
-43.626,79.596,161.993
-43.562,79.396,161.993
-43.497,79.196,161.993
-43.433,78.996,161.993
-43.368,78.784,162.004
-43.304,78.584,162.004
-43.24,78.362,162.015
-43.175,78.161,162.026
-43.111,77.95,162.037
-43.046,77.75,162.048
-42.991,77.539,162.048
-42.927,77.327,162.059
-42.862,77.127,162.07
-42.798,76.916,162.081
-42.733,76.715,162.103
-42.669,76.504,162.114
-42.567,76.215,162.125
-42.503,76.003,162.136
-42.438,75.803,162.125
-42.374,75.592,162.136
-42.31,75.381,162.136
-42.245,75.169,162.136
-42.181,74.958,162.147
-42.116,74.747,162.147
-42.052,74.546,162.147
-41.997,74.335,162.147
-41.932,74.135,162.136
-41.868,73.924,162.125
-41.803,73.723,162.114
-41.739,73.512,162.092
-41.675,73.301,162.081
-41.61,73.089,162.07
-41.546,72.889,162.059
-41.481,72.678,162.037
-41.417,72.466,162.026
-41.352,72.266,162.004
-41.288,72.066,161.982
-41.223,71.855,161.949
-41.149,71.654,161.938
-41.085,71.443,161.917
-41.021,71.232,161.906
-40.956,71.02,161.884
-40.892,70.82,161.873
-40.827,70.609,161.862
-40.763,70.397,161.851
-40.689,70.186,161.851
-40.624,69.986,161.84
-40.56,69.774,161.829
-40.495,69.563,161.807
-40.431,69.363,161.796
-40.367,69.151,161.774
-40.302,68.94,161.774
-40.238,68.74,161.774
-40.173,68.528,161.774
-40.109,68.328,161.774
-40.035,68.117,161.774
-39.97,67.905,161.774
-39.906,67.694,161.774
-39.841,67.494,161.774
-39.777,67.283,161.763
-39.713,67.071,161.774
-39.648,66.86,161.774
-39.584,66.649,161.785
-39.519,66.437,161.807
-39.455,66.226,161.818
-39.381,66.026,161.829
-39.316,65.814,161.851
-39.252,65.603,161.862
-39.178,65.403,161.873
-39.114,65.191,161.884
-39.049,64.991,161.895
-38.985,64.78,161.917
-38.92,64.579,161.927
-38.856,64.368,161.927
-38.791,64.157,161.938
-38.717,63.945,161.938
-38.653,63.734,161.938
-38.589,63.523,161.927
-38.524,63.311,161.927
-38.46,63.1,161.917
-38.358,62.8,161.906
-38.294,62.599,161.895
-38.229,62.388,161.873
-38.165,62.188,161.851
-38.091,61.976,161.829
-38.036,61.743,161.818
-37.972,61.543,161.807
-37.907,61.331,161.807
-37.843,61.12,161.807
-37.778,60.909,161.807
-37.704,60.719,161.807
-37.64,60.519,161.807
-37.575,60.308,161.796
-37.511,60.108,161.796
-37.446,59.896,161.796
-37.382,59.674,161.796
-37.318,59.463,161.807
-37.244,59.251,161.796
-37.179,59.051,161.796
-37.115,58.84,161.796
-37.06,58.639,161.796
-36.986,58.439,161.807
-36.921,58.228,161.807
-36.857,58.016,161.818
-36.792,57.816,161.818
-36.728,57.605,161.818
-36.664,57.393,161.818
-36.599,57.182,161.818
-36.535,56.982,161.818
-36.461,56.77,161.818
-36.396,56.57,161.818
-36.332,56.359,161.818
-36.267,56.148,161.818
-36.203,55.947,161.829
-36.138,55.736,161.818
-36.074,55.525,161.818
-36,55.313,161.829
-35.936,55.102,161.818
-35.871,54.902,161.818
-35.807,54.69,161.829
-35.742,54.49,161.829
-35.678,54.29,161.84
-35.613,54.078,161.84
-35.549,53.878,161.851
-35.484,53.667,161.851
-35.411,53.444,161.851
-35.346,53.233,161.851
-35.282,53.022,161.862
-35.217,52.81,161.862
-35.143,52.61,161.862
-35.079,52.41,161.862
-35.014,52.21,161.862
-34.95,51.998,161.862
-34.885,51.798,161.873
-34.821,51.587,161.873
-34.747,51.364,161.873
-34.683,51.153,161.884
-34.618,50.941,161.884
-34.554,50.73,161.884
-34.48,50.519,161.884
-34.397,50.23,161.895
-34.333,50.018,161.895
-34.268,49.818,161.906
-34.204,49.607,161.906
-34.13,49.384,161.917
-34.066,49.173,161.917
-34.001,48.973,161.917
-33.937,48.761,161.927
-33.872,48.55,161.927
-33.808,48.35,161.927
-33.743,48.138,161.927
-33.679,47.938,161.938
-33.614,47.727,161.949
-33.55,47.515,161.96
-33.476,47.304,161.96
-33.412,47.093,161.96
-33.347,46.892,161.96
-33.283,46.681,161.96
-33.218,46.47,161.96
-33.154,46.269,161.971
-33.099,46.058,161.982
-33.034,45.858,161.982
-32.96,45.647,161.993
-32.896,45.435,162.004
-32.822,45.224,162.004
-32.758,45.012,162.004
-32.693,44.801,162.004
-32.629,44.59,162.004
-32.564,44.378,162.004
-32.5,44.178,162.015
-32.436,43.967,162.015
-32.371,43.767,162.015
-32.307,43.555,162.015
-32.242,43.344,162.026
-32.178,43.133,162.026
-32.114,42.91,162.037
-32.04,42.699,162.037
-31.975,42.487,162.037
-31.911,42.276,162.037
-31.819,41.987,162.037
-31.754,41.776,162.037
-31.69,41.575,162.037
-31.625,41.364,162.037
-31.561,41.164,162.048
-31.487,40.93,162.048
-31.423,40.719,162.048
-31.358,40.508,162.037
-31.294,40.296,162.026
-31.22,40.096,162.026
-31.165,39.896,162.026
-31.1,39.684,162.037
-31.036,39.473,162.037
-30.971,39.273,162.048
-30.907,39.061,162.048
-30.843,38.85,162.048
-30.769,38.639,162.048
-30.704,38.438,162.037
-30.64,38.227,162.037
-30.575,38.016,162.037
-30.52,37.805,162.048
-30.456,37.593,162.059
-30.382,37.393,162.07
-30.318,37.182,162.07
-30.253,36.97,162.07
-30.189,36.77,162.07
-30.124,36.559,162.059
-30.06,36.347,162.048
-29.995,36.147,162.037
-29.931,35.936,162.026
-29.866,35.724,162.015
-29.802,35.524,161.993
-29.738,35.313,161.971
-29.673,35.101,161.949
-29.609,34.901,161.917
-29.544,34.679,161.895
-29.48,34.467,161.873
-29.406,34.256,161.851
-29.341,34.056,161.829
-29.277,33.844,161.807
-29.203,33.644,161.774
-29.139,33.433,161.741
-29.074,33.233,161.719
-29.01,33.021,161.686
-28.936,32.81,161.664
-28.871,32.598,161.664
-28.807,32.387,161.653
-28.742,32.176,161.664
-28.678,31.976,161.664
-28.604,31.764,161.664
-28.54,31.542,161.664
-28.475,31.33,161.664
-28.401,31.119,161.664
-28.337,30.908,161.664
-28.273,30.696,161.675
-28.208,30.496,161.675
-28.144,30.285,161.675
-28.07,30.073,161.675
-28.005,29.862,161.675
-27.941,29.651,161.686
-27.867,29.439,161.686
-27.803,29.217,161.697
-27.738,29.005,161.697
-27.664,28.794,161.697
-27.6,28.583,161.697
-27.535,28.382,161.686
-27.461,28.171,161.686
-27.397,27.96,161.686
-27.333,27.748,161.686
-27.259,27.537,161.697
-27.194,27.314,161.708
-27.13,27.103,161.708
-27.056,26.892,161.708
-26.992,26.669,161.708
-26.927,26.458,161.708
-26.863,26.258,161.697
-26.789,26.046,161.708
-26.725,25.824,161.708
-26.66,25.613,161.708
-26.586,25.401,161.719
-26.512,25.19,161.719
-26.448,24.967,161.719
-26.384,24.756,161.719
-26.31,24.544,161.708
-26.245,24.333,161.708
-26.181,24.111,161.697
-26.107,23.899,161.708
-26.043,23.677,161.708
-25.969,23.465,161.708
-25.904,23.254,161.719
-25.84,23.043,161.719
-25.776,22.82,161.708
-25.702,22.609,161.708
-25.637,22.398,161.708
-25.564,22.175,161.708
-25.499,21.964,161.708
-25.425,21.752,161.708
-25.361,21.53,161.719
-25.287,21.318,161.719
-25.223,21.107,161.73
-25.149,20.874,161.73
-25.084,20.662,161.741
-25.02,20.44,161.752
-24.946,20.228,161.752
-24.882,20.006,161.752
-24.808,19.795,161.752
-24.744,19.583,161.752
-24.67,19.361,161.763
-24.605,19.149,161.774
-24.531,18.938,161.785
-24.458,18.715,161.785
-24.393,18.493,161.785
-24.319,18.282,161.796
-24.255,18.059,161.796
-24.181,17.837,161.796
-24.117,17.625,161.807
-24.043,17.403,161.807
-23.979,17.191,161.818
-23.905,16.969,161.829
-23.841,16.746,161.829
-23.767,16.524,161.829
-23.702,16.313,161.829
-23.628,16.09,161.829
-23.564,15.868,161.829
-23.49,15.656,161.84
-23.426,15.434,161.84
-23.362,15.223,161.851
-23.288,15,161.851
-23.223,14.778,161.851
-23.15,14.566,161.851
-23.076,14.333,161.862
-23.012,14.11,161.862
-22.938,13.899,161.873
-22.873,13.676,161.873
-22.799,13.454,161.884
-22.735,13.242,161.895
-22.661,13.02,161.895
-22.597,12.798,161.906
-22.523,12.586,161.906
-22.459,12.364,161.906
-22.385,12.13,161.917
-22.311,11.908,161.917
-22.247,11.685,161.917
-22.173,11.463,161.917
-22.109,11.24,161.917
-22.045,11.018,161.917
-21.971,10.806,161.917
-21.897,10.584,161.917
-21.833,10.361,161.906
-21.759,10.139,161.906
-21.694,9.928,161.895
-21.62,9.705,161.895
-21.556,9.483,161.895
-21.482,9.26,161.895
-21.418,9.049,161.895
-21.344,8.804,161.895
-21.271,8.582,161.895
-21.206,8.359,161.906
-21.132,8.137,161.906
-21.068,7.914,161.895
-20.994,7.714,161.895
-20.93,7.491,161.895
-20.856,7.269,161.906
-20.792,7.058,161.906
-20.718,6.835,161.917
-20.644,6.59,161.917
-20.58,6.368,161.917
-20.506,6.145,161.927
-20.442,5.923,161.927
-20.368,5.701,161.938
-20.304,5.489,161.949
-20.23,5.267,161.949
-20.165,5.055,161.96
-20.092,4.833,161.971
-20.027,4.61,161.971
-19.953,4.388,161.971
-19.889,4.165,161.982
-19.815,3.943,161.982
-19.751,3.721,161.982
-19.677,3.498,161.993
-19.603,3.276,161.982
-19.539,3.053,161.982
-19.465,2.831,161.982
-19.392,2.608,161.971
-19.327,2.386,161.982
-19.253,2.163,161.982
-19.189,1.941,161.982
-19.115,1.729,161.982
-19.051,1.507,161.982
-18.977,1.284,161.971
-18.913,1.051,161.971
-18.839,0.828,161.982
-18.775,0.606,161.982
-18.701,0.383,161.982
-18.637,0.161,161.982
-18.563,-0.05,161.971
-18.498,-0.273,161.971
-18.425,-0.484,161.971
-18.36,-0.707,161.982
-18.286,-0.929,161.993
-18.213,-1.163,161.993
-18.139,-1.385,162.004
-18.075,-1.608,162.004
-18.001,-1.83,162.004
-17.937,-2.053,162.004
-17.872,-2.264,162.004
-17.798,-2.475,162.004
-17.734,-2.698,162.004
-17.67,-2.92,162.004
-17.596,-3.132,162.004
-17.532,-3.365,162.004
-17.458,-3.588,162.004
-17.393,-3.81,162.004
-17.32,-4.033,162.004
-17.255,-4.255,162.004
-17.181,-4.467,161.993
-17.117,-4.689,161.993
-17.053,-4.911,162.004
-16.979,-5.134,162.004
-16.915,-5.356,162.015
-16.85,-5.568,162.037
-16.776,-5.79,162.059
-16.712,-6.013,162.081
-16.638,-6.235,162.114
-16.574,-6.458,162.136
-16.5,-6.68,162.169
-16.436,-6.891,162.191
-16.372,-7.114,162.213
-16.298,-7.336,162.235
-16.233,-7.548,162.257
-16.16,-7.77,162.29
-16.095,-7.981,162.301
-16.021,-8.204,162.323
-15.957,-8.415,162.334
-15.893,-8.638,162.345
-15.819,-8.871,162.356
-15.755,-9.094,162.367
-15.681,-9.316,162.389
-15.616,-9.539,162.4
-15.552,-9.75,162.422
-15.488,-9.961,162.433
-15.423,-10.173,162.455
-15.359,-10.395,162.466
-15.295,-10.606,162.488
-15.23,-10.829,162.499
-15.156,-11.051,162.51
-15.083,-11.274,162.521
-15.018,-11.496,162.532
-14.954,-11.708,162.543
-14.89,-11.93,162.554
-14.825,-12.152,162.565
-14.761,-12.364,162.576
-14.687,-12.586,162.587
-14.623,-12.809,162.598
-14.558,-13.02,162.609
-14.494,-13.231,162.609
-14.43,-13.454,162.609
-14.365,-13.676,162.609
-14.292,-13.888,162.598
-14.227,-14.11,162.598
-14.163,-14.332,162.587
-14.099,-14.555,162.565
-14.034,-14.766,162.543
-13.97,-14.989,162.521
-13.906,-15.2,162.499
-13.841,-15.411,162.466
-13.777,-15.634,162.433
-13.712,-15.845,162.4
-13.648,-16.067,162.345
-13.574,-16.279,162.301
-13.51,-16.501,162.246
-13.446,-16.724,162.202
-13.372,-16.935,162.158
-13.307,-17.158,162.103
-13.243,-17.369,162.059
-13.179,-17.591,162.015
-13.105,-17.803,161.96
-13.041,-18.025,161.917
-12.976,-18.236,161.862
-12.902,-18.459,161.818
-12.838,-18.659,161.763
-12.773,-18.871,161.719
-12.709,-19.093,161.675
-12.635,-19.304,161.631
-12.571,-19.516,161.587
-12.506,-19.738,161.554
-12.433,-19.95,161.532
-12.368,-20.172,161.499
-12.294,-20.383,161.466
-12.23,-20.595,161.444
-12.156,-20.817,161.422
-12.092,-21.04,161.411
-12.018,-21.251,161.4
-11.953,-21.462,161.389
-11.88,-21.685,161.389
-11.806,-21.885,161.378
-11.741,-22.097,161.367
-11.667,-22.308,161.356
-11.603,-22.519,161.356
-11.529,-22.742,161.356
-11.455,-22.964,161.367
-11.391,-23.176,161.378
-11.317,-23.387,161.4
-11.253,-23.61,161.422
-11.179,-23.821,161.433
-11.114,-24.032,161.455
-11.04,-24.255,161.477
-10.976,-24.466,161.499
-10.902,-24.678,161.532
-10.828,-24.9,161.565
-10.764,-25.112,161.587
-10.699,-25.323,161.62
-10.625,-25.534,161.642
-10.561,-25.746,161.664
-10.487,-25.957,161.675
-10.423,-26.179,161.697
-10.349,-26.402,161.708
-10.285,-26.613,161.719
-10.22,-26.825,161.73
-10.146,-27.047,161.752
-10.072,-27.259,161.763
-10.008,-27.481,161.774
-9.934,-27.692,161.785
-9.87,-27.904,161.796
-9.805,-28.126,161.796
-9.732,-28.338,161.807
-9.667,-28.549,161.818
-9.593,-28.772,161.829
-9.529,-28.983,161.829
-9.464,-29.194,161.84
-9.391,-29.417,161.851
-9.326,-29.628,161.862
-9.262,-29.85,161.873
-9.188,-30.062,161.895
-9.124,-30.284,161.906
-9.05,-30.496,161.917
-8.986,-30.718,161.927
-8.912,-30.93,161.938
-8.847,-31.152,161.949
-8.783,-31.363,161.949
-8.709,-31.586,161.96
-8.645,-31.797,161.971
-8.58,-32.008,161.982
-8.506,-32.231,161.982
-8.442,-32.442,161.993
-8.368,-32.665,161.993
-8.304,-32.876,162.004
-8.23,-33.099,162.004
-8.166,-33.31,162.015
-8.101,-33.532,162.026
-8.027,-33.755,162.026
-7.963,-33.966,162.026
-7.889,-34.189,162.037
-7.825,-34.411,162.037
-7.761,-34.623,162.048
-7.696,-34.845,162.059
-7.622,-35.056,162.059
-7.558,-35.279,162.07
-7.494,-35.49,162.081
-7.42,-35.713,162.081
-7.355,-35.924,162.081
-7.291,-36.146,162.092
-7.217,-36.369,162.092
-7.153,-36.58,162.081
-7.079,-36.803,162.092
-7.015,-37.014,162.092
-6.95,-37.237,162.092
-6.886,-37.448,162.081
-6.812,-37.67,162.081
-6.748,-37.893,162.081
-6.684,-38.115,162.081
-6.619,-38.327,162.092
-6.545,-38.549,162.081
-6.481,-38.771,162.081
-6.417,-38.983,162.081
-6.343,-39.194,162.081
-6.269,-39.417,162.081
-6.204,-39.628,162.081
-6.14,-39.85,162.081
-6.066,-40.073,162.081
-6.002,-40.295,162.092
-5.938,-40.518,162.092
-5.864,-40.729,162.081
-5.8,-40.952,162.07
-5.726,-41.174,162.07
-5.661,-41.386,162.081
-5.597,-41.608,162.081
-5.523,-41.83,162.081
-5.459,-42.042,162.092
-5.395,-42.264,162.092
-5.321,-42.476,162.092
-5.256,-42.698,162.092
-5.192,-42.92,162.092
-5.118,-43.132,162.092
-5.054,-43.354,162.103
-4.98,-43.577,162.103
-4.916,-43.788,162.103
-4.851,-44.011,162.114
-4.777,-44.222,162.114
-4.713,-44.444,162.125
-4.639,-44.667,162.114
-4.565,-44.889,162.103
-4.501,-45.112,162.103
-4.437,-45.323,162.092
-4.363,-45.546,162.092
-4.308,-45.757,162.103
-4.234,-45.968,162.114
-4.17,-46.191,162.114
-4.105,-46.402,162.125
-4.032,-46.625,162.125
-3.958,-46.847,162.114
-3.893,-47.07,162.103
-3.82,-47.281,162.092
-3.755,-47.503,162.092
-3.691,-47.726,162.092
-3.627,-47.937,162.092
-3.562,-48.16,162.092
-3.488,-48.382,162.103
-3.424,-48.593,162.092
-3.36,-48.816,162.081
-3.286,-49.027,162.059
-3.221,-49.239,162.048
-3.157,-49.45,162.026
-3.083,-49.672,162.026
-3.019,-49.884,162.015
-2.945,-50.117,162.026
-2.881,-50.34,162.026
-2.816,-50.551,162.026
-2.743,-50.774,162.026
-2.678,-50.996,162.026
-2.614,-51.196,162.026
-2.54,-51.419,162.026
-2.476,-51.63,162.037
-2.411,-51.853,162.037
-2.337,-52.064,162.048
-2.273,-52.286,162.059
-2.199,-52.509,162.07
-2.135,-52.72,162.081
-2.061,-52.943,162.081
-1.997,-53.165,162.092
-1.932,-53.377,162.103
-1.868,-53.599,162.103
-1.794,-53.81,162.114
-1.73,-54.033,162.125
-1.665,-54.244,162.136
-1.592,-54.467,162.125
-1.527,-54.678,162.136
-1.463,-54.9,162.136
-1.389,-55.112,162.136
-1.325,-55.334,162.147
-1.251,-55.546,162.147
-1.177,-55.757,162.147
-1.112,-55.98,162.136
-1.038,-56.191,162.136
-0.974,-56.413,162.147
-0.91,-56.636,162.147
-0.846,-56.858,162.169
-0.781,-57.07,162.18
-0.707,-57.292,162.18
-0.643,-57.503,162.191
-0.588,-57.726,162.202
-0.514,-57.937,162.213
-0.45,-58.148,162.224
-0.386,-58.371,162.235
-0.321,-58.582,162.246
-0.247,-58.805,162.257
-0.183,-59.027,162.268
-0.119,-59.238,162.268
-0.045,-59.461,162.279
0.02,-59.672,162.29
0.084,-59.895,162.301
0.158,-60.106,162.312
0.222,-60.329,162.323
0.286,-60.551,162.334
0.351,-60.762,162.334
0.415,-60.974,162.345
0.479,-61.196,162.345
0.544,-61.407,162.356
0.618,-61.63,162.356
0.682,-61.841,162.367
0.746,-62.064,162.367
0.811,-62.275,162.378
0.875,-62.497,162.389
0.939,-62.709,162.389
1.013,-62.931,162.389
1.078,-63.154,162.389
1.142,-63.376,162.378
1.216,-63.588,162.378
1.28,-63.81,162.367
1.345,-64.021,162.367
1.4,-64.221,162.367
1.473,-64.433,162.367
1.538,-64.655,162.367
1.602,-64.867,162.356
1.667,-65.078,162.345
1.74,-65.323,162.334
1.804,-65.545,162.323
1.878,-65.756,162.301
1.943,-65.979,162.29
2.007,-66.19,162.268
2.053,-66.39,162.246
2.117,-66.602,162.235
2.191,-66.813,162.213
2.255,-67.024,162.202
2.32,-67.236,162.18
2.403,-67.469,162.169
2.477,-67.692,162.147
2.541,-67.903,162.114
2.605,-68.126,162.081
2.679,-68.337,162.059
2.725,-68.537,162.037
2.789,-68.748,162.004
2.863,-68.96,161.982
2.928,-69.171,161.949
2.992,-69.394,161.927
3.066,-69.616,161.895
3.14,-69.839,161.862
3.204,-70.05,161.829
3.268,-70.261,161.796
3.342,-70.484,161.774
3.397,-70.684,161.741
3.471,-70.895,161.719
3.536,-71.107,161.686
3.6,-71.318,161.664
3.674,-71.53,161.642
3.738,-71.763,161.62
3.812,-71.974,161.598
3.876,-72.186,161.576
3.95,-72.397,161.565
4.015,-72.62,161.554
4.089,-72.82,161.532
4.153,-73.031,161.521
4.227,-73.243,161.51
4.291,-73.454,161.499
4.356,-73.665,161.488
4.43,-73.888,161.488
4.504,-74.099,161.488
4.568,-74.311,161.488
4.632,-74.522,161.488
4.706,-74.745,161.488
4.771,-74.956,161.488
4.845,-75.167,161.477
4.909,-75.379,161.477
4.973,-75.59,161.488
5.047,-75.801,161.488
5.121,-76.013,161.488
5.186,-76.224,161.488
5.25,-76.435,161.488
5.324,-76.647,161.488
5.388,-76.869,161.488
5.462,-77.081,161.499
5.527,-77.303,161.51
5.601,-77.515,161.51
5.665,-77.726,161.521
5.739,-77.937,161.532
5.794,-78.138,161.543
5.868,-78.349,161.565
5.932,-78.56,161.587
6.006,-78.772,161.598
6.071,-78.983,161.62
6.144,-79.217,161.642
6.209,-79.428,161.653
6.283,-79.639,161.675
6.347,-79.851,161.686
6.421,-80.062,161.708
6.476,-80.262,161.719
6.55,-80.485,161.741
6.614,-80.696,161.752
6.679,-80.908,161.774
6.753,-81.119,161.796
6.826,-81.341,161.807
6.891,-81.553,161.818
6.955,-81.764,161.829
7.02,-81.975,161.851
7.094,-82.187,161.862
7.158,-82.398,161.884
7.222,-82.61,161.906
7.287,-82.821,161.917
7.361,-83.032,161.927
7.425,-83.244,161.949
7.499,-83.466,161.949
7.563,-83.677,161.96
7.628,-83.9,161.96
7.702,-84.111,161.96
7.766,-84.323,161.971
7.858,-84.623,161.982
7.922,-84.834,161.982
7.987,-85.046,161.993
8.051,-85.257,161.993
8.125,-85.48,162.004
8.189,-85.691,162.015
8.254,-85.913,162.015
8.318,-86.125,162.015
8.392,-86.336,162.026
8.447,-86.536,162.026
8.521,-86.748,162.037
8.585,-86.959,162.048
8.65,-87.17,162.059
8.714,-87.382,162.07
8.779,-87.593,162.081
8.843,-87.804,162.092
8.907,-88.016,162.103
8.981,-88.227,162.114
9.046,-88.438,162.114
9.11,-88.65,162.136
9.175,-88.861,162.147
9.239,-89.072,162.158
9.303,-89.284,162.18
9.368,-89.495,162.18
9.442,-89.717,162.191
9.506,-89.929,162.202
9.571,-90.14,162.202
9.644,-90.352,162.213
9.709,-90.563,162.235
9.764,-90.763,162.246
9.828,-90.974,162.257
9.893,-91.186,162.268
9.957,-91.397,162.279
10.022,-91.608,162.279
10.095,-91.831,162.279
10.16,-92.042,162.279
10.224,-92.254,162.279
10.289,-92.465,162.268
10.353,-92.676,162.268
10.417,-92.876,162.279
10.482,-93.088,162.268
10.546,-93.299,162.268
10.611,-93.51,162.257
10.675,-93.722,162.257
10.739,-93.944,162.246
10.804,-94.156,162.235
10.868,-94.367,162.235
10.942,-94.578,162.224
11.007,-94.79,162.224
11.061,-95.001,162.224
11.126,-95.212,162.224
11.19,-95.435,162.213
11.264,-95.646,162.213
11.329,-95.857,162.213
11.393,-96.058,162.213
11.457,-96.269,162.213
11.522,-96.48,162.213
11.586,-96.692,162.202
11.651,-96.903,162.202
11.715,-97.125,162.202
11.779,-97.348,162.202
11.853,-97.559,162.202
11.918,-97.771,162.202
11.982,-97.982,162.191
12.046,-98.193,162.191
12.111,-98.405,162.191
12.175,-98.616,162.191
12.24,-98.827,162.202
12.304,-99.038,162.213
12.378,-99.261,162.213
12.442,-99.472,162.224
12.507,-99.684,162.224
12.571,-99.906,162.224
12.635,-100.117,162.224
12.7,-100.318,162.224
12.774,-100.529,162.235
12.838,-100.752,162.235
12.903,-100.963,162.235
12.967,-101.174,162.246
13.031,-101.397,162.246
13.096,-101.608,162.246
13.16,-101.83,162.246
13.234,-102.042,162.235
13.298,-102.253,162.235
13.363,-102.464,162.224
13.427,-102.676,162.213
13.492,-102.887,162.213
13.556,-103.11,162.213
13.62,-103.321,162.202
13.694,-103.543,162.202
13.758,-103.755,162.191
13.823,-103.977,162.18
13.887,-104.188,162.169
13.961,-104.411,162.158
14.025,-104.622,162.158
14.09,-104.834,162.147
14.164,-105.045,162.147
14.228,-105.267,162.136
14.292,-105.479,162.125
14.357,-105.701,162.125
14.431,-105.924,162.114
14.495,-106.135,162.103
14.559,-106.357,162.092
14.633,-106.569,162.081
14.697,-106.791,162.07
14.762,-107.003,162.059
14.826,-107.225,162.059
14.9,-107.436,162.048
14.964,-107.659,162.048
15.038,-107.881,162.037
15.103,-108.093,162.026
15.176,-108.315,162.015
15.241,-108.538,161.993
15.315,-108.749,161.993
15.379,-108.972,161.982
15.443,-109.194,161.982
15.517,-109.416,161.982
15.581,-109.628,161.971
15.655,-109.85,161.96
15.72,-110.073,161.938
15.793,-110.295,161.927
15.858,-110.507,161.906
15.922,-110.729,161.895
15.996,-110.952,161.884
16.06,-111.174,161.873
16.134,-111.396,161.873
16.208,-111.619,161.862
16.272,-111.841,161.84
16.346,-112.064,161.818
16.401,-112.275,161.807
16.475,-112.498,161.796
16.539,-112.709,161.796
16.603,-112.931,161.796
16.677,-113.154,161.785
16.76,-113.388,161.785
16.825,-113.61,161.774
16.898,-113.844,161.763
16.972,-114.066,161.752
17.036,-114.289,161.741
17.101,-114.5,161.73
17.175,-114.7,161.73
17.239,-114.923,161.719
17.313,-115.145,161.719
17.377,-115.356,161.708
17.451,-115.579,161.708
17.525,-115.824,161.708
17.599,-116.057,161.708
17.672,-116.28,161.708
17.737,-116.502,161.708
17.811,-116.714,161.708
17.875,-116.925,161.719
17.949,-117.136,161.719
18.013,-117.359,161.719
18.087,-117.581,161.719
18.161,-117.804,161.719
18.225,-118.037,161.719
18.299,-118.249,161.719
18.373,-118.471,161.719
18.437,-118.694,161.719
18.511,-118.916,161.708
18.575,-119.139,161.708
18.649,-119.361,161.708
18.713,-119.573,161.708
18.787,-119.795,161.708
18.861,-120.006,161.708
18.926,-120.229,161.697
18.999,-120.44,161.697
19.064,-120.663,161.697
19.138,-120.885,161.708
19.211,-121.108,161.708
19.276,-121.33,161.719
19.349,-121.553,161.73
19.423,-121.775,161.73
19.488,-121.987,161.73
19.552,-122.198,161.73
19.617,-122.409,161.73
19.69,-122.632,161.741
19.755,-122.843,161.741
19.819,-123.065,161.741
19.902,-123.288,161.741
19.967,-123.511,161.741
20.041,-123.722,161.752
20.105,-123.944,161.752
20.179,-124.156,161.752
20.243,-124.367,161.752
20.308,-124.59,161.763
20.382,-124.801,161.774
20.446,-125.023,161.785
20.51,-125.235,161.785
20.584,-125.446,161.796
20.649,-125.658,161.818
20.722,-125.88,161.818
20.787,-126.091,161.829
20.861,-126.303,161.84
20.925,-126.525,161.851
20.989,-126.737,161.862
21.054,-126.948,161.862
21.128,-127.159,161.873
21.192,-127.382,161.873
21.247,-127.604,161.873
21.321,-127.815,161.884
21.385,-128.027,161.884
21.449,-128.249,161.895
21.514,-128.461,161.895
21.597,-128.661,161.895
21.662,-128.883,161.906
21.726,-129.095,161.906
21.8,-129.306,161.906
21.865,-129.517,161.906
21.919,-129.74,161.917
21.993,-129.951,161.917
22.058,-130.163,161.927
22.122,-130.374,161.927
22.186,-130.585,161.938
22.251,-130.797,161.938
22.325,-131.008,161.938
22.389,-131.219,161.949
22.454,-131.431,161.96
22.518,-131.642,161.96
22.582,-131.853,161.96
22.656,-132.076,161.96
22.721,-132.287,161.96
22.785,-132.498,161.96
22.849,-132.71,161.971
22.923,-132.921,161.971
22.988,-133.133,161.971
23.052,-133.344,161.971
23.117,-133.555,161.971
23.191,-133.767,161.971
23.255,-133.989,161.971
23.319,-134.2,161.971
23.384,-134.412,161.971
23.448,-134.623,161.971
23.513,-134.834,161.971
23.587,-135.035,161.96
23.651,-135.246,161.96
23.715,-135.457,161.96
23.78,-135.669,161.96
23.844,-135.88,161.96
23.918,-136.092,161.96
23.982,-136.314,161.96
24.047,-136.525,161.96
24.111,-136.737,161.96
24.185,-136.948,161.96
24.24,-137.159,161.96
24.305,-137.359,161.96
24.369,-137.571,161.971
24.443,-137.782,161.982
24.507,-137.994,161.982
24.572,-138.216,161.993
24.636,-138.427,161.993
24.7,-138.639,162.004
24.765,-138.85,162.004
24.839,-139.061,162.004
24.903,-139.262,162.004
24.968,-139.473,162.004
25.032,-139.684,162.015
25.106,-139.896,162.015
25.171,-140.107,162.015
25.235,-140.33,162.026
25.299,-140.541,162.026
25.364,-140.752,162.015
25.428,-140.963,162.015
25.492,-141.175,162.004
25.566,-141.386,162.004
25.631,-141.598,162.004
25.695,-141.809,162.004
25.76,-142.02,161.993
25.834,-142.232,161.982
25.898,-142.443,161.971
25.962,-142.654,161.96
26.027,-142.866,161.949
26.091,-143.077,161.949
26.156,-143.288,161.938
26.23,-143.5,161.927
26.294,-143.711,161.927
26.358,-143.922,161.917
26.432,-144.134,161.906
26.497,-144.345,161.895
26.561,-144.557,161.884
26.626,-144.768,161.873
26.69,-144.979,161.862
26.754,-145.191,161.862
26.819,-145.402,161.851
26.893,-145.613,161.84
26.957,-145.825,161.829
27.022,-146.036,161.829
27.096,-146.247,161.818
27.16,-146.459,161.818
27.224,-146.67,161.818
27.289,-146.881,161.807
27.363,-147.093,161.807
27.427,-147.304,161.796
27.491,-147.515,161.796
27.556,-147.727,161.796
27.63,-147.938,161.796
27.694,-148.161,161.796
27.759,-148.372,161.796
27.823,-148.583,161.796
27.897,-148.795,161.796
27.961,-149.006,161.785
28.026,-149.217,161.785
28.1,-149.429,161.785
28.164,-149.64,161.785
28.228,-149.851,161.796
28.293,-150.063,161.796
28.357,-150.274,161.796
28.431,-150.486,161.796
28.496,-150.697,161.796
28.56,-150.919,161.796
28.634,-151.131,161.785
28.698,-151.342,161.785
28.763,-151.553,161.796
28.837,-151.765,161.796
28.901,-151.976,161.796
28.965,-152.188,161.796
29.03,-152.399,161.796
29.094,-152.61,161.796
29.168,-152.822,161.796
29.233,-153.044,161.796
29.297,-153.255,161.785
29.371,-153.467,161.785
29.435,-153.678,161.785
29.5,-153.889,161.796
29.564,-154.101,161.796
29.638,-154.312,161.796
29.702,-154.524,161.796
29.767,-154.735,161.796
29.831,-154.946,161.796
29.905,-155.158,161.807
29.97,-155.369,161.807
30.034,-155.58,161.807
30.108,-155.792,161.807
30.172,-156.003,161.818
30.237,-156.225,161.829
30.301,-156.437,161.829
30.375,-156.648,161.829
30.439,-156.86,161.829
30.504,-157.071,161.829
30.568,-157.271,161.829
30.633,-157.482,161.84
30.697,-157.694,161.84
30.771,-157.905,161.84
30.836,-158.105,161.851
30.9,-158.328,161.862
30.964,-158.539,161.873
31.038,-158.751,161.873
31.103,-158.962,161.884
31.167,-159.173,161.884
31.232,-159.374,161.884
31.296,-159.585,161.884
31.36,-159.796,161.895
31.425,-160.008,161.906
31.489,-160.208,161.917
31.563,-160.43,161.917
31.628,-160.642,161.927
31.692,-160.853,161.938
31.756,-161.064,161.938
31.821,-161.276,161.938
31.885,-161.476,161.938
31.95,-161.676,161.949
32.014,-161.887,161.949
32.079,-162.099,161.96
32.153,-162.31,161.971
32.217,-162.522,161.971
32.282,-162.733,161.982
32.346,-162.944,161.982
32.41,-163.144,161.993
32.475,-163.356,162.004
32.539,-163.567,162.004
32.641,-163.868,162.026
32.705,-164.068,162.026
32.77,-164.279,162.037
32.834,-164.479,162.048
32.899,-164.702,162.059
32.963,-164.902,162.059
33.028,-165.113,162.07
33.092,-165.314,162.07
33.157,-165.525,162.081
33.249,-165.814,162.092
33.313,-166.025,162.092
33.378,-166.226,162.103
33.442,-166.437,162.103
33.506,-166.648,162.114
33.571,-166.849,162.125
33.635,-167.06,162.125
33.7,-167.26,162.125
33.755,-167.471,162.125
33.847,-167.761,162.125
33.911,-167.961,162.136
33.976,-168.161,162.147
34.031,-168.361,162.147
34.096,-168.562,162.158
34.169,-168.784,162.158
34.234,-168.984,162.158
34.289,-169.196,162.147
34.353,-169.396,162.136
34.418,-169.596,162.136
34.51,-169.885,162.125
34.565,-170.085,162.125
34.63,-170.286,162.125
34.694,-170.486,162.125
34.758,-170.697,162.114
34.823,-170.897,162.103
34.887,-171.109,162.092
34.952,-171.309,162.092
35.007,-171.509,162.081
35.099,-171.787,162.07
35.164,-171.988,162.059
35.219,-172.188,162.048
35.283,-172.388,162.048
35.348,-172.588,162.037
35.412,-172.8,162.026
35.477,-173,162.015
35.541,-173.211,162.004
35.633,-173.5,161.993
35.698,-173.701,161.982
35.753,-173.901,161.982
35.817,-174.101,161.971
35.882,-174.301,161.971
35.946,-174.501,161.971
36.001,-174.713,161.96
36.066,-174.913,161.96
36.13,-175.113,161.96
36.185,-175.313,161.96
36.25,-175.514,161.96
36.342,-175.792,161.949
36.434,-176.081,161.938
36.499,-176.281,161.938
36.554,-176.481,161.938
36.618,-176.682,161.927
36.683,-176.882,161.917
36.738,-177.082,161.917
36.83,-177.371,161.906
36.895,-177.571,161.895
36.987,-177.85,161.884
37.051,-178.05,161.884
37.144,-178.339,161.873
37.199,-178.539,161.862
37.263,-178.739,161.862
37.328,-178.94,161.862
37.42,-179.229,161.851
37.484,-179.429,161.84
37.577,-179.707,161.829
37.632,-179.907,161.829
37.724,-180.197,161.818
37.788,-180.397,161.818
37.88,-180.686,161.818
37.945,-180.886,161.818
38.037,-181.176,161.818
38.102,-181.376,161.818
38.184,-181.654,161.818
38.249,-181.854,161.818
38.341,-182.143,161.829
38.433,-182.433,161.829
38.535,-182.722,161.829
38.59,-182.922,161.829
38.682,-183.211,161.818
38.774,-183.501,161.818
38.866,-183.79,161.807
38.959,-184.079,161.807
39.051,-184.368,161.807
39.115,-184.569,161.807
39.17,-184.769,161.807
39.262,-185.058,161.818
39.355,-185.347,161.818
39.456,-185.636,161.807
39.548,-185.926,161.807
39.641,-186.215,161.807
39.696,-186.415,161.807
39.788,-186.704,161.818
39.852,-186.905,161.829
39.944,-187.194,161.84
40.037,-187.472,161.84
40.092,-187.672,161.851
40.184,-187.961,161.851
40.276,-188.251,161.873
40.341,-188.451,161.884
40.423,-188.74,161.906
40.515,-189.029,161.927
40.617,-189.319,161.938
40.681,-189.519,161.949
40.764,-189.808,161.96
40.856,-190.097,161.971
40.949,-190.375,161.982
41.031,-190.664,162.004
41.123,-190.954,162.015
41.215,-191.243,162.037
41.28,-191.443,162.037
41.372,-191.732,162.048
41.455,-192.021,162.059
41.547,-192.289,162.059
41.612,-192.489,162.07
41.694,-192.767,162.081
41.787,-193.056,162.103
41.842,-193.256,162.114
41.934,-193.545,162.114
42.026,-193.824,162.125
42.109,-194.102,162.136
42.192,-194.38,162.158
42.284,-194.658,162.169
42.366,-194.947,162.18
42.421,-195.147,162.191
42.514,-195.425,162.213
42.596,-195.714,162.224
42.689,-195.981,162.235
42.771,-196.259,162.246
42.864,-196.549,162.257
42.946,-196.827,162.279
43.029,-197.105,162.29
43.121,-197.383,162.301
43.204,-197.661,162.312
43.287,-197.939,162.312
43.37,-198.217,162.312
43.462,-198.495,162.301
43.545,-198.773,162.29
43.627,-199.051,162.279
43.71,-199.329,162.257
43.802,-199.607,162.235
43.885,-199.874,162.213
43.968,-200.141,162.18
44.051,-200.419,162.169
44.134,-200.697,162.147
44.216,-200.976,162.125
44.299,-201.242,162.103
44.382,-201.521,162.092
44.474,-201.788,162.07
44.557,-202.055,162.048
44.64,-202.333,162.026
44.723,-202.588,162.004
44.806,-202.867,161.982
44.889,-203.133,161.971
44.981,-203.401,161.96
45.064,-203.679,161.938
45.147,-203.946,161.917
45.229,-204.212,161.906
45.312,-204.479,161.895
45.395,-204.746,161.884
45.478,-205.013,161.873
45.561,-205.28,161.862
45.653,-205.558,161.873
45.736,-205.825,161.873
45.819,-206.081,161.873
45.902,-206.337,161.862
45.985,-206.604,161.862
46.068,-206.871,161.862
46.123,-207.071,161.873
46.206,-207.338,161.873
46.298,-207.605,161.873
46.372,-207.85,161.862
46.454,-208.117,161.862
46.537,-208.384,161.873
46.63,-208.662,161.884
46.712,-208.929,161.895
46.795,-209.196,161.917
46.878,-209.463,161.927
46.961,-209.73,161.938
47.044,-209.997,161.96
47.127,-210.264,161.982
47.21,-210.531,161.993
47.302,-210.798,162.015
47.385,-211.065,162.037
47.468,-211.332,162.048
47.551,-211.61,162.059
47.633,-211.877,162.059
47.716,-212.144,162.07
47.799,-212.411,162.081
47.882,-212.678,162.092
47.965,-212.945,162.103
48.048,-213.223,162.114
48.14,-213.49,162.125
48.223,-213.768,162.125
48.306,-214.024,162.136
48.389,-214.291,162.147
48.472,-214.558,162.136
48.554,-214.824,162.147
48.609,-215.025,162.147
48.692,-215.292,162.158
48.775,-215.57,162.169
48.867,-215.837,162.169
48.95,-216.104,162.158
49.033,-216.371,162.147
49.116,-216.638,162.136
49.199,-216.927,162.125
49.291,-217.194,162.125
49.374,-217.472,162.125
49.457,-217.739,162.125
49.539,-218.006,162.114
49.622,-218.284,162.103
49.714,-218.562,162.092
49.797,-218.829,162.081
49.88,-219.107,162.081
49.972,-219.385,162.081
50.055,-219.674,162.081
50.147,-219.952,162.081
50.23,-220.23,162.081
50.313,-220.508,162.07
50.405,-220.787,162.059
50.497,-221.065,162.059
50.58,-221.354,162.07
50.672,-221.643,162.07
50.764,-221.921,162.07
50.847,-222.21,162.07
50.93,-222.499,162.07
51.022,-222.778,162.07
51.086,-222.978,162.07
51.169,-223.267,162.07
51.261,-223.556,162.07
51.353,-223.845,162.07
51.446,-224.135,162.07
51.528,-224.424,162.059
51.62,-224.713,162.059
51.712,-225.002,162.059
51.777,-225.203,162.059
51.832,-225.403,162.059
51.924,-225.692,162.07
51.989,-225.892,162.081
52.044,-226.092,162.081
52.145,-226.371,162.081
52.2,-226.571,162.081
52.293,-226.86,162.07
52.357,-227.06,162.07
52.422,-227.271,162.07
52.514,-227.561,162.081
52.569,-227.761,162.081
52.633,-227.961,162.081
52.698,-228.161,162.081
52.762,-228.362,162.081
52.817,-228.562,162.081
52.909,-228.851,162.07
52.974,-229.051,162.07
53.038,-229.263,162.07
53.103,-229.463,162.07
53.158,-229.663,162.081
53.223,-229.863,162.081
53.287,-230.063,162.081
53.351,-230.275,162.081
53.416,-230.475,162.081
53.481,-230.675,162.081
53.545,-230.875,162.07
53.609,-231.087,162.07
53.692,-231.376,162.081
53.756,-231.587,162.081
53.821,-231.788,162.092
53.885,-231.999,162.092
53.959,-232.21,162.092
54.014,-232.41,162.092
54.079,-232.622,162.092
54.143,-232.822,162.081
54.208,-233.033,162.081
54.272,-233.234,162.081
54.337,-233.434,162.081
54.401,-233.645,162.081
54.466,-233.845,162.092
54.53,-234.057,162.092
54.594,-234.279,162.092
54.659,-234.479,162.092
54.723,-234.691,162.092
54.797,-234.902,162.092
54.862,-235.102,162.092
54.917,-235.314,162.092
54.991,-235.525,162.092
55.055,-235.725,162.092
55.12,-235.937,162.092
55.184,-236.148,162.092
55.248,-236.37,162.092
55.313,-236.582,162.092
55.377,-236.793,162.081
55.451,-237.004,162.081
55.516,-237.216,162.081
55.571,-237.416,162.081
55.635,-237.627,162.092
55.709,-237.839,162.092
55.773,-238.061,162.103
55.838,-238.272,162.092
55.912,-238.484,162.092
55.976,-238.695,162.081
56.04,-238.907,162.07
56.105,-239.118,162.059
56.169,-239.34,162.037
56.233,-239.552,162.026
56.307,-239.763,162.015
56.372,-239.974,162.004
56.436,-240.186,161.982
56.51,-240.408,161.971
56.574,-240.631,161.949
56.648,-240.842,161.938
56.713,-241.053,161.917
56.777,-241.276,161.906
56.851,-241.487,161.884
56.906,-241.698,161.884
56.98,-241.91,161.873
57.044,-242.132,161.851
57.118,-242.344,161.84
57.182,-242.555,161.829
57.256,-242.778,161.807
57.32,-243,161.796
57.385,-243.211,161.774
57.459,-243.434,161.763
57.523,-243.645,161.763
57.597,-243.857,161.741
57.661,-244.079,161.73
57.735,-244.29,161.719
57.8,-244.513,161.708
57.874,-244.724,161.697
57.938,-244.936,161.686
58.012,-245.158,161.675
58.076,-245.369,161.664
58.141,-245.581,161.664
58.214,-245.803,161.664
58.288,-246.026,161.664
58.353,-246.248,161.664
58.426,-246.471,161.653
58.491,-246.682,161.653
58.565,-246.905,161.642
58.62,-247.105,161.642
58.694,-247.316,161.631
58.758,-247.539,161.631
58.832,-247.75,161.631
58.896,-247.961,161.642
58.97,-248.195,161.631
59.044,-248.418,161.631
59.108,-248.64,161.631
59.182,-248.851,161.631
59.246,-249.074,161.62
59.311,-249.274,161.609
59.385,-249.497,161.609
59.449,-249.708,161.609
59.523,-249.919,161.62
59.587,-250.142,161.631
59.661,-250.364,161.631
59.735,-250.576,161.631
59.799,-250.798,161.631
59.873,-251.021,161.62
59.947,-251.232,161.631
60.011,-251.443,161.62
60.076,-251.655,161.631
60.15,-251.877,161.631
60.214,-252.089,161.631
60.288,-252.3,161.631
60.352,-252.533,161.642
60.426,-252.745,161.631
60.49,-252.967,161.631
60.564,-253.179,161.631
60.629,-253.401,161.631
60.703,-253.613,161.631
60.777,-253.824,161.631
60.841,-254.035,161.631
60.915,-254.258,161.631
60.979,-254.469,161.631
61.053,-254.703,161.62
61.117,-254.914,161.62
61.191,-255.137,161.62
61.265,-255.348,161.609
61.329,-255.571,161.609
61.394,-255.782,161.62
61.468,-255.993,161.62
61.532,-256.216,161.62
61.606,-256.427,161.62
61.67,-256.65,161.62
61.744,-256.861,161.62
61.818,-257.072,161.631
61.882,-257.295,161.631
61.956,-257.506,161.631
62.021,-257.718,161.642
62.095,-257.94,161.653
62.159,-258.163,161.664
62.233,-258.374,161.675
62.297,-258.596,161.686
62.371,-258.808,161.697
62.435,-259.03,161.708
62.5,-259.242,161.719
62.574,-259.453,161.73
62.638,-259.675,161.741
62.712,-259.887,161.752
62.786,-260.109,161.763
62.85,-260.321,161.774
62.924,-260.543,161.785
62.988,-260.755,161.796
63.053,-260.977,161.807
63.127,-261.188,161.818
63.191,-261.411,161.829
63.255,-261.622,161.851
63.329,-261.834,161.862
63.394,-262.056,161.873
63.468,-262.267,161.884
63.532,-262.49,161.895
63.606,-262.701,161.895
63.67,-262.913,161.906
63.734,-263.135,161.917
63.808,-263.346,161.927
63.873,-263.558,161.938
63.937,-263.769,161.949
64.011,-263.981,161.96
64.075,-264.203,161.96
64.14,-264.425,161.971
64.214,-264.648,161.982
64.278,-264.859,161.993
64.342,-265.082,162.004
64.416,-265.293,162.015
64.481,-265.504,162.026
64.545,-265.716,162.037
64.619,-265.927,162.048
64.683,-266.138,162.059
64.748,-266.35,162.081
64.822,-266.583,162.092
64.886,-266.795,162.114
64.95,-267.017,162.125
65.024,-267.229,162.136
65.088,-267.451,162.147
65.153,-267.662,162.169
65.217,-267.863,162.18
65.282,-268.074,162.202
65.346,-268.285,162.224
65.411,-268.497,162.246
65.484,-268.719,162.257
65.549,-268.941,162.279
65.613,-269.153,162.301
65.687,-269.364,162.312
65.751,-269.587,162.334
65.816,-269.787,162.345
65.88,-270.009,162.367
65.954,-270.221,162.389
66.019,-270.432,162.4
66.083,-270.643,162.411
66.147,-270.866,162.433
66.212,-271.077,162.444
66.276,-271.288,162.455
66.34,-271.5,162.466
66.405,-271.711,162.466
66.469,-271.922,162.477
66.534,-272.134,162.488
66.598,-272.345,162.499
66.662,-272.568,162.51
66.736,-272.779,162.521
66.801,-273.001,162.521
66.865,-273.213,162.532
66.929,-273.424,162.543
66.994,-273.635,162.543
67.058,-273.858,162.554
67.123,-274.058,162.554
67.187,-274.269,162.554
67.252,-274.481,162.554
67.316,-274.692,162.554
67.38,-274.903,162.543
67.445,-275.126,162.532
67.509,-275.337,162.51
67.573,-275.548,162.499
67.638,-275.76,162.477
67.702,-275.971,162.455
67.767,-276.182,162.433
67.831,-276.394,162.411
67.896,-276.605,162.4
67.96,-276.827,162.378
68.024,-277.039,162.356
68.089,-277.25,162.323
68.153,-277.461,162.301
68.227,-277.673,162.279
68.291,-277.884,162.257
68.356,-278.096,162.235
68.42,-278.307,162.202
68.485,-278.518,162.18
68.549,-278.73,162.158
68.613,-278.941,162.125
68.678,-279.152,162.103
68.742,-279.364,162.081
68.807,-279.575,162.059
68.881,-279.786,162.026
68.945,-279.998,162.015
69.009,-280.209,161.993
69.074,-280.409,161.971
69.138,-280.621,161.949
69.203,-280.832,161.938
69.267,-281.043,161.917
69.332,-281.255,161.895
69.406,-281.466,161.884
69.47,-281.677,161.862
69.534,-281.889,161.84
69.599,-282.1,161.829
69.673,-282.311,161.807
69.737,-282.523,161.796
69.802,-282.723,161.785
69.866,-282.934,161.774
69.931,-283.146,161.763
69.995,-283.357,161.752
70.069,-283.568,161.741
70.133,-283.769,161.73
70.198,-283.98,161.73
70.262,-284.191,161.73
70.327,-284.403,161.73
70.401,-284.614,161.73
70.465,-284.825,161.741
70.539,-285.037,161.741
70.603,-285.248,161.752
70.668,-285.459,161.752
70.732,-285.66,161.763
70.806,-285.86,161.763
70.871,-286.071,161.785
70.935,-286.283,161.796
71,-286.494,161.807
71.064,-286.705,161.829
71.138,-286.917,161.84
71.202,-287.128,161.862
71.267,-287.328,161.873
71.331,-287.54,161.884
71.396,-287.751,161.906
71.46,-287.951,161.917
71.534,-288.163,161.938
71.599,-288.374,161.949
71.663,-288.574,161.96
71.727,-288.797,161.982
71.792,-289.008,161.993
71.856,-289.219,162.015
71.921,-289.431,162.026
71.995,-289.631,162.037
72.05,-289.842,162.048
72.114,-290.043,162.07
72.179,-290.254,162.081
72.243,-290.465,162.103
72.307,-290.677,162.125
72.381,-290.888,162.136
72.446,-291.088,162.147
72.51,-291.3,162.169
72.575,-291.511,162.191
72.639,-291.722,162.202
72.704,-291.922,162.213
72.768,-292.134,162.235
72.832,-292.345,162.246
72.897,-292.545,162.257
72.961,-292.757,162.279
73.026,-292.968,162.29
73.09,-293.179,162.312
73.155,-293.391,162.323
73.219,-293.602,162.334
73.284,-293.802,162.345
73.348,-294.014,162.356
73.413,-294.214,162.367
73.477,-294.414,162.378
73.542,-294.625,162.389
73.606,-294.837,162.4
73.67,-295.048,162.411
73.735,-295.259,162.422
73.799,-295.471,162.433
73.864,-295.682,162.433
73.928,-295.882,162.444
73.993,-296.083,162.444
74.057,-296.294,162.455
74.112,-296.494,162.455
74.176,-296.705,162.466
74.241,-296.906,162.477
74.305,-297.128,162.477
74.37,-297.328,162.488
74.434,-297.54,162.488
74.489,-297.751,162.488
74.554,-297.951,162.499
74.618,-298.162,162.499
74.683,-298.363,162.499
74.737,-298.574,162.499
74.802,-298.774,162.499
74.866,-298.985,162.499
74.931,-299.197,162.488
74.995,-299.408,162.477
75.06,-299.619,162.466
75.124,-299.82,162.444
75.189,-300.031,162.433
75.244,-300.231,162.411
75.308,-300.431,162.4
75.373,-300.632,162.378
75.437,-300.843,162.356
75.502,-301.043,162.345
75.566,-301.266,162.334
75.63,-301.466,162.312
75.685,-301.677,162.301
75.75,-301.877,162.279
75.814,-302.089,162.257
75.879,-302.289,162.235
75.943,-302.5,162.224
76.008,-302.7,162.191
76.072,-302.912,162.18
76.137,-303.112,162.158
76.201,-303.323,162.136
76.266,-303.524,162.114
76.33,-303.735,162.092
76.395,-303.935,162.07
76.459,-304.147,162.037
76.523,-304.358,162.015
76.588,-304.558,161.993
76.652,-304.769,161.971
76.717,-304.97,161.949
76.781,-305.17,161.938
76.836,-305.37,161.917
76.901,-305.57,161.906
76.965,-305.771,161.884
77.03,-305.982,161.873
77.094,-306.182,161.862
77.159,-306.393,161.851
77.223,-306.605,161.851
77.288,-306.816,161.851
77.362,-307.016,161.851
77.426,-307.228,161.851
77.481,-307.428,161.851
77.546,-307.628,161.851
77.61,-307.828,161.862
77.675,-308.04,161.862
77.739,-308.24,161.862
77.804,-308.44,161.862
77.868,-308.64,161.862
77.933,-308.852,161.873
77.997,-309.052,161.873
78.062,-309.252,161.873
78.126,-309.464,161.873
78.191,-309.675,161.873
78.255,-309.875,161.884
78.319,-310.087,161.884
78.384,-310.287,161.884
78.449,-310.487,161.884
78.541,-310.776,161.884
78.605,-310.976,161.884
78.67,-311.177,161.884
78.734,-311.377,161.884
78.799,-311.599,161.895
78.863,-311.811,161.895
78.928,-312.011,161.895
78.992,-312.211,161.906
79.056,-312.423,161.906
79.149,-312.701,161.906
79.213,-312.901,161.906
79.278,-313.101,161.917
79.342,-313.301,161.927
79.407,-313.513,161.938
79.471,-313.724,161.949
79.536,-313.924,161.96
79.591,-314.136,161.96
79.655,-314.336,161.971
79.757,-314.625,161.982
79.812,-314.825,161.993
79.876,-315.026,162.004
79.941,-315.226,162.015
80.005,-315.426,162.026
80.07,-315.637,162.037
80.134,-315.838,162.048
80.199,-316.038,162.059
80.263,-316.238,162.059
80.318,-316.438,162.07
80.383,-316.638,162.07
80.438,-316.839,162.07
80.54,-317.128,162.081
80.595,-317.328,162.081
80.659,-317.528,162.081
80.724,-317.729,162.081
80.816,-318.018,162.07
80.871,-318.218,162.07
80.935,-318.418,162.059
81,-318.63,162.048
81.092,-318.919,162.048
81.147,-319.119,162.037
81.212,-319.319,162.037
81.304,-319.608,162.026
81.396,-319.898,162.015
81.46,-320.098,162.015
81.553,-320.387,162.004
81.617,-320.587,161.993
81.709,-320.877,161.982
81.801,-321.166,161.982
81.884,-321.466,161.982
81.976,-321.755,161.982
82.068,-322.044,161.971
82.16,-322.334,161.96
82.253,-322.623,161.949
82.345,-322.912,161.938
82.427,-323.201,161.938
82.492,-323.402,161.938
82.575,-323.68,161.938
82.639,-323.88,161.938
82.731,-324.169,161.938
82.824,-324.447,161.927
82.906,-324.725,161.917
82.971,-324.925,161.917
83.063,-325.204,161.917
83.118,-325.404,161.917
83.183,-325.604,161.906
83.275,-325.882,161.906
83.33,-326.082,161.906
83.422,-326.349,161.917
83.515,-326.628,161.906
83.597,-326.906,161.906
83.69,-327.195,161.895
83.772,-327.484,161.906
83.864,-327.762,161.917
83.947,-328.051,161.927
84.039,-328.34,161.927
84.131,-328.619,161.938
84.224,-328.897,161.938
84.307,-329.164,161.949
84.389,-329.442,161.96
84.482,-329.731,161.982
84.574,-330.009,161.993
84.657,-330.287,162.004
84.749,-330.565,162.015
84.832,-330.843,162.015
84.914,-331.121,162.037
85.006,-331.411,162.048
85.089,-331.689,162.059
85.181,-331.967,162.07
85.264,-332.245,162.07
85.347,-332.523,162.07
85.43,-332.779,162.081
85.522,-333.057,162.081
85.605,-333.335,162.092
85.688,-333.602,162.103
85.752,-333.802,162.103
85.835,-334.08,162.114
85.918,-334.358,162.125
86.01,-334.625,162.136
86.093,-334.892,162.147
86.176,-335.159,162.158
86.259,-335.437,162.158
86.342,-335.704,162.169
86.425,-335.971,162.18
86.507,-336.238,162.191
86.59,-336.516,162.191
86.673,-336.794,162.202
86.756,-337.061,162.213
86.839,-337.317,162.213
86.922,-337.584,162.224
87.004,-337.851,162.235
87.087,-338.118,162.235
87.17,-338.385,162.235
87.253,-338.652,162.235
87.336,-338.919,162.224
87.419,-339.186,162.202
87.502,-339.442,162.191
87.585,-339.709,162.18
87.658,-339.975,162.169
87.731,-340.242,162.169
87.814,-340.498,162.147
87.897,-340.765,162.136
87.98,-341.032,162.114
88.063,-341.288,162.092
88.146,-341.555,162.081
88.229,-341.833,162.07
88.321,-342.111,162.059
88.404,-342.378,162.037
88.477,-342.634,162.026
88.56,-342.89,162.004
88.643,-343.157,161.982
88.726,-343.424,161.96
88.809,-343.702,161.949
88.901,-343.969,161.938
88.984,-344.236,161.927
89.067,-344.503,161.906
89.15,-344.759,161.884
89.233,-345.026,161.862
89.315,-345.304,161.851
89.398,-345.571,161.829
89.491,-345.838,161.807
89.574,-346.105,161.796
89.647,-346.371,161.785
89.739,-346.638,161.763
89.822,-346.905,161.752
89.905,-347.183,161.719
89.997,-347.451,161.697
90.08,-347.729,161.686
90.163,-347.996,161.675
90.246,-348.262,161.664
90.329,-348.529,161.653
90.412,-348.796,161.631
90.504,-349.075,161.609
90.596,-349.342,161.587
90.679,-349.62,161.576
90.771,-349.887,161.565
90.854,-350.165,161.554
90.946,-350.443,161.543
91.029,-350.699,161.543
91.112,-350.977,161.532
91.205,-351.244,161.51
91.287,-351.522,161.499
91.38,-351.811,161.499
91.472,-352.078,161.488
91.555,-352.356,161.477
91.647,-352.623,161.466
91.739,-352.901,161.444
91.822,-353.168,161.422
91.914,-353.458,161.422
92.007,-353.736,161.411
92.099,-354.003,161.411
92.182,-354.281,161.422
92.274,-354.57,161.422
92.366,-354.837,161.422
92.449,-355.115,161.433
92.541,-355.393,161.444
92.634,-355.672,161.466
92.716,-355.95,161.477
92.809,-356.228,161.499
92.883,-356.417,161.499
92.966,-356.695,161.499
93.058,-356.973,161.499
93.141,-357.251,161.51
93.233,-357.529,161.521
93.325,-357.808,161.532
93.417,-358.097,161.543
93.51,-358.386,161.543
93.602,-358.664,161.554
93.685,-358.942,161.565
93.777,-359.22,161.565
93.869,-359.499,161.565
93.952,-359.777,161.576
94.016,-359.977,161.587
94.109,-360.255,161.598
94.201,-360.544,161.598
94.284,-360.822,161.609
94.376,-361.1,161.609
94.468,-361.39,161.62
94.56,-361.668,161.631
94.625,-361.868,161.642
94.717,-362.157,161.653
94.809,-362.446,161.664
94.901,-362.725,161.664
94.994,-362.992,161.664
95.086,-363.281,161.664
95.169,-363.559,161.653
95.233,-363.759,161.664
95.298,-363.959,161.675
95.362,-364.16,161.675
95.454,-364.449,161.697
95.537,-364.727,161.708
95.63,-365.005,161.708
95.722,-365.294,161.719
95.814,-365.572,161.719
95.869,-365.773,161.73
95.961,-366.062,161.741
96.053,-366.351,161.752
96.145,-366.64,161.763
96.238,-366.93,161.774
96.32,-367.208,161.774
96.385,-367.408,161.774
96.477,-367.686,161.785
96.56,-367.975,161.807
96.652,-368.264,161.818
96.754,-368.554,161.84
96.836,-368.832,161.851
96.901,-369.032,161.862
96.993,-369.31,161.873
97.085,-369.588,161.884
97.168,-369.866,161.884
97.26,-370.156,161.895
97.343,-370.445,161.906
97.435,-370.734,161.927
97.527,-371.012,161.949
97.61,-371.301,161.971
97.702,-371.568,161.982
97.795,-371.846,161.993
97.877,-372.124,162.015
97.932,-372.325,162.037
98.025,-372.603,162.059
98.107,-372.892,162.081
98.2,-373.17,162.103
98.283,-373.437,162.114
98.365,-373.715,162.136
98.458,-373.993,162.147
98.513,-374.193,162.158
98.605,-374.471,162.18
98.688,-374.749,162.18
98.78,-375.039,162.18
98.863,-375.306,162.18
98.945,-375.584,162.169
99.038,-375.862,162.158
99.111,-376.129,162.158
99.203,-376.407,162.158
99.286,-376.685,162.158
99.378,-376.974,162.158
99.461,-377.263,162.158
99.553,-377.541,162.158
99.636,-377.819,162.158
99.719,-378.086,162.158
99.801,-378.364,162.158
99.894,-378.643,162.158
99.976,-378.932,162.158
100.068,-379.221,162.147
100.151,-379.499,162.147
100.234,-379.766,162.147
100.317,-380.022,162.147
100.4,-380.3,162.158
100.492,-380.567,162.169
100.547,-380.778,162.18
100.612,-380.978,162.191
100.694,-381.256,162.213
100.787,-381.546,162.224
100.851,-381.79,162.246
100.943,-382.046,162.268
101.026,-382.324,162.301
101.118,-382.625,162.323
101.201,-382.903,162.334
101.293,-383.181,162.356
101.366,-383.448,162.367
101.449,-383.726,162.378
101.532,-384.004,162.389
101.624,-384.282,162.411
101.707,-384.56,162.422
101.79,-384.838,162.433
101.872,-385.116,162.433
101.955,-385.383,162.422
102.038,-385.661,162.4
102.13,-385.939,162.389
102.213,-386.217,162.367
102.296,-386.495,162.356
102.378,-386.773,162.334
102.461,-387.051,162.312
102.544,-387.318,162.29
102.627,-387.596,162.257
102.71,-387.863,162.224
102.802,-388.13,162.191
102.885,-388.408,162.169
102.968,-388.675,162.136
103.05,-388.953,162.103
103.133,-389.231,162.081
103.216,-389.498,162.059
103.308,-389.777,162.026
103.382,-390.021,162.004
103.465,-390.288,161.982
103.548,-390.555,161.971
103.64,-390.844,161.949
103.732,-391.111,161.917
103.815,-391.378,161.884
103.889,-391.634,161.862
103.971,-391.901,161.84
104.054,-392.168,161.818
104.137,-392.424,161.796
104.22,-392.691,161.785
104.303,-392.958,161.774
104.386,-393.225,161.763
104.469,-393.481,161.741
104.552,-393.737,161.73
104.635,-394.004,161.708
104.727,-394.271,161.708
104.81,-394.526,161.708
104.893,-394.793,161.73
104.976,-395.049,161.752
105.049,-395.305,161.785
105.132,-395.561,161.818
105.215,-395.828,161.851
105.308,-396.084,161.884
105.391,-396.351,161.917
105.464,-396.607,161.938
105.538,-396.862,161.96
105.621,-397.118,161.982
105.703,-397.385,162.004
105.777,-397.641,162.015
105.86,-397.886,162.037
105.933,-398.142,162.092
106.017,-398.386,162.169
106.109,-398.664,162.213
106.192,-398.92,162.268
106.275,-399.176,162.279
106.339,-399.421,162.323
106.412,-399.665,162.4
106.496,-399.91,162.455
106.569,-400.155,162.543
106.69,-400.422,162.598
106.783,-400.678,162.565
106.866,-400.923,162.532
106.92,-401.19,162.532
106.965,-401.445,162.576
107.048,-401.701,162.609
107.122,-401.946,162.609
107.195,-402.179,162.587
107.278,-402.435,162.543
107.352,-402.691,162.51
107.434,-402.98,162.477
107.508,-403.236,162.466
107.591,-403.492,162.455
107.655,-403.725,162.444
107.738,-403.981,162.433
107.821,-404.248,162.422
107.904,-404.515,162.411
107.977,-404.793,162.4
108.06,-405.06,162.4
108.143,-405.327,162.411
108.207,-405.56,162.411
108.28,-405.816,162.433
108.363,-406.083,162.433
108.446,-406.361,162.411
108.501,-406.561,162.4
108.584,-406.828,162.389
108.657,-407.095,162.389
108.74,-407.34,162.4
108.814,-407.607,162.422
108.896,-407.874,162.433
108.989,-408.13,162.455
109.072,-408.397,162.466
109.145,-408.664,162.477
109.237,-408.942,162.488
109.32,-409.22,162.499
109.403,-409.487,162.521
109.476,-409.765,162.543
109.569,-410.021,162.543
109.652,-410.288,162.554
109.734,-410.566,162.554
109.817,-410.833,162.565
109.891,-411.099,162.576
109.973,-411.377,162.587
110.066,-411.645,162.598
110.148,-411.923,162.598
110.231,-412.19,162.598
110.314,-412.468,162.598
110.397,-412.746,162.598
110.48,-413.024,162.598
110.562,-413.291,162.598
110.645,-413.569,162.587
110.728,-413.847,162.576
110.811,-414.114,162.565
110.894,-414.392,162.543
110.976,-414.67,162.521
111.059,-414.948,162.51
111.142,-415.215,162.488
111.234,-415.504,162.477
111.317,-415.771,162.466
111.4,-416.049,162.444
111.483,-416.316,162.422
111.565,-416.594,162.411
111.648,-416.872,162.389
111.731,-417.15,162.389
111.823,-417.428,162.378
111.906,-417.706,162.367
111.989,-417.973,162.345
112.071,-418.251,162.323
112.164,-418.518,162.301
112.247,-418.796,162.29
112.329,-419.074,162.279
112.412,-419.352,162.279
112.495,-419.619,162.268
112.587,-419.898,162.246
112.67,-420.176,162.224
112.753,-420.443,162.213
112.836,-420.721,162.202
112.928,-420.999,162.191
113.011,-421.277,162.18
113.093,-421.555,162.169
113.186,-421.822,162.158
113.269,-422.1,162.136
113.351,-422.378,162.125
113.444,-422.645,162.114
113.526,-422.923,162.103
113.609,-423.201,162.081
113.701,-423.479,162.07
113.784,-423.768,162.059
113.867,-424.035,162.048
113.959,-424.314,162.026
114.042,-424.592,162.015
114.125,-424.87,161.993
114.208,-425.137,161.982
114.3,-425.426,161.96
114.392,-425.704,161.949
114.475,-425.982,161.938
114.567,-426.26,161.927
114.65,-426.527,161.906
114.733,-426.805,161.895
114.825,-427.083,161.873
114.908,-427.361,161.862
115,-427.639,161.84
115.083,-427.906,161.829
115.175,-428.196,161.807
115.258,-428.474,161.807
115.35,-428.752,161.796
115.433,-429.03,161.785
115.525,-429.297,161.774
115.608,-429.575,161.763
115.7,-429.853,161.752
115.783,-430.131,161.741
115.875,-430.398,161.73
115.958,-430.676,161.719
116.05,-430.954,161.697
116.143,-431.233,161.675
116.225,-431.511,161.653
116.318,-431.778,161.631
116.401,-432.056,161.62
116.483,-432.334,161.598
116.566,-432.601,161.587
116.659,-432.868,161.565
116.751,-433.146,161.543
116.834,-433.413,161.532
116.926,-433.691,161.51
117.009,-433.98,161.488
117.101,-434.247,161.477
117.184,-434.525,161.455
117.276,-434.792,161.444
117.369,-435.059,161.422
117.451,-435.326,161.411
117.544,-435.616,161.411
117.636,-435.883,161.4
117.719,-436.161,161.389
117.811,-436.417,161.378
117.894,-436.695,161.378
117.986,-436.962,161.356
118.069,-437.229,161.345
118.162,-437.518,161.334
118.254,-437.785,161.334
118.346,-438.063,161.345
118.429,-438.33,161.345
118.521,-438.597,161.345
118.614,-438.875,161.345
118.697,-439.142,161.345
118.789,-439.409,161.356
118.872,-439.687,161.378
118.964,-439.954,161.4
119.029,-440.155,161.411
119.112,-440.422,161.444
119.204,-440.7,161.477
119.287,-440.967,161.51
119.379,-441.234,161.554
119.462,-441.501,161.598
119.554,-441.779,161.631
119.637,-442.068,161.675
119.729,-442.335,161.708
119.812,-442.613,161.741
119.905,-442.869,161.785
119.987,-443.147,161.818
120.07,-443.414,161.862
120.153,-443.703,161.906
120.245,-443.981,161.96
120.328,-444.26,162.015
120.411,-444.526,162.059
120.503,-444.794,162.114
120.586,-445.06,162.158
120.678,-445.339,162.202
120.761,-445.628,162.257
120.844,-445.906,162.312
120.936,-446.184,162.367
121.019,-446.451,162.422
121.102,-446.718,162.477
121.184,-446.996,162.532
121.267,-447.274,162.587
121.35,-447.552,162.642
121.433,-447.83,162.697
121.515,-448.108,162.751
121.598,-448.386,162.817
121.681,-448.653,162.861
121.764,-448.931,162.916
121.837,-449.209,162.949
121.92,-449.487,162.971
122.003,-449.754,162.971
122.085,-450.032,162.938
122.14,-450.232,162.905
122.214,-450.51,162.85
122.296,-450.788,162.795
122.379,-451.055,162.729
122.462,-451.322,162.675
122.545,-451.6,162.609
122.628,-451.878,162.554
122.692,-452.078,162.51
122.775,-452.357,162.455
122.858,-452.635,162.411
122.94,-452.902,162.356
123.023,-453.168,162.312
123.106,-453.447,162.268
123.198,-453.714,162.224
123.253,-453.914,162.213
123.336,-454.192,162.18
123.429,-454.47,162.136
123.511,-454.748,162.092
123.604,-455.026,162.037
123.686,-455.304,161.993
123.779,-455.571,161.949
123.852,-455.849,161.917
123.944,-456.127,161.884
124.027,-456.405,161.851
124.119,-456.683,161.807
124.212,-456.962,161.774
124.294,-457.24,161.741
124.387,-457.518,161.719
124.469,-457.785,161.686
124.562,-458.063,161.664
124.654,-458.341,161.642
124.709,-458.541,161.642
124.801,-458.819,161.631
124.894,-459.098,161.62
124.976,-459.364,161.598
125.059,-459.643,161.576
125.151,-459.921,161.576
125.244,-460.199,161.565
125.308,-460.399,161.565
125.363,-460.599,161.554
125.456,-460.877,161.543
125.548,-461.155,161.543
125.631,-461.411,161.532
125.714,-461.689,161.521
125.806,-461.968,161.532
125.898,-462.257,161.521
125.99,-462.546,161.51
126.082,-462.824,161.499
126.175,-463.102,161.488
126.257,-463.38,161.477
126.35,-463.658,161.477
126.442,-463.937,161.466
126.534,-464.215,161.477
126.617,-464.493,161.477
126.709,-464.771,161.477
126.792,-465.049,161.466
126.884,-465.338,161.455
126.977,-465.616,161.455
127.059,-465.894,161.455
127.152,-466.161,161.466
127.244,-466.44,161.477
127.336,-466.718,161.488
127.419,-466.996,161.488
127.511,-467.274,161.499
127.604,-467.552,161.521
127.696,-467.83,161.532
127.779,-468.108,161.543
127.871,-468.386,161.554
127.963,-468.665,161.554
128.055,-468.943,161.565
128.138,-469.21,161.565
128.231,-469.488,161.565
128.313,-469.755,161.576
128.406,-470.033,161.587
128.489,-470.3,161.598
128.581,-470.589,161.609
128.673,-470.867,161.609
128.765,-471.145,161.62
128.848,-471.412,161.62
128.931,-471.69,161.631
129.023,-471.969,161.642
129.106,-472.247,161.653
129.198,-472.514,161.675
129.281,-472.792,161.686
129.374,-473.059,161.708
129.456,-473.337,161.73
129.539,-473.615,161.763
129.631,-473.882,161.785
129.714,-474.16,161.818
129.806,-474.438,161.862
129.889,-474.705,161.895
129.972,-474.983,161.927
130.064,-475.25,161.96
130.147,-475.528,161.993
130.23,-475.795,162.026
130.322,-476.073,162.059
130.405,-476.34,162.103
130.488,-476.618,162.136
130.571,-476.896,162.169
130.663,-477.175,162.191
130.746,-477.442,162.224
130.829,-477.72,162.235
130.912,-477.987,162.246
130.994,-478.265,162.257
131.077,-478.532,162.279
131.169,-478.81,162.29
131.252,-479.077,162.29
131.335,-479.355,162.29
131.418,-479.622,162.29
131.501,-479.889,162.29
131.584,-480.167,162.29
131.666,-480.434,162.29
131.749,-480.712,162.301
131.832,-480.979,162.301
131.905,-481.245,162.301
131.988,-481.512,162.301
132.071,-481.779,162.29
132.154,-482.046,162.29
132.237,-482.324,162.29
132.319,-482.602,162.301
132.402,-482.869,162.301
132.485,-483.136,162.312
132.568,-483.392,162.312
132.651,-483.659,162.301
132.734,-483.926,162.312
132.817,-484.193,162.312
132.9,-484.46,162.312
132.983,-484.727,162.312
133.065,-485.005,162.312
133.148,-485.272,162.312
133.231,-485.539,162.312
133.314,-485.806,162.312
133.387,-486.062,162.312
133.47,-486.329,162.312
133.553,-486.596,162.312
133.626,-486.862,162.312
133.709,-487.118,162.312
133.792,-487.385,162.312
133.875,-487.652,162.312
133.949,-487.919,162.312
134.031,-488.186,162.323
134.114,-488.453,162.334
134.197,-488.709,162.334
134.28,-488.976,162.345
134.363,-489.232,162.345
134.436,-489.499,162.356
134.519,-489.766,162.356
134.602,-490.021,162.367
134.685,-490.288,162.367
134.768,-490.555,162.378
134.851,-490.822,162.378
134.924,-491.078,162.378
135.007,-491.334,162.389
135.081,-491.59,162.389
135.164,-491.857,162.389
135.247,-492.124,162.389
135.33,-492.379,162.389
135.403,-492.646,162.389
135.486,-492.902,162.4
135.559,-493.158,162.4
135.642,-493.425,162.4
135.716,-493.681,162.4
135.799,-493.937,162.389
135.872,-494.192,162.389
135.955,-494.448,162.378
136.029,-494.704,162.378
136.102,-494.96,162.367
136.185,-495.216,162.345
136.259,-495.471,162.323
136.342,-495.716,162.301
136.415,-495.961,162.268
136.489,-496.206,162.235
136.563,-496.439,162.213
136.636,-496.684,162.18
136.71,-496.906,162.158
136.784,-497.151,162.125
136.848,-497.373,162.092
136.922,-497.596,162.059
136.986,-497.796,162.015
137.051,-497.996,161.971
137.115,-498.208,161.927
137.18,-498.408,161.895
137.235,-498.619,161.873
137.318,-498.875,161.851
137.382,-499.075,161.829
137.465,-499.32,161.785
137.548,-499.576,161.719
137.603,-499.776,161.664
137.686,-500.032,161.598
137.769,-500.288,161.543
137.852,-500.544,161.51
137.935,-500.8,161.466
138.018,-501.056,161.411
138.101,-501.3,161.356
138.184,-501.556,161.29
138.239,-501.756,161.246
138.322,-502.012,161.169
138.405,-502.268,161.082
138.488,-502.513,161.005
138.571,-502.758,160.928
138.655,-503.002,160.862
138.728,-503.236,160.796
138.802,-503.459,160.752
138.885,-503.681,160.697
138.95,-503.893,160.664
139.014,-504.093,160.642
139.079,-504.293,160.642
139.162,-504.527,160.653
139.236,-504.749,160.653
139.31,-504.961,160.664
139.384,-505.172,160.664
139.448,-505.372,160.664
139.522,-505.595,160.664
139.596,-505.795,160.697
139.661,-505.995,160.708
139.735,-506.218,160.752
139.799,-506.418,160.796
139.873,-506.63,160.829
139.938,-506.83,160.862
140.002,-507.041,160.917
140.076,-507.242,160.95
140.141,-507.442,161.005
140.205,-507.642,161.027
140.27,-507.842,161.213
140.334,-508.043,161.785
140.408,-508.254,162.356
140.463,-508.465,162.96
140.528,-508.666,163.488
140.583,-508.877,164.015
140.638,-509.077,164.487
140.692,-509.299,164.916
140.757,-509.533,165.201
140.802,-509.733,165.366
140.857,-509.966,165.465
140.911,-510.199,165.454
140.975,-510.433,165.333
141.03,-510.644,165.179
141.076,-510.855,165.015
