-345.439,1119.559,161.993
-345.356,1119.281,162.004
-345.264,1119.014,161.993
-345.181,1118.736,161.982
-345.098,1118.469,161.96
-345.006,1118.202,161.938
-344.923,1117.924,161.927
-344.831,1117.635,161.927
-344.748,1117.346,161.927
-344.656,1117.067,161.927
-344.564,1116.778,161.917
-344.472,1116.5,161.884
-344.379,1116.222,161.873
-344.324,1116.022,161.862
-344.232,1115.721,161.862
-344.131,1115.432,161.862
-344.076,1115.232,161.862
-344.011,1115.032,161.851
-343.947,1114.831,161.84
-343.855,1114.542,161.829
-343.762,1114.253,161.818
-343.698,1114.053,161.818
-343.633,1113.852,161.807
-343.569,1113.63,161.807
-343.505,1113.419,161.796
-343.431,1113.218,161.796
-343.366,1113.007,161.785
-343.302,1112.807,161.774
-343.237,1112.606,161.763
-343.173,1112.395,161.752
-343.108,1112.184,161.752
-343.044,1111.984,161.741
-342.98,1111.772,161.741
-342.906,1111.561,161.73
-342.841,1111.349,161.719
-342.777,1111.138,161.708
-342.703,1110.927,161.697
-342.639,1110.715,161.686
-342.565,1110.493,161.686
-342.491,1110.281,161.675
-342.427,1110.059,161.675
-342.362,1109.848,161.664
-342.288,1109.625,161.653
-342.215,1109.403,161.653
-342.15,1109.191,161.642
-342.076,1108.969,161.631
-342.003,1108.746,161.631
-341.938,1108.524,161.62
-341.864,1108.312,161.609
-341.791,1108.09,161.609
-341.726,1107.867,161.598
-341.652,1107.645,161.598
-341.579,1107.422,161.598
-341.505,1107.189,161.587
-341.431,1106.966,161.587
-341.358,1106.733,161.576
-341.284,1106.51,161.565
-341.21,1106.277,161.554
-341.136,1106.054,161.554
-341.062,1105.831,161.554
-340.989,1105.598,161.565
-340.915,1105.375,161.576
-340.841,1105.142,161.576
-340.768,1104.897,161.576
-340.694,1104.663,161.587
-340.62,1104.43,161.598
-340.547,1104.196,161.609
-340.473,1103.963,161.631
-340.39,1103.74,161.653
-340.316,1103.506,161.675
-340.242,1103.273,161.697
-340.169,1103.039,161.719
-340.095,1102.806,161.741
-340.012,1102.561,161.763
-339.938,1102.316,161.785
-339.855,1102.082,161.818
-339.782,1101.838,161.84
-339.708,1101.604,161.873
-339.634,1101.37,161.895
-339.551,1101.137,161.917
-339.477,1100.892,161.927
-339.404,1100.658,161.949
-339.33,1100.414,161.971
-339.247,1100.158,162.004
-339.174,1099.924,162.026
-339.09,1099.679,162.048
-339.017,1099.435,162.07
-338.943,1099.19,162.081
-338.87,1098.945,162.103
-338.796,1098.701,162.125
-338.713,1098.456,162.147
-338.64,1098.211,162.169
-338.566,1097.967,162.18
-338.483,1097.722,162.191
-338.409,1097.477,162.202
-338.326,1097.232,162.202
-338.253,1096.976,162.213
-338.179,1096.732,162.224
-338.096,1096.476,162.235
-338.023,1096.231,162.246
-337.94,1095.986,162.257
-337.866,1095.731,162.257
-337.793,1095.486,162.268
-337.719,1095.241,162.29
-337.636,1094.985,162.301
-337.563,1094.741,162.312
-337.489,1094.485,162.312
-337.406,1094.24,162.323
-337.333,1093.984,162.323
-337.259,1093.74,162.323
-337.176,1093.484,162.334
-337.103,1093.228,162.334
-337.029,1092.983,162.334
-336.946,1092.727,162.334
-336.873,1092.472,162.334
-336.799,1092.227,162.334
-336.716,1091.971,162.334
-336.643,1091.715,162.334
-336.56,1091.471,162.334
-336.477,1091.215,162.334
-336.403,1090.959,162.323
-336.32,1090.714,162.323
-336.247,1090.458,162.312
-336.164,1090.191,162.312
-336.09,1089.936,162.29
-336.007,1089.68,162.279
-335.924,1089.424,162.246
-335.851,1089.168,162.224
-335.787,1088.923,162.191
-335.704,1088.668,162.158
-335.631,1088.412,162.125
-335.548,1088.156,162.092
-335.474,1087.9,162.059
-335.382,1087.644,162.015
-335.299,1087.377,161.982
-335.216,1087.121,161.949
-335.133,1086.865,161.917
-335.05,1086.598,161.884
-334.976,1086.365,161.862
-334.893,1086.109,161.829
-334.81,1085.853,161.796
-334.728,1085.597,161.763
-334.645,1085.341,161.73
-334.562,1085.063,161.708
-334.479,1084.807,161.686
-334.396,1084.54,161.653
-334.313,1084.285,161.631
-334.23,1084.029,161.609
-334.166,1083.784,161.587
-334.083,1083.528,161.576
-334,1083.272,161.565
-333.917,1083.016,161.554
-333.834,1082.75,161.543
-333.751,1082.483,161.521
-333.668,1082.227,161.51
-333.586,1081.96,161.51
-333.503,1081.704,161.51
-333.42,1081.448,161.51
-333.327,1081.181,161.51
-333.244,1080.925,161.51
-333.161,1080.669,161.51
-333.079,1080.402,161.499
-332.996,1080.146,161.521
-332.913,1079.89,161.554
-332.83,1079.635,161.598
-332.747,1079.368,161.642
-332.664,1079.112,161.675
-332.591,1078.845,161.697
-332.517,1078.589,161.719
-332.434,1078.322,161.763
-332.351,1078.066,161.818
-332.268,1077.799,161.873
-332.185,1077.543,161.938
-332.084,1077.276,161.982
-331.991,1077.009,162.015
-331.908,1076.753,162.026
-331.825,1076.486,162.048
-331.733,1076.23,162.059
-331.659,1075.986,162.081
-331.576,1075.73,162.081
-331.493,1075.474,162.059
-331.41,1075.218,162.048
-331.327,1074.962,162.015
-331.245,1074.673,161.993
-331.162,1074.395,161.971
-331.079,1074.128,161.938
-330.996,1073.872,161.906
-330.904,1073.605,161.884
-330.849,1073.372,161.862
-330.766,1073.116,161.829
-330.684,1072.849,161.807
-330.601,1072.593,161.774
-330.518,1072.337,161.73
-330.435,1072.048,161.686
-330.343,1071.77,161.653
-330.26,1071.503,161.631
-330.177,1071.247,161.598
-330.094,1070.98,161.565
-330.03,1070.746,161.554
-329.947,1070.491,161.532
-329.864,1070.224,161.51
-329.781,1069.968,161.488
-329.698,1069.712,161.477
-329.606,1069.434,161.466
-329.523,1069.167,161.466
-329.431,1068.9,161.455
-329.348,1068.644,161.466
-329.265,1068.377,161.477
-329.182,1068.121,161.499
-329.099,1067.865,161.521
-329.016,1067.609,161.532
-328.924,1067.342,161.554
-328.841,1067.086,161.576
-328.767,1066.83,161.609
-328.675,1066.574,161.631
-328.592,1066.319,161.653
-328.509,1066.052,161.664
-328.426,1065.796,161.686
-328.353,1065.529,161.697
-328.27,1065.273,161.719
-328.187,1065.017,161.73
-328.104,1064.761,161.752
-328.021,1064.505,161.774
-327.938,1064.238,161.785
-327.855,1063.971,161.807
-327.772,1063.716,161.829
-327.689,1063.46,161.851
-327.606,1063.204,161.873
-327.523,1062.948,161.895
-327.44,1062.681,161.917
-327.357,1062.425,161.938
-327.284,1062.169,161.96
-327.201,1061.913,161.982
-327.118,1061.646,162.004
-327.045,1061.391,162.026
-326.962,1061.135,162.048
-326.879,1060.879,162.059
-326.796,1060.612,162.07
-326.722,1060.356,162.081
-326.649,1060.089,162.092
-326.566,1059.833,162.103
-326.483,1059.578,162.103
-326.41,1059.311,162.103
-326.317,1059.055,162.092
-326.234,1058.799,162.092
-326.161,1058.543,162.081
-326.078,1058.276,162.081
-325.995,1058.02,162.07
-325.912,1057.775,162.059
-325.839,1057.52,162.048
-325.756,1057.253,162.037
-325.673,1056.997,162.015
-325.599,1056.741,162.015
-325.507,1056.463,162.004
-325.424,1056.207,161.993
-325.351,1055.951,161.971
-325.268,1055.684,161.96
-325.185,1055.428,161.949
-325.111,1055.184,161.927
-325.028,1054.928,161.927
-324.955,1054.672,161.917
-324.872,1054.416,161.906
-324.789,1054.16,161.895
-324.706,1053.893,161.884
-324.623,1053.637,161.873
-324.55,1053.382,161.862
-324.467,1053.115,161.851
-324.384,1052.859,161.851
-324.301,1052.603,161.84
-324.218,1052.336,161.829
-324.135,1052.08,161.818
-324.052,1051.824,161.807
-323.969,1051.568,161.796
-323.896,1051.313,161.785
-323.813,1051.057,161.785
-323.73,1050.801,161.774
-323.647,1050.545,161.763
-323.573,1050.289,161.752
-323.481,1050.022,161.741
-323.398,1049.755,161.719
-323.315,1049.499,161.708
-323.242,1049.243,161.686
-323.159,1048.988,161.675
-323.076,1048.732,161.664
-322.993,1048.476,161.642
-322.91,1048.22,161.631
-322.827,1047.964,161.609
-322.744,1047.708,161.587
-322.661,1047.441,161.565
-322.578,1047.185,161.554
-322.495,1046.929,161.532
-322.412,1046.674,161.51
-322.329,1046.407,161.499
-322.247,1046.14,161.477
-322.164,1045.884,161.455
-322.081,1045.628,161.433
-321.998,1045.372,161.411
-321.915,1045.116,161.4
-321.832,1044.86,161.389
-321.749,1044.604,161.389
-321.666,1044.349,161.4
-321.583,1044.093,161.4
-321.5,1043.837,161.411
-321.408,1043.559,161.422
-321.325,1043.303,161.444
-321.242,1043.036,161.466
-321.159,1042.78,161.488
-321.076,1042.524,161.51
-320.983,1042.268,161.532
-320.9,1042.012,161.543
-320.817,1041.756,161.554
-320.735,1041.489,161.565
-320.652,1041.233,161.576
-320.569,1040.955,161.598
-320.486,1040.699,161.62
-320.403,1040.433,161.631
-320.32,1040.177,161.653
-320.237,1039.91,161.664
-320.154,1039.643,161.675
-320.071,1039.387,161.697
-319.989,1039.12,161.708
-319.906,1038.864,161.73
-319.823,1038.597,161.752
-319.74,1038.352,161.763
-319.657,1038.085,161.785
-319.574,1037.829,161.796
-319.491,1037.562,161.807
-319.408,1037.295,161.818
-319.316,1037.017,161.829
-319.224,1036.75,161.84
-319.141,1036.483,161.862
-319.058,1036.216,161.873
-318.975,1035.949,161.884
-318.902,1035.705,161.906
-318.828,1035.449,161.906
-318.745,1035.193,161.917
-318.662,1034.926,161.927
-318.579,1034.659,161.938
-318.478,1034.381,161.949
-318.395,1034.114,161.96
-318.312,1033.836,161.971
-318.22,1033.569,161.982
-318.137,1033.302,161.982
-318.073,1033.057,161.993
-317.999,1032.801,162.004
-317.917,1032.534,162.026
-317.834,1032.279,162.037
-317.751,1032.012,162.048
-317.659,1031.722,162.059
-317.576,1031.455,162.07
-317.493,1031.188,162.07
-317.41,1030.922,162.081
-317.327,1030.643,162.092
-317.235,1030.376,162.103
-317.152,1030.109,162.114
-317.069,1029.842,162.125
-316.986,1029.575,162.136
-316.904,1029.309,162.147
-316.821,1029.053,162.158
-316.738,1028.786,162.158
-316.655,1028.519,162.169
-316.572,1028.252,162.169
-316.489,1027.974,162.18
-316.397,1027.696,162.18
-316.314,1027.418,162.191
-316.232,1027.139,162.191
-316.139,1026.872,162.202
-316.056,1026.605,162.213
-315.992,1026.361,162.224
-315.91,1026.094,162.246
-315.827,1025.827,162.257
-315.744,1025.56,162.268
-315.661,1025.293,162.268
-315.569,1025.004,162.268
-315.486,1024.726,162.257
-315.403,1024.448,162.257
-315.311,1024.181,162.257
-315.228,1023.903,162.268
-315.145,1023.647,162.268
-315.063,1023.38,162.268
-314.98,1023.102,162.268
-314.897,1022.835,162.268
-314.805,1022.568,162.279
-314.722,1022.301,162.279
-314.639,1022.034,162.279
-314.556,1021.767,162.279
-314.473,1021.5,162.268
-314.39,1021.233,162.268
-314.298,1020.944,162.268
-314.216,1020.654,162.279
-314.133,1020.376,162.279
-314.05,1020.098,162.279
-313.958,1019.831,162.29
-313.894,1019.576,162.301
-313.811,1019.309,162.312
-313.728,1019.031,162.323
-313.645,1018.764,162.334
-313.563,1018.497,162.345
-313.47,1018.207,162.367
-313.388,1017.94,162.389
-313.305,1017.662,162.4
-313.222,1017.384,162.422
-313.139,1017.117,162.433
-313.057,1016.817,162.455
-312.974,1016.55,162.466
-312.891,1016.272,162.477
-312.808,1016.005,162.499
-312.726,1015.727,162.521
-312.643,1015.46,162.532
-312.56,1015.193,162.543
-312.477,1014.926,162.554
-312.394,1014.648,162.554
-312.321,1014.37,162.554
-312.229,1014.081,162.565
-312.146,1013.803,162.565
-312.064,1013.525,162.554
-311.981,1013.247,162.554
-311.898,1012.969,162.543
-311.825,1012.713,162.532
-311.742,1012.446,162.521
-311.659,1012.168,162.521
-311.577,1011.89,162.51
-311.494,1011.612,162.499
-311.402,1011.323,162.477
-311.319,1011.045,162.477
-311.236,1010.767,162.466
-311.153,1010.489,162.466
-311.071,1010.211,162.455
-310.988,1009.955,162.455
-310.905,1009.677,162.455
-310.822,1009.399,162.444
-310.74,1009.121,162.444
-310.657,1008.854,162.433
-310.565,1008.564,162.422
-310.482,1008.275,162.422
-310.399,1007.997,162.411
-310.307,1007.719,162.411
-310.224,1007.441,162.4
-310.151,1007.174,162.4
-310.068,1006.907,162.4
-309.985,1006.629,162.389
-309.903,1006.351,162.378
-309.82,1006.073,162.367
-309.728,1005.773,162.356
-309.636,1005.483,162.356
-309.553,1005.205,162.345
-309.47,1004.927,162.334
-309.388,1004.649,162.312
-309.305,1004.393,162.301
-309.222,1004.126,162.29
-309.139,1003.848,162.279
-309.056,1003.57,162.279
-308.974,1003.292,162.268
-308.872,1002.992,162.246
-308.79,1002.703,162.224
-308.697,1002.425,162.202
-308.615,1002.147,162.191
-308.532,1001.857,162.18
-308.449,1001.602,162.169
-308.366,1001.335,162.158
-308.274,1001.056,162.147
-308.191,1000.79,162.125
-308.108,1000.511,162.114
-308.007,1000.211,162.103
-307.924,999.922,162.092
-307.832,999.633,162.07
-307.749,999.355,162.059
-307.657,999.076,162.059
-307.584,998.821,162.048
-307.501,998.543,162.037
-307.409,998.264,162.026
-307.326,997.986,162.026
-307.243,997.708,162.015
-307.151,997.408,162.004
-307.069,997.119,161.993
-306.976,996.841,161.982
-306.894,996.563,161.971
-306.801,996.285,161.96
-306.728,996.018,161.949
-306.636,995.74,161.938
-306.553,995.462,161.938
-306.461,995.183,161.927
-306.378,994.905,161.917
-306.277,994.605,161.895
-306.194,994.316,161.873
-306.102,994.038,161.862
-306.019,993.748,161.84
-305.927,993.47,161.829
-305.844,993.214,161.818
-305.752,992.936,161.796
-305.669,992.658,161.774
-305.577,992.38,161.752
-305.484,992.102,161.719
-305.393,991.791,161.697
-305.3,991.512,161.675
-305.208,991.223,161.653
-305.116,990.945,161.62
-305.033,990.667,161.598
-304.95,990.4,161.587
-304.858,990.122,161.565
-304.775,989.844,161.543
-304.683,989.566,161.521
-304.591,989.288,161.499
-304.499,988.998,161.477
-304.406,988.72,161.455
-304.324,988.431,161.433
-304.232,988.153,161.411
-304.139,987.875,161.4
-304.047,987.597,161.389
-303.964,987.307,161.378
-303.872,987.029,161.367
-303.78,986.751,161.356
-303.688,986.473,161.334
-303.595,986.195,161.312
-303.503,985.917,161.301
-303.411,985.638,161.29
-303.319,985.36,161.268
-303.226,985.082,161.257
-303.134,984.782,161.257
-303.042,984.504,161.246
-302.95,984.226,161.246
-302.858,983.936,161.246
-302.766,983.658,161.257
-302.673,983.38,161.279
-302.581,983.102,161.29
-302.498,982.824,161.312
-302.406,982.546,161.334
-302.314,982.268,161.356
-302.222,981.978,161.378
-302.129,981.7,161.4
-302.037,981.422,161.422
-301.954,981.144,161.444
-301.862,980.866,161.466
-301.77,980.565,161.488
-301.678,980.276,161.499
-301.586,979.998,161.521
-301.494,979.709,161.532
-301.401,979.431,161.543
-301.318,979.164,161.565
-301.236,978.897,161.587
-301.143,978.619,161.598
-301.051,978.329,161.62
-300.969,978.051,161.631
-300.857,977.751,161.642
-300.765,977.45,161.653
-300.673,977.172,161.675
-300.591,976.883,161.697
-300.498,976.605,161.708
-300.406,976.338,161.73
-300.323,976.06,161.741
-300.231,975.782,161.752
-300.139,975.493,161.774
-300.047,975.214,161.785
-299.955,974.903,161.796
-299.863,974.614,161.807
-299.77,974.336,161.818
-299.678,974.046,161.829
-299.596,973.757,161.84
-299.513,973.49,161.851
-299.42,973.212,161.873
-299.328,972.923,161.884
-299.246,972.645,161.895
-299.153,972.356,161.906
-299.061,972.055,161.917
-298.969,971.777,161.938
-298.877,971.488,161.949
-298.785,971.199,161.96
-298.702,970.921,161.971
-298.61,970.631,161.993
-298.527,970.342,162.004
-298.435,970.064,162.026
-298.343,969.775,162.037
-298.261,969.486,162.048
-298.178,969.208,162.059
-298.086,968.918,162.07
-297.994,968.629,162.092
-297.911,968.351,162.103
-297.819,968.062,162.114
-297.726,967.784,162.125
-297.634,967.494,162.136
-297.552,967.216,162.136
-297.459,966.927,162.147
-297.367,966.649,162.158
-297.285,966.349,162.169
-297.193,966.06,162.18
-297.1,965.781,162.18
-297.018,965.492,162.18
-296.925,965.214,162.191
-296.852,964.936,162.202
-296.76,964.658,162.202
-296.677,964.369,162.213
-296.585,964.091,162.213
-296.502,963.813,162.213
-296.41,963.512,162.213
-296.318,963.223,162.213
-296.236,962.945,162.213
-296.143,962.656,162.213
-296.061,962.367,162.202
-295.978,962.089,162.202
-295.886,961.8,162.191
-295.803,961.521,162.191
-295.711,961.232,162.191
-295.628,960.954,162.191
-295.546,960.676,162.191
-295.453,960.387,162.191
-295.371,960.109,162.191
-295.279,959.82,162.191
-295.196,959.542,162.191
-295.094,959.252,162.18
-295.012,958.963,162.18
-294.919,958.685,162.18
-294.837,958.396,162.18
-294.745,958.107,162.18
-294.652,957.828,162.169
-294.57,957.539,162.169
-294.478,957.261,162.169
-294.395,956.972,162.169
-294.303,956.694,162.169
-294.22,956.416,162.18
-294.128,956.127,162.18
-294.045,955.849,162.18
-293.953,955.559,162.18
-293.87,955.27,162.169
-293.778,954.97,162.169
-293.686,954.692,162.169
-293.603,954.403,162.169
-293.511,954.113,162.169
-293.429,953.835,162.158
-293.346,953.568,162.158
-293.263,953.29,162.158
-293.171,953.001,162.158
-293.088,952.723,162.169
-293.005,952.445,162.169
-292.904,952.144,162.158
-292.821,951.844,162.158
-292.729,951.566,162.158
-292.647,951.277,162.169
-292.554,950.999,162.169
-292.462,950.732,162.158
-292.379,950.454,162.158
-292.287,950.164,162.136
-292.204,949.886,162.125
-292.112,949.608,162.103
-292.011,949.297,162.081
-291.919,949.008,162.059
-291.826,948.718,162.026
-291.744,948.429,161.993
-291.652,948.151,161.971
-291.578,947.884,161.949
-291.495,947.617,161.917
-291.403,947.339,161.873
-291.321,947.05,161.84
-291.228,946.772,161.807
-291.136,946.46,161.774
-291.044,946.16,161.741
-290.952,945.871,161.697
-290.86,945.582,161.664
-290.768,945.292,161.642
-290.685,945.025,161.609
-290.602,944.758,161.576
-290.51,944.48,161.554
-290.418,944.202,161.532
-290.326,943.913,161.499
-290.234,943.613,161.466
-290.141,943.334,161.444
-290.049,943.045,161.411
-289.957,942.767,161.389
-289.865,942.478,161.367
-289.773,942.189,161.345
-289.68,941.91,161.323
-289.588,941.632,161.312
-289.496,941.343,161.29
-289.404,941.065,161.279
-289.312,940.787,161.257
-289.219,940.509,161.235
-289.127,940.23,161.224
-289.035,939.941,161.202
-288.943,939.663,161.18
-288.851,939.363,161.158
-288.749,939.073,161.147
-288.657,938.795,161.125
-288.565,938.506,161.115
-288.472,938.228,161.115
-288.39,937.95,161.104
-288.297,937.672,161.104
-288.205,937.393,161.104
-288.113,937.115,161.115
-288.021,936.826,161.115
-287.919,936.537,161.125
-287.827,936.259,161.136
-287.735,935.969,161.147
-287.642,935.691,161.158
-287.55,935.402,161.169
-287.458,935.124,161.18
-287.366,934.846,161.202
-287.274,934.556,161.235
-287.181,934.278,161.279
-287.089,934,161.323
-286.997,933.711,161.356
-286.905,933.422,161.411
-286.813,933.143,161.466
-286.72,932.854,161.521
-286.628,932.576,161.587
-286.536,932.298,161.642
-286.444,932.02,161.708
-286.352,931.731,161.752
-286.259,931.452,161.807
-286.167,931.163,161.862
-286.075,930.874,161.906
-285.983,930.585,161.949
-285.9,930.296,161.993
-285.808,930.017,162.026
-285.716,929.728,162.048
-285.633,929.461,162.07
-285.55,929.172,162.081
-285.458,928.894,162.081
-285.376,928.605,162.092
-285.283,928.327,162.092
-285.201,928.038,162.092
-285.109,927.748,162.081
-285.026,927.47,162.081
-284.934,927.181,162.07
-284.851,926.903,162.059
-284.759,926.614,162.048
-284.667,926.336,162.048
-284.574,926.046,162.048
-284.492,925.768,162.037
-284.4,925.479,162.026
-284.307,925.19,162.015
-284.225,924.912,162.015
-284.133,924.623,162.004
-284.05,924.344,162.004
-283.958,924.055,161.993
-283.875,923.777,161.993
-283.783,923.499,161.993
-283.691,923.21,161.982
-283.608,922.932,161.982
-283.516,922.643,161.971
-283.424,922.353,161.971
-283.332,922.064,161.96
-283.249,921.786,161.96
-283.157,921.497,161.96
-283.064,921.219,161.949
-282.982,920.941,161.949
-282.89,920.651,161.938
-282.807,920.373,161.938
-282.715,920.084,161.938
-282.622,919.806,161.927
-282.54,919.517,161.927
-282.448,919.228,161.917
-282.355,918.949,161.917
-282.273,918.66,161.906
-282.181,918.382,161.906
-282.098,918.104,161.906
-282.006,917.815,161.906
-281.923,917.537,161.906
-281.831,917.248,161.917
-281.739,916.969,161.917
-281.646,916.68,161.927
-281.554,916.391,161.938
-281.472,916.113,161.949
-281.379,915.824,161.971
-281.287,915.545,161.993
-281.205,915.256,162.015
-281.112,914.978,162.037
-281.02,914.7,162.048
-280.938,914.411,162.07
-280.845,914.133,162.103
-280.753,913.844,162.114
-280.671,913.554,162.136
-280.578,913.276,162.158
-280.496,912.987,162.18
-280.403,912.709,162.202
-280.311,912.42,162.224
-280.229,912.131,162.246
-280.136,911.852,162.268
-280.054,911.563,162.29
-279.962,911.285,162.301
-279.879,910.996,162.323
-279.796,910.718,162.345
-279.704,910.429,162.367
-279.621,910.151,162.378
-279.529,909.861,162.389
-279.447,909.572,162.411
-279.364,909.294,162.433
-279.272,909.005,162.444
-279.189,908.727,162.455
-279.106,908.438,162.466
-279.014,908.16,162.466
-278.932,907.871,162.477
-278.849,907.593,162.488
-278.757,907.303,162.488
-278.674,907.025,162.499
-278.582,906.725,162.488
-278.49,906.447,162.488
-278.407,906.158,162.477
-278.325,905.869,162.477
-278.232,905.59,162.488
-278.15,905.312,162.488
-278.067,905.023,162.477
-277.984,904.745,162.477
-277.892,904.456,162.466
-277.809,904.167,162.466
-277.717,903.878,162.455
-277.635,903.588,162.455
-277.542,903.31,162.455
-277.46,903.021,162.444
-277.368,902.732,162.433
-277.285,902.454,162.422
-277.202,902.165,162.422
-277.11,901.887,162.411
-277.028,901.597,162.411
-276.945,901.319,162.4
-276.862,901.03,162.389
-276.77,900.741,162.389
-276.687,900.463,162.378
-276.605,900.174,162.367
-276.512,899.896,162.356
-276.43,899.607,162.356
-276.347,899.317,162.345
-276.255,899.039,162.345
-276.172,898.75,162.334
-276.09,898.461,162.323
-275.988,898.183,162.312
-275.905,897.905,162.301
-275.813,897.615,162.29
-275.73,897.337,162.279
-275.638,897.059,162.279
-275.546,896.77,162.268
-275.454,896.481,162.257
-275.371,896.203,162.246
-275.279,895.914,162.235
-275.196,895.635,162.235
-275.104,895.346,162.224
-275.021,895.068,162.224
-274.929,894.779,162.213
-274.847,894.501,162.191
-274.754,894.212,162.191
-274.672,893.923,162.18
-274.58,893.644,162.169
-274.497,893.355,162.169
-274.405,893.077,162.147
-274.322,892.788,162.136
-274.24,892.499,162.125
-274.147,892.221,162.114
-274.065,891.932,162.103
-273.972,891.653,162.081
-273.88,891.364,162.07
-273.798,891.075,162.059
-273.715,890.797,162.048
-273.623,890.508,162.026
-273.531,890.23,162.015
-273.448,889.94,161.993
-273.356,889.651,161.982
-273.273,889.373,161.971
-273.181,889.084,161.949
-273.098,888.806,161.938
-273.006,888.517,161.917
-272.914,888.239,161.906
-272.822,887.949,161.884
-272.739,887.671,161.873
-272.647,887.393,161.862
-272.555,887.104,161.851
-272.472,886.815,161.84
-272.38,886.525,161.818
-272.288,886.247,161.807
-272.195,885.958,161.785
-272.113,885.68,161.785
-272.021,885.402,161.774
-271.938,885.113,161.763
-271.846,884.835,161.752
-271.754,884.545,161.73
-271.661,884.267,161.719
-271.569,883.978,161.708
-271.487,883.689,161.708
-271.394,883.411,161.697
-271.302,883.133,161.697
-271.219,882.843,161.697
-271.127,882.565,161.697
-271.035,882.276,161.697
-270.952,881.998,161.708
-270.86,881.709,161.708
-270.768,881.431,161.719
-270.676,881.141,161.719
-270.593,880.863,161.73
-270.501,880.585,161.73
-270.409,880.296,161.741
-270.316,880.018,161.752
-270.224,879.729,161.752
-270.132,879.439,161.763
-270.049,879.161,161.774
-269.957,878.872,161.785
-269.865,878.594,161.796
-269.773,878.316,161.807
-269.681,878.026,161.818
-269.598,877.748,161.818
-269.506,877.459,161.84
-269.413,877.181,161.851
-269.321,876.892,161.862
-269.239,876.603,161.873
-269.146,876.325,161.884
-269.054,876.035,161.895
-268.962,875.757,161.906
-268.879,875.468,161.917
-268.787,875.19,161.927
-268.705,874.901,161.949
-268.612,874.623,161.96
-268.52,874.333,161.96
-268.437,874.055,161.971
-268.345,873.766,161.982
-268.253,873.488,161.982
-268.171,873.199,161.993
-268.078,872.921,162.004
-267.996,872.632,162.004
-267.904,872.342,162.015
-267.821,872.064,162.026
-267.729,871.775,162.037
-267.646,871.486,162.048
-267.554,871.208,162.048
-267.462,870.918,162.059
-267.369,870.64,162.07
-267.287,870.351,162.081
-267.195,870.073,162.081
-267.102,869.784,162.092
-267.02,869.506,162.103
-266.928,869.217,162.114
-266.845,868.938,162.125
-266.753,868.649,162.136
-266.661,868.36,162.136
-266.568,868.082,162.147
-266.486,867.793,162.158
-266.394,867.503,162.158
-266.311,867.225,162.169
-266.228,866.947,162.18
-266.136,866.658,162.191
-266.053,866.38,162.202
-265.961,866.091,162.202
-265.878,865.813,162.202
-265.786,865.512,162.213
-265.694,865.234,162.213
-265.611,864.945,162.213
-265.519,864.667,162.224
-265.437,864.378,162.224
-265.354,864.1,162.235
-265.262,863.822,162.235
-265.179,863.533,162.235
-265.087,863.254,162.246
-265.004,862.965,162.246
-264.912,862.676,162.257
-264.82,862.387,162.257
-264.737,862.109,162.257
-264.645,861.82,162.268
-264.562,861.542,162.268
-264.47,861.263,162.268
-264.387,860.974,162.268
-264.295,860.696,162.268
-264.213,860.407,162.268
-264.12,860.129,162.268
-264.028,859.84,162.279
-263.946,859.55,162.268
-263.853,859.261,162.257
-263.771,858.983,162.257
-263.679,858.694,162.246
-263.596,858.416,162.235
-263.513,858.138,162.224
-263.421,857.86,162.202
-263.338,857.571,162.191
-263.246,857.292,162.169
-263.164,856.992,162.158
-263.071,856.714,162.147
-262.979,856.425,162.125
-262.897,856.136,162.114
-262.804,855.858,162.103
-262.722,855.579,162.081
-262.639,855.29,162.07
-262.547,855.012,162.059
-262.455,854.723,162.048
-262.372,854.445,162.037
-262.289,854.156,162.026
-262.197,853.867,162.004
-262.105,853.588,161.993
-262.022,853.299,161.982
-261.93,853.021,161.971
-261.838,852.732,161.96
-261.746,852.454,161.949
-261.663,852.165,161.938
-261.571,851.886,161.917
-261.479,851.597,161.906
-261.386,851.319,161.895
-261.304,851.03,161.884
-261.211,850.752,161.873
-261.119,850.474,161.862
-261.027,850.184,161.84
-260.945,849.884,161.829
-260.852,849.606,161.818
-260.76,849.317,161.796
-260.677,849.039,161.785
-260.585,848.749,161.774
-260.503,848.471,161.763
-260.41,848.193,161.752
-260.328,847.915,161.741
-260.236,847.626,161.73
-260.143,847.348,161.708
-260.051,847.048,161.697
-259.959,846.769,161.675
-259.867,846.48,161.664
-259.784,846.202,161.653
-259.692,845.913,161.642
-259.6,845.635,161.631
-259.507,845.357,161.609
-259.425,845.079,161.598
-259.333,844.789,161.587
-259.24,844.511,161.576
-259.148,844.222,161.565
-259.056,843.944,161.554
-258.964,843.654,161.543
-258.872,843.376,161.521
-258.779,843.087,161.51
-258.687,842.809,161.499
-258.595,842.52,161.488
-258.512,842.242,161.477
-258.42,841.964,161.466
-258.328,841.674,161.455
-258.236,841.385,161.444
-258.144,841.107,161.433
-258.051,840.818,161.433
-257.959,840.54,161.422
-257.867,840.25,161.422
-257.775,839.972,161.411
-257.692,839.683,161.411
-257.6,839.405,161.4
-257.508,839.116,161.389
-257.415,838.837,161.389
-257.323,838.559,161.378
-257.231,838.27,161.378
-257.139,837.992,161.378
-257.047,837.703,161.367
-256.954,837.425,161.367
-256.862,837.135,161.356
-256.77,836.857,161.345
-256.687,836.568,161.345
-256.595,836.29,161.334
-256.503,836.001,161.334
-256.411,835.722,161.334
-256.319,835.444,161.334
-256.226,835.155,161.334
-256.134,834.877,161.345
-256.042,834.599,161.356
-255.94,834.309,161.367
-255.848,834.031,161.378
-255.756,833.742,161.4
-255.664,833.464,161.411
-255.571,833.186,161.433
-255.479,832.885,161.466
-255.387,832.607,161.488
-255.295,832.318,161.51
-255.203,832.04,161.543
-255.11,831.751,161.565
-255.028,831.484,161.598
-254.935,831.206,161.631
-254.843,830.916,161.653
-254.751,830.638,161.686
-254.659,830.36,161.719
-254.567,830.06,161.752
-254.474,829.782,161.774
-254.392,829.492,161.807
-254.3,829.214,161.84
-254.207,828.925,161.862
-254.115,828.647,161.884
-254.023,828.369,161.917
-253.94,828.08,161.949
-253.848,827.801,161.982
-253.756,827.512,162.015
-253.664,827.234,162.037
-253.571,826.956,162.059
-253.489,826.667,162.092
-253.397,826.389,162.114
-253.304,826.11,162.147
-253.212,825.81,162.169
-253.13,825.521,162.18
-253.037,825.243,162.202
-252.955,824.954,162.224
-252.863,824.676,162.235
-252.78,824.398,162.257
-252.688,824.108,162.279
-252.605,823.83,162.301
-252.513,823.541,162.312
-252.43,823.263,162.334
-252.338,822.974,162.345
-252.255,822.696,162.367
-252.163,822.406,162.378
-252.08,822.128,162.389
-251.998,821.839,162.4
-251.906,821.55,162.4
-251.823,821.261,162.411
-251.74,820.983,162.411
-251.648,820.694,162.411
-251.566,820.404,162.422
-251.483,820.126,162.422
-251.4,819.848,162.422
-251.308,819.559,162.422
-251.225,819.281,162.433
-251.133,818.992,162.433
-251.041,818.703,162.422
-250.958,818.414,162.411
-250.876,818.124,162.411
-250.784,817.846,162.411
-250.701,817.557,162.411
-250.618,817.279,162.411
-250.526,817.001,162.4
-250.443,816.712,162.4
-250.351,816.434,162.389
-250.268,816.144,162.389
-250.176,815.844,162.389
-250.084,815.555,162.389
-250.002,815.266,162.389
-249.909,814.988,162.378
-249.827,814.699,162.378
-249.744,814.443,162.378
-249.652,814.153,162.378
-249.569,813.875,162.378
-249.486,813.597,162.367
-249.394,813.308,162.367
-249.302,812.997,162.356
-249.22,812.708,162.345
-249.127,812.418,162.334
-249.045,812.129,162.334
-248.953,811.851,162.323
-248.879,811.584,162.323
-248.787,811.306,162.312
-248.704,811.028,162.312
-248.622,810.739,162.312
-248.529,810.461,162.312
-248.437,810.16,162.312
-248.355,809.871,162.301
-248.263,809.582,162.301
-248.18,809.304,162.301
-248.088,809.015,162.29
-248.005,808.737,162.279
-247.913,808.459,162.279
-247.83,808.169,162.279
-247.748,807.891,162.279
-247.655,807.602,162.279
-247.573,807.313,162.268
-247.481,807.035,162.257
-247.398,806.746,162.257
-247.306,806.468,162.246
-247.223,806.178,162.246
-247.131,805.9,162.246
-247.048,805.622,162.246
-246.965,805.333,162.235
-246.873,805.055,162.235
-246.791,804.766,162.224
-246.689,804.476,162.213
-246.606,804.187,162.213
-246.514,803.898,162.213
-246.431,803.62,162.202
-246.339,803.331,162.202
-246.256,803.064,162.191
-246.174,802.775,162.191
-246.082,802.497,162.191
-245.999,802.219,162.191
-245.907,801.929,162.18
-245.824,801.629,162.18
-245.732,801.351,162.169
-245.649,801.062,162.169
-245.557,800.784,162.158
-245.475,800.495,162.158
-245.382,800.216,162.147
-245.29,799.927,162.147
-245.207,799.649,162.136
-245.115,799.371,162.147
-245.033,799.082,162.136
-244.94,798.793,162.136
-244.848,798.503,162.125
-244.766,798.225,162.114
-244.673,797.936,162.114
-244.581,797.658,162.114
-244.499,797.369,162.114
-244.406,797.091,162.114
-244.324,796.801,162.103
-244.231,796.523,162.103
-244.149,796.234,162.092
-244.057,795.945,162.092
-243.964,795.667,162.092
-243.882,795.378,162.092
-243.79,795.088,162.092
-243.707,794.81,162.081
-243.615,794.521,162.081
-243.532,794.243,162.081
-243.44,793.954,162.081
-243.348,793.676,162.081
-243.265,793.387,162.07
-243.182,793.109,162.07
-243.09,792.83,162.07
-242.998,792.541,162.07
-242.915,792.263,162.059
-242.823,791.974,162.059
-242.741,791.685,162.059
-242.648,791.396,162.048
-242.556,791.117,162.048
-242.474,790.828,162.048
-242.381,790.55,162.037
-242.289,790.272,162.037
-242.206,789.983,162.026
-242.114,789.705,162.015
-242.032,789.416,162.015
-241.939,789.137,162.015
-241.847,788.848,162.004
-241.765,788.559,162.004
-241.672,788.281,161.993
-241.58,787.992,161.993
-241.497,787.714,161.993
-241.405,787.424,161.993
-241.313,787.146,161.993
-241.23,786.857,161.982
-241.138,786.579,161.971
-241.056,786.29,161.971
-240.963,786.001,161.971
-240.871,785.722,161.96
-240.788,785.444,161.971
-240.696,785.155,161.971
-240.614,784.877,161.96
-240.521,784.588,161.96
-240.439,784.299,161.96
-240.347,784.021,161.96
-240.254,783.731,161.949
-240.172,783.453,161.949
-240.08,783.164,161.949
-239.997,782.886,161.949
-239.905,782.597,161.949
-239.812,782.319,161.949
-239.73,782.029,161.949
-239.628,781.74,161.949
-239.545,781.462,161.938
-239.453,781.173,161.949
-239.361,780.895,161.949
-239.278,780.606,161.938
-239.186,780.327,161.938
-239.094,780.038,161.938
-239.002,779.76,161.938
-238.919,779.471,161.938
-238.827,779.193,161.938
-238.735,778.903,161.938
-238.652,778.614,161.938
-238.56,778.336,161.938
-238.468,778.047,161.927
-238.385,777.769,161.927
-238.302,777.491,161.938
-238.21,777.202,161.938
-238.118,776.923,161.938
-238.035,776.634,161.938
-237.943,776.356,161.938
-237.851,776.067,161.938
-237.759,775.778,161.938
-237.676,775.5,161.938
-237.584,775.21,161.938
-237.492,774.932,161.927
-237.409,774.654,161.927
-237.317,774.365,161.927
-237.234,774.087,161.927
-237.142,773.809,161.927
-237.059,773.52,161.927
-236.958,773.23,161.927
-236.865,772.941,161.927
-236.783,772.652,161.927
-236.691,772.374,161.938
-236.598,772.085,161.938
-236.516,771.807,161.949
-236.424,771.517,161.96
-236.331,771.239,161.96
-236.249,770.95,161.971
-236.156,770.672,161.982
-236.064,770.383,161.993
-235.972,770.093,161.993
-235.88,769.815,162.004
-235.797,769.526,162.015
-235.705,769.237,162.026
-235.622,768.959,162.037
-235.53,768.681,162.059
-235.448,768.392,162.07
-235.355,768.113,162.081
-235.273,767.824,162.092
-235.18,767.546,162.103
-235.088,767.257,162.114
-235.006,766.979,162.125
-234.913,766.69,162.136
-234.831,766.412,162.147
-234.739,766.122,162.147
-234.656,765.844,162.158
-234.564,765.555,162.169
-234.481,765.277,162.18
-234.389,764.988,162.18
-234.297,764.699,162.191
-234.214,764.42,162.202
-234.122,764.131,162.202
-234.039,763.853,162.213
-233.947,763.564,162.224
-233.855,763.286,162.224
-233.763,762.997,162.235
-233.68,762.719,162.246
-233.588,762.429,162.246
-233.505,762.151,162.257
-233.413,761.862,162.257
-233.321,761.584,162.268
-233.238,761.295,162.268
-233.146,761.017,162.268
-233.063,760.727,162.268
-232.971,760.438,162.279
-232.888,760.149,162.279
-232.796,759.871,162.279
-232.713,759.582,162.279
-232.621,759.293,162.279
-232.538,759.026,162.279
-232.456,758.736,162.279
-232.364,758.458,162.29
-232.281,758.169,162.29
-232.198,757.891,162.29
-232.106,757.602,162.279
-232.014,757.313,162.279
-231.931,757.024,162.279
-231.839,756.745,162.279
-231.756,756.467,162.268
-231.664,756.178,162.268
-231.582,755.9,162.268
-231.489,755.611,162.257
-231.407,755.333,162.257
-231.315,755.044,162.257
-231.222,754.754,162.246
-231.14,754.465,162.246
-231.048,754.176,162.235
-230.965,753.898,162.224
-230.873,753.609,162.224
-230.781,753.331,162.213
-230.698,753.052,162.213
-230.606,752.763,162.213
-230.523,752.485,162.202
-230.431,752.196,162.191
-230.348,751.907,162.191
-230.256,751.618,162.18
-230.164,751.339,162.169
-230.081,751.05,162.169
-229.989,750.772,162.158
-229.906,750.494,162.158
-229.824,750.205,162.147
-229.731,749.927,162.125
-229.649,749.638,162.114
-229.556,749.36,162.092
-229.474,749.07,162.07
-229.382,748.781,162.048
-229.299,748.503,162.026
-229.207,748.214,162.004
-229.115,747.936,161.971
-229.032,747.647,161.949
-228.94,747.368,161.917
-228.857,747.079,161.884
-228.765,746.801,161.862
-228.673,746.512,161.84
-228.58,746.234,161.818
-228.498,745.945,161.785
-228.406,745.667,161.763
-228.313,745.377,161.741
-228.231,745.099,161.719
-228.139,744.81,161.697
-228.046,744.521,161.686
-227.954,744.243,161.664
-227.862,743.953,161.653
-227.77,743.675,161.631
-227.678,743.397,161.62
-227.595,743.119,161.609
-227.503,742.83,161.598
-227.41,742.552,161.587
-227.318,742.262,161.587
-227.226,741.973,161.587
-227.143,741.695,161.587
-227.051,741.406,161.587
-226.959,741.128,161.587
-226.867,740.839,161.587
-226.784,740.56,161.598
-226.692,740.282,161.609
-226.6,739.993,161.609
-226.508,739.715,161.62
-226.415,739.426,161.62
-226.323,739.159,161.62
-226.24,738.869,161.62
-226.148,738.591,161.62
-226.056,738.313,161.631
-225.964,738.024,161.631
-225.872,737.735,161.631
-225.779,737.445,161.62
-225.687,737.156,161.62
-225.595,736.878,161.62
-225.503,736.589,161.631
-225.42,736.322,161.631
-225.328,736.044,161.631
-225.236,735.766,161.631
-225.143,735.476,161.631
-225.061,735.198,161.631
-224.95,734.898,161.631
-224.858,734.597,161.631
-224.765,734.319,161.62
-224.673,734.03,161.631
-224.581,733.752,161.631
-224.498,733.485,161.642
-224.415,733.207,161.653
-224.323,732.918,161.664
-224.231,732.64,161.675
-224.139,732.361,161.686
-224.047,732.061,161.697
-223.955,731.772,161.708
-223.862,731.483,161.719
-223.77,731.204,161.73
-223.688,730.915,161.73
-223.595,730.648,161.741
-223.503,730.37,161.752
-223.42,730.081,161.774
-223.328,729.803,161.785
-223.236,729.525,161.785
-223.144,729.224,161.796
-223.052,728.935,161.807
-222.959,728.657,161.807
-222.867,728.368,161.829
-222.775,728.09,161.84
-222.692,727.812,161.851
-222.6,727.533,161.862
-222.508,727.255,161.862
-222.425,726.966,161.873
-222.333,726.688,161.884
-222.241,726.388,161.895
-222.149,726.109,161.895
-222.056,725.82,161.906
-221.964,725.542,161.906
-221.882,725.253,161.917
-221.789,724.975,161.927
-221.697,724.697,161.938
-221.614,724.419,161.949
-221.522,724.129,161.96
-221.43,723.851,161.971
-221.347,723.562,161.982
-221.255,723.273,161.982
-221.163,722.995,161.993
-221.071,722.705,162.004
-220.988,722.427,162.015
-220.905,722.138,162.026
-220.813,721.86,162.037
-220.731,721.571,162.048
-220.638,721.293,162.059
-220.556,721.004,162.059
-220.454,720.714,162.07
-220.371,720.436,162.07
-220.279,720.147,162.081
-220.187,719.869,162.092
-220.104,719.58,162.103
-220.012,719.302,162.103
-219.929,719.024,162.114
-219.837,718.734,162.114
-219.745,718.456,162.114
-219.662,718.167,162.125
-219.57,717.878,162.136
-219.488,717.589,162.136
-219.395,717.311,162.136
-219.303,717.021,162.147
-219.22,716.743,162.147
-219.128,716.465,162.158
-219.046,716.176,162.158
-218.953,715.898,162.169
-218.871,715.609,162.18
-218.778,715.331,162.18
-218.696,715.041,162.18
-218.604,714.752,162.191
-218.521,714.474,162.191
-218.429,714.196,162.191
-218.346,713.907,162.202
-218.254,713.618,162.202
-218.171,713.329,162.202
-218.079,713.05,162.202
-217.996,712.761,162.213
-217.904,712.483,162.213
-217.822,712.194,162.213
-217.729,711.916,162.224
-217.647,711.627,162.224
-217.555,711.349,162.235
-217.462,711.059,162.235
-217.37,710.77,162.235
-217.287,710.492,162.246
-217.195,710.203,162.246
-217.103,709.925,162.246
-217.02,709.636,162.257
-216.938,709.357,162.268
-216.846,709.068,162.268
-216.763,708.79,162.268
-216.671,708.501,162.279
-216.588,708.223,162.279
-216.496,707.934,162.29
-216.413,707.645,162.29
-216.331,707.366,162.29
-216.238,707.077,162.29
-216.156,706.799,162.301
-216.064,706.51,162.301
-215.981,706.221,162.301
-215.889,705.943,162.301
-215.806,705.654,162.301
-215.714,705.375,162.312
-215.631,705.086,162.312
-215.539,704.797,162.312
-215.456,704.519,162.312
-215.364,704.23,162.312
-215.282,703.941,162.301
-215.189,703.662,162.301
-215.107,703.373,162.301
-215.014,703.095,162.301
-214.932,702.806,162.301
-214.849,702.528,162.301
-214.757,702.239,162.29
-214.665,701.95,162.29
-214.582,701.672,162.29
-214.49,701.382,162.29
-214.407,701.104,162.29
-214.315,700.815,162.29
-214.223,700.537,162.279
-214.14,700.248,162.279
-214.048,699.97,162.279
-213.965,699.68,162.279
-213.873,699.391,162.268
-213.781,699.102,162.268
-213.698,698.824,162.257
-213.606,698.535,162.246
-213.514,698.257,162.235
-213.431,697.978,162.224
-213.349,697.689,162.213
-213.256,697.411,162.202
-213.174,697.122,162.18
-213.082,696.844,162.169
-212.989,696.555,162.147
-212.907,696.266,162.136
-212.815,695.976,162.125
-212.732,695.698,162.103
-212.64,695.409,162.092
-212.557,695.131,162.081
-212.474,694.842,162.081
-212.382,694.564,162.07
-212.29,694.274,162.059
-212.207,693.996,162.048
-212.115,693.707,162.037
-212.023,693.429,162.026
-211.94,693.14,162.004
-211.848,692.862,161.993
-211.756,692.573,161.982
-211.664,692.283,161.971
-211.581,692.005,161.949
-211.489,691.716,161.938
-211.397,691.438,161.927
-211.314,691.149,161.917
-211.222,690.871,161.917
-211.13,690.592,161.895
-211.047,690.303,161.884
-210.955,690.014,161.862
-210.862,689.736,161.851
-210.77,689.447,161.851
-210.678,689.169,161.84
-210.595,688.879,161.829
-210.503,688.601,161.807
-210.411,688.312,161.796
-210.328,688.045,161.785
-210.236,687.756,161.774
-210.144,687.478,161.774
-210.061,687.189,161.763
-209.969,686.91,161.741
-209.877,686.61,161.719
-209.785,686.321,161.708
-209.693,686.043,161.697
-209.61,685.754,161.675
-209.518,685.475,161.675
-209.435,685.22,161.664
-209.342,684.941,161.653
-209.25,684.652,161.642
-209.158,684.374,161.631
-209.075,684.096,161.609
-208.964,683.784,161.598
-208.872,683.495,161.587
-208.79,683.206,161.576
-208.697,682.928,161.565
-208.605,682.639,161.554
-208.522,682.372,161.543
-208.43,682.093,161.532
-208.338,681.815,161.521
-208.246,681.537,161.499
-208.153,681.248,161.488
-208.061,680.948,161.477
-207.969,680.658,161.466
-207.877,680.38,161.444
-207.785,680.091,161.433
-207.693,679.813,161.411
-207.61,679.535,161.411
-207.518,679.246,161.4
-207.426,678.967,161.411
-207.333,678.689,161.422
-207.241,678.4,161.444
-207.149,678.122,161.466
-207.057,677.833,161.488
-206.964,677.554,161.51
-206.872,677.276,161.554
-206.78,676.987,161.576
-206.688,676.698,161.609
-206.596,676.42,161.642
-206.504,676.13,161.675
-206.411,675.852,161.708
-206.319,675.574,161.741
-206.227,675.285,161.774
-206.144,674.996,161.796
-206.052,674.718,161.829
-205.96,674.428,161.851
-205.868,674.15,161.873
-205.785,673.872,161.895
-205.693,673.583,161.906
-205.6,673.305,161.927
-205.518,673.016,161.938
-205.426,672.738,161.96
-205.334,672.437,161.982
-205.241,672.148,161.993
-205.149,671.859,162.015
-205.067,671.57,162.026
-204.974,671.291,162.037
-204.911,671.036,162.048
-204.818,670.769,162.059
-204.735,670.491,162.07
-204.653,670.213,162.07
-204.56,669.934,162.07
-204.449,669.623,162.059
-204.357,669.323,162.037
-204.265,669.033,162.015
-204.183,668.744,161.993
-204.091,668.455,161.982
-204.008,668.188,161.96
-203.925,667.91,161.938
-203.833,667.632,161.917
-203.75,667.343,161.906
-203.658,667.065,161.895
-203.575,666.775,161.873
-203.483,666.486,161.862
-203.4,666.208,161.851
-203.308,665.919,161.84
-203.216,665.63,161.829
-203.114,665.34,161.818
-203.022,665.062,161.818
-202.94,664.773,161.807
-202.847,664.495,161.807
-202.755,664.206,161.796
-202.672,663.939,161.785
-202.58,663.649,161.785
-202.488,663.371,161.774
-202.396,663.082,161.763
-202.313,662.804,161.763
-202.221,662.504,161.752
-202.129,662.226,161.752
-202.046,661.936,161.752
-201.954,661.658,161.741
-201.862,661.369,161.741
-201.779,661.102,161.752
-201.687,660.824,161.752
-201.604,660.546,161.763
-201.512,660.268,161.774
-201.419,659.978,161.785
-201.327,659.678,161.796
-201.235,659.389,161.818
-201.143,659.1,161.84
-201.051,658.822,161.851
-200.968,658.532,161.873
-200.876,658.265,161.895
-200.793,657.987,161.906
-200.701,657.698,161.927
-200.609,657.42,161.938
-200.526,657.131,161.96
-200.425,656.841,161.971
-200.342,656.552,161.993
-200.25,656.274,162.004
-200.158,655.985,162.026
-200.075,655.707,162.037
-199.983,655.418,162.059
-199.89,655.139,162.081
-199.808,654.85,162.103
-199.716,654.572,162.114
-199.633,654.283,162.136
-199.541,653.983,162.147
-199.449,653.705,162.169
-199.366,653.415,162.18
-199.274,653.137,162.191
-199.191,652.848,162.202
-199.108,652.581,162.224
-199.026,652.292,162.235
-198.933,652.014,162.257
-198.851,651.736,162.268
-198.768,651.447,162.279
-198.667,651.146,162.29
-198.574,650.868,162.312
-198.492,650.579,162.323
-198.399,650.301,162.345
-198.317,650.012,162.356
-198.224,649.745,162.367
-198.132,649.455,162.378
-198.05,649.177,162.389
-197.957,648.888,162.389
-197.875,648.61,162.411
-197.783,648.31,162.422
-197.7,648.021,162.422
-197.608,647.731,162.433
-197.525,647.453,162.433
-197.433,647.164,162.444
-197.35,646.897,162.466
-197.267,646.619,162.477
-197.185,646.33,162.488
-197.093,646.052,162.499
-197.01,645.774,162.51
-196.918,645.462,162.521
-196.826,645.162,162.532
-196.743,644.884,162.543
-196.651,644.595,162.554
-196.568,644.306,162.565
-196.495,644.05,162.576
-196.403,643.761,162.598
-196.32,643.483,162.609
-196.238,643.194,162.62
-196.155,642.915,162.631
-196.063,642.615,162.642
-195.98,642.326,162.664
-195.888,642.048,162.675
-195.805,641.759,162.675
-195.723,641.481,162.686
-195.64,641.203,162.686
-195.557,640.925,162.697
-195.465,640.646,162.697
-195.382,640.357,162.697
-195.3,640.079,162.719
-195.198,639.768,162.719
-195.116,639.479,162.719
-195.023,639.189,162.719
-194.941,638.9,162.729
-194.849,638.611,162.729
-194.775,638.344,162.729
-194.683,638.077,162.719
-194.6,637.799,162.708
-194.517,637.521,162.697
-194.425,637.232,162.686
-194.333,636.931,162.675
-194.251,636.62,162.653
-194.168,636.331,162.642
-194.076,636.053,162.62
-193.993,635.764,162.609
-193.92,635.497,162.587
-193.828,635.208,162.576
-193.745,634.93,162.554
-193.663,634.652,162.543
-193.57,634.362,162.521
-193.488,634.073,162.51
-193.405,633.784,162.488
-193.323,633.495,162.466
-193.23,633.217,162.455
-193.148,632.928,162.433
-193.056,632.638,162.422
-192.973,632.36,162.4
-192.89,632.071,162.389
-192.798,631.793,162.367
-192.715,631.515,162.345
-192.633,631.226,162.323
-192.54,630.948,162.301
-192.458,630.659,162.279
-192.366,630.369,162.257
-192.283,630.091,162.235
-192.181,629.791,162.213
-192.089,629.502,162.191
-192.006,629.224,162.169
-191.914,628.934,162.158
-191.832,628.656,162.147
-191.749,628.389,162.136
-191.666,628.111,162.114
-191.574,627.833,162.103
-191.482,627.555,162.081
-191.399,627.266,162.048
-191.297,626.966,162.037
-191.205,626.654,162.015
-191.123,626.376,161.993
-191.031,626.087,161.971
-190.938,625.798,161.96
-190.865,625.531,161.949
-190.792,625.275,161.927
-190.7,624.986,161.927
-190.607,624.708,161.906
-190.525,624.43,161.895
-190.433,624.129,161.873
-190.35,623.829,161.862
-190.258,623.551,161.851
-190.166,623.262,161.84
-190.083,622.973,161.818
-189.991,622.705,161.807
-189.898,622.427,161.785
-189.806,622.138,161.774
-189.724,621.86,161.763
-189.631,621.571,161.752
-189.539,621.282,161.73
-189.447,621.003,161.719
-189.355,620.714,161.697
-189.263,620.436,161.686
-189.18,620.147,161.675
-189.088,619.869,161.664
-188.995,619.591,161.653
-188.903,619.301,161.631
-188.821,619.023,161.62
-188.728,618.734,161.598
-188.636,618.456,161.587
-188.544,618.167,161.576
-188.452,617.889,161.565
-188.369,617.61,161.554
-188.277,617.321,161.532
-188.185,617.043,161.521
-188.093,616.754,161.521
-188,616.476,161.51
-187.908,616.186,161.51
-187.816,615.908,161.51
-187.733,615.63,161.51
-187.641,615.352,161.51
-187.549,615.074,161.51
-187.456,614.785,161.521
-187.364,614.507,161.521
-187.272,614.228,161.521
-187.18,613.939,161.521
-187.097,613.661,161.521
-187.005,613.383,161.532
-186.913,613.105,161.543
-186.811,612.816,161.554
-186.719,612.537,161.576
-186.626,612.259,161.587
-186.534,611.981,161.62
-186.451,611.703,161.653
-186.369,611.425,161.686
-186.276,611.147,161.719
-186.184,610.869,161.752
-186.101,610.591,161.774
-186.009,610.312,161.807
-185.926,610.034,161.84
-185.844,609.756,161.873
-185.751,609.478,161.906
-185.669,609.2,161.949
-185.576,608.933,161.982
-185.494,608.644,162.015
-185.411,608.366,162.059
-185.328,608.099,162.114
-185.245,607.821,162.158
-185.153,607.543,162.202
-185.07,607.276,162.235
-184.987,607.009,162.279
-184.905,606.742,162.312
-184.822,606.475,162.356
-184.739,606.208,162.4
-184.675,605.952,162.444
-184.592,605.696,162.499
-184.509,605.429,162.543
-184.436,605.163,162.598
-184.353,604.907,162.664
-184.261,604.629,162.729
-184.178,604.339,162.784
-184.104,604.084,162.839
-184.022,603.817,162.894
-183.948,603.55,162.96
-183.884,603.316,163.026
-183.801,603.072,163.092
-183.728,602.816,163.158
-183.654,602.56,163.224
-183.581,602.304,163.29
-183.498,602.026,163.345
-183.425,601.748,163.411
-183.351,601.492,163.488
-183.278,601.237,163.553
-183.204,600.981,163.641
-183.14,600.747,163.718
-183.067,600.492,163.806
-182.993,600.236,163.894
-182.929,599.98,163.993
-182.856,599.724,164.092
-182.783,599.447,164.191
-182.709,599.191,164.29
-182.645,598.935,164.399
-182.572,598.679,164.509
-182.508,598.424,164.63
-182.444,598.179,164.762
-182.371,597.934,164.883
-182.307,597.679,165.026
-182.243,597.423,165.157
-182.179,597.167,165.289
-182.115,596.901,165.421
-182.051,596.645,165.564
-181.987,596.389,165.707
-181.923,596.145,165.839
-181.869,595.889,165.97
-181.814,595.645,166.113
-181.75,595.4,166.245
-181.696,595.145,166.377
-181.632,594.9,166.52
-181.577,594.644,166.663
-181.514,594.378,166.794
-181.459,594.111,166.937
-181.405,593.855,167.069
-181.351,593.611,167.212
-181.296,593.355,167.355
-181.242,593.122,167.498
-181.187,592.866,167.651
-181.133,592.622,167.794
-181.088,592.366,167.959
-181.033,592.122,168.113
-180.988,591.867,168.278
-180.934,591.611,168.442
-180.889,591.356,168.607
-180.844,591.111,168.783
-180.79,590.856,168.959
-180.745,590.611,169.124
-180.7,590.367,169.299
-180.655,590.111,169.464
-180.61,589.867,169.64
-180.575,589.612,169.816
-180.52,589.367,169.991
-180.485,589.123,170.167
-180.44,588.879,170.332
-180.405,588.623,170.508
-180.369,588.379,170.695
-180.324,588.123,170.881
-180.289,587.879,171.079
-180.254,587.624,171.277
-180.218,587.38,171.486
-180.183,587.135,171.694
-180.147,586.891,171.914
-180.112,586.636,172.134
-180.086,586.392,172.365
-180.051,586.147,172.606
-180.025,585.903,172.848
-179.989,585.648,173.079
-179.963,585.404,173.32
-179.938,585.159,173.562
-179.912,584.915,173.804
-179.886,584.66,174.045
-179.869,584.416,174.276
-179.844,584.161,174.507
-179.827,583.917,174.727
-179.811,583.673,174.924
-179.795,583.429,175.122
-179.778,583.196,175.309
-179.762,582.951,175.485
-179.745,582.707,175.671
-179.729,582.463,175.847
-179.713,582.219,176.012
-179.696,581.953,176.166
-179.68,581.687,176.298
-179.664,581.443,176.418
-179.657,581.199,176.506
-179.641,580.955,176.605
-179.634,580.733,176.693
-179.627,580.511,176.77
-179.61,580.278,176.847
-179.603,580.034,176.913
-179.596,579.79,176.979
-179.571,579.535,177.034
-179.564,579.269,177.089
-179.557,579.014,177.144
-179.541,578.77,177.177
-179.534,578.526,177.209
-179.537,578.304,177.242
-179.52,578.071,177.264
-179.513,577.838,177.275
-179.506,577.594,177.286
-179.499,577.362,177.286
-179.483,577.095,177.286
-179.476,576.851,177.286
-179.469,576.607,177.286
-179.463,576.364,177.264
-179.456,576.131,177.253
-179.439,575.887,177.22
-179.432,575.654,177.188
-179.425,575.41,177.144
-179.419,575.166,177.1
-179.412,574.922,177.045
-179.405,574.7,176.99
-179.388,574.456,176.924
-179.381,574.223,176.858
-179.375,573.979,176.792
-179.368,573.746,176.726
-179.351,573.491,176.649
-179.344,573.247,176.583
-179.328,573.003,176.506
-179.321,572.759,176.429
-179.305,572.526,176.364
-179.298,572.293,176.287
-179.291,572.061,176.221
-179.274,571.816,176.144
-179.258,571.583,176.078
-179.251,571.34,175.99
-179.235,571.107,175.902
-179.218,570.863,175.803
-179.211,570.63,175.704
-179.195,570.386,175.594
-179.178,570.153,175.485
-179.172,569.909,175.375
-179.155,569.665,175.254
-179.139,569.432,175.133
-179.122,569.188,175.012
-179.106,568.955,174.88
-179.089,568.733,174.76
-179.073,568.489,174.628
-179.056,568.256,174.507
-179.04,568.023,174.375
-179.014,567.779,174.243
-178.998,567.534,174.111
-178.981,567.29,173.979
-178.955,567.057,173.837
-178.939,566.813,173.694
-178.913,566.58,173.54
-178.896,566.358,173.386
-178.87,566.114,173.232
-178.844,565.881,173.068
-178.828,565.648,172.903
-178.802,565.415,172.727
-178.766,565.171,172.551
-178.74,564.927,172.365
-178.714,564.694,172.178
-178.688,564.46,171.98
-178.653,564.216,171.782
-178.627,563.983,171.584
-178.601,563.75,171.376
-178.565,563.517,171.167
-178.539,563.273,170.958
-178.504,563.039,170.739
-178.478,562.817,170.519
-178.442,562.584,170.288
-178.407,562.351,170.068
-178.371,562.118,169.838
-178.335,561.885,169.618
-178.291,561.629,169.398
-178.255,561.396,169.178
-178.21,561.163,168.959
-178.174,560.93,168.75
-178.129,560.696,168.552
-178.084,560.474,168.344
-178.039,560.241,168.146
-177.994,560.008,167.948
-177.949,559.774,167.761
-177.904,559.541,167.563
-177.868,559.319,167.366
-177.823,559.086,167.179
-177.768,558.852,166.992
-177.723,558.619,166.805
-177.668,558.397,166.63
-177.623,558.163,166.443
-177.578,557.93,166.267
-177.523,557.708,166.091
-177.469,557.474,165.916
-177.414,557.241,165.751
-177.369,557.008,165.575
-177.315,556.774,165.41
-177.26,556.552,165.256
-177.205,556.319,165.103
-177.151,556.085,164.96
-177.096,555.874,164.828
-177.032,555.64,164.718
-176.977,555.418,164.597
-176.922,555.196,164.487
-176.858,554.962,164.388
-176.803,554.729,164.323
-176.749,554.496,164.257
-176.684,554.262,164.202
-176.63,554.04,164.147
-176.566,553.806,164.103
-176.501,553.584,164.059
-176.447,553.35,164.015
-176.382,553.128,163.982
-176.318,552.894,163.96
-176.254,552.672,163.938
-176.199,552.439,163.916
-176.135,552.205,163.894
-176.071,551.972,163.861
-176.007,551.749,163.828
-175.943,551.516,163.784
-175.888,551.282,163.74
-175.824,551.049,163.696
-175.76,550.815,163.652
-175.695,550.582,163.597
-175.631,550.348,163.542
-175.558,550.115,163.477
-175.493,549.881,163.411
-175.429,549.648,163.345
-175.365,549.414,163.279
-175.291,549.181,163.213
-175.237,548.969,163.147
-175.172,548.736,163.081
-175.108,548.502,163.004
-175.044,548.269,162.916
-174.97,548.046,162.839
-174.897,547.791,162.751
-174.833,547.546,162.664
-174.759,547.312,162.576
-174.695,547.079,162.488
-174.621,546.845,162.389
-174.557,546.623,162.301
-174.483,546.389,162.213
-174.419,546.156,162.125
-174.346,545.922,162.037
-174.272,545.689,161.938
-174.208,545.455,161.851
-174.134,545.222,161.752
-174.06,544.988,161.664
-173.986,544.765,161.565
-173.913,544.532,161.477
-173.839,544.276,161.4
-173.766,544.042,161.312
-173.692,543.809,161.224
-173.609,543.575,161.136
-173.535,543.341,161.06
-173.471,543.119,160.994
-173.388,542.885,160.928
-173.314,542.641,160.873
-173.24,542.407,160.818
-173.157,542.173,160.774
-173.083,541.94,160.73
-173.01,541.706,160.697
-172.936,541.473,160.664
-172.853,541.239,160.653
-172.779,541.005,160.642
-172.686,540.76,160.642
-172.613,540.527,160.653
-172.53,540.293,160.653
-172.456,540.048,160.653
-172.373,539.815,160.664
-172.299,539.581,160.675
-172.216,539.347,160.675
-172.142,539.114,160.697
-172.059,538.869,160.708
-171.976,538.635,160.73
-171.912,538.402,160.741
-171.828,538.168,160.752
-171.755,537.923,160.774
-171.672,537.69,160.796
-171.598,537.456,160.807
-171.515,537.2,160.829
-171.432,536.966,160.851
-171.358,536.722,160.862
-171.275,536.488,160.884
-171.201,536.243,160.895
-171.128,536.01,160.917
-171.045,535.776,160.939
-170.971,535.531,160.961
-170.888,535.298,160.983
-170.814,535.053,161.005
-170.741,534.819,161.027
-170.657,534.586,161.06
-170.584,534.341,161.082
-170.501,534.107,161.115
-170.427,533.863,161.147
-170.344,533.618,161.18
-170.27,533.384,161.213
-170.187,533.139,161.246
-170.113,532.906,161.279
-170.03,532.661,161.323
-169.957,532.416,161.367
-169.873,532.183,161.4
-169.8,531.938,161.433
-169.717,531.693,161.466
-169.643,531.459,161.488
-169.579,531.226,161.51
-169.496,530.981,161.499
-169.422,530.748,161.488
-169.349,530.503,161.444
-169.265,530.269,161.389
-169.192,530.013,161.312
-169.109,529.769,161.213
-169.035,529.535,161.115
-168.952,529.29,161.005
-168.878,529.045,160.895
-168.795,528.812,160.774
-168.722,528.578,160.664
-168.638,528.333,160.532
-168.555,528.1,160.411
-168.482,527.855,160.28
-168.399,527.61,160.159
-168.315,527.376,160.027
-168.232,527.143,159.906
-168.149,526.898,159.796
-168.066,526.664,159.686
-167.983,526.419,159.587
-167.9,526.186,159.5
-167.816,525.952,159.412
-167.724,525.718,159.335
-167.64,525.473,159.269
-167.557,525.24,159.214
-167.474,524.995,159.148
-167.381,524.761,159.093
-167.298,524.527,159.049
-167.215,524.294,159.005
-167.132,524.049,158.961
-167.039,523.815,158.917
-166.956,523.581,158.873
-166.873,523.348,158.818
-166.78,523.114,158.774
-166.706,522.88,158.719
-166.613,522.646,158.676
-166.53,522.413,158.621
-166.437,522.179,158.566
-166.354,521.945,158.511
-166.271,521.7,158.445
-166.178,521.467,158.39
-166.095,521.233,158.324
-166.002,521.01,158.269
-165.91,520.776,158.214
-165.826,520.543,158.159
-165.734,520.309,158.104
-165.65,520.075,158.038
-165.557,519.852,157.972
-165.465,519.619,157.917
-165.382,519.374,157.852
-165.289,519.151,157.786
-165.196,518.917,157.709
-165.103,518.683,157.632
-165.02,518.45,157.544
-164.927,518.227,157.445
-164.834,517.993,157.335
-164.751,517.759,157.214
-164.658,517.537,157.083
-164.566,517.303,156.929
-164.463,517.069,156.775
-164.371,516.835,156.61
-164.278,516.612,156.445
-164.175,516.379,156.259
-164.082,516.156,156.072
-163.99,515.933,155.885
-163.897,515.699,155.676
-163.794,515.476,155.479
-163.692,515.254,155.259
-163.599,515.031,155.05
-163.497,514.797,154.841
-163.394,514.574,154.633
-163.292,514.351,154.435
-163.19,514.128,154.226
-163.087,513.906,154.028
-162.985,513.683,153.831
-162.873,513.46,153.622
-162.77,513.237,153.424
-162.668,513.014,153.226
-162.556,512.791,153.04
-162.454,512.568,152.864
-162.351,512.357,152.677
-162.239,512.134,152.501
-162.127,511.911,152.314
-162.025,511.699,152.139
-161.913,511.476,151.952
-161.801,511.253,151.776
-161.689,511.041,151.6
-161.577,510.829,151.436
-161.465,510.606,151.26
-161.353,510.395,151.084
-161.241,510.172,150.897
-161.129,509.96,150.71
-161.007,509.748,150.535
-160.895,509.536,150.348
-160.774,509.313,150.161
-160.662,509.101,149.985
-160.54,508.889,149.799
-160.418,508.677,149.601
-160.306,508.465,149.414
-160.185,508.253,149.216
-160.073,508.041,149.019
-159.951,507.829,148.821
-159.829,507.629,148.612
-159.708,507.417,148.403
-159.577,507.205,148.195
-159.455,507.004,147.975
-159.333,506.792,147.744
-159.202,506.591,147.513
-159.081,506.379,147.272
-158.949,506.167,147.03
-158.828,505.966,146.788
-158.696,505.765,146.536
-158.565,505.564,146.283
-158.434,505.352,146.041
-158.312,505.162,145.789
-158.181,504.961,145.536
-158.05,504.76,145.283
-157.909,504.559,145.031
-157.778,504.358,144.767
-157.646,504.157,144.514
-157.506,503.956,144.272
-157.374,503.755,144.031
-157.233,503.565,143.811
-157.093,503.364,143.591
-156.961,503.174,143.405
-156.821,502.973,143.229
-156.689,502.783,143.075
-156.548,502.593,142.943
-156.407,502.403,142.833
-156.267,502.202,142.756
-156.126,502.001,142.69
-155.985,501.811,142.646
-155.844,501.621,142.625
-155.694,501.431,142.625
-155.562,501.23,142.646
-155.421,501.04,142.679
-155.281,500.85,142.723
-155.14,500.66,142.767
-154.999,500.459,142.822
-154.858,500.269,142.888
-154.717,500.079,142.954
-154.576,499.889,143.042
-154.435,499.699,143.141
-154.294,499.509,143.262
-154.144,499.307,143.405
-154.003,499.106,143.569
-153.862,498.916,143.745
-153.731,498.715,143.954
-153.59,498.525,144.174
-153.459,498.335,144.415
-153.318,498.134,144.668
-153.177,497.944,144.921
-153.046,497.743,145.195
-152.905,497.553,145.459
-152.764,497.341,145.734
-152.633,497.14,146.008
-152.502,496.939,146.283
-152.371,496.738,146.569
-152.239,496.537,146.843
-152.108,496.336,147.129
-151.977,496.124,147.415
-151.855,495.923,147.7
-151.724,495.711,147.997
-151.593,495.51,148.282
-151.471,495.298,148.568
-151.35,495.086,148.854
-151.218,494.885,149.139
-151.097,494.673,149.425
-150.975,494.461,149.7
-150.863,494.249,149.974
-150.742,494.038,150.249
-150.62,493.826,150.513
-150.508,493.614,150.765
-150.386,493.402,150.996
-150.265,493.168,151.227
-150.153,492.956,151.458
-150.041,492.744,151.677
-149.929,492.521,151.886
-149.817,492.309,152.084
-149.695,492.086,152.281
-149.583,491.863,152.479
-149.481,491.64,152.677
-149.369,491.417,152.875
-149.257,491.194,153.062
-149.145,490.983,153.237
-149.033,490.76,153.413
-148.931,490.537,153.589
-148.819,490.314,153.776
-148.716,490.091,153.951
-148.595,489.868,154.138
-148.493,489.634,154.336
-148.39,489.411,154.534
-148.278,489.188,154.742
-148.176,488.965,154.973
-148.074,488.731,155.215
-147.962,488.509,155.49
-147.869,488.275,155.764
-147.766,488.052,156.039
-147.664,487.818,156.324
-147.571,487.606,156.599
-147.469,487.372,156.885
-147.376,487.15,157.17
-147.283,486.916,157.467
-147.191,486.682,157.764
-147.079,486.426,158.06
-146.986,486.192,158.357
-146.893,485.958,158.654
-146.801,485.724,158.939
-146.718,485.48,159.214
-146.634,485.257,159.489
-146.551,485.023,159.741
-146.458,484.789,159.994
-146.375,484.545,160.225
-146.292,484.311,160.455
-146.209,484.066,160.664
-146.135,483.833,160.851
-146.052,483.588,161.016
-145.969,483.343,161.158
-145.895,483.109,161.268
-145.812,482.853,161.367
-145.739,482.609,161.444
-145.656,482.364,161.499
-145.582,482.119,161.554
-145.508,481.875,161.598
-145.425,481.641,161.62
-145.352,481.396,161.642
-145.269,481.151,161.664
-145.195,480.907,161.686
-145.121,480.662,161.708
-145.029,480.417,161.719
-144.955,480.161,161.73
-144.872,479.917,161.741
-144.799,479.672,161.752
-144.725,479.427,161.763
-144.652,479.183,161.785
-144.568,478.938,161.807
-144.495,478.682,161.829
-144.412,478.437,161.851
-144.338,478.192,161.862
-144.255,477.948,161.873
-144.182,477.692,161.895
-144.099,477.447,161.906
-144.025,477.202,161.938
-143.952,476.947,161.971
-143.869,476.691,162.015
-143.786,476.446,162.07
-143.712,476.19,162.136
-143.629,475.945,162.202
-143.556,475.69,162.279
-143.482,475.434,162.367
-143.399,475.178,162.455
-143.326,474.933,162.543
-143.252,474.678,162.62
-143.169,474.422,162.708
-143.096,474.166,162.773
-143.022,473.91,162.828
-142.949,473.654,162.883
-142.875,473.399,162.927
-142.802,473.143,162.949
-142.729,472.887,162.971
-142.646,472.631,162.982
-142.572,472.375,162.982
-142.499,472.109,162.982
-142.425,471.853,162.971
-142.343,471.586,162.971
-142.269,471.33,162.971
-142.196,471.063,162.971
-142.113,470.807,162.971
-142.039,470.54,162.971
-141.966,470.285,162.982
-141.893,470.029,162.971
-141.819,469.762,162.982
-141.736,469.506,162.982
-141.663,469.239,162.982
-141.589,468.984,162.982
-141.507,468.717,162.982
-141.433,468.461,162.993
-141.36,468.194,163.004
-141.277,467.927,163.004
-141.194,467.649,163.015
-141.121,467.382,163.026
-141.038,467.115,163.026
-140.965,466.848,163.037
-140.882,466.581,163.048
-140.818,466.337,163.059
-140.745,466.07,163.07
-140.662,465.803,163.07
-140.588,465.536,163.07
-140.515,465.269,163.059
-140.432,464.98,163.059
-140.35,464.713,163.048
-140.276,464.446,163.037
-140.193,464.179,163.026
-140.12,463.901,163.015
-140.047,463.646,162.993
-139.964,463.379,162.982
-139.891,463.112,162.971
-139.817,462.845,162.949
-139.734,462.578,162.938
-139.652,462.3,162.916
-139.569,462.022,162.905
-139.496,461.755,162.883
-139.413,461.477,162.861
-139.33,461.21,162.839
-139.247,460.943,162.817
-139.164,460.665,162.795
-139.091,460.398,162.773
-139.008,460.12,162.762
-138.926,459.853,162.74
-138.843,459.575,162.719
-138.77,459.297,162.697
-138.687,459.03,162.675
-138.604,458.752,162.653
-138.521,458.485,162.631
-138.448,458.218,162.609
-138.375,457.94,162.587
-138.292,457.673,162.565
-138.209,457.395,162.543
-138.126,457.128,162.51
-138.034,456.839,162.466
-137.951,456.561,162.433
-137.869,456.283,162.4
-137.786,456.005,162.356
-137.703,455.727,162.312
-137.63,455.46,162.268
-137.537,455.193,162.224
-137.455,454.915,162.169
-137.372,454.637,162.125
-137.289,454.37,162.081
-137.206,454.081,162.037
-137.114,453.803,161.993
-137.031,453.536,161.938
-136.949,453.258,161.895
-136.856,452.98,161.84
-136.774,452.702,161.796
-136.691,452.423,161.763
-136.599,452.145,161.719
-136.516,451.867,161.686
-136.424,451.589,161.642
-136.341,451.322,161.62
-136.248,451.044,161.587
-136.166,450.766,161.554
-136.073,450.488,161.532
-135.991,450.221,161.51
-135.908,449.932,161.488
-135.816,449.665,161.466
-135.733,449.387,161.455
-135.641,449.108,161.444
-135.548,448.83,161.433
-135.456,448.541,161.422
-135.374,448.263,161.411
-135.281,447.985,161.411
-135.189,447.707,161.4
-135.097,447.429,161.4
-135.014,447.162,161.389
-134.922,446.883,161.389
-134.829,446.605,161.389
-134.737,446.327,161.389
-134.654,446.049,161.4
-134.562,445.76,161.411
-134.47,445.482,161.422
-134.378,445.204,161.422
-134.295,444.926,161.433
-134.203,444.647,161.444
-134.12,444.369,161.455
-134.028,444.091,161.477
-133.936,443.802,161.488
-133.843,443.524,161.51
-133.761,443.246,161.521
-133.668,442.968,161.532
-133.576,442.678,161.554
-133.484,442.4,161.565
-133.392,442.122,161.576
-133.309,441.833,161.576
-133.217,441.555,161.576
-133.134,441.277,161.576
-133.042,440.988,161.576
-132.95,440.709,161.587
-132.857,440.42,161.587
-132.765,440.131,161.587
-132.673,439.853,161.587
-132.581,439.564,161.587
-132.489,439.285,161.587
-132.396,438.996,161.598
-132.314,438.729,161.587
-132.221,438.44,161.587
-132.129,438.162,161.587
-132.037,437.884,161.598
-131.945,437.594,161.598
-131.853,437.294,161.609
-131.761,437.005,161.609
-131.668,436.716,161.598
-131.576,436.426,161.598
-131.484,436.148,161.598
-131.401,435.87,161.609
-131.309,435.592,161.609
-131.217,435.303,161.609
-131.125,435.014,161.609
-131.033,434.735,161.609
-130.95,434.435,161.609
-130.858,434.146,161.609
-130.766,433.868,161.609
-130.673,433.579,161.598
-130.581,433.289,161.598
-130.499,433.011,161.598
-130.406,432.733,161.587
-130.314,432.444,161.587
-130.231,432.166,161.576
-130.139,431.877,161.576
-130.047,431.587,161.576
-129.965,431.298,161.576
-129.872,431.02,161.576
-129.78,430.731,161.576
-129.688,430.453,161.565
-129.596,430.175,161.565
-129.513,429.885,161.565
-129.421,429.607,161.576
-129.328,429.329,161.576
-129.236,429.04,161.576
-129.144,428.751,161.576
-129.052,428.473,161.587
-128.96,428.183,161.587
-128.868,427.905,161.598
-128.785,427.616,161.598
-128.693,427.338,161.598
-128.6,427.06,161.598
-128.518,426.782,161.587
-128.425,426.492,161.587
-128.333,426.214,161.576
-128.251,425.925,161.565
-128.158,425.636,161.565
-128.066,425.358,161.554
-127.974,425.069,161.543
-127.882,424.79,161.521
-127.799,424.501,161.51
-127.707,424.212,161.51
-127.615,423.934,161.499
-127.523,423.645,161.488
-127.44,423.367,161.488
-127.348,423.088,161.477
-127.265,422.81,161.477
-127.173,422.521,161.488
-127.08,422.243,161.499
-126.998,421.965,161.51
-126.896,421.665,161.51
-126.804,421.386,161.521
-126.712,421.097,161.543
-126.629,420.819,161.554
-126.537,420.53,161.565
-126.435,420.252,161.576
-126.343,419.974,161.598
-126.26,419.684,161.62
-126.168,419.406,161.653
-126.076,419.117,161.675
-125.984,418.839,161.708
-125.891,418.55,161.741
-125.809,418.272,161.763
-125.716,417.993,161.796
-125.624,417.704,161.829
-125.542,417.426,161.873
-125.449,417.137,161.917
-125.367,416.859,161.949
-125.275,416.57,161.993
-125.182,416.291,162.026
-125.09,416.002,162.059
-124.998,415.713,162.092
-124.915,415.435,162.125
-124.823,415.146,162.158
-124.731,414.856,162.202
-124.658,414.579,162.235
-124.566,414.289,162.268
-124.483,414,162.312
-124.391,413.711,162.356
-124.308,413.433,162.4
-124.216,413.155,162.433
-124.133,412.877,162.466
-124.05,412.588,162.499
-123.958,412.309,162.543
-123.876,412.02,162.576
-123.784,411.72,162.609
-123.691,411.431,162.642
-123.609,411.153,162.675
-123.526,410.864,162.708
-123.434,410.574,162.729
-123.342,410.296,162.762
-123.249,410.018,162.773
-123.167,409.729,162.784
-123.084,409.451,162.784
-123.001,409.162,162.795
-122.919,408.873,162.795
-122.836,408.595,162.806
-122.754,408.305,162.806
-122.661,408.016,162.817
-122.579,407.738,162.817
-122.506,407.438,162.828
-122.413,407.16,162.839
-122.331,406.871,162.839
-122.248,406.593,162.839
-122.165,406.304,162.839
-122.083,406.026,162.839
-122,405.736,162.85
-121.917,405.447,162.861
-121.835,405.169,162.872
-121.752,404.88,162.883
-121.66,404.591,162.883
-121.577,404.302,162.883
-121.495,404.013,162.894
-121.412,403.735,162.905
-121.329,403.445,162.905
-121.237,403.167,162.916
-121.155,402.878,162.927
-121.072,402.6,162.927
-120.989,402.311,162.938
-120.907,402.022,162.938
-120.814,401.733,162.949
-120.732,401.444,162.96
-120.649,401.154,162.96
-120.567,400.876,162.971
-120.484,400.587,162.982
-120.401,400.309,162.982
-120.319,400.02,162.993
-120.236,399.731,162.993
-120.153,399.453,163.004
-120.061,399.164,163.015
-119.988,398.875,163.026
-119.905,398.585,163.026
-119.823,398.307,163.037
-119.74,398.018,163.037
-119.657,397.729,163.037
-119.575,397.44,163.048
-119.492,397.151,163.059
-119.409,396.873,163.07
-119.327,396.584,163.07
-119.244,396.295,163.081
-119.161,396.017,163.081
-119.079,395.727,163.092
-118.996,395.438,163.092
-118.914,395.16,163.103
-118.831,394.871,163.114
-118.739,394.582,163.125
-118.656,394.293,163.136
-118.573,394.015,163.147
-118.491,393.726,163.158
-118.408,393.436,163.169
-118.325,393.158,163.191
-118.243,392.869,163.202
-118.16,392.58,163.213
-118.078,392.302,163.235
-117.995,392.013,163.257
-117.912,391.724,163.29
-117.83,391.446,163.312
-117.747,391.157,163.345
-117.664,390.868,163.378
-117.591,390.59,163.411
-117.509,390.289,163.455
-117.426,390.011,163.499
-117.343,389.722,163.542
-117.261,389.433,163.586
-117.188,389.144,163.63
-117.105,388.866,163.674
-117.022,388.577,163.729
-116.949,388.299,163.773
-116.866,388.01,163.817
-116.784,387.721,163.861
-116.701,387.42,163.916
-116.628,387.131,163.96
-116.546,386.853,164.015
-116.472,386.564,164.059
-116.39,386.275,164.103
-116.317,385.997,164.147
-116.234,385.719,164.191
-116.161,385.43,164.235
-116.088,385.141,164.279
-116.005,384.863,164.323
-115.923,384.552,164.366
-115.85,384.263,164.41
-115.767,383.974,164.454
-115.694,383.685,164.498
-115.611,383.407,164.542
-115.538,383.118,164.575
-115.465,382.829,164.619
-115.392,382.54,164.663
-115.309,382.25,164.696
-115.236,381.973,164.74
-115.173,381.684,164.784
-115.09,381.394,164.828
-115.017,381.105,164.861
-114.944,380.816,164.905
-114.871,380.527,164.949
-114.798,380.227,164.993
-114.725,379.938,165.037
-114.652,379.649,165.081
-114.578,379.36,165.125
-114.505,379.071,165.157
-114.432,378.793,165.201
-114.359,378.504,165.245
-114.296,378.215,165.3
-114.222,377.926,165.333
-114.149,377.637,165.377
-114.067,377.348,165.41
-114.003,377.07,165.454
-113.93,376.781,165.498
-113.857,376.492,165.542
-113.784,376.203,165.586
-113.711,375.903,165.63
-113.638,375.614,165.663
-113.565,375.325,165.696
-113.501,375.036,165.74
-113.428,374.747,165.773
-113.355,374.458,165.806
-113.282,374.169,165.839
-113.218,373.88,165.861
-113.145,373.602,165.883
-113.082,373.313,165.905
-113.009,373.013,165.927
-112.936,372.724,165.948
-112.872,372.435,165.97
-112.799,372.146,165.981
-112.735,371.857,165.992
-112.672,371.568,166.003
-112.608,371.279,166.014
-112.535,370.99,166.025
-112.472,370.702,166.036
-112.399,370.413,166.047
-112.335,370.124,166.058
-112.272,369.835,166.08
-112.198,369.546,166.102
-112.135,369.257,166.113
-112.062,368.968,166.135
-111.989,368.668,166.146
-111.925,368.379,166.157
-111.852,368.09,166.179
-111.789,367.801,166.19
-111.725,367.512,166.201
-111.652,367.223,166.212
-111.579,366.934,166.223
-111.515,366.645,166.234
-111.452,366.367,166.245
-111.379,366.078,166.256
-111.315,365.778,166.278
-111.252,365.489,166.289
-111.179,365.2,166.3
-111.115,364.911,166.322
-111.042,364.622,166.333
-110.979,364.333,166.344
-110.915,364.044,166.366
-110.842,363.755,166.377
-110.778,363.466,166.399
-110.715,363.177,166.41
-110.651,362.877,166.432
-110.578,362.588,166.454
-110.515,362.299,166.476
-110.451,362.011,166.487
-110.388,361.722,166.509
-110.324,361.433,166.531
-110.26,361.155,166.553
-110.197,360.866,166.575
-110.133,360.577,166.597
-110.07,360.288,166.619
-110.006,359.988,166.641
-109.943,359.699,166.663
-109.879,359.399,166.685
-109.806,359.11,166.707
-109.743,358.821,166.718
-109.679,358.532,166.74
-109.616,358.243,166.75
-109.552,357.955,166.772
-109.479,357.665,166.794
-109.416,357.365,166.816
-109.362,357.077,166.838
-109.288,356.788,166.849
-109.225,356.499,166.871
-109.161,356.21,166.882
-109.098,355.921,166.904
-109.034,355.632,166.915
-108.971,355.343,166.937
-108.907,355.054,166.948
-108.844,354.765,166.97
-108.78,354.476,166.992
-108.707,354.176,167.003
-108.644,353.887,167.014
-108.58,353.598,167.014
-108.517,353.309,167.036
-108.453,353.021,167.036
-108.389,352.743,167.047
-108.326,352.454,167.047
-108.262,352.165,167.047
-108.199,351.876,167.058
-108.135,351.587,167.058
-108.072,351.287,167.058
-108.008,350.998,167.058
-107.945,350.709,167.058
-107.881,350.42,167.058
-107.817,350.131,167.058
-107.754,349.842,167.047
-107.69,349.553,167.047
-107.627,349.265,167.047
-107.563,348.976,167.047
-107.5,348.687,167.047
-107.436,348.387,167.047
-107.373,348.098,167.036
-107.309,347.809,167.025
-107.246,347.509,167.025
-107.173,347.22,167.025
-107.119,346.942,167.025
-107.055,346.653,167.014
-106.991,346.364,167.014
-106.928,346.075,167.003
-106.864,345.786,166.992
-106.801,345.486,166.992
-106.737,345.198,166.981
-106.674,344.909,166.981
-106.61,344.609,166.97
-106.547,344.32,166.97
-106.483,344.042,166.959
-106.42,343.753,166.948
-106.356,343.464,166.937
-106.283,343.175,166.937
-106.219,342.886,166.926
-106.156,342.586,166.915
-106.093,342.297,166.904
-106.029,342.008,166.904
-105.965,341.719,166.904
-105.902,341.43,166.893
-105.838,341.141,166.893
-105.775,340.853,166.882
-105.711,340.564,166.882
-105.638,340.275,166.893
-105.575,339.986,166.904
-105.511,339.697,166.915
-105.448,339.408,166.937
-105.384,339.119,166.948
-105.32,338.83,166.981
-105.257,338.53,167.003
-105.184,338.23,167.036
-105.12,337.941,167.058
-105.057,337.652,167.08
-104.993,337.363,167.113
-104.93,337.074,167.146
-104.866,336.785,167.179
-104.803,336.496,167.223
-104.739,336.207,167.245
-104.676,335.919,167.278
-104.612,335.63,167.311
-104.549,335.341,167.344
-104.485,335.041,167.377
-104.422,334.752,167.41
-104.358,334.463,167.432
-104.294,334.174,167.454
-104.231,333.885,167.476
-104.167,333.585,167.498
-104.104,333.296,167.52
-104.04,333.007,167.531
-103.977,332.718,167.542
-103.913,332.429,167.552
-103.85,332.14,167.563
-103.786,331.852,167.574
-103.732,331.563,167.585
-103.669,331.274,167.585
-103.605,330.974,167.596
-103.542,330.674,167.596
-103.478,330.385,167.607
-103.415,330.096,167.607
-103.351,329.796,167.607
-103.288,329.507,167.607
-103.224,329.218,167.607
-103.17,328.918,167.618
-103.107,328.629,167.618
-103.043,328.34,167.629
-102.98,328.051,167.629
-102.916,327.763,167.629
-102.862,327.474,167.629
-102.799,327.185,167.618
-102.735,326.896,167.618
-102.672,326.596,167.618
-102.618,326.307,167.618
-102.554,326.018,167.607
-102.491,325.718,167.596
-102.427,325.429,167.596
-102.373,325.14,167.574
-102.309,324.852,167.563
-102.246,324.563,167.552
-102.182,324.274,167.552
-102.119,323.985,167.542
-102.055,323.685,167.52
-101.992,323.396,167.509
-101.938,323.107,167.498
-101.874,322.807,167.476
-101.811,322.518,167.465
-101.747,322.229,167.432
-101.684,321.94,167.41
-101.62,321.651,167.388
-101.557,321.362,167.366
-101.493,321.074,167.344
-101.43,320.785,167.322
-101.366,320.496,167.3
-101.312,320.207,167.278
-101.249,319.907,167.234
-101.185,319.618,167.201
-101.131,319.329,167.179
-101.068,319.029,167.157
-101.004,318.74,167.135
-100.94,318.451,167.113
-100.877,318.162,167.102
-100.813,317.873,167.091
-100.75,317.573,167.091
-100.686,317.285,167.091
-100.623,316.996,167.091
-100.559,316.707,167.113
-100.505,316.418,167.124
-100.442,316.129,167.146
-100.378,315.84,167.179
-100.315,315.551,167.201
-100.251,315.262,167.212
-100.178,314.962,167.234
-100.115,314.673,167.256
-100.051,314.384,167.278
-99.988,314.084,167.311
-99.934,313.795,167.322
-99.861,313.506,167.333
-99.806,313.218,167.344
-99.743,312.929,167.344
-99.68,312.629,167.355
-99.616,312.34,167.355
-99.552,312.051,167.355
-99.489,311.762,167.355
-99.425,311.473,167.355
-99.362,311.184,167.355
-99.298,310.895,167.355
-99.235,310.595,167.344
-99.171,310.306,167.344
-99.108,310.017,167.344
-99.044,309.728,167.344
-98.981,309.439,167.344
-98.917,309.139,167.344
-98.854,308.851,167.344
-98.79,308.562,167.344
-98.736,308.273,167.333
-98.673,307.984,167.333
-98.609,307.684,167.322
-98.546,307.395,167.322
-98.482,307.106,167.322
-98.418,306.817,167.322
-98.364,306.528,167.311
-98.291,306.239,167.3
-98.228,305.939,167.289
-98.164,305.65,167.289
-98.101,305.361,167.278
-98.037,305.073,167.278
-97.974,304.773,167.256
-97.91,304.484,167.256
-97.847,304.195,167.245
-97.783,303.906,167.245
-97.72,303.617,167.234
-97.656,303.328,167.223
-97.593,303.039,167.223
-97.529,302.75,167.212
-97.466,302.45,167.201
-97.402,302.161,167.19
-97.338,301.872,167.179
-97.275,301.572,167.168
-97.212,301.283,167.168
-97.148,300.994,167.157
-97.084,300.706,167.146
-97.021,300.417,167.135
-96.957,300.128,167.124
-96.894,299.839,167.124
-96.83,299.55,167.113
-96.767,299.261,167.102
-96.703,298.961,167.091
-96.64,298.672,167.091
-96.576,298.383,167.08
-96.513,298.094,167.069
-96.449,297.794,167.058
-96.385,297.516,167.058
-96.322,297.216,167.047
-96.259,296.927,167.047
-96.195,296.639,167.036
-96.131,296.35,167.036
-96.068,296.061,167.025
-96.004,295.772,167.014
-95.941,295.483,167.003
-95.877,295.194,167.003
-95.814,294.905,167.003
-95.741,294.605,166.992
-95.677,294.305,166.981
-95.614,294.016,166.981
-95.55,293.727,166.97
-95.477,293.427,166.97
-95.423,293.149,166.959
-95.36,292.86,166.959
-95.296,292.571,166.959
-95.232,292.282,166.948
-95.159,291.993,166.948
-95.086,291.693,166.948
-95.023,291.404,166.937
-94.959,291.104,166.937
-94.896,290.815,166.937
-94.832,290.527,166.926
-94.769,290.249,166.926
-94.705,289.96,166.926
-94.642,289.671,166.926
-94.578,289.382,166.915
-94.514,289.093,166.915
-94.451,288.793,166.915
-94.387,288.504,166.915
-94.324,288.215,166.904
-94.26,287.926,166.893
-94.197,287.626,166.893
-94.124,287.337,166.882
-94.06,287.048,166.871
-93.997,286.759,166.871
-93.933,286.471,166.871
-93.87,286.182,166.871
-93.797,285.893,166.86
-93.733,285.604,166.86
-93.67,285.315,166.86
-93.606,285.026,166.849
-93.542,284.737,166.849
-93.469,284.437,166.86
-93.406,284.148,166.849
-93.342,283.859,166.849
-93.279,283.559,166.849
-93.206,283.27,166.86
-93.152,282.992,166.871
-93.088,282.703,166.882
-93.025,282.403,166.893
-92.961,282.114,166.915
-92.898,281.825,166.937
-92.825,281.525,166.959
-92.761,281.236,166.981
-92.698,280.948,167.003
-92.634,280.659,167.036
-92.571,280.359,167.069
-92.507,280.081,167.102
-92.443,279.792,167.135
-92.38,279.503,167.168
-92.316,279.214,167.201
-92.262,278.925,167.245
-92.199,278.636,167.278
-92.135,278.347,167.311
-92.072,278.058,167.344
-92.008,277.758,167.366
-91.945,277.47,167.399
-91.872,277.169,167.421
-91.808,276.88,167.432
-91.754,276.581,167.454
-91.691,276.292,167.476
-91.627,276.003,167.498
-91.573,275.714,167.509
-91.51,275.425,167.531
-91.446,275.136,167.531
-91.382,274.847,167.542
-91.328,274.558,167.552
-91.256,274.258,167.563
-91.192,273.969,167.574
-91.128,273.68,167.574
-91.074,273.392,167.585
-91.011,273.092,167.596
-90.947,272.803,167.607
-90.884,272.514,167.618
-90.82,272.225,167.618
-90.757,271.936,167.629
-90.703,271.636,167.629
-90.639,271.347,167.64
-90.576,271.058,167.651
-90.522,270.769,167.651
-90.458,270.48,167.662
-90.395,270.192,167.662
-90.341,269.892,167.673
-90.277,269.603,167.673
-90.223,269.314,167.673
-90.16,269.025,167.673
-90.096,268.736,167.684
-90.033,268.436,167.684
-89.969,268.147,167.673
-89.906,267.858,167.673
-89.852,267.569,167.684
-89.788,267.281,167.684
-89.715,266.991,167.673
-89.661,266.703,167.673
-89.597,266.414,167.651
-89.534,266.114,167.64
-89.47,265.825,167.64
-89.407,265.525,167.629
-89.343,265.236,167.607
-89.29,264.936,167.596
-89.226,264.647,167.585
-89.162,264.358,167.563
-89.108,264.069,167.563
-89.045,263.78,167.552
-88.981,263.492,167.531
-88.918,263.203,167.52
-88.854,262.903,167.498
-88.791,262.603,167.487
-88.737,262.314,167.476
-88.673,262.025,167.465
-88.61,261.725,167.465
-88.546,261.436,167.443
-88.492,261.158,167.443
-88.429,260.858,167.421
-88.365,260.569,167.41
-88.302,260.28,167.399
-88.238,259.991,167.388
-88.184,259.703,167.377
-88.121,259.414,167.366
-88.057,259.114,167.355
-87.994,258.825,167.344
-87.93,258.536,167.333
-87.857,258.247,167.311
-87.803,257.958,167.289
-87.74,257.658,167.278
-87.676,257.369,167.256
-87.612,257.08,167.245
-87.539,256.791,167.223
-87.476,256.491,167.201
-87.412,256.202,167.168
-87.349,255.913,167.146
-87.285,255.624,167.113
-87.231,255.336,167.091
-87.168,255.047,167.069
-87.104,254.758,167.036
-87.041,254.458,166.992
-86.977,254.169,166.948
-86.914,253.88,166.904
-86.85,253.591,166.871
-86.777,253.302,166.827
-86.714,253.002,166.794
-86.65,252.713,166.75
-86.586,252.424,166.707
-86.523,252.135,166.663
-86.459,251.846,166.608
-86.396,251.557,166.575
-86.332,251.268,166.531
-86.259,250.979,166.487
-86.196,250.691,166.443
-86.132,250.402,166.399
-86.059,250.102,166.355
-85.996,249.813,166.3
-85.922,249.535,166.245
-85.859,249.246,166.201
-85.786,248.957,166.168
-85.722,248.668,166.124
-85.649,248.379,166.08
-85.576,248.09,166.047
-85.513,247.79,166.003
-85.44,247.501,165.959
-85.376,247.212,165.916
-85.303,246.923,165.883
-85.239,246.645,165.839
-85.166,246.356,165.806
-85.103,246.067,165.773
-85.03,245.778,165.718
-84.956,245.489,165.685
-84.893,245.178,165.641
-84.82,244.889,165.608
-84.747,244.6,165.564
-84.683,244.311,165.52
-84.61,244.011,165.476
-84.537,243.744,165.443
-84.464,243.466,165.41
-84.4,243.177,165.388
-84.327,242.888,165.355
-84.254,242.61,165.322
-84.181,242.31,165.3
-84.108,242.021,165.267
-84.035,241.732,165.245
-83.962,241.443,165.212
-83.889,241.154,165.19
-83.816,240.854,165.168
-83.743,240.576,165.146
-83.67,240.287,165.135
-83.596,239.998,165.125
-83.523,239.709,165.114
-83.45,239.431,165.103
-83.377,239.142,165.081
-83.304,238.864,165.07
-83.231,238.575,165.059
-83.158,238.286,165.048
-83.075,237.986,165.037
-83.002,237.697,165.026
-82.929,237.408,165.015
-82.856,237.119,164.993
-82.783,236.83,164.993
-82.71,236.541,164.982
-82.637,236.263,164.982
-82.564,235.974,164.971
-82.49,235.685,164.971
-82.417,235.396,164.96
-82.335,235.095,164.96
-82.262,234.806,164.949
-82.189,234.517,164.96
-82.116,234.228,164.949
-82.043,233.939,164.949
-81.96,233.661,164.938
-81.887,233.372,164.938
-81.814,233.083,164.927
-81.741,232.794,164.927
-81.668,232.505,164.916
-81.585,232.216,164.916
-81.512,231.927,164.905
-81.439,231.638,164.894
-81.366,231.349,164.883
-81.293,231.06,164.883
-81.219,230.782,164.872
-81.146,230.493,164.872
-81.064,230.204,164.861
-80.991,229.915,164.85
-80.917,229.626,164.839
-80.835,229.337,164.828
-80.762,229.048,164.817
-80.689,228.759,164.806
-80.616,228.47,164.795
-80.533,228.18,164.795
-80.469,227.903,164.784
-80.396,227.614,164.773
-80.323,227.325,164.773
-80.25,227.035,164.762
-80.167,226.746,164.751
-80.094,226.457,164.751
-80.021,226.168,164.751
-79.948,225.879,164.751
-79.866,225.59,164.751
-79.793,225.301,164.751
-79.719,225.012,164.74
-79.646,224.734,164.751
-79.573,224.445,164.751
-79.491,224.156,164.762
-79.417,223.867,164.762
-79.344,223.578,164.773
-79.271,223.289,164.784
-79.198,223,164.795
-79.116,222.711,164.806
-79.043,222.422,164.817
-78.96,222.133,164.828
-78.887,221.844,164.85
-78.814,221.555,164.872
-78.731,221.277,164.894
-78.658,220.988,164.927
-78.585,220.699,164.971
-78.512,220.409,165.015
-78.429,220.12,165.059
-78.356,219.831,165.103
-78.283,219.553,165.157
-78.21,219.253,165.212
-78.137,218.953,165.267
-78.064,218.664,165.322
-77.991,218.375,165.366
-77.927,218.086,165.421
-77.854,217.808,165.465
-77.79,217.53,165.52
-77.717,217.241,165.564
-77.644,216.952,165.608
-77.581,216.663,165.641
-77.498,216.363,165.674
-77.435,216.074,165.707
-77.362,215.785,165.74
-77.288,215.496,165.762
-77.225,215.207,165.784
-77.142,214.929,165.806
-77.079,214.64,165.817
-77.006,214.351,165.839
-76.942,214.062,165.85
-76.869,213.785,165.872
-76.796,213.496,165.894
-76.732,213.207,165.905
-76.659,212.929,165.916
-76.595,212.64,165.927
-76.522,212.362,165.938
-76.449,212.062,165.959
-76.386,211.784,165.97
-76.312,211.495,165.981
-76.249,211.217,165.992
-76.185,210.939,165.992
-76.112,210.661,166.003
-76.048,210.383,166.003
-75.984,210.117,166.003
-75.921,209.839,166.014
-75.857,209.572,166.014
-75.793,209.294,166.025
-75.73,209.016,166.047
-75.666,208.75,166.069
-75.602,208.483,166.102
-75.538,208.216,166.146
-75.484,207.972,166.19
-75.42,207.705,166.245
-75.356,207.438,166.3
-75.292,207.171,166.366
-75.228,206.916,166.432
-75.165,206.627,166.487
-75.101,206.36,166.553
-75.037,206.093,166.608
-74.973,205.838,166.674
-74.919,205.571,166.729
-74.865,205.315,166.783
-74.801,205.06,166.838
-74.737,204.793,166.882
-74.683,204.537,166.937
-74.628,204.271,166.981
-74.565,203.993,167.036
-74.501,203.726,167.091
-74.447,203.46,167.146
-74.383,203.193,167.201
-74.328,202.937,167.256
-74.274,202.693,167.322
-74.21,202.426,167.377
-74.156,202.17,167.432
-74.101,201.915,167.498
-74.047,201.648,167.552
-73.983,201.382,167.618
-73.929,201.115,167.673
-73.875,200.859,167.728
-73.82,200.593,167.783
-73.766,200.337,167.838
-73.712,200.082,167.893
-73.657,199.826,167.948
-73.603,199.559,168.003
-73.549,199.304,168.047
-73.494,199.048,168.102
-73.44,198.782,168.157
-73.395,198.526,168.201
-73.341,198.271,168.256
-73.286,198.015,168.3
-73.232,197.759,168.333
-73.197,197.504,168.376
-73.142,197.249,168.42
-73.088,196.993,168.464
-73.043,196.738,168.508
-72.998,196.482,168.541
-72.944,196.226,168.574
-72.899,195.971,168.618
-72.854,195.716,168.651
-72.8,195.46,168.695
-72.755,195.205,168.739
-72.701,194.949,168.794
-72.656,194.694,168.838
-72.611,194.449,168.882
-72.566,194.194,168.926
-72.511,193.938,168.97
-72.457,193.683,169.014
-72.412,193.438,169.058
-72.367,193.183,169.102
-72.322,192.938,169.156
-72.277,192.683,169.2
-72.242,192.439,169.266
-72.197,192.183,169.332
-72.152,191.939,169.409
-72.107,191.683,169.486
-72.062,191.439,169.563
-72.017,191.195,169.651
-71.982,190.939,169.739
-71.937,190.695,169.838
-71.892,190.451,169.937
-71.857,190.206,170.046
-71.802,189.951,170.156
-71.767,189.706,170.266
-71.722,189.451,170.376
-71.687,189.207,170.486
-71.642,188.962,170.596
-71.606,188.718,170.706
-71.571,188.474,170.815
-71.535,188.23,170.925
-71.5,187.985,171.035
-71.464,187.752,171.145
-71.419,187.508,171.244
-71.384,187.263,171.343
-71.348,187.019,171.453
-71.313,186.786,171.552
-71.287,186.542,171.661
-71.242,186.297,171.771
-71.216,186.064,171.87
-71.18,185.82,171.958
-71.145,185.576,172.057
-71.119,185.343,172.134
-71.093,185.099,172.211
-71.067,184.854,172.288
-71.032,184.621,172.365
-71.006,184.388,172.43
-70.98,184.144,172.496
-70.944,183.922,172.551
-70.918,183.689,172.595
-70.892,183.456,172.65
-70.856,183.223,172.705
-70.83,182.99,172.76
-70.804,182.745,172.804
-70.778,182.512,172.848
-70.752,182.279,172.892
-70.726,182.046,172.936
-70.691,181.813,172.969
-70.665,181.591,173.013
-70.639,181.358,173.057
-70.612,181.136,173.101
-70.586,180.914,173.134
-70.56,180.681,173.167
-70.544,180.448,173.199
-70.518,180.226,173.232
-70.492,179.993,173.265
-70.465,179.771,173.298
-70.449,179.549,173.342
-70.422,179.338,173.386
-70.396,179.127,173.441
-70.37,178.916,173.507
-70.353,178.705,173.573
-70.327,178.494,173.65
-70.301,178.206,173.771
-70.275,177.995,173.848
-70.25,177.707,173.979
-70.233,177.507,174.067
-70.207,177.296,174.155
-70.181,177.007,174.309
-70.156,176.719,174.463
-70.14,176.442,174.628
-70.114,176.164,174.803
-70.089,175.887,174.979
-70.073,175.609,175.155
-70.046,175.41,175.265
-70.03,175.132,175.43
-70.005,174.855,175.594
-69.998,174.578,175.759
-69.973,174.3,175.924
-69.957,174.023,176.1
-69.941,173.746,176.287
-69.925,173.468,176.44
-69.909,173.202,176.583
-69.902,172.925,176.726
-69.876,172.659,176.836
-69.87,172.392,176.935
-69.854,172.126,177.001
-69.857,171.849,177.056
-69.85,171.572,177.111
-69.834,171.306,177.155
-69.828,171.04,177.188
-69.812,170.762,177.198
-69.795,170.496,177.177
-69.789,170.23,177.155
-69.782,169.975,177.144
-69.775,169.709,177.144
-69.759,169.443,177.133
-69.753,169.165,177.144
-69.737,168.877,177.166
-69.73,168.611,177.209
-69.724,168.334,177.275
-69.698,168.089,177.352
-69.691,167.823,177.451
-69.675,167.557,177.55
-69.678,167.28,177.671
-69.672,167.014,177.781
-69.665,166.748,177.88
-69.658,166.493,177.979
-69.652,166.227,178.077
-69.655,165.961,178.143
-69.648,165.695,178.209
-69.632,165.395,178.264
-69.626,165.107,178.319
-69.619,164.83,178.374
-69.632,164.586,178.429
-69.625,164.353,178.462
-69.618,164.109,178.484
-69.611,163.843,178.44
-69.605,163.555,178.363
-69.598,163.288,178.264
-69.592,163.022,178.187
-69.585,162.734,178.099
-69.588,162.457,178.011
-69.582,162.18,177.946
-69.566,161.925,177.88
-69.559,161.658,177.825
-69.553,161.381,177.77
-69.546,161.104,177.748
-69.54,160.816,177.726
-69.533,160.539,177.726
-69.517,160.261,177.715
-69.511,159.973,177.704
-69.504,159.696,177.693
-69.498,159.407,177.671
-69.492,159.13,177.638
-69.485,158.842,177.583
-69.479,158.565,177.484
-69.463,158.265,177.352
-69.447,157.977,177.177
-69.441,157.689,176.968
-69.425,157.4,176.748
-69.419,157.112,176.517
-69.412,156.824,176.276
-69.396,156.535,176.034
-69.38,156.324,175.858
-69.364,156.036,175.594
-69.348,155.737,175.32
-69.331,155.537,175.133
-69.315,155.248,174.847
-69.29,154.96,174.573
-69.273,154.76,174.397
-69.256,154.561,174.221
-69.239,154.35,174.034
-69.222,154.15,173.848
-69.206,153.95,173.661
-69.179,153.75,173.474
-69.162,153.551,173.276
-69.136,153.351,173.101
-69.119,153.151,172.914
-69.093,152.951,172.716
-69.066,152.752,172.529
-69.049,152.552,172.332
-69.023,152.341,172.145
-69.006,152.13,171.947
-68.98,151.93,171.76
-68.954,151.719,171.562
-68.927,151.52,171.376
-68.891,151.32,171.167
-68.865,151.12,170.969
-68.839,150.909,170.771
-68.803,150.709,170.574
-68.776,150.509,170.365
-68.75,150.287,170.167
-68.714,150.087,169.958
-68.688,149.876,169.75
-68.652,149.665,169.552
-68.616,149.465,169.343
-68.571,149.254,169.146
-68.535,149.054,168.937
-68.499,148.843,168.739
-68.463,148.643,168.541
-68.418,148.432,168.333
-68.392,148.221,168.146
-68.346,148.021,167.948
-68.31,147.81,167.772
-68.265,147.599,167.585
-68.229,147.399,167.41
-68.174,147.188,167.234
-68.138,146.977,167.069
-68.093,146.766,166.915
-68.048,146.555,166.761
-68.002,146.355,166.63
-67.957,146.144,166.498
-67.911,145.944,166.377
-67.857,145.732,166.256
-67.811,145.532,166.124
-67.766,145.321,166.014
-67.711,145.099,165.894
-67.666,144.888,165.784
-67.611,144.676,165.674
-67.565,144.476,165.564
-67.51,144.265,165.465
-67.465,144.054,165.366
-67.41,143.843,165.267
-67.355,143.643,165.179
-67.31,143.432,165.081
-67.255,143.22,164.993
-67.2,143.009,164.905
-67.145,142.798,164.828
-67.09,142.587,164.751
-67.036,142.364,164.685
-66.981,142.153,164.619
-66.935,141.953,164.542
-66.88,141.742,164.487
-66.816,141.531,164.421
-66.761,141.319,164.355
-66.706,141.108,164.301
-66.651,140.897,164.235
-66.597,140.675,164.169
-66.532,140.463,164.114
-66.477,140.252,164.048
-66.423,140.041,163.982
-66.368,139.819,163.916
-66.313,139.607,163.861
-66.258,139.396,163.806
-66.194,139.174,163.74
-66.139,138.962,163.685
-66.065,138.751,163.619
-66.01,138.54,163.553
-65.946,138.328,163.499
-65.891,138.106,163.444
-65.826,137.895,163.4
-65.762,137.672,163.356
-65.707,137.461,163.301
-65.643,137.239,163.268
-65.579,137.027,163.213
-65.514,136.805,163.169
-65.459,136.605,163.125
-65.395,136.382,163.081
-65.331,136.171,163.048
-65.266,135.949,163.004
-65.202,135.726,162.971
-65.138,135.504,162.927
-65.074,135.281,162.894
-65.009,135.059,162.85
-64.945,134.837,162.806
-64.881,134.614,162.773
-64.816,134.392,162.74
-64.752,134.18,162.708
-64.688,133.958,162.675
-64.614,133.736,162.642
-64.55,133.513,162.587
-64.476,133.28,162.532
-64.412,133.046,162.466
-64.338,132.823,162.4
-64.274,132.601,162.334
-64.2,132.379,162.268
-64.145,132.156,162.202
-64.071,131.956,162.136
-64.007,131.733,162.07
-63.933,131.5,162.004
-63.869,131.277,161.938
-63.804,131.066,161.873
-63.74,130.844,161.818
-63.666,130.621,161.763
-63.592,130.399,161.697
-63.528,130.176,161.631
-63.454,129.943,161.565
-63.381,129.72,161.499
-63.307,129.498,161.444
-63.233,129.264,161.389
-63.159,129.042,161.334
-63.095,128.83,161.279
-63.021,128.608,161.224
-62.947,128.385,161.169
-62.873,128.163,161.125
-62.8,127.94,161.082
-62.726,127.706,161.049
-62.652,127.484,161.016
-62.578,127.25,160.983
-62.505,127.028,160.961
-62.431,126.805,160.928
-62.357,126.583,160.906
-62.283,126.36,160.884
-62.209,126.138,160.873
-62.136,125.915,160.862
-62.062,125.693,160.862
-61.988,125.459,160.873
-61.905,125.225,160.873
-61.831,125.003,160.884
-61.757,124.78,160.895
-61.683,124.547,160.895
-61.61,124.324,160.917
-61.536,124.102,160.939
-61.462,123.879,160.95
-61.388,123.646,160.972
-61.315,123.423,160.994
-61.241,123.212,161.005
-61.167,122.978,161.016
-61.093,122.756,161.038
-61.019,122.533,161.049
-60.945,122.31,161.06
-60.862,122.066,161.082
-60.789,121.832,161.093
-60.715,121.61,161.115
-60.641,121.376,161.136
-60.567,121.153,161.158
-60.493,120.931,161.169
-60.42,120.708,161.18
-60.346,120.486,161.202
-60.272,120.252,161.224
-60.198,120.03,161.246
-60.125,119.807,161.279
-60.041,119.585,161.301
-59.967,119.351,161.312
-59.894,119.129,161.334
-59.82,118.906,161.356
-59.737,118.672,161.378
-59.663,118.428,161.4
-59.589,118.205,161.422
-59.516,117.971,161.444
-59.442,117.749,161.466
-59.368,117.515,161.499
-59.294,117.293,161.521
-59.221,117.059,161.565
-59.147,116.837,161.587
-59.073,116.603,161.62
-58.999,116.369,161.642
-58.926,116.136,161.664
-58.852,115.902,161.686
-58.778,115.68,161.708
-58.704,115.446,161.73
-58.64,115.235,161.752
-58.576,115.024,161.774
-58.502,114.801,161.796
-58.428,114.578,161.807
-58.354,114.345,161.829
-58.28,114.122,161.851
-58.217,113.867,161.873
-58.143,113.622,161.906
-58.069,113.399,161.927
-57.995,113.166,161.949
-57.931,112.943,161.982
-57.876,112.743,161.993
-57.802,112.543,162.004
-57.738,112.332,162.026
-57.664,112.12,162.037
-57.59,111.887,162.037
-57.507,111.631,162.059
-57.434,111.386,162.059
-57.369,111.164,162.081
-57.296,110.93,162.103
-57.231,110.719,162.136
-57.167,110.507,162.158
-57.102,110.296,162.18
-57.028,110.073,162.18
-56.964,109.851,162.169
-56.91,109.618,162.147
-56.864,109.395,162.147
-56.8,109.173,162.169
-56.736,108.962,162.169
-56.662,108.739,162.18
-56.598,108.506,162.191
-56.505,108.25,162.18
-56.412,108.016,162.158
-56.339,107.793,162.136
-56.265,107.56,162.103
-56.201,107.348,162.081
-56.146,107.148,162.048
-56.071,106.948,162.015
-55.998,106.725,161.982
-55.933,106.503,161.949
-55.86,106.269,161.917
-55.786,106.025,161.906
-55.722,105.78,161.895
-55.648,105.558,161.895
-55.575,105.324,161.906
-55.51,105.113,161.906
-55.436,104.901,161.906
-55.372,104.679,161.906
-55.298,104.445,161.895
-55.224,104.223,161.906
-55.16,103.989,161.895
-55.087,103.756,161.906
-55.013,103.533,161.906
-54.939,103.3,161.906
-54.875,103.066,161.906
-54.801,102.844,161.906
-54.737,102.621,161.906
-54.663,102.387,161.906
-54.589,102.165,161.906
-54.516,101.931,161.906
-54.442,101.698,161.906
-54.368,101.475,161.906
-54.294,101.242,161.906
-54.221,101.008,161.917
-54.147,100.786,161.927
-54.083,100.541,161.949
-54.009,100.307,161.971
-53.935,100.074,162.004
-53.862,99.851,162.026
-53.788,99.618,162.048
-53.724,99.384,162.081
-53.65,99.15,162.114
-53.576,98.917,162.147
-53.503,98.683,162.18
-53.429,98.461,162.213
-53.346,98.216,162.246
-53.282,97.971,162.268
-53.208,97.738,162.301
-53.134,97.504,162.323
-53.061,97.271,162.345
-52.987,97.026,162.378
-52.913,96.792,162.4
-52.849,96.559,162.422
-52.776,96.314,162.444
-52.702,96.081,162.466
-52.638,95.847,162.488
-52.564,95.613,162.51
-52.5,95.38,162.532
-52.426,95.146,162.565
-52.353,94.902,162.598
-52.279,94.657,162.609
-52.205,94.423,162.62
-52.132,94.179,162.62
-52.058,93.945,162.631
-51.985,93.7,162.642
-51.911,93.467,162.653
-51.847,93.222,162.653
-51.773,92.989,162.664
-51.7,92.744,162.664
-51.626,92.51,162.664
-51.562,92.277,162.664
-51.488,92.043,162.664
-51.414,91.798,162.653
-51.341,91.565,162.653
-51.267,91.32,162.653
-51.194,91.076,162.642
-51.129,90.831,162.631
-51.056,90.597,162.62
-50.982,90.353,162.609
-50.909,90.108,162.598
-50.835,89.863,162.587
-50.761,89.63,162.565
-50.688,89.385,162.532
-50.624,89.14,162.51
-50.55,88.907,162.488
-50.477,88.662,162.455
-50.403,88.417,162.422
-50.329,88.184,162.378
-50.256,87.939,162.323
-50.182,87.694,162.279
-50.109,87.45,162.224
-50.035,87.205,162.18
-49.961,86.96,162.136
-49.888,86.716,162.081
-49.814,86.471,162.037
-49.741,86.237,161.982
-49.667,85.993,161.949
-49.593,85.759,161.917
-49.52,85.514,161.895
-49.446,85.27,161.873
-49.373,85.025,161.851
-49.29,84.769,161.851
-49.206,84.524,161.829
-49.133,84.28,161.829
-49.059,84.035,161.818
-48.986,83.79,161.818
-48.902,83.568,161.818
-48.829,83.323,161.818
-48.755,83.078,161.818
-48.672,82.834,161.829
-48.589,82.578,161.84
-48.516,82.333,161.851
-48.442,82.088,161.862
-48.359,81.843,161.884
-48.285,81.599,161.917
-48.212,81.354,161.938
-48.129,81.109,161.971
-48.055,80.865,161.993
-47.982,80.62,162.015
-47.898,80.375,162.048
-47.825,80.119,162.081
-47.752,79.864,162.103
-47.668,79.619,162.125
-47.595,79.363,162.136
-47.521,79.118,162.136
-47.448,78.874,162.147
-47.384,78.651,162.147
-47.31,78.407,162.147
-47.236,78.162,162.147
-47.163,77.917,162.147
-47.089,77.661,162.136
-46.997,77.394,162.125
-46.914,77.138,162.114
-46.84,76.894,162.092
-46.767,76.638,162.081
-46.693,76.404,162.07
-46.61,76.149,162.059
-46.537,75.904,162.048
-46.463,75.659,162.026
-46.39,75.403,162.015
-46.306,75.17,161.993
-46.233,74.925,161.982
-46.159,74.68,161.971
-46.076,74.424,161.949
-46.003,74.18,161.938
-45.92,73.924,161.917
-45.837,73.668,161.906
-45.763,73.412,161.895
-45.68,73.167,161.895
-45.597,72.923,161.884
-45.524,72.678,161.873
-45.44,72.433,161.862
-45.367,72.188,161.851
-45.284,71.944,161.84
-45.21,71.699,161.829
-45.127,71.443,161.818
-45.044,71.187,161.818
-44.971,70.943,161.807
-44.888,70.687,161.796
-44.805,70.442,161.785
-44.741,70.186,161.785
-44.658,69.941,161.774
-44.584,69.697,161.774
-44.501,69.441,161.774
-44.427,69.196,161.763
-44.344,68.951,161.763
-44.271,68.707,161.763
-44.188,68.451,161.763
-44.114,68.206,161.763
-44.031,67.961,161.763
-43.948,67.694,161.763
-43.865,67.45,161.774
-43.782,67.194,161.774
-43.709,66.949,161.774
-43.626,66.693,161.774
-43.552,66.448,161.785
-43.469,66.204,161.785
-43.395,65.948,161.785
-43.312,65.703,161.785
-43.239,65.447,161.785
-43.156,65.203,161.785
-43.082,64.947,161.785
-42.999,64.702,161.796
-42.926,64.446,161.807
-42.843,64.201,161.807
-42.769,63.946,161.807
-42.686,63.701,161.807
-42.613,63.445,161.807
-42.53,63.2,161.807
-42.456,62.944,161.818
-42.364,62.689,161.818
-42.29,62.444,161.818
-42.207,62.188,161.818
-42.134,61.932,161.818
-42.05,61.687,161.829
-41.967,61.432,161.829
-41.884,61.187,161.829
-41.811,60.931,161.829
-41.728,60.686,161.84
-41.645,60.43,161.84
-41.581,60.175,161.851
-41.498,59.93,161.862
-41.424,59.674,161.862
-41.341,59.429,161.873
-41.268,59.173,161.873
-41.185,58.918,161.884
-41.102,58.651,161.884
-41.029,58.395,161.895
-40.945,58.15,161.906
-40.862,57.894,161.906
-40.789,57.65,161.917
-40.706,57.405,161.917
-40.632,57.16,161.906
-40.549,56.904,161.917
-40.466,56.648,161.917
-40.383,56.392,161.927
-40.31,56.114,161.938
-40.227,55.859,161.938
-40.144,55.603,161.938
-40.071,55.347,161.938
-39.997,55.113,161.949
-39.914,54.88,161.949
-39.84,54.624,161.949
-39.757,54.379,161.949
-39.684,54.123,161.96
-39.591,53.867,161.949
-39.508,53.589,161.96
-39.435,53.311,161.96
-39.352,53.055,161.971
-39.269,52.8,161.971
-39.196,52.544,161.982
-39.122,52.321,161.982
-39.048,52.077,161.982
-38.965,51.821,162.004
-38.882,51.565,162.004
-38.799,51.309,162.015
-38.717,51.042,162.026
-38.634,50.786,162.037
-38.551,50.53,162.037
-38.468,50.274,162.037
-38.394,50.008,162.048
-38.311,49.741,162.059
-38.228,49.485,162.07
-38.155,49.229,162.092
-38.072,48.962,162.103
-37.999,48.717,162.114
-37.915,48.484,162.114
-37.842,48.239,162.125
-37.759,47.983,162.147
-37.685,47.727,162.158
-37.593,47.471,162.158
-37.51,47.193,162.169
-37.427,46.926,162.169
-37.344,46.67,162.169
-37.271,46.404,162.169
-37.197,46.159,162.169
-37.114,45.903,162.18
-37.031,45.647,162.169
-36.958,45.391,162.169
-36.875,45.135,162.158
-36.811,44.88,162.158
-36.728,44.624,162.147
-36.645,44.368,162.125
-36.572,44.112,162.114
-36.489,43.856,162.092
-36.415,43.59,162.07
-36.332,43.334,162.037
-36.249,43.078,162.004
-36.176,42.822,161.982
-36.093,42.555,161.96
-36.01,42.299,161.917
-35.937,42.043,161.895
-35.854,41.776,161.862
-35.771,41.521,161.84
-35.688,41.265,161.807
-35.605,41.02,161.785
-35.531,40.764,161.763
-35.448,40.508,161.741
-35.365,40.252,161.719
-35.282,39.996,161.697
-35.199,39.741,161.686
-35.107,39.474,161.664
-35.024,39.218,161.653
-34.941,38.962,161.631
-34.858,38.695,161.609
-34.785,38.439,161.598
-34.711,38.183,161.598
-34.628,37.927,161.598
-34.545,37.672,161.609
-34.462,37.416,161.62
-34.389,37.16,161.62
-34.306,36.915,161.631
-34.223,36.659,161.631
-34.14,36.403,161.642
-34.057,36.147,161.664
-33.974,35.881,161.675
-33.891,35.614,161.686
-33.808,35.358,161.686
-33.725,35.102,161.697
-33.642,34.846,161.686
-33.569,34.59,161.697
-33.486,34.323,161.708
-33.412,34.067,161.719
-33.329,33.812,161.73
-33.246,33.556,161.73
-33.163,33.3,161.73
-33.08,33.033,161.73
-33.007,32.777,161.741
-32.924,32.521,161.752
-32.841,32.265,161.752
-32.758,32.009,161.752
-32.675,31.754,161.763
-32.592,31.498,161.763
-32.509,31.231,161.763
-32.436,30.975,161.763
-32.343,30.708,161.763
-32.26,30.452,161.774
-32.187,30.196,161.774
-32.104,29.94,161.785
-32.021,29.673,161.796
-31.938,29.418,161.807
-31.855,29.162,161.818
-31.772,28.895,161.829
-31.689,28.639,161.84
-31.606,28.383,161.851
-31.523,28.127,161.862
-31.45,27.86,161.873
-31.367,27.604,161.884
-31.284,27.348,161.895
-31.201,27.093,161.895
-31.118,26.826,161.895
-31.035,26.559,161.906
-30.952,26.303,161.917
-30.869,26.047,161.917
-30.786,25.78,161.927
-30.713,25.524,161.938
-30.63,25.268,161.938
-30.547,25.012,161.949
-30.464,24.757,161.949
-30.381,24.49,161.96
-30.298,24.234,161.971
-30.215,23.978,161.982
-30.132,23.711,161.982
-30.049,23.455,161.993
-29.976,23.199,162.004
-29.883,22.932,162.015
-29.801,22.665,162.026
-29.727,22.409,162.026
-29.644,22.154,162.037
-29.561,21.887,162.037
-29.488,21.642,162.048
-29.405,21.375,162.059
-29.322,21.119,162.059
-29.248,20.863,162.07
-29.166,20.596,162.07
-29.083,20.329,162.07
-29,20.062,162.07
-28.917,19.807,162.07
-28.834,19.54,162.07
-28.751,19.284,162.07
-28.678,19.028,162.07
-28.604,18.772,162.07
-28.521,18.505,162.059
-28.448,18.249,162.059
-28.365,17.994,162.048
-28.282,17.716,162.048
-28.199,17.46,162.048
-28.116,17.193,162.048
-28.033,16.937,162.037
-27.95,16.67,162.037
-27.877,16.414,162.026
-27.794,16.147,162.026
-27.711,15.891,162.015
-27.628,15.624,162.015
-27.555,15.368,162.015
-27.472,15.102,162.015
-27.389,14.846,162.004
-27.316,14.59,162.004
-27.233,14.334,162.004
-27.15,14.067,162.004
-27.057,13.8,162.004
-26.984,13.533,162.004
-26.901,13.277,162.004
-26.818,13.01,162.004
-26.735,12.754,162.004
-26.652,12.499,162.015
-26.569,12.232,162.015
-26.486,11.976,162.015
-26.403,11.709,162.026
-26.32,11.453,162.026
-26.247,11.186,162.037
-26.164,10.93,162.048
-26.081,10.663,162.059
-25.998,10.407,162.07
-25.915,10.14,162.081
-25.842,9.885,162.081
-25.759,9.618,162.092
-25.676,9.362,162.092
-25.603,9.106,162.103
-25.52,8.839,162.103
-25.437,8.572,162.092
-25.354,8.316,162.092
-25.281,8.049,162.081
-25.198,7.793,162.07
-25.115,7.526,162.07
-25.032,7.26,162.07
-24.949,6.993,162.081
-24.866,6.726,162.081
-24.783,6.459,162.081
-24.71,6.203,162.081
-24.636,5.947,162.07
-24.553,5.702,162.07
-24.47,5.446,162.07
-24.397,5.191,162.07
-24.314,4.924,162.07
-24.222,4.657,162.059
-24.139,4.367,162.059
-24.056,4.101,162.048
-23.973,3.834,162.048
-23.89,3.578,162.037
-23.826,3.322,162.026
-23.753,3.077,162.015
-23.67,2.821,162.015
-23.587,2.566,162.004
-23.513,2.299,162.004
-23.431,2.043,161.993
-23.329,1.765,161.982
-23.236,1.498,161.971
-23.153,1.231,161.96
-23.07,0.975,161.96
-22.997,0.719,161.96
-22.914,0.474,161.96
-22.831,0.218,161.949
-22.758,-0.049,161.938
-22.675,-0.304,161.927
-22.582,-0.572,161.917
-22.499,-0.85,161.906
-22.426,-1.105,161.906
-22.343,-1.372,161.895
-22.26,-1.628,161.884
-22.187,-1.884,161.873
-22.104,-2.14,161.862
-22.021,-2.396,161.862
-21.938,-2.652,161.851
-21.855,-2.919,161.851
-21.772,-3.185,161.84
-21.689,-3.452,161.829
-21.606,-3.708,161.818
-21.523,-3.975,161.807
-21.44,-4.231,161.796
-21.357,-4.487,161.785
-21.275,-4.754,161.774
-21.192,-5.01,161.763
-21.109,-5.277,161.763
-21.026,-5.533,161.752
-20.943,-5.789,161.73
-20.869,-6.044,161.73
-20.786,-6.311,161.719
-20.703,-6.567,161.708
-20.62,-6.823,161.708
-20.528,-7.09,161.708
-20.445,-7.346,161.697
-20.362,-7.602,161.697
-20.279,-7.858,161.686
-20.196,-8.125,161.675
-20.113,-8.392,161.664
-20.03,-8.659,161.664
-19.948,-8.926,161.653
-19.865,-9.181,161.642
-19.772,-9.449,161.642
-19.699,-9.693,161.642
-19.625,-9.938,161.642
-19.542,-10.194,161.631
-19.459,-10.45,161.631
-19.376,-10.706,161.631
-19.293,-10.973,161.642
-19.21,-11.239,161.642
-19.127,-11.495,161.642
-19.044,-11.751,161.642
-18.961,-12.007,161.642
-18.888,-12.263,161.642
-18.814,-12.508,161.642
-18.741,-12.763,161.653
-18.658,-13.008,161.664
-18.575,-13.264,161.675
-18.483,-13.542,161.675
-18.39,-13.82,161.675
-18.308,-14.109,161.675
-18.225,-14.387,161.675
-18.142,-14.643,161.675
-18.069,-14.899,161.686
-17.985,-15.133,161.697
-17.902,-15.389,161.708
-17.819,-15.645,161.697
-17.736,-15.9,161.708
-17.653,-16.167,161.708
-17.571,-16.457,161.708
-17.488,-16.723,161.708
-17.405,-16.99,161.708
-17.322,-17.246,161.708
-17.239,-17.513,161.708
-17.156,-17.747,161.697
-17.073,-18.003,161.697
-16.99,-18.27,161.697
-16.917,-18.526,161.708
-16.824,-18.793,161.719
-16.732,-19.082,161.73
-16.649,-19.36,161.741
-16.566,-19.616,161.763
-16.474,-19.883,161.763
-16.401,-20.139,161.774
-16.327,-20.372,161.785
-16.244,-20.606,161.785
-16.161,-20.862,161.785
-16.078,-21.118,161.796
-15.985,-21.385,161.796
-15.893,-21.674,161.807
-15.811,-21.963,161.818
-15.728,-22.23,161.829
-15.645,-22.497,161.829
-15.571,-22.753,161.84
-15.488,-22.998,161.84
-15.405,-23.254,161.851
-15.322,-23.509,161.851
-15.239,-23.765,161.851
-15.166,-24.01,161.851
-15.083,-24.266,161.84
-15.009,-24.522,161.851
-14.926,-24.789,161.851
-14.843,-25.044,161.862
-14.751,-25.311,161.873
-14.668,-25.59,161.873
-14.585,-25.857,161.884
-14.503,-26.112,161.895
-14.42,-26.379,161.895
-14.346,-26.624,161.906
-14.272,-26.858,161.906
-14.189,-27.102,161.906
-14.116,-27.347,161.895
-14.033,-27.603,161.895
-13.94,-27.87,161.895
-13.858,-28.159,161.884
-13.775,-28.437,161.884
-13.692,-28.704,161.884
-13.609,-28.96,161.873
-13.536,-29.205,161.873
-13.471,-29.438,161.873
-13.388,-29.694,161.873
-13.305,-29.95,161.873
-13.222,-30.206,161.873
-13.149,-30.462,161.873
-13.057,-30.74,161.873
-12.974,-31.007,161.862
-12.891,-31.263,161.862
-12.808,-31.518,161.851
-12.734,-31.774,161.851
-12.661,-32.008,161.851
-12.578,-32.264,161.84
-12.495,-32.52,161.829
-12.412,-32.776,161.818
-12.329,-33.042,161.807
-12.246,-33.309,161.796
-12.163,-33.576,161.785
-12.08,-33.832,161.763
-11.997,-34.088,161.752
-11.924,-34.344,161.741
-11.85,-34.589,161.73
-11.767,-34.844,161.719
-11.684,-35.1,161.708
-11.601,-35.356,161.697
-11.528,-35.601,161.686
-11.445,-35.857,161.675
-11.362,-36.113,161.653
-11.279,-36.369,161.642
-11.205,-36.624,161.642
-11.122,-36.88,161.631
-11.03,-37.147,161.62
-10.947,-37.403,161.609
-10.864,-37.659,161.598
-10.781,-37.915,161.587
-10.707,-38.16,161.587
-10.624,-38.415,161.598
-10.541,-38.671,161.609
-10.468,-38.927,161.62
-10.385,-39.183,161.642
-10.311,-39.428,161.653
-10.228,-39.684,161.686
-10.145,-39.928,161.697
-10.062,-40.184,161.719
-9.989,-40.44,161.752
-9.896,-40.696,161.785
-9.814,-40.974,161.807
-9.731,-41.23,161.829
-9.648,-41.486,161.862
-9.574,-41.742,161.884
-9.491,-41.986,161.906
-9.417,-42.231,161.917
-9.334,-42.487,161.938
-9.261,-42.743,161.949
-9.178,-42.987,161.982
-9.095,-43.243,162.004
-9.012,-43.499,162.026
-8.929,-43.755,162.048
-8.855,-44.011,162.07
-8.772,-44.267,162.092
-8.69,-44.534,162.125
-8.607,-44.801,162.158
-8.533,-45.056,162.18
-8.45,-45.312,162.213
-8.367,-45.568,162.235
-8.294,-45.824,162.268
-8.23,-46.046,162.29
-8.147,-46.302,162.312
-8.073,-46.558,162.334
-7.99,-46.814,162.367
-7.907,-47.07,162.389
-7.824,-47.348,162.4
-7.751,-47.615,162.422
-7.668,-47.871,162.444
-7.595,-48.126,162.455
-7.521,-48.371,162.477
-7.448,-48.616,162.488
-7.365,-48.872,162.499
-7.291,-49.127,162.499
-7.208,-49.383,162.499
-7.135,-49.639,162.499
-7.052,-49.917,162.488
-6.978,-50.173,162.488
-6.895,-50.429,162.477
-6.822,-50.684,162.477
-6.748,-50.929,162.455
-6.675,-51.163,162.433
-6.601,-51.407,162.411
-6.518,-51.652,162.389
-6.445,-51.908,162.367
-6.362,-52.164,162.367
-6.288,-52.442,162.356
-6.206,-52.72,162.345
-6.132,-52.987,162.312
-6.049,-53.243,162.279
-5.985,-53.498,162.246
-5.912,-53.743,162.224
-5.838,-53.988,162.202
-5.765,-54.243,162.191
-5.691,-54.488,162.169
-5.608,-54.722,162.136
-5.534,-54.966,162.059
-5.461,-55.222,161.971
-5.388,-55.478,161.895
-5.305,-55.734,161.851
-5.231,-55.99,161.829
-5.139,-56.257,161.818
-5.056,-56.524,161.807
-4.982,-56.768,161.807
-4.899,-57.024,161.785
-4.826,-57.269,161.774
-4.752,-57.491,161.752
-4.669,-57.714,161.741
-4.595,-57.959,161.73
-4.512,-58.215,161.73
-4.429,-58.459,161.741
-4.346,-58.715,161.741
-4.272,-58.96,161.741
-4.189,-59.194,161.73
-4.116,-59.438,161.719
-4.042,-59.672,161.697
-3.968,-59.894,161.686
-3.894,-60.139,161.686
-3.811,-60.373,161.686
-3.738,-60.618,161.686
-3.655,-60.862,161.708
-3.572,-61.118,161.719
-3.498,-61.363,161.73
-3.415,-61.608,161.741
-3.341,-61.841,161.752
-3.268,-62.086,161.763
-3.194,-62.308,161.785
-3.12,-62.542,161.818
-3.037,-62.787,161.84
-2.963,-63.02,161.862
-2.88,-63.265,161.884
-2.807,-63.521,161.917
-2.724,-63.766,161.949
-2.65,-63.999,161.993
-2.576,-64.244,162.048
-2.503,-64.478,162.103
-2.429,-64.722,162.147
-2.355,-64.956,162.191
-2.282,-65.201,162.213
-2.208,-65.445,162.213
-2.135,-65.679,162.202
-2.08,-65.912,162.202
-2.016,-66.157,162.202
-1.942,-66.402,162.213
-1.869,-66.635,162.235
-1.786,-66.891,162.224
-1.693,-67.158,162.235
-1.62,-67.403,162.224
-1.546,-67.648,162.224
-1.463,-67.892,162.213
-1.389,-68.148,162.213
-1.325,-68.371,162.224
-1.251,-68.582,162.224
-1.178,-68.816,162.224
-1.104,-69.06,162.224
-1.03,-69.305,162.235
-0.947,-69.561,162.235
-0.874,-69.806,162.257
-0.8,-70.05,162.268
-0.717,-70.295,162.29
-0.653,-70.54,162.312
-0.579,-70.773,162.334
-0.496,-71.018,162.356
-0.423,-71.263,162.378
-0.349,-71.518,162.4
-0.266,-71.763,162.422
-0.193,-72.019,162.433
-0.119,-72.264,162.455
-0.036,-72.508,162.477
0.037,-72.764,162.488
0.102,-72.998,162.499
0.175,-73.231,162.499
0.249,-73.476,162.499
0.332,-73.732,162.488
0.405,-73.977,162.477
0.479,-74.221,162.466
0.552,-74.488,162.444
0.635,-74.744,162.433
0.709,-74.989,162.411
0.782,-75.233,162.4
0.866,-75.478,162.378
0.939,-75.723,162.356
1.022,-75.979,162.345
1.096,-76.223,162.323
1.179,-76.479,162.301
1.243,-76.713,162.279
1.326,-76.958,162.257
1.399,-77.213,162.235
1.473,-77.458,162.213
1.556,-77.714,162.191
1.62,-77.97,162.18
1.693,-78.225,162.158
1.776,-78.481,162.147
1.85,-78.737,162.125
1.933,-78.993,162.125
2.016,-79.238,162.114
2.09,-79.471,162.114
2.173,-79.716,162.103
2.246,-79.972,162.103
2.329,-80.228,162.114
2.403,-80.484,162.136
2.476,-80.728,162.147
2.559,-80.984,162.18
2.633,-81.24,162.191
2.716,-81.496,162.213
2.78,-81.74,162.224
2.853,-81.985,162.235
2.936,-82.23,162.246
3.01,-82.486,162.257
3.083,-82.741,162.279
3.176,-82.997,162.29
3.259,-83.264,162.312
3.342,-83.52,162.312
3.425,-83.776,162.312
3.498,-84.032,162.312
3.572,-84.276,162.312
3.636,-84.521,162.312
3.719,-84.766,162.301
3.792,-85.022,162.301
3.875,-85.277,162.301
3.949,-85.533,162.29
4.032,-85.789,162.29
4.105,-86.056,162.29
4.188,-86.312,162.29
4.261,-86.568,162.279
4.335,-86.823,162.279
4.418,-87.079,162.279
4.491,-87.335,162.279
4.574,-87.591,162.279
4.648,-87.847,162.279
4.731,-88.091,162.279
4.804,-88.336,162.279
4.887,-88.592,162.268
4.961,-88.848,162.268
5.044,-89.104,162.268
5.136,-89.371,162.268
5.219,-89.638,162.257
5.293,-89.894,162.235
5.376,-90.149,162.224
5.459,-90.405,162.213
5.523,-90.65,162.202
5.596,-90.906,162.202
5.679,-91.161,162.202
5.752,-91.417,162.191
5.835,-91.673,162.18
5.909,-91.94,162.169
5.992,-92.207,162.169
6.075,-92.474,162.158
6.148,-92.73,162.158
6.231,-92.986,162.158
6.304,-93.241,162.158
6.388,-93.486,162.147
6.461,-93.742,162.147
6.544,-94.009,162.136
6.617,-94.265,162.125
6.7,-94.52,162.114
6.783,-94.776,162.092
6.857,-95.032,162.07
6.94,-95.299,162.059
7.023,-95.555,162.037
7.105,-95.822,162.015
7.188,-96.078,161.982
7.271,-96.334,161.96
7.345,-96.589,161.938
7.428,-96.856,161.917
7.511,-97.112,161.884
7.594,-97.379,161.862
7.667,-97.635,161.84
7.75,-97.891,161.818
7.833,-98.147,161.796
7.916,-98.403,161.763
7.999,-98.647,161.741
8.082,-98.903,161.708
8.165,-99.159,161.675
8.248,-99.415,161.653
8.321,-99.682,161.62
8.404,-99.96,161.587
8.487,-100.227,161.554
8.57,-100.494,161.532
8.653,-100.75,161.51
8.726,-101.006,161.499
8.81,-101.239,161.477
8.892,-101.495,161.455
8.975,-101.751,161.433
9.049,-102.007,161.411
9.141,-102.274,161.389
9.224,-102.541,161.378
9.307,-102.808,161.367
9.39,-103.064,161.345
9.473,-103.331,161.334
9.556,-103.586,161.312
9.639,-103.842,161.301
9.722,-104.098,161.301
9.805,-104.354,161.29
9.888,-104.621,161.301
9.98,-104.866,161.29
10.063,-105.122,161.301
10.146,-105.378,161.301
10.229,-105.634,161.312
10.312,-105.889,161.334
10.405,-106.157,161.367
10.497,-106.424,161.389
10.59,-106.68,161.411
10.673,-106.935,161.444
10.755,-107.202,161.466
10.829,-107.458,161.51
10.912,-107.714,161.543
10.995,-107.97,161.576
11.078,-108.237,161.609
11.161,-108.493,161.642
11.244,-108.749,161.686
11.327,-109.004,161.719
11.4,-109.26,161.774
11.483,-109.516,161.818
11.566,-109.783,161.851
11.649,-110.039,161.873
11.732,-110.295,161.895
11.805,-110.562,161.927
11.888,-110.818,161.96
11.971,-111.073,161.993
12.054,-111.318,162.026
12.137,-111.585,162.048
12.22,-111.841,162.059
12.294,-112.097,162.07
12.377,-112.353,162.081
12.46,-112.62,162.092
12.552,-112.887,162.103
12.625,-113.154,162.114
12.708,-113.409,162.125
12.791,-113.665,162.125
12.865,-113.921,162.125
12.929,-114.155,162.125
13.012,-114.388,162.136
13.086,-114.644,162.136
13.169,-114.9,162.136
13.252,-115.156,162.136
13.344,-115.445,162.125
13.426,-115.723,162.125
13.509,-115.99,162.114
13.592,-116.257,162.114
13.666,-116.502,162.114
13.739,-116.735,162.114
13.823,-116.969,162.103
13.896,-117.214,162.092
13.979,-117.459,162.092
14.062,-117.725,162.092
14.145,-118.004,162.092
14.228,-118.259,162.081
14.301,-118.515,162.081
14.384,-118.771,162.081
14.458,-119.027,162.081
14.531,-119.283,162.103
14.605,-119.527,162.103
14.688,-119.783,162.114
14.761,-120.039,162.125
14.844,-120.284,162.125
14.918,-120.539,162.114
14.991,-120.795,162.103
15.074,-121.051,162.092
15.157,-121.296,162.081
15.24,-121.563,162.059
15.323,-121.83,162.037
15.406,-122.086,161.993
15.489,-122.342,161.96
15.572,-122.597,161.917
15.646,-122.842,161.884
15.719,-123.087,161.851
15.802,-123.332,161.818
15.885,-123.588,161.785
15.959,-123.832,161.763
16.042,-124.088,161.73
16.125,-124.344,161.719
16.208,-124.6,161.686
16.281,-124.845,161.664
16.364,-125.1,161.653
16.438,-125.356,161.642
16.521,-125.612,161.631
16.594,-125.857,161.631
16.677,-126.113,161.62
16.76,-126.368,161.62
16.844,-126.613,161.631
16.917,-126.869,161.62
17,-127.114,161.62
17.083,-127.37,161.62
17.157,-127.614,161.631
17.24,-127.87,161.642
17.323,-128.115,161.642
17.396,-128.36,161.664
17.479,-128.616,161.664
17.562,-128.86,161.686
17.646,-129.105,161.697
17.729,-129.361,161.708
17.812,-129.606,161.719
17.895,-129.851,161.719
17.978,-130.107,161.741
18.051,-130.362,161.741
18.134,-130.618,161.752
18.208,-130.863,161.752
18.291,-131.119,161.763
18.374,-131.364,161.774
18.447,-131.608,161.785
18.531,-131.831,161.785
18.604,-132.076,161.785
18.687,-132.32,161.785
18.771,-132.565,161.785
18.844,-132.821,161.796
18.917,-133.088,161.796
19,-133.344,161.796
19.074,-133.588,161.796
19.157,-133.833,161.796
19.221,-134.067,161.785
19.295,-134.3,161.774
19.378,-134.545,161.763
19.452,-134.779,161.741
19.535,-135.023,161.73
19.608,-135.279,161.719
19.691,-135.546,161.719
19.765,-135.791,161.708
19.848,-136.036,161.708
19.921,-136.291,161.708
20.004,-136.525,161.708
20.078,-136.759,161.708
20.161,-136.992,161.708
20.235,-137.248,161.708
20.318,-137.493,161.719
20.392,-137.738,161.741
20.465,-137.993,161.752
20.548,-138.249,161.774
20.622,-138.494,161.785
20.705,-138.739,161.807
20.778,-138.972,161.807
20.852,-139.206,161.807
20.935,-139.451,161.807
21.009,-139.695,161.818
21.092,-139.94,161.829
21.175,-140.196,161.851
21.258,-140.474,161.873
21.341,-140.73,161.895
21.414,-140.975,161.917
21.497,-141.231,161.949
21.561,-141.464,161.982
21.635,-141.698,162.004
21.709,-141.931,162.037
21.782,-142.176,162.059
21.865,-142.421,162.081
21.948,-142.688,162.103
22.022,-142.944,162.114
22.095,-143.188,162.147
22.178,-143.444,162.169
22.252,-143.689,162.191
22.335,-143.934,162.213
22.408,-144.189,162.224
22.482,-144.434,162.246
22.565,-144.69,162.268
22.639,-144.935,162.279
22.712,-145.179,162.29
22.795,-145.413,162.301
22.869,-145.669,162.301
22.942,-145.913,162.301
23.025,-146.169,162.29
23.099,-146.425,162.279
23.172,-146.681,162.279
23.255,-146.937,162.268
23.329,-147.181,162.257
23.402,-147.437,162.246
23.476,-147.671,162.246
23.559,-147.916,162.224
23.633,-148.171,162.213
23.706,-148.416,162.202
23.789,-148.672,162.18
23.872,-148.928,162.147
23.946,-149.184,162.125
24.029,-149.428,162.103
24.102,-149.684,162.081
24.185,-149.929,162.07
24.259,-150.185,162.048
24.332,-150.429,162.026
24.415,-150.685,162.004
24.498,-150.941,161.982
24.572,-151.186,161.96
24.645,-151.442,161.938
24.728,-151.686,161.917
24.811,-151.942,161.895
24.885,-152.187,161.873
24.968,-152.443,161.84
25.041,-152.699,161.818
25.124,-152.954,161.796
25.208,-153.199,161.774
25.29,-153.455,161.752
25.364,-153.711,161.73
25.437,-153.967,161.719
25.521,-154.211,161.697
25.603,-154.467,161.686
25.677,-154.723,161.664
25.76,-154.979,161.653
25.843,-155.224,161.631
25.926,-155.48,161.609
26.009,-155.736,161.598
26.092,-155.991,161.587
26.165,-156.247,161.576
26.249,-156.492,161.565
26.332,-156.748,161.554
26.415,-157.004,161.543
26.488,-157.248,161.532
26.571,-157.504,161.532
26.654,-157.771,161.521
26.737,-158.027,161.51
26.82,-158.283,161.51
26.903,-158.539,161.499
26.986,-158.795,161.488
27.069,-159.051,161.477
27.152,-159.306,161.466
27.235,-159.562,161.455
27.318,-159.818,161.466
27.401,-160.074,161.477
27.484,-160.319,161.499
27.567,-160.575,161.521
27.65,-160.831,161.543
27.733,-161.098,161.565
27.816,-161.353,161.587
27.889,-161.609,161.631
27.972,-161.865,161.664
28.055,-162.121,161.697
28.138,-162.377,161.719
28.212,-162.644,161.752
28.295,-162.9,161.774
28.377,-163.167,161.807
28.46,-163.422,161.829
28.543,-163.678,161.862
28.626,-163.945,161.884
28.7,-164.201,161.906
28.783,-164.446,161.938
28.856,-164.702,161.96
28.939,-164.969,161.982
29.022,-165.224,162.015
29.115,-165.491,162.048
29.188,-165.758,162.07
29.271,-166.025,162.092
29.354,-166.292,162.125
29.437,-166.548,162.147
29.51,-166.804,162.169
29.593,-167.049,162.191
29.676,-167.316,162.224
29.759,-167.572,162.246
29.832,-167.838,162.279
29.925,-168.105,162.301
29.998,-168.394,162.334
30.081,-168.661,162.378
30.164,-168.928,162.411
30.247,-169.184,162.433
30.32,-169.451,162.466
30.403,-169.696,162.488
30.486,-169.941,162.521
30.569,-170.208,162.543
30.642,-170.475,162.576
30.735,-170.742,162.609
30.817,-171.031,162.642
30.89,-171.309,162.664
30.973,-171.576,162.697
31.056,-171.843,162.708
31.12,-172.098,162.729
31.194,-172.343,162.74
31.277,-172.588,162.751
31.36,-172.855,162.762
31.433,-173.122,162.762
31.525,-173.4,162.751
31.627,-173.689,162.74
31.71,-173.967,162.719
31.792,-174.245,162.697
31.875,-174.512,162.664
31.949,-174.779,162.642
32.013,-175.024,162.62
32.096,-175.29,162.587
32.178,-175.557,162.565
32.261,-175.824,162.543
32.344,-176.091,162.51
32.427,-176.358,162.488
32.51,-176.625,162.455
32.593,-176.892,162.433
32.666,-177.159,162.411
32.759,-177.426,162.389
32.841,-177.715,162.367
32.924,-177.993,162.345
33.016,-178.26,162.334
33.099,-178.527,162.323
33.173,-178.783,162.312
33.246,-179.039,162.301
33.329,-179.306,162.29
33.412,-179.573,162.279
33.495,-179.84,162.257
33.577,-180.118,162.257
33.66,-180.396,162.246
33.753,-180.663,162.235
33.835,-180.93,162.235
33.918,-181.208,162.235
33.991,-181.475,162.224
34.074,-181.753,162.224
34.157,-182.02,162.224
34.24,-182.287,162.235
34.323,-182.565,162.235
34.406,-182.821,162.235
34.479,-183.076,162.235
34.562,-183.343,162.235
34.645,-183.61,162.246
34.728,-183.877,162.246
34.82,-184.155,162.246
34.912,-184.456,162.246
34.995,-184.734,162.257
35.078,-185.001,162.257
35.16,-185.279,162.246
35.234,-185.535,162.246
35.317,-185.79,162.235
35.39,-186.046,162.235
35.473,-186.324,162.224
35.556,-186.591,162.191
35.658,-186.869,162.18
35.74,-187.159,162.158
35.823,-187.437,162.136
35.915,-187.704,162.114
35.998,-187.971,162.092
36.072,-188.238,162.07
36.155,-188.493,162.059
36.238,-188.76,162.037
36.32,-189.027,162.015
36.403,-189.294,161.993
36.496,-189.572,161.971
36.578,-189.862,161.938
36.67,-190.14,161.927
36.753,-190.418,161.906
36.836,-190.685,161.895
36.919,-190.952,161.884
37.002,-191.196,161.862
37.085,-191.452,161.84
37.168,-191.719,161.818
37.251,-191.986,161.796
37.343,-192.264,161.774
37.435,-192.554,161.763
37.518,-192.821,161.741
37.61,-193.099,161.719
37.693,-193.366,161.697
37.776,-193.633,161.686
37.859,-193.889,161.675
37.942,-194.155,161.653
38.025,-194.422,161.642
38.117,-194.701,161.631
38.19,-194.979,161.62
38.283,-195.257,161.598
38.365,-195.524,161.587
38.448,-195.791,161.587
38.531,-196.069,161.587
38.624,-196.325,161.576
38.706,-196.581,161.576
38.789,-196.836,161.576
38.872,-197.103,161.587
38.955,-197.37,161.609
39.057,-197.649,161.631
39.159,-197.938,161.664
39.261,-198.216,161.686
39.343,-198.483,161.708
39.436,-198.761,161.741
39.509,-199.017,161.763
39.583,-199.262,161.785
39.666,-199.529,161.796
39.748,-199.796,161.818
39.831,-200.063,161.829
39.924,-200.341,161.84
40.006,-200.619,161.851
40.089,-200.886,161.873
40.182,-201.153,161.884
40.264,-201.42,161.895
40.347,-201.709,161.917
40.43,-201.976,161.927
40.513,-202.243,161.949
40.605,-202.51,161.96
40.688,-202.788,161.971
40.771,-203.055,161.982
40.854,-203.311,161.982
40.937,-203.578,161.982
41.02,-203.845,161.982
41.102,-204.112,161.982
41.195,-204.39,161.982
41.278,-204.657,161.982
41.36,-204.924,161.971
41.443,-205.191,161.971
41.526,-205.469,161.971
41.618,-205.736,161.96
41.701,-206.003,161.96
41.784,-206.27,161.96
41.867,-206.537,161.96
41.95,-206.804,161.949
42.033,-207.071,161.96
42.116,-207.338,161.96
42.198,-207.604,161.96
42.291,-207.872,161.949
42.374,-208.138,161.938
42.456,-208.417,161.938
42.539,-208.684,161.938
42.622,-208.95,161.938
42.705,-209.217,161.938
42.788,-209.484,161.949
42.871,-209.751,161.949
42.963,-210.018,161.938
43.046,-210.285,161.927
43.129,-210.563,161.927
43.221,-210.83,161.938
43.304,-211.097,161.949
43.387,-211.364,161.96
43.479,-211.631,161.971
43.562,-211.898,161.971
43.645,-212.165,161.982
43.728,-212.432,161.982
43.811,-212.699,161.993
43.894,-212.966,162.004
43.977,-213.233,162.004
44.069,-213.5,162.015
44.152,-213.778,162.015
44.234,-214.056,162.026
44.327,-214.323,162.026
44.41,-214.59,162.026
44.492,-214.868,162.037
44.566,-215.124,162.048
44.649,-215.38,162.059
44.732,-215.647,162.048
44.815,-215.914,162.059
44.897,-216.181,162.081
44.98,-216.448,162.092
45.063,-216.737,162.092
45.146,-217.015,162.114
45.238,-217.282,162.125
45.321,-217.549,162.136
45.394,-217.816,162.147
45.477,-218.072,162.158
45.56,-218.339,162.169
45.643,-218.606,162.169
45.726,-218.873,162.169
45.818,-219.151,162.169
45.901,-219.418,162.158
45.984,-219.685,162.147
46.067,-219.963,162.147
46.15,-220.23,162.125
46.232,-220.486,162.103
46.316,-220.73,162.092
46.398,-220.997,162.07
46.481,-221.264,162.048
46.564,-221.52,162.015
46.647,-221.798,161.993
46.739,-222.099,161.971
46.822,-222.377,161.96
46.905,-222.644,161.96
46.987,-222.922,161.971
47.07,-223.178,161.982
47.144,-223.422,161.993
47.227,-223.678,162.004
47.31,-223.945,162.004
47.393,-224.212,162.004
47.485,-224.479,161.993
47.568,-224.768,162.004
47.651,-225.035,162.004
47.733,-225.313,162.015
47.816,-225.58,162.015
47.89,-225.836,162.037
47.973,-226.103,162.048
48.055,-226.37,162.059
48.138,-226.637,162.081
48.221,-226.893,162.103
48.294,-227.171,162.125
48.377,-227.438,162.147
48.451,-227.693,162.191
48.534,-227.96,162.235
48.617,-228.227,162.268
48.709,-228.494,162.301
48.801,-228.761,162.334
48.884,-229.028,162.367
48.967,-229.295,162.4
49.05,-229.551,162.444
49.133,-229.818,162.466
49.206,-230.085,162.488
49.289,-230.352,162.51
49.372,-230.608,162.521
49.455,-230.875,162.532
49.538,-231.153,162.543
49.611,-231.42,162.554
49.694,-231.687,162.554
49.777,-231.954,162.543
49.86,-232.221,162.543
49.933,-232.476,162.532
50.016,-232.743,162.521
50.099,-233.01,162.51
50.172,-233.277,162.499
50.255,-233.544,162.477
50.328,-233.822,162.466
50.411,-234.089,162.455
50.494,-234.356,162.433
50.577,-234.623,162.411
50.66,-234.89,162.389
50.743,-235.157,162.356
50.835,-235.424,162.334
50.908,-235.691,162.312
51.001,-235.958,162.301
51.084,-236.225,162.279
51.166,-236.492,162.246
51.259,-236.748,162.224
51.342,-237.015,162.191
51.425,-237.282,162.169
51.508,-237.549,162.147
51.581,-237.815,162.125
51.664,-238.093,162.103
51.746,-238.372,162.07
51.839,-238.639,162.037
51.922,-238.906,162.015
51.995,-239.161,161.993
52.078,-239.428,161.971
52.161,-239.695,161.949
52.253,-239.962,161.938
52.336,-240.229,161.917
52.419,-240.496,161.895
52.511,-240.763,161.873
52.594,-241.03,161.851
52.677,-241.297,161.829
52.76,-241.564,161.807
52.843,-241.842,161.785
52.925,-242.12,161.763
53.018,-242.387,161.741
53.101,-242.654,161.719
53.184,-242.921,161.708
53.266,-243.188,161.686
53.35,-243.433,161.675
53.433,-243.689,161.664
53.515,-243.956,161.653
53.608,-244.223,161.631
53.7,-244.501,161.62
53.792,-244.79,161.609
53.875,-245.068,161.598
53.967,-245.335,161.587
54.05,-245.602,161.576
54.124,-245.869,161.576
54.197,-246.103,161.565
54.29,-246.37,161.565
54.373,-246.637,161.554
54.455,-246.904,161.554
54.548,-247.182,161.543
54.64,-247.471,161.532
54.723,-247.749,161.532
54.815,-248.016,161.532
54.898,-248.283,161.532
54.981,-248.539,161.532
55.064,-248.795,161.532
55.147,-249.062,161.532
55.239,-249.329,161.532
55.322,-249.596,161.543
55.414,-249.863,161.543
55.507,-250.152,161.554
55.589,-250.43,161.554
55.672,-250.697,161.554
55.765,-250.964,161.565
55.838,-251.22,161.565
55.931,-251.476,161.576
56.013,-251.743,161.587
56.096,-252.01,161.598
56.179,-252.277,161.598
56.281,-252.555,161.609
56.364,-252.844,161.609
56.456,-253.111,161.62
56.539,-253.389,161.631
56.622,-253.656,161.642
56.705,-253.912,161.653
56.778,-254.157,161.664
56.861,-254.424,161.686
56.953,-254.691,161.697
57.036,-254.958,161.708
57.129,-255.236,161.719
57.221,-255.514,161.719
57.304,-255.781,161.73
57.387,-256.048,161.752
57.469,-256.326,161.763
57.552,-256.582,161.774
57.645,-256.827,161.774
57.728,-257.094,161.785
57.811,-257.361,161.785
57.894,-257.628,161.796
57.976,-257.906,161.818
58.069,-258.184,161.84
58.151,-258.451,161.873
58.234,-258.718,161.895
58.317,-258.985,161.927
58.391,-259.241,161.949
58.474,-259.497,161.982
58.557,-259.752,162.026
58.639,-260.019,162.059
58.722,-260.286,162.103
58.815,-260.564,162.136
58.907,-260.854,162.169
58.99,-261.132,162.191
59.072,-261.399,162.213
59.155,-261.666,162.246
59.229,-261.921,162.257
59.302,-262.166,162.268
59.385,-262.411,162.29
59.459,-262.667,162.301
59.542,-262.934,162.312
59.634,-263.201,162.312
59.717,-263.49,162.323
59.799,-263.768,162.323
59.882,-264.035,162.312
59.965,-264.302,162.312
60.039,-264.558,162.312
60.112,-264.813,162.301
60.195,-265.08,162.29
60.278,-265.347,162.29
60.351,-265.603,162.268
60.444,-265.87,162.257
60.517,-266.137,162.235
60.6,-266.404,162.224
60.683,-266.66,162.213
60.766,-266.927,162.202
60.849,-267.194,162.18
60.932,-267.461,162.169
61.014,-267.728,162.158
61.097,-267.983,162.147
61.18,-268.25,162.136
61.273,-268.518,162.125
61.356,-268.784,162.114
61.438,-269.051,162.092
61.521,-269.318,162.07
61.604,-269.574,162.059
61.678,-269.841,162.048
61.761,-270.097,162.037
61.844,-270.353,162.026
61.926,-270.62,162.015
62.009,-270.887,162.004
62.092,-271.154,161.993
62.184,-271.432,161.982
62.267,-271.699,161.971
62.35,-271.966,161.971
62.433,-272.233,161.971
62.516,-272.489,161.971
62.599,-272.756,161.971
62.682,-273.023,161.96
62.765,-273.278,161.96
62.848,-273.545,161.949
62.94,-273.812,161.949
63.023,-274.079,161.949
63.106,-274.346,161.949
63.198,-274.613,161.949
63.281,-274.88,161.949
63.364,-275.147,161.949
63.447,-275.414,161.949
63.53,-275.681,161.938
63.612,-275.948,161.938
63.695,-276.215,161.938
63.778,-276.471,161.949
63.852,-276.738,161.949
63.935,-277.005,161.949
64.017,-277.272,161.96
64.11,-277.539,161.96
64.183,-277.817,161.96
64.275,-278.095,161.971
64.358,-278.362,161.982
64.441,-278.629,161.993
64.524,-278.896,162.004
64.597,-279.152,162.004
64.68,-279.408,162.004
64.763,-279.674,162.004
64.846,-279.941,161.993
64.929,-280.208,161.993
65.031,-280.487,161.982
65.113,-280.765,161.982
65.196,-281.032,161.971
65.279,-281.31,161.949
65.362,-281.577,161.938
65.435,-281.832,161.938
65.518,-282.088,161.927
65.611,-282.355,161.917
65.694,-282.611,161.906
65.777,-282.878,161.895
65.869,-283.156,161.884
65.952,-283.445,161.873
66.034,-283.712,161.862
66.117,-283.979,161.851
66.2,-284.246,161.84
66.283,-284.502,161.829
66.366,-284.758,161.818
66.449,-285.025,161.818
66.532,-285.292,161.818
66.624,-285.559,161.818
66.707,-285.837,161.818
66.799,-286.104,161.818
66.882,-286.371,161.818
66.965,-286.638,161.829
67.048,-286.905,161.84
67.131,-287.161,161.851
67.223,-287.428,161.851
67.306,-287.695,161.851
67.389,-287.962,161.851
67.472,-288.229,161.862
67.564,-288.507,161.873
67.647,-288.774,161.884
67.73,-289.041,161.895
67.813,-289.308,161.895
67.905,-289.575,161.895
67.979,-289.842,161.906
68.062,-290.087,161.906
68.145,-290.354,161.917
68.227,-290.621,161.917
68.31,-290.887,161.927
68.393,-291.154,161.927
68.476,-291.444,161.927
68.559,-291.711,161.927
68.642,-291.977,161.927
68.724,-292.244,161.927
68.807,-292.5,161.927
68.881,-292.745,161.927
68.964,-293.012,161.927
69.047,-293.268,161.938
69.13,-293.535,161.938
69.222,-293.813,161.938
69.314,-294.091,161.949
69.397,-294.358,161.949
69.48,-294.625,161.96
69.563,-294.892,161.96
69.636,-295.148,161.982
69.719,-295.404,161.982
69.802,-295.66,161.993
69.885,-295.926,162.004
69.968,-296.193,162.015
70.051,-296.46,162.026
70.134,-296.738,162.037
70.217,-297.005,162.048
70.299,-297.272,162.059
70.382,-297.539,162.07
70.465,-297.795,162.081
70.548,-298.051,162.081
70.631,-298.318,162.092
70.714,-298.574,162.114
70.797,-298.841,162.136
70.88,-299.119,162.147
70.963,-299.386,162.169
71.045,-299.653,162.169
71.128,-299.909,162.18
71.211,-300.176,162.202
71.294,-300.432,162.213
71.368,-300.687,162.224
71.451,-300.954,162.235
71.534,-301.21,162.246
71.616,-301.477,162.246
71.699,-301.755,162.257
71.782,-302.022,162.268
71.865,-302.289,162.268
71.948,-302.556,162.279
72.031,-302.812,162.279
72.104,-303.079,162.29
72.178,-303.334,162.29
72.261,-303.59,162.301
72.343,-303.857,162.312
72.417,-304.113,162.312
72.509,-304.391,162.312
72.592,-304.647,162.323
72.666,-304.914,162.323
72.748,-305.181,162.323
72.831,-305.437,162.334
72.914,-305.704,162.334
72.997,-305.971,162.334
73.08,-306.227,162.334
73.153,-306.493,162.334
73.236,-306.76,162.345
73.319,-307.016,162.345
73.393,-307.283,162.356
73.476,-307.539,162.356
73.558,-307.806,162.356
73.641,-308.062,162.367
73.715,-308.329,162.367
73.798,-308.596,162.378
73.881,-308.852,162.389
73.964,-309.119,162.389
74.037,-309.385,162.4
74.12,-309.652,162.411
74.203,-309.919,162.411
74.286,-310.175,162.411
74.359,-310.442,162.422
74.442,-310.698,162.433
74.525,-310.954,162.433
74.598,-311.21,162.444
74.681,-311.476,162.455
74.755,-311.732,162.455
74.838,-311.999,162.455
74.93,-312.266,162.455
75.003,-312.533,162.455
75.086,-312.8,162.466
75.169,-313.067,162.466
75.252,-313.323,162.466
75.316,-313.579,162.477
75.399,-313.846,162.477
75.482,-314.101,162.477
75.555,-314.368,162.466
75.638,-314.624,162.455
75.712,-314.88,162.444
75.794,-315.147,162.444
75.868,-315.403,162.433
75.951,-315.67,162.422
76.024,-315.925,162.411
76.107,-316.192,162.4
76.19,-316.459,162.389
76.273,-316.715,162.367
76.356,-316.971,162.356
76.429,-317.238,162.356
76.512,-317.494,162.345
76.586,-317.75,162.334
76.669,-318.005,162.323
76.752,-318.272,162.312
76.825,-318.528,162.301
76.908,-318.795,162.29
76.991,-319.051,162.279
77.064,-319.307,162.268
77.147,-319.574,162.257
77.23,-319.83,162.246
77.304,-320.074,162.224
77.387,-320.341,162.213
77.47,-320.597,162.202
77.543,-320.853,162.191
77.626,-321.109,162.18
77.699,-321.376,162.169
77.782,-321.631,162.158
77.865,-321.887,162.147
77.939,-322.143,162.136
78.022,-322.399,162.125
78.105,-322.666,162.103
78.188,-322.922,162.092
78.261,-323.178,162.081
78.344,-323.433,162.059
78.427,-323.689,162.048
78.501,-323.934,162.037
78.574,-324.19,162.037
78.657,-324.446,162.026
78.74,-324.702,162.015
78.814,-324.957,162.004
78.897,-325.224,162.004
78.979,-325.491,161.993
79.053,-325.747,161.993
79.136,-326.003,161.993
79.219,-326.259,161.993
79.302,-326.504,161.971
79.385,-326.759,161.971
79.458,-327.015,161.96
79.541,-327.26,161.949
79.624,-327.516,161.949
79.707,-327.783,161.938
79.79,-328.039,161.927
79.864,-328.294,161.917
79.947,-328.55,161.906
80.03,-328.806,161.906
80.103,-329.051,161.906
80.186,-329.307,161.895
80.269,-329.563,161.895
80.352,-329.819,161.884
80.426,-330.063,161.884
80.509,-330.33,161.884
80.592,-330.586,161.884
80.675,-330.831,161.884
80.748,-331.087,161.884
80.831,-331.342,161.884
80.905,-331.598,161.906
80.978,-331.854,161.906
81.061,-332.11,161.917
81.144,-332.366,161.906
81.218,-332.622,161.917
81.291,-332.866,161.917
81.365,-333.122,161.927
81.448,-333.367,161.927
81.521,-333.623,161.927
81.595,-333.878,161.917
81.687,-334.134,161.906
81.77,-334.401,161.884
81.853,-334.657,161.862
81.936,-334.902,161.829
82.01,-335.158,161.796
82.093,-335.414,161.774
82.157,-335.647,161.752
82.24,-335.892,161.719
82.313,-336.148,161.697
82.397,-336.392,161.664
82.48,-336.648,161.631
82.563,-336.893,161.598
82.636,-337.138,161.576
82.719,-337.394,161.543
82.802,-337.638,161.521
82.876,-337.883,161.488
82.959,-338.128,161.466
83.033,-338.373,161.433
83.116,-338.617,161.4
83.199,-338.862,161.367
83.282,-339.107,161.345
83.355,-339.352,161.312
83.439,-339.596,161.29
83.512,-339.841,161.268
83.595,-340.086,161.257
83.679,-340.32,161.235
83.762,-340.564,161.224
83.835,-340.809,161.224
83.918,-341.054,161.224
83.992,-341.288,161.235
84.075,-341.532,161.246
84.158,-341.777,161.257
84.232,-342.022,161.279
84.315,-342.256,161.301
84.389,-342.5,161.323
84.472,-342.734,161.345
84.546,-342.968,161.367
84.629,-343.212,161.378
84.702,-343.446,161.4
84.786,-343.691,161.422
84.859,-343.935,161.444
84.942,-344.18,161.466
85.016,-344.414,161.488
85.099,-344.659,161.51
85.173,-344.892,161.532
85.246,-345.126,161.554
85.32,-345.348,161.576
85.394,-345.582,161.598
85.468,-345.815,161.631
85.541,-346.049,161.653
85.624,-346.294,161.686
85.707,-346.55,161.697
85.781,-346.783,161.719
85.855,-347.017,161.73
85.929,-347.251,161.752
86.002,-347.484,161.763
86.076,-347.707,161.796
86.15,-347.94,161.818
86.223,-348.174,161.829
86.297,-348.396,161.851
86.371,-348.641,161.851
86.445,-348.875,161.873
86.518,-349.108,161.884
86.582,-349.342,161.895
86.656,-349.564,161.906
86.73,-349.787,161.917
86.804,-350.02,161.917
86.868,-350.243,161.917
86.942,-350.465,161.906
87.006,-350.688,161.906
87.089,-350.921,161.895
87.163,-351.144,161.895
87.228,-351.366,161.884
87.292,-351.589,161.884
87.366,-351.8,161.873
87.421,-352,161.862
87.485,-352.201,161.862
87.55,-352.412,161.851
87.614,-352.612,161.851
87.679,-352.812,161.84
87.743,-353.024,161.84
87.808,-353.224,161.829
87.872,-353.424,161.829
87.964,-353.714,161.818
88.047,-353.992,161.818
88.139,-354.27,161.807
88.222,-354.548,161.796
88.315,-354.815,161.785
88.397,-355.093,161.774
88.49,-355.36,161.763
88.573,-355.638,161.774
88.656,-355.883,161.774
88.738,-356.15,161.785
88.821,-356.406,161.785
88.914,-356.684,161.785
88.969,-356.884,161.785
89.061,-357.151,161.785
89.144,-357.418,161.785
89.227,-357.685,161.796
89.31,-357.952,161.796
89.393,-358.219,161.796
89.485,-358.508,161.796
89.568,-358.775,161.796
89.65,-359.053,161.796
89.743,-359.32,161.796
89.826,-359.598,161.785
89.918,-359.865,161.785
90.001,-360.143,161.785
90.083,-360.421,161.785
90.176,-360.699,161.796
90.259,-360.966,161.796
90.351,-361.245,161.785
90.443,-361.523,161.785
90.526,-361.801,161.785
90.618,-362.079,161.785
90.701,-362.368,161.785
90.793,-362.646,161.785
90.885,-362.924,161.785
90.978,-363.214,161.774
91.07,-363.503,161.763
91.162,-363.781,161.763
91.245,-364.07,161.763
91.337,-364.348,161.763
91.401,-364.548,161.763
91.494,-364.838,161.752
91.558,-365.038,161.741
91.65,-365.327,161.719
91.715,-365.527,161.719
91.807,-365.817,161.719
91.871,-366.017,161.719
91.936,-366.217,161.719
92.028,-366.506,161.73
92.093,-366.707,161.719
92.148,-366.907,161.719
92.24,-367.196,161.719
92.304,-367.396,161.73
92.369,-367.596,161.741
92.433,-367.797,161.752
92.507,-368.008,161.752
92.572,-368.208,161.763
92.636,-368.42,161.763
92.701,-368.62,161.763
92.765,-368.82,161.763
92.83,-369.02,161.763
92.894,-369.221,161.763
92.959,-369.421,161.763
93.023,-369.632,161.774
93.088,-369.832,161.774
93.152,-370.044,161.774
93.217,-370.255,161.774
93.281,-370.455,161.763
93.355,-370.667,161.752
93.42,-370.878,161.73
93.484,-371.089,161.708
93.549,-371.301,161.686
93.613,-371.501,161.675
93.687,-371.712,161.642
93.751,-371.924,161.631
93.816,-372.135,161.609
93.88,-372.346,161.587
93.954,-372.558,161.565
94.019,-372.769,161.554
94.093,-372.981,161.532
94.157,-373.192,161.51
94.231,-373.403,161.488
94.295,-373.615,161.466
94.369,-373.837,161.444
94.434,-374.049,161.433
94.498,-374.26,161.433
94.572,-374.482,161.422
94.636,-374.694,161.411
94.71,-374.905,161.4
94.784,-375.117,161.4
94.849,-375.328,161.378
94.922,-375.55,161.378
94.996,-375.762,161.367
95.061,-375.973,161.356
95.135,-376.196,161.356
95.199,-376.407,161.345
95.273,-376.63,161.345
95.347,-376.841,161.334
95.421,-377.064,161.323
95.485,-377.275,161.312
95.559,-377.497,161.312
95.633,-377.709,161.323
95.697,-377.931,161.334
95.771,-378.154,161.334
95.845,-378.365,161.345
95.909,-378.588,161.345
95.983,-378.799,161.345
96.057,-379.022,161.356
96.121,-379.244,161.367
96.195,-379.455,161.378
96.269,-379.678,161.389
96.343,-379.889,161.4
96.407,-380.112,161.411
96.481,-380.323,161.422
96.555,-380.546,161.433
96.619,-380.779,161.444
96.693,-381.002,161.455
96.767,-381.213,161.477
96.831,-381.436,161.488
96.905,-381.658,161.51
96.979,-381.87,161.521
97.043,-382.092,161.543
97.117,-382.303,161.554
97.191,-382.526,161.576
97.255,-382.748,161.598
97.32,-382.96,161.62
97.393,-383.182,161.642
97.467,-383.405,161.653
97.532,-383.616,161.675
97.606,-383.839,161.686
97.679,-384.072,161.708
97.744,-384.295,161.719
97.817,-384.517,161.741
97.891,-384.729,161.763
97.956,-384.951,161.796
98.03,-385.162,161.818
98.103,-385.385,161.829
98.168,-385.607,161.851
98.241,-385.83,161.862
98.306,-386.041,161.884
98.38,-386.264,161.906
98.444,-386.486,161.927
98.518,-386.709,161.949
98.592,-386.931,161.96
98.656,-387.154,161.971
98.73,-387.376,161.982
98.794,-387.598,162.004
98.868,-387.821,162.015
98.932,-388.043,162.026
99.006,-388.266,162.037
99.07,-388.477,162.048
99.135,-388.7,162.07
99.209,-388.922,162.081
99.273,-389.145,162.092
99.347,-389.367,162.103
99.42,-389.601,162.125
99.485,-389.823,162.136
99.558,-390.046,162.147
99.623,-390.268,162.158
99.697,-390.491,162.169
99.751,-390.713,162.191
99.825,-390.935,162.202
99.889,-391.158,162.213
99.963,-391.38,162.235
100.028,-391.603,162.257
100.101,-391.825,162.268
100.175,-392.048,162.279
100.249,-392.259,162.29
100.313,-392.482,162.301
100.378,-392.704,162.323
100.442,-392.938,162.345
100.516,-393.16,162.367
100.58,-393.382,162.389
100.654,-393.605,162.411
100.718,-393.827,162.433
100.782,-394.05,162.444
100.856,-394.283,162.466
100.92,-394.506,162.477
100.994,-394.728,162.488
101.059,-394.951,162.499
101.132,-395.162,162.51
101.206,-395.385,162.499
101.271,-395.607,162.499
101.335,-395.83,162.488
101.409,-396.052,162.477
101.473,-396.286,162.477
101.537,-396.508,162.477
101.611,-396.73,162.477
101.675,-396.953,162.466
101.74,-397.175,162.466
101.823,-397.409,162.466
101.887,-397.643,162.466
101.961,-397.865,162.455
102.025,-398.099,162.455
102.099,-398.321,162.455
102.154,-398.532,162.455
102.218,-398.744,162.455
102.282,-398.966,162.466
102.356,-399.189,162.477
102.421,-399.411,162.477
102.494,-399.645,162.499
102.577,-399.889,162.499
102.651,-400.145,162.51
102.715,-400.368,162.51
102.779,-400.601,162.499
102.834,-400.823,162.488
102.879,-401.023,162.499
102.944,-401.235,162.521
103.008,-401.457,162.554
103.082,-401.68,162.587
103.156,-401.913,162.609
103.248,-402.158,162.62
103.341,-402.392,162.587
103.405,-402.614,162.565
103.479,-402.848,162.543
103.534,-403.059,162.543
103.589,-403.259,162.554
103.653,-403.471,162.565
103.718,-403.704,162.576
103.782,-403.927,162.576
103.865,-404.16,162.543
103.929,-404.416,162.521
104.003,-404.661,162.51
104.067,-404.894,162.51
104.14,-405.128,162.51
104.205,-405.35,162.521
104.269,-405.561,162.521
104.343,-405.762,162.51
104.408,-405.973,162.499
104.481,-406.196,162.499
104.555,-406.44,162.488
104.638,-406.685,162.477
104.702,-406.919,162.455
104.776,-407.141,162.433
104.84,-407.375,162.422
104.905,-407.608,162.411
104.959,-407.83,162.4
105.033,-408.064,162.4
105.097,-408.298,162.4
105.171,-408.531,162.4
105.245,-408.765,162.389
105.328,-408.998,162.378
105.401,-409.232,162.367
105.475,-409.455,162.356
105.539,-409.688,162.345
105.604,-409.91,162.323
105.678,-410.133,162.323
105.742,-410.366,162.301
105.815,-410.6,162.29
105.889,-410.834,162.279
105.963,-411.067,162.268
106.036,-411.334,162.257
106.11,-411.579,162.235
106.183,-411.824,162.224
106.248,-412.057,162.213
106.331,-412.28,162.202
106.395,-412.491,162.191
106.469,-412.725,162.191
106.543,-412.958,162.18
106.616,-413.192,162.169
106.69,-413.436,162.18
106.754,-413.681,162.169
106.828,-413.915,162.18
106.901,-414.159,162.18
106.975,-414.393,162.169
107.058,-414.638,162.158
107.132,-414.871,162.158
107.206,-415.105,162.158
107.279,-415.35,162.158
107.353,-415.583,162.158
107.427,-415.817,162.158
107.491,-416.061,162.158
107.564,-416.295,162.158
107.638,-416.54,162.158
107.712,-416.773,162.158
107.785,-417.007,162.158
107.859,-417.24,162.169
107.933,-417.474,162.169
108.006,-417.708,162.158
108.08,-417.952,162.147
108.163,-418.197,162.125
108.237,-418.453,162.125
108.32,-418.698,162.114
108.393,-418.942,162.103
108.467,-419.176,162.092
108.531,-419.41,162.081
108.605,-419.632,162.059
108.678,-419.877,162.048
108.752,-420.11,162.026
108.826,-420.355,162.015
108.909,-420.6,161.993
108.992,-420.845,161.971
109.075,-421.078,161.949
109.149,-421.323,161.927
109.222,-421.568,161.906
109.296,-421.812,161.895
109.37,-422.057,161.884
109.453,-422.302,161.862
109.526,-422.535,161.851
109.6,-422.78,161.829
109.674,-423.025,161.818
109.747,-423.258,161.807
109.821,-423.503,161.796
109.904,-423.748,161.785
109.978,-423.981,161.785
110.061,-424.237,161.774
110.144,-424.482,161.774
110.217,-424.727,161.774
110.3,-424.972,161.774
110.374,-425.216,161.785
110.438,-425.45,161.785
110.512,-425.695,161.796
110.585,-425.928,161.807
110.669,-426.173,161.807
110.742,-426.418,161.829
110.825,-426.662,161.84
110.899,-426.907,161.851
110.972,-427.152,161.862
111.046,-427.396,161.873
111.129,-427.641,161.895
111.203,-427.875,161.895
111.276,-428.12,161.906
111.36,-428.364,161.917
111.433,-428.609,161.927
111.507,-428.843,161.949
111.59,-429.087,161.96
111.673,-429.354,161.96
111.756,-429.599,161.971
111.829,-429.844,161.982
111.913,-430.089,161.982
111.986,-430.333,161.993
112.06,-430.578,161.993
112.143,-430.823,162.004
112.216,-431.067,162.004
112.29,-431.312,162.004
112.363,-431.568,162.015
112.446,-431.824,162.026
112.52,-432.068,162.026
112.594,-432.313,162.026
112.677,-432.558,162.026
112.76,-432.814,162.026
112.833,-433.059,162.026
112.907,-433.303,162.015
112.99,-433.548,162.015
113.063,-433.804,162.026
113.156,-434.06,162.026
113.23,-434.304,162.037
113.313,-434.549,162.026
113.386,-434.805,162.026
113.46,-435.05,162.015
113.543,-435.294,162.015
113.616,-435.55,162.015
113.699,-435.795,162.015
113.773,-436.04,162.004
113.856,-436.296,161.993
113.939,-436.551,161.971
114.022,-436.818,161.949
114.095,-437.074,161.927
114.178,-437.319,161.917
114.261,-437.575,161.895
114.326,-437.808,161.873
114.399,-438.042,161.851
114.482,-438.287,161.829
114.556,-438.531,161.807
114.639,-438.776,161.785
114.722,-439.043,161.763
114.805,-439.288,161.741
114.888,-439.544,161.708
114.962,-439.789,161.686
115.045,-440.044,161.664
115.118,-440.289,161.653
115.192,-440.534,161.631
115.275,-440.79,161.62
115.358,-441.034,161.587
115.431,-441.29,161.576
115.505,-441.524,161.554
115.579,-441.768,161.543
115.652,-442.024,161.532
115.735,-442.269,161.521
115.809,-442.514,161.521
115.901,-442.781,161.51
115.984,-443.026,161.51
116.058,-443.281,161.51
116.141,-443.526,161.51
116.224,-443.782,161.521
116.298,-444.016,161.532
116.381,-444.26,161.543
116.454,-444.516,161.543
116.537,-444.761,161.543
116.62,-445.017,161.554
116.703,-445.262,161.554
116.786,-445.518,161.565
116.869,-445.762,161.576
116.943,-446.007,161.587
117.026,-446.263,161.587
117.109,-446.519,161.598
117.183,-446.763,161.609
117.266,-447.019,161.62
117.349,-447.264,161.62
117.422,-447.52,161.62
117.505,-447.765,161.631
117.579,-448.009,161.642
117.662,-448.254,161.653
117.745,-448.51,161.653
117.819,-448.755,161.664
117.911,-449.022,161.664
117.994,-449.267,161.664
118.077,-449.522,161.675
118.151,-449.778,161.675
118.234,-450.023,161.686
118.307,-450.279,161.697
118.39,-450.524,161.708
118.473,-450.779,161.708
118.556,-451.035,161.719
118.63,-451.291,161.73
118.713,-451.536,161.741
118.796,-451.792,161.741
118.879,-452.037,161.752
118.952,-452.292,161.763
119.035,-452.548,161.774
119.118,-452.804,161.774
119.201,-453.06,161.796
119.284,-453.316,161.807
119.358,-453.572,161.829
119.441,-453.827,161.851
119.524,-454.083,161.873
119.597,-454.328,161.906
119.68,-454.573,161.927
119.754,-454.829,161.96
119.837,-455.084,161.993
119.92,-455.34,162.015
119.993,-455.585,162.059
120.076,-455.841,162.103
120.15,-456.097,162.136
120.233,-456.352,162.18
120.325,-456.608,162.213
120.408,-456.875,162.257
120.482,-457.131,162.301
120.565,-457.387,162.334
120.638,-457.643,162.378
120.712,-457.888,162.411
120.795,-458.121,162.444
120.869,-458.377,162.466
120.952,-458.633,162.499
121.025,-458.878,162.521
121.098,-459.144,162.543
121.182,-459.389,162.565
121.255,-459.645,162.576
121.338,-459.901,162.587
121.411,-460.157,162.587
121.485,-460.412,162.598
121.558,-460.679,162.587
121.632,-460.935,162.587
121.715,-461.18,162.576
121.788,-461.436,162.554
121.852,-461.68,162.543
121.917,-461.914,162.51
121.999,-462.17,162.499
122.073,-462.414,162.499
122.147,-462.67,162.477
122.23,-462.926,162.466
122.322,-463.204,162.455
122.395,-463.449,162.444
122.478,-463.705,162.433
122.552,-463.96,162.422
122.626,-464.194,162.422
122.709,-464.428,162.411
122.782,-464.672,162.411
122.856,-464.928,162.4
122.929,-465.173,162.378
123.012,-465.429,162.378
123.086,-465.696,162.356
123.169,-465.94,162.356
123.242,-466.196,162.345
123.316,-466.441,162.345
123.389,-466.685,162.345
123.463,-466.919,162.334
123.546,-467.175,162.334
123.62,-467.42,162.323
123.693,-467.664,162.323
123.776,-467.909,162.323
123.85,-468.165,162.312
123.923,-468.41,162.312
123.997,-468.654,162.301
124.08,-468.899,162.301
124.163,-469.155,162.29
124.237,-469.4,162.29
124.32,-469.644,162.29
124.393,-469.889,162.29
124.467,-470.145,162.29
124.531,-470.378,162.301
124.605,-470.612,162.301
124.678,-470.857,162.301
124.752,-471.101,162.29
124.826,-471.346,162.29
124.899,-471.591,162.279
124.982,-471.835,162.268
125.056,-472.08,162.257
125.129,-472.325,162.257
125.203,-472.57,162.246
125.286,-472.814,162.246
125.36,-473.07,162.246
125.433,-473.315,162.235
125.507,-473.559,162.224
125.58,-473.793,162.213
125.645,-474.027,162.213
125.718,-474.26,162.213
125.792,-474.494,162.213
125.866,-474.738,162.213
125.939,-474.983,162.202
126.022,-475.228,162.202
126.096,-475.495,162.191
126.169,-475.739,162.18
126.252,-475.984,162.18
126.326,-476.229,162.18
126.39,-476.462,162.169
126.464,-476.674,162.158
126.538,-476.907,162.147
126.611,-477.141,162.136
126.685,-477.375,162.125
126.768,-477.631,162.114
126.842,-477.886,162.103
126.925,-478.131,162.092
126.998,-478.365,162.081
127.072,-478.609,162.081
127.146,-478.843,162.059
127.21,-479.065,162.059
127.284,-479.299,162.037
127.357,-479.533,162.026
127.431,-479.766,162.015
127.514,-480.011,162.015
127.588,-480.245,162.004
127.662,-480.478,161.993
127.735,-480.723,161.971
127.809,-480.956,161.96
127.882,-481.201,161.949
127.956,-481.435,161.927
128.03,-481.668,161.917
128.104,-481.902,161.895
128.177,-482.136,161.873
128.242,-482.358,161.851
128.315,-482.592,161.84
128.389,-482.825,161.829
128.463,-483.059,161.818
128.536,-483.292,161.807
128.619,-483.537,161.785
128.693,-483.782,161.774
128.767,-484.015,161.763
128.84,-484.249,161.741
128.914,-484.483,161.73
128.988,-484.716,161.73
129.052,-484.939,161.719
129.136,-485.161,161.719
129.209,-485.395,161.708
129.273,-485.628,161.686
129.357,-485.873,161.686
129.43,-486.118,161.675
129.504,-486.351,161.664
129.577,-486.585,161.664
129.651,-486.808,161.686
129.735,-487.03,161.697
129.818,-487.253,161.697
129.892,-487.486,161.697
129.966,-487.709,161.697
130.039,-487.943,161.697
130.113,-488.187,161.697
130.187,-488.421,161.686
130.26,-488.654,161.686
130.343,-488.888,161.686
130.417,-489.111,161.686
130.482,-489.333,161.686
130.546,-489.556,161.697
130.62,-489.789,161.697
130.693,-490.012,161.708
130.767,-490.245,161.708
130.841,-490.479,161.719
130.905,-490.701,161.73
130.979,-490.935,161.741
131.053,-491.157,161.752
131.126,-491.391,161.774
131.2,-491.613,161.785
131.274,-491.847,161.807
131.338,-492.07,161.829
131.412,-492.292,161.84
131.486,-492.515,161.862
131.55,-492.726,161.873
131.624,-492.948,161.884
131.688,-493.16,161.895
131.753,-493.371,161.906
131.827,-493.594,161.906
131.891,-493.805,161.906
131.956,-494.016,161.917
132.02,-494.228,161.917
132.085,-494.428,161.938
132.149,-494.639,161.949
132.213,-494.839,161.96
132.278,-495.04,161.971
132.342,-495.251,161.982
132.407,-495.451,161.993
132.471,-495.663,162.004
132.536,-495.863,162.026
132.6,-496.074,162.037
132.665,-496.274,162.059
132.729,-496.475,162.07
132.794,-496.686,162.092
132.849,-496.886,162.103
132.913,-497.086,162.125
132.978,-497.287,162.136
133.042,-497.498,162.158
133.107,-497.698,162.18
133.171,-497.898,162.191
133.226,-498.099,162.213
133.291,-498.299,162.246
133.355,-498.499,162.268
133.42,-498.71,162.29
133.502,-498.999,162.334
133.567,-499.2,162.356
133.632,-499.4,162.389
133.687,-499.6,162.411
133.751,-499.8,162.422
133.825,-500.012,162.433
133.89,-500.212,162.444
133.945,-500.412,162.466
134.009,-500.612,162.477
134.064,-500.813,162.488
134.129,-501.024,162.51
134.193,-501.224,162.521
134.248,-501.424,162.532
134.313,-501.624,162.543
134.377,-501.825,162.543
134.432,-502.025,162.543
134.524,-502.314,162.521
134.579,-502.514,162.51
134.644,-502.714,162.499
134.708,-502.915,162.477
134.763,-503.115,162.455
134.818,-503.315,162.433
134.911,-503.604,162.378
134.975,-503.804,162.345
135.04,-504.005,162.312
135.122,-504.294,162.268
135.214,-504.583,162.224
135.297,-504.872,162.191
135.389,-505.15,162.158
135.472,-505.428,162.125
135.555,-505.695,162.092
135.638,-505.962,162.059
135.721,-506.229,162.026
135.804,-506.485,161.993
135.887,-506.73,161.949
135.96,-506.975,161.917
136.034,-507.219,161.884
136.108,-507.453,161.851
136.181,-507.687,161.818
136.255,-507.909,161.796
136.32,-508.12,161.774
136.384,-508.321,161.752
136.449,-508.521,161.719
136.513,-508.721,161.708
136.578,-508.921,161.697
136.651,-509.166,161.697
136.725,-509.4,161.697
136.799,-509.611,161.708
136.873,-509.823,161.708
136.937,-510.023,161.697
137.011,-510.245,161.686
137.066,-510.456,161.697
137.14,-510.679,161.73
137.204,-510.89,161.741
137.269,-511.091,161.763
137.343,-511.291,161.774
137.398,-511.502,161.774
137.462,-511.702,161.785
