144.815,-509.843,341.433
144.732,-509.599,341.433
144.658,-509.365,341.433
144.575,-509.12,341.422
144.501,-508.875,341.411
144.428,-508.62,341.422
144.345,-508.375,341.455
144.261,-508.13,341.477
144.178,-507.885,341.499
144.095,-507.629,341.488
144.031,-507.418,341.477
143.966,-507.218,341.488
143.883,-506.962,341.521
143.8,-506.717,341.554
143.727,-506.461,341.565
143.662,-506.261,341.543
143.598,-506.039,341.565
143.533,-505.839,341.587
143.469,-505.627,341.598
143.395,-505.427,341.587
143.33,-505.227,341.576
143.266,-505.015,341.576
143.202,-504.793,341.565
143.128,-504.593,341.565
143.063,-504.381,341.598
142.999,-504.181,341.631
142.906,-503.914,341.631
142.842,-503.703,341.609
142.768,-503.491,341.554
142.704,-503.269,341.521
142.63,-503.057,341.521
142.565,-502.846,341.532
142.491,-502.646,341.565
142.427,-502.434,341.576
142.363,-502.212,341.565
142.289,-501.989,341.532
142.224,-501.767,341.521
142.151,-501.544,341.532
142.077,-501.333,341.543
142.003,-501.11,341.565
141.939,-500.888,341.576
141.865,-500.654,341.598
141.781,-500.432,341.587
141.708,-500.209,341.565
141.634,-499.976,341.532
141.56,-499.753,341.51
141.486,-499.531,341.499
141.413,-499.297,341.499
141.339,-499.063,341.488
141.246,-498.83,341.488
141.172,-498.596,341.477
141.099,-498.351,341.466
141.035,-498.129,341.455
140.951,-497.895,341.455
140.878,-497.662,341.444
140.804,-497.417,341.455
140.721,-497.172,341.455
140.647,-496.939,341.455
140.554,-496.705,341.433
140.481,-496.471,341.422
140.407,-496.226,341.4
140.324,-495.993,341.378
140.25,-495.748,341.389
140.167,-495.503,341.4
140.094,-495.259,341.4
140.001,-495.014,341.389
139.918,-494.769,341.378
139.844,-494.535,341.378
139.771,-494.291,341.367
139.687,-494.046,341.356
139.614,-493.801,341.389
139.531,-493.567,341.422
139.448,-493.312,341.444
139.365,-493.067,341.477
139.281,-492.822,341.51
139.198,-492.588,341.543
139.115,-492.355,341.554
139.041,-492.11,341.598
138.968,-491.854,341.653
138.885,-491.587,341.719
138.811,-491.343,341.785
138.728,-491.087,341.84
138.645,-490.864,341.851
138.572,-490.619,341.84
138.488,-490.375,341.84
138.424,-490.119,341.84
138.351,-489.874,341.84
138.277,-489.629,341.829
138.185,-489.385,341.818
138.102,-489.129,341.807
138.019,-488.884,341.774
137.945,-488.639,341.752
137.871,-488.395,341.752
137.788,-488.15,341.774
137.705,-487.905,341.807
137.632,-487.649,341.84
137.549,-487.404,341.873
137.475,-487.16,341.895
137.392,-486.904,341.927
137.309,-486.659,341.96
137.235,-486.403,341.982
137.152,-486.159,342.015
137.079,-485.914,342.059
137.005,-485.658,342.103
136.922,-485.413,342.147
136.839,-485.157,342.169
136.756,-484.913,342.158
136.683,-484.657,342.136
136.609,-484.401,342.125
136.536,-484.134,342.136
136.453,-483.878,342.18
136.379,-483.623,342.224
136.296,-483.389,342.246
136.213,-483.133,342.257
136.14,-482.877,342.246
136.047,-482.621,342.246
135.974,-482.365,342.235
135.891,-482.11,342.235
135.808,-481.843,342.257
135.725,-481.587,342.257
135.642,-481.331,342.268
135.568,-481.075,342.268
135.485,-480.83,342.257
135.412,-480.575,342.257
135.329,-480.319,342.268
135.256,-480.041,342.29
135.173,-479.785,342.312
135.09,-479.529,342.312
135.016,-479.284,342.312
134.933,-479.028,342.301
134.86,-478.773,342.29
134.777,-478.517,342.29
134.694,-478.239,342.29
134.611,-477.983,342.29
134.528,-477.716,342.29
134.455,-477.46,342.29
134.372,-477.204,342.279
134.298,-476.948,342.268
134.215,-476.682,342.257
134.132,-476.426,342.246
134.049,-476.17,342.235
133.976,-475.903,342.213
133.893,-475.647,342.213
133.819,-475.391,342.202
133.737,-475.124,342.202
133.654,-474.868,342.202
133.571,-474.602,342.191
133.488,-474.346,342.191
133.405,-474.079,342.18
133.322,-473.823,342.158
133.248,-473.556,342.136
133.165,-473.3,342.114
133.092,-473.033,342.114
133.009,-472.766,342.103
132.936,-472.51,342.092
132.844,-472.232,342.081
132.761,-471.965,342.081
132.678,-471.698,342.081
132.595,-471.443,342.092
132.512,-471.176,342.092
132.439,-470.909,342.081
132.356,-470.653,342.07
132.263,-470.375,342.059
132.18,-470.108,342.07
132.098,-469.841,342.07
132.005,-469.574,342.059
131.922,-469.307,342.048
131.84,-469.029,342.037
131.757,-468.773,342.026
131.674,-468.506,342.026
131.591,-468.228,342.015
131.508,-467.961,342.015
131.416,-467.694,342.004
131.333,-467.427,341.993
131.25,-467.149,341.982
131.167,-466.893,341.971
131.084,-466.626,341.971
131.001,-466.348,341.971
130.909,-466.07,341.971
130.817,-465.792,341.96
130.734,-465.525,341.949
130.651,-465.258,341.949
130.568,-464.991,341.949
130.485,-464.724,341.938
130.403,-464.446,341.927
130.31,-464.168,341.906
130.227,-463.901,341.895
130.135,-463.623,341.895
130.052,-463.344,341.906
129.97,-463.078,341.906
129.877,-462.799,341.906
129.794,-462.532,341.895
129.712,-462.254,341.873
129.619,-461.976,341.873
129.537,-461.709,341.873
129.444,-461.431,341.884
129.362,-461.153,341.895
129.279,-460.875,341.884
129.186,-460.608,341.884
129.104,-460.33,341.873
129.011,-460.052,341.873
128.929,-459.774,341.884
128.836,-459.485,341.906
128.744,-459.206,341.917
128.661,-458.928,341.917
128.569,-458.661,341.917
128.486,-458.383,341.917
128.394,-458.116,341.927
128.302,-457.827,341.938
128.21,-457.538,341.96
128.127,-457.26,341.96
128.034,-456.982,341.971
127.952,-456.703,341.993
127.859,-456.425,342.015
127.777,-456.147,342.026
127.685,-455.858,342.048
127.602,-455.58,342.07
127.51,-455.302,342.092
127.427,-455.013,342.103
127.335,-454.735,342.125
127.242,-454.445,342.136
127.16,-454.167,342.147
127.068,-453.878,342.158
126.975,-453.6,342.18
126.893,-453.311,342.191
126.81,-453.022,342.224
126.718,-452.744,342.246
126.635,-452.454,342.257
126.533,-452.165,342.246
126.478,-451.965,342.246
126.386,-451.676,342.257
126.294,-451.386,342.279
126.211,-451.108,342.312
126.156,-450.908,342.323
126.064,-450.619,342.334
125.972,-450.33,342.345
125.88,-450.041,342.345
125.815,-449.84,342.356
125.733,-449.551,342.378
125.641,-449.251,342.4
125.558,-448.962,342.411
125.494,-448.762,342.422
125.401,-448.472,342.433
125.319,-448.183,342.444
125.254,-447.983,342.444
125.172,-447.694,342.466
125.107,-447.494,342.477
125.042,-447.293,342.488
124.987,-447.093,342.499
124.895,-446.804,342.51
124.84,-446.604,342.51
124.776,-446.404,342.521
124.684,-446.114,342.521
124.629,-445.914,342.521
124.564,-445.714,342.521
124.509,-445.514,342.521
124.445,-445.314,342.521
124.352,-445.024,342.521
124.288,-444.824,342.532
124.233,-444.624,342.521
124.168,-444.424,342.532
124.113,-444.224,342.521
124.021,-443.934,342.521
123.957,-443.734,342.521
123.902,-443.534,342.521
123.837,-443.323,342.521
123.782,-443.122,342.521
123.718,-442.922,342.521
123.653,-442.722,342.521
123.598,-442.522,342.521
123.506,-442.233,342.488
123.441,-442.032,342.455
123.349,-441.743,342.411
123.294,-441.543,342.389
123.23,-441.332,342.367
123.165,-441.131,342.345
123.11,-440.931,342.323
123.046,-440.731,342.29
122.981,-440.531,342.268
122.917,-440.331,342.235
122.825,-440.041,342.18
122.76,-439.841,342.158
122.705,-439.641,342.125
122.64,-439.441,342.103
122.585,-439.241,342.081
122.521,-439.04,342.059
122.456,-438.84,342.037
122.364,-438.551,341.993
122.3,-438.339,341.96
122.245,-438.139,341.938
122.18,-437.939,341.917
122.116,-437.739,341.884
122.051,-437.539,341.862
121.959,-437.249,341.829
121.895,-437.049,341.807
121.802,-436.76,341.785
121.738,-436.56,341.774
121.673,-436.359,341.763
121.609,-436.159,341.763
121.517,-435.87,341.752
121.452,-435.67,341.752
121.397,-435.47,341.741
121.323,-435.269,341.741
121.231,-434.98,341.741
121.166,-434.78,341.752
121.111,-434.58,341.774
121.047,-434.379,341.785
120.955,-434.09,341.818
120.89,-433.89,341.84
120.798,-433.601,341.862
120.733,-433.4,341.884
120.641,-433.111,341.917
120.577,-432.911,341.938
120.485,-432.622,341.971
120.42,-432.421,341.993
120.355,-432.221,342.015
120.3,-432.021,342.026
120.236,-431.821,342.048
120.144,-431.532,342.07
120.079,-431.331,342.092
120.015,-431.131,342.114
119.923,-430.842,342.147
119.868,-430.642,342.169
119.803,-430.441,342.18
119.738,-430.241,342.191
119.683,-430.041,342.191
119.591,-429.752,342.202
119.527,-429.552,342.213
119.472,-429.351,342.235
119.407,-429.151,342.246
119.343,-428.951,342.268
119.26,-428.662,342.29
119.196,-428.451,342.301
119.131,-428.25,342.301
119.067,-428.05,342.312
118.974,-427.761,342.301
118.919,-427.561,342.301
118.855,-427.36,342.29
118.79,-427.16,342.279
118.698,-426.871,342.257
118.643,-426.671,342.235
118.579,-426.459,342.224
118.524,-426.259,342.202
118.459,-426.059,342.18
118.367,-425.77,342.147
118.303,-425.57,342.125
118.238,-425.369,342.103
118.183,-425.169,342.081
118.118,-424.969,342.059
118.054,-424.769,342.037
117.989,-424.568,342.026
117.934,-424.368,342.004
117.879,-424.168,341.993
117.778,-423.879,341.96
117.723,-423.679,341.938
117.649,-423.467,341.917
117.584,-423.267,341.895
117.529,-423.067,341.873
117.465,-422.867,341.851
117.4,-422.666,341.829
117.345,-422.466,341.807
117.243,-422.177,341.785
117.188,-421.977,341.763
117.124,-421.777,341.752
117.059,-421.576,341.73
116.958,-421.287,341.697
116.865,-420.998,341.664
116.801,-420.797,341.642
116.736,-420.597,341.642
116.672,-420.386,341.642
116.607,-420.186,341.642
116.552,-419.986,341.642
116.488,-419.785,341.631
116.423,-419.585,341.62
116.322,-419.307,341.62
116.229,-419.018,341.609
116.165,-418.817,341.598
116.063,-418.517,341.576
115.999,-418.294,341.565
115.934,-418.094,341.543
115.87,-417.894,341.532
115.805,-417.694,341.532
115.704,-417.416,341.532
115.611,-417.126,341.521
115.519,-416.837,341.521
115.455,-416.637,341.51
115.409,-416.426,341.51
115.345,-416.225,341.499
115.29,-416.025,341.521
115.225,-415.825,341.532
115.133,-415.536,341.565
115.041,-415.247,341.576
114.976,-415.046,341.598
114.884,-414.757,341.609
114.829,-414.557,341.631
114.737,-414.268,341.653
114.673,-414.067,341.664
114.58,-413.778,341.686
114.479,-413.511,341.708
114.386,-413.244,341.719
114.304,-412.955,341.741
114.202,-412.666,341.752
114.137,-412.465,341.763
114.073,-412.265,341.774
113.99,-411.987,341.807
113.925,-411.787,341.818
113.851,-411.586,341.829
113.787,-411.386,341.84
113.695,-411.097,341.84
113.603,-410.808,341.84
113.539,-410.541,341.84
113.474,-410.341,341.851
113.391,-410.063,341.862
113.29,-409.762,341.851
113.216,-409.551,341.851
113.124,-409.262,341.84
113.032,-408.972,341.84
112.939,-408.705,341.84
112.857,-408.416,341.84
112.764,-408.127,341.829
112.663,-407.838,341.829
112.608,-407.637,341.818
112.515,-407.359,341.807
112.451,-407.159,341.807
112.368,-406.881,341.807
112.276,-406.603,341.807
112.184,-406.314,341.807
112.101,-406.036,341.807
112.037,-405.824,341.807
111.944,-405.546,341.807
111.852,-405.257,341.807
111.76,-404.979,341.796
111.677,-404.701,341.796
111.585,-404.411,341.796
111.493,-404.133,341.796
111.428,-403.933,341.796
111.373,-403.733,341.796
111.281,-403.455,341.785
111.198,-403.166,341.763
111.115,-402.888,341.763
111.023,-402.609,341.763
110.94,-402.331,341.763
110.876,-402.131,341.774
110.784,-401.853,341.774
110.691,-401.564,341.774
110.599,-401.286,341.763
110.516,-401.008,341.774
110.424,-400.729,341.785
110.332,-400.451,341.796
110.24,-400.173,341.807
110.157,-399.884,341.818
110.065,-399.606,341.818
109.982,-399.328,341.807
109.89,-399.05,341.818
109.807,-398.772,341.818
109.715,-398.494,341.829
109.622,-398.215,341.829
109.53,-397.926,341.829
109.447,-397.648,341.84
109.355,-397.37,341.84
109.263,-397.092,341.84
109.171,-396.814,341.84
109.088,-396.525,341.829
108.996,-396.246,341.84
108.913,-395.957,341.84
108.821,-395.679,341.84
108.719,-395.39,341.829
108.636,-395.101,341.818
108.544,-394.823,341.807
108.489,-394.622,341.807
108.397,-394.344,341.796
108.332,-394.144,341.807
108.24,-393.855,341.807
108.176,-393.655,341.807
108.084,-393.365,341.796
107.991,-393.076,341.785
107.936,-392.876,341.774
107.844,-392.587,341.774
107.78,-392.386,341.774
107.715,-392.186,341.785
107.623,-391.897,341.796
107.558,-391.697,341.807
107.494,-391.496,341.807
107.439,-391.296,341.807
107.374,-391.096,341.807
107.31,-390.896,341.807
107.245,-390.696,341.796
107.181,-390.495,341.807
107.116,-390.295,341.807
107.052,-390.095,341.818
106.987,-389.895,341.818
106.923,-389.694,341.818
106.858,-389.483,341.818
106.794,-389.283,341.818
106.729,-389.083,341.818
106.665,-388.882,341.818
106.6,-388.682,341.818
106.536,-388.471,341.829
106.471,-388.27,341.829
106.407,-388.07,341.84
106.342,-387.859,341.84
106.287,-387.659,341.862
106.223,-387.447,341.873
106.158,-387.247,341.884
106.094,-387.047,341.895
106.029,-386.836,341.906
105.955,-386.624,341.906
105.891,-386.424,341.917
105.826,-386.224,341.917
105.762,-386.012,341.938
105.697,-385.812,341.938
105.642,-385.601,341.96
105.578,-385.39,341.971
105.514,-385.189,341.993
105.449,-384.978,342.004
105.385,-384.778,342.004
105.311,-384.566,342.015
105.246,-384.366,342.015
105.182,-384.155,342.026
105.117,-383.954,342.048
105.053,-383.743,342.059
104.988,-383.532,342.07
104.924,-383.332,342.07
104.859,-383.12,342.081
104.795,-382.909,342.092
104.73,-382.709,342.092
104.666,-382.508,342.103
104.601,-382.308,342.114
104.537,-382.097,342.125
104.472,-381.897,342.147
104.408,-381.685,342.158
104.344,-381.474,342.18
104.27,-381.263,342.202
104.205,-381.051,342.213
104.141,-380.84,342.224
104.086,-380.629,342.235
104.003,-380.34,342.257
103.939,-380.128,342.29
103.874,-379.928,342.323
103.81,-379.717,342.345
103.755,-379.516,342.378
103.681,-379.294,342.389
103.617,-379.083,342.411
103.552,-378.871,342.444
103.488,-378.671,342.477
103.433,-378.46,342.499
103.359,-378.259,342.532
103.294,-378.048,342.554
103.23,-377.848,342.587
103.175,-377.637,342.609
103.111,-377.425,342.631
103.046,-377.214,342.664
102.991,-377.014,342.697
102.927,-376.803,342.719
102.862,-376.602,342.74
102.798,-376.391,342.762
102.733,-376.18,342.784
102.669,-375.979,342.795
102.614,-375.768,342.806
102.549,-375.568,342.817
102.485,-375.357,342.817
102.43,-375.145,342.806
102.366,-374.934,342.806
102.311,-374.734,342.795
102.246,-374.523,342.784
102.191,-374.311,342.751
102.117,-374.1,342.729
102.062,-373.9,342.697
101.998,-373.688,342.675
101.934,-373.477,342.653
101.869,-373.277,342.631
101.814,-373.077,342.609
101.75,-372.876,342.598
101.685,-372.665,342.576
101.621,-372.465,342.554
101.566,-372.254,342.543
101.492,-372.042,342.521
101.427,-371.831,342.51
101.372,-371.631,342.499
101.308,-371.419,342.488
101.243,-371.219,342.477
101.189,-371.008,342.466
101.124,-370.797,342.455
101.06,-370.596,342.444
100.995,-370.385,342.444
100.931,-370.185,342.433
100.866,-369.974,342.433
100.811,-369.773,342.422
100.747,-369.562,342.422
100.682,-369.362,342.422
100.618,-369.15,342.411
100.553,-368.939,342.411
100.489,-368.739,342.4
100.434,-368.528,342.389
100.37,-368.327,342.389
100.305,-368.116,342.389
100.241,-367.916,342.378
100.176,-367.705,342.378
100.112,-367.504,342.367
100.047,-367.293,342.356
99.992,-367.093,342.356
99.928,-366.881,342.345
99.863,-366.681,342.334
99.799,-366.47,342.323
99.734,-366.27,342.312
99.67,-366.069,342.301
99.615,-365.847,342.29
99.55,-365.647,342.279
99.486,-365.436,342.268
99.422,-365.235,342.257
99.357,-365.035,342.246
99.293,-364.824,342.224
99.228,-364.623,342.213
99.173,-364.412,342.191
99.109,-364.212,342.169
99.044,-364.012,342.147
98.98,-363.8,342.125
98.915,-363.6,342.114
98.851,-363.4,342.092
98.796,-363.189,342.081
98.731,-362.988,342.07
98.667,-362.777,342.048
98.602,-362.577,342.026
98.538,-362.377,342.004
98.473,-362.176,341.982
98.409,-361.965,341.971
98.317,-361.665,341.949
98.252,-361.464,341.927
98.188,-361.264,341.917
98.123,-361.064,341.906
98.068,-360.864,341.884
98.004,-360.664,341.862
97.939,-360.463,341.84
97.875,-360.263,341.818
97.81,-360.063,341.807
97.746,-359.852,341.796
97.681,-359.651,341.774
97.617,-359.451,341.763
97.562,-359.251,341.741
97.497,-359.051,341.73
97.432,-358.85,341.719
97.377,-358.65,341.708
97.276,-358.361,341.686
97.211,-358.161,341.675
97.156,-357.961,341.664
97.092,-357.76,341.642
97.027,-357.56,341.631
96.963,-357.36,341.609
96.898,-357.16,341.598
96.806,-356.859,341.576
96.704,-356.57,341.554
96.64,-356.37,341.543
96.575,-356.169,341.532
96.52,-355.969,341.521
96.419,-355.68,341.488
96.354,-355.48,341.477
96.262,-355.19,341.466
96.197,-354.99,341.466
96.133,-354.79,341.455
96.068,-354.59,341.455
96.004,-354.39,341.444
95.939,-354.189,341.433
95.847,-353.889,341.422
95.745,-353.6,341.411
95.681,-353.399,341.422
95.616,-353.199,341.422
95.524,-352.91,341.433
95.46,-352.71,341.433
95.395,-352.509,341.433
95.303,-352.22,341.433
95.239,-352.02,341.433
95.174,-351.82,341.433
95.109,-351.619,341.444
95.017,-351.33,341.455
94.953,-351.13,341.466
94.888,-350.93,341.466
94.824,-350.729,341.466
94.759,-350.529,341.466
94.695,-350.329,341.466
94.63,-350.129,341.466
94.528,-349.839,341.466
94.464,-349.639,341.477
94.409,-349.439,341.477
94.344,-349.239,341.488
94.243,-348.938,341.488
94.178,-348.738,341.499
94.114,-348.538,341.499
94.022,-348.249,341.499
93.957,-348.048,341.51
93.883,-347.837,341.51
93.818,-347.637,341.51
93.754,-347.436,341.521
93.689,-347.236,341.521
93.625,-347.036,341.521
93.57,-346.836,341.532
93.505,-346.636,341.532
93.441,-346.435,341.532
93.376,-346.235,341.532
93.312,-346.035,341.532
93.247,-345.835,341.532
93.183,-345.623,341.532
93.118,-345.423,341.532
93.044,-345.223,341.543
92.98,-345.022,341.543
92.915,-344.811,341.554
92.851,-344.611,341.554
92.786,-344.411,341.554
92.722,-344.21,341.554
92.657,-343.999,341.543
92.565,-343.699,341.543
92.491,-343.498,341.543
92.427,-343.298,341.554
92.362,-343.087,341.565
92.298,-342.875,341.576
92.233,-342.675,341.587
92.159,-342.464,341.587
92.095,-342.264,341.587
92.03,-342.052,341.587
91.966,-341.852,341.598
91.892,-341.641,341.609
91.827,-341.44,341.62
91.763,-341.229,341.631
91.699,-341.018,341.642
91.634,-340.817,341.642
91.57,-340.606,341.653
91.505,-340.395,341.653
91.441,-340.194,341.664
91.376,-339.983,341.664
91.302,-339.783,341.664
91.238,-339.571,341.664
91.173,-339.36,341.664
91.099,-339.149,341.664
91.035,-338.948,341.664
90.97,-338.737,341.664
90.906,-338.526,341.653
90.832,-338.314,341.642
90.768,-338.103,341.642
90.703,-337.903,341.642
90.639,-337.691,341.642
90.574,-337.48,341.642
90.5,-337.28,341.653
90.436,-337.068,341.642
90.371,-336.857,341.642
90.297,-336.646,341.642
90.233,-336.434,341.642
90.169,-336.223,341.664
90.095,-336.023,341.675
90.03,-335.811,341.686
89.966,-335.611,341.686
89.892,-335.411,341.675
89.827,-335.199,341.675
89.763,-334.999,341.686
89.698,-334.788,341.708
89.624,-334.565,341.741
89.551,-334.343,341.774
89.486,-334.131,341.785
89.412,-333.92,341.785
89.348,-333.72,341.774
89.293,-333.52,341.774
89.228,-333.308,341.763
89.164,-333.097,341.763
89.099,-332.897,341.763
89.035,-332.685,341.752
88.951,-332.474,341.763
88.887,-332.251,341.741
88.823,-332.04,341.73
88.758,-331.829,341.708
88.684,-331.617,341.708
88.629,-331.417,341.708
88.565,-331.217,341.708
88.491,-331.006,341.697
88.426,-330.805,341.697
88.362,-330.594,341.675
88.298,-330.372,341.675
88.233,-330.16,341.675
88.169,-329.949,341.675
88.104,-329.738,341.686
88.04,-329.537,341.675
87.975,-329.337,341.675
87.911,-329.126,341.664
87.846,-328.926,341.675
87.782,-328.714,341.675
87.717,-328.514,341.686
87.643,-328.303,341.697
87.579,-328.091,341.697
87.515,-327.891,341.719
87.45,-327.68,341.73
87.386,-327.479,341.741
87.312,-327.257,341.774
87.247,-327.057,341.796
87.183,-326.845,341.829
87.118,-326.634,341.84
87.054,-326.434,341.862
86.989,-326.222,341.873
86.944,-326.022,341.895
86.879,-325.822,341.927
86.815,-325.622,341.96
86.76,-325.411,341.993
86.686,-325.21,342.026
86.612,-324.999,342.059
86.548,-324.788,342.092
86.483,-324.587,342.114
86.419,-324.376,342.147
86.327,-324.087,342.191
86.262,-323.875,342.213
86.198,-323.675,342.235
86.143,-323.475,342.268
86.078,-323.275,342.301
86.013,-323.074,342.323
85.949,-322.863,342.356
85.885,-322.663,342.389
85.83,-322.463,342.411
85.765,-322.263,342.433
85.691,-322.04,342.466
85.636,-321.84,342.488
85.572,-321.629,342.521
85.507,-321.428,342.554
85.452,-321.228,342.598
85.388,-321.028,342.631
85.296,-320.728,342.686
85.231,-320.527,342.719
85.176,-320.327,342.74
85.112,-320.116,342.773
85.057,-319.905,342.795
84.992,-319.704,342.817
84.937,-319.504,342.839
84.873,-319.304,342.861
84.808,-319.093,342.872
84.753,-318.893,342.883
84.689,-318.692,342.883
84.634,-318.492,342.894
84.569,-318.281,342.894
84.514,-318.081,342.905
84.45,-317.88,342.916
84.395,-317.68,342.916
84.33,-317.48,342.916
84.275,-317.28,342.916
84.211,-317.069,342.916
84.147,-316.857,342.916
84.092,-316.657,342.916
84.027,-316.457,342.927
83.972,-316.246,342.938
83.871,-315.945,342.938
83.816,-315.745,342.938
83.751,-315.545,342.927
83.696,-315.345,342.927
83.631,-315.144,342.927
83.576,-314.944,342.938
83.521,-314.744,342.938
83.457,-314.544,342.949
83.402,-314.344,342.949
83.338,-314.132,342.949
83.273,-313.921,342.949
83.209,-313.71,342.938
83.154,-313.51,342.927
83.089,-313.309,342.916
83.034,-313.109,342.905
82.951,-312.831,342.905
82.896,-312.631,342.894
82.832,-312.431,342.883
82.777,-312.22,342.872
82.713,-312.008,342.85
82.648,-311.797,342.817
82.593,-311.597,342.795
82.529,-311.397,342.773
82.474,-311.196,342.751
82.409,-310.996,342.729
82.354,-310.796,342.708
82.29,-310.596,342.675
82.225,-310.396,342.653
82.17,-310.195,342.62
82.115,-309.984,342.609
82.051,-309.784,342.587
81.986,-309.584,342.543
81.931,-309.384,342.51
81.867,-309.183,342.466
81.812,-308.972,342.422
81.757,-308.761,342.389
81.692,-308.561,342.367
81.628,-308.36,342.356
81.573,-308.16,342.323
81.499,-307.971,342.312
81.434,-307.771,342.279
81.369,-307.57,342.257
81.305,-307.37,342.235
81.25,-307.17,342.191
81.195,-306.97,342.147
81.103,-306.681,342.092
81.038,-306.48,342.037
80.974,-306.28,342.004
80.909,-306.08,341.971
80.854,-305.869,341.938
80.79,-305.669,341.906
80.735,-305.468,341.895
80.67,-305.268,341.884
80.559,-304.99,341.862
80.467,-304.701,341.851
80.402,-304.5,341.829
80.338,-304.3,341.807
80.273,-304.1,341.796
80.228,-303.9,341.785
80.163,-303.7,341.785
80.099,-303.499,341.785
80.034,-303.299,341.785
79.942,-303.01,341.785
79.877,-302.81,341.785
79.813,-302.609,341.796
79.748,-302.409,341.807
79.693,-302.209,341.818
79.619,-302.009,341.818
79.555,-301.808,341.807
79.463,-301.519,341.807
79.398,-301.319,341.818
79.333,-301.119,341.829
79.259,-300.918,341.829
79.195,-300.718,341.84
79.103,-300.429,341.818
79.029,-300.228,341.818
78.983,-300.017,341.807
78.919,-299.795,341.796
78.854,-299.595,341.785
78.79,-299.394,341.763
78.735,-299.194,341.752
78.643,-298.905,341.697
78.578,-298.705,341.675
78.514,-298.505,341.642
78.449,-298.304,341.62
78.385,-298.104,341.598
78.32,-297.882,341.576
78.256,-297.681,341.565
78.191,-297.481,341.543
78.127,-297.281,341.521
78.062,-297.07,341.499
77.988,-296.88,341.477
77.924,-296.68,341.455
77.859,-296.469,341.444
77.795,-296.268,341.422
77.73,-296.068,341.411
77.666,-295.857,341.4
77.601,-295.657,341.389
77.527,-295.456,341.378
77.463,-295.245,341.367
77.398,-295.045,341.356
77.324,-294.833,341.356
77.26,-294.633,341.356
77.195,-294.422,341.356
77.131,-294.221,341.367
77.057,-294.01,341.356
76.992,-293.81,341.367
76.928,-293.598,341.356
76.863,-293.398,341.367
76.799,-293.198,341.378
76.725,-292.987,341.378
76.66,-292.786,341.389
76.586,-292.575,341.4
76.522,-292.375,341.411
76.457,-292.163,341.422
76.393,-291.952,341.433
76.319,-291.741,341.444
76.255,-291.54,341.444
76.19,-291.329,341.455
76.116,-291.118,341.466
76.052,-290.917,341.477
75.987,-290.717,341.499
75.913,-290.506,341.51
75.849,-290.294,341.521
75.784,-290.094,341.543
75.71,-289.883,341.543
75.646,-289.66,341.554
75.582,-289.449,341.565
75.507,-289.248,341.576
75.443,-289.037,341.587
75.379,-288.826,341.587
75.305,-288.614,341.598
75.24,-288.414,341.598
75.176,-288.203,341.609
75.111,-287.992,341.609
75.037,-287.78,341.62
74.973,-287.558,341.631
74.899,-287.357,341.631
74.835,-287.146,341.642
74.77,-286.935,341.642
74.696,-286.723,341.653
74.632,-286.512,341.653
74.558,-286.3,341.653
74.494,-286.089,341.664
74.429,-285.878,341.675
74.355,-285.655,341.686
74.291,-285.444,341.697
74.217,-285.233,341.708
74.153,-285.021,341.708
74.088,-284.799,341.719
74.014,-284.587,341.719
73.95,-284.387,341.73
73.885,-284.176,341.73
73.821,-283.964,341.741
73.747,-283.742,341.752
73.683,-283.531,341.752
73.609,-283.308,341.752
73.544,-283.097,341.752
73.48,-282.885,341.752
73.406,-282.674,341.763
73.342,-282.452,341.774
73.277,-282.24,341.796
73.203,-282.029,341.818
73.139,-281.817,341.829
73.075,-281.595,341.84
73.001,-281.384,341.862
72.946,-281.172,341.873
72.882,-280.961,341.895
72.817,-280.75,341.927
72.743,-280.538,341.949
72.679,-280.327,341.982
72.605,-280.104,342.004
72.541,-279.893,342.026
72.476,-279.682,342.048
72.402,-279.459,342.07
72.338,-279.248,342.103
72.264,-279.025,342.147
72.2,-278.814,342.191
72.126,-278.592,342.224
72.061,-278.38,342.268
71.997,-278.169,342.29
71.942,-277.969,342.323
71.878,-277.757,342.345
71.813,-277.535,342.389
71.749,-277.324,342.444
71.684,-277.112,342.499
71.601,-276.89,342.554
71.537,-276.678,342.609
71.472,-276.467,342.642
71.398,-276.245,342.675
71.334,-276.033,342.697
71.289,-275.822,342.729
71.224,-275.611,342.762
71.16,-275.388,342.806
71.096,-275.177,342.839
71.031,-274.966,342.861
70.967,-274.765,342.894
70.912,-274.554,342.927
70.847,-274.343,342.949
70.783,-274.121,342.993
70.719,-273.909,343.015
70.655,-273.676,343.048
70.59,-273.464,343.07
70.526,-273.253,343.092
70.461,-273.031,343.103
70.397,-272.819,343.114
70.314,-272.53,343.125
70.25,-272.319,343.114
70.195,-272.108,343.114
70.131,-271.896,343.103
70.057,-271.674,343.092
69.993,-271.44,343.081
69.938,-271.229,343.048
69.873,-271.018,343.015
69.809,-270.795,342.982
69.754,-270.595,342.949
69.69,-270.395,342.927
69.635,-270.184,342.894
69.57,-269.972,342.872
69.506,-269.761,342.85
69.451,-269.55,342.817
69.387,-269.338,342.773
69.322,-269.127,342.751
69.267,-268.916,342.74
69.203,-268.705,342.74
69.129,-268.493,342.751
69.065,-268.271,342.762
69,-268.059,342.773
68.936,-267.848,342.784
68.871,-267.637,342.795
68.817,-267.426,342.795
68.752,-267.214,342.806
68.697,-267.003,342.828
68.633,-266.792,342.861
68.569,-266.569,342.894
68.494,-266.369,342.916
68.43,-266.169,342.938
68.366,-265.957,342.938
68.301,-265.746,342.927
68.246,-265.535,342.905
68.182,-265.323,342.894
68.118,-265.09,342.861
68.053,-264.879,342.839
67.998,-264.667,342.795
67.934,-264.445,342.762
67.87,-264.234,342.719
67.777,-263.944,342.675
67.713,-263.733,342.642
67.649,-263.522,342.609
67.584,-263.31,342.576
67.51,-263.088,342.532
67.446,-262.877,342.499
67.382,-262.665,342.466
67.317,-262.454,342.444
67.253,-262.243,342.444
67.161,-261.953,342.422
67.096,-261.742,342.4
67.032,-261.531,342.389
66.967,-261.33,342.378
66.913,-261.108,342.389
66.858,-260.908,342.411
66.793,-260.697,342.444
66.729,-260.485,342.477
66.664,-260.274,342.499
66.59,-260.063,342.51
66.526,-259.851,342.532
66.471,-259.64,342.532
66.407,-259.429,342.532
66.342,-259.217,342.532
66.287,-259.017,342.521
66.195,-258.728,342.499
66.131,-258.528,342.466
66.076,-258.316,342.444
66.011,-258.116,342.411
65.947,-257.894,342.389
65.882,-257.694,342.356
65.818,-257.482,342.312
65.753,-257.282,342.279
65.698,-257.071,342.246
65.606,-256.782,342.169
65.542,-256.581,342.114
65.487,-256.381,342.081
65.422,-256.17,342.048
65.348,-255.958,342.026
65.294,-255.736,342.004
65.229,-255.525,341.982
65.165,-255.325,341.982
65.1,-255.113,341.971
65.036,-254.902,341.96
64.971,-254.702,341.949
64.907,-254.501,341.949
64.842,-254.301,341.938
64.778,-254.09,341.927
64.704,-253.878,341.927
64.64,-253.667,341.906
64.575,-253.467,341.895
64.501,-253.255,341.895
64.437,-253.055,341.873
64.372,-252.833,341.862
64.308,-252.621,341.851
64.243,-252.421,341.829
64.179,-252.21,341.818
64.114,-251.998,341.807
64.022,-251.709,341.785
63.967,-251.509,341.774
63.903,-251.298,341.763
63.838,-251.098,341.763
63.774,-250.886,341.752
63.691,-250.664,341.741
63.626,-250.463,341.73
63.562,-250.252,341.719
63.497,-250.052,341.708
63.433,-249.84,341.708
63.368,-249.64,341.708
63.304,-249.44,341.708
63.239,-249.229,341.708
63.175,-249.028,341.708
63.11,-248.817,341.708
63.046,-248.617,341.708
62.981,-248.405,341.719
62.917,-248.205,341.719
62.852,-247.994,341.73
62.788,-247.794,341.73
62.714,-247.593,341.741
62.649,-247.393,341.741
62.585,-247.182,341.752
62.511,-246.981,341.752
62.446,-246.781,341.741
62.382,-246.559,341.741
62.318,-246.347,341.741
62.253,-246.147,341.73
62.189,-245.936,341.73
62.124,-245.736,341.719
62.032,-245.446,341.708
61.967,-245.246,341.708
61.903,-245.035,341.697
61.838,-244.834,341.697
61.765,-244.623,341.697
61.7,-244.412,341.686
61.626,-244.2,341.675
61.562,-244,341.642
61.497,-243.8,341.609
61.442,-243.6,341.598
61.387,-243.4,341.576
61.323,-243.199,341.565
61.249,-242.988,341.554
61.184,-242.788,341.543
61.11,-242.576,341.532
61.046,-242.365,341.521
60.981,-242.153,341.532
60.917,-241.953,341.521
60.843,-241.753,341.521
60.778,-241.553,341.521
60.686,-241.275,341.521
60.621,-241.074,341.499
60.547,-240.874,341.488
60.483,-240.663,341.488
60.419,-240.44,341.488
60.354,-240.24,341.499
60.29,-240.029,341.499
60.216,-239.828,341.499
60.151,-239.628,341.488
60.068,-239.339,341.488
59.994,-239.139,341.488
59.93,-238.927,341.488
59.865,-238.727,341.488
59.801,-238.527,341.499
59.746,-238.327,341.488
59.681,-238.115,341.488
59.617,-237.915,341.488
59.552,-237.715,341.488
59.488,-237.514,341.488
59.423,-237.303,341.488
59.349,-237.103,341.488
59.285,-236.903,341.499
59.22,-236.702,341.51
59.156,-236.491,341.51
59.091,-236.291,341.51
59.027,-236.09,341.51
58.962,-235.89,341.51
58.898,-235.679,341.499
58.833,-235.479,341.51
58.769,-235.278,341.51
58.704,-235.078,341.521
58.64,-234.867,341.521
58.575,-234.667,341.532
58.511,-234.455,341.543
58.437,-234.244,341.543
58.372,-234.044,341.554
58.308,-233.832,341.554
58.244,-233.621,341.565
58.179,-233.421,341.565
58.105,-233.22,341.576
58.041,-233.009,341.587
57.976,-232.798,341.598
57.912,-232.597,341.609
57.838,-232.386,341.62
57.773,-232.175,341.62
57.709,-231.963,341.631
57.645,-231.752,341.631
57.57,-231.552,341.642
57.506,-231.34,341.653
57.432,-231.129,341.664
57.368,-230.918,341.686
57.303,-230.706,341.686
57.239,-230.506,341.697
57.174,-230.284,341.719
57.101,-230.072,341.73
57.036,-229.861,341.752
56.972,-229.649,341.763
56.898,-229.438,341.785
56.833,-229.227,341.807
56.769,-229.015,341.818
56.705,-228.804,341.84
56.64,-228.593,341.862
56.566,-228.381,341.884
56.502,-228.159,341.906
56.428,-227.947,341.927
56.364,-227.736,341.949
56.299,-227.514,341.971
56.225,-227.302,342.004
56.161,-227.091,342.026
56.096,-226.88,342.059
56.032,-226.657,342.092
55.968,-226.446,342.125
55.894,-226.234,342.158
55.82,-226.012,342.169
55.756,-225.801,342.202
55.691,-225.578,342.213
55.617,-225.367,342.235
55.553,-225.144,342.257
55.489,-224.922,342.29
55.424,-224.7,342.323
55.351,-224.488,342.345
55.286,-224.266,342.356
55.222,-224.043,342.378
55.158,-223.832,342.4
55.084,-223.62,342.411
55.019,-223.398,342.433
54.955,-223.176,342.455
54.891,-222.964,342.477
54.817,-222.742,342.499
54.753,-222.508,342.51
54.688,-222.286,342.521
54.615,-222.063,342.532
54.55,-221.841,342.532
54.486,-221.63,342.543
54.412,-221.407,342.554
54.348,-221.185,342.565
54.283,-220.962,342.576
54.219,-220.74,342.587
54.155,-220.517,342.598
54.091,-220.295,342.609
54.026,-220.073,342.62
53.952,-219.85,342.631
53.888,-219.628,342.642
53.814,-219.394,342.642
53.75,-219.172,342.642
53.686,-218.949,342.653
53.612,-218.727,342.664
53.548,-218.504,342.675
53.483,-218.282,342.686
53.419,-218.06,342.686
53.345,-217.826,342.697
53.281,-217.603,342.697
53.217,-217.381,342.697
53.143,-217.159,342.686
53.079,-216.936,342.697
53.015,-216.703,342.697
52.95,-216.48,342.708
52.877,-216.258,342.719
52.812,-216.024,342.719
52.748,-215.802,342.719
52.674,-215.579,342.708
52.61,-215.357,342.697
52.546,-215.123,342.697
52.472,-214.901,342.675
52.408,-214.678,342.675
52.334,-214.456,342.664
52.27,-214.222,342.653
52.205,-214,342.631
52.132,-213.766,342.62
52.067,-213.544,342.598
52.003,-213.322,342.576
51.929,-213.088,342.576
51.865,-212.866,342.554
51.791,-212.632,342.543
51.727,-212.41,342.532
51.653,-212.176,342.51
51.589,-211.954,342.488
51.515,-211.731,342.466
51.451,-211.509,342.444
51.377,-211.286,342.422
51.313,-211.053,342.4
51.239,-210.83,342.378
51.175,-210.608,342.356
51.101,-210.374,342.334
51.037,-210.141,342.312
50.963,-209.918,342.279
50.89,-209.684,342.246
50.825,-209.462,342.224
50.761,-209.24,342.191
50.697,-209.017,342.158
50.623,-208.795,342.136
50.559,-208.572,342.103
50.485,-208.35,342.081
50.421,-208.116,342.048
50.347,-207.883,342.026
50.273,-207.66,341.993
50.209,-207.438,341.971
50.145,-207.215,341.938
50.08,-207.004,341.906
50.006,-206.781,341.884
49.942,-206.559,341.873
49.868,-206.348,341.851
49.804,-206.125,341.84
49.73,-205.892,341.818
49.647,-205.647,341.807
49.573,-205.413,341.785
49.499,-205.191,341.763
49.435,-204.968,341.752
49.371,-204.757,341.73
49.306,-204.557,341.708
49.232,-204.345,341.697
49.168,-204.123,341.686
49.094,-203.9,341.664
49.011,-203.678,341.642
48.947,-203.433,341.631
48.873,-203.2,341.609
48.799,-202.977,341.598
48.725,-202.754,341.576
48.661,-202.543,341.565
48.587,-202.332,341.554
48.513,-202.109,341.532
48.449,-201.887,341.51
48.375,-201.664,341.488
48.301,-201.442,341.477
48.237,-201.219,341.455
48.163,-200.997,341.444
48.089,-200.774,341.433
48.025,-200.552,341.422
47.951,-200.34,341.411
47.887,-200.118,341.4
47.813,-199.896,341.389
47.739,-199.673,341.378
47.665,-199.462,341.356
47.591,-199.239,341.345
47.518,-199.017,341.334
47.453,-198.805,341.312
47.379,-198.583,341.301
47.305,-198.371,341.29
47.232,-198.138,341.279
47.158,-197.915,341.268
47.094,-197.693,341.257
47.02,-197.481,341.246
46.946,-197.259,341.235
46.872,-197.047,341.213
46.798,-196.836,341.202
46.734,-196.625,341.191
46.66,-196.402,341.18
46.586,-196.191,341.18
46.512,-195.957,341.169
46.438,-195.746,341.169
46.374,-195.523,341.158
46.3,-195.312,341.158
46.226,-195.089,341.158
46.152,-194.878,341.158
46.078,-194.666,341.158
46.014,-194.444,341.158
45.94,-194.232,341.169
45.866,-194.01,341.18
45.792,-193.787,341.18
45.728,-193.576,341.18
45.654,-193.354,341.18
45.58,-193.142,341.191
45.516,-192.92,341.191
45.442,-192.708,341.202
45.368,-192.497,341.213
45.294,-192.274,341.224
45.23,-192.063,341.246
45.156,-191.841,341.257
45.082,-191.618,341.279
45.018,-191.407,341.301
44.944,-191.184,341.334
44.87,-190.973,341.367
44.806,-190.75,341.4
44.732,-190.539,341.433
44.658,-190.316,341.466
44.593,-190.105,341.51
44.52,-189.882,341.543
44.446,-189.671,341.598
44.381,-189.449,341.642
44.307,-189.237,341.708
44.234,-189.026,341.763
44.169,-188.803,341.818
44.105,-188.592,341.862
44.041,-188.37,341.927
43.967,-188.158,341.982
43.902,-187.936,342.048
43.838,-187.724,342.103
43.764,-187.513,342.169
43.69,-187.29,342.224
43.626,-187.079,342.268
43.561,-186.857,342.312
43.497,-186.645,342.356
43.423,-186.423,342.389
43.368,-186.212,342.411
43.294,-186,342.422
43.23,-185.778,342.433
43.166,-185.566,342.433
43.101,-185.355,342.433
43.037,-185.133,342.422
42.973,-184.921,342.4
42.908,-184.71,342.378
42.844,-184.488,342.356
42.77,-184.276,342.345
42.706,-184.065,342.334
42.641,-183.854,342.312
42.577,-183.631,342.301
42.512,-183.42,342.268
42.438,-183.208,342.246
42.374,-182.986,342.235
42.31,-182.775,342.224
42.245,-182.563,342.202
42.181,-182.341,342.202
42.117,-182.13,342.191
42.052,-181.918,342.18
41.988,-181.707,342.169
41.924,-181.485,342.158
41.85,-181.273,342.147
41.785,-181.062,342.136
41.721,-180.839,342.136
41.657,-180.628,342.136
41.592,-180.417,342.125
41.518,-180.205,342.125
41.454,-179.983,342.125
41.389,-179.771,342.125
41.325,-179.56,342.114
41.261,-179.338,342.114
41.196,-179.126,342.125
41.122,-178.915,342.125
41.058,-178.704,342.125
40.984,-178.492,342.125
40.92,-178.281,342.125
40.855,-178.058,342.136
40.791,-177.847,342.147
40.727,-177.625,342.158
40.662,-177.413,342.169
40.588,-177.202,342.18
40.524,-176.98,342.191
40.46,-176.768,342.202
40.395,-176.557,342.202
40.331,-176.346,342.202
40.257,-176.134,342.202
40.192,-175.923,342.213
40.128,-175.7,342.235
40.064,-175.478,342.235
39.99,-175.267,342.235
39.926,-175.044,342.235
39.861,-174.833,342.235
39.797,-174.61,342.224
39.723,-174.41,342.224
39.658,-174.199,342.224
39.594,-173.976,342.235
39.53,-173.765,342.235
39.465,-173.554,342.246
39.401,-173.331,342.246
39.327,-173.109,342.246
39.263,-172.886,342.246
39.199,-172.675,342.246
39.134,-172.464,342.257
39.06,-172.241,342.257
38.996,-172.019,342.268
38.932,-171.807,342.268
38.858,-171.585,342.279
38.793,-171.374,342.279
38.729,-171.151,342.279
38.665,-170.94,342.279
38.6,-170.717,342.279
38.526,-170.506,342.279
38.462,-170.284,342.29
38.398,-170.061,342.29
38.333,-169.85,342.279
38.26,-169.627,342.279
38.195,-169.416,342.279
38.131,-169.194,342.268
38.057,-168.971,342.257
37.993,-168.76,342.257
37.928,-168.537,342.235
37.855,-168.315,342.213
37.79,-168.103,342.191
37.726,-167.87,342.18
37.662,-167.659,342.158
37.597,-167.436,342.147
37.524,-167.214,342.125
37.459,-167.002,342.103
37.385,-166.78,342.081
37.321,-166.557,342.048
37.247,-166.335,342.026
37.183,-166.124,341.993
37.109,-165.901,341.971
37.045,-165.679,341.96
36.971,-165.456,341.938
36.907,-165.234,341.917
36.833,-165.011,341.895
36.768,-164.789,341.873
36.704,-164.577,341.851
36.64,-164.366,341.829
36.566,-164.144,341.818
36.501,-163.921,341.807
36.428,-163.71,341.807
36.354,-163.476,341.785
36.28,-163.254,341.763
36.206,-163.031,341.741
36.142,-162.809,341.719
36.068,-162.586,341.697
36.004,-162.375,341.686
35.93,-162.163,341.675
35.856,-161.941,341.664
35.792,-161.718,341.653
35.718,-161.496,341.642
35.654,-161.262,341.631
35.58,-161.04,341.609
35.516,-160.817,341.609
35.442,-160.595,341.598
35.368,-160.372,341.587
35.294,-160.161,341.565
35.22,-159.95,341.565
35.156,-159.727,341.554
35.082,-159.516,341.543
35.008,-159.293,341.532
34.944,-159.06,341.532
34.87,-158.815,341.532
34.796,-158.593,341.532
34.723,-158.37,341.521
34.649,-158.147,341.51
34.594,-157.925,341.499
34.52,-157.725,341.488
34.446,-157.502,341.477
34.382,-157.28,341.477
34.308,-157.057,341.477
34.234,-156.835,341.466
34.16,-156.601,341.455
34.087,-156.379,341.433
34.013,-156.156,341.422
33.939,-155.934,341.411
33.865,-155.722,341.4
33.801,-155.5,341.389
33.727,-155.277,341.389
33.653,-155.055,341.389
33.579,-154.832,341.389
33.515,-154.621,341.389
33.441,-154.398,341.389
33.367,-154.176,341.4
33.293,-153.953,341.411
33.22,-153.731,341.422
33.155,-153.497,341.444
33.082,-153.275,341.455
33.008,-153.052,341.477
32.934,-152.83,341.499
32.87,-152.607,341.51
32.796,-152.396,341.521
32.722,-152.173,341.532
32.648,-151.951,341.543
32.574,-151.728,341.565
32.51,-151.506,341.576
32.436,-151.283,341.598
32.372,-151.061,341.598
32.298,-150.839,341.62
32.224,-150.616,341.631
32.16,-150.394,341.642
32.077,-150.171,341.653
32.003,-149.948,341.664
31.939,-149.726,341.675
31.865,-149.504,341.697
31.791,-149.281,341.708
31.727,-149.059,341.719
31.662,-148.836,341.73
31.589,-148.614,341.752
31.515,-148.391,341.763
31.45,-148.169,341.774
31.377,-147.946,341.774
31.303,-147.713,341.785
31.229,-147.49,341.796
31.165,-147.268,341.807
31.091,-147.045,341.829
31.017,-146.823,341.84
30.953,-146.6,341.851
30.879,-146.378,341.851
30.805,-146.155,341.851
30.741,-145.933,341.862
30.667,-145.699,341.862
30.593,-145.477,341.873
30.529,-145.254,341.884
30.455,-145.032,341.906
30.381,-144.809,341.917
30.308,-144.587,341.917
30.243,-144.364,341.917
30.17,-144.142,341.917
30.105,-143.919,341.927
30.031,-143.697,341.949
29.967,-143.463,341.971
29.893,-143.241,341.993
29.82,-143.018,342.015
29.755,-142.796,342.026
29.682,-142.573,342.037
29.608,-142.34,342.048
29.534,-142.106,342.07
29.47,-141.884,342.081
29.396,-141.661,342.092
29.332,-141.439,342.103
29.267,-141.216,342.114
29.213,-141.005,342.136
29.139,-140.783,342.147
29.074,-140.56,342.169
29.001,-140.338,342.18
28.936,-140.104,342.191
28.853,-139.859,342.191
28.78,-139.626,342.191
28.715,-139.403,342.18
28.642,-139.181,342.18
28.587,-138.959,342.18
28.513,-138.747,342.191
28.449,-138.525,342.191
28.375,-138.291,342.18
28.311,-138.069,342.18
28.227,-137.835,342.169
28.163,-137.613,342.169
28.089,-137.379,342.169
28.025,-137.157,342.18
27.951,-136.934,342.191
27.878,-136.7,342.202
27.813,-136.478,342.213
27.74,-136.244,342.224
27.675,-136.022,342.235
27.601,-135.8,342.246
27.537,-135.577,342.257
27.463,-135.355,342.268
27.399,-135.132,342.29
27.325,-134.899,342.312
27.261,-134.676,342.323
27.187,-134.443,342.323
27.114,-134.22,342.334
27.049,-133.987,342.334
26.976,-133.764,342.334
26.911,-133.542,342.334
26.838,-133.308,342.334
26.764,-133.085,342.323
26.699,-132.863,342.312
26.626,-132.629,342.29
26.561,-132.407,342.268
26.488,-132.173,342.246
26.423,-131.951,342.224
26.35,-131.729,342.202
26.276,-131.495,342.169
26.212,-131.272,342.136
26.138,-131.039,342.103
26.074,-130.816,342.07
26,-130.583,342.037
25.936,-130.36,342.015
25.862,-130.138,341.982
25.788,-129.904,341.96
25.724,-129.682,341.938
25.65,-129.459,341.906
25.576,-129.226,341.884
25.503,-129.003,341.862
25.429,-128.77,341.84
25.355,-128.536,341.818
25.281,-128.302,341.785
25.208,-128.069,341.763
25.134,-127.846,341.73
25.07,-127.624,341.719
25.015,-127.402,341.708
24.941,-127.179,341.686
24.867,-126.946,341.675
24.794,-126.723,341.664
24.71,-126.478,341.653
24.637,-126.245,341.642
24.563,-126.011,341.62
24.499,-125.789,341.609
24.425,-125.555,341.598
24.351,-125.344,341.587
24.277,-125.121,341.576
24.204,-124.899,341.576
24.13,-124.665,341.576
24.056,-124.442,341.565
23.982,-124.198,341.554
23.909,-123.964,341.532
23.835,-123.73,341.521
23.761,-123.508,341.521
23.687,-123.274,341.51
23.614,-123.052,341.51
23.54,-122.84,341.499
23.466,-122.618,341.488
23.392,-122.384,341.477
23.328,-122.162,341.466
23.254,-121.928,341.455
23.18,-121.706,341.444
23.097,-121.472,341.433
23.033,-121.25,341.422
22.959,-121.027,341.4
22.885,-120.794,341.389
22.812,-120.571,341.378
22.728,-120.337,341.367
22.655,-120.115,341.367
22.581,-119.881,341.367
22.507,-119.659,341.356
22.433,-119.425,341.356
22.359,-119.203,341.356
22.286,-118.969,341.345
22.212,-118.746,341.345
22.138,-118.513,341.356
22.064,-118.29,341.356
21.991,-118.057,341.367
21.917,-117.834,341.367
21.843,-117.601,341.378
21.769,-117.378,341.378
21.696,-117.144,341.378
21.622,-116.922,341.389
21.539,-116.688,341.4
21.465,-116.466,341.4
21.391,-116.232,341.411
21.317,-116.01,341.411
21.244,-115.776,341.411
21.17,-115.553,341.4
21.096,-115.32,341.411
21.022,-115.097,341.422
20.949,-114.864,341.433
20.875,-114.641,341.444
20.801,-114.408,341.444
20.727,-114.174,341.444
20.654,-113.951,341.455
20.58,-113.718,341.466
20.506,-113.495,341.488
20.432,-113.262,341.521
20.358,-113.039,341.554
20.285,-112.806,341.587
20.211,-112.583,341.631
20.137,-112.35,341.675
20.063,-112.127,341.719
19.999,-111.894,341.763
19.925,-111.671,341.818
19.852,-111.437,341.862
19.778,-111.204,341.906
19.704,-110.981,341.949
19.631,-110.748,341.993
19.557,-110.525,342.037
19.493,-110.292,342.092
19.419,-110.058,342.136
19.345,-109.836,342.191
19.281,-109.602,342.235
19.198,-109.368,342.268
19.105,-109.112,342.323
19.013,-108.856,342.356
18.93,-108.6,342.4
18.866,-108.356,342.444
18.792,-108.1,342.488
18.728,-107.856,342.532
18.654,-107.622,342.565
18.581,-107.388,342.609
18.517,-107.155,342.631
18.443,-106.921,342.664
18.369,-106.688,342.697
18.295,-106.454,342.719
18.231,-106.221,342.751
18.158,-105.987,342.773
18.093,-105.753,342.784
18.029,-105.542,342.806
17.955,-105.309,342.817
17.891,-105.075,342.839
17.817,-104.852,342.85
17.753,-104.608,342.861
17.679,-104.385,342.861
17.615,-104.152,342.861
17.542,-103.918,342.85
17.477,-103.685,342.828
17.394,-103.44,342.806
17.33,-103.206,342.784
17.256,-102.973,342.762
17.183,-102.739,342.729
17.119,-102.506,342.708
17.054,-102.283,342.664
16.98,-102.061,342.62
16.916,-101.838,342.587
16.843,-101.605,342.554
16.778,-101.382,342.51
16.705,-101.149,342.488
16.631,-100.893,342.455
16.557,-100.671,342.422
16.484,-100.437,342.389
16.419,-100.203,342.356
16.346,-99.97,342.312
16.272,-99.758,342.29
16.207,-99.536,342.257
16.134,-99.302,342.224
16.06,-99.08,342.191
15.996,-98.857,342.158
15.922,-98.624,342.114
15.858,-98.401,342.081
15.784,-98.168,342.048
15.71,-97.945,342.026
15.636,-97.712,341.993
15.572,-97.489,341.982
15.498,-97.256,341.949
15.425,-97.033,341.927
15.351,-96.8,341.917
15.277,-96.577,341.895
15.213,-96.355,341.873
15.139,-96.132,341.862
15.065,-95.899,341.84
14.992,-95.676,341.84
14.927,-95.443,341.829
14.854,-95.22,341.818
14.789,-94.986,341.818
14.716,-94.764,341.829
14.642,-94.53,341.818
14.558,-94.319,341.807
14.485,-94.096,341.818
14.411,-93.863,341.796
14.347,-93.64,341.796
14.273,-93.418,341.796
14.199,-93.195,341.807
14.125,-92.962,341.807
14.061,-92.739,341.818
13.987,-92.517,341.818
13.913,-92.294,341.807
13.849,-92.061,341.807
13.776,-91.816,341.807
13.711,-91.594,341.807
13.637,-91.371,341.796
13.564,-91.137,341.796
13.499,-90.926,341.796
13.426,-90.704,341.785
13.361,-90.481,341.774
13.287,-90.259,341.774
13.214,-90.036,341.763
13.14,-89.803,341.763
13.076,-89.58,341.752
13.002,-89.358,341.741
12.928,-89.124,341.73
12.864,-88.902,341.719
12.79,-88.679,341.708
12.716,-88.446,341.697
12.642,-88.223,341.664
12.569,-87.989,341.642
12.495,-87.767,341.642
12.44,-87.545,341.609
12.376,-87.322,341.587
12.312,-87.1,341.576
12.247,-86.877,341.565
12.174,-86.655,341.554
12.09,-86.421,341.543
12.016,-86.199,341.532
11.943,-85.976,341.521
11.869,-85.742,341.51
11.795,-85.52,341.488
11.721,-85.297,341.466
11.657,-85.075,341.455
11.583,-84.852,341.455
11.509,-84.63,341.455
11.436,-84.407,341.466
11.371,-84.196,341.477
11.297,-83.974,341.488
11.224,-83.751,341.499
11.159,-83.529,341.521
11.085,-83.306,341.532
11.002,-83.084,341.565
10.928,-82.85,341.587
10.855,-82.616,341.62
10.781,-82.394,341.642
10.717,-82.171,341.675
10.652,-81.96,341.697
10.578,-81.749,341.719
10.514,-81.526,341.741
10.44,-81.304,341.774
10.366,-81.081,341.807
10.293,-80.848,341.84
10.219,-80.625,341.862
10.145,-80.403,341.884
10.071,-80.18,341.917
9.997,-79.957,341.938
9.933,-79.735,341.971
9.859,-79.513,341.993
9.795,-79.279,342.026
9.721,-79.057,342.048
9.657,-78.834,342.081
9.583,-78.612,342.092
9.509,-78.389,342.114
9.435,-78.167,342.136
9.371,-77.944,342.147
9.297,-77.722,342.169
9.233,-77.488,342.18
9.159,-77.266,342.191
9.095,-77.043,342.202
9.021,-76.81,342.202
8.948,-76.587,342.202
8.883,-76.365,342.213
8.81,-76.131,342.224
8.745,-75.909,342.235
8.671,-75.686,342.246
8.598,-75.453,342.257
8.533,-75.241,342.268
8.469,-75.008,342.279
8.395,-74.785,342.29
8.331,-74.563,342.301
8.257,-74.34,342.312
8.184,-74.107,342.323
8.119,-73.873,342.334
8.046,-73.651,342.334
7.972,-73.417,342.345
7.908,-73.195,342.345
7.834,-72.972,342.356
7.77,-72.75,342.367
7.696,-72.527,342.367
7.632,-72.294,342.378
7.558,-72.071,342.389
7.494,-71.838,342.4
7.429,-71.615,342.4
7.356,-71.382,342.411
7.291,-71.159,342.422
7.217,-70.937,342.433
7.134,-70.703,342.433
7.07,-70.481,342.444
6.996,-70.258,342.444
6.932,-70.025,342.455
6.858,-69.802,342.455
6.803,-69.569,342.466
6.73,-69.335,342.466
6.666,-69.113,342.477
6.592,-68.89,342.477
6.528,-68.657,342.477
6.454,-68.434,342.466
6.38,-68.2,342.455
6.316,-67.978,342.455
6.242,-67.756,342.455
6.178,-67.522,342.455
6.104,-67.288,342.455
6.03,-67.055,342.455
5.966,-66.832,342.444
5.892,-66.599,342.433
5.819,-66.365,342.422
5.754,-66.154,342.422
5.69,-65.92,342.411
5.616,-65.698,342.411
5.542,-65.475,342.4
5.478,-65.242,342.378
5.405,-65.008,342.367
5.34,-64.775,342.345
5.267,-64.552,342.323
5.193,-64.319,342.312
5.129,-64.096,342.29
5.055,-63.863,342.279
4.991,-63.64,342.257
4.917,-63.407,342.246
4.843,-63.184,342.224
4.779,-62.951,342.202
4.705,-62.728,342.18
4.631,-62.494,342.158
4.558,-62.272,342.147
4.493,-62.038,342.125
4.42,-61.816,342.114
4.346,-61.582,342.092
4.282,-61.36,342.07
4.208,-61.126,342.059
4.134,-60.904,342.037
4.06,-60.67,342.015
3.987,-60.437,341.993
3.913,-60.214,341.971
3.849,-59.981,341.949
3.775,-59.758,341.927
3.701,-59.524,341.917
3.637,-59.291,341.906
3.563,-59.068,341.895
3.49,-58.835,341.884
3.416,-58.601,341.862
3.342,-58.379,341.84
3.278,-58.156,341.829
3.204,-57.934,341.818
3.14,-57.7,341.807
3.066,-57.478,341.807
2.992,-57.255,341.807
2.918,-57.022,341.807
2.845,-56.788,341.796
2.771,-56.566,341.796
2.707,-56.332,341.785
2.633,-56.109,341.785
2.559,-55.865,341.796
2.486,-55.642,341.818
2.412,-55.409,341.829
2.338,-55.186,341.829
2.264,-54.953,341.84
2.2,-54.73,341.84
2.126,-54.497,341.84
2.053,-54.274,341.84
1.979,-54.04,341.84
1.905,-53.818,341.862
1.831,-53.573,341.884
1.758,-53.329,341.906
1.684,-53.095,341.938
1.61,-52.861,341.982
1.537,-52.628,342.004
1.463,-52.405,342.048
1.389,-52.205,342.07
1.315,-52.005,342.081
1.241,-51.782,342.092
1.167,-51.559,342.114
1.103,-51.315,342.136
1.03,-51.07,342.169
0.956,-50.826,342.191
0.892,-50.592,342.213
0.818,-50.369,342.235
0.744,-50.147,342.257
0.67,-49.924,342.279
0.606,-49.702,342.301
0.532,-49.468,342.312
0.459,-49.246,342.345
0.394,-49.012,342.367
0.321,-48.779,342.4
0.257,-48.545,342.422
0.183,-48.312,342.444
0.119,-48.089,342.455
0.054,-47.856,342.488
-0.019,-47.622,342.51
-0.093,-47.4,342.543
-0.157,-47.166,342.565
-0.231,-46.933,342.576
-0.295,-46.71,342.598
-0.369,-46.477,342.609
-0.433,-46.243,342.631
-0.507,-46.021,342.653
-0.571,-45.787,342.675
-0.645,-45.553,342.697
-0.719,-45.32,342.719
-0.783,-45.086,342.74
-0.856,-44.864,342.762
-0.93,-44.63,342.784
-0.994,-44.408,342.795
-1.059,-44.174,342.817
-1.132,-43.952,342.828
-1.197,-43.718,342.839
-1.27,-43.485,342.839
-1.334,-43.251,342.839
-1.408,-43.029,342.839
-1.472,-42.795,342.828
-1.546,-42.562,342.828
-1.61,-42.339,342.806
-1.684,-42.094,342.795
-1.758,-41.872,342.773
-1.822,-41.638,342.751
-1.896,-41.405,342.719
-1.96,-41.171,342.686
-2.024,-40.949,342.653
-2.088,-40.715,342.609
-2.162,-40.493,342.565
-2.226,-40.259,342.521
-2.3,-40.026,342.477
-2.374,-39.803,342.433
-2.438,-39.57,342.378
-2.512,-39.336,342.323
-2.576,-39.114,342.268
-2.65,-38.88,342.224
-2.723,-38.647,342.169
-2.797,-38.413,342.125
-2.871,-38.179,342.07
-2.935,-37.957,342.015
-3.009,-37.723,341.971
-3.083,-37.501,341.927
-3.156,-37.267,341.884
-3.22,-37.034,341.84
-3.294,-36.811,341.796
-3.368,-36.578,341.741
-3.442,-36.344,341.697
-3.506,-36.111,341.653
-3.58,-35.888,341.62
-3.653,-35.654,341.576
-3.727,-35.432,341.543
-3.801,-35.209,341.51
-3.875,-34.976,341.477
-3.948,-34.742,341.433
-4.022,-34.52,341.4
-4.096,-34.286,341.356
-4.179,-34.052,341.323
-4.253,-33.83,341.301
-4.327,-33.596,341.268
-4.4,-33.374,341.246
-4.474,-33.14,341.224
-4.548,-32.918,341.224
-4.622,-32.684,341.224
-4.695,-32.461,341.224
-4.769,-32.228,341.235
-4.843,-32.005,341.246
-4.926,-31.772,341.268
-5,-31.549,341.279
-5.074,-31.315,341.301
-5.148,-31.093,341.323
-5.221,-30.859,341.334
-5.295,-30.626,341.356
-5.369,-30.403,341.378
-5.442,-30.17,341.4
-5.526,-29.947,341.422
-5.599,-29.713,341.433
-5.673,-29.48,341.455
-5.747,-29.257,341.466
-5.821,-29.024,341.488
-5.895,-28.801,341.51
-5.968,-28.568,341.532
-6.042,-28.345,341.543
-6.116,-28.123,341.554
-6.19,-27.889,341.565
-6.263,-27.666,341.576
-6.337,-27.433,341.598
-6.411,-27.199,341.609
-6.484,-26.966,341.62
-6.558,-26.732,341.642
-6.632,-26.509,341.653
-6.706,-26.276,341.664
-6.779,-26.042,341.686
-6.853,-25.82,341.719
-6.927,-25.586,341.741
-7.001,-25.353,341.763
-7.074,-25.13,341.785
-7.148,-24.896,341.807
-7.222,-24.663,341.829
-7.295,-24.429,341.851
-7.369,-24.196,341.873
-7.443,-23.973,341.895
-7.517,-23.739,341.906
-7.591,-23.517,341.938
-7.664,-23.283,341.96
-7.738,-23.05,341.982
-7.812,-22.827,342.004
-7.876,-22.583,342.037
-7.949,-22.349,342.059
-8.023,-22.115,342.092
-8.097,-21.882,342.114
-8.171,-21.648,342.147
-8.244,-21.426,342.158
-8.309,-21.203,342.191
-8.382,-20.97,342.213
-8.456,-20.736,342.235
-8.53,-20.514,342.257
-8.603,-20.269,342.279
-8.677,-20.013,342.301
-8.751,-19.78,342.323
-8.824,-19.546,342.345
-8.888,-19.312,342.356
-8.962,-19.09,342.378
-9.026,-18.856,342.4
-9.1,-18.623,342.422
-9.174,-18.4,342.444
-9.238,-18.167,342.455
-9.312,-17.922,342.477
-9.385,-17.689,342.488
-9.45,-17.455,342.499
-9.523,-17.221,342.521
-9.597,-16.988,342.532
-9.661,-16.754,342.554
-9.735,-16.521,342.565
-9.809,-16.287,342.565
-9.873,-16.054,342.576
-9.946,-15.82,342.576
-10.02,-15.586,342.565
-10.094,-15.342,342.565
-10.167,-15.108,342.554
-10.232,-14.875,342.543
-10.305,-14.641,342.532
-10.379,-14.407,342.521
-10.443,-14.185,342.499
-10.507,-13.951,342.488
-10.581,-13.718,342.466
-10.655,-13.484,342.455
-10.728,-13.24,342.433
-10.802,-12.995,342.411
-10.876,-12.761,342.4
-10.949,-12.528,342.367
-11.013,-12.294,342.345
-11.078,-12.072,342.312
-11.151,-11.838,342.29
-11.225,-11.605,342.279
-11.299,-11.371,342.246
-11.363,-11.137,342.224
-11.446,-10.893,342.202
-11.51,-10.659,342.169
-11.584,-10.426,342.147
-11.658,-10.192,342.136
-11.731,-9.958,342.114
-11.805,-9.725,342.092
-11.879,-9.491,342.081
-11.952,-9.258,342.07
-12.026,-9.024,342.059
-12.1,-8.79,342.048
-12.174,-8.557,342.048
-12.247,-8.323,342.048
-12.321,-8.09,342.048
-12.385,-7.856,342.037
-12.459,-7.622,342.026
-12.532,-7.378,342.026
-12.606,-7.144,342.026
-12.68,-6.911,342.015
-12.753,-6.677,342.026
-12.827,-6.443,342.026
-12.901,-6.21,342.026
-12.975,-5.976,342.026
-13.048,-5.743,342.026
-13.122,-5.509,342.026
-13.196,-5.275,342.026
-13.269,-5.053,342.026
-13.343,-4.819,342.026
-13.417,-4.586,342.037
-13.481,-4.352,342.037
-13.555,-4.119,342.037
-13.628,-3.885,342.048
-13.702,-3.651,342.048
-13.776,-3.429,342.048
-13.85,-3.195,342.048
-13.923,-2.962,342.059
-13.997,-2.728,342.059
-14.071,-2.494,342.059
-14.144,-2.261,342.059
-14.218,-2.027,342.07
-14.282,-1.794,342.07
-14.356,-1.56,342.07
-14.43,-1.338,342.081
-14.503,-1.104,342.081
-14.577,-0.87,342.092
-14.651,-0.637,342.103
-14.715,-0.414,342.114
-14.789,-0.181,342.136
-14.863,0.053,342.147
-14.927,0.286,342.158
-15,0.52,342.169
-15.074,0.754,342.18
-15.148,0.976,342.191
-15.222,1.21,342.202
-15.295,1.443,342.213
-15.369,1.677,342.224
-15.433,1.91,342.246
-15.507,2.144,342.257
-15.571,2.366,342.268
-15.645,2.6,342.279
-15.709,2.834,342.29
-15.783,3.056,342.301
-15.857,3.29,342.323
-15.93,3.523,342.334
-15.994,3.757,342.345
-16.068,3.979,342.356
-16.142,4.213,342.367
-16.216,4.446,342.378
-16.28,4.68,342.389
-16.354,4.902,342.4
-16.418,5.136,342.411
-16.501,5.359,342.422
-16.565,5.592,342.433
-16.639,5.815,342.444
-16.703,6.048,342.455
-16.777,6.271,342.455
-16.851,6.504,342.466
-16.915,6.738,342.477
-16.989,6.96,342.477
-17.053,7.194,342.488
-17.127,7.416,342.488
-17.191,7.639,342.499
-17.255,7.861,342.499
-17.329,8.095,342.499
-17.393,8.317,342.499
-17.467,8.54,342.499
-17.531,8.773,342.488
-17.605,8.996,342.488
-17.669,9.229,342.477
-17.743,9.452,342.477
-17.807,9.674,342.466
-17.872,9.897,342.466
-17.936,10.119,342.466
-18.01,10.341,342.455
-18.074,10.564,342.455
-18.138,10.786,342.444
-18.212,11.009,342.444
-18.276,11.231,342.433
-18.35,11.454,342.433
-18.414,11.676,342.433
-18.479,11.899,342.433
-18.553,12.121,342.433
-18.617,12.343,342.433
-18.681,12.566,342.422
-18.746,12.777,342.411
-18.819,13,342.389
-18.884,13.222,342.367
-18.958,13.434,342.345
-19.022,13.656,342.334
-19.086,13.867,342.301
-19.151,14.09,342.279
-19.215,14.312,342.246
-19.289,14.535,342.213
-19.353,14.746,342.191
-19.417,14.968,342.158
-19.482,15.18,342.136
-19.556,15.391,342.103
-19.62,15.614,342.081
-19.684,15.825,342.048
-19.749,16.036,342.015
-19.823,16.259,341.982
-19.887,16.481,341.949
-19.951,16.693,341.927
-20.025,16.904,341.895
-20.09,17.126,341.862
-20.154,17.338,341.84
-20.218,17.56,341.807
-20.292,17.772,341.774
-20.357,17.983,341.752
-20.421,18.194,341.73
-20.495,18.406,341.697
-20.559,18.628,341.675
-20.633,18.84,341.653
-20.697,19.062,341.631
-20.762,19.273,341.598
-20.836,19.485,341.576
-20.9,19.696,341.554
-20.965,19.907,341.543
-21.029,20.119,341.521
-21.103,20.33,341.499
-21.167,20.541,341.488
-21.241,20.753,341.466
-21.306,20.964,341.455
-21.38,21.176,341.444
-21.444,21.387,341.433
-21.518,21.587,341.433
-21.582,21.81,341.433
-21.647,22.021,341.444
-21.711,22.232,341.444
-21.785,22.444,341.455
-21.85,22.655,341.455
-21.924,22.867,341.455
-21.988,23.078,341.455
-22.062,23.289,341.455
-22.126,23.49,341.455
-22.191,23.701,341.466
-22.265,23.923,341.477
-22.339,24.135,341.477
-22.403,24.346,341.488
-22.477,24.569,341.488
-22.541,24.78,341.488
-22.615,24.992,341.488
-22.68,25.192,341.499
-22.754,25.403,341.499
-22.818,25.615,341.499
-22.892,25.826,341.51
-22.956,26.048,341.51
-23.03,26.26,341.521
-23.095,26.482,341.521
-23.168,26.694,341.521
-23.233,26.905,341.51
-23.307,27.128,341.51
-23.38,27.35,341.51
-23.445,27.561,341.51
-23.519,27.773,341.499
-23.583,27.995,341.499
-23.648,28.195,341.51
-23.712,28.418,341.51
-23.786,28.629,341.521
-23.85,28.841,341.521
-23.924,29.063,341.521
-23.998,29.286,341.521
-24.072,29.508,341.521
-24.136,29.72,341.521
-24.21,29.942,341.532
-24.274,30.153,341.532
-24.348,30.365,341.543
-24.413,30.587,341.543
-24.487,30.799,341.543
-24.551,31.021,341.554
-24.625,31.233,341.554
-24.699,31.455,341.554
-24.773,31.666,341.554
-24.837,31.889,341.565
-24.911,32.111,341.565
-24.985,32.323,341.565
-25.049,32.556,341.576
-25.123,32.768,341.565
-25.187,32.99,341.576
-25.261,33.213,341.576
-25.335,33.424,341.576
-25.399,33.635,341.576
-25.473,33.858,341.576
-25.547,34.069,341.587
-25.611,34.292,341.587
-25.685,34.514,341.587
-25.759,34.737,341.598
-25.823,34.97,341.598
-25.897,35.193,341.598
-25.971,35.415,341.609
-26.035,35.638,341.609
-26.109,35.849,341.609
-26.183,36.061,341.609
-26.257,36.283,341.62
-26.33,36.506,341.62
-26.395,36.728,341.631
-26.468,36.951,341.642
-26.542,37.173,341.653
-26.607,37.396,341.653
-26.68,37.618,341.653
-26.754,37.841,341.664
-26.819,38.063,341.675
-26.892,38.286,341.686
-26.957,38.508,341.697
-27.03,38.731,341.708
-27.104,38.953,341.719
-27.178,39.176,341.73
-27.242,39.398,341.741
-27.316,39.632,341.741
-27.39,39.854,341.763
-27.464,40.077,341.774
-27.528,40.299,341.785
-27.602,40.522,341.807
-27.676,40.744,341.818
-27.74,40.966,341.829
-27.814,41.189,341.84
-27.887,41.423,341.84
-27.961,41.645,341.851
-28.035,41.879,341.862
-28.109,42.101,341.873
-28.173,42.324,341.884
-28.247,42.557,341.895
-28.321,42.78,341.906
-28.394,43.013,341.917
-28.459,43.236,341.917
-28.532,43.458,341.917
-28.606,43.692,341.938
-28.67,43.914,341.949
-28.744,44.148,341.96
-28.818,44.37,341.971
-28.892,44.604,341.982
-28.956,44.838,341.982
-29.029,45.071,341.993
-29.103,45.294,341.993
-29.177,45.527,341.993
-29.241,45.75,341.993
-29.324,45.983,342.004
-29.389,46.206,342.004
-29.462,46.439,342.004
-29.536,46.662,342.015
-29.61,46.896,342.026
-29.684,47.129,342.026
-29.757,47.374,342.037
-29.821,47.607,342.037
-29.895,47.83,342.048
-29.969,48.063,342.048
-30.033,48.286,342.059
-30.107,48.519,342.07
-30.181,48.742,342.081
-30.254,48.976,342.092
-30.328,49.209,342.103
-30.411,49.454,342.114
-30.485,49.688,342.114
-30.549,49.921,342.114
-30.623,50.155,342.114
-30.696,50.388,342.136
-30.77,50.611,342.147
-30.834,50.844,342.169
-30.908,51.067,342.18
-30.982,51.3,342.18
-31.056,51.534,342.18
-31.129,51.779,342.18
-31.203,52.023,342.191
-31.276,52.268,342.202
-31.35,52.502,342.213
-31.414,52.735,342.224
-31.488,52.969,342.224
-31.562,53.191,342.224
-31.626,53.425,342.224
-31.7,53.658,342.224
-31.773,53.892,342.224
-31.856,54.137,342.235
-31.93,54.382,342.235
-32.004,54.615,342.235
-32.068,54.849,342.235
-32.141,55.093,342.235
-32.215,55.327,342.235
-32.289,55.561,342.235
-32.362,55.794,342.235
-32.427,56.028,342.246
-32.5,56.272,342.246
-32.583,56.506,342.235
-32.657,56.751,342.224
-32.721,56.984,342.213
-32.795,57.218,342.213
-32.868,57.462,342.202
-32.952,57.685,342.202
-33.025,57.919,342.191
-33.099,58.163,342.18
-33.173,58.397,342.169
-33.246,58.631,342.169
-33.32,58.864,342.158
-33.394,59.109,342.158
-33.467,59.342,342.147
-33.531,59.587,342.147
-33.605,59.821,342.158
-33.688,60.065,342.158
-33.762,60.299,342.158
-33.835,60.544,342.158
-33.909,60.777,342.169
-33.983,61.011,342.18
-34.057,61.233,342.191
-34.13,61.467,342.191
-34.204,61.701,342.202
-34.278,61.934,342.202
-34.351,62.179,342.202
-34.434,62.424,342.202
-34.508,62.68,342.213
-34.581,62.924,342.213
-34.655,63.158,342.213
-34.729,63.403,342.213
-34.784,63.625,342.202
-34.857,63.836,342.202
-34.931,64.07,342.202
-35.005,64.303,342.202
-35.079,64.537,342.202
-35.152,64.782,342.202
-35.226,65.038,342.202
-35.299,65.282,342.191
-35.373,65.516,342.191
-35.447,65.749,342.18
-35.52,65.983,342.18
-35.594,66.206,342.18
-35.668,66.439,342.169
-35.741,66.673,342.169
-35.815,66.906,342.169
-35.879,67.151,342.169
-35.953,67.385,342.169
-36.027,67.618,342.18
-36.091,67.852,342.18
-36.164,68.085,342.18
-36.248,68.33,342.18
-36.312,68.564,342.18
-36.385,68.797,342.18
-36.459,69.031,342.191
-36.533,69.264,342.191
-36.607,69.487,342.191
-36.68,69.72,342.191
-36.754,69.954,342.191
-36.818,70.188,342.191
-36.892,70.421,342.191
-36.966,70.655,342.191
-37.039,70.888,342.191
-37.113,71.122,342.191
-37.177,71.355,342.191
-37.251,71.589,342.191
-37.324,71.823,342.191
-37.398,72.056,342.191
-37.472,72.279,342.191
-37.536,72.512,342.191
-37.61,72.746,342.202
-37.684,72.98,342.191
-37.757,73.202,342.202
-37.831,73.436,342.191
-37.905,73.669,342.191
-37.969,73.903,342.18
-38.043,74.136,342.18
-38.116,74.359,342.18
-38.19,74.592,342.18
-38.264,74.826,342.169
-38.328,75.06,342.169
-38.392,75.293,342.169
-38.466,75.527,342.169
-38.54,75.749,342.158
-38.613,75.983,342.158
-38.678,76.216,342.158
-38.751,76.45,342.158
-38.825,76.684,342.147
-38.899,76.906,342.147
-38.972,77.14,342.136
-39.037,77.373,342.136
-39.11,77.607,342.147
-39.174,77.84,342.147
-39.248,78.074,342.147
-39.322,78.296,342.136
-39.396,78.53,342.136
-39.469,78.764,342.125
-39.543,78.997,342.125
-39.617,79.231,342.125
-39.681,79.453,342.136
-39.755,79.687,342.136
-39.838,79.92,342.136
-39.912,80.154,342.125
-39.985,80.388,342.125
-40.059,80.621,342.136
-40.133,80.855,342.136
-40.206,81.089,342.147
-40.28,81.311,342.147
-40.354,81.545,342.147
-40.418,81.778,342.147
-40.492,82.012,342.147
-40.566,82.234,342.147
-40.639,82.468,342.136
-40.713,82.701,342.136
-40.787,82.935,342.136
-40.851,83.157,342.136
-40.925,83.402,342.136
-40.998,83.636,342.136
-41.072,83.869,342.136
-41.146,84.103,342.125
-41.219,84.337,342.136
-41.293,84.559,342.136
-41.357,84.793,342.147
-41.431,85.026,342.147
-41.505,85.249,342.158
-41.579,85.482,342.158
-41.652,85.727,342.158
-41.726,85.961,342.158
-41.799,86.194,342.169
-41.873,86.428,342.169
-41.947,86.661,342.18
-42.011,86.884,342.191
-42.085,87.117,342.191
-42.159,87.34,342.191
-42.232,87.574,342.202
-42.306,87.807,342.202
-42.38,88.041,342.213
-42.444,88.285,342.224
-42.517,88.519,342.224
-42.591,88.753,342.224
-42.665,88.986,342.224
-42.729,89.209,342.235
-42.803,89.442,342.246
-42.877,89.676,342.257
-42.95,89.909,342.257
-43.015,90.132,342.268
-43.088,90.376,342.279
-43.162,90.61,342.279
-43.235,90.844,342.29
-43.309,91.077,342.301
-43.373,91.311,342.312
-43.447,91.544,342.323
-43.521,91.778,342.334
-43.585,92.011,342.345
-43.659,92.245,342.356
-43.732,92.479,342.356
-43.806,92.712,342.367
-43.87,92.946,342.367
-43.944,93.168,342.378
-44.018,93.402,342.389
-44.091,93.636,342.4
-44.165,93.88,342.4
-44.239,94.114,342.4
-44.303,94.347,342.4
-44.376,94.581,342.411
-44.45,94.815,342.411
-44.514,95.037,342.422
-44.588,95.271,342.433
-44.662,95.504,342.433
-44.736,95.738,342.444
-44.8,95.971,342.444
-44.873,96.205,342.444
-44.947,96.438,342.444
-45.011,96.672,342.444
-45.085,96.906,342.444
-45.159,97.139,342.455
-45.223,97.373,342.455
-45.296,97.606,342.455
-45.37,97.84,342.455
-45.444,98.073,342.466
-45.508,98.307,342.466
-45.591,98.541,342.477
-45.665,98.774,342.477
-45.739,99.008,342.477
-45.803,99.241,342.488
-45.877,99.475,342.499
-45.95,99.709,342.499
-46.015,99.931,342.51
-46.088,100.165,342.51
-46.162,100.398,342.51
-46.226,100.632,342.51
-46.3,100.876,342.499
-46.373,101.121,342.499
-46.447,101.355,342.499
-46.521,101.588,342.499
-46.585,101.822,342.499
-46.649,102.044,342.499
-46.713,102.267,342.499
-46.787,102.5,342.488
-46.851,102.734,342.488
-46.925,102.967,342.499
-47.008,103.212,342.499
-47.072,103.446,342.51
-47.146,103.679,342.51
-47.22,103.913,342.521
-47.293,104.146,342.521
-47.348,104.369,342.521
-47.422,104.602,342.521
-47.495,104.825,342.532
-47.56,105.058,342.543
-47.633,105.292,342.554
-47.707,105.526,342.554
-47.781,105.77,342.565
-47.854,106.004,342.565
-47.918,106.237,342.576
-47.992,106.471,342.576
-48.056,106.693,342.587
-48.13,106.927,342.587
-48.204,107.161,342.587
-48.268,107.383,342.587
-48.342,107.617,342.587
-48.406,107.861,342.576
-48.48,108.084,342.576
-48.553,108.317,342.565
-48.618,108.551,342.554
-48.691,108.784,342.532
-48.765,109.018,342.521
-48.829,109.251,342.499
-48.903,109.485,342.477
-48.976,109.719,342.466
-49.041,109.941,342.444
-49.105,110.175,342.433
-49.179,110.397,342.411
-49.252,110.631,342.389
-49.317,110.864,342.378
-49.39,111.087,342.356
-49.464,111.32,342.334
-49.538,111.565,342.312
-49.602,111.787,342.301
-49.676,112.021,342.279
-49.749,112.255,342.257
-49.814,112.477,342.246
-49.887,112.711,342.224
-49.951,112.944,342.202
-50.025,113.167,342.191
-50.099,113.4,342.18
-50.173,113.634,342.158
-50.247,113.856,342.136
-50.32,114.09,342.114
-50.384,114.324,342.092
-50.458,114.546,342.081
-50.532,114.78,342.059
-50.606,115.013,342.048
-50.67,115.236,342.037
-50.744,115.469,342.026
-50.817,115.692,342.015
-50.882,115.925,342.004
-50.955,116.148,341.993
-51.029,116.381,341.982
-51.103,116.604,341.971
-51.167,116.826,341.96
-51.241,117.06,341.96
-51.315,117.294,341.949
-51.388,117.516,341.949
-51.462,117.75,341.938
-51.536,117.972,341.938
-51.6,118.206,341.938
-51.674,118.428,341.938
-51.738,118.662,341.938
-51.812,118.884,341.938
-51.886,119.107,341.938
-51.959,119.34,341.927
-52.033,119.563,341.927
-52.097,119.785,341.927
-52.171,120.019,341.927
-52.245,120.241,341.938
-52.309,120.475,341.938
-52.383,120.697,341.938
-52.457,120.92,341.927
-52.53,121.154,341.927
-52.595,121.376,341.927
-52.668,121.61,341.927
-52.742,121.832,341.927
-52.816,122.055,341.938
-52.88,122.277,341.938
-52.954,122.511,341.938
-53.028,122.733,341.927
-53.092,122.956,341.927
-53.166,123.178,341.938
-53.23,123.401,341.938
-53.304,123.623,341.938
-53.378,123.857,341.938
-53.452,124.079,341.938
-53.516,124.302,341.938
-53.59,124.524,341.938
-53.663,124.747,341.927
-53.737,124.969,341.927
-53.802,125.192,341.927
-53.875,125.414,341.927
-53.94,125.636,341.927
-54.013,125.859,341.927
-54.078,126.081,341.927
-54.142,126.304,341.927
-54.216,126.515,341.927
-54.28,126.738,341.917
-54.354,126.96,341.917
-54.428,127.194,341.906
-54.492,127.416,341.906
-54.566,127.628,341.895
-54.63,127.85,341.895
-54.704,128.073,341.884
-54.768,128.295,341.873
-54.833,128.506,341.873
-54.907,128.729,341.873
-54.971,128.951,341.862
-55.035,129.163,341.851
-55.109,129.374,341.84
-55.174,129.585,341.829
-55.238,129.797,341.829
-55.312,130.008,341.829
-55.376,130.231,341.829
-55.45,130.453,341.829
-55.514,130.687,341.829
-55.588,130.898,341.829
-55.653,131.109,341.829
-55.726,131.332,341.829
-55.791,131.532,341.829
-55.855,131.743,341.84
-55.92,131.955,341.84
-55.984,132.166,341.851
-56.058,132.378,341.862
-56.122,132.6,341.862
-56.187,132.811,341.862
-56.251,133.023,341.873
-56.316,133.234,341.873
-56.39,133.434,341.884
-56.463,133.657,341.884
-56.528,133.868,341.895
-56.592,134.079,341.895
-56.657,134.28,341.895
-56.721,134.491,341.895
-56.786,134.702,341.906
-56.85,134.903,341.906
-56.915,135.114,341.917
-56.979,135.325,341.927
-57.044,135.526,341.938
-57.117,135.737,341.938
-57.182,135.948,341.949
-57.246,136.16,341.96
-57.311,136.36,341.971
-57.375,136.571,341.982
-57.43,136.771,342.004
-57.495,136.983,342.026
-57.559,137.183,342.059
-57.624,137.383,342.092
-57.688,137.594,342.125
-57.762,137.795,342.158
-57.827,138.006,342.191
-57.882,138.206,342.235
-57.946,138.407,342.29
-58.011,138.607,342.345
-58.075,138.818,342.411
-58.13,139.029,342.477
-58.194,139.23,342.543
-58.259,139.441,342.609
-58.323,139.641,342.675
-58.406,139.93,342.806
-58.47,140.131,342.905
-58.525,140.331,343.004
-58.59,140.531,343.114
-58.645,140.731,343.235
-58.709,140.942,343.356
-58.764,141.143,343.488
-58.819,141.343,343.597
-58.884,141.543,343.729
-58.939,141.743,343.861
-59.003,141.954,343.993
-59.058,142.155,344.125
-59.113,142.366,344.246
-59.168,142.566,344.377
-59.223,142.766,344.498
-59.287,143.044,344.696
-59.342,143.244,344.828
-59.387,143.444,344.96
-59.442,143.644,345.103
-59.497,143.844,345.245
-59.552,144.056,345.388
-59.598,144.256,345.531
-59.68,144.545,345.74
-59.726,144.745,345.894
-59.771,144.945,346.047
-59.826,145.145,346.201
-59.872,145.345,346.366
-59.917,145.545,346.531
-59.963,145.745,346.696
-60.026,146.034,346.937
-60.09,146.323,347.179
-60.135,146.523,347.344
-60.208,146.823,347.596
-60.244,147.034,347.772
-60.289,147.234,347.948
-60.325,147.434,348.124
-60.389,147.723,348.376
-60.443,148.012,348.629
-60.497,148.301,348.893
-60.533,148.501,349.058
-60.569,148.7,349.233
-60.605,148.9,349.409
-60.641,149.1,349.585
-60.677,149.3,349.75
-60.721,149.589,349.991
-60.775,149.867,350.233
-60.802,150.066,350.387
-60.846,150.355,350.629
-60.891,150.644,350.87
-60.926,150.866,351.035
-60.962,151.066,351.189
-60.989,151.266,351.343
-61.033,151.554,351.584
-61.068,151.821,351.815
-61.103,152.11,352.046
-61.138,152.398,352.277
-61.173,152.687,352.518
-61.208,152.975,352.749
-61.243,153.264,353.002
-61.278,153.553,353.265
-61.295,153.752,353.452
-61.33,154.041,353.738
-61.355,154.329,354.034
-61.39,154.607,354.331
-61.416,154.895,354.617
-61.432,155.184,354.913
-61.457,155.461,355.21
-61.483,155.75,355.507
-61.499,156.027,355.781
-61.514,156.315,356.045
-61.53,156.604,356.309
-61.546,156.881,356.561
-61.562,157.169,356.814
-61.578,157.469,357.056
-61.584,157.746,357.286
-61.6,158.035,357.495
-61.607,158.323,357.682
-61.613,158.589,357.847
-61.62,158.866,358.011
-61.626,159.143,358.165
-61.633,159.443,358.297
-61.639,159.742,358.429
-61.645,160.03,358.539
-61.652,160.297,358.649
-61.658,160.585,358.726
-61.665,160.862,358.813
-61.661,161.15,358.912
-61.658,161.427,359.022
-61.665,161.704,359.121
-61.662,161.982,359.198
-61.659,162.27,359.253
-61.665,162.558,359.308
-61.662,162.835,359.363
-61.659,163.123,359.418
-61.665,163.412,359.462
-61.662,163.689,359.473
-61.668,163.977,359.462
-61.675,164.221,359.462
-61.672,164.487,359.44
-61.669,164.753,359.418
-61.656,165.052,359.363
-61.654,165.263,359.341
-61.651,165.562,359.308
-61.648,165.839,359.286
-61.645,166.094,359.264
-61.642,166.371,359.231
-61.639,166.648,359.187
-61.655,166.926,359.132
-61.652,167.192,359.077
-61.658,167.469,359.011
-61.655,167.746,358.956
-61.662,168.034,358.89
-61.659,168.311,358.813
-61.665,168.588,358.715
-61.662,168.866,358.616
-61.669,169.143,358.506
-61.675,169.42,358.385
-61.682,169.686,358.286
-61.688,169.963,358.187
-61.685,170.24,358.066
-61.701,170.529,357.924
-61.707,170.806,357.781
-61.714,171.083,357.627
-61.72,171.36,357.495
-61.727,171.66,357.374
-61.733,171.948,357.264
-61.749,172.225,357.144
-61.755,172.503,357.023
-61.762,172.78,356.902
-61.778,173.057,356.781
-61.794,173.357,356.66
-61.81,173.656,356.528
-61.816,173.944,356.385
-61.832,174.233,356.232
-61.838,174.521,356.089
-61.854,174.809,355.946
-61.87,175.098,355.792
-61.896,175.298,355.693
-61.912,175.586,355.507
-61.929,175.786,355.397
-61.945,176.074,355.21
-61.951,176.373,355.045
-61.967,176.673,354.891
-61.984,176.873,354.792
-62,177.161,354.639
-62.026,177.372,354.54
-62.043,177.572,354.43
-62.06,177.771,354.331
-62.076,177.982,354.221
-62.093,178.182,354.122
-62.12,178.382,354.012
-62.137,178.582,353.914
-62.153,178.781,353.815
-62.17,178.992,353.716
-62.187,179.192,353.617
-62.204,179.414,353.518
-62.221,179.613,353.43
-62.247,179.824,353.342
-62.264,180.035,353.243
-62.29,180.246,353.167
-62.325,180.546,353.046
-62.342,180.745,352.969
-62.368,180.956,352.892
-62.394,181.167,352.815
-62.42,181.389,352.738
-62.437,181.6,352.661
-62.463,181.822,352.584
-62.489,182.033,352.529
-62.516,182.244,352.474
-62.542,182.455,352.43
-62.578,182.655,352.386
-62.604,182.877,352.343
-62.63,183.088,352.299
-62.657,183.298,352.255
-62.673,183.509,352.222
-62.69,183.72,352.189
-62.726,183.931,352.167
-62.752,184.153,352.145
-62.778,184.364,352.123
-62.804,184.586,352.09
-62.84,184.808,352.068
-62.866,185.019,352.046
-62.893,185.241,352.013
-62.919,185.463,351.98
-62.945,185.685,351.947
-62.971,185.896,351.925
-62.997,186.118,351.892
-63.033,186.34,351.859
-63.059,186.562,351.826
-63.086,186.762,351.793
-63.112,186.984,351.749
-63.148,187.195,351.705
-63.174,187.417,351.661
-63.2,187.639,351.617
-63.236,187.861,351.573
-63.262,188.072,351.519
-63.288,188.294,351.464
-63.324,188.516,351.398
-63.35,188.738,351.332
-63.376,188.96,351.266
-63.402,189.182,351.2
-63.428,189.404,351.145
-63.464,189.626,351.079
-63.49,189.848,351.013
-63.526,190.081,350.947
-63.561,190.303,350.881
-63.587,190.525,350.815
-63.623,190.747,350.739
-63.659,190.969,350.684
-63.685,191.18,350.618
-63.721,191.402,350.563
-63.747,191.624,350.497
-63.783,191.847,350.431
-63.818,192.069,350.376
-63.863,192.302,350.31
-63.899,192.524,350.255
-63.925,192.746,350.2
-63.961,192.968,350.145
-63.997,193.19,350.101
-64.032,193.412,350.046
-64.068,193.634,350.002
-64.104,193.857,349.958
-64.139,194.079,349.904
-64.175,194.301,349.849
-64.22,194.523,349.805
-64.256,194.745,349.75
-64.292,194.967,349.695
-64.327,195.189,349.651
-64.373,195.411,349.596
-64.399,195.633,349.53
-64.434,195.856,349.475
-64.48,196.078,349.42
-64.515,196.289,349.354
-64.551,196.511,349.277
-64.596,196.744,349.211
-64.641,196.966,349.135
-64.677,197.188,349.058
-64.713,197.411,348.981
-64.758,197.633,348.904
-64.794,197.844,348.838
-64.83,198.066,348.761
-64.875,198.288,348.695
-64.92,198.499,348.618
-64.956,198.721,348.552
-65.001,198.955,348.475
-65.046,199.177,348.409
-65.082,199.388,348.333
-65.127,199.61,348.267
-65.172,199.832,348.201
-65.218,200.054,348.135
-65.263,200.277,348.058
-65.298,200.499,347.992
-65.344,200.721,347.926
-65.389,200.943,347.849
-65.434,201.165,347.783
-65.479,201.388,347.717
-65.525,201.61,347.651
-65.57,201.832,347.574
-65.615,202.054,347.509
-65.67,202.276,347.432
-65.715,202.499,347.366
-65.77,202.721,347.289
-65.815,202.943,347.212
-65.86,203.165,347.135
-65.915,203.388,347.058
-65.96,203.599,346.992
-66.005,203.821,346.915
-66.06,204.043,346.849
-66.105,204.266,346.783
-66.16,204.488,346.718
-66.205,204.721,346.663
-66.251,204.943,346.608
-66.305,205.166,346.553
-66.35,205.388,346.509
-66.405,205.61,346.465
-66.45,205.832,346.432
-66.505,206.055,346.388
-66.55,206.277,346.344
-66.605,206.488,346.311
-66.66,206.71,346.267
-66.705,206.933,346.223
-66.76,207.155,346.19
-66.815,207.377,346.146
-66.86,207.599,346.113
-66.915,207.822,346.069
-66.969,208.044,346.025
-67.015,208.266,345.981
-67.069,208.489,345.948
-67.124,208.711,345.916
-67.179,208.933,345.883
-67.234,209.156,345.85
-67.279,209.378,345.817
-67.334,209.6,345.784
-67.388,209.822,345.751
-67.443,210.034,345.718
-67.498,210.256,345.696
-67.553,210.478,345.674
-67.608,210.7,345.641
-67.653,210.923,345.619
-67.708,211.145,345.597
-67.762,211.367,345.575
-67.817,211.59,345.553
-67.872,211.812,345.542
-67.927,212.034,345.531
-67.981,212.257,345.531
-68.036,212.479,345.52
-68.091,212.701,345.52
-68.146,212.923,345.509
-68.2,213.146,345.509
-68.245,213.368,345.509
-68.3,213.579,345.498
-68.355,213.802,345.498
-68.41,214.024,345.509
-68.465,214.246,345.509
-68.519,214.468,345.509
-68.574,214.691,345.52
-68.629,214.913,345.531
-68.684,215.135,345.542
-68.738,215.358,345.553
-68.793,215.58,345.586
-68.848,215.802,345.608
-68.903,216.025,345.641
-68.957,216.247,345.663
-69.012,216.469,345.685
-69.057,216.68,345.718
-69.112,216.903,345.74
-69.157,217.125,345.773
-69.212,217.347,345.795
-69.267,217.57,345.828
-69.331,217.803,345.839
-69.386,218.025,345.85
-69.441,218.248,345.861
-69.495,218.47,345.872
-69.55,218.692,345.883
-69.605,218.915,345.883
-69.66,219.137,345.894
-69.705,219.348,345.894
-69.76,219.57,345.894
-69.814,219.793,345.883
-69.869,220.026,345.872
-69.924,220.248,345.872
-69.979,220.471,345.872
-70.033,220.693,345.872
-70.088,220.915,345.872
-70.143,221.138,345.872
-70.188,221.36,345.861
-70.243,221.582,345.85
-70.297,221.815,345.828
-70.352,222.038,345.806
-70.407,222.26,345.784
-70.462,222.482,345.773
-70.516,222.705,345.751
-70.571,222.927,345.718
-70.626,223.149,345.696
-70.681,223.372,345.663
-70.735,223.594,345.63
-70.79,223.816,345.597
-70.845,224.039,345.564
-70.9,224.261,345.542
-70.954,224.483,345.509
-71.009,224.705,345.476
-71.064,224.928,345.443
-71.119,225.15,345.41
-71.173,225.372,345.377
-71.219,225.606,345.344
-71.283,225.828,345.311
-71.338,226.05,345.289
-71.392,226.273,345.256
-71.447,226.495,345.234
-71.502,226.717,345.201
-71.557,226.94,345.179
-71.611,227.162,345.146
-71.666,227.384,345.125
-71.721,227.607,345.103
-71.785,227.829,345.081
-71.84,228.051,345.059
-71.895,228.274,345.026
-71.949,228.496,345.004
-72.014,228.718,344.982
-72.059,228.941,344.96
-72.123,229.163,344.938
-72.178,229.385,344.927
-72.233,229.608,344.905
-72.287,229.83,344.883
-72.352,230.052,344.861
-72.406,230.275,344.828
-72.471,230.497,344.806
-72.525,230.719,344.784
-72.58,230.942,344.762
-72.635,231.153,344.751
-72.69,231.375,344.729
-72.754,231.598,344.696
-72.809,231.82,344.674
-72.864,232.042,344.652
-72.928,232.265,344.63
-72.983,232.487,344.608
-73.047,232.709,344.597
-73.102,232.932,344.575
-73.156,233.154,344.564
-73.221,233.376,344.542
-73.275,233.599,344.52
-73.33,233.81,344.498
-73.395,234.032,344.487
-73.449,234.255,344.465
-73.514,234.466,344.443
-73.578,234.688,344.421
-73.633,234.911,344.399
-73.688,235.133,344.377
-73.752,235.344,344.355
-73.807,235.578,344.344
-73.871,235.8,344.333
-73.926,236.022,344.312
-73.99,236.234,344.301
-74.045,236.456,344.29
-74.109,236.667,344.268
-74.164,236.89,344.257
-74.228,237.112,344.246
-74.283,237.334,344.246
-74.347,237.546,344.246
-74.402,237.768,344.246
-74.466,237.991,344.257
-74.521,238.213,344.268
-74.586,238.424,344.279
-74.64,238.646,344.29
-74.695,238.869,344.312
-74.759,239.091,344.323
-74.814,239.313,344.355
-74.878,239.536,344.377
-74.933,239.758,344.399
-74.997,239.981,344.421
-75.052,240.203,344.443
-75.116,240.425,344.465
-75.171,240.648,344.476
-75.235,240.87,344.498
-75.29,241.081,344.52
-75.345,241.304,344.542
-75.4,241.515,344.564
-75.464,241.737,344.586
-75.519,241.96,344.608
-75.583,242.193,344.619
-75.638,242.415,344.641
-75.702,242.638,344.663
-75.757,242.86,344.685
-75.812,243.082,344.707
-75.876,243.305,344.74
-75.931,243.527,344.762
-75.995,243.75,344.784
-76.05,243.972,344.806
-76.105,244.194,344.828
-76.169,244.405,344.85
-76.224,244.628,344.872
-76.278,244.85,344.894
-76.333,245.072,344.916
-76.397,245.295,344.949
-76.452,245.517,344.982
-76.507,245.751,345.004
-76.562,245.973,345.037
-76.626,246.195,345.07
-76.681,246.418,345.092
-76.745,246.64,345.125
-76.8,246.862,345.146
-76.854,247.085,345.179
-76.909,247.307,345.201
-76.973,247.529,345.234
-77.019,247.763,345.278
-77.083,247.985,345.311
-77.138,248.207,345.344
-77.192,248.441,345.377
-77.247,248.663,345.41
-77.302,248.885,345.443
-77.356,249.108,345.476
-77.411,249.33,345.52
-77.466,249.552,345.564
-77.521,249.775,345.608
-77.575,250.008,345.641
-77.63,250.23,345.685
-77.685,250.453,345.718
-77.74,250.675,345.762
-77.794,250.908,345.795
-77.849,251.12,345.839
-77.904,251.353,345.883
-77.958,251.575,345.927
-78.013,251.798,345.97
-78.068,252.02,346.014
-78.123,252.242,346.047
-78.168,252.475,346.091
-78.223,252.698,346.124
-78.277,252.92,346.168
-78.332,253.142,346.201
-78.387,253.365,346.234
-78.442,253.587,346.267
-78.496,253.809,346.3
-78.542,254.032,346.333
-78.596,254.265,346.355
-78.651,254.487,346.388
-78.696,254.721,346.421
-78.751,254.943,346.443
-78.805,255.176,346.476
-78.851,255.398,346.509
-78.905,255.61,346.531
-78.951,255.832,346.553
-79.005,256.054,346.575
-79.06,256.276,346.608
-79.105,256.499,346.641
-79.16,256.732,346.663
-79.215,256.965,346.696
-79.26,257.188,346.718
-79.315,257.41,346.74
-79.369,257.643,346.75
-79.405,257.854,346.772
-79.46,258.077,346.794
-79.505,258.299,346.816
-79.56,258.521,346.838
-79.605,258.754,346.86
-79.66,258.977,346.871
-79.714,259.199,346.882
-79.76,259.421,346.893
-79.814,259.655,346.904
-79.859,259.877,346.926
-79.914,260.11,346.948
-79.959,260.333,346.97
-80.005,260.555,346.992
-80.059,260.777,347.003
-80.104,261.01,347.025
-80.159,261.222,347.036
-80.204,261.444,347.058
-80.259,261.677,347.08
-80.304,261.899,347.102
-80.359,262.122,347.124
-80.404,262.355,347.135
-80.449,262.577,347.157
-80.504,262.799,347.168
-80.549,263.033,347.179
-80.594,263.255,347.19
-80.649,263.477,347.201
-80.704,263.7,347.223
-80.749,263.922,347.234
-80.794,264.144,347.256
-80.849,264.377,347.267
-80.894,264.611,347.278
-80.939,264.844,347.3
-80.994,265.066,347.311
-81.039,265.288,347.322
-81.084,265.522,347.344
-81.139,265.744,347.355
-81.184,265.955,347.366
-81.23,266.177,347.377
-81.284,266.4,347.388
-81.329,266.633,347.399
-81.374,266.866,347.41
-81.429,267.1,347.421
-81.474,267.322,347.421
-81.519,267.555,347.421
-81.565,267.777,347.421
-81.61,268,347.421
-81.655,268.222,347.421
-81.71,268.444,347.421
-81.755,268.666,347.41
-81.8,268.9,347.399
-81.855,269.133,347.388
-81.9,269.355,347.366
-81.955,269.589,347.333
-82,269.811,347.311
-82.045,270.044,347.289
-82.09,270.255,347.267
-82.145,270.489,347.245
-82.19,270.711,347.223
-82.245,270.933,347.19
-82.29,271.166,347.168
-82.335,271.389,347.146
-82.39,271.622,347.113
-82.435,271.844,347.091
-82.49,272.078,347.069
-82.535,272.3,347.047
-82.59,272.533,347.025
-82.644,272.755,347.014
-82.689,272.989,346.992
-82.744,273.222,346.97
-82.789,273.444,346.937
-82.844,273.667,346.926
-82.889,273.9,346.904
-82.944,274.122,346.882
-82.989,274.356,346.871
-83.044,274.578,346.849
-83.089,274.811,346.838
-83.134,275.044,346.816
-83.189,275.267,346.805
-83.234,275.5,346.783
-83.288,275.722,346.772
-83.343,275.967,346.75
-83.398,276.189,346.729
-83.452,276.423,346.718
-83.498,276.645,346.707
-83.552,276.878,346.685
-83.607,277.112,346.674
-83.652,277.334,346.663
-83.707,277.556,346.652
-83.752,277.789,346.641
-83.807,278.012,346.619
-83.861,278.245,346.597
-83.906,278.478,346.575
-83.961,278.701,346.564
-84.016,278.934,346.553
-84.07,279.156,346.542
-84.125,279.39,346.531
-84.17,279.623,346.52
-84.225,279.856,346.498
-84.28,280.079,346.487
-84.334,280.312,346.476
-84.379,280.534,346.465
-84.434,280.768,346.465
-84.479,281.001,346.454
-84.534,281.223,346.454
-84.588,281.457,346.443
-84.643,281.679,346.432
-84.688,281.912,346.421
-84.743,282.146,346.41
-84.798,282.368,346.41
-84.852,282.601,346.41
-84.897,282.835,346.421
-84.952,283.057,346.432
-85.007,283.29,346.432
-85.062,283.513,346.443
-85.116,283.746,346.443
-85.161,283.979,346.454
-85.216,284.213,346.465
-85.271,284.446,346.476
-85.325,284.668,346.487
-85.37,284.902,346.498
-85.425,285.124,346.509
-85.48,285.357,346.52
-85.525,285.591,346.531
-85.579,285.824,346.542
-85.634,286.046,346.553
-85.689,286.28,346.553
-85.744,286.513,346.564
-85.798,286.747,346.564
-85.853,286.969,346.575
-85.898,287.202,346.586
-85.952,287.447,346.608
-85.998,287.669,346.619
-86.052,287.902,346.63
-86.107,288.136,346.641
-86.162,288.369,346.652
-86.216,288.603,346.652
-86.261,288.825,346.663
-86.316,289.058,346.674
-86.371,289.291,346.685
-86.425,289.525,346.696
-86.47,289.758,346.707
-86.525,289.992,346.718
-86.58,290.225,346.718
-86.634,290.447,346.729
-86.68,290.681,346.74
-86.734,290.925,346.74
-86.789,291.158,346.75
-86.843,291.392,346.772
-86.888,291.625,346.783
-86.943,291.859,346.794
-86.998,292.081,346.805
-87.052,292.314,346.816
-87.107,292.548,346.827
-87.152,292.781,346.838
-87.207,293.014,346.849
-87.261,293.248,346.871
-87.316,293.481,346.882
-87.361,293.714,346.893
-87.416,293.948,346.904
-87.47,294.181,346.904
-87.525,294.426,346.926
-87.57,294.659,346.926
-87.625,294.892,346.948
-87.679,295.126,346.959
-87.724,295.37,346.97
-87.779,295.592,346.992
-87.824,295.826,347.003
-87.879,296.059,347.014
-87.933,296.292,347.036
-87.978,296.526,347.047
-88.033,296.77,347.058
-88.087,297.004,347.069
-88.142,297.237,347.091
-88.187,297.47,347.102
-88.242,297.715,347.113
-88.287,297.948,347.124
-88.341,298.181,347.135
-88.387,298.415,347.135
-88.441,298.648,347.146
-88.486,298.881,347.157
-88.541,299.115,347.157
-88.595,299.359,347.157
-88.64,299.593,347.168
-88.695,299.826,347.179
-88.75,300.059,347.19
-88.795,300.293,347.201
-88.849,300.526,347.201
-88.895,300.759,347.212
-88.949,301.004,347.212
-89.004,301.237,347.223
-89.049,301.482,347.245
-89.103,301.715,347.256
-89.158,301.948,347.267
-89.203,302.193,347.278
-89.258,302.426,347.289
-89.303,302.648,347.3
-89.348,302.882,347.311
-89.402,303.115,347.322
-89.448,303.348,347.344
-89.502,303.593,347.355
-89.557,303.837,347.366
-89.602,304.082,347.377
-89.656,304.315,347.388
-89.701,304.548,347.388
-89.756,304.793,347.399
-89.801,305.015,347.41
-89.855,305.259,347.421
-89.901,305.493,347.443
-89.955,305.726,347.454
-90,305.959,347.454
-90.055,306.204,347.465
-90.1,306.437,347.465
-90.155,306.671,347.465
-90.2,306.915,347.465
-90.245,307.148,347.465
-90.299,307.382,347.454
-90.354,307.615,347.443
-90.399,307.848,347.432
-90.444,308.093,347.421
-90.499,308.326,347.399
-90.553,308.571,347.388
-90.598,308.815,347.366
-90.653,309.048,347.333
-90.707,309.293,347.3
-90.752,309.526,347.267
-90.797,309.759,347.234
-90.852,309.982,347.19
-90.897,310.226,347.146
-90.952,310.46,347.102
-91.006,310.693,347.058
-91.051,310.937,347.003
-91.106,311.171,346.959
-91.16,311.415,346.904
-91.215,311.649,346.86
-91.26,311.882,346.816
-91.315,312.115,346.772
-91.369,312.36,346.729
-91.424,312.593,346.685
-91.479,312.826,346.652
-91.524,313.06,346.608
-91.588,313.304,346.575
-91.642,313.538,346.531
-91.687,313.771,346.498
-91.742,314.004,346.476
-91.797,314.238,346.454
-91.851,314.493,346.432
-91.906,314.727,346.41
-91.96,314.96,346.399
-92.015,315.205,346.377
-92.069,315.438,346.377
-92.124,315.66,346.366
-92.179,315.894,346.355
-92.233,316.127,346.344
-92.288,316.372,346.333
-92.343,316.605,346.333
-92.397,316.849,346.333
-92.452,317.083,346.322
-92.506,317.327,346.322
-92.561,317.561,346.311
-92.615,317.794,346.311
-92.67,318.039,346.311
-92.725,318.261,346.311
-92.779,318.505,346.322
-92.834,318.739,346.344
-92.888,318.972,346.366
-92.943,319.217,346.388
-92.998,319.45,346.421
-93.052,319.683,346.454
-93.107,319.928,346.487
-93.161,320.161,346.531
-93.206,320.395,346.575
-93.261,320.628,346.619
-93.316,320.861,346.674
-93.37,321.106,346.718
-93.425,321.339,346.761
-93.479,321.584,346.816
-93.534,321.817,346.86
-93.588,322.062,346.904
-93.634,322.295,346.948
-93.688,322.528,346.992
-93.733,322.773,347.047
-93.788,323.006,347.08
-93.842,323.239,347.113
-93.887,323.484,347.146
-93.942,323.717,347.179
-93.997,323.962,347.201
-94.051,324.195,347.223
-94.096,324.428,347.245
-94.151,324.673,347.267
-94.205,324.906,347.278
-94.241,325.151,347.289
-94.295,325.384,347.311
-94.34,325.628,347.322
-94.395,325.862,347.344
-94.44,326.106,347.355
-94.504,326.34,347.366
-94.559,326.584,347.377
-94.604,326.817,347.388
-94.658,327.062,347.399
-94.713,327.295,347.399
-94.758,327.528,347.41
-94.813,327.773,347.421
-94.867,328.006,347.432
-94.912,328.251,347.432
-94.967,328.484,347.432
-95.012,328.729,347.432
-95.066,328.973,347.443
-95.121,329.217,347.443
-95.166,329.451,347.454
-95.22,329.695,347.454
-95.265,329.94,347.454
-95.329,330.173,347.454
-95.374,330.417,347.443
-95.429,330.651,347.443
-95.484,330.895,347.443
-95.519,331.129,347.432
-95.574,331.362,347.432
-95.619,331.606,347.421
-95.673,331.84,347.41
-95.728,332.084,347.399
-95.782,332.34,347.377
-95.846,332.584,347.355
-95.891,332.829,347.344
-95.946,333.073,347.322
-96,333.318,347.311
-96.036,333.54,347.289
-96.091,333.773,347.267
-96.136,334.006,347.245
-96.19,334.251,347.223
-96.245,334.495,347.212
-96.299,334.74,347.201
-96.354,334.995,347.19
-96.408,335.24,347.168
-96.463,335.473,347.157
-96.517,335.718,347.146
-96.562,335.962,347.135
-96.617,336.196,347.113
-96.671,336.44,347.102
-96.716,336.684,347.091
-96.771,336.918,347.08
-96.825,337.162,347.069
-96.88,337.407,347.058
-96.925,337.651,347.047
-96.98,337.884,347.036
-97.034,338.129,347.025
-97.098,338.385,347.014
-97.143,338.629,347.003
-97.197,338.873,346.992
-97.252,339.118,346.981
-97.306,339.362,346.97
-97.361,339.596,346.959
-97.416,339.829,346.948
-97.47,340.074,346.937
-97.525,340.318,346.915
-97.57,340.551,346.904
-97.624,340.807,346.893
-97.679,341.063,346.882
-97.733,341.307,346.871
-97.788,341.552,346.86
-97.842,341.796,346.849
-97.897,342.041,346.827
-97.951,342.274,346.816
-98.006,342.518,346.805
-98.06,342.763,346.783
-98.115,343.007,346.772
-98.179,343.263,346.761
-98.233,343.507,346.75
-98.288,343.752,346.729
-98.342,343.996,346.718
-98.397,344.241,346.696
-98.451,344.474,346.685
-98.506,344.719,346.674
-98.56,344.963,346.652
-98.615,345.208,346.641
-98.669,345.452,346.63
-98.724,345.708,346.619
-98.788,345.963,346.597
-98.842,346.208,346.586
-98.897,346.452,346.564
-98.951,346.697,346.553
-99.015,346.941,346.531
-99.07,347.186,346.52
-99.124,347.43,346.509
-99.179,347.675,346.487
-99.233,347.919,346.476
-99.297,348.164,346.465
-99.352,348.42,346.454
-99.406,348.675,346.432
-99.46,348.92,346.421
-99.525,349.164,346.399
-99.579,349.409,346.388
-99.634,349.653,346.366
-99.688,349.898,346.366
-99.743,350.142,346.355
-99.807,350.387,346.344
-99.861,350.642,346.333
-99.925,350.887,346.322
-99.979,351.142,346.311
-100.043,351.387,346.311
-100.098,351.631,346.311
-100.152,351.876,346.311
-100.216,352.132,346.322
-100.271,352.376,346.333
-100.335,352.621,346.344
-100.389,352.876,346.355
-100.453,353.121,346.366
-100.508,353.365,346.388
-100.562,353.61,346.41
-100.626,353.865,346.432
-100.681,354.11,346.443
-100.735,354.365,346.465
-100.79,354.61,346.487
-100.854,354.866,346.498
-100.908,355.11,346.52
-100.963,355.355,346.542
-101.036,355.61,346.564
-101.09,355.855,346.575
-101.145,356.099,346.597
-101.199,356.355,346.608
-101.263,356.599,346.619
-101.318,356.855,346.641
-101.372,357.11,346.652
-101.427,357.355,346.674
-101.491,357.611,346.685
-101.545,357.855,346.696
-101.6,358.1,346.707
-101.654,358.344,346.718
-101.709,358.6,346.729
-101.763,358.844,346.75
-101.827,359.1,346.761
-101.881,359.355,346.772
-101.945,359.611,346.783
-102,359.855,346.805
-102.054,360.111,346.816
-102.108,360.367,346.827
-102.173,360.611,346.849
-102.227,360.856,346.86
-102.281,361.111,346.882
-102.336,361.356,346.893
-102.39,361.611,346.915
-102.454,361.867,346.926
-102.509,362.123,346.948
-102.563,362.367,346.97
-102.617,362.623,346.981
-102.672,362.878,346.992
-102.736,363.123,347.003
-102.79,363.378,347.014
-102.845,363.623,347.025
-102.899,363.878,347.047
-102.954,364.123,347.058
-103.018,364.378,347.069
-103.072,364.634,347.069
-103.126,364.89,347.08
-103.181,365.134,347.091
-103.235,365.39,347.091
-103.299,365.645,347.102
-103.354,365.89,347.113
-103.408,366.145,347.113
-103.462,366.401,347.124
-103.517,366.656,347.124
-103.571,366.901,347.124
-103.626,367.156,347.124
-103.68,367.401,347.124
-103.735,367.657,347.124
-103.789,367.912,347.124
-103.853,368.157,347.113
-103.907,368.412,347.102
-103.962,368.657,347.102
-104.016,368.912,347.091
-104.071,369.168,347.08
-104.135,369.423,347.069
-104.189,369.679,347.058
-104.253,369.935,347.036
-104.307,370.179,347.025
-104.362,370.435,347.014
-104.416,370.679,347.003
-104.471,370.935,347.003
-104.525,371.19,346.981
-104.58,371.435,346.97
-104.634,371.69,346.959
-104.688,371.946,346.937
-104.743,372.19,346.926
-104.807,372.446,346.915
-104.861,372.702,346.904
-104.916,372.946,346.882
-104.97,373.202,346.86
-105.024,373.457,346.849
-105.079,373.702,346.827
-105.143,373.957,346.805
-105.197,374.213,346.783
-105.261,374.458,346.761
-105.316,374.702,346.74
-105.37,374.958,346.707
-105.434,375.213,346.685
-105.489,375.458,346.641
-105.552,375.713,346.608
-105.607,375.969,346.575
-105.661,376.225,346.542
-105.725,376.469,346.498
-105.78,376.725,346.465
-105.834,376.98,346.432
-105.888,377.225,346.388
-105.943,377.48,346.355
-106.007,377.725,346.322
-106.061,377.98,346.289
-106.125,378.225,346.245
-106.189,378.47,346.212
-106.244,378.725,346.168
-106.308,378.97,346.124
-106.362,379.225,346.091
-106.426,379.47,346.058
-106.48,379.737,346.014
-106.545,379.981,345.97
-106.599,380.237,345.927
-106.663,380.481,345.883
-106.717,380.726,345.85
-106.781,380.981,345.806
-106.845,381.226,345.773
-106.9,381.482,345.729
-106.964,381.726,345.696
-107.028,381.982,345.652
-107.082,382.237,345.619
-107.146,382.482,345.586
-107.21,382.738,345.553
-107.265,382.982,345.52
-107.338,383.238,345.476
-107.393,383.482,345.443
-107.456,383.738,345.41
-107.52,383.983,345.377
-107.584,384.238,345.333
-107.648,384.483,345.3
-107.712,384.727,345.267
-107.776,384.972,345.234
-107.831,385.228,345.201
-107.895,385.472,345.168
-107.959,385.728,345.135
-108.023,385.972,345.103
-108.087,386.228,345.07
-108.151,386.473,345.037
-108.215,386.728,345.004
-108.279,386.973,344.96
-108.343,387.217,344.927
-108.407,387.473,344.894
-108.471,387.718,344.85
-108.535,387.962,344.817
-108.608,388.218,344.784
-108.672,388.463,344.751
-108.736,388.718,344.707
-108.8,388.963,344.674
-108.864,389.207,344.641
-108.928,389.463,344.608
-108.992,389.708,344.564
-109.056,389.952,344.531
-109.13,390.197,344.498
-109.194,390.453,344.454
-109.258,390.697,344.41
-109.331,390.942,344.377
-109.395,391.187,344.333
-109.459,391.442,344.29
-109.533,391.687,344.246
-109.597,391.943,344.202
-109.67,392.187,344.158
-109.734,392.432,344.114
-109.808,392.688,344.059
-109.872,392.932,344.026
-109.936,393.177,343.982
-110.009,393.421,343.938
-110.073,393.666,343.905
-110.137,393.922,343.85
-110.211,394.166,343.806
-110.275,394.411,343.762
-110.348,394.667,343.718
-110.422,394.911,343.674
-110.486,395.156,343.63
-110.56,395.401,343.586
-110.624,395.645,343.542
-110.697,395.89,343.488
-110.761,396.146,343.444
-110.835,396.39,343.4
-110.908,396.635,343.356
-110.982,396.88,343.312
-111.055,397.124,343.268
-111.129,397.369,343.213
-111.203,397.614,343.169
-111.267,397.858,343.125
-111.34,398.103,343.081
-111.414,398.359,343.037
-111.487,398.603,342.993
-111.561,398.848,342.949
-111.634,399.093,342.894
-111.698,399.326,342.85
-111.772,399.571,342.806
-111.846,399.816,342.762
-111.919,400.06,342.719
-111.993,400.305,342.675
-112.066,400.55,342.631
-112.14,400.794,342.587
-112.213,401.039,342.532
-112.297,401.284,342.488
-112.37,401.529,342.444
-112.444,401.773,342.4
-112.517,402.018,342.367
-112.591,402.263,342.323
-112.664,402.507,342.268
-112.738,402.752,342.224
-112.812,402.997,342.18
-112.895,403.23,342.136
-112.968,403.475,342.092
-113.042,403.72,342.048
-113.115,403.965,342.015
-113.189,404.209,341.96
-113.272,404.443,341.917
-113.346,404.688,341.873
-113.419,404.932,341.829
-113.502,405.177,341.796
-113.576,405.411,341.752
-113.659,405.656,341.708
-113.733,405.889,341.664
-113.807,406.134,341.62
-113.89,406.379,341.587
-113.963,406.623,341.543
-114.046,406.857,341.51
-114.12,407.102,341.466
-114.203,407.346,341.433
-114.277,407.58,341.389
-114.36,407.825,341.345
-114.434,408.058,341.312
-114.517,408.303,341.29
-114.59,408.537,341.268
-114.673,408.782,341.246
-114.757,409.026,341.235
-114.83,409.26,341.235
-114.913,409.505,341.235
-114.997,409.739,341.246
-115.07,409.983,341.257
-115.153,410.228,341.279
-115.236,410.462,341.312
-115.31,410.706,341.345
-115.393,410.94,341.367
-115.476,411.185,341.389
-115.55,411.419,341.433
-115.624,411.652,341.466
-115.707,411.897,341.51
-115.781,412.131,341.554
-115.854,412.375,341.598
-115.937,412.62,341.642
-116.011,412.865,341.686
-116.084,413.098,341.73
-116.168,413.343,341.774
-116.241,413.577,341.829
-116.315,413.81,341.873
-116.398,414.055,341.917
-116.472,414.289,341.96
-116.545,414.533,341.993
-116.619,414.767,342.026
-116.702,415.012,342.059
-116.776,415.256,342.103
-116.849,415.49,342.136
-116.923,415.735,342.169
-116.997,415.968,342.191
-117.07,416.202,342.224
-117.144,416.447,342.246
-117.218,416.68,342.257
-117.291,416.925,342.279
-117.365,417.159,342.301
-117.448,417.403,342.312
-117.522,417.637,342.323
-117.595,417.882,342.334
-117.669,418.115,342.334
-117.742,418.36,342.345
-117.816,418.594,342.345
-117.89,418.838,342.345
-117.963,419.072,342.356
-118.037,419.305,342.356
-118.111,419.55,342.345
-118.175,419.784,342.334
-118.248,420.028,342.334
-118.322,420.262,342.323
-118.396,420.496,342.312
-118.469,420.74,342.301
-118.543,420.974,342.279
-118.617,421.207,342.268
-118.69,421.441,342.246
-118.764,421.675,342.235
-118.838,421.919,342.224
-118.911,422.153,342.213
-118.985,422.387,342.191
-119.049,422.62,342.18
-119.123,422.854,342.158
-119.196,423.098,342.136
-119.28,423.332,342.125
-119.353,423.566,342.114
-119.427,423.799,342.103
-119.491,424.033,342.092
-119.565,424.266,342.081
-119.629,424.5,342.07
-119.703,424.745,342.059
-119.776,424.978,342.059
-119.85,425.212,342.07
-119.924,425.445,342.081
-120.007,425.679,342.092
-120.081,425.913,342.103
-120.154,426.146,342.114
-120.228,426.38,342.125
-120.302,426.613,342.136
-120.366,426.847,342.158
-120.44,427.081,342.18
-120.513,427.314,342.202
-120.587,427.537,342.224
-120.661,427.77,342.246
-120.734,428.015,342.257
-120.808,428.249,342.279
-120.882,428.482,342.29
-120.955,428.716,342.312
-121.02,428.949,342.323
-121.103,429.183,342.334
-121.167,429.417,342.345
-121.241,429.65,342.367
-121.314,429.884,342.378
-121.388,430.117,342.389
-121.462,430.351,342.411
-121.535,430.585,342.422
-121.6,430.818,342.433
-121.673,431.052,342.433
-121.747,431.285,342.433
-121.821,431.508,342.444
-121.894,431.741,342.444
-121.959,431.975,342.444
-122.032,432.208,342.455
-122.106,432.442,342.455
-122.18,432.687,342.444
-122.253,432.92,342.444
-122.317,433.154,342.433
-122.391,433.387,342.422
-122.465,433.621,342.422
-122.538,433.855,342.422
-122.612,434.077,342.411
-122.686,434.311,342.4
-122.76,434.544,342.389
-122.824,434.778,342.378
-122.898,435.012,342.378
-122.971,435.245,342.367
-123.045,435.479,342.367
-123.109,435.712,342.367
-123.183,435.946,342.367
-123.256,436.179,342.367
-123.33,436.413,342.378
-123.404,436.647,342.378
-123.468,436.88,342.389
-123.542,437.114,342.389
-123.615,437.347,342.389
-123.689,437.57,342.4
-123.763,437.803,342.411
-123.837,438.037,342.411
-123.901,438.271,342.422
-123.974,438.504,342.433
-124.048,438.738,342.444
-124.112,438.971,342.455
-124.186,439.205,342.466
-124.26,439.438,342.477
-124.333,439.672,342.488
-124.398,439.895,342.488
-124.471,440.128,342.499
-124.545,440.362,342.51
-124.609,440.595,342.521
-124.683,440.829,342.532
-124.757,441.062,342.532
-124.821,441.296,342.532
-124.894,441.53,342.543
-124.968,441.752,342.543
-125.042,441.986,342.543
-125.106,442.219,342.543
-125.18,442.453,342.554
-125.253,442.686,342.554
-125.318,442.909,342.554
-125.391,443.142,342.554
-125.456,443.376,342.554
-125.529,443.609,342.554
-125.603,443.843,342.565
-125.667,444.077,342.565
-125.75,444.299,342.565
-125.815,444.533,342.565
-125.888,444.766,342.565
-125.962,445,342.554
-126.026,445.233,342.554
-126.1,445.456,342.543
-126.164,445.689,342.543
-126.238,445.912,342.543
-126.302,446.145,342.532
-126.376,446.379,342.532
-126.449,446.613,342.532
-126.514,446.835,342.521
-126.587,447.069,342.521
-126.652,447.302,342.51
-126.725,447.536,342.499
-126.799,447.769,342.488
-126.873,447.992,342.477
-126.937,448.225,342.477
-127.011,448.459,342.466
-127.084,448.682,342.466
-127.149,448.904,342.466
-127.213,449.137,342.466
-127.287,449.371,342.466
-127.351,449.593,342.466
-127.425,449.827,342.466
-127.498,450.061,342.466
-127.572,450.294,342.466
-127.636,450.528,342.477
-127.71,450.761,342.477
-127.784,450.984,342.488
-127.848,451.206,342.488
-127.912,451.44,342.488
-127.986,451.662,342.477
-128.059,451.896,342.477
-128.124,452.118,342.477
-128.197,452.352,342.477
-128.271,452.586,342.477
-128.335,452.808,342.477
-128.409,453.042,342.466
-128.483,453.264,342.466
-128.547,453.498,342.455
-128.611,453.72,342.455
-128.685,453.954,342.455
-128.759,454.176,342.455
-128.823,454.41,342.444
-128.887,454.632,342.444
-128.961,454.866,342.433
-129.025,455.088,342.433
-129.099,455.322,342.422
-129.163,455.544,342.411
-129.237,455.778,342.4
-129.311,456,342.4
-129.384,456.234,342.389
-129.449,456.456,342.378
-129.522,456.69,342.367
-129.587,456.912,342.356
-129.651,457.135,342.345
-129.725,457.368,342.345
-129.789,457.591,342.334
-129.863,457.813,342.334
-129.936,458.047,342.312
-130.01,458.269,342.301
-130.075,458.492,342.29
-130.148,458.725,342.279
-130.222,458.948,342.279
-130.286,459.181,342.268
-130.36,459.415,342.268
-130.434,459.638,342.268
-130.498,459.871,342.257
-130.572,460.094,342.257
-130.636,460.316,342.246
-130.71,460.538,342.246
-130.774,460.772,342.257
-130.848,460.994,342.257
-130.921,461.228,342.257
-130.995,461.451,342.257
-131.069,461.684,342.246
-131.133,461.907,342.235
-131.207,462.14,342.224
-131.271,462.363,342.224
-131.354,462.596,342.224
-131.419,462.819,342.213
-131.492,463.052,342.213
-131.566,463.275,342.202
-131.63,463.508,342.191
-131.704,463.731,342.18
-131.768,463.964,342.18
-131.842,464.187,342.169
-131.916,464.421,342.169
-131.99,464.654,342.158
-132.054,464.877,342.158
-132.127,465.11,342.158
-132.201,465.344,342.147
-132.265,465.566,342.147
-132.339,465.8,342.136
-132.413,466.022,342.136
-132.487,466.256,342.136
-132.56,466.49,342.136
-132.634,466.712,342.125
-132.698,466.946,342.125
-132.772,467.179,342.125
-132.846,467.413,342.125
-132.919,467.635,342.125
-132.984,467.869,342.125
-133.057,468.102,342.125
-133.131,468.325,342.125
-133.205,468.558,342.125
-133.269,468.781,342.125
-133.343,469.015,342.136
-133.417,469.237,342.147
-133.49,469.482,342.158
-133.554,469.715,342.169
-133.628,469.938,342.18
-133.702,470.171,342.18
-133.776,470.405,342.191
-133.84,470.627,342.202
-133.914,470.85,342.213
-133.987,471.083,342.235
-134.052,471.306,342.246
-134.125,471.539,342.257
-134.189,471.773,342.279
-134.263,471.996,342.29
-134.337,472.229,342.312
-134.401,472.452,342.334
-134.475,472.685,342.345
-134.549,472.908,342.367
-134.622,473.141,342.389
-134.687,473.375,342.4
-134.76,473.597,342.411
-134.825,473.831,342.433
-134.898,474.053,342.455
-134.963,474.276,342.466
-135.036,474.498,342.488
-135.101,474.732,342.51
-135.174,474.954,342.521
-135.239,475.188,342.543
-135.303,475.41,342.565
-135.377,475.633,342.576
-135.441,475.866,342.598
-135.515,476.089,342.609
-135.588,476.311,342.62
-135.653,476.534,342.62
-135.717,476.767,342.62
-135.791,476.99,342.609
-135.855,477.212,342.598
-135.919,477.446,342.587
-135.993,477.668,342.565
-136.057,477.891,342.554
-136.121,478.124,342.521
-136.195,478.347,342.499
-136.269,478.569,342.466
-136.333,478.791,342.433
-136.398,479.014,342.4
-136.471,479.236,342.367
-136.536,479.459,342.334
-136.609,479.681,342.29
-136.683,479.915,342.246
-136.747,480.137,342.191
-136.821,480.36,342.136
-136.886,480.582,342.081
-136.95,480.805,342.015
-137.024,481.027,341.949
-137.097,481.25,341.884
-137.162,481.472,341.796
-137.236,481.695,341.697
-137.3,481.917,341.598
-137.374,482.14,341.499
-137.447,482.362,341.389
-137.512,482.585,341.268
-137.586,482.807,341.158
-137.659,483.03,341.038
-137.733,483.252,340.917
-137.807,483.464,340.796
-137.881,483.686,340.664
-137.955,483.909,340.532
-138.029,484.131,340.411
-138.102,484.343,340.28
-138.176,484.565,340.159
-138.25,484.788,340.027
-138.334,484.999,339.906
-138.407,485.222,339.785
-138.481,485.444,339.664
-138.565,485.656,339.543
-138.638,485.878,339.423
-138.722,486.09,339.313
-138.796,486.312,339.203
-138.879,486.524,339.093
-138.963,486.735,338.983
-139.036,486.958,338.884
-139.12,487.169,338.774
-139.194,487.392,338.676
-139.277,487.604,338.577
-139.361,487.815,338.467
-139.444,488.038,338.368
-139.527,488.249,338.269
-139.611,488.461,338.159
-139.694,488.683,338.06
-139.778,488.895,337.961
-139.861,489.106,337.863
-139.945,489.318,337.764
-140.019,489.541,337.665
-140.102,489.752,337.566
-140.195,489.964,337.478
-140.278,490.175,337.379
-140.362,490.398,337.291
-140.445,490.598,337.203
-140.529,490.81,337.126
-140.622,491.022,337.05
-140.705,491.233,336.973
-140.798,491.445,336.896
-140.882,491.667,336.819
-140.965,491.879,336.742
-141.058,492.091,336.665
-141.142,492.291,336.577
-141.235,492.503,336.5
-141.318,492.714,336.412
-141.411,492.926,336.324
-141.504,493.126,336.226
-141.588,493.338,336.116
-141.681,493.55,335.995
-141.774,493.761,335.874
-141.857,493.984,335.753
-141.95,494.195,335.621
-142.043,494.407,335.479
-142.136,494.619,335.336
-142.229,494.819,335.182
-142.322,495.031,335.028
-142.415,495.232,334.863
-142.508,495.443,334.698
-142.601,495.655,334.523
-142.704,495.867,334.347
-142.797,496.067,334.16
-142.89,496.279,333.984
-142.993,496.479,333.787
-143.086,496.691,333.589
-143.188,496.892,333.391
-143.281,497.092,333.193
-143.384,497.304,332.985
-143.487,497.505,332.776
-143.589,497.705,332.556
-143.692,497.917,332.347
-143.794,498.118,332.117
-143.897,498.319,331.886
-144,498.53,331.666
-144.102,498.731,331.436
-144.215,498.921,331.205
-144.317,499.121,330.985
-144.42,499.322,330.743
-144.532,499.523,330.513
-144.644,499.724,330.282
-144.756,499.924,330.04
-144.859,500.114,329.799
-144.971,500.315,329.557
-145.084,500.504,329.326
-145.196,500.705,329.084
-145.308,500.906,328.854
-145.42,501.107,328.623
-145.533,501.296,328.381
-145.654,501.497,328.151
-145.767,501.687,327.92
-145.879,501.866,327.689
-146.001,502.055,327.469
-146.123,502.245,327.239
-146.235,502.435,327.019
-146.357,502.625,326.799
-146.479,502.825,326.58
-146.6,503.026,326.36
-146.722,503.205,326.14
-146.844,503.395,325.942
-146.966,503.585,325.745
-147.088,503.763,325.547
-147.21,503.942,325.36
-147.332,504.132,325.184
-147.454,504.311,325.02
-147.585,504.5,324.866
-147.707,504.69,324.734
-147.838,504.88,324.613
-147.96,505.07,324.514
-148.092,505.249,324.437
-148.223,505.439,324.36
-148.335,505.606,324.294
-148.467,505.785,324.24
-148.589,505.964,324.207
-148.72,506.143,324.174
-148.852,506.321,324.163
-148.983,506.522,324.163
-149.105,506.701,324.174
-149.237,506.88,324.196
-149.368,507.07,324.229
-149.49,507.248,324.283
-149.612,507.427,324.338
-149.743,507.606,324.415
-149.865,507.785,324.503
-149.987,507.963,324.602
-150.119,508.142,324.723
-150.241,508.332,324.844
-150.372,508.511,324.965
-150.494,508.701,325.107
-150.616,508.879,325.239
-150.738,509.058,325.382
-150.86,509.237,325.525
-150.982,509.427,325.668
-151.104,509.605,325.822
-151.226,509.784,325.964
-151.347,509.974,326.118
-151.469,510.152,326.261
-151.591,510.342,326.404
-151.704,510.521,326.536
-151.826,510.711,326.678
-151.947,510.889,326.799
-152.06,511.079,326.92
-152.182,511.258,327.041
-152.294,511.436,327.14
-152.416,511.626,327.239
-152.528,511.816,327.338
-152.641,511.994,327.426
-152.763,512.184,327.513
-152.875,512.363,327.59
-152.987,512.553,327.678
-153.1,512.742,327.755
-153.222,512.921,327.832
-153.334,513.1,327.92
-153.446,513.289,327.997
-153.559,513.468,328.085
-153.671,513.658,328.173
-153.783,513.847,328.271
-153.896,514.037,328.381
-154.008,514.216,328.513
-154.12,514.405,328.656
-154.223,514.584,328.81
-154.336,514.762,328.975
-154.448,514.952,329.15
-154.551,515.131,329.359
-154.663,515.32,329.579
-154.766,515.51,329.821
-154.888,515.711,330.073
-155,515.9,330.326
-155.103,516.09,330.601
-155.206,516.28,330.864
-155.308,516.469,331.106
-155.402,516.648,331.348
-155.523,516.915,331.732
-155.626,517.104,331.985
-155.719,517.294,332.26
-155.812,517.483,332.512
-155.934,517.695,332.743
-156.046,517.885,332.963
-156.149,518.075,333.16
-156.242,518.275,333.325
-156.335,518.465,333.49
-156.466,518.732,333.71
-156.559,518.922,333.853
-156.652,519.111,333.984
-156.736,519.301,334.105
-156.829,519.49,334.237
-156.913,519.69,334.358
-157.006,519.88,334.479
-157.09,520.069,334.6
-157.183,520.259,334.72
-157.276,520.448,334.841
-157.36,520.638,334.962
-157.453,520.838,335.072
-157.537,521.028,335.193
-157.62,521.217,335.314
-157.713,521.418,335.435
-157.797,521.607,335.566
-157.881,521.796,335.709
-157.964,521.997,335.852
-158.048,522.186,336.006
-158.132,522.375,336.149
-158.215,522.576,336.302
-158.299,522.765,336.456
-158.383,522.966,336.621
-158.466,523.155,336.786
-158.55,523.356,336.951
-158.624,523.556,337.126
-158.708,523.756,337.302
-158.791,523.957,337.478
-158.865,524.146,337.654
-158.94,524.335,337.83
-159.023,524.536,338.016
-159.097,524.725,338.203
-159.171,524.926,338.401
-159.245,525.126,338.61
-159.329,525.337,338.818
-159.413,525.538,339.027
-159.487,525.738,339.225
-159.561,525.939,339.434
-159.635,526.139,339.631
-159.709,526.328,339.84
-159.783,526.529,340.027
-159.857,526.729,340.214
-159.921,526.929,340.389
-159.996,527.129,340.543
-160.079,527.33,340.697
-160.153,527.53,340.829
-160.218,527.742,340.939
-160.292,527.942,341.049
-160.356,528.142,341.147
-160.43,528.343,341.224
-160.495,528.543,341.29
-160.559,528.743,341.334
-160.633,528.943,341.367
-160.698,529.144,341.378
-160.762,529.355,341.378
-160.827,529.555,341.356
-160.901,529.756,341.312
-160.965,529.956,341.268
-161.03,530.167,341.202
-161.094,530.367,341.136
-161.159,530.568,341.071
-161.223,530.768,341.016
-161.288,530.968,340.95
-161.362,531.169,340.895
-161.436,531.38,340.84
-161.519,531.592,340.785
-161.584,531.792,340.719
-161.658,532.003,340.686
-161.722,532.203,340.664
-161.814,532.493,340.664
-161.879,532.693,340.697
-161.953,532.893,340.73
-162.018,533.094,340.774
-162.092,533.294,340.829
-162.156,533.527,340.884
-162.23,533.739,340.95
-162.294,533.939,341.005
-162.368,534.15,341.071
-162.433,534.351,341.136
-162.497,534.551,341.202
-162.571,534.751,341.268
-162.636,534.963,341.345
-162.7,535.163,341.411
-162.765,535.363,341.477
-162.839,535.575,341.543
-162.903,535.775,341.598
-162.968,535.986,341.653
-163.032,536.186,341.708
-163.096,536.398,341.752
-163.161,536.598,341.796
-163.225,536.809,341.829
-163.299,537.01,341.873
-163.364,537.221,341.906
-163.428,537.432,341.927
-163.493,537.633,341.938
-163.557,537.844,341.96
-163.622,538.055,341.96
-163.686,538.256,341.971
-163.751,538.467,341.982
-163.815,538.678,342.004
-163.879,538.878,342.015
-163.944,539.09,342.015
-164.008,539.301,342.026
-164.073,539.501,342.026
-164.137,539.713,342.037
-164.202,539.913,342.037
-164.266,540.124,342.048
-164.33,540.336,342.059
-164.395,540.536,342.059
-164.459,540.747,342.059
-164.524,540.958,342.07
-164.588,541.159,342.07
-164.653,541.37,342.081
-164.717,541.581,342.092
-164.782,541.782,342.103
-164.846,541.993,342.125
-164.91,542.204,342.147
-164.975,542.405,342.169
-165.039,542.616,342.191
-165.104,542.827,342.213
-165.168,543.027,342.246
-165.233,543.239,342.279
-165.297,543.45,342.323
-165.362,543.65,342.378
-165.426,543.862,342.433
-165.49,544.073,342.488
-165.555,544.273,342.543
-165.61,544.485,342.598
-165.674,544.696,342.664
-165.739,544.907,342.729
-165.803,545.107,342.784
-165.858,545.319,342.861
-165.922,545.53,342.927
-165.987,545.73,342.993
-166.042,545.941,343.048
-166.106,546.142,343.114
-166.171,546.353,343.169
-166.226,546.564,343.235
-166.29,546.765,343.301
-166.345,546.976,343.367
-166.4,547.176,343.433
-166.464,547.387,343.499
-166.519,547.587,343.553
-166.574,547.799,343.608
-166.639,547.999,343.663
-166.694,548.21,343.718
-166.749,548.41,343.773
-166.804,548.61,343.828
-166.868,548.811,343.883
-166.923,549.022,343.927
-166.978,549.222,343.971
-167.033,549.433,344.004
-167.088,549.633,344.026
-167.143,549.833,344.048
-167.198,550.034,344.081
-167.253,550.234,344.103
-167.308,550.434,344.136
-167.363,550.634,344.158
-167.418,550.834,344.18
-167.473,551.045,344.202
-167.528,551.246,344.224
-167.583,551.446,344.257
-167.638,551.646,344.279
-167.693,551.846,344.323
-167.748,552.046,344.366
-167.793,552.246,344.432
-167.848,552.446,344.487
-167.903,552.646,344.564
-167.986,552.947,344.674
-168.031,553.147,344.751
-168.086,553.347,344.839
-168.159,553.636,344.993
-168.214,553.836,345.103
-168.269,554.036,345.212
-168.315,554.236,345.333
-168.36,554.436,345.454
-168.415,554.636,345.564
-168.488,554.925,345.74
-168.534,555.125,345.85
-168.579,555.325,345.97
-168.624,555.525,346.091
-168.698,555.815,346.311
-168.743,556.015,346.465
-168.788,556.215,346.619
-168.834,556.415,346.761
-168.897,556.704,346.97
-168.943,556.915,347.113
-169.006,557.204,347.322
-169.052,557.404,347.476
-169.088,557.604,347.629
-169.151,557.904,347.849
-169.197,558.104,348.003
-169.251,558.392,348.234
-169.287,558.592,348.387
-169.332,558.792,348.552
-169.368,558.992,348.706
-169.404,559.192,348.86
-169.44,559.392,349.003
-169.476,559.592,349.124
-169.53,559.881,349.31
-169.566,560.092,349.42
-169.601,560.292,349.541
-169.655,560.581,349.717
-169.682,560.781,349.838
-169.718,560.992,349.958
-169.754,561.191,350.079
-169.79,561.391,350.189
-169.816,561.591,350.288
-169.852,561.791,350.387
-169.878,562.002,350.486
-169.914,562.202,350.585
-169.94,562.402,350.695
-169.976,562.602,350.793
-170.003,562.802,350.903
-170.039,563.013,351.013
-170.065,563.212,351.123
-170.101,563.423,351.222
-170.127,563.623,351.332
-170.154,563.823,351.453
-170.189,564.034,351.573
-170.216,564.234,351.694
-170.242,564.434,351.815
-170.268,564.645,351.936
-170.295,564.844,352.057
-170.321,565.055,352.167
-170.347,565.255,352.277
-170.374,565.466,352.397
-170.4,565.666,352.518
-170.427,565.866,352.628
-170.453,566.088,352.749
-170.47,566.288,352.87
-170.496,566.487,352.991
-170.522,566.698,353.101
-170.539,566.898,353.221
-170.565,567.12,353.342
-170.582,567.32,353.474
-170.608,567.531,353.606
-170.625,567.73,353.738
-170.642,567.941,353.87
-170.668,568.152,354.001
-170.685,568.352,354.133
-170.702,568.563,354.265
-170.728,568.773,354.386
-170.745,568.973,354.518
-170.762,569.195,354.639
-170.778,569.395,354.771
-170.795,569.606,354.913
-170.812,569.805,355.045
-170.829,570.016,355.188
-170.846,570.227,355.32
-170.853,570.438,355.452
-170.869,570.648,355.583
-170.886,570.848,355.715
-170.894,571.059,355.847
-170.91,571.27,355.979
-170.927,571.48,356.1
-170.934,571.691,356.221
-170.951,571.902,356.331
-170.967,572.213,356.484
-170.974,572.423,356.583
-170.981,572.634,356.671
-170.998,572.845,356.759
-171.004,573.155,356.891
-171.021,573.366,356.957
-171.028,573.577,357.012
-171.035,573.787,357.056
-171.042,573.998,357.089
-171.049,574.209,357.111
-171.066,574.42,357.133
-171.073,574.63,357.144
-171.08,574.941,357.166
-171.087,575.151,357.166
-171.102,575.462,357.166
-171.11,575.673,357.155
-171.117,575.883,357.155
-171.124,576.094,357.144
-171.131,576.305,357.133
-171.148,576.516,357.122
-171.155,576.726,357.111
-171.162,576.937,357.1
-171.178,577.248,357.089
-171.185,577.458,357.078
-171.192,577.669,357.056
-171.2,577.88,357.045
-171.215,578.19,357.023
-171.222,578.401,357.012
-171.23,578.612,357.001
-171.246,578.822,357.001
-171.254,579.033,356.99
-171.261,579.244,356.979
-171.276,579.554,356.957
-171.284,579.765,356.946
-171.291,579.976,356.924
-171.307,580.286,356.902
-171.314,580.497,356.891
-171.321,580.708,356.88
-171.338,580.919,356.869
-171.344,581.229,356.847
-171.361,581.429,356.836
-171.368,581.639,356.825
-171.375,581.85,356.814
-171.382,582.061,356.792
-171.399,582.261,356.781
-171.406,582.471,356.77
-171.414,582.682,356.748
-171.43,582.893,356.715
-171.436,583.203,356.671
-171.453,583.403,356.627
-171.469,583.714,356.539
-171.485,584.013,356.429
-171.5,584.313,356.287
-171.516,584.601,356.111
-171.533,584.812,355.979
-171.549,585.1,355.77
-171.565,585.377,355.54
-171.59,585.655,355.309
-171.606,585.943,355.089
-171.632,586.21,354.88
-171.648,586.465,354.694
-171.674,586.742,354.529
-171.69,586.997,354.375
-171.716,587.252,354.221
-171.742,587.519,354.089
-171.767,587.763,353.958
-171.793,588.018,353.826
-171.819,588.273,353.694
-171.845,588.529,353.562
-171.871,588.784,353.419
-171.896,589.039,353.254
-171.922,589.294,353.079
-171.957,589.55,352.892
-171.983,589.794,352.661
-172.019,590.049,352.408
-172.044,590.305,352.134
-172.08,590.549,351.837
-172.115,590.804,351.519
-172.151,591.06,351.211
-172.186,591.304,350.903
-172.221,591.548,350.596
-172.266,591.804,350.288
-172.311,592.059,350.002
-172.347,592.303,349.717
-172.391,592.559,349.442
-172.436,592.803,349.189
-172.481,593.047,348.926
-172.526,593.303,348.684
-172.571,593.547,348.464
-172.626,593.792,348.245
-172.671,594.036,348.036
-172.725,594.292,347.838
-172.77,594.525,347.64
-172.815,594.769,347.432
-172.87,595.014,347.234
-172.924,595.236,347.047
-172.969,595.469,346.871
-173.024,595.692,346.696
-173.069,595.914,346.52
-173.124,596.136,346.322
-173.169,596.347,346.113
-173.224,596.581,345.894
-173.279,596.792,345.685
-173.324,596.992,345.465
-173.379,597.214,345.256
-173.434,597.426,345.037
-173.489,597.637,344.817
-173.544,597.837,344.597
-173.599,598.059,344.366
-173.654,598.259,344.125
-173.709,598.46,343.894
-173.763,598.682,343.663
-173.828,598.882,343.444
-173.883,599.082,343.224
-173.947,599.305,342.993
-174.002,599.505,342.762
-174.067,599.705,342.554
-174.131,599.916,342.334
-174.195,600.128,342.136
-174.26,600.328,341.949
-174.324,600.528,341.807
-174.389,600.751,341.697
-174.453,600.951,341.62
-174.518,601.162,341.565
-174.592,601.374,341.532
-174.656,601.585,341.499
-174.721,601.785,341.477
-174.794,601.997,341.455
-174.859,602.208,341.455
-174.923,602.408,341.444
-174.988,602.62,341.444
-175.062,602.842,341.444
-175.126,603.042,341.433
-175.191,603.254,341.444
-175.264,603.476,341.455
-175.329,603.688,341.477
-175.393,603.888,341.521
-175.467,604.11,341.554
-175.541,604.333,341.587
-175.605,604.544,341.609
-175.67,604.755,341.62
-175.743,604.978,341.62
-175.817,605.189,341.62
-175.882,605.412,341.631
-175.956,605.634,341.664
-176.02,605.857,341.697
-176.094,606.068,341.73
-176.168,606.291,341.741
-176.232,606.513,341.719
-176.306,606.736,341.697
-176.37,606.958,341.675
-176.444,607.181,341.664
-176.518,607.403,341.664
-176.591,607.626,341.653
-176.655,607.859,341.642
-176.729,608.082,341.62
-176.803,608.304,341.587
-176.877,608.527,341.554
-176.951,608.76,341.521
-177.024,608.983,341.488
-177.089,609.205,341.444
-177.172,609.439,341.411
-177.236,609.661,341.367
-177.31,609.884,341.323
-177.393,610.118,341.29
-177.467,610.351,341.246
-177.541,610.574,341.213
-177.614,610.807,341.18
-177.688,611.041,341.147
-177.762,611.263,341.115
-177.836,611.497,341.082
-177.919,611.731,341.049
-177.992,611.964,341.027
-178.066,612.187,341.005
-178.149,612.432,341.005
-178.223,612.665,341.005
-178.306,612.899,341.005
-178.38,613.133,340.983
-178.463,613.366,340.961
-178.537,613.6,340.95
-178.611,613.834,340.95
-178.694,614.078,340.95
-178.777,614.312,340.961
-178.851,614.546,340.961
-178.934,614.79,340.95
-179.007,615.035,340.939
-179.09,615.269,340.928
-179.174,615.514,340.906
-179.247,615.747,340.906
-179.33,615.981,340.906
-179.404,616.215,340.917
-179.487,616.459,340.917
-179.561,616.693,340.917
-179.644,616.938,340.906
-179.727,617.183,340.895
-179.81,617.416,340.895
-179.884,617.661,340.884
-179.967,617.906,340.895
-180.05,618.139,340.884
-180.124,618.362,340.884
-180.198,618.607,340.884
-180.29,618.852,340.873
-180.364,619.096,340.873
-180.447,619.341,340.862
-180.53,619.597,340.862
-180.613,619.831,340.862
-180.696,620.075,340.862
-180.77,620.32,340.862
-180.853,620.565,340.862
-180.936,620.81,340.873
-181.019,621.054,340.873
-181.102,621.299,340.873
-181.185,621.544,340.862
-181.259,621.789,340.851
-181.351,622.045,340.851
-181.425,622.278,340.862
-181.508,622.534,340.895
-181.601,622.779,340.939
-181.674,623.024,340.983
-181.757,623.269,341.038
-181.84,623.513,341.104
-181.923,623.769,341.169
-181.997,624.003,341.235
-182.08,624.248,341.312
-182.163,624.504,341.4
-182.237,624.748,341.499
-182.32,624.982,341.587
-182.393,625.238,341.664
-182.476,625.483,341.763
-182.55,625.727,341.851
-182.624,625.961,341.949
-182.707,626.217,342.048
-182.78,626.461,342.147
-182.854,626.706,342.224
-182.937,626.962,342.301
-183.01,627.196,342.367
-183.084,627.44,342.411
-183.158,627.685,342.433
-183.231,627.93,342.433
-183.305,628.163,342.422
-183.378,628.408,342.389
-183.452,628.664,342.345
-183.526,628.897,342.29
-183.599,629.131,342.235
-183.673,629.376,342.18
-183.746,629.62,342.114
-183.82,629.854,342.037
-183.884,630.087,341.993
-183.948,630.354,341.938
-184.021,630.621,341.873
-184.095,630.877,341.807
-184.149,631.143,341.763
-184.222,631.41,341.697
-184.296,631.655,341.631
-184.35,631.899,341.587
-184.386,632.144,341.532
-184.46,632.377,341.51
-184.524,632.611,341.521
-184.569,632.855,341.532
-184.633,633.078,341.554
-184.697,633.311,341.576
-184.771,633.545,341.609
-184.844,633.778,341.631
-184.918,634.001,341.664
-184.992,634.234,341.708
-185.066,634.468,341.752
-185.13,634.69,341.785
-185.204,634.913,341.818
-185.277,635.147,341.851
-185.342,635.369,341.884
-185.416,635.592,341.895
-185.489,635.814,341.906
-185.563,636.037,341.906
-185.627,636.259,341.906
-185.692,636.492,341.906
-185.765,636.715,341.895
-185.839,636.938,341.873
-185.903,637.16,341.862
-185.968,637.371,341.84
-186.042,637.594,341.818
-186.106,637.816,341.807
-186.18,638.039,341.785
-186.244,638.261,341.774
-186.318,638.473,341.763
-186.382,638.684,341.741
-186.447,638.906,341.73
-186.511,639.118,341.708
-186.585,639.34,341.697
-186.659,639.563,341.686
-186.723,639.774,341.675
-186.797,639.997,341.664
-186.861,640.197,341.653
-186.935,640.419,341.631
-187,640.631,341.62
-187.064,640.853,341.62
-187.128,641.064,341.631
-187.202,641.287,341.642
-187.276,641.498,341.653
-187.34,641.721,341.653
-187.414,641.932,341.653
-187.479,642.144,341.653
-187.543,642.366,341.664
-187.607,642.577,341.686
-187.681,642.789,341.719
-187.746,643.011,341.752
-187.819,643.234,341.785
-187.884,643.445,341.807
-187.948,643.645,341.829
-188.013,643.868,341.851
-188.086,644.079,341.873
-188.151,644.29,341.895
-188.215,644.513,341.927
-188.289,644.724,341.949
-188.353,644.936,341.982
-188.418,645.158,342.015
-188.482,645.369,342.037
-188.556,645.581,342.059
-188.62,645.803,342.07
-188.685,646.015,342.092
-188.749,646.226,342.103
-188.813,646.448,342.114
-188.878,646.66,342.125
-188.942,646.871,342.125
-189.016,647.082,342.125
-189.08,647.305,342.103
-189.145,647.516,342.081
-189.209,647.727,342.048
-189.283,647.939,342.015
-189.347,648.161,341.982
-189.412,648.373,341.949
-189.476,648.584,341.917
-189.541,648.795,341.884
-189.605,649.007,341.862
-189.67,649.207,341.84
-189.734,649.429,341.807
-189.798,649.63,341.785
-189.872,649.841,341.774
-189.937,650.041,341.741
-190.001,650.253,341.719
-190.066,650.453,341.697
-190.13,650.664,341.675
-190.195,650.875,341.664
-190.259,651.076,341.664
-190.323,651.287,341.664
-190.388,651.487,341.653
-190.453,651.688,341.642
-190.517,651.888,341.631
-190.582,652.088,341.62
-190.646,652.288,341.609
-190.711,652.489,341.609
-190.766,652.689,341.609
-190.83,652.9,341.62
-190.895,653.1,341.642
-190.959,653.301,341.664
-191.042,653.545,341.675
-191.107,653.746,341.686
-191.19,654.001,341.697
-191.254,654.202,341.697
-191.309,654.402,341.708
-191.392,654.658,341.73
-191.457,654.858,341.752
-191.521,655.058,341.763
-191.604,655.314,341.785
-191.678,655.57,341.796
-191.761,655.826,341.807
-191.844,656.082,341.807
-191.927,656.326,341.785
-192,656.582,341.741
-192.065,656.782,341.697
-192.138,657.027,341.653
-192.212,657.261,341.631
-192.286,657.494,341.598
-192.359,657.728,341.565
-192.424,657.939,341.532
-192.498,658.151,341.499
-192.553,658.351,341.477
-192.636,658.585,341.455
-192.691,658.785,341.444
-192.764,659.018,341.433
-192.838,659.252,341.433
-192.912,659.474,341.422
-192.986,659.697,341.422
-193.059,659.931,341.411
-193.133,660.164,341.411
-193.207,660.387,341.4
-193.281,660.609,341.389
-193.355,660.832,341.389
-193.428,661.054,341.389
-193.493,661.266,341.389
-193.557,661.477,341.4
-193.631,661.699,341.389
-193.705,661.911,341.378
-193.769,662.122,341.367
-193.834,662.334,341.345
-193.908,662.545,341.334
-193.972,662.745,341.345
-194.037,662.945,341.345
-194.101,663.146,341.356
-194.166,663.346,341.345
-194.23,663.557,341.345
-194.304,663.769,341.334
-194.368,663.991,341.323
-194.442,664.203,341.323
-194.516,664.425,341.323
-194.581,664.625,341.345
-194.645,664.837,341.367
-194.709,665.048,341.378
-194.774,665.248,341.378
-194.848,665.46,341.389
-194.912,665.66,341.411
-194.977,665.86,341.554
-195.041,666.06,341.565
-195.106,666.261,341.598
-195.17,666.461,341.664
-195.235,666.661,341.719
-195.299,666.884,341.785
-195.364,667.095,341.84
-195.437,667.317,341.906
-195.502,667.518,341.938
-195.566,667.729,341.993
-195.64,667.94,342.059
-195.704,668.174,342.125
-195.778,668.408,342.191
-195.843,668.608,342.246
-195.907,668.808,342.29
-195.962,669.019,342.345
-196.027,669.22,342.4
-196.1,669.442,342.444
-196.165,669.664,342.488
-196.229,669.887,342.521
-196.303,670.109,342.532
-196.367,670.332,342.554
-196.431,670.565,342.576
-196.505,670.799,342.576
-196.578,671.044,342.576
-196.652,671.277,342.587
-196.726,671.522,342.598
-196.799,671.767,342.609
-196.873,672.022,342.598
-196.946,672.267,342.587
-197.001,672.467,342.576
-197.084,672.723,342.554
-197.158,672.979,342.554
-197.222,673.179,342.554
-197.277,673.379,342.565
-197.342,673.579,342.565
-197.406,673.78,342.554
-197.471,673.98,342.543
-197.535,674.18,342.532
-197.59,674.38,342.532
-197.645,674.581,342.51
-197.71,674.792,342.51
-197.774,675.003,342.499
-197.838,675.215,342.499
-197.903,675.426,342.499
-197.967,675.637,342.499
-198.022,675.848,342.499
-198.087,676.06,342.488
-198.151,676.271,342.466
-198.225,676.494,342.455
-198.289,676.705,342.444
-198.353,676.927,342.433
-198.418,677.139,342.422
-198.482,677.35,342.4
-198.556,677.573,342.378
-198.62,677.795,342.356
-198.685,678.017,342.356
-198.749,678.24,342.334
-198.823,678.462,342.323
-198.896,678.685,342.301
-198.961,678.907,342.29
-199.034,679.141,342.268
-199.108,679.374,342.257
-199.172,679.597,342.246
-199.246,679.83,342.235
-199.32,680.064,342.224
-199.384,680.298,342.224
-199.458,680.531,342.213
-199.531,680.765,342.202
-199.605,680.998,342.18
-199.679,681.243,342.169
-199.752,681.477,342.169
-199.826,681.71,342.18
-199.899,681.955,342.191
-199.983,682.2,342.202
-200.056,682.433,342.202
-200.13,682.678,342.18
-200.203,682.923,342.18
-200.286,683.168,342.169
-200.36,683.423,342.191
-200.433,683.668,342.202
-200.516,683.924,342.213
-200.59,684.169,342.213
-200.673,684.413,342.213
-200.747,684.669,342.213
-200.83,684.914,342.235
-200.903,685.17,342.279
-200.986,685.426,342.323
-201.06,685.681,342.378
-201.142,685.937,342.411
-201.225,686.193,342.455
-201.299,686.46,342.488
-201.382,686.716,342.521
-201.455,686.972,342.565
-201.538,687.227,342.598
-201.612,687.494,342.631
-201.694,687.761,342.642
-201.777,688.028,342.653
-201.86,688.295,342.664
-201.933,688.562,342.664
-202.016,688.829,342.675
-202.099,689.096,342.675
-202.172,689.363,342.686
-202.255,689.63,342.686
-202.338,689.908,342.686
-202.421,690.175,342.697
-202.494,690.453,342.708
-202.577,690.72,342.708
-202.66,690.998,342.708
-202.742,691.265,342.697
-202.825,691.543,342.686
-202.908,691.821,342.697
-202.991,692.099,342.719
-203.073,692.377,342.729
-203.156,692.655,342.74
-203.239,692.933,342.74
-203.322,693.2,342.719
-203.404,693.478,342.708
-203.487,693.767,342.697
-203.579,694.045,342.675
-203.662,694.334,342.642
-203.745,694.612,342.587
-203.827,694.879,342.521
-203.91,695.157,342.455
-203.993,695.436,342.4
-204.076,695.714,342.345
-204.14,695.925,342.312
-204.223,696.203,342.257
-204.315,696.492,342.213
-204.398,696.759,342.169
-204.481,697.037,342.136
-204.573,697.326,342.092
-204.655,697.604,342.07
-204.72,697.805,342.048
-204.812,698.083,342.015
-204.904,698.372,341.993
-204.987,698.65,341.971
-205.079,698.928,341.96
-205.171,699.218,341.949
-205.254,699.507,341.938
-205.346,699.796,341.938
-205.438,700.074,341.949
-205.493,700.274,341.971
-205.595,700.564,342.004
-205.687,700.853,342.026
-205.742,701.053,342.026
-205.834,701.342,342.015
-205.917,701.609,342.015
-205.982,701.809,342.015
-206.064,702.098,342.015
-206.156,702.388,342.015
-206.221,702.599,342.026
-206.285,702.799,342.026
-206.34,702.999,342.037
-206.433,703.289,342.037
-206.525,703.567,342.037
-206.617,703.845,342.048
-206.672,704.045,342.059
-206.764,704.334,342.059
-206.838,704.546,342.059
-206.903,704.757,342.059
-206.995,705.046,342.037
-207.05,705.247,342.026
-207.142,705.536,342.026
-207.206,705.736,342.026
-207.271,705.936,342.026
-207.326,706.136,342.015
-207.418,706.426,342.004
-207.482,706.626,341.993
-207.547,706.826,341.971
-207.639,707.115,341.949
-207.704,707.316,341.927
-207.768,707.516,341.917
-207.823,707.716,341.906
-207.925,708.005,341.895
-207.98,708.205,341.873
-208.044,708.406,341.862
-208.118,708.617,341.851
-208.183,708.817,341.829
-208.247,709.018,341.818
-208.312,709.218,341.807
-208.404,709.507,341.785
-208.468,709.707,341.774
-208.533,709.908,341.763
-208.598,710.108,341.752
-208.662,710.308,341.741
-208.726,710.519,341.741
-208.791,710.72,341.741
-208.855,710.92,341.741
-208.92,711.12,341.741
-208.984,711.332,341.741
-209.077,711.621,341.73
-209.141,711.821,341.73
-209.206,712.021,341.741
-209.27,712.222,341.741
-209.335,712.433,341.763
-209.399,712.644,341.774
-209.463,712.844,341.785
-209.528,713.045,341.785
-209.592,713.256,341.785
-209.685,713.545,341.785
-209.749,713.745,341.785
-209.814,713.946,341.796
-209.878,714.146,341.807
-209.943,714.346,341.818
-210.007,714.569,341.818
-210.071,714.769,341.829
-210.136,714.969,341.829
-210.2,715.18,341.818
-210.265,715.381,341.829
-210.357,715.67,341.829
-210.421,715.881,341.84
-210.486,716.082,341.851
-210.55,716.282,341.862
-210.624,716.504,341.862
-210.689,716.705,341.873
-210.753,716.916,341.873
-210.818,717.116,341.884
-210.882,717.327,341.884
-210.974,717.617,341.895
-211.039,717.828,341.895
-211.103,718.028,341.906
-211.168,718.229,341.917
-211.232,718.44,341.917
-211.296,718.651,341.927
-211.361,718.863,341.938
-211.425,719.074,341.938
-211.49,719.274,341.949
-211.554,719.485,341.96
-211.628,719.686,341.96
-211.693,719.886,341.96
-211.757,720.097,341.971
-211.822,720.309,341.982
-211.886,720.509,342.004
-211.95,720.731,342.026
-212.015,720.943,342.048
-212.079,721.154,342.07
-212.144,721.354,342.092
-212.208,721.566,342.103
-212.3,721.866,342.125
-212.365,722.066,342.136
-212.439,722.278,342.158
-212.503,722.489,342.191
-212.567,722.711,342.213
-212.632,722.923,342.235
-212.696,723.134,342.257
-212.76,723.345,342.279
-212.825,723.557,342.29
-212.889,723.768,342.312
-212.981,724.068,342.345
-213.046,724.28,342.367
-213.11,724.491,342.389
-213.174,724.702,342.411
-213.248,724.925,342.433
-213.313,725.136,342.444
-213.377,725.348,342.455
-213.441,725.559,342.477
-213.506,725.77,342.488
-213.57,725.97,342.51
-213.635,726.182,342.532
-213.699,726.393,342.543
-213.764,726.604,342.554
-213.828,726.816,342.565
-213.883,727.038,342.576
-213.947,727.249,342.587
-214.011,727.472,342.587
-214.076,727.683,342.587
-214.14,727.894,342.587
-214.214,728.095,342.565
-214.279,728.306,342.554
-214.343,728.517,342.543
-214.407,728.729,342.532
-214.472,728.94,342.51
-214.527,729.162,342.499
-214.591,729.374,342.488
-214.655,729.585,342.466
-214.72,729.808,342.455
-214.784,730.019,342.433
-214.858,730.219,342.411
-214.922,730.431,342.389
-214.987,730.642,342.378
-215.051,730.853,342.356
-215.116,731.065,342.345
-215.18,731.287,342.334
-215.254,731.509,342.312
-215.318,731.721,342.29
-215.383,731.932,342.268
-215.447,732.143,342.257
-215.511,732.344,342.246
-215.576,732.555,342.235
-215.64,732.766,342.224
-215.705,732.978,342.224
-215.769,733.189,342.213
-215.843,733.423,342.202
-215.907,733.634,342.191
-215.971,733.856,342.169
-216.045,734.068,342.158
-216.11,734.279,342.158
-216.174,734.491,342.147
-216.239,734.702,342.147
-216.303,734.913,342.147
-216.367,735.125,342.136
-216.441,735.347,342.125
-216.505,735.569,342.103
-216.57,735.781,342.092
-216.634,735.992,342.07
-216.708,736.215,342.059
-216.772,736.426,342.048
-216.837,736.626,342.026
-216.901,736.849,342.015
-216.966,737.06,341.993
-217.04,737.271,341.982
-217.104,737.483,341.96
-217.178,737.705,341.949
-217.242,737.928,341.927
-217.306,738.139,341.917
-217.371,738.35,341.895
-217.445,738.573,341.884
-217.509,738.784,341.873
-217.573,738.996,341.862
-217.638,739.207,341.851
-217.712,739.418,341.84
-217.776,739.63,341.818
-217.85,739.852,341.807
-217.914,740.063,341.785
-217.979,740.286,341.774
-218.053,740.497,341.763
-218.117,740.709,341.741
-218.191,740.931,341.73
-218.255,741.143,341.719
-218.32,741.354,341.708
-218.394,741.565,341.697
-218.458,741.788,341.675
-218.532,741.999,341.664
-218.596,742.21,341.642
-218.67,742.433,341.631
-218.734,742.644,341.631
-218.808,742.856,341.62
-218.873,743.067,341.609
-218.937,743.29,341.609
-219.011,743.501,341.598
-219.075,743.712,341.587
-219.149,743.935,341.576
-219.213,744.146,341.565
-219.287,744.358,341.554
-219.352,744.58,341.554
-219.426,744.791,341.554
-219.49,745.003,341.565
-219.564,745.225,341.554
-219.638,745.437,341.554
-219.702,745.659,341.543
-219.776,745.871,341.543
-219.84,746.082,341.532
-219.914,746.304,341.521
-219.979,746.516,341.521
-220.052,746.727,341.521
-220.126,746.939,341.521
-220.191,747.161,341.521
-220.255,747.372,341.521
-220.329,747.595,341.521
-220.393,747.806,341.51
-220.467,748.029,341.51
-220.531,748.24,341.499
-220.605,748.452,341.499
-220.679,748.674,341.499
-220.744,748.885,341.499
-220.817,749.108,341.488
-220.882,749.319,341.488
-220.956,749.531,341.488
-221.02,749.742,341.488
-221.094,749.965,341.488
-221.158,750.176,341.488
-221.232,750.387,341.488
-221.306,750.61,341.488
-221.371,750.821,341.488
-221.444,751.044,341.499
-221.518,751.255,341.51
-221.583,751.478,341.521
-221.656,751.689,341.532
-221.73,751.911,341.532
-221.795,752.123,341.543
-221.868,752.345,341.554
-221.933,752.557,341.554
-221.997,752.768,341.565
-222.071,752.991,341.587
-222.135,753.202,341.598
-222.209,753.413,341.62
-222.274,753.636,341.631
-222.357,753.858,341.642
-222.421,754.081,341.653
-222.495,754.303,341.664
-222.559,754.515,341.686
-222.633,754.737,341.697
-222.698,754.948,341.719
-222.772,755.16,341.752
-222.836,755.382,341.763
-222.91,755.594,341.785
-222.974,755.816,341.796
-223.038,756.039,341.818
-223.112,756.25,341.84
-223.177,756.472,341.862
-223.251,756.684,341.884
-223.315,756.906,341.906
-223.388,757.14,341.927
-223.462,757.351,341.938
-223.527,757.574,341.96
-223.601,757.796,341.982
-223.665,758.019,342.004
-223.729,758.219,342.026
-223.794,758.441,342.048
-223.867,758.664,342.07
-223.932,758.875,342.092
-223.996,759.098,342.114
-224.07,759.32,342.125
-224.134,759.543,342.147
-224.208,759.754,342.169
-224.272,759.976,342.191
-224.337,760.199,342.202
-224.42,760.41,342.224
-224.484,760.633,342.235
-224.549,760.855,342.246
-224.622,761.078,342.268
-224.687,761.289,342.29
-224.751,761.511,342.301
-224.825,761.734,342.323
-224.889,761.956,342.345
-224.953,762.179,342.356
-225.018,762.401,342.367
-225.092,762.613,342.378
-225.156,762.824,342.389
-225.23,763.046,342.411
-225.294,763.269,342.411
-225.358,763.491,342.422
-225.432,763.725,342.433
-225.496,763.947,342.433
-225.57,764.159,342.433
-225.635,764.381,342.422
-225.699,764.604,342.422
-225.763,764.815,342.411
-225.837,765.037,342.411
-225.901,765.26,342.4
-225.966,765.471,342.4
-226.03,765.694,342.389
-226.104,765.927,342.378
-226.168,766.15,342.356
-226.242,766.361,342.345
-226.306,766.584,342.323
-226.38,766.806,342.312
-226.444,767.017,342.301
-226.518,767.24,342.29
-226.583,767.462,342.268
-226.647,767.685,342.257
-226.721,767.907,342.235
-226.785,768.13,342.224
-226.849,768.352,342.213
-226.923,768.575,342.202
-226.987,768.797,342.18
-227.061,769.02,342.169
-227.125,769.242,342.147
-227.199,769.464,342.136
-227.263,769.687,342.125
-227.337,769.909,342.103
-227.401,770.132,342.092
-227.475,770.354,342.081
-227.54,770.577,342.059
-227.613,770.799,342.037
-227.678,771.022,342.026
-227.751,771.244,342.015
-227.816,771.467,341.993
-227.89,771.689,341.982
-227.963,771.923,341.971
-228.027,772.145,341.96
-228.101,772.368,341.938
-228.166,772.579,341.917
-228.23,772.79,341.895
-228.304,773.013,341.884
-228.368,773.235,341.873
-228.442,773.458,341.851
-228.525,773.703,341.84
-228.589,773.925,341.829
-228.663,774.159,341.807
-228.737,774.381,341.785
-228.811,774.604,341.774
-228.875,774.804,341.763
-228.939,775.026,341.752
-229.013,775.249,341.752
-229.087,775.471,341.741
-229.151,775.694,341.73
-229.225,775.938,341.73
-229.299,776.161,341.719
-229.363,776.383,341.708
-229.437,776.606,341.697
-229.511,776.828,341.697
-229.584,777.051,341.686
-229.658,777.274,341.686
-229.723,777.496,341.675
-229.796,777.718,341.675
-229.87,777.941,341.675
-229.944,778.175,341.664
-230.017,778.408,341.664
-230.082,778.631,341.664
-230.156,778.853,341.664
-230.229,779.087,341.664
-230.294,779.298,341.664
-230.367,779.521,341.664
-230.432,779.743,341.664
-230.506,779.966,341.675
-230.579,780.188,341.675
-230.662,780.433,341.686
-230.736,780.655,341.686
-230.801,780.878,341.686
-230.874,781.111,341.686
-230.948,781.334,341.697
-231.012,781.545,341.708
-231.077,781.768,341.719
-231.151,781.99,341.73
-231.224,782.224,341.741
-231.298,782.446,341.741
-231.372,782.68,341.741
-231.445,782.902,341.752
-231.519,783.136,341.752
-231.593,783.359,341.763
-231.657,783.581,341.774
-231.731,783.803,341.785
-231.805,784.026,341.796
-231.869,784.248,341.796
-231.943,784.471,341.807
-232.017,784.693,341.807
-232.09,784.927,341.818
-232.155,785.149,341.818
-232.229,785.372,341.84
-232.302,785.606,341.851
-232.366,785.828,341.862
-232.44,786.062,341.862
-232.514,786.284,341.873
-232.588,786.518,341.884
-232.661,786.74,341.906
-232.726,786.963,341.927
-232.809,787.185,341.949
-232.883,787.408,341.971
-232.957,787.641,341.993
-233.021,787.864,342.026
-233.095,788.086,342.048
-233.159,788.32,342.081
-233.233,788.553,342.125
-233.306,788.776,342.158
-233.38,789.01,342.191
-233.444,789.232,342.213
-233.518,789.455,342.246
-233.582,789.677,342.268
-233.656,789.911,342.301
-233.72,790.133,342.334
-233.794,790.355,342.356
-233.868,790.6,342.389
-233.942,790.823,342.411
-234.015,791.056,342.422
-234.079,791.29,342.444
-234.153,791.512,342.466
-234.217,791.735,342.488
-234.282,791.968,342.51
-234.355,792.191,342.521
-234.42,792.424,342.543
-234.493,792.647,342.565
-234.557,792.88,342.576
-234.631,793.103,342.587
-234.695,793.336,342.609
-234.76,793.559,342.631
-234.833,793.792,342.653
-234.907,794.026,342.675
-234.981,794.26,342.697
-235.054,794.493,342.708
-235.119,794.716,342.729
-235.192,794.949,342.74
-235.257,795.172,342.751
-235.321,795.394,342.773
-235.395,795.628,342.784
-235.459,795.85,342.784
-235.533,796.084,342.784
-235.597,796.317,342.773
-235.67,796.551,342.751
-235.735,796.784,342.74
-235.799,797.018,342.719
-235.873,797.24,342.697
-235.946,797.463,342.675
-236.011,797.685,342.653
-236.084,797.919,342.631
-236.149,798.141,342.609
-236.222,798.375,342.587
-236.286,798.619,342.565
-236.35,798.853,342.543
-236.424,799.075,342.51
-236.488,799.309,342.488
-236.562,799.543,342.455
-236.626,799.765,342.433
-236.691,799.987,342.411
-236.764,800.221,342.389
-236.829,800.443,342.367
-236.902,800.677,342.345
-236.976,800.922,342.323
-237.05,801.155,342.29
-237.123,801.389,342.268
-237.188,801.611,342.246
-237.261,801.845,342.224
-237.326,802.067,342.202
-237.399,802.29,342.191
-237.473,802.523,342.169
-237.537,802.757,342.147
-237.611,802.979,342.125
-237.685,803.224,342.103
-237.758,803.458,342.081
-237.832,803.691,342.07
-237.906,803.914,342.059
-237.97,804.147,342.048
-238.044,804.37,342.037
-238.117,804.592,342.026
-238.191,804.826,342.015
-238.255,805.06,341.993
-238.329,805.282,341.982
-238.412,805.538,341.971
-238.486,805.772,341.96
-238.559,806.005,341.949
-238.633,806.228,341.938
-238.707,806.461,341.927
-238.771,806.684,341.906
-238.845,806.906,341.884
-238.919,807.14,341.873
-238.992,807.373,341.862
-239.066,807.596,341.84
-239.14,807.841,341.829
-239.213,808.074,341.818
-239.287,808.308,341.807
-239.361,808.541,341.796
-239.435,808.775,341.774
-239.508,808.998,341.763
-239.582,809.231,341.752
-239.656,809.465,341.741
-239.729,809.687,341.73
-239.803,809.921,341.719
-239.867,810.154,341.719
-239.941,810.377,341.708
-240.015,810.611,341.697
-240.089,810.844,341.697
-240.162,811.078,341.686
-240.245,811.311,341.675
-240.319,811.534,341.664
-240.393,811.768,341.653
-240.467,812.001,341.653
-240.54,812.235,341.653
-240.614,812.468,341.642
-240.688,812.702,341.642
-240.761,812.925,341.642
-240.835,813.158,341.631
-240.909,813.392,341.62
-240.983,813.614,341.609
-241.056,813.848,341.609
-241.13,814.081,341.598
-241.204,814.315,341.598
-241.277,814.538,341.598
-241.351,814.782,341.598
-241.425,815.016,341.598
-241.499,815.238,341.598
-241.572,815.472,341.587
-241.646,815.706,341.587
-241.72,815.939,341.587
-241.793,816.173,341.598
-241.877,816.395,341.598
-241.95,816.629,341.598
-242.024,816.863,341.598
-242.088,817.096,341.609
-242.171,817.33,341.609
-242.245,817.563,341.609
-242.319,817.797,341.62
-242.392,818.031,341.62
-242.466,818.264,341.62
-242.54,818.487,341.62
-242.614,818.72,341.631
-242.687,818.954,341.631
-242.761,819.188,341.642
-242.835,819.421,341.642
-242.908,819.655,341.653
-242.992,819.889,341.664
-243.065,820.122,341.664
-243.139,820.356,341.675
-243.213,820.589,341.697
-243.286,820.823,341.708
-243.36,821.057,341.719
-243.434,821.29,341.719
-243.507,821.524,341.73
-243.581,821.757,341.73
-243.655,821.991,341.741
-243.728,822.225,341.752
-243.802,822.458,341.763
-243.876,822.692,341.774
-243.949,822.925,341.785
-244.023,823.159,341.785
-244.097,823.393,341.796
-244.18,823.626,341.796
-244.254,823.871,341.807
-244.327,824.094,341.818
-244.401,824.338,341.829
-244.475,824.572,341.851
-244.548,824.805,341.862
-244.622,825.039,341.873
-244.696,825.284,341.895
-244.769,825.517,341.917
-244.843,825.751,341.938
-244.917,825.985,341.96
-244.99,826.218,341.993
-245.064,826.452,342.026
-245.138,826.696,342.048
-245.211,826.93,342.081
-245.285,827.164,342.114
-245.359,827.397,342.147
-245.442,827.653,342.18
-245.515,827.887,342.213
-245.589,828.131,342.246
-245.663,828.365,342.268
-245.736,828.61,342.301
-245.8,828.832,342.323
-245.874,829.066,342.356
-245.948,829.31,342.378
-246.021,829.544,342.411
-246.085,829.778,342.422
-246.168,830.033,342.444
-246.242,830.267,342.466
-246.316,830.501,342.477
-246.389,830.745,342.499
-246.463,830.979,342.521
-246.537,831.213,342.532
-246.601,831.457,342.543
-246.674,831.691,342.554
-246.748,831.935,342.565
-246.822,832.169,342.576
-246.895,832.414,342.587
-246.969,832.647,342.609
-247.042,832.892,342.62
-247.107,833.126,342.631
-247.18,833.37,342.631
-247.254,833.604,342.642
-247.327,833.849,342.642
-247.401,834.082,342.653
-247.465,834.316,342.653
-247.539,834.56,342.664
-247.612,834.805,342.664
-247.686,835.039,342.675
-247.76,835.283,342.675
-247.824,835.517,342.664
-247.897,835.761,342.664
-247.971,835.995,342.653
-248.045,836.24,342.653
-248.118,836.473,342.653
-248.192,836.718,342.653
-248.266,836.952,342.653
-248.33,837.185,342.653
-248.403,837.419,342.653
-248.477,837.663,342.653
-248.541,837.897,342.653
-248.615,838.131,342.653
-248.688,838.386,342.642
-248.762,838.62,342.631
-248.836,838.854,342.62
-248.909,839.098,342.598
-248.983,839.332,342.565
-249.057,839.565,342.532
-249.13,839.81,342.499
-249.194,840.044,342.455
-249.268,840.288,342.4
-249.341,840.522,342.356
-249.415,840.756,342.301
-249.489,840.989,342.246
-249.562,841.234,342.18
-249.636,841.467,342.125
-249.7,841.701,342.059
-249.783,841.946,341.993
-249.857,842.179,341.938
-249.931,842.413,341.873
-250.004,842.658,341.818
-250.078,842.891,341.752
-250.152,843.125,341.686
-250.235,843.37,341.631
-250.308,843.603,341.565
-250.382,843.837,341.51
-250.456,844.07,341.466
-250.529,844.304,341.422
-250.613,844.538,341.389
-250.686,844.771,341.367
-250.76,845.005,341.345
-250.843,845.239,341.334
-250.907,845.483,341.323
-250.991,845.717,341.323
-251.064,845.951,341.312
-251.138,846.184,341.323
-251.212,846.418,341.323
-251.304,846.652,341.323
-251.378,846.896,341.323
-251.452,847.13,341.323
-251.535,847.364,341.323
-251.608,847.597,341.334
-251.682,847.831,341.345
-251.756,848.064,341.356
-251.839,848.298,341.356
-251.913,848.532,341.367
-251.986,848.765,341.378
-252.06,848.999,341.389
-252.134,849.233,341.4
-252.207,849.466,341.411
-252.281,849.7,341.422
-252.355,849.933,341.433
-252.438,850.178,341.433
-252.512,850.412,341.444
-252.585,850.645,341.455
-252.669,850.879,341.466
-252.742,851.113,341.477
-252.816,851.346,341.488
-252.89,851.58,341.499
-252.963,851.814,341.51
-253.037,852.047,341.51
-253.12,852.281,341.51
-253.194,852.514,341.521
-253.268,852.748,341.532
-253.341,852.982,341.543
-253.415,853.215,341.554
-253.498,853.449,341.554
-253.572,853.694,341.565
-253.645,853.927,341.565
-253.719,854.161,341.565
-253.793,854.406,341.576
-253.866,854.639,341.587
-253.949,854.873,341.587
-254.023,855.106,341.598
-254.097,855.34,341.609
-254.171,855.574,341.609
-254.254,855.819,341.62
-254.327,856.052,341.631
-254.401,856.286,341.653
-254.475,856.519,341.664
-254.548,856.753,341.686
-254.631,856.998,341.708
-254.705,857.231,341.719
-254.779,857.465,341.741
-254.853,857.699,341.763
-254.926,857.943,341.785
-255,858.177,341.796
-255.083,858.411,341.807
-255.157,858.655,341.829
-255.23,858.889,341.851
-255.313,859.123,341.862
-255.387,859.356,341.884
-255.461,859.601,341.906
-255.534,859.834,341.927
-255.608,860.079,341.938
-255.682,860.313,341.96
-255.755,860.557,341.971
-255.829,860.802,341.982
-255.912,861.036,342.004
-255.986,861.281,342.026
-256.059,861.514,342.037
-256.133,861.759,342.059
-256.207,861.981,342.07
-256.28,862.226,342.081
-256.354,862.46,342.081
-256.427,862.704,342.103
-256.501,862.938,342.114
-256.575,863.183,342.125
-256.658,863.427,342.136
-256.731,863.661,342.147
-256.805,863.906,342.158
-256.879,864.139,342.158
-256.952,864.384,342.169
-257.026,864.618,342.18
-257.099,864.862,342.18
-257.173,865.096,342.191
-257.247,865.341,342.202
-257.32,865.585,342.202
-257.403,865.819,342.202
-257.477,866.064,342.191
-257.551,866.308,342.191
-257.624,866.542,342.191
-257.707,866.787,342.18
-257.781,867.031,342.18
-257.855,867.265,342.169
-257.928,867.51,342.169
-258.002,867.754,342.169
-258.075,867.999,342.169
-258.149,868.244,342.158
-258.232,868.489,342.158
-258.306,868.733,342.147
-258.379,868.967,342.147
-258.453,869.223,342.147
-258.526,869.456,342.147
-258.6,869.701,342.147
-258.683,869.946,342.136
-258.757,870.19,342.136
-258.83,870.435,342.125
-258.913,870.68,342.125
-258.987,870.925,342.114
-259.06,871.169,342.114
-259.143,871.414,342.114
-259.217,871.67,342.103
-259.29,871.915,342.103
-259.364,872.159,342.092
-259.438,872.404,342.081
-259.521,872.649,342.07
-259.594,872.882,342.07
-259.668,873.127,342.07
-259.751,873.372,342.059
-259.824,873.628,342.059
-259.898,873.872,342.048
-259.981,874.128,342.037
-260.055,874.373,342.037
-260.128,874.618,342.026
-260.211,874.862,342.026
-260.285,875.107,342.026
-260.368,875.341,342.015
-260.441,875.597,342.015
-260.515,875.841,342.004
-260.598,876.086,341.993
-260.672,876.331,341.993
-260.755,876.587,341.982
-260.828,876.831,341.971
-260.902,877.087,341.971
-260.985,877.332,341.96
-261.058,877.577,341.96
-261.132,877.81,341.949
-261.205,878.055,341.949
-261.289,878.3,341.949
-261.362,878.555,341.938
-261.445,878.8,341.927
-261.528,879.056,341.917
-261.602,879.301,341.917
-261.675,879.545,341.917
-261.758,879.79,341.917
-261.832,880.035,341.917
-261.915,880.28,341.906
-261.988,880.535,341.906
-262.071,880.78,341.895
-262.145,881.025,341.884
-262.228,881.27,341.873
-262.302,881.514,341.873
-262.375,881.759,341.873
-262.458,882.004,341.873
-262.532,882.249,341.862
-262.605,882.493,341.851
-262.688,882.749,341.84
-262.762,882.994,341.84
-262.845,883.25,341.84
-262.919,883.494,341.84
-262.992,883.739,341.84
-263.075,883.984,341.829
-263.149,884.229,341.829
-263.232,884.485,341.818
-263.305,884.729,341.818
-263.379,884.974,341.807
-263.462,885.208,341.807
-263.545,885.452,341.807
-263.619,885.697,341.807
-263.692,885.942,341.796
-263.775,886.187,341.796
-263.849,886.442,341.785
-263.932,886.687,341.785
-264.005,886.932,341.785
-264.089,887.177,341.785
-264.162,887.421,341.774
-264.245,887.666,341.774
-264.319,887.911,341.774
-264.402,888.156,341.763
-264.475,888.4,341.763
-264.559,888.645,341.763
-264.632,888.879,341.752
-264.715,889.123,341.741
-264.789,889.368,341.741
-264.862,889.613,341.741
-264.945,889.858,341.73
-265.019,890.113,341.73
-265.092,890.358,341.73
-265.176,890.603,341.73
-265.249,890.848,341.719
-265.332,891.092,341.719
-265.406,891.326,341.719
-265.479,891.571,341.719
-265.563,891.815,341.719
-265.636,892.06,341.719
-265.719,892.305,341.719
-265.793,892.55,341.719
-265.876,892.794,341.708
-265.949,893.039,341.708
-266.033,893.284,341.708
-266.106,893.529,341.708
-266.18,893.773,341.719
-266.263,894.018,341.719
-266.336,894.263,341.719
-266.419,894.508,341.719
-266.493,894.763,341.708
-266.576,895.008,341.708
-266.659,895.253,341.708
-266.733,895.498,341.708
-266.816,895.754,341.719
-266.889,895.998,341.719
-266.963,896.243,341.719
-267.046,896.488,341.719
-267.119,896.732,341.719
-267.202,896.977,341.719
-267.276,897.233,341.719
-267.359,897.478,341.719
-267.442,897.723,341.73
-267.516,897.967,341.73
-267.599,898.212,341.73
-267.682,898.468,341.741
-267.755,898.713,341.741
-267.838,898.957,341.741
-267.921,899.213,341.73
-267.995,899.458,341.73
-268.078,899.703,341.73
-268.151,899.959,341.741
-268.234,900.203,341.752
-268.308,900.448,341.752
-268.391,900.704,341.752
-268.465,900.949,341.752
-268.548,901.193,341.741
-268.621,901.438,341.752
-268.704,901.694,341.752
-268.778,901.939,341.763
-268.861,902.183,341.763
-268.944,902.45,341.774
-269.027,902.706,341.774
-269.1,902.951,341.774
-269.183,903.207,341.774
-269.266,903.452,341.785
-269.34,903.685,341.796
-269.423,903.941,341.807
-269.497,904.186,341.818
-269.58,904.431,341.829
-269.653,904.686,341.84
-269.736,904.942,341.862
-269.819,905.198,341.873
-269.893,905.443,341.884
-269.976,905.699,341.895
-270.059,905.943,341.906
-270.132,906.199,341.927
-270.206,906.444,341.927
-270.289,906.7,341.938
-270.372,906.945,341.949
-270.445,907.2,341.96
-270.538,907.456,341.971
-270.611,907.712,341.982
-270.694,907.957,341.993
-270.768,908.213,342.004
-270.851,908.469,342.015
-270.924,908.713,342.026
-270.998,908.958,342.037
-271.081,909.214,342.048
-271.154,909.459,342.048
-271.237,909.714,342.059
-271.32,909.97,342.059
-271.394,910.226,342.07
-271.477,910.471,342.081
-271.55,910.727,342.081
-271.633,910.971,342.092
-271.707,911.227,342.092
-271.79,911.483,342.081
-271.873,911.739,342.092
-271.946,911.984,342.103
-272.029,912.24,342.103
-272.103,912.495,342.103
-272.186,912.751,342.103
-272.259,912.996,342.103
-272.342,913.252,342.103
-272.416,913.508,342.103
-272.498,913.763,342.103
-272.581,914.019,342.103
-272.655,914.264,342.103
-272.738,914.52,342.103
-272.811,914.776,342.092
-272.885,915.02,342.092
-272.968,915.276,342.092
-273.041,915.532,342.092
-273.124,915.777,342.092
-273.207,916.033,342.092
-273.281,916.3,342.092
-273.364,916.555,342.092
-273.437,916.8,342.092
-273.52,917.056,342.092
-273.594,917.312,342.081
-273.677,917.557,342.081
-273.76,917.812,342.081
-273.833,918.068,342.081
-273.916,918.324,342.07
-273.99,918.58,342.07
-274.073,918.836,342.07
-274.146,919.091,342.07
-274.229,919.347,342.059
-274.312,919.603,342.037
-274.385,919.859,342.037
-274.459,920.115,342.026
-274.542,920.371,342.015
-274.625,920.627,342.004
-274.698,920.882,341.993
-274.781,921.138,341.971
-274.864,921.394,341.949
-274.947,921.65,341.927
-275.021,921.906,341.917
-275.104,922.162,341.906
-275.187,922.417,341.895
-275.269,922.673,341.884
-275.352,922.94,341.862
-275.426,923.196,341.84
-275.509,923.452,341.829
-275.592,923.708,341.807
-275.675,923.953,341.796
-275.758,924.209,341.785
-275.831,924.464,341.763
-275.914,924.72,341.752
-275.997,924.976,341.73
-276.08,925.254,341.719
-276.163,925.51,341.697
-276.246,925.766,341.686
-276.329,926.022,341.675
-276.412,926.289,341.664
-276.485,926.522,341.664
-276.568,926.778,341.653
-276.651,927.034,341.642
-276.734,927.29,341.631
-276.817,927.546,341.62
-276.91,927.813,341.62
-276.993,928.069,341.609
-277.075,928.336,341.609
-277.158,928.592,341.609
-277.241,928.848,341.598
-277.324,929.114,341.598
-277.407,929.37,341.598
-277.49,929.626,341.587
-277.573,929.882,341.587
-277.647,930.138,341.587
-277.729,930.394,341.598
-277.812,930.65,341.609
-277.895,930.906,341.609
-277.978,931.161,341.62
-278.061,931.428,341.609
-278.144,931.695,341.62
-278.227,931.951,341.62
-278.31,932.218,341.631
-278.393,932.474,341.642
-278.476,932.73,341.653
-278.559,932.986,341.653
-278.642,933.242,341.653
-278.725,933.498,341.653
-278.808,933.753,341.653
-278.891,934.02,341.653
-278.983,934.276,341.664
-279.066,934.532,341.664
-279.149,934.799,341.675
-279.232,935.055,341.675
-279.315,935.311,341.686
-279.388,935.567,341.708
-279.471,935.823,341.719
-279.554,936.079,341.741
-279.637,936.334,341.763
-279.72,936.601,341.796
-279.793,936.857,341.818
-279.876,937.113,341.851
-279.959,937.369,341.873
-280.042,937.625,341.906
-280.116,937.892,341.938
-280.208,938.148,341.96
-280.282,938.403,341.993
-280.365,938.659,342.026
-280.448,938.915,342.059
-280.531,939.171,342.092
-280.614,939.427,342.114
-280.687,939.683,342.147
-280.77,939.939,342.18
-280.853,940.194,342.202
-280.926,940.45,342.224
-281.009,940.706,342.246
-281.083,940.962,342.279
-281.166,941.218,342.301
-281.239,941.474,342.323
-281.322,941.729,342.345
-281.396,941.985,342.378
-281.469,942.23,342.4
-281.552,942.486,342.422
-281.626,942.741,342.444
-281.708,942.997,342.477
-281.782,943.253,342.488
-281.865,943.509,342.51
-281.938,943.765,342.532
-282.012,944.021,342.554
-282.095,944.276,342.576
-282.168,944.521,342.587
-282.242,944.777,342.609
-282.315,945.022,342.62
-282.398,945.277,342.642
-282.472,945.533,342.675
-282.555,945.8,342.697
-282.628,946.056,342.719
-282.702,946.301,342.74
-282.785,946.557,342.762
-282.858,946.812,342.784
-282.922,947.046,342.806
-282.996,947.291,342.828
-283.069,947.535,342.861
-283.133,947.791,342.883
-283.207,948.036,342.916
-283.299,948.303,342.927
-283.373,948.558,342.949
-283.446,948.814,342.96
-283.52,949.059,342.971
-283.593,949.315,342.971
-283.667,949.559,342.971
-283.74,949.804,342.971
-283.814,950.049,342.96
-283.887,950.304,342.949
-283.961,950.549,342.938
-284.025,950.794,342.927
-284.098,951.038,342.916
-284.172,951.294,342.905
-284.245,951.539,342.894
-284.319,951.784,342.872
-284.383,952.028,342.839
-284.456,952.273,342.817
-284.53,952.518,342.795
-284.603,952.762,342.773
-284.677,953.007,342.729
-284.75,953.263,342.675
-284.824,953.507,342.631
-284.898,953.752,342.587
-284.962,953.986,342.532
-285.035,954.23,342.499
-285.128,954.442,342.444
-285.193,954.653,342.378
-285.266,954.887,342.312
-285.34,955.12,342.235
-285.414,955.354,342.18
-285.487,955.61,342.125
-285.561,955.866,342.092
-285.634,956.121,342.07
-285.708,956.377,342.048
-285.781,956.6,342.026
-285.836,956.811,342.015
-285.91,957,342.004
-285.975,957.212,341.993
-286.049,957.423,341.982
-286.113,957.634,341.982
-286.187,957.879,341.982
-286.26,958.102,341.971
-286.325,958.324,341.96
-286.399,958.535,341.96
-286.463,958.747,341.96
-286.518,958.947,341.949
-286.573,959.147,341.96
-286.647,959.358,341.982
-286.711,959.57,341.993
-286.776,959.77,342.015
-286.85,960.004,342.037
-286.914,960.215,342.048
-286.978,960.426,342.059
-287.043,960.638,342.081
-287.117,960.849,342.103
-287.172,961.06,342.125
-287.245,961.272,342.147
-287.31,961.483,342.158
-287.374,961.694,342.169
-287.439,961.906,342.18
-287.503,962.117,342.191
-287.567,962.328,342.213
-287.632,962.529,342.224
-287.696,962.74,342.235
-287.761,962.951,342.246
-287.825,963.174,342.257
-287.889,963.385,342.257
-287.954,963.596,342.268
-288.018,963.808,342.257
-288.083,964.019,342.257
-288.147,964.23,342.257
-288.221,964.442,342.268
-288.285,964.653,342.268
-288.35,964.864,342.268
-288.414,965.076,342.268
-288.478,965.309,342.268
-288.543,965.521,342.268
-288.607,965.743,342.268
-288.671,965.954,342.268
-288.736,966.166,342.257
-288.8,966.366,342.246
-288.874,966.577,342.235
-288.939,966.789,342.224
-289.003,967,342.202
-289.067,967.211,342.191
-289.131,967.456,342.191
-289.196,967.678,342.169
-289.26,967.89,342.158
-289.334,968.112,342.147
-289.398,968.324,342.136
-289.472,968.535,342.114
-289.536,968.757,342.103
-289.61,968.98,342.081
-289.675,969.191,342.07
-289.748,969.414,342.048
-289.813,969.625,342.037
-289.877,969.848,342.026
-289.951,970.07,342.004
-290.015,970.293,341.982
-290.08,970.504,341.96
-290.153,970.726,341.938
-290.227,970.949,341.927
-290.291,971.171,341.917
-290.365,971.394,341.906
-290.43,971.616,341.895
-290.503,971.839,341.873
-290.568,972.061,341.862
-290.641,972.284,341.84
-290.715,972.506,341.829
-290.779,972.729,341.807
-290.853,972.951,341.796
-290.918,973.174,341.785
-290.991,973.396,341.774
-291.065,973.619,341.763
-291.129,973.841,341.752
-291.203,974.064,341.752
-291.277,974.286,341.741
-291.341,974.508,341.73
-291.415,974.731,341.73
-291.489,974.954,341.719
-291.563,975.187,341.719
-291.636,975.41,341.719
-291.71,975.643,341.719
-291.784,975.866,341.719
-291.848,976.088,341.73
-291.922,976.322,341.73
-291.996,976.544,341.741
-292.069,976.767,341.741
-292.143,977,341.741
-292.217,977.223,341.752
-292.281,977.456,341.763
-292.355,977.69,341.774
-292.429,977.913,341.785
-292.502,978.146,341.796
-292.576,978.38,341.796
-292.65,978.602,341.796
-292.724,978.825,341.807
-292.797,979.058,341.807
-292.871,979.292,341.807
-292.945,979.515,341.818
-293.018,979.759,341.829
-293.092,979.993,341.84
-293.166,980.227,341.851
-293.239,980.449,341.84
-293.313,980.683,341.84
-293.377,980.916,341.851
-293.451,981.15,341.851
-293.525,981.372,341.862
-293.598,981.606,341.873
-293.672,981.839,341.873
-293.746,982.084,341.884
-293.819,982.318,341.884
-293.893,982.54,341.884
-293.967,982.774,341.884
-294.041,983.008,341.895
-294.114,983.241,341.895
-294.188,983.475,341.895
-294.262,983.708,341.906
-294.335,983.942,341.906
-294.409,984.176,341.906
-294.483,984.42,341.906
-294.556,984.654,341.917
-294.63,984.887,341.917
-294.704,985.121,341.917
-294.777,985.355,341.917
-294.851,985.588,341.917
-294.925,985.822,341.927
-294.998,986.055,341.927
-295.072,986.3,341.938
-295.146,986.534,341.938
-295.219,986.778,341.938
-295.293,987.012,341.938
-295.366,987.246,341.949
-295.44,987.479,341.949
-295.523,987.724,341.949
-295.588,987.946,341.96
-295.661,988.191,341.971
-295.735,988.425,341.971
-295.808,988.658,341.971
-295.882,988.892,341.971
-295.965,989.137,341.971
-296.039,989.381,341.982
-296.112,989.615,341.982
-296.186,989.849,341.993
-296.26,990.093,342.004
-296.333,990.327,342.004
-296.407,990.572,342.004
-296.481,990.805,341.993
-296.554,991.05,341.993
-296.628,991.284,341.993
-296.711,991.517,342.004
-296.785,991.762,342.004
-296.858,991.996,342.004
-296.932,992.24,342.004
-297.005,992.485,342.004
-297.079,992.719,342.004
-297.153,992.963,342.004
-297.226,993.197,342.004
-297.3,993.442,342.004
-297.374,993.675,342.015
-297.447,993.92,342.015
-297.521,994.153,342.015
-297.594,994.398,342.015
-297.668,994.632,342.015
-297.742,994.876,342.015
-297.825,995.121,342.015
-297.898,995.366,342.015
-297.972,995.6,342.015
-298.055,995.844,342.015
-298.129,996.089,342.015
-298.202,996.323,342.015
-298.276,996.567,342.026
-298.35,996.801,342.026
-298.423,997.046,342.026
-298.497,997.29,342.015
-298.58,997.535,342.015
-298.653,997.78,342.026
-298.727,998.013,342.026
-298.81,998.258,342.026
-298.884,998.503,342.037
-298.957,998.748,342.037
-299.04,998.992,342.026
-299.114,999.237,342.037
-299.187,999.482,342.037
-299.261,999.726,342.037
-299.344,999.971,342.048
-299.418,1000.216,342.048
-299.491,1000.461,342.048
-299.574,1000.705,342.048
-299.648,1000.95,342.037
-299.721,1001.206,342.037
-299.804,1001.451,342.037
-299.878,1001.695,342.037
-299.952,1001.94,342.048
-300.034,1002.196,342.048
-300.108,1002.441,342.037
-300.182,1002.685,342.037
-300.265,1002.93,342.037
-300.338,1003.175,342.037
-300.421,1003.431,342.037
-300.504,1003.675,342.037
-300.578,1003.92,342.037
-300.651,1004.176,342.037
-300.734,1004.421,342.037
-300.808,1004.665,342.037
-300.891,1004.921,342.037
-300.964,1005.177,342.048
-301.047,1005.422,342.037
-301.121,1005.678,342.037
-301.194,1005.922,342.037
-301.268,1006.178,342.048
-301.351,1006.423,342.037
-301.424,1006.679,342.037
-301.508,1006.923,342.026
-301.581,1007.179,342.015
-301.664,1007.435,342.004
-301.737,1007.68,342.004
-301.82,1007.936,341.993
-301.903,1008.192,341.982
-301.977,1008.436,341.982
-302.05,1008.703,341.971
-302.133,1008.948,341.96
-302.216,1009.204,341.949
-302.29,1009.46,341.938
-302.373,1009.704,341.927
-302.446,1009.949,341.917
-302.529,1010.205,341.917
-302.603,1010.461,341.906
-302.686,1010.705,341.895
-302.759,1010.961,341.873
-302.842,1011.228,341.862
-302.925,1011.484,341.851
-303.008,1011.74,341.84
-303.082,1011.996,341.84
-303.165,1012.252,341.829
-303.248,1012.496,341.818
-303.331,1012.752,341.807
-303.404,1013.008,341.796
-303.487,1013.253,341.785
-303.57,1013.509,341.763
-303.653,1013.754,341.752
-303.736,1014.009,341.73
-303.81,1014.265,341.719
-303.893,1014.521,341.708
-303.976,1014.766,341.686
-304.058,1015.044,341.675
-304.141,1015.289,341.653
-304.215,1015.544,341.642
-304.298,1015.8,341.62
-304.381,1016.056,341.609
-304.454,1016.301,341.598
-304.537,1016.557,341.587
-304.62,1016.813,341.576
-304.703,1017.069,341.565
-304.777,1017.324,341.554
-304.869,1017.58,341.532
-304.952,1017.836,341.521
-305.035,1018.092,341.51
-305.118,1018.337,341.51
-305.201,1018.593,341.499
-305.275,1018.849,341.488
-305.358,1019.104,341.477
-305.441,1019.36,341.466
-305.524,1019.616,341.444
-305.607,1019.872,341.444
-305.69,1020.128,341.433
-305.772,1020.384,341.422
-305.846,1020.64,341.411
-305.929,1020.884,341.4
-306.012,1021.14,341.389
-306.095,1021.396,341.378
-306.178,1021.652,341.356
-306.261,1021.897,341.356
-306.344,1022.153,341.345
-306.427,1022.409,341.334
-306.519,1022.676,341.323
-306.602,1022.932,341.301
-306.685,1023.176,341.29
-306.768,1023.432,341.279
-306.851,1023.688,341.279
-306.925,1023.944,341.29
-307.008,1024.189,341.301
-307.091,1024.445,341.312
-307.174,1024.7,341.312
-307.257,1024.945,341.334
-307.34,1025.201,341.345
-307.423,1025.446,341.367
-307.506,1025.702,341.378
-307.589,1025.947,341.4
-307.672,1026.202,341.411
-307.755,1026.458,341.422
-307.838,1026.714,341.444
-307.921,1026.97,341.455
-307.994,1027.215,341.477
-308.078,1027.46,341.499
-308.161,1027.704,341.51
-308.244,1027.949,341.532
-308.317,1028.205,341.554
-308.4,1028.45,341.587
-308.474,1028.694,341.609
-308.557,1028.939,341.631
-308.64,1029.184,341.653
-308.714,1029.429,341.664
-308.797,1029.673,341.686
-308.87,1029.918,341.697
-308.953,1030.163,341.719
-309.027,1030.408,341.741
-309.1,1030.652,341.763
-309.184,1030.886,341.774
-309.257,1031.131,341.785
-309.331,1031.364,341.796
-309.404,1031.609,341.807
-309.478,1031.843,341.818
-309.552,1032.076,341.829
-309.625,1032.31,341.84
-309.699,1032.532,341.851
-309.763,1032.766,341.862
-309.837,1032.988,341.873
-309.911,1033.222,341.884
-309.985,1033.456,341.895
-310.068,1033.689,341.906
-310.132,1033.912,341.927
-310.206,1034.145,341.938
-310.28,1034.368,341.949
-310.353,1034.601,341.96
-310.417,1034.824,341.982
-310.491,1035.057,341.993
-310.565,1035.28,342.004
-310.629,1035.502,342.015
-310.703,1035.736,342.026
-310.777,1035.97,342.026
-310.85,1036.192,342.037
-310.924,1036.415,342.037
-310.988,1036.648,342.037
-311.062,1036.871,342.037
-311.136,1037.104,342.037
-311.21,1037.327,342.037
-311.274,1037.549,342.026
-311.348,1037.783,342.015
-311.421,1038.005,342.004
-311.486,1038.228,341.993
-311.559,1038.45,341.993
-311.624,1038.673,341.982
-311.698,1038.895,341.982
-311.762,1039.129,341.982
-311.835,1039.362,341.982
-311.909,1039.585,341.971
-311.973,1039.807,341.96
-312.047,1040.03,341.949
-312.121,1040.263,341.949
-312.185,1040.475,341.949
-312.259,1040.697,341.949
-312.323,1040.92,341.938
-312.397,1041.142,341.938
-312.462,1041.365,341.938
-312.545,1041.609,341.938
-312.609,1041.832,341.938
-312.683,1042.054,341.938
-312.756,1042.277,341.938
-312.821,1042.499,341.938
-312.885,1042.711,341.938
-312.959,1042.933,341.927
-313.023,1043.156,341.927
-313.097,1043.378,341.927
-313.161,1043.589,341.927
-313.245,1043.823,341.927
-313.309,1044.046,341.938
-313.383,1044.268,341.927
-313.447,1044.49,341.927
-313.521,1044.702,341.938
-313.585,1044.924,341.938
-313.65,1045.136,341.949
-313.714,1045.358,341.949
-313.788,1045.581,341.949
-313.852,1045.792,341.96
-313.926,1046.026,341.949
-314,1046.248,341.949
-314.064,1046.47,341.949
-314.138,1046.682,341.949
-314.202,1046.904,341.96
-314.276,1047.127,341.96
-314.34,1047.349,341.96
-314.414,1047.561,341.96
-314.478,1047.783,341.96
-314.552,1048.006,341.96
-314.616,1048.217,341.96
-314.69,1048.44,341.96
-314.755,1048.662,341.96
-314.828,1048.884,341.96
-314.893,1049.107,341.96
-314.966,1049.329,341.96
-315.031,1049.541,341.96
-315.095,1049.763,341.949
-315.169,1049.986,341.949
-315.233,1050.208,341.949
-315.307,1050.431,341.949
-315.381,1050.642,341.949
-315.445,1050.864,341.96
-315.519,1051.087,341.96
-315.583,1051.309,341.96
-315.648,1051.532,341.96
-315.721,1051.754,341.96
-315.786,1051.977,341.96
-315.86,1052.188,341.96
-315.924,1052.411,341.96
-316.007,1052.622,341.96
-316.072,1052.845,341.971
-316.145,1053.067,341.971
-316.21,1053.29,341.971
-316.284,1053.501,341.96
-316.348,1053.746,341.96
-316.412,1053.957,341.971
-316.486,1054.179,341.971
-316.55,1054.402,341.971
-316.624,1054.624,341.982
-316.688,1054.836,341.982
-316.762,1055.047,341.993
-316.826,1055.27,341.993
-316.9,1055.492,341.993
-316.974,1055.715,341.993
-317.038,1055.948,342.004
-317.112,1056.171,342.004
-317.186,1056.393,342.004
-317.25,1056.616,342.015
-317.324,1056.838,342.026
-317.379,1057.038,342.026
-317.453,1057.261,342.026
-317.517,1057.472,342.026
-317.581,1057.694,342.026
-317.655,1057.917,342.037
-317.729,1058.151,342.048
-317.802,1058.384,342.048
-317.876,1058.607,342.059
-317.941,1058.829,342.059
-318.014,1059.052,342.07
-318.079,1059.252,342.081
-318.153,1059.463,342.081
-318.217,1059.686,342.081
-318.291,1059.908,342.081
-318.355,1060.12,342.081
-318.429,1060.364,342.092
-318.493,1060.598,342.103
-318.567,1060.82,342.103
-318.641,1061.043,342.114
-318.705,1061.265,342.125
-318.76,1061.465,342.136
-318.834,1061.677,342.147
-318.898,1061.899,342.158
-318.962,1062.111,342.169
-319.027,1062.333,342.18
-319.11,1062.556,342.18
-319.174,1062.778,342.191
-319.239,1063,342.191
-319.313,1063.212,342.202
-319.377,1063.434,342.202
-319.441,1063.646,342.213
-319.506,1063.857,342.213
-319.57,1064.068,342.213
-319.644,1064.291,342.224
-319.708,1064.502,342.213
-319.773,1064.714,342.213
-319.837,1064.925,342.224
-319.901,1065.136,342.224
-319.966,1065.336,342.224
-320.03,1065.548,342.224
-320.095,1065.748,342.224
-320.159,1065.959,342.224
-320.214,1066.159,342.224
-320.316,1066.449,342.202
-320.398,1066.738,342.202
-320.491,1067.027,342.191
-320.583,1067.316,342.18
-320.665,1067.617,342.191
-320.748,1067.906,342.191
-320.84,1068.184,342.202
-320.895,1068.384,342.202
-320.997,1068.662,342.202
-321.079,1068.951,342.213
-321.172,1069.23,342.224
-321.245,1069.508,342.235
-321.328,1069.786,342.246
-321.41,1070.064,342.257
-321.493,1070.331,342.257
-321.567,1070.52,342.246
-321.65,1070.787,342.235
-321.733,1071.054,342.224
-321.806,1071.321,342.202
-321.889,1071.577,342.169
-321.963,1071.843,342.158
-322.046,1072.099,342.169
-322.129,1072.344,342.18
-322.212,1072.6,342.202
-322.285,1072.856,342.202
-322.377,1073.134,342.202
-322.45,1073.412,342.202
-322.533,1073.679,342.213
-322.607,1073.935,342.224
-322.68,1074.168,342.235
-322.763,1074.435,342.246
-322.846,1074.691,342.246
-322.911,1074.891,342.246
-322.994,1075.169,342.257
-323.076,1075.436,342.268
-323.15,1075.692,342.279
-323.233,1075.959,342.29
-323.315,1076.226,342.29
-323.398,1076.493,342.29
-323.481,1076.771,342.29
-323.564,1077.038,342.29
-323.656,1077.316,342.301
-323.739,1077.583,342.312
-323.822,1077.861,342.323
-323.905,1078.128,342.323
-323.987,1078.406,342.323
-324.07,1078.684,342.312
-324.153,1078.951,342.323
-324.236,1079.229,342.323
-324.328,1079.518,342.334
-324.41,1079.796,342.323
-324.493,1080.075,342.312
-324.576,1080.341,342.301
-324.668,1080.62,342.279
-324.751,1080.909,342.268
-324.843,1081.198,342.257
-324.926,1081.476,342.246
-325.018,1081.765,342.235
-325.101,1082.043,342.213
-325.183,1082.321,342.202
-325.275,1082.611,342.18
-325.358,1082.9,342.169
-325.45,1083.189,342.147
-325.542,1083.478,342.125
-325.635,1083.756,342.114
-325.69,1083.956,342.103
-325.782,1084.246,342.092
-325.864,1084.535,342.07
-325.956,1084.824,342.059
-326.048,1085.113,342.037
-326.141,1085.403,342.015
-326.223,1085.692,341.993
-326.325,1085.981,341.993
-326.407,1086.27,341.971
-326.5,1086.559,341.949
-326.592,1086.849,341.927
-326.684,1087.138,341.917
-326.776,1087.427,341.895
-326.868,1087.716,341.895
-326.923,1087.917,341.884
-327.015,1088.206,341.873
-327.107,1088.495,341.851
-327.2,1088.773,341.829
-327.292,1089.051,341.818
-327.375,1089.34,341.807
-327.467,1089.63,341.796
-327.531,1089.83,341.785
-327.586,1090.03,341.774
-327.678,1090.319,341.763
-327.77,1090.609,341.752
-327.853,1090.875,341.741
-327.945,1091.165,341.741
-328.038,1091.443,341.741
-328.13,1091.732,341.73
-328.185,1091.932,341.73
-328.277,1092.21,341.719
-328.36,1092.488,341.719
-328.452,1092.767,341.697
-328.544,1093.045,341.697
-328.627,1093.312,341.686
-328.71,1093.579,341.686
-328.793,1093.846,341.686
-328.866,1094.101,341.686
-328.949,1094.357,341.697
-329.032,1094.591,341.708
-329.106,1094.847,341.719
-329.189,1095.092,341.719
-329.263,1095.325,341.73
-329.336,1095.57,341.741
-329.419,1095.804,341.752
-329.493,1096.048,341.763
-329.576,1096.293,341.774
-329.64,1096.527,341.774
-329.714,1096.76,341.774
-329.778,1096.972,341.763
-329.852,1097.183,341.763
-329.917,1097.394,341.785
-329.99,1097.617,341.807
-330.055,1097.828,341.84
-330.119,1098.039,341.862
-330.202,1098.295,341.873
-330.267,1098.496,341.873
-330.322,1098.696,341.873
-330.396,1098.896,341.873
-330.451,1099.096,341.884
-330.515,1099.296,341.895
-330.598,1099.541,341.917
-330.672,1099.797,341.927
-330.745,1100.031,341.949
-330.81,1100.253,341.949
-330.883,1100.476,341.96
-330.948,1100.687,341.971
-331.022,1100.909,341.993
-331.086,1101.121,342.015
-331.15,1101.332,342.026
-331.215,1101.532,342.037
-331.279,1101.755,342.059
-331.343,1101.977,342.081
-331.417,1102.189,342.092
-331.482,1102.4,342.114
-331.546,1102.611,342.125
-331.61,1102.834,342.136
-331.684,1103.045,342.147
-331.749,1103.268,342.147
-331.822,1103.501,342.158
-331.887,1103.724,342.18
-331.96,1103.957,342.191
-332.034,1104.191,342.213
-332.108,1104.424,342.213
-332.181,1104.658,342.202
-332.255,1104.903,342.18
-332.328,1105.147,342.158
-332.402,1105.392,342.147
-332.485,1105.648,342.136
-332.559,1105.893,342.125
-332.623,1106.093,342.114
-332.696,1106.349,342.081
-332.78,1106.593,342.048
-332.844,1106.794,342.015
-332.927,1107.061,341.982
-332.982,1107.261,341.949
-333.046,1107.461,341.927
-333.111,1107.661,341.917
-333.175,1107.862,341.895
-333.24,1108.062,341.873
-333.295,1108.262,341.851
-333.359,1108.462,341.818
-333.424,1108.662,341.785
-333.489,1108.863,341.763
-333.553,1109.074,341.73
-333.617,1109.274,341.708
-333.682,1109.486,341.686
-333.746,1109.686,341.664
-333.811,1109.897,341.642
-333.875,1110.097,341.62
-333.949,1110.309,341.598
-334.014,1110.509,341.576
-334.078,1110.72,341.565
-334.143,1110.921,341.543
-334.217,1111.132,341.521
-334.281,1111.332,341.499
-334.345,1111.544,341.477
-334.41,1111.755,341.455
-334.474,1111.966,341.444
-334.548,1112.178,341.433
-334.613,1112.389,341.433
-334.677,1112.601,341.411
-334.751,1112.812,341.4
-334.815,1113.023,341.389
-334.889,1113.235,341.367
-334.954,1113.446,341.345
-335.027,1113.658,341.334
-335.092,1113.869,341.323
-335.156,1114.08,341.323
-335.221,1114.292,341.323
-335.295,1114.503,341.334
-335.369,1114.714,341.323
-335.433,1114.926,341.323
-335.507,1115.137,341.301
-335.571,1115.348,341.279
-335.645,1115.56,341.268
-335.71,1115.771,341.257
-335.783,1115.983,341.268
-335.848,1116.194,341.29
-335.912,1116.405,341.312
-335.977,1116.617,341.334
-336.051,1116.817,341.345
-336.115,1117.028,341.356
-336.189,1117.229,341.378
-336.244,1117.44,341.411
-336.327,1117.696,341.455
-336.391,1117.896,341.499
-336.475,1118.141,341.565
-336.558,1118.386,341.609
-336.631,1118.619,341.642
-336.705,1118.842,341.686
-336.779,1119.064,341.719
-336.843,1119.276,341.752
-336.908,1119.476,341.796
-336.963,1119.676,341.829
-337.037,1119.91,341.873
-337.11,1120.132,341.906
-337.175,1120.344,341.938
-337.239,1120.544,341.971
-337.304,1120.766,342.004
-337.377,1120.989,342.07
-337.442,1121.189,342.114
-337.506,1121.389,342.125
-337.561,1121.6,342.147
-337.626,1121.801,342.158
-337.69,1122.001,342.191
-337.755,1122.201,342.235
-337.81,1122.401,342.301
