-0.342,4.449,252.795
-0.332,4.449,252.795
-0.342,4.449,252.806
-0.332,4.449,252.806
-0.332,4.438,252.806
-0.332,4.449,252.806
-0.332,4.438,252.806
-0.323,4.438,252.817
-0.332,4.438,252.817
-0.323,4.438,252.817
-0.323,4.449,252.817
-0.323,4.438,252.817
-0.323,4.449,252.817
-0.323,4.438,252.817
-0.323,4.449,252.806
-0.323,4.438,252.806
-0.323,4.449,252.817
-0.323,4.438,252.817
-0.323,4.449,252.817
-0.313,4.449,252.817
-0.323,4.449,252.817
-0.313,4.449,252.817
-0.313,4.438,252.817
-0.313,4.449,252.817
-0.313,4.438,252.817
-0.313,4.449,252.817
-0.313,4.438,252.817
-0.313,4.449,252.806
-0.313,4.438,252.806
-0.323,4.438,252.806
-0.313,4.438,252.806
-0.323,4.438,252.806
-0.313,4.438,252.806
-0.323,4.438,252.817
-0.313,4.438,252.817
-0.323,4.438,252.817
-0.313,4.438,252.817
-0.323,4.438,252.817
-0.323,4.449,252.806
-0.323,4.438,252.806
-0.323,4.449,252.806
-0.323,4.438,252.806
-0.323,4.449,252.806
-0.323,4.438,252.806
-0.323,4.449,252.817
-0.323,4.438,252.828
-0.323,4.449,252.817
-0.323,4.438,252.828
-0.323,4.449,252.828
-0.323,4.438,252.828
-0.323,4.449,252.817
-0.323,4.438,252.828
-0.323,4.449,252.828
-0.323,4.438,252.839
-0.332,4.438,252.850
-0.342,4.438,252.850
-0.352,4.438,252.850
-0.361,4.438,252.883
-0.361,4.427,252.894
-0.371,4.427,252.894
-0.380,4.427,252.905
-0.390,4.427,252.927
-0.399,4.427,252.938
-0.409,4.428,252.949
-0.409,4.416,252.949
-0.428,4.417,252.971
-0.438,4.417,252.971
-0.447,4.406,252.993
-0.457,4.406,253.015
-0.466,4.406,253.026
-0.476,4.406,253.048
-0.476,4.395,253.059
-0.485,4.395,253.059
-0.495,4.395,253.070
-0.505,4.395,253.092
-0.514,4.395,253.103
-0.514,4.384,253.103
-0.524,4.384,253.103
-0.533,4.385,253.114
-0.543,4.385,253.114
-0.552,4.374,253.125
-0.562,4.374,253.136
-0.572,4.363,253.136
-0.591,4.363,253.147
-0.610,4.363,253.147
-0.619,4.363,253.158
-0.629,4.352,253.169
-0.638,4.352,253.180
-0.648,4.353,253.202
-0.658,4.353,253.213
-0.658,4.342,253.235
-0.677,4.342,253.246
-0.696,4.331,253.268
-0.705,4.331,253.279
-0.715,4.331,253.290
-0.725,4.331,253.290
-0.734,4.320,253.301
-0.744,4.320,253.312
-0.753,4.320,253.312
-0.772,4.310,253.323
-0.791,4.310,253.323
-0.801,4.310,253.334
-0.811,4.299,253.345
-0.820,4.299,253.356
-0.830,4.299,253.367
-0.839,4.299,253.378
-0.849,4.288,253.389
-0.868,4.288,253.400
-0.878,4.289,253.400
-0.887,4.278,253.411
-0.897,4.278,253.422
-0.906,4.278,253.433
-0.916,4.278,253.433
-0.916,4.267,253.444
-0.925,4.267,253.455
-0.935,4.267,253.455
-0.945,4.267,253.466
-0.964,4.256,253.477
-0.983,4.256,253.488
-0.992,4.257,253.499
-1.002,4.246,253.510
-1.011,4.246,253.510
-1.021,4.246,253.521
-1.031,4.246,253.531
-1.040,4.235,253.542
-1.050,4.235,253.542
-1.059,4.224,253.553
-1.078,4.224,253.553
-1.098,4.225,253.564
-1.107,4.214,253.575
-1.117,4.214,253.575
-1.126,4.214,253.586
-1.136,4.203,253.597
-1.155,4.203,253.608
-1.164,4.203,253.619
-1.174,4.192,253.619
-1.193,4.192,253.630
-1.212,4.181,253.630
-1.222,4.182,253.641
-1.241,4.182,253.641
-1.251,4.171,253.652
-1.260,4.171,253.663
-1.270,4.171,253.663
-1.289,4.171,253.674
-1.298,4.160,253.685
-1.308,4.160,253.707
-1.327,4.161,253.718
-1.346,4.150,253.740
-1.365,4.139,253.751
-1.375,4.139,253.762
-1.394,4.139,253.773
-1.404,4.128,253.784
-1.413,4.128,253.795
-1.432,4.128,253.795
-1.442,4.117,253.806
-1.461,4.118,253.806
-1.480,4.107,253.806
-1.499,4.107,253.806
-1.509,4.096,253.806
-1.528,4.096,253.806
-1.547,4.085,253.806
-1.557,4.085,253.806
-1.576,4.086,253.795
-1.585,4.075,253.795
-1.604,4.075,253.795
-1.624,4.064,253.795
-1.643,4.064,253.784
-1.662,4.053,253.773
-1.681,4.054,253.773
-1.700,4.043,253.762
-1.710,4.043,253.762
-1.729,4.032,253.751
-1.748,4.032,253.740
-1.767,4.021,253.740
-1.786,4.021,253.729
-1.805,4.022,253.729
-1.824,4.011,253.740
-1.844,4.000,253.740
-1.863,4.000,253.740
-1.882,3.989,253.740
-1.901,3.989,253.740
-1.920,3.979,253.751
-1.939,3.979,253.751
-1.958,3.968,253.751
-1.987,3.968,253.751
-2.006,3.957,253.751
-2.025,3.947,253.740
-2.044,3.947,253.740
-2.073,3.936,253.740
-2.092,3.936,253.729
-2.111,3.925,253.729
-2.130,3.925,253.729
-2.150,3.915,253.718
-2.178,3.904,253.718
-2.197,3.904,253.718
-2.217,3.893,253.718
-2.245,3.894,253.718
-2.264,3.883,253.718
-2.293,3.872,253.718
-2.312,3.872,253.729
-2.331,3.861,253.729
-2.350,3.861,253.740
-2.379,3.851,253.740
-2.398,3.840,253.740
-2.417,3.840,253.740
-2.446,3.829,253.740
-2.465,3.829,253.762
-2.484,3.819,253.762
-2.513,3.808,253.762
-2.532,3.808,253.773
-2.561,3.797,253.773
-2.580,3.786,253.784
-2.599,3.787,253.795
-2.628,3.776,253.795
-2.647,3.776,253.806
-2.666,3.765,253.817
-2.695,3.754,253.806
-2.724,3.744,253.817
-2.743,3.744,253.828
-2.771,3.733,253.839
-2.790,3.733,253.839
-2.810,3.722,253.850
-2.838,3.712,253.850
-2.857,3.712,253.850
-2.886,3.701,253.850
-2.915,3.690,253.850
-2.934,3.690,253.850
-2.953,3.680,253.850
-2.982,3.669,253.850
-3.001,3.669,253.850
-3.030,3.658,253.839
-3.058,3.659,253.839
-3.077,3.648,253.839
-3.106,3.637,253.839
-3.125,3.637,253.839
-3.154,3.626,253.839
-3.173,3.616,253.850
-3.202,3.605,253.850
-3.230,3.605,253.861
-3.250,3.594,253.872
-3.278,3.583,253.872
-3.307,3.584,253.883
-3.326,3.573,253.883
-3.355,3.562,253.883
-3.383,3.562,253.883
-3.403,3.552,253.894
-3.431,3.541,253.894
-3.460,3.541,253.883
-3.479,3.530,253.894
-3.508,3.519,253.894
-3.537,3.509,253.894
-3.565,3.509,253.894
-3.584,3.498,253.883
-3.613,3.487,253.883
-3.642,3.488,253.883
-3.670,3.477,253.883
-3.690,3.466,253.883
-3.718,3.455,253.883
-3.747,3.456,253.883
-3.776,3.445,253.883
-3.804,3.434,253.883
-3.823,3.434,253.894
-3.852,3.423,253.894
-3.881,3.413,253.894
-3.909,3.413,253.894
-3.938,3.402,253.894
-3.967,3.391,253.905
-3.986,3.381,253.905
-4.015,3.381,253.905
-4.043,3.370,253.905
-4.072,3.359,253.916
-4.101,3.349,253.916
-4.129,3.349,253.916
-4.158,3.338,253.927
-4.187,3.327,253.927
-4.216,3.317,253.927
-4.235,3.317,253.927
-4.263,3.306,253.927
-4.292,3.295,253.938
-4.321,3.285,253.938
-4.349,3.285,253.938
-4.378,3.274,253.938
-4.407,3.263,253.949
-4.435,3.253,253.938
-4.464,3.253,253.938
-4.493,3.242,253.938
-4.522,3.231,253.938
-4.550,3.221,253.927
-4.579,3.221,253.927
-4.608,3.210,253.927
-4.636,3.199,253.938
-4.665,3.189,253.938
-4.694,3.178,253.938
-4.722,3.178,253.938
-4.751,3.167,253.949
-4.780,3.157,253.949
-4.808,3.146,253.949
-4.828,3.146,253.960
-4.856,3.135,253.960
-4.885,3.124,253.960
-4.914,3.114,253.960
-4.942,3.114,253.960
-4.971,3.103,253.960
-5.000,3.092,253.971
-5.028,3.082,253.971
-5.057,3.082,253.971
-5.086,3.071,253.971
-5.115,3.060,253.960
-5.143,3.050,253.960
-5.172,3.039,253.960
-5.201,3.039,253.949
-5.229,3.028,253.949
-5.258,3.018,253.938
-5.287,3.007,253.938
-5.315,3.007,253.938
-5.344,2.996,253.927
-5.373,2.986,253.927
-5.401,2.975,253.927
-5.430,2.964,253.927
-5.459,2.964,253.927
-5.488,2.954,253.927
-5.516,2.943,253.927
-5.545,2.932,253.927
-5.574,2.932,253.938
-5.602,2.922,253.938
-5.631,2.911,253.938
-5.660,2.900,253.938
-5.688,2.900,253.927
-5.717,2.890,253.927
-5.746,2.879,253.927
-5.774,2.868,253.916
-5.803,2.857,253.916
-5.832,2.858,253.905
-5.860,2.847,253.905
-5.899,2.836,253.905
-5.927,2.826,253.905
-5.947,2.826,253.894
-5.975,2.815,253.894
-6.004,2.804,253.894
-6.042,2.794,253.894
-6.071,2.783,253.894
-6.100,2.783,253.894
-6.128,2.772,253.894
-6.157,2.762,253.883
-6.186,2.751,253.883
-6.214,2.740,253.883
-6.253,2.740,253.883
-6.272,2.730,253.894
-6.300,2.719,253.894
-6.329,2.708,253.894
-6.358,2.697,253.894
-6.396,2.698,253.894
-6.425,2.687,253.905
-6.453,2.676,253.905
-6.482,2.665,253.905
-6.511,2.655,253.905
-6.540,2.644,253.894
-6.568,2.644,253.894
-6.606,2.633,253.883
-6.635,2.623,253.883
-6.664,2.612,253.872
-6.693,2.601,253.861
-6.721,2.601,253.850
-6.759,2.591,253.828
-6.788,2.580,253.806
-6.817,2.569,253.795
-6.846,2.570,253.784
-6.874,2.559,253.762
-6.903,2.548,253.740
-6.932,2.537,253.718
-6.970,2.527,253.696
-6.999,2.516,253.674
-7.027,2.516,253.652
-7.056,2.505,253.630
-7.094,2.495,253.608
-7.123,2.484,253.586
-7.152,2.473,253.564
-7.180,2.462,253.542
-7.209,2.452,253.521
-7.247,2.441,253.499
-7.276,2.441,253.488
-7.305,2.431,253.466
-7.343,2.420,253.444
-7.372,2.409,253.433
-7.400,2.398,253.411
-7.439,2.388,253.389
-7.467,2.377,253.356
-7.496,2.366,253.334
-7.525,2.366,253.301
-7.553,2.356,253.279
-7.592,2.345,253.257
-7.620,2.334,253.235
-7.649,2.323,253.213
-7.687,2.313,253.180
-7.716,2.302,253.158
-7.754,2.291,253.125
-7.783,2.281,253.103
-7.812,2.270,253.081
-7.840,2.259,253.059
-7.879,2.260,253.026
-7.907,2.249,253.004
-7.946,2.238,252.982
-7.974,2.227,252.960
-8.013,2.217,252.938
-8.041,2.206,252.927
-8.080,2.195,252.905
-8.108,2.184,252.872
-8.137,2.174,252.850
-8.166,2.163,252.828
-8.204,2.152,252.795
-8.233,2.141,252.762
-8.261,2.142,252.740
-8.299,2.131,252.708
-8.328,2.120,252.675
-8.357,2.110,252.642
-8.395,2.099,252.609
-8.424,2.088,252.587
-8.453,2.077,252.554
-8.481,2.067,252.521
-8.520,2.056,252.488
-8.548,2.045,252.466
-8.577,2.034,252.433
-8.606,2.035,252.400
-8.634,2.024,252.378
-8.663,2.013,252.356
-8.692,2.002,252.334
-8.721,1.992,252.312
-8.740,1.981,252.301
-8.768,1.970,252.279
-8.797,1.970,252.268
-8.826,1.960,252.246
-8.854,1.949,252.224
-8.883,1.938,252.202
-8.902,1.938,252.180
-8.931,1.927,252.158
-8.960,1.917,252.125
-8.979,1.906,252.092
-8.998,1.895,252.070
-9.027,1.895,252.048
-9.046,1.884,252.026
-9.075,1.874,252.004
-9.094,1.874,251.982
-9.122,1.863,251.960
-9.142,1.852,251.938
-9.161,1.852,251.917
-9.189,1.842,251.895
-9.208,1.842,251.873
-9.218,1.831,251.851
-9.237,1.820,251.829
-9.256,1.820,251.818
-9.275,1.809,251.796
-9.295,1.810,251.785
-9.314,1.799,251.774
-9.333,1.799,251.763
-9.342,1.788,251.741
-9.362,1.788,251.730
-9.381,1.777,251.719
-9.390,1.777,251.697
-9.400,1.766,251.686
-9.419,1.767,251.675
-9.429,1.756,251.664
-9.438,1.756,251.653
-9.457,1.756,251.642
-9.467,1.745,251.631
-9.476,1.745,251.620
-9.486,1.745,251.598
-9.495,1.745,251.587
-9.496,1.734,251.576
-9.505,1.734,251.565
-9.515,1.734,251.554
-9.524,1.734,251.543
-9.534,1.723,251.532
-9.543,1.724,251.521
-9.553,1.724,251.510
-9.562,1.724,251.499
-9.563,1.713,251.488
-9.572,1.713,251.488
-9.582,1.713,251.488
-9.572,1.713,251.510
-9.563,1.713,251.510
-9.553,1.724,251.554
-9.562,1.724,251.532
-9.563,1.713,251.587
-9.553,1.724,251.543
-9.553,1.713,251.554
-9.553,1.724,251.554
-9.543,1.724,251.565
-9.553,1.713,251.565
-9.563,1.713,251.631
-9.572,1.713,251.609
-9.572,1.702,251.609
-9.582,1.702,251.609
-9.591,1.702,251.620
-9.601,1.702,251.631
-9.610,1.702,251.642
-9.610,1.691,251.642
-9.620,1.691,251.653
-9.630,1.691,251.653
-9.639,1.691,251.653
-9.649,1.680,251.664
-9.658,1.681,251.653
-9.668,1.681,251.653
-9.677,1.681,251.653
-9.677,1.670,251.653
-9.687,1.670,251.664
-9.696,1.670,251.664
-9.706,1.659,251.664
-9.716,1.659,251.664
-9.725,1.659,251.675
-9.735,1.659,251.675
-9.744,1.648,251.686
-9.754,1.648,251.686
-9.763,1.648,251.697
-9.773,1.649,251.697
-9.783,1.638,251.708
-9.792,1.638,251.719
-9.802,1.638,251.719
-9.821,1.627,251.730
-9.830,1.627,251.730
-9.840,1.627,251.741
-9.850,1.616,251.741
-9.859,1.616,251.741
-9.878,1.605,251.741
-9.888,1.605,251.741
-9.897,1.606,251.741
-9.917,1.595,251.741
-9.926,1.595,251.741
-9.936,1.595,251.741
-9.945,1.584,251.730
-9.964,1.584,251.719
-9.974,1.573,251.708
-9.993,1.573,251.697
-10.003,1.562,251.686
-10.022,1.563,251.675
-10.031,1.563,251.664
-10.051,1.552,251.653
-10.060,1.552,251.642
-10.079,1.541,251.631
-10.089,1.541,251.609
-10.108,1.530,251.598
-10.118,1.530,251.576
-10.137,1.520,251.565
-10.156,1.520,251.543
-10.165,1.509,251.521
-10.184,1.509,251.499
-10.204,1.498,251.488
-10.223,1.498,251.466
-10.242,1.487,251.444
-10.251,1.488,251.411
-10.271,1.477,251.389
-10.290,1.477,251.367
-10.309,1.466,251.345
-10.328,1.455,251.312
-10.347,1.455,251.290
-10.366,1.444,251.268
-10.385,1.445,251.235
-10.405,1.434,251.213
-10.424,1.423,251.180
-10.443,1.423,251.147
-10.462,1.412,251.115
-10.481,1.412,251.082
-10.500,1.402,251.049
-10.519,1.391,251.016
-10.539,1.391,250.983
-10.558,1.380,250.939
-10.586,1.369,250.906
-10.606,1.369,250.862
-10.625,1.359,250.829
-10.644,1.348,250.785
-10.663,1.348,250.741
-10.692,1.337,250.708
-10.711,1.326,250.664
-10.730,1.315,250.609
-10.749,1.316,250.565
-10.778,1.305,250.521
-10.797,1.294,250.466
-10.826,1.294,250.411
-10.845,1.283,250.356
-10.864,1.273,250.302
-10.893,1.262,250.236
-10.912,1.251,250.170
-10.931,1.251,250.115
-10.960,1.240,250.038
-10.979,1.229,249.972
-11.008,1.219,249.895
-11.027,1.208,249.829
-11.055,1.208,249.752
-11.084,1.197,249.664
-11.103,1.187,249.587
-11.122,1.176,249.500
-11.151,1.165,249.412
-11.180,1.154,249.335
-11.199,1.143,249.247
-11.228,1.144,249.159
-11.256,1.133,249.071
-11.276,1.122,248.972
-11.304,1.111,248.884
-11.333,1.100,248.785
-11.362,1.090,248.698
-11.381,1.079,248.599
-11.410,1.068,248.500
-11.438,1.057,248.401
-11.458,1.046,248.302
-11.486,1.036,248.192
-11.515,1.025,248.082
-11.544,1.014,247.972
-11.572,1.003,247.863
-11.601,0.992,247.753
-11.620,0.982,247.643
-11.649,0.971,247.522
-11.678,0.960,247.412
-11.707,0.949,247.291
-11.735,0.939,247.170
-11.764,0.928,247.061
-11.793,0.917,246.940
-11.821,0.906,246.819
-11.850,0.884,246.687
-11.879,0.874,246.566
-11.908,0.863,246.434
-11.927,0.852,246.313
-11.956,0.841,246.182
-11.984,0.830,246.050
-12.023,0.809,245.929
-12.051,0.798,245.797
-12.080,0.787,245.665
-12.109,0.776,245.533
-12.138,0.766,245.402
-12.166,0.744,245.270
-12.195,0.733,245.127
-12.224,0.722,244.995
-12.253,0.700,244.852
-12.281,0.690,244.709
-12.320,0.679,244.567
-12.348,0.657,244.424
-12.377,0.646,244.270
-12.406,0.636,244.116
-12.444,0.614,243.951
-12.473,0.603,243.787
-12.502,0.581,243.622
-12.531,0.570,243.457
-12.559,0.549,243.281
-12.598,0.538,243.105
-12.627,0.516,242.919
-12.655,0.505,242.732
-12.694,0.495,242.556
-12.722,0.473,242.358
-12.751,0.451,242.172
-12.789,0.440,241.974
-12.818,0.418,241.765
-12.847,0.408,241.567
-12.885,0.386,241.359
-12.914,0.364,241.150
-12.943,0.353,240.941
-12.981,0.331,240.732
-13.010,0.310,240.524
-13.048,0.299,240.304
-13.077,0.277,240.095
-13.116,0.255,239.875
-13.144,0.233,239.656
-13.173,0.223,239.436
-13.202,0.201,239.216
-13.240,0.179,238.997
-13.269,0.157,238.777
-13.308,0.136,238.557
-13.336,0.114,238.326
-13.375,0.103,238.096
-13.404,0.081,237.865
-13.442,0.059,237.634
-13.471,0.038,237.393
-13.500,0.016,237.151
-13.538,-0.006,236.909
-13.567,-0.028,236.656
-13.605,-0.050,236.415
-13.644,-0.071,236.162
-13.672,-0.093,235.909
-13.711,-0.115,235.646
-13.740,-0.148,235.393
-13.778,-0.170,235.129
-13.807,-0.192,234.877
-13.836,-0.213,234.613
-13.874,-0.235,234.349
-13.903,-0.257,234.086
-13.942,-0.290,233.822
-13.970,-0.312,233.558
-14.009,-0.333,233.295
-14.038,-0.355,233.031
-14.076,-0.388,232.767
-14.105,-0.410,232.493
-14.143,-0.432,232.218
-14.172,-0.465,231.943
-14.201,-0.487,231.658
-14.240,-0.519,231.383
-14.268,-0.541,231.086
-14.307,-0.563,230.801
-14.336,-0.596,230.504
-14.374,-0.618,230.197
-14.403,-0.651,229.900
-14.442,-0.672,229.581
-14.470,-0.705,229.274
-14.499,-0.727,228.955
-14.538,-0.760,228.636
-14.567,-0.793,228.307
-14.596,-0.815,227.988
-14.634,-0.848,227.659
-14.663,-0.880,227.329
-14.692,-0.902,227.000
-14.730,-0.935,226.659
-14.759,-0.968,226.329
-14.788,-0.990,225.978
-14.817,-1.023,225.637
-14.856,-1.056,225.286
-14.885,-1.089,224.934
-14.914,-1.122,224.572
-14.943,-1.155,224.209
-14.981,-1.176,223.835
-15.010,-1.209,223.462
-15.039,-1.242,223.088
-15.068,-1.275,222.704
-15.097,-1.308,222.319
-15.126,-1.341,221.935
-15.155,-1.374,221.539
-15.184,-1.407,221.144
-15.213,-1.451,220.737
-15.251,-1.484,220.331
-15.280,-1.517,219.924
-15.309,-1.550,219.518
-15.338,-1.583,219.100
-15.367,-1.615,218.672
-15.387,-1.648,218.243
-15.416,-1.681,217.826
-15.445,-1.725,217.397
-15.474,-1.758,216.958
-15.503,-1.791,216.530
-15.532,-1.835,216.090
-15.561,-1.868,215.651
-15.580,-1.901,215.200
-15.609,-1.945,214.750
-15.638,-1.978,214.299
-15.658,-2.022,213.849
-15.687,-2.055,213.398
-15.716,-2.099,212.937
-15.735,-2.132,212.487
-15.764,-2.176,212.025
-15.784,-2.209,211.575
-15.813,-2.253,211.124
-15.832,-2.287,210.674
-15.861,-2.331,210.223
-15.881,-2.364,209.784
-15.910,-2.408,209.333
-15.920,-2.452,208.883
-15.939,-2.485,208.444
-15.968,-2.529,208.004
-15.988,-2.573,207.565
-16.007,-2.606,207.125
-16.027,-2.650,206.675
-16.046,-2.694,206.235
-16.066,-2.738,205.785
-16.095,-2.782,205.323
-16.105,-2.827,204.895
-16.125,-2.871,204.434
-16.144,-2.915,203.961
-16.164,-2.959,203.489
-16.183,-3.003,203.005
-16.203,-3.047,202.533
-16.222,-3.091,202.050
-16.242,-3.136,201.566
-16.261,-3.180,201.083
-16.281,-3.224,200.610
-16.291,-3.257,200.094
-16.301,-3.301,199.611
-16.320,-3.345,199.138
-16.340,-3.389,198.677
-16.350,-3.434,198.204
-16.370,-3.478,197.743
-16.380,-3.522,197.281
-16.399,-3.566,196.809
-16.409,-3.610,196.348
-16.429,-3.655,195.886
-16.439,-3.699,195.458
-16.449,-3.754,194.985
-16.459,-3.798,194.524
-16.479,-3.842,194.052
-16.489,-3.898,193.579
-16.499,-3.942,193.107
-16.509,-3.986,192.645
-16.519,-4.030,192.173
-16.529,-4.075,191.711
-16.539,-4.119,191.250
-16.549,-4.163,190.767
-16.549,-4.207,190.316
-16.559,-4.263,189.877
-16.560,-4.307,189.426
-16.570,-4.351,188.998
-16.580,-4.396,188.558
-16.580,-4.440,188.130
-16.591,-4.495,187.712
-16.601,-4.539,187.295
-16.601,-4.584,186.877
-16.611,-4.628,186.449
-16.612,-4.683,186.053
-16.612,-4.728,185.636
-16.622,-4.783,185.219
-16.623,-4.827,184.801
-16.633,-4.872,184.384
-16.633,-4.927,183.955
-16.634,-4.971,183.549
-16.644,-5.016,183.131
-16.645,-5.071,182.725
-16.645,-5.115,182.307
-16.646,-5.160,181.912
-16.646,-5.204,181.527
-16.647,-5.259,181.143
-16.647,-5.304,180.769
-16.648,-5.348,180.406
-16.648,-5.404,180.044
-16.649,-5.448,179.681
-16.649,-5.503,179.319
-16.650,-5.548,178.978
-16.650,-5.603,178.649
-16.641,-5.648,178.308
-16.642,-5.703,177.957
-16.643,-5.747,177.627
-16.643,-5.803,177.286
-16.634,-5.847,176.946
-16.635,-5.903,176.616
-16.635,-5.947,176.287
-16.626,-6.002,175.968
-16.627,-6.047,175.649
-16.618,-6.102,175.309
-16.609,-6.147,175.001
-16.609,-6.191,174.694
-16.600,-6.247,174.386
-16.601,-6.291,174.089
-16.592,-6.346,173.793
-16.583,-6.391,173.507
-16.583,-6.446,173.232
-16.575,-6.502,172.958
-16.566,-6.546,172.683
-16.557,-6.602,172.441
-16.557,-6.646,172.178
-16.548,-6.702,171.925
-16.539,-6.757,171.672
-16.530,-6.802,171.431
-16.521,-6.857,171.200
-16.512,-6.902,170.969
-16.503,-6.957,170.739
-16.504,-7.013,170.508
-16.495,-7.057,170.277
-16.486,-7.113,170.057
-16.467,-7.157,169.827
-16.458,-7.213,169.607
-16.449,-7.257,169.387
-16.440,-7.313,169.167
-16.432,-7.368,168.948
-16.423,-7.413,168.739
-16.414,-7.468,168.530
-16.405,-7.512,168.322
-16.396,-7.568,168.113
-16.377,-7.624,167.915
-16.368,-7.668,167.706
-16.359,-7.724,167.509
-16.341,-7.779,167.300
-16.332,-7.824,167.102
-16.323,-7.879,166.893
-16.314,-7.935,166.696
-16.295,-7.979,166.487
-16.286,-8.035,166.289
-16.268,-8.090,166.080
-16.259,-8.146,165.883
-16.240,-8.190,165.674
-16.231,-8.246,165.476
-16.213,-8.302,165.278
-16.204,-8.346,165.070
-16.186,-8.402,164.872
-16.177,-8.457,164.674
-16.158,-8.513,164.476
-16.149,-8.557,164.279
-16.131,-8.613,164.081
-16.112,-8.669,163.883
-16.103,-8.724,163.696
-16.085,-8.769,163.499
-16.066,-8.824,163.323
-16.057,-8.880,163.136
-16.039,-8.935,162.960
-16.020,-8.991,162.784
-16.002,-9.036,162.620
-15.993,-9.091,162.455
-15.974,-9.147,162.290
-15.956,-9.202,162.136
-15.938,-9.258,161.982
-15.919,-9.303,161.840
-15.901,-9.358,161.697
-15.882,-9.414,161.554
-15.864,-9.469,161.422
-15.845,-9.525,161.290
-15.836,-9.581,161.180
-15.818,-9.625,161.071
-15.799,-9.681,160.961
-15.781,-9.736,160.862
-15.753,-9.792,160.763
-15.734,-9.848,160.686
-15.716,-9.903,160.609
-15.697,-9.959,160.543
-15.679,-10.004,160.477
-15.660,-10.059,160.422
-15.642,-10.115,160.367
-15.623,-10.170,160.323
-15.605,-10.226,160.280
-15.577,-10.282,160.247
-15.559,-10.337,160.214
-15.540,-10.393,160.181
-15.522,-10.449,160.159
-15.503,-10.504,160.126
-15.475,-10.560,160.104
-15.457,-10.616,160.082
-15.438,-10.671,160.071
-15.420,-10.727,160.049
-15.401,-10.783,160.038
-15.383,-10.838,160.027
-15.364,-10.894,160.016
-15.336,-10.950,160.016
-15.318,-11.005,160.016
-15.300,-11.061,160.016
-15.281,-11.116,160.016
-15.263,-11.172,160.027
-15.244,-11.228,160.038
-15.216,-11.283,160.038
-15.198,-11.339,160.060
-15.179,-11.395,160.071
-15.161,-11.450,160.082
-15.142,-11.506,160.093
-15.114,-11.562,160.115
-15.096,-11.617,160.126
-15.078,-11.673,160.148
-15.059,-11.729,160.170
-15.041,-11.784,160.192
-15.022,-11.840,160.214
-14.994,-11.896,160.236
-14.976,-11.962,160.258
-14.957,-12.018,160.280
-14.929,-12.074,160.312
-14.911,-12.129,160.334
-14.892,-12.185,160.367
-14.874,-12.241,160.400
-14.856,-12.296,160.433
-14.837,-12.352,160.477
-14.809,-12.419,160.521
-14.791,-12.474,160.554
-14.772,-12.530,160.598
-14.754,-12.586,160.642
-14.735,-12.641,160.686
-14.717,-12.708,160.730
-14.699,-12.764,160.785
-14.671,-12.819,160.829
-14.652,-12.875,160.873
-14.634,-12.931,160.928
-14.615,-12.997,160.983
-14.597,-13.053,161.038
-14.579,-13.108,161.104
-14.560,-13.164,161.169
-14.542,-13.231,161.235
-14.514,-13.287,161.301
-14.495,-13.342,161.378
-14.477,-13.398,161.455
-14.458,-13.465,161.543
-14.440,-13.520,161.631
-14.422,-13.576,161.719
-14.403,-13.643,161.807
-14.385,-13.698,161.895
-14.357,-13.754,161.993
-14.338,-13.810,162.092
-14.320,-13.876,162.191
-14.302,-13.932,162.290
-14.283,-13.987,162.389
-14.265,-14.054,162.488
-14.246,-14.110,162.587
-14.228,-14.165,162.686
-14.210,-14.232,162.784
-14.191,-14.288,162.883
-14.173,-14.355,162.982
-14.154,-14.410,163.081
-14.136,-14.477,163.180
-14.118,-14.532,163.279
-14.099,-14.588,163.378
-14.081,-14.655,163.477
-14.062,-14.710,163.575
-14.044,-14.777,163.685
-14.035,-14.833,163.784
-14.017,-14.899,163.883
-13.998,-14.955,163.982
-13.980,-15.022,164.092
-13.961,-15.077,164.202
-13.943,-15.144,164.312
-13.925,-15.200,164.432
-13.916,-15.266,164.553
-13.897,-15.322,164.674
-13.879,-15.389,164.795
-13.861,-15.444,164.927
-13.842,-15.511,165.059
-13.824,-15.567,165.190
-13.815,-15.633,165.322
-13.797,-15.689,165.465
-13.778,-15.756,165.597
-13.760,-15.822,165.740
-13.751,-15.878,165.883
-13.733,-15.945,166.025
-13.714,-16.011,166.168
-13.705,-16.067,166.300
-13.687,-16.134,166.443
-13.669,-16.189,166.586
-13.660,-16.256,166.729
-13.641,-16.322,166.882
-13.633,-16.378,167.025
-13.614,-16.445,167.168
-13.605,-16.511,167.322
-13.587,-16.567,167.476
-13.578,-16.634,167.629
-13.560,-16.700,167.772
-13.541,-16.756,167.926
-13.533,-16.823,168.080
-13.514,-16.889,168.245
-13.505,-16.956,168.398
-13.497,-17.011,168.563
-13.478,-17.078,168.728
-13.469,-17.145,168.893
-13.451,-17.211,169.058
-13.442,-17.278,169.233
-13.433,-17.334,169.398
-13.415,-17.400,169.563
-13.406,-17.467,169.739
-13.397,-17.533,169.904
-13.389,-17.600,170.068
-13.370,-17.656,170.233
-13.361,-17.722,170.398
-13.353,-17.789,170.563
-13.344,-17.856,170.728
-13.335,-17.922,170.881
-13.326,-17.989,171.046
-13.308,-18.055,171.211
-13.299,-18.111,171.365
-13.290,-18.178,171.530
-13.281,-18.244,171.694
-13.272,-18.311,171.848
-13.264,-18.377,172.013
-13.255,-18.444,172.178
-13.246,-18.511,172.343
-13.237,-18.577,172.507
-13.228,-18.644,172.672
-13.220,-18.710,172.837
-13.211,-18.777,173.002
-13.202,-18.844,173.167
-13.193,-18.910,173.320
-13.184,-18.977,173.485
-13.176,-19.043,173.639
-13.176,-19.110,173.804
-13.168,-19.177,173.958
-13.159,-19.243,174.111
-13.150,-19.310,174.265
-13.141,-19.376,174.419
-13.142,-19.443,174.573
-13.133,-19.510,174.727
-13.124,-19.576,174.880
-13.125,-19.643,175.034
-13.116,-19.709,175.188
-13.107,-19.776,175.331
-13.108,-19.842,175.485
-13.099,-19.909,175.627
-13.100,-19.987,175.770
-13.091,-20.042,175.913
-13.083,-20.120,176.056
-13.083,-20.186,176.199
-13.075,-20.253,176.331
-13.075,-20.319,176.473
-13.067,-20.386,176.605
-13.067,-20.453,176.737
-13.058,-20.519,176.858
-13.059,-20.597,176.990
-13.060,-20.663,177.111
-13.051,-20.730,177.220
-13.042,-20.796,177.341
-13.043,-20.863,177.451
-13.034,-20.930,177.561
-13.035,-21.007,177.660
-13.036,-21.074,177.748
-13.027,-21.140,177.836
-13.028,-21.207,177.924
-13.029,-21.273,178.000
-13.030,-21.351,178.077
-13.021,-21.417,178.154
-13.021,-21.484,178.220
-13.022,-21.550,178.286
-13.013,-21.617,178.341
-13.014,-21.695,178.396
-13.015,-21.761,178.451
-13.016,-21.828,178.495
-13.016,-21.894,178.550
-13.017,-21.972,178.583
-13.008,-22.038,178.627
-13.009,-22.105,178.660
-13.000,-22.171,178.693
-13.001,-22.238,178.726
-13.002,-22.316,178.748
-13.003,-22.382,178.759
-13.003,-22.449,178.781
-12.995,-22.526,178.802
-12.996,-22.593,178.813
-12.996,-22.659,178.835
-12.997,-22.737,178.846
-12.998,-22.803,178.857
-12.989,-22.870,178.868
-12.990,-22.936,178.868
-12.991,-23.014,178.868
-12.991,-23.081,178.868
-12.983,-23.147,178.868
-12.983,-23.225,178.868
-12.984,-23.291,178.857
-12.985,-23.369,178.857
-12.986,-23.435,178.846
-12.986,-23.502,178.846
-12.978,-23.568,178.846
-12.979,-23.646,178.835
-12.979,-23.713,178.835
-12.980,-23.790,178.835
-12.981,-23.857,178.846
-12.982,-23.923,178.846
-12.973,-24.001,178.846
-12.974,-24.067,178.857
-12.974,-24.145,178.857
-12.975,-24.211,178.857
-12.966,-24.278,178.846
-12.967,-24.356,178.835
-12.958,-24.422,178.824
-12.959,-24.500,178.792
-12.960,-24.566,178.759
-12.961,-24.644,178.726
-12.962,-24.710,178.682
-12.963,-24.788,178.638
-12.963,-24.855,178.583
-12.954,-24.921,178.528
-12.955,-24.999,178.473
-12.956,-25.065,178.407
-12.957,-25.143,178.341
-12.948,-25.209,178.275
-12.949,-25.287,178.209
-12.950,-25.354,178.132
-12.951,-25.431,178.066
-12.942,-25.498,177.990
-12.943,-25.575,177.913
-12.943,-25.653,177.836
-12.935,-25.719,177.759
-12.935,-25.786,177.671
-12.927,-25.864,177.583
-12.927,-25.930,177.495
-12.928,-26.008,177.407
-12.919,-26.074,177.319
-12.920,-26.152,177.220
-12.921,-26.230,177.122
-12.912,-26.296,177.023
-12.913,-26.363,176.924
-12.904,-26.440,176.814
-12.896,-26.507,176.704
-12.896,-26.585,176.594
-12.888,-26.651,176.484
-12.889,-26.729,176.375
-12.880,-26.806,176.265
-12.881,-26.873,176.144
-12.881,-26.951,176.034
-12.873,-27.017,175.913
-12.864,-27.095,175.792
-12.855,-27.161,175.671
-12.856,-27.239,175.562
-12.847,-27.306,175.441
-12.848,-27.383,175.320
-12.839,-27.450,175.199
-12.831,-27.528,175.078
-12.831,-27.605,174.957
-12.823,-27.672,174.836
-12.814,-27.749,174.716
-12.805,-27.816,174.595
-12.797,-27.894,174.474
-12.788,-27.960,174.342
-12.789,-28.038,174.221
-12.780,-28.105,174.100
-12.771,-28.182,173.979
-12.762,-28.260,173.859
-12.754,-28.327,173.738
-12.745,-28.404,173.606
-12.746,-28.482,173.485
-12.737,-28.548,173.364
-12.719,-28.615,173.243
-12.710,-28.693,173.112
-12.701,-28.771,172.991
-12.702,-28.837,172.859
-12.693,-28.915,172.727
-12.685,-28.981,172.595
-12.676,-29.059,172.463
-12.667,-29.137,172.332
-12.658,-29.203,172.200
-12.650,-29.281,172.068
-12.631,-29.348,171.925
-12.623,-29.425,171.793
-12.605,-29.503,171.661
-12.596,-29.570,171.530
-12.587,-29.648,171.398
-12.578,-29.725,171.266
-12.570,-29.792,171.123
-12.561,-29.870,171.002
-12.543,-29.947,170.870
-12.534,-30.014,170.739
-12.516,-30.092,170.607
-12.507,-30.158,170.486
-12.498,-30.236,170.354
-12.480,-30.314,170.222
-12.471,-30.380,170.101
-12.462,-30.458,169.969
-12.444,-30.536,169.838
-12.435,-30.603,169.717
-12.417,-30.680,169.585
-12.408,-30.747,169.453
-12.390,-30.825,169.332
-12.381,-30.891,169.211
-12.363,-30.969,169.080
-12.345,-31.047,168.959
-12.336,-31.114,168.838
-12.318,-31.191,168.717
-12.309,-31.258,168.596
-12.291,-31.336,168.475
-12.282,-31.413,168.354
-12.264,-31.480,168.245
-12.246,-31.558,168.124
-12.227,-31.625,168.003
-12.219,-31.702,167.882
-12.201,-31.780,167.761
-12.182,-31.847,167.640
-12.174,-31.925,167.531
-12.155,-32.002,167.410
-12.137,-32.069,167.300
-12.128,-32.147,167.190
-12.110,-32.213,167.080
-12.092,-32.291,166.981
-12.074,-32.369,166.882
-12.055,-32.436,166.783
-12.037,-32.514,166.696
-12.028,-32.591,166.608
-12.010,-32.658,166.531
-11.992,-32.736,166.443
-11.973,-32.802,166.366
-11.955,-32.880,166.289
-11.937,-32.947,166.212
-11.919,-33.025,166.124
-11.900,-33.092,166.047
-11.882,-33.169,165.970
-11.864,-33.236,165.905
-11.846,-33.314,165.839
-11.827,-33.392,165.773
-11.809,-33.458,165.707
-11.791,-33.536,165.652
-11.773,-33.603,165.586
-11.754,-33.681,165.542
-11.727,-33.759,165.487
-11.708,-33.825,165.432
-11.690,-33.903,165.388
-11.672,-33.970,165.333
-11.654,-34.048,165.278
-11.635,-34.125,165.234
-11.617,-34.192,165.179
-11.599,-34.270,165.135
-11.580,-34.337,165.092
-11.562,-34.414,165.037
-11.544,-34.492,165.004
-11.526,-34.559,164.971
-11.507,-34.637,164.938
-11.480,-34.704,164.905
-11.461,-34.781,164.883
-11.443,-34.859,164.861
-11.425,-34.926,164.850
-11.407,-35.004,164.828
-11.388,-35.070,164.817
-11.361,-35.148,164.795
-11.342,-35.226,164.784
-11.324,-35.293,164.773
-11.306,-35.371,164.762
-11.287,-35.437,164.740
-11.260,-35.515,164.729
-11.242,-35.593,164.718
-11.223,-35.660,164.707
-11.205,-35.737,164.685
-11.187,-35.804,164.663
-11.168,-35.882,164.652
-11.141,-35.960,164.630
-11.122,-36.038,164.608
-11.104,-36.104,164.597
-11.086,-36.182,164.575
-11.058,-36.260,164.564
-11.040,-36.327,164.553
-11.022,-36.405,164.531
-11.003,-36.482,164.520
-10.985,-36.549,164.509
-10.967,-36.627,164.487
-10.939,-36.705,164.487
-10.921,-36.772,164.476
-10.893,-36.849,164.465
-10.875,-36.927,164.454
-10.857,-36.994,164.443
-10.838,-37.072,164.443
-10.820,-37.150,164.432
-10.792,-37.216,164.421
-10.774,-37.294,164.410
-10.756,-37.372,164.388
-10.728,-37.439,164.377
-10.710,-37.517,164.355
-10.692,-37.594,164.344
-10.673,-37.672,164.333
-10.645,-37.739,164.312
-10.627,-37.817,164.301
-10.609,-37.895,164.279
-10.591,-37.972,164.268
-10.573,-38.039,164.257
-10.545,-38.117,164.235
-10.527,-38.195,164.224
-10.499,-38.273,164.202
-10.480,-38.339,164.180
-10.462,-38.417,164.169
-10.444,-38.495,164.158
-10.416,-38.573,164.136
-10.398,-38.640,164.125
-10.380,-38.717,164.103
-10.362,-38.795,164.092
-10.334,-38.873,164.070
-10.315,-38.940,164.059
-10.288,-39.018,164.037
-10.270,-39.096,164.026
-10.251,-39.173,164.004
-10.233,-39.240,163.993
-10.205,-39.318,163.971
-10.187,-39.396,163.960
-10.169,-39.474,163.938
-10.141,-39.540,163.927
-10.123,-39.618,163.905
-10.095,-39.696,163.883
-10.077,-39.774,163.872
-10.058,-39.841,163.850
-10.031,-39.918,163.839
-10.013,-39.996,163.817
-9.994,-40.074,163.806
-9.966,-40.141,163.784
-9.948,-40.219,163.773
-9.930,-40.296,163.751
-9.902,-40.374,163.740
-9.884,-40.452,163.718
-9.856,-40.519,163.696
-9.838,-40.597,163.685
-9.820,-40.675,163.663
-9.792,-40.753,163.641
-9.774,-40.830,163.619
-9.756,-40.908,163.597
-9.728,-40.975,163.586
-9.710,-41.053,163.564
-9.682,-41.131,163.542
-9.664,-41.208,163.531
-9.636,-41.275,163.510
-9.618,-41.353,163.488
-9.599,-41.431,163.477
-9.572,-41.509,163.455
-9.553,-41.587,163.433
-9.525,-41.653,163.422
-9.507,-41.731,163.400
-9.489,-41.809,163.378
-9.461,-41.887,163.356
-9.434,-41.965,163.334
-9.415,-42.031,163.312
-9.387,-42.109,163.290
-9.369,-42.187,163.268
-9.351,-42.265,163.246
-9.323,-42.343,163.224
-9.305,-42.421,163.202
-9.277,-42.487,163.180
-9.259,-42.565,163.158
-9.231,-42.643,163.136
-9.213,-42.721,163.114
-9.185,-42.799,163.103
-9.167,-42.877,163.081
-9.139,-42.944,163.059
-9.121,-43.021,163.048
-9.093,-43.099,163.026
-9.075,-43.177,163.004
-9.047,-43.255,162.993
-9.029,-43.333,162.971
-9.001,-43.400,162.949
-8.983,-43.477,162.927
-8.955,-43.555,162.894
-8.937,-43.633,162.872
-8.909,-43.711,162.850
-8.891,-43.789,162.828
-8.863,-43.867,162.817
-8.845,-43.933,162.795
-8.817,-44.011,162.773
-8.799,-44.089,162.762
-8.771,-44.167,162.740
-8.744,-44.245,162.719
-8.725,-44.323,162.697
-8.698,-44.401,162.675
-8.679,-44.478,162.653
-8.652,-44.556,162.642
-8.634,-44.634,162.609
-8.606,-44.701,162.587
-8.587,-44.779,162.576
-8.560,-44.857,162.554
-8.532,-44.934,162.532
-8.514,-45.012,162.510
-8.486,-45.090,162.488
-8.458,-45.168,162.477
-8.440,-45.246,162.466
-8.412,-45.324,162.455
-8.394,-45.402,162.444
-8.366,-45.468,162.433
-8.348,-45.546,162.422
-8.320,-45.624,162.411
-8.293,-45.702,162.400
-8.265,-45.780,162.389
-8.247,-45.858,162.389
-8.219,-45.936,162.378
-8.201,-46.013,162.378
-8.173,-46.091,162.378
-8.145,-46.169,162.378
-8.127,-46.247,162.367
-8.099,-46.325,162.367
-8.081,-46.403,162.367
-8.053,-46.470,162.367
-8.025,-46.547,162.356
-8.007,-46.625,162.356
-7.979,-46.703,162.356
-7.952,-46.781,162.356
-7.933,-46.859,162.356
-7.906,-46.937,162.356
-7.888,-47.015,162.356
-7.860,-47.092,162.356
-7.832,-47.170,162.356
-7.804,-47.248,162.356
-7.786,-47.326,162.356
-7.758,-47.404,162.356
-7.740,-47.471,162.356
-7.712,-47.549,162.356
-7.685,-47.626,162.356
-7.666,-47.704,162.356
-7.639,-47.782,162.356
-7.620,-47.860,162.356
-7.593,-47.938,162.356
-7.565,-48.016,162.356
-7.537,-48.094,162.345
-7.519,-48.171,162.345
-7.491,-48.249,162.345
-7.463,-48.327,162.345
-7.445,-48.394,162.334
-7.417,-48.472,162.334
-7.399,-48.550,162.334
-7.371,-48.628,162.334
-7.344,-48.705,162.334
-7.325,-48.783,162.334
-7.298,-48.861,162.334
-7.270,-48.939,162.334
-7.252,-49.017,162.334
-7.224,-49.095,162.345
-7.196,-49.173,162.345
-7.178,-49.250,162.345
-7.150,-49.328,162.345
-7.132,-49.395,162.345
-7.104,-49.473,162.334
-7.076,-49.551,162.334
-7.058,-49.629,162.334
-7.031,-49.707,162.323
-7.003,-49.785,162.323
-6.985,-49.862,162.323
-6.957,-49.940,162.323
-6.939,-50.018,162.323
-6.911,-50.085,162.312
-6.883,-50.163,162.312
-6.865,-50.241,162.312
-6.837,-50.318,162.290
-6.809,-50.396,162.290
-6.782,-50.474,162.290
-6.763,-50.552,162.290
-6.736,-50.630,162.290
-6.717,-50.708,162.279
-6.690,-50.786,162.279
-6.671,-50.863,162.268
-6.644,-50.930,162.268
-6.616,-51.008,162.257
-6.598,-51.086,162.257
-6.570,-51.164,162.246
-6.552,-51.242,162.246
-6.524,-51.320,162.235
-6.496,-51.397,162.235
-6.478,-51.475,162.224
-6.450,-51.542,162.213
-6.432,-51.620,162.213
-6.404,-51.698,162.213
-6.386,-51.776,162.213
-6.358,-51.853,162.213
-6.330,-51.931,162.224
-6.303,-52.009,162.246
-6.275,-52.087,162.268
-6.257,-52.165,162.290
-6.229,-52.243,162.312
-6.201,-52.321,162.345
-6.183,-52.399,162.367
-6.155,-52.476,162.389
-6.128,-52.554,162.411
-6.100,-52.632,162.411
-6.082,-52.699,162.422
-6.054,-52.788,162.422
-6.026,-52.866,162.422
-6.008,-52.944,162.411
-5.980,-53.022,162.400
-5.962,-53.099,162.378
-5.934,-53.177,162.367
-5.916,-53.255,162.367
-5.888,-53.322,162.367
-5.870,-53.400,162.389
-5.842,-53.478,162.400
-5.824,-53.555,162.422
-5.796,-53.622,162.444
-5.768,-53.700,162.466
-5.750,-53.778,162.499
-5.722,-53.856,162.521
-5.695,-53.934,162.532
-5.676,-54.000,162.554
-5.649,-54.078,162.565
-5.621,-54.156,162.543
-5.593,-54.245,162.543
-5.566,-54.323,162.543
-5.547,-54.401,162.521
-5.520,-54.479,162.510
-5.501,-54.557,162.488
-5.474,-54.635,162.477
-5.455,-54.712,162.455
-5.428,-54.790,162.444
-5.409,-54.868,162.444
-5.382,-54.935,162.444
-5.363,-55.013,162.444
-5.336,-55.091,162.444
-5.317,-55.157,162.444
-5.290,-55.235,162.444
-5.271,-55.313,162.444
-5.244,-55.391,162.444
-5.225,-55.469,162.433
-5.198,-55.547,162.433
-5.179,-55.613,162.422
-5.152,-55.691,162.411
-5.124,-55.769,162.411
-5.106,-55.847,162.400
-5.078,-55.925,162.400
-5.050,-56.003,162.400
-5.032,-56.069,162.411
-5.004,-56.147,162.411
-4.976,-56.225,162.422
-4.958,-56.303,162.433
-4.930,-56.381,162.444
-4.903,-56.459,162.444
-4.884,-56.537,162.444
-4.857,-56.615,162.444
-4.829,-56.681,162.444
-4.811,-56.759,162.444
-4.783,-56.837,162.444
-4.765,-56.915,162.433
-4.737,-56.982,162.422
-4.719,-57.059,162.411
-4.691,-57.137,162.400
-4.672,-57.204,162.400
-4.654,-57.282,162.389
-4.627,-57.360,162.378
-4.608,-57.438,162.378
-4.580,-57.504,162.367
-4.553,-57.582,162.367
-4.534,-57.660,162.367
-4.507,-57.727,162.356
-4.488,-57.805,162.356
-4.461,-57.883,162.356
-4.433,-57.961,162.356
-4.415,-58.038,162.356
-4.387,-58.105,162.345
-4.369,-58.183,162.345
-4.341,-58.261,162.345
-4.323,-58.339,162.334
-4.295,-58.405,162.334
-4.277,-58.483,162.323
-4.249,-58.550,162.323
-4.221,-58.628,162.312
-4.203,-58.695,162.312
-4.184,-58.772,162.312
-4.157,-58.839,162.301
-4.138,-58.917,162.290
-4.111,-58.995,162.290
-4.092,-59.062,162.279
-4.065,-59.140,162.268
-4.046,-59.206,162.246
-4.018,-59.284,162.235
-4.000,-59.362,162.213
-3.972,-59.429,162.202
-3.945,-59.507,162.191
-3.926,-59.585,162.180
-3.899,-59.651,162.169
-3.880,-59.729,162.158
-3.853,-59.807,162.147
-3.834,-59.874,162.136
-3.807,-59.952,162.125
-3.788,-60.018,162.125
-3.760,-60.096,162.114
-3.742,-60.163,162.103
-3.714,-60.230,162.103
-3.687,-60.308,162.092
-3.668,-60.374,162.081
-3.640,-60.452,162.081
-3.622,-60.519,162.070
-3.604,-60.597,162.059
-3.576,-60.664,162.048
-3.558,-60.741,162.037
-3.530,-60.819,162.026
-3.512,-60.886,162.015
-3.484,-60.964,162.004
-3.466,-61.031,161.982
-3.438,-61.109,161.982
-3.420,-61.175,161.971
-3.392,-61.253,161.960
-3.374,-61.320,161.960
-3.346,-61.398,161.949
-3.327,-61.465,161.949
-3.300,-61.542,161.938
-3.281,-61.609,161.938
-3.254,-61.676,161.927
-3.235,-61.754,161.917
-3.207,-61.821,161.917
-3.189,-61.898,161.906
-3.161,-61.965,161.906
-3.143,-62.032,161.906
-3.115,-62.110,161.906
-3.097,-62.177,161.895
-3.069,-62.254,161.895
-3.051,-62.321,161.884
-3.023,-62.399,161.873
-2.995,-62.466,161.862
-2.977,-62.544,161.851
-2.949,-62.610,161.840
-2.931,-62.688,161.829
-2.903,-62.755,161.829
-2.885,-62.822,161.818
-2.857,-62.900,161.818
-2.839,-62.966,161.818
-2.811,-63.044,161.807
-2.793,-63.111,161.807
-2.774,-63.178,161.796
-2.747,-63.256,161.796
-2.728,-63.322,161.774
-2.700,-63.389,161.763
-2.682,-63.467,161.763
-2.654,-63.534,161.752
-2.636,-63.601,161.741
-2.608,-63.678,161.730
-2.590,-63.745,161.719
-2.562,-63.812,161.719
-2.544,-63.890,161.719
-2.516,-63.957,161.719
-2.498,-64.034,161.719
-2.470,-64.101,161.730
-2.452,-64.168,161.741
-2.424,-64.235,161.752
-2.396,-64.313,161.763
-2.378,-64.379,161.774
-2.350,-64.446,161.785
-2.322,-64.524,161.796
-2.304,-64.591,161.796
-2.276,-64.658,161.796
-2.258,-64.735,161.785
-2.239,-64.802,161.774
-2.211,-64.869,161.752
-2.193,-64.936,161.730
-2.165,-65.014,161.708
-2.147,-65.080,161.686
-2.129,-65.147,161.675
-2.101,-65.225,161.653
-2.083,-65.292,161.642
-2.064,-65.358,161.631
-2.036,-65.425,161.631
-2.018,-65.503,161.631
-1.990,-65.570,161.620
-1.972,-65.636,161.620
-1.944,-65.703,161.620
-1.926,-65.770,161.620
-1.898,-65.848,161.620
-1.880,-65.915,161.620
-1.852,-65.981,161.631
-1.834,-66.059,161.631
-1.806,-66.126,161.631
-1.787,-66.193,161.642
-1.760,-66.260,161.642
-1.741,-66.326,161.653
-1.713,-66.404,161.653
-1.695,-66.471,161.653
-1.667,-66.538,161.653
-1.649,-66.604,161.642
-1.631,-66.671,161.642
-1.603,-66.738,161.631
-1.584,-66.805,161.620
-1.557,-66.883,161.620
-1.538,-66.949,161.609
-1.520,-67.016,161.609
-1.492,-67.083,161.598
-1.474,-67.150,161.598
-1.446,-67.227,161.598
-1.428,-67.294,161.587
-1.409,-67.361,161.587
-1.382,-67.428,161.576
-1.363,-67.494,161.576
-1.335,-67.561,161.576
-1.317,-67.628,161.576
-1.289,-67.706,161.576
-1.271,-67.773,161.576
-1.253,-67.839,161.576
-1.225,-67.906,161.576
-1.206,-67.973,161.576
-1.179,-68.051,161.576
-1.160,-68.117,161.576
-1.132,-68.184,161.576
-1.114,-68.251,161.576
-1.086,-68.318,161.576
-1.068,-68.384,161.565
-1.050,-68.451,161.565
-1.022,-68.518,161.565
-1.003,-68.585,161.565
-0.976,-68.652,161.554
-0.957,-68.718,161.554
-0.939,-68.796,161.543
-0.911,-68.863,161.532
-0.893,-68.930,161.521
-0.865,-68.996,161.510
-0.847,-69.063,161.499
-0.828,-69.130,161.499
-0.800,-69.197,161.488
-0.782,-69.263,161.477
-0.754,-69.330,161.466
-0.736,-69.408,161.466
-0.708,-69.475,161.466
-0.690,-69.542,161.466
-0.662,-69.608,161.466
-0.644,-69.675,161.466
-0.625,-69.742,161.466
-0.597,-69.809,161.466
-0.579,-69.875,161.466
-0.551,-69.942,161.466
-0.533,-70.009,161.466
-0.515,-70.076,161.455
-0.487,-70.142,161.455
-0.468,-70.209,161.455
-0.440,-70.276,161.444
-0.422,-70.343,161.444
-0.404,-70.409,161.444
-0.376,-70.476,161.444
-0.358,-70.543,161.444
-0.330,-70.610,161.433
-0.311,-70.676,161.433
-0.284,-70.743,161.433
-0.265,-70.810,161.433
-0.247,-70.877,161.433
-0.219,-70.943,161.433
-0.201,-71.010,161.433
-0.182,-71.077,161.433
-0.154,-71.144,161.433
-0.136,-71.210,161.422
-0.108,-71.277,161.422
-0.090,-71.344,161.422
-0.072,-71.411,161.411
-0.044,-71.477,161.411
-0.025,-71.544,161.400
-0.007,-71.611,161.400
0.021,-71.678,161.389
0.039,-71.744,161.389
0.067,-71.811,161.389
0.085,-71.878,161.378
0.113,-71.945,161.378
0.132,-72.012,161.378
0.150,-72.078,161.378
0.178,-72.145,161.367
0.196,-72.212,161.367
0.224,-72.279,161.367
0.242,-72.345,161.367
0.261,-72.412,161.367
0.288,-72.479,161.367
0.307,-72.546,161.356
0.335,-72.612,161.356
0.353,-72.679,161.356
0.371,-72.746,161.356
0.399,-72.813,161.345
0.418,-72.879,161.345
0.436,-72.946,161.345
0.464,-73.013,161.345
0.482,-73.080,161.334
0.500,-73.146,161.334
0.528,-73.213,161.334
0.547,-73.280,161.334
0.574,-73.347,161.334
0.593,-73.413,161.345
0.611,-73.480,161.345
0.639,-73.547,161.345
0.657,-73.614,161.356
0.685,-73.680,161.356
0.703,-73.747,161.356
0.722,-73.803,161.356
0.750,-73.870,161.356
0.768,-73.947,161.356
0.796,-74.003,161.356
0.814,-74.070,161.356
0.833,-74.137,161.356
0.861,-74.203,161.356
0.879,-74.270,161.356
0.897,-74.337,161.367
0.925,-74.404,161.367
0.943,-74.470,161.378
0.971,-74.537,161.389
0.990,-74.604,161.389
1.017,-74.671,161.400
1.036,-74.737,161.400
1.054,-74.804,161.411
1.082,-74.871,161.411
1.100,-74.938,161.411
1.119,-75.004,161.411
1.147,-75.071,161.422
1.165,-75.138,161.422
1.183,-75.205,161.422
1.211,-75.271,161.433
1.229,-75.338,161.444
1.248,-75.405,161.444
1.276,-75.472,161.455
1.294,-75.527,161.466
1.312,-75.594,161.477
1.340,-75.661,161.488
1.359,-75.728,161.488
1.386,-75.794,161.499
1.405,-75.861,161.510
1.423,-75.928,161.521
1.451,-75.995,161.532
1.469,-76.061,161.543
1.497,-76.128,161.554
1.516,-76.195,161.565
1.534,-76.262,161.576
1.562,-76.328,161.587
1.580,-76.395,161.598
1.598,-76.462,161.598
1.626,-76.529,161.609
1.645,-76.595,161.609
1.672,-76.662,161.620
1.691,-76.729,161.620
1.709,-76.796,161.620
1.727,-76.862,161.631
1.755,-76.929,161.642
1.774,-76.996,161.642
1.792,-77.063,161.653
1.820,-77.129,161.664
1.838,-77.196,161.664
1.866,-77.263,161.675
1.884,-77.330,161.686
1.903,-77.396,161.697
1.931,-77.463,161.708
1.949,-77.530,161.719
1.967,-77.597,161.730
1.986,-77.663,161.741
2.013,-77.730,161.752
2.032,-77.797,161.763
2.050,-77.864,161.774
2.078,-77.930,161.785
2.096,-77.997,161.796
2.124,-78.064,161.796
2.142,-78.131,161.807
2.161,-78.197,161.818
2.189,-78.264,161.829
2.207,-78.331,161.840
2.225,-78.398,161.851
2.253,-78.464,161.862
2.272,-78.531,161.873
2.290,-78.598,161.873
2.318,-78.665,161.884
2.336,-78.731,161.884
2.364,-78.798,161.895
2.382,-78.865,161.906
2.401,-78.932,161.906
2.419,-79.009,161.917
2.447,-79.076,161.927
2.465,-79.143,161.938
2.483,-79.210,161.949
2.511,-79.276,161.960
2.530,-79.343,161.971
2.548,-79.410,161.982
2.576,-79.477,161.982
2.594,-79.543,161.993
2.612,-79.610,162.004
2.640,-79.688,162.015
2.658,-79.755,162.026
2.677,-79.821,162.037
2.705,-79.888,162.048
2.723,-79.955,162.059
2.751,-80.022,162.059
2.769,-80.088,162.070
2.788,-80.155,162.081
2.815,-80.222,162.092
2.834,-80.289,162.103
2.852,-80.367,162.103
2.870,-80.433,162.114
2.898,-80.500,162.114
2.916,-80.567,162.114
2.944,-80.634,162.114
2.963,-80.700,162.114
2.981,-80.767,162.125
3.009,-80.834,162.125
3.027,-80.912,162.136
3.045,-80.978,162.147
3.073,-81.045,162.147
3.092,-81.112,162.158
3.110,-81.179,162.169
3.138,-81.245,162.169
3.156,-81.312,162.180
3.174,-81.390,162.191
3.193,-81.457,162.202
3.221,-81.523,162.202
3.239,-81.590,162.213
3.257,-81.657,162.213
3.285,-81.724,162.224
3.303,-81.790,162.235
3.322,-81.857,162.246
3.350,-81.935,162.268
3.368,-82.002,162.279
3.386,-82.068,162.290
3.414,-82.135,162.312
3.432,-82.202,162.323
3.451,-82.269,162.334
3.479,-82.336,162.356
3.497,-82.402,162.378
3.525,-82.480,162.389
3.543,-82.547,162.411
3.561,-82.614,162.422
3.589,-82.680,162.422
3.608,-82.747,162.433
3.626,-82.814,162.444
3.654,-82.892,162.444
3.672,-82.958,162.444
3.690,-83.025,162.444
3.709,-83.092,162.444
3.736,-83.159,162.444
3.755,-83.236,162.444
3.773,-83.303,162.444
3.791,-83.370,162.455
3.819,-83.437,162.455
3.838,-83.503,162.455
3.856,-83.570,162.466
3.874,-83.648,162.466
3.902,-83.715,162.477
3.920,-83.781,162.488
3.939,-83.848,162.499
3.966,-83.915,162.510
3.985,-83.982,162.521
4.003,-84.060,162.532
4.031,-84.126,162.543
4.049,-84.193,162.554
4.068,-84.260,162.565
4.095,-84.327,162.576
4.114,-84.404,162.598
4.132,-84.471,162.609
4.160,-84.538,162.620
4.178,-84.605,162.631
4.196,-84.682,162.642
4.224,-84.749,162.642
4.243,-84.816,162.642
4.261,-84.883,162.653
4.289,-84.949,162.653
4.307,-85.027,162.664
4.325,-85.094,162.664
4.344,-85.161,162.664
4.371,-85.228,162.675
4.390,-85.305,162.675
4.408,-85.372,162.686
4.426,-85.439,162.697
4.454,-85.506,162.708
4.472,-85.583,162.708
4.491,-85.650,162.719
4.509,-85.717,162.719
4.537,-85.784,162.729
4.555,-85.861,162.740
4.574,-85.928,162.740
4.592,-85.995,162.751
4.620,-86.073,162.751
4.638,-86.139,162.751
4.666,-86.206,162.762
4.684,-86.284,162.773
4.702,-86.351,162.773
4.730,-86.418,162.784
4.749,-86.484,162.795
4.767,-86.562,162.806
4.785,-86.629,162.817
4.813,-86.696,162.817
4.831,-86.773,162.828
4.849,-86.840,162.828
4.877,-86.907,162.828
4.896,-86.985,162.839
4.914,-87.051,162.839
4.942,-87.118,162.839
4.960,-87.185,162.850
4.978,-87.263,162.850
4.997,-87.330,162.861
5.025,-87.396,162.861
5.043,-87.474,162.872
5.061,-87.541,162.872
5.089,-87.608,162.883
5.107,-87.685,162.894
5.125,-87.752,162.905
5.153,-87.830,162.916
5.172,-87.897,162.927
5.190,-87.964,162.938
5.208,-88.041,162.949
5.236,-88.108,162.960
5.254,-88.175,162.971
5.282,-88.253,162.982
5.300,-88.319,162.993
5.319,-88.386,163.004
5.337,-88.464,163.015
5.365,-88.531,163.015
5.383,-88.598,163.026
5.401,-88.675,163.037
5.420,-88.742,163.037
5.447,-88.820,163.048
5.466,-88.887,163.048
5.494,-88.953,163.059
5.512,-89.031,163.059
5.530,-89.098,163.070
5.548,-89.165,163.070
5.576,-89.243,163.070
5.595,-89.309,163.081
5.613,-89.387,163.081
5.631,-89.454,163.092
5.659,-89.521,163.092
5.677,-89.598,163.103
5.695,-89.665,163.114
5.723,-89.743,163.125
5.742,-89.810,163.136
5.760,-89.876,163.147
5.778,-89.954,163.158
5.806,-90.021,163.158
5.824,-90.099,163.169
5.843,-90.166,163.180
5.861,-90.232,163.180
5.889,-90.310,163.191
5.907,-90.377,163.191
5.935,-90.455,163.191
5.953,-90.522,163.202
5.971,-90.588,163.202
5.990,-90.666,163.202
6.017,-90.733,163.202
6.036,-90.811,163.202
6.054,-90.877,163.202
6.072,-90.955,163.202
6.100,-91.022,163.191
6.118,-91.089,163.191
6.137,-91.167,163.180
6.164,-91.233,163.180
6.183,-91.311,163.180
6.201,-91.378,163.180
6.229,-91.456,163.180
6.247,-91.522,163.169
6.265,-91.600,163.169
6.284,-91.667,163.169
6.311,-91.745,163.169
6.330,-91.812,163.169
6.348,-91.878,163.169
6.376,-91.956,163.169
6.394,-92.023,163.158
6.412,-92.101,163.158
6.440,-92.168,163.158
6.458,-92.245,163.147
6.477,-92.312,163.147
6.495,-92.390,163.136
6.523,-92.457,163.125
6.541,-92.534,163.114
6.569,-92.601,163.103
6.587,-92.679,163.092
6.605,-92.746,163.092
6.633,-92.824,163.081
6.651,-92.890,163.081
6.670,-92.968,163.081
6.698,-93.035,163.081
6.716,-93.113,163.081
6.734,-93.191,163.081
6.762,-93.257,163.070
6.780,-93.335,163.070
6.808,-93.402,163.059
6.826,-93.480,163.048
6.844,-93.547,163.037
6.872,-93.624,163.026
6.891,-93.691,163.015
6.909,-93.769,163.004
6.936,-93.847,162.993
6.955,-93.914,162.982
6.973,-93.991,162.982
7.001,-94.058,162.982
7.019,-94.136,162.971
7.047,-94.203,162.960
7.065,-94.281,162.960
7.084,-94.347,162.960
7.111,-94.425,162.949
7.130,-94.492,162.949
7.148,-94.570,162.938
7.176,-94.648,162.927
7.194,-94.714,162.916
7.222,-94.792,162.905
7.240,-94.859,162.894
7.268,-94.937,162.883
7.286,-95.015,162.872
7.304,-95.081,162.861
7.332,-95.159,162.839
7.350,-95.226,162.828
7.369,-95.304,162.817
7.396,-95.382,162.795
7.415,-95.448,162.795
7.442,-95.526,162.773
7.461,-95.593,162.762
7.479,-95.671,162.762
7.507,-95.749,162.751
7.525,-95.815,162.740
7.553,-95.893,162.729
7.571,-95.960,162.729
7.589,-96.038,162.729
7.617,-96.105,162.719
7.635,-96.182,162.708
7.663,-96.260,162.697
7.681,-96.327,162.697
7.709,-96.405,162.686
7.727,-96.483,162.686
7.755,-96.550,162.675
7.773,-96.627,162.675
7.792,-96.694,162.664
7.820,-96.772,162.653
7.838,-96.850,162.653
7.866,-96.917,162.642
7.884,-96.994,162.631
7.912,-97.072,162.620
7.930,-97.139,162.620
7.958,-97.217,162.609
7.976,-97.295,162.609
8.004,-97.362,162.598
8.022,-97.439,162.587
8.040,-97.517,162.587
8.068,-97.584,162.576
8.086,-97.662,162.565
8.114,-97.729,162.565
8.132,-97.806,162.554
8.160,-97.884,162.554
8.178,-97.951,162.543
8.206,-98.029,162.532
8.224,-98.107,162.532
8.252,-98.174,162.521
8.270,-98.251,162.521
8.298,-98.329,162.510
8.316,-98.407,162.499
8.344,-98.485,162.488
8.362,-98.552,162.477
8.390,-98.630,162.477
8.408,-98.707,162.466
8.436,-98.785,162.455
8.454,-98.852,162.444
8.482,-98.930,162.444
8.500,-99.008,162.433
8.528,-99.075,162.433
8.546,-99.152,162.433
8.574,-99.230,162.422
8.593,-99.297,162.422
8.620,-99.375,162.411
8.639,-99.453,162.411
8.666,-99.531,162.411
8.694,-99.597,162.400
8.712,-99.675,162.400
8.740,-99.753,162.389
8.758,-99.831,162.389
8.786,-99.909,162.378
8.814,-99.987,162.378
8.832,-100.064,162.367
8.860,-100.131,162.367
8.878,-100.209,162.356
8.906,-100.287,162.356
8.924,-100.365,162.345
8.952,-100.443,162.345
8.970,-100.520,162.334
8.998,-100.587,162.334
9.016,-100.665,162.323
9.044,-100.743,162.323
9.062,-100.821,162.323
9.090,-100.899,162.312
9.118,-100.965,162.312
9.136,-101.043,162.312
9.164,-101.121,162.312
9.182,-101.199,162.312
9.210,-101.277,162.312
9.228,-101.344,162.312
9.256,-101.422,162.301
9.283,-101.499,162.301
9.311,-101.577,162.290
9.329,-101.655,162.290
9.357,-101.733,162.279
9.375,-101.811,162.279
9.403,-101.889,162.268
9.421,-101.967,162.268
9.449,-102.044,162.257
9.477,-102.122,162.257
9.495,-102.200,162.246
9.523,-102.278,162.246
9.550,-102.356,162.246
9.569,-102.434,162.235
9.596,-102.501,162.235
9.615,-102.578,162.235
9.642,-102.656,162.224
9.670,-102.734,162.224
9.688,-102.812,162.224
9.716,-102.890,162.213
9.744,-102.968,162.213
9.762,-103.046,162.213
9.790,-103.123,162.213
9.818,-103.201,162.202
9.836,-103.279,162.202
9.864,-103.357,162.213
9.891,-103.435,162.213
9.909,-103.513,162.213
9.937,-103.591,162.213
9.965,-103.669,162.224
9.983,-103.746,162.224
10.011,-103.824,162.235
10.039,-103.902,162.235
10.066,-103.980,162.246
10.085,-104.058,162.246
10.112,-104.136,162.257
10.140,-104.214,162.257
10.158,-104.291,162.257
10.186,-104.380,162.257
10.204,-104.458,162.257
10.232,-104.525,162.257
10.260,-104.614,162.246
10.278,-104.692,162.235
10.306,-104.770,162.235
10.333,-104.848,162.224
10.352,-104.925,162.224
10.379,-105.003,162.213
10.407,-105.081,162.213
10.425,-105.159,162.213
10.453,-105.237,162.224
10.481,-105.315,162.224
10.508,-105.404,162.213
10.527,-105.482,162.224
10.554,-105.560,162.224
10.582,-105.637,162.213
10.600,-105.715,162.213
10.628,-105.793,162.213
10.656,-105.871,162.213
10.683,-105.949,162.202
10.702,-106.038,162.202
10.729,-106.116,162.202
10.757,-106.194,162.191
10.775,-106.271,162.180
10.803,-106.349,162.169
10.831,-106.427,162.169
10.849,-106.505,162.158
10.877,-106.594,162.147
10.904,-106.672,162.136
10.932,-106.750,162.125
10.950,-106.828,162.114
10.978,-106.906,162.103
11.006,-106.995,162.103
11.033,-107.072,162.103
11.061,-107.150,162.103
11.079,-107.228,162.103
11.107,-107.317,162.103
11.135,-107.395,162.103
11.162,-107.473,162.103
11.181,-107.551,162.103
11.208,-107.629,162.092
11.236,-107.707,162.081
11.264,-107.796,162.070
11.282,-107.873,162.059
11.310,-107.951,162.037
11.337,-108.029,162.015
11.365,-108.118,162.004
11.383,-108.196,161.982
11.411,-108.274,161.971
11.439,-108.352,161.971
11.466,-108.441,161.960
11.494,-108.519,161.949
11.522,-108.596,161.949
11.550,-108.685,161.949
11.568,-108.763,161.938
11.595,-108.841,161.938
11.623,-108.919,161.927
11.651,-109.008,161.906
11.679,-109.086,161.895
11.697,-109.164,161.873
11.724,-109.253,161.862
11.752,-109.331,161.840
11.780,-109.409,161.829
11.808,-109.498,161.807
11.826,-109.575,161.785
11.853,-109.653,161.763
11.881,-109.742,161.752
11.909,-109.820,161.719
11.937,-109.898,161.708
11.955,-109.976,161.686
11.982,-110.065,161.675
12.010,-110.143,161.664
12.038,-110.221,161.642
12.066,-110.310,161.631
12.093,-110.388,161.620
12.121,-110.465,161.609
12.139,-110.543,161.598
12.167,-110.632,161.587
12.195,-110.710,161.576
12.222,-110.788,161.565
12.250,-110.877,161.565
12.278,-110.955,161.543
12.305,-111.044,161.532
12.333,-111.122,161.521
12.361,-111.200,161.521
12.389,-111.278,161.499
12.416,-111.367,161.488
12.444,-111.444,161.477
12.462,-111.533,161.466
12.490,-111.611,161.455
12.517,-111.689,161.444
12.545,-111.778,161.433
12.573,-111.856,161.422
12.601,-111.934,161.411
12.628,-112.023,161.400
12.656,-112.101,161.389
12.684,-112.190,161.378
12.711,-112.268,161.367
12.730,-112.346,161.367
12.757,-112.435,161.356
12.785,-112.512,161.356
12.813,-112.590,161.356
12.840,-112.679,161.345
12.868,-112.757,161.345
12.896,-112.835,161.345
12.923,-112.924,161.345
12.942,-113.002,161.356
12.969,-113.080,161.356
12.997,-113.169,161.367
13.025,-113.247,161.389
13.052,-113.336,161.400
13.080,-113.414,161.411
13.117,-113.492,161.433
13.135,-113.580,161.455
13.163,-113.658,161.466
13.191,-113.736,161.488
13.219,-113.825,161.510
13.246,-113.903,161.532
13.274,-113.992,161.543
13.302,-114.070,161.565
13.329,-114.159,161.576
13.357,-114.237,161.598
13.385,-114.326,161.609
13.412,-114.404,161.631
13.440,-114.482,161.642
13.458,-114.571,161.664
13.486,-114.649,161.686
13.514,-114.738,161.697
13.541,-114.815,161.719
13.569,-114.893,161.730
13.597,-114.982,161.752
13.624,-115.060,161.774
13.652,-115.149,161.796
13.680,-115.227,161.807
13.707,-115.316,161.829
13.735,-115.394,161.851
13.763,-115.483,161.873
13.781,-115.561,161.884
13.809,-115.639,161.906
13.836,-115.728,161.927
13.864,-115.806,161.938
13.892,-115.895,161.960
13.919,-115.984,161.971
13.947,-116.061,161.993
13.975,-116.150,162.004
14.002,-116.228,162.026
14.021,-116.306,162.037
14.048,-116.395,162.048
14.076,-116.473,162.059
14.104,-116.562,162.070
14.131,-116.640,162.081
14.159,-116.729,162.092
14.187,-116.818,162.103
14.205,-116.896,162.114
14.232,-116.985,162.114
14.260,-117.063,162.125
14.288,-117.140,162.147
14.316,-117.229,162.158
14.343,-117.318,162.169
14.361,-117.396,162.180
14.389,-117.485,162.191
14.417,-117.563,162.213
14.444,-117.652,162.224
14.472,-117.730,162.235
14.500,-117.819,162.246
14.518,-117.897,162.257
14.546,-117.986,162.279
14.573,-118.064,162.290
14.601,-118.153,162.301
14.629,-118.231,162.323
14.656,-118.320,162.334
14.684,-118.397,162.356
14.702,-118.486,162.367
14.730,-118.564,162.389
14.757,-118.653,162.400
14.785,-118.731,162.422
14.813,-118.820,162.433
14.831,-118.898,162.433
14.859,-118.987,162.433
14.886,-119.065,162.444
14.914,-119.154,162.444
14.942,-119.243,162.444
14.969,-119.321,162.455
14.988,-119.410,162.455
15.015,-119.487,162.466
15.043,-119.576,162.466
15.071,-119.654,162.466
15.098,-119.743,162.466
15.116,-119.821,162.466
15.144,-119.910,162.466
15.172,-119.988,162.466
15.199,-120.077,162.466
15.218,-120.155,162.477
15.245,-120.233,162.477
15.273,-120.322,162.477
15.301,-120.400,162.488
15.319,-120.488,162.488
15.347,-120.566,162.499
15.374,-120.655,162.499
15.402,-120.733,162.510
15.430,-120.822,162.521
15.457,-120.900,162.521
15.485,-120.989,162.532
15.503,-121.067,162.532
15.531,-121.156,162.532
15.559,-121.234,162.543
15.586,-121.323,162.543
15.604,-121.401,162.543
15.632,-121.490,162.554
15.660,-121.568,162.554
15.687,-121.656,162.554
15.715,-121.734,162.554
15.743,-121.812,162.565
15.761,-121.901,162.565
15.789,-121.979,162.565
15.816,-122.068,162.576
15.844,-122.146,162.576
15.862,-122.235,162.576
15.890,-122.313,162.565
15.917,-122.402,162.565
15.936,-122.480,162.565
15.963,-122.557,162.554
15.991,-122.646,162.554
16.009,-122.724,162.543
16.037,-122.813,162.543
16.065,-122.891,162.532
16.083,-122.969,162.521
16.110,-123.058,162.521
16.138,-123.136,162.510
16.166,-123.214,162.510
16.184,-123.303,162.499
16.212,-123.380,162.499
16.239,-123.469,162.499
16.267,-123.547,162.499
16.295,-123.625,162.499
16.313,-123.714,162.488
16.341,-123.792,162.488
16.368,-123.870,162.499
16.387,-123.959,162.488
16.414,-124.037,162.488
16.442,-124.115,162.488
16.470,-124.204,162.477
16.488,-124.281,162.466
16.516,-124.359,162.455
16.543,-124.448,162.444
16.561,-124.526,162.433
16.589,-124.604,162.422
16.617,-124.682,162.422
16.635,-124.771,162.411
16.663,-124.849,162.400
16.691,-124.927,162.389
16.709,-125.004,162.389
16.736,-125.082,162.378
16.764,-125.171,162.367
16.792,-125.249,162.356
16.810,-125.327,162.356
16.838,-125.405,162.356
16.866,-125.483,162.345
16.884,-125.572,162.345
16.911,-125.650,162.334
16.939,-125.728,162.334
16.967,-125.805,162.323
16.994,-125.894,162.323
17.013,-125.972,162.312
17.040,-126.050,162.301
17.059,-126.128,162.301
17.086,-126.206,162.290
17.114,-126.295,162.279
17.132,-126.373,162.268
17.160,-126.450,162.257
17.188,-126.528,162.257
17.206,-126.606,162.246
17.234,-126.684,162.246
17.261,-126.762,162.257
17.280,-126.840,162.257
17.307,-126.929,162.268
17.335,-127.007,162.290
17.363,-127.085,162.301
17.381,-127.162,162.312
17.409,-127.240,162.323
17.436,-127.318,162.334
17.464,-127.396,162.334
17.482,-127.474,162.345
17.510,-127.552,162.345
17.538,-127.630,162.345
17.556,-127.707,162.334
17.584,-127.785,162.334
17.602,-127.863,162.323
17.630,-127.941,162.323
17.648,-128.019,162.323
17.676,-128.097,162.312
17.703,-128.175,162.312
17.722,-128.252,162.301
17.749,-128.330,162.301
17.768,-128.408,162.301
17.795,-128.486,162.312
17.823,-128.564,162.312
17.841,-128.642,162.323
17.869,-128.720,162.334
17.887,-128.797,162.334
17.915,-128.875,162.334
17.943,-128.953,162.334
17.961,-129.031,162.334
17.989,-129.109,162.323
18.016,-129.187,162.323
18.035,-129.265,162.323
18.062,-129.343,162.312
18.081,-129.420,162.301
18.109,-129.487,162.301
18.127,-129.565,162.290
18.154,-129.643,162.279
18.173,-129.721,162.268
18.200,-129.799,162.257
18.228,-129.877,162.246
18.246,-129.943,162.246
18.274,-130.021,162.235
18.292,-130.099,162.235
18.320,-130.177,162.224
18.338,-130.255,162.224
18.366,-130.321,162.224
18.394,-130.399,162.224
18.412,-130.477,162.235
18.440,-130.555,162.235
18.468,-130.633,162.235
18.486,-130.711,162.235
18.514,-130.778,162.235
18.532,-130.855,162.235
18.560,-130.933,162.235
18.578,-131.011,162.235
18.606,-131.089,162.235
18.624,-131.156,162.235
18.652,-131.234,162.235
18.680,-131.311,162.235
18.698,-131.389,162.246
18.726,-131.456,162.246
18.744,-131.534,162.246
18.772,-131.612,162.246
18.790,-131.679,162.246
18.818,-131.756,162.235
18.836,-131.834,162.235
18.864,-131.912,162.224
18.891,-131.979,162.213
18.910,-132.057,162.213
18.937,-132.135,162.213
18.956,-132.212,162.202
18.983,-132.279,162.202
19.002,-132.357,162.202
19.029,-132.435,162.202
19.048,-132.502,162.202
19.075,-132.580,162.202
19.094,-132.657,162.213
19.122,-132.724,162.213
19.149,-132.802,162.224
19.168,-132.869,162.235
19.195,-132.947,162.246
19.214,-133.025,162.246
19.241,-133.091,162.257
19.260,-133.169,162.268
19.288,-133.236,162.268
19.306,-133.314,162.268
19.334,-133.381,162.268
19.352,-133.458,162.279
19.380,-133.536,162.279
19.398,-133.603,162.279
19.426,-133.681,162.279
19.444,-133.748,162.279
19.472,-133.825,162.279
19.490,-133.903,162.279
19.518,-133.970,162.279
19.536,-134.048,162.268
19.554,-134.115,162.257
19.582,-134.193,162.257
19.600,-134.259,162.246
19.619,-134.337,162.246
19.647,-134.404,162.246
19.665,-134.482,162.246
19.693,-134.548,162.246
19.711,-134.626,162.246
19.729,-134.693,162.246
19.757,-134.771,162.246
19.775,-134.838,162.257
19.803,-134.904,162.257
19.821,-134.982,162.257
19.849,-135.049,162.268
19.867,-135.127,162.268
19.886,-135.194,162.268
19.914,-135.260,162.268
19.932,-135.338,162.279
19.960,-135.405,162.279
19.978,-135.483,162.279
20.006,-135.550,162.279
20.024,-135.627,162.290
20.052,-135.694,162.301
20.070,-135.772,162.301
20.098,-135.839,162.301
20.116,-135.906,162.312
20.144,-135.983,162.312
20.162,-136.050,162.301
20.180,-136.128,162.301
20.208,-136.195,162.290
20.227,-136.261,162.290
20.245,-136.339,162.279
20.273,-136.406,162.279
20.291,-136.473,162.268
20.309,-136.551,162.257
20.337,-136.617,162.257
20.356,-136.684,162.257
20.374,-136.762,162.246
20.402,-136.829,162.246
20.420,-136.895,162.246
20.438,-136.973,162.246
20.466,-137.040,162.246
20.484,-137.107,162.246
20.512,-137.185,162.257
20.530,-137.251,162.257
20.558,-137.318,162.268
20.576,-137.396,162.279
20.595,-137.463,162.290
20.623,-137.530,162.301
20.641,-137.596,162.312
20.659,-137.674,162.312
20.687,-137.741,162.323
20.705,-137.808,162.323
20.733,-137.874,162.323
20.751,-137.952,162.334
20.770,-138.019,162.334
20.798,-138.086,162.334
20.816,-138.152,162.345
20.834,-138.230,162.345
20.862,-138.297,162.345
20.880,-138.364,162.334
20.899,-138.431,162.323
20.917,-138.508,162.312
20.945,-138.575,162.290
20.963,-138.642,162.279
20.982,-138.709,162.257
21.009,-138.775,162.246
21.028,-138.853,162.235
21.046,-138.920,162.224
21.074,-138.987,162.224
21.092,-139.053,162.224
21.110,-139.120,162.213
21.129,-139.198,162.213
21.157,-139.265,162.213
21.175,-139.331,162.213
21.193,-139.398,162.213
21.221,-139.465,162.202
21.239,-139.532,162.202
21.258,-139.598,162.213
21.286,-139.665,162.213
21.304,-139.743,162.213
21.332,-139.799,162.213
21.350,-139.877,162.213
21.368,-139.943,162.213
21.396,-140.010,162.213
21.415,-140.077,162.213
21.433,-140.144,162.213
21.451,-140.210,162.213
21.479,-140.277,162.202
21.497,-140.344,162.202
21.516,-140.410,162.191
21.544,-140.477,162.191
21.562,-140.555,162.180
21.580,-140.622,162.180
21.598,-140.689,162.180
21.626,-140.755,162.169
21.645,-140.822,162.169
21.663,-140.889,162.169
21.681,-140.955,162.169
21.709,-141.022,162.158
21.728,-141.089,162.158
21.746,-141.156,162.158
21.764,-141.222,162.147
21.792,-141.289,162.147
21.810,-141.356,162.147
21.829,-141.412,162.136
21.847,-141.478,162.136
21.875,-141.545,162.125
21.893,-141.612,162.125
21.912,-141.679,162.125
21.930,-141.745,162.114
21.958,-141.812,162.114
21.976,-141.879,162.114
22.004,-141.946,162.103
22.022,-142.012,162.103
22.041,-142.079,162.103
22.059,-142.146,162.092
22.077,-142.212,162.081
22.105,-142.279,162.081
22.124,-142.346,162.070
22.142,-142.402,162.059
22.160,-142.468,162.059
22.179,-142.535,162.048
22.207,-142.602,162.037
22.225,-142.669,162.026
22.243,-142.724,162.026
22.262,-142.791,162.015
22.280,-142.858,162.015
22.308,-142.924,162.015
22.326,-142.991,162.015
22.345,-143.058,162.015
22.363,-143.114,162.004
22.391,-143.180,162.004
22.409,-143.247,162.004
22.428,-143.314,162.004
22.446,-143.369,162.004
22.474,-143.436,161.993
22.492,-143.503,161.993
22.511,-143.570,161.993
22.529,-143.625,161.982
22.547,-143.692,161.982
22.566,-143.759,161.971
22.594,-143.826,161.949
22.612,-143.881,161.938
22.630,-143.948,161.927
22.649,-144.015,161.917
22.667,-144.081,161.895
22.695,-144.137,161.884
22.713,-144.204,161.873
22.732,-144.270,161.873
22.750,-144.326,161.862
22.768,-144.393,161.851
22.787,-144.460,161.840
22.805,-144.526,161.829
22.833,-144.582,161.818
22.851,-144.649,161.818
22.870,-144.704,161.807
22.888,-144.771,161.796
22.907,-144.838,161.785
22.925,-144.893,161.785
22.953,-144.960,161.774
22.971,-145.027,161.774
22.990,-145.083,161.763
23.008,-145.149,161.752
23.026,-145.216,161.741
23.054,-145.272,161.730
23.073,-145.338,161.730
23.091,-145.394,161.719
23.109,-145.461,161.708
23.128,-145.527,161.697
23.146,-145.583,161.697
23.174,-145.650,161.686
23.193,-145.706,161.675
23.211,-145.772,161.675
23.229,-145.839,161.664
23.257,-145.895,161.653
23.276,-145.961,161.642
23.294,-146.017,161.631
23.312,-146.084,161.620
23.331,-146.150,161.609
23.349,-146.206,161.598
23.377,-146.273,161.587
23.395,-146.329,161.576
23.414,-146.395,161.565
23.432,-146.462,161.554
23.451,-146.518,161.543
23.469,-146.584,161.532
23.497,-146.640,161.521
23.515,-146.707,161.510
23.534,-146.762,161.499
23.552,-146.829,161.488
23.580,-146.896,161.477
23.598,-146.952,161.477
23.617,-147.018,161.466
23.635,-147.085,161.455
23.653,-147.141,161.444
23.681,-147.207,161.444
23.700,-147.263,161.433
23.718,-147.330,161.422
23.736,-147.397,161.411
23.755,-147.452,161.411
23.783,-147.519,161.400
23.801,-147.586,161.389
23.829,-147.641,161.378
23.847,-147.708,161.367
23.866,-147.775,161.356
23.884,-147.830,161.345
23.903,-147.897,161.334
23.930,-147.964,161.334
23.949,-148.020,161.323
23.967,-148.086,161.312
23.986,-148.153,161.301
24.014,-148.209,161.290
24.032,-148.275,161.279
24.050,-148.342,161.268
24.069,-148.398,161.268
24.097,-148.465,161.257
24.115,-148.531,161.246
24.133,-148.587,161.246
24.152,-148.654,161.246
24.180,-148.721,161.235
24.198,-148.787,161.235
24.216,-148.843,161.235
24.244,-148.910,161.235
24.262,-148.976,161.235
24.281,-149.043,161.246
24.309,-149.099,161.246
24.327,-149.166,161.246
24.345,-149.232,161.246
24.364,-149.299,161.257
24.392,-149.355,161.257
24.410,-149.421,161.257
24.428,-149.488,161.246
24.456,-149.555,161.246
24.475,-149.611,161.246
24.493,-149.677,161.246
24.521,-149.744,161.246
24.539,-149.811,161.246
24.558,-149.878,161.246
24.576,-149.933,161.246
24.604,-150.000,161.246
24.622,-150.067,161.246
24.650,-150.134,161.235
24.668,-150.200,161.235
24.687,-150.256,161.235
24.705,-150.323,161.235
24.733,-150.389,161.235
24.751,-150.456,161.235
24.770,-150.523,161.235
24.798,-150.590,161.235
24.816,-150.645,161.235
24.834,-150.712,161.235
24.862,-150.779,161.246
24.881,-150.846,161.246
24.899,-150.912,161.246
24.927,-150.979,161.257
24.945,-151.046,161.257
24.964,-151.113,161.268
24.992,-151.168,161.268
25.010,-151.235,161.268
25.028,-151.302,161.279
25.056,-151.368,161.279
25.074,-151.435,161.290
25.093,-151.502,161.290
25.121,-151.569,161.290
25.139,-151.635,161.301
25.167,-151.691,161.301
25.185,-151.758,161.301
25.204,-151.825,161.312
25.231,-151.891,161.312
25.250,-151.958,161.312
25.268,-152.025,161.312
25.296,-152.092,161.312
25.314,-152.158,161.312
25.342,-152.225,161.312
25.361,-152.292,161.312
25.379,-152.359,161.312
25.407,-152.425,161.312
25.425,-152.492,161.323
25.443,-152.559,161.323
25.471,-152.626,161.334
25.490,-152.692,161.345
25.508,-152.759,161.356
25.536,-152.826,161.367
25.554,-152.893,161.389
25.572,-152.959,161.400
25.600,-153.026,161.411
25.619,-153.093,161.422
25.637,-153.149,161.444
25.665,-153.215,161.455
25.683,-153.282,161.477
25.702,-153.349,161.488
25.729,-153.416,161.499
25.748,-153.482,161.510
25.776,-153.549,161.521
25.794,-153.616,161.532
25.812,-153.683,161.554
25.840,-153.749,161.565
25.859,-153.816,161.576
25.877,-153.883,161.587
25.905,-153.950,161.598
25.923,-154.027,161.609
25.951,-154.094,161.620
25.969,-154.161,161.642
25.997,-154.228,161.653
26.015,-154.294,161.664
26.034,-154.361,161.675
26.062,-154.428,161.697
26.080,-154.495,161.708
26.098,-154.561,161.719
26.126,-154.628,161.730
26.144,-154.695,161.752
26.163,-154.762,161.763
26.181,-154.828,161.774
26.209,-154.906,161.785
26.227,-154.973,161.796
26.255,-155.040,161.807
26.273,-155.107,161.818
26.292,-155.173,161.840
26.320,-155.240,161.851
26.338,-155.307,161.862
26.356,-155.374,161.884
26.384,-155.440,161.906
26.402,-155.507,161.917
26.421,-155.585,161.938
26.449,-155.652,161.949
26.467,-155.718,161.971
26.495,-155.785,161.982
26.513,-155.852,162.004
26.531,-155.919,162.026
26.559,-155.985,162.037
26.577,-156.063,162.048
26.605,-156.130,162.059
26.624,-156.197,162.081
26.642,-156.263,162.092
26.670,-156.330,162.114
26.688,-156.397,162.114
26.707,-156.464,162.125
26.725,-156.542,162.136
26.753,-156.608,162.136
26.771,-156.675,162.147
26.789,-156.742,162.158
26.808,-156.808,162.169
26.835,-156.875,162.180
26.854,-156.942,162.180
26.872,-157.020,162.191
26.900,-157.087,162.202
26.918,-157.153,162.213
26.937,-157.220,162.224
26.964,-157.287,162.235
26.983,-157.354,162.246
27.010,-157.431,162.257
27.029,-157.498,162.268
27.047,-157.565,162.290
27.075,-157.632,162.301
27.093,-157.698,162.312
27.112,-157.765,162.334
27.139,-157.843,162.345
27.158,-157.910,162.367
27.176,-157.976,162.378
27.194,-158.043,162.389
27.222,-158.110,162.389
27.241,-158.177,162.400
27.259,-158.255,162.411
27.287,-158.321,162.411
27.305,-158.388,162.422
27.323,-158.455,162.433
27.351,-158.522,162.444
27.370,-158.588,162.444
27.388,-158.666,162.455
27.406,-158.733,162.466
27.434,-158.800,162.477
27.452,-158.866,162.488
27.471,-158.933,162.499
27.498,-159.011,162.510
27.517,-159.078,162.521
27.535,-159.144,162.532
27.553,-159.211,162.543
27.581,-159.278,162.554
27.599,-159.356,162.576
27.618,-159.422,162.587
27.646,-159.489,162.598
27.664,-159.556,162.620
27.682,-159.623,162.631
27.710,-159.701,162.642
27.728,-159.767,162.664
27.747,-159.834,162.675
27.765,-159.901,162.686
27.793,-159.968,162.697
27.811,-160.045,162.708
27.829,-160.112,162.719
27.857,-160.179,162.729
27.876,-160.246,162.740
27.894,-160.312,162.751
27.912,-160.379,162.762
27.940,-160.457,162.773
27.958,-160.524,162.784
27.977,-160.590,162.806
27.995,-160.657,162.817
28.023,-160.724,162.828
28.041,-160.802,162.839
28.059,-160.868,162.861
28.078,-160.935,162.872
28.106,-161.002,162.894
28.124,-161.080,162.916
28.142,-161.146,162.938
28.161,-161.213,162.960
28.188,-161.280,162.993
28.207,-161.347,163.015
28.225,-161.424,163.048
28.243,-161.491,163.070
28.271,-161.558,163.092
28.290,-161.625,163.114
28.308,-161.691,163.136
28.326,-161.758,163.147
28.344,-161.836,163.169
28.372,-161.903,163.191
28.391,-161.969,163.202
28.409,-162.036,163.224
28.427,-162.103,163.235
28.445,-162.181,163.257
28.473,-162.248,163.279
28.492,-162.314,163.290
28.510,-162.381,163.301
28.528,-162.459,163.312
28.547,-162.525,163.334
28.574,-162.592,163.345
28.593,-162.659,163.367
28.611,-162.737,163.389
28.629,-162.804,163.400
28.648,-162.870,163.422
28.666,-162.937,163.444
28.694,-163.004,163.455
28.712,-163.082,163.477
28.730,-163.148,163.488
28.749,-163.215,163.499
28.767,-163.282,163.521
28.785,-163.359,163.531
28.804,-163.426,163.553
28.831,-163.493,163.564
28.850,-163.560,163.575
28.868,-163.626,163.586
28.886,-163.704,163.608
28.905,-163.771,163.619
28.923,-163.838,163.630
28.951,-163.904,163.652
28.969,-163.982,163.663
28.987,-164.049,163.685
29.006,-164.116,163.696
29.024,-164.182,163.718
29.042,-164.260,163.729
29.070,-164.327,163.740
29.088,-164.394,163.762
29.107,-164.472,163.773
29.125,-164.538,163.784
29.143,-164.605,163.795
29.162,-164.672,163.806
29.189,-164.750,163.817
29.208,-164.816,163.828
29.226,-164.883,163.828
29.244,-164.950,163.839
29.263,-165.028,163.839
29.281,-165.094,163.850
29.299,-165.161,163.861
29.318,-165.228,163.861
29.336,-165.294,163.872
29.354,-165.372,163.883
29.372,-165.439,163.883
29.400,-165.506,163.894
29.419,-165.572,163.905
29.437,-165.650,163.905
29.455,-165.717,163.916
29.474,-165.784,163.916
29.492,-165.850,163.916
29.520,-165.928,163.916
29.538,-165.995,163.916
29.556,-166.062,163.905
29.575,-166.128,163.905
29.593,-166.206,163.894
29.611,-166.273,163.894
29.630,-166.340,163.883
29.648,-166.406,163.883
29.676,-166.484,163.872
29.694,-166.551,163.861
29.712,-166.618,163.861
29.730,-166.695,163.850
29.749,-166.762,163.850
29.767,-166.829,163.839
29.785,-166.896,163.839
29.804,-166.973,163.828
29.822,-167.040,163.828
29.840,-167.107,163.828
29.868,-167.174,163.828
29.887,-167.240,163.828
29.905,-167.318,163.817
29.923,-167.385,163.817
29.941,-167.452,163.817
29.960,-167.518,163.806
29.978,-167.585,163.806
29.996,-167.663,163.806
30.015,-167.730,163.795
30.043,-167.796,163.795
30.061,-167.874,163.784
30.079,-167.941,163.784
30.097,-168.008,163.773
30.116,-168.074,163.773
30.143,-168.152,163.762
30.162,-168.219,163.762
30.180,-168.286,163.751
30.198,-168.352,163.740
30.217,-168.419,163.740
30.235,-168.497,163.729
30.253,-168.564,163.718
30.281,-168.630,163.707
30.300,-168.697,163.696
30.318,-168.775,163.685
30.336,-168.842,163.674
30.354,-168.908,163.663
30.373,-168.975,163.652
30.391,-169.053,163.652
30.409,-169.120,163.641
30.437,-169.186,163.630
30.455,-169.253,163.630
30.474,-169.331,163.619
30.492,-169.398,163.619
30.510,-169.464,163.619
30.529,-169.531,163.619
30.556,-169.609,163.619
30.575,-169.676,163.619
30.593,-169.742,163.619
30.611,-169.809,163.619
30.630,-169.887,163.630
30.648,-169.954,163.630
30.676,-170.020,163.630
30.694,-170.087,163.630
30.712,-170.165,163.630
30.731,-170.232,163.619
30.749,-170.298,163.619
30.767,-170.365,163.619
30.795,-170.432,163.619
30.813,-170.510,163.619
30.832,-170.576,163.619
30.850,-170.643,163.608
30.868,-170.721,163.608
30.887,-170.788,163.608
30.915,-170.854,163.608
30.933,-170.921,163.608
30.951,-170.999,163.608
30.969,-171.066,163.608
30.988,-171.132,163.608
31.006,-171.199,163.608
31.034,-171.277,163.597
31.052,-171.344,163.597
31.071,-171.410,163.586
31.089,-171.477,163.586
31.107,-171.544,163.575
31.125,-171.622,163.564
31.144,-171.688,163.553
31.162,-171.755,163.542
31.180,-171.822,163.531
31.208,-171.900,163.521
31.226,-171.966,163.510
31.245,-172.033,163.499
31.263,-172.100,163.499
31.281,-172.167,163.499
31.309,-172.244,163.499
31.328,-172.311,163.499
31.346,-172.378,163.499
31.364,-172.445,163.499
31.383,-172.511,163.499
31.401,-172.589,163.499
31.429,-172.656,163.488
31.447,-172.723,163.477
31.465,-172.789,163.477
31.493,-172.867,163.466
31.511,-172.934,163.466
31.530,-173.001,163.455
31.548,-173.067,163.444
31.566,-173.134,163.422
31.585,-173.212,163.411
31.603,-173.279,163.400
31.621,-173.345,163.389
31.649,-173.412,163.367
31.667,-173.490,163.345
31.686,-173.557,163.334
31.704,-173.623,163.323
31.722,-173.690,163.301
31.741,-173.757,163.290
31.768,-173.835,163.279
31.787,-173.901,163.257
31.805,-173.968,163.246
31.823,-174.035,163.224
31.851,-174.113,163.202
31.869,-174.179,163.180
31.888,-174.246,163.158
31.906,-174.313,163.147
31.924,-174.380,163.125
31.952,-174.457,163.103
31.971,-174.524,163.081
31.989,-174.591,163.059
32.007,-174.658,163.037
32.035,-174.736,163.015
32.053,-174.802,162.993
32.072,-174.869,162.960
32.090,-174.936,162.938
32.118,-175.014,162.916
32.136,-175.080,162.894
32.154,-175.147,162.872
32.173,-175.214,162.850
32.200,-175.292,162.828
32.219,-175.358,162.806
32.237,-175.425,162.784
32.255,-175.492,162.762
32.283,-175.559,162.740
32.302,-175.625,162.708
32.320,-175.703,162.675
32.338,-175.770,162.653
32.366,-175.837,162.620
32.384,-175.903,162.587
32.403,-175.970,162.565
32.421,-176.048,162.532
32.449,-176.115,162.499
32.467,-176.181,162.477
32.495,-176.259,162.444
32.513,-176.326,162.422
32.532,-176.393,162.400
32.559,-176.460,162.367
32.578,-176.526,162.345
32.596,-176.604,162.323
32.624,-176.671,162.290
32.642,-176.738,162.268
32.660,-176.804,162.235
32.688,-176.871,162.213
32.707,-176.949,162.180
32.725,-177.016,162.158
32.753,-177.082,162.125
32.771,-177.149,162.092
32.789,-177.216,162.059
32.817,-177.294,162.037
32.835,-177.360,162.004
32.854,-177.427,161.982
32.882,-177.494,161.949
32.900,-177.561,161.927
32.928,-177.639,161.906
32.946,-177.705,161.884
32.964,-177.772,161.862
32.992,-177.839,161.840
33.011,-177.906,161.818
33.038,-177.983,161.796
33.057,-178.050,161.774
33.075,-178.117,161.752
33.103,-178.184,161.719
33.121,-178.262,161.697
33.149,-178.328,161.675
33.167,-178.395,161.653
33.195,-178.462,161.631
33.214,-178.529,161.598
33.232,-178.606,161.576
33.260,-178.673,161.554
33.278,-178.740,161.532
33.306,-178.807,161.510
33.324,-178.873,161.488
33.352,-178.940,161.466
33.370,-179.018,161.444
33.389,-179.085,161.433
33.416,-179.152,161.411
33.435,-179.218,161.389
33.463,-179.285,161.378
33.481,-179.363,161.367
33.509,-179.430,161.356
33.527,-179.496,161.334
33.555,-179.563,161.334
33.573,-179.641,161.323
33.601,-179.708,161.312
33.619,-179.775,161.301
33.638,-179.841,161.301
33.665,-179.908,161.290
33.684,-179.986,161.290
33.712,-180.053,161.279
33.730,-180.119,161.268
33.758,-180.186,161.268
33.776,-180.264,161.257
33.804,-180.331,161.257
33.822,-180.398,161.246
33.850,-180.464,161.246
33.868,-180.542,161.246
33.896,-180.609,161.246
33.914,-180.676,161.246
33.942,-180.743,161.246
33.961,-180.820,161.246
33.988,-180.887,161.246
34.007,-180.954,161.246
34.034,-181.032,161.235
34.053,-181.099,161.235
34.081,-181.165,161.224
34.099,-181.232,161.224
34.127,-181.310,161.224
34.145,-181.377,161.213
34.173,-181.444,161.213
34.191,-181.521,161.213
34.219,-181.588,161.224
34.237,-181.655,161.224
34.265,-181.733,161.224
34.283,-181.799,161.235
34.311,-181.866,161.235
34.330,-181.944,161.235
34.357,-182.011,161.246
34.376,-182.078,161.246
34.403,-182.156,161.246
34.431,-182.222,161.257
34.450,-182.289,161.257
34.477,-182.367,161.257
34.496,-182.434,161.268
34.524,-182.500,161.268
34.542,-182.567,161.268
34.570,-182.645,161.268
34.588,-182.712,161.268
34.616,-182.779,161.268
34.634,-182.856,161.268
34.662,-182.923,161.279
34.690,-183.001,161.279
34.708,-183.068,161.279
34.736,-183.135,161.290
34.754,-183.212,161.301
34.782,-183.279,161.301
34.800,-183.357,161.301
34.828,-183.424,161.301
34.846,-183.491,161.301
34.874,-183.569,161.301
34.892,-183.635,161.301
34.920,-183.702,161.290
34.939,-183.780,161.290
34.966,-183.847,161.290
34.985,-183.924,161.290
35.012,-183.991,161.290
35.031,-184.058,161.290
35.059,-184.136,161.290
35.077,-184.203,161.290
35.105,-184.269,161.290
35.123,-184.347,161.301
35.151,-184.414,161.301
35.179,-184.492,161.301
35.206,-184.559,161.301
35.225,-184.637,161.312
35.253,-184.703,161.312
35.271,-184.770,161.323
35.299,-184.848,161.334
35.317,-184.915,161.334
35.345,-184.993,161.334
35.363,-185.059,161.334
35.391,-185.126,161.334
35.409,-185.204,161.323
35.437,-185.282,161.323
35.455,-185.349,161.312
35.483,-185.415,161.301
35.501,-185.493,161.301
35.529,-185.560,161.301
35.547,-185.638,161.301
35.575,-185.705,161.301
35.603,-185.783,161.312
35.621,-185.849,161.312
35.649,-185.916,161.323
35.667,-185.994,161.334
35.695,-186.061,161.334
35.713,-186.138,161.334
35.741,-186.205,161.345
35.760,-186.272,161.345
35.787,-186.350,161.345
35.815,-186.417,161.356
35.833,-186.495,161.356
35.861,-186.561,161.367
35.889,-186.639,161.367
35.907,-186.706,161.378
35.935,-186.784,161.378
35.953,-186.851,161.389
35.981,-186.928,161.389
36.000,-186.995,161.389
36.027,-187.073,161.389
36.055,-187.140,161.389
36.073,-187.218,161.389
36.101,-187.285,161.389
36.119,-187.362,161.389
36.138,-187.429,161.389
36.166,-187.507,161.389
36.193,-187.574,161.389
36.212,-187.652,161.389
36.239,-187.718,161.389
36.258,-187.796,161.400
36.286,-187.863,161.411
36.304,-187.941,161.411
36.332,-188.008,161.422
36.359,-188.085,161.433
36.387,-188.163,161.444
36.405,-188.230,161.455
36.433,-188.308,161.466
36.452,-188.375,161.477
36.479,-188.453,161.488
36.498,-188.519,161.510
36.525,-188.597,161.521
36.553,-188.664,161.532
36.571,-188.742,161.532
36.599,-188.820,161.543
36.617,-188.886,161.543
36.645,-188.964,161.554
36.673,-189.031,161.554
36.691,-189.109,161.565
36.719,-189.176,161.576
36.737,-189.254,161.576
36.765,-189.332,161.587
36.783,-189.398,161.598
36.811,-189.476,161.609
36.830,-189.543,161.620
36.857,-189.621,161.631
36.876,-189.687,161.642
36.903,-189.765,161.653
36.931,-189.843,161.664
36.949,-189.910,161.675
36.977,-189.988,161.686
36.996,-190.055,161.708
37.023,-190.133,161.719
37.041,-190.210,161.730
37.069,-190.277,161.741
37.097,-190.355,161.752
37.115,-190.433,161.763
37.143,-190.500,161.785
37.171,-190.578,161.796
37.189,-190.644,161.818
37.217,-190.722,161.829
37.235,-190.800,161.829
37.263,-190.867,161.840
37.281,-190.945,161.851
37.309,-191.022,161.862
37.327,-191.089,161.862
37.355,-191.167,161.862
37.373,-191.245,161.873
37.401,-191.312,161.884
37.419,-191.390,161.895
37.447,-191.467,161.906
37.475,-191.534,161.917
37.493,-191.612,161.938
37.521,-191.690,161.960
37.539,-191.757,161.982
37.567,-191.835,162.004
37.585,-191.912,162.026
37.613,-191.979,162.048
37.641,-192.057,162.059
37.659,-192.135,162.081
37.687,-192.202,162.092
37.705,-192.279,162.103
37.733,-192.357,162.114
37.751,-192.435,162.125
37.779,-192.502,162.136
37.797,-192.580,162.147
37.825,-192.658,162.147
37.843,-192.724,162.158
37.871,-192.802,162.169
37.889,-192.880,162.180
37.917,-192.947,162.191
37.935,-193.025,162.202
37.963,-193.103,162.213
37.981,-193.169,162.224
38.009,-193.247,162.235
38.037,-193.325,162.257
38.055,-193.403,162.268
38.083,-193.481,162.290
38.101,-193.548,162.312
38.129,-193.625,162.323
38.147,-193.703,162.345
38.175,-193.781,162.356
38.193,-193.848,162.367
38.221,-193.926,162.378
38.239,-194.004,162.400
38.267,-194.070,162.400
38.285,-194.148,162.411
38.313,-194.226,162.422
38.331,-194.304,162.433
38.359,-194.371,162.444
38.377,-194.449,162.444
38.405,-194.526,162.455
38.423,-194.604,162.466
38.451,-194.671,162.477
38.469,-194.749,162.477
38.497,-194.827,162.488
38.515,-194.905,162.499
38.543,-194.971,162.510
38.561,-195.049,162.521
38.589,-195.127,162.532
38.607,-195.205,162.543
38.635,-195.272,162.554
38.653,-195.349,162.565
38.681,-195.427,162.565
38.699,-195.505,162.576
38.727,-195.583,162.576
38.745,-195.650,162.576
38.773,-195.728,162.587
38.791,-195.805,162.587
38.810,-195.883,162.587
38.837,-195.950,162.587
38.856,-196.028,162.587
38.883,-196.106,162.587
38.902,-196.184,162.587
38.929,-196.250,162.598
38.948,-196.328,162.598
38.975,-196.406,162.598
38.994,-196.484,162.609
39.021,-196.551,162.609
39.040,-196.629,162.620
39.067,-196.706,162.631
39.086,-196.784,162.642
39.113,-196.851,162.653
39.132,-196.929,162.653
39.159,-197.007,162.664
39.187,-197.085,162.675
39.205,-197.162,162.686
39.224,-197.240,162.686
39.251,-197.307,162.697
39.270,-197.385,162.697
39.297,-197.463,162.708
39.316,-197.541,162.708
39.343,-197.618,162.719
39.362,-197.685,162.719
39.389,-197.763,162.729
39.408,-197.841,162.729
39.435,-197.919,162.729
39.454,-197.985,162.729
39.481,-198.063,162.729
39.500,-198.141,162.729
39.518,-198.219,162.729
39.546,-198.297,162.729
39.564,-198.364,162.729
39.592,-198.441,162.729
39.610,-198.519,162.729
39.638,-198.597,162.740
39.656,-198.675,162.740
39.684,-198.753,162.740
39.702,-198.831,162.751
39.730,-198.898,162.762
39.748,-198.975,162.762
39.776,-199.053,162.773
39.794,-199.131,162.784
39.822,-199.209,162.795
39.849,-199.287,162.806
39.868,-199.354,162.806
39.886,-199.431,162.806
39.914,-199.509,162.817
39.932,-199.587,162.817
39.960,-199.665,162.817
39.978,-199.743,162.817
40.006,-199.810,162.817
40.024,-199.887,162.817
40.052,-199.965,162.817
40.070,-200.043,162.806
40.098,-200.121,162.806
40.116,-200.199,162.806
40.144,-200.277,162.817
40.162,-200.343,162.817
40.190,-200.421,162.817
40.208,-200.499,162.817
40.236,-200.577,162.828
40.254,-200.655,162.828
40.282,-200.733,162.828
40.300,-200.810,162.828
40.328,-200.877,162.828
40.346,-200.955,162.828
40.374,-201.033,162.828
40.392,-201.111,162.828
40.420,-201.189,162.817
40.438,-201.266,162.817
40.465,-201.344,162.817
40.484,-201.411,162.817
40.512,-201.489,162.817
40.530,-201.567,162.817
40.558,-201.645,162.817
40.576,-201.722,162.817
40.603,-201.800,162.828
40.631,-201.878,162.828
40.649,-201.956,162.839
40.677,-202.034,162.850
40.695,-202.112,162.850
40.714,-202.190,162.861
40.741,-202.256,162.861
40.769,-202.334,162.861
40.787,-202.412,162.861
40.806,-202.490,162.850
40.833,-202.568,162.850
40.852,-202.646,162.850
40.879,-202.724,162.839
40.898,-202.801,162.839
40.925,-202.868,162.839
40.944,-202.946,162.828
40.971,-203.024,162.828
40.999,-203.102,162.828
41.017,-203.180,162.817
41.036,-203.257,162.817
41.063,-203.335,162.817
41.081,-203.413,162.817
41.109,-203.491,162.806
41.127,-203.569,162.806
41.155,-203.647,162.806
41.173,-203.724,162.806
41.201,-203.802,162.806
41.229,-203.880,162.817
41.247,-203.947,162.817
41.275,-204.025,162.817
41.293,-204.103,162.817
41.321,-204.181,162.817
41.339,-204.258,162.828
41.367,-204.336,162.828
41.385,-204.414,162.817
41.413,-204.492,162.817
41.431,-204.570,162.817
41.459,-204.648,162.817
41.477,-204.714,162.806
41.505,-204.792,162.806
41.523,-204.870,162.795
41.551,-204.948,162.795
41.569,-205.026,162.795
41.597,-205.104,162.784
41.615,-205.181,162.784
41.643,-205.259,162.784
41.661,-205.337,162.784
41.689,-205.415,162.773
41.716,-205.493,162.773
41.735,-205.571,162.773
41.762,-205.649,162.773
41.781,-205.726,162.773
41.808,-205.804,162.773
41.827,-205.882,162.773
41.854,-205.960,162.773
41.872,-206.038,162.773
41.900,-206.116,162.762
41.918,-206.194,162.773
41.946,-206.271,162.773
41.974,-206.349,162.773
41.992,-206.427,162.762
42.020,-206.505,162.762
42.038,-206.572,162.762
42.066,-206.650,162.751
42.084,-206.727,162.751
42.112,-206.805,162.740
42.130,-206.883,162.740
42.158,-206.961,162.729
42.176,-207.039,162.729
42.204,-207.117,162.729
42.222,-207.195,162.719
42.250,-207.272,162.719
42.268,-207.350,162.719
42.296,-207.428,162.719
42.314,-207.506,162.719
42.342,-207.584,162.719
42.360,-207.662,162.708
42.388,-207.740,162.708
42.406,-207.817,162.697
42.434,-207.895,162.686
42.452,-207.973,162.686
42.480,-208.051,162.675
42.507,-208.129,162.664
42.526,-208.207,162.653
42.553,-208.285,162.653
42.571,-208.362,162.642
42.599,-208.440,162.642
42.617,-208.518,162.642
42.645,-208.596,162.631
42.663,-208.674,162.642
42.691,-208.752,162.642
42.719,-208.830,162.642
42.737,-208.907,162.642
42.765,-208.985,162.642
42.783,-209.063,162.653
42.811,-209.141,162.653
42.829,-209.219,162.653
42.857,-209.297,162.642
42.884,-209.375,162.642
42.903,-209.452,162.631
42.930,-209.530,162.631
42.949,-209.608,162.620
42.976,-209.686,162.609
42.995,-209.764,162.598
43.022,-209.842,162.576
43.041,-209.919,162.576
43.068,-209.997,162.565
43.087,-210.075,162.554
43.114,-210.153,162.554
43.132,-210.231,162.554
43.160,-210.309,162.554
43.188,-210.387,162.565
43.206,-210.464,162.565
43.234,-210.553,162.565
43.252,-210.631,162.576
43.280,-210.709,162.576
43.307,-210.787,162.576
43.326,-210.865,162.587
43.353,-210.943,162.587
43.372,-211.021,162.587
43.399,-211.098,162.576
43.418,-211.176,162.576
43.445,-211.254,162.565
43.464,-211.332,162.565
43.491,-211.410,162.554
43.519,-211.488,162.554
43.537,-211.566,162.543
43.565,-211.643,162.543
43.583,-211.721,162.543
43.611,-211.799,162.532
43.629,-211.877,162.532
43.657,-211.955,162.532
43.675,-212.033,162.532
43.703,-212.111,162.532
43.731,-212.188,162.532
43.749,-212.266,162.543
43.777,-212.344,162.543
43.795,-212.422,162.543
43.823,-212.500,162.554
43.850,-212.578,162.554
43.868,-212.656,162.554
43.896,-212.733,162.554
43.914,-212.811,162.554
43.942,-212.889,162.554
43.960,-212.967,162.554
43.988,-213.045,162.554
44.016,-213.123,162.554
44.034,-213.201,162.554
44.062,-213.278,162.554
44.080,-213.356,162.543
44.108,-213.434,162.543
44.126,-213.512,162.543
44.154,-213.590,162.543
44.181,-213.679,162.532
44.200,-213.757,162.532
44.227,-213.835,162.532
44.246,-213.912,162.543
44.273,-213.990,162.543
44.291,-214.068,162.543
44.319,-214.146,162.543
44.347,-214.224,162.543
44.365,-214.302,162.543
44.393,-214.380,162.543
44.411,-214.457,162.543
44.439,-214.535,162.543
44.467,-214.613,162.532
44.485,-214.691,162.532
44.513,-214.769,162.532
44.531,-214.847,162.521
44.559,-214.925,162.510
44.577,-215.002,162.510
44.604,-215.091,162.499
44.632,-215.169,162.488
44.650,-215.247,162.477
44.678,-215.325,162.466
44.696,-215.403,162.455
44.724,-215.481,162.444
44.752,-215.559,162.433
44.779,-215.648,162.433
44.817,-215.737,162.433
44.844,-215.826,162.433
44.872,-215.915,162.433
44.900,-215.993,162.433
44.918,-216.070,162.433
44.945,-216.148,162.444
44.973,-216.226,162.444
44.991,-216.304,162.444
45.019,-216.382,162.455
45.047,-216.449,162.455
45.065,-216.526,162.455
45.093,-216.615,162.455
45.121,-216.693,162.455
45.139,-216.771,162.455
45.167,-216.849,162.444
45.194,-216.927,162.444
45.213,-217.005,162.433
45.240,-217.083,162.422
45.268,-217.161,162.422
45.296,-217.250,162.411
45.314,-217.327,162.411
45.342,-217.405,162.411
45.369,-217.483,162.400
45.388,-217.561,162.400
45.415,-217.639,162.400
45.443,-217.728,162.400
45.461,-217.806,162.400
45.489,-217.884,162.389
45.507,-217.961,162.389
45.535,-218.039,162.378
45.562,-218.128,162.378
45.581,-218.206,162.367
45.608,-218.284,162.356
45.636,-218.362,162.356
45.654,-218.440,162.356
45.682,-218.517,162.345
45.710,-218.595,162.345
45.728,-218.684,162.345
45.756,-218.762,162.345
45.783,-218.840,162.334
45.802,-218.918,162.334
45.829,-218.996,162.334
45.857,-219.085,162.323
45.875,-219.163,162.323
45.903,-219.240,162.312
45.931,-219.318,162.301
45.949,-219.396,162.301
45.977,-219.485,162.290
46.004,-219.563,162.290
46.032,-219.641,162.279
46.050,-219.719,162.279
46.078,-219.797,162.279
46.106,-219.886,162.279
46.124,-219.963,162.279
46.152,-220.041,162.279
46.179,-220.119,162.279
46.198,-220.197,162.279
46.225,-220.275,162.279
46.253,-220.364,162.279
46.281,-220.442,162.268
46.308,-220.520,162.268
46.327,-220.598,162.268
46.354,-220.675,162.257
46.382,-220.764,162.246
46.400,-220.842,162.235
46.428,-220.920,162.235
46.456,-220.998,162.224
46.483,-221.087,162.213
46.501,-221.165,162.213
46.529,-221.243,162.213
46.557,-221.321,162.213
46.585,-221.410,162.202
46.603,-221.487,162.202
46.631,-221.565,162.202
46.658,-221.643,162.202
46.676,-221.732,162.191
46.704,-221.810,162.191
46.732,-221.888,162.180
46.750,-221.966,162.180
46.778,-222.044,162.169
46.805,-222.133,162.169
46.824,-222.210,162.158
46.851,-222.288,162.147
46.879,-222.366,162.136
46.897,-222.444,162.136
46.925,-222.533,162.136
46.953,-222.611,162.136
46.980,-222.689,162.147
47.008,-222.778,162.147
47.036,-222.856,162.158
47.064,-222.934,162.158
47.082,-223.022,162.169
47.109,-223.100,162.169
47.137,-223.178,162.169
47.165,-223.267,162.169
47.193,-223.345,162.169
47.211,-223.423,162.169
47.238,-223.512,162.158
47.266,-223.590,162.147
47.284,-223.668,162.147
47.312,-223.746,162.136
47.340,-223.835,162.114
47.367,-223.912,162.103
47.386,-223.990,162.092
47.413,-224.068,162.092
47.441,-224.157,162.081
47.469,-224.235,162.081
47.487,-224.313,162.081
47.515,-224.402,162.092
47.542,-224.480,162.103
47.570,-224.558,162.103
47.598,-224.647,162.125
47.625,-224.724,162.125
47.644,-224.802,162.136
47.671,-224.891,162.136
47.699,-224.969,162.147
47.727,-225.047,162.147
47.745,-225.136,162.147
47.773,-225.214,162.136
47.800,-225.292,162.136
47.828,-225.381,162.136
47.856,-225.459,162.125
47.874,-225.536,162.114
47.902,-225.625,162.114
47.929,-225.703,162.114
47.957,-225.781,162.103
47.975,-225.870,162.103
48.003,-225.948,162.103
48.030,-226.037,162.114
48.058,-226.115,162.114
48.076,-226.193,162.114
48.104,-226.282,162.125
48.132,-226.360,162.125
48.159,-226.449,162.136
48.187,-226.526,162.136
48.205,-226.604,162.147
48.233,-226.693,162.147
48.261,-226.771,162.147
48.288,-226.849,162.136
48.307,-226.927,162.136
48.334,-227.016,162.136
48.362,-227.094,162.125
48.380,-227.172,162.125
48.408,-227.261,162.125
48.436,-227.338,162.125
48.463,-227.416,162.136
48.491,-227.505,162.136
48.509,-227.583,162.147
48.546,-227.672,162.158
48.574,-227.750,162.169
48.592,-227.828,162.180
48.620,-227.917,162.191
48.648,-227.995,162.202
48.675,-228.084,162.213
48.694,-228.162,162.213
48.721,-228.240,162.213
48.749,-228.328,162.224
48.777,-228.406,162.213
48.795,-228.484,162.224
48.822,-228.573,162.213
48.850,-228.651,162.213
48.868,-228.729,162.213
48.896,-228.818,162.202
48.924,-228.896,162.202
48.952,-228.974,162.202
48.970,-229.063,162.202
48.997,-229.140,162.202
49.025,-229.218,162.202
49.053,-229.307,162.202
49.080,-229.385,162.202
49.108,-229.463,162.202
49.126,-229.552,162.202
49.154,-229.630,162.202
49.182,-229.719,162.202
49.209,-229.797,162.202
49.228,-229.875,162.202
49.255,-229.964,162.202
49.283,-230.042,162.202
49.311,-230.119,162.202
49.338,-230.208,162.202
49.357,-230.286,162.202
49.384,-230.364,162.202
49.412,-230.453,162.202
49.440,-230.531,162.191
49.458,-230.609,162.191
49.486,-230.698,162.191
49.513,-230.776,162.191
49.541,-230.854,162.180
49.569,-230.943,162.191
49.587,-231.020,162.191
49.614,-231.109,162.191
49.642,-231.187,162.191
49.670,-231.265,162.191
49.698,-231.354,162.202
49.716,-231.432,162.202
49.743,-231.521,162.213
49.771,-231.599,162.213
49.799,-231.677,162.213
49.817,-231.766,162.213
49.845,-231.844,162.202
49.872,-231.921,162.202
49.900,-232.010,162.202
49.918,-232.088,162.191
49.946,-232.166,162.191
49.974,-232.255,162.180
50.001,-232.333,162.180
50.020,-232.411,162.169
50.047,-232.500,162.169
50.075,-232.578,162.169
50.103,-232.667,162.169
50.130,-232.745,162.169
50.149,-232.822,162.180
50.176,-232.911,162.180
50.204,-232.989,162.180
50.232,-233.078,162.180
50.259,-233.156,162.191
50.278,-233.234,162.180
50.305,-233.323,162.180
50.333,-233.401,162.180
50.361,-233.479,162.180
50.379,-233.568,162.169
50.406,-233.646,162.169
50.434,-233.734,162.169
50.462,-233.812,162.158
50.490,-233.890,162.158
50.508,-233.979,162.147
50.535,-234.057,162.147
50.563,-234.135,162.136
50.591,-234.224,162.136
50.619,-234.302,162.125
50.637,-234.391,162.125
50.664,-234.469,162.125
50.692,-234.547,162.125
50.720,-234.636,162.136
50.747,-234.713,162.136
50.766,-234.791,162.136
50.793,-234.880,162.136
50.821,-234.958,162.136
50.849,-235.047,162.147
50.867,-235.125,162.147
50.895,-235.203,162.136
50.922,-235.292,162.136
50.950,-235.370,162.136
50.978,-235.448,162.136
50.996,-235.536,162.136
51.024,-235.614,162.125
51.051,-235.692,162.125
51.079,-235.781,162.125
51.107,-235.859,162.136
51.134,-235.948,162.136
51.153,-236.026,162.147
51.180,-236.104,162.147
51.208,-236.193,162.147
51.236,-236.271,162.158
51.263,-236.349,162.158
51.281,-236.438,162.158
51.309,-236.515,162.158
51.337,-236.604,162.158
51.355,-236.682,162.158
51.383,-236.760,162.147
51.410,-236.849,162.147
51.438,-236.927,162.147
51.466,-237.005,162.136
51.484,-237.094,162.136
51.512,-237.172,162.136
51.539,-237.261,162.125
51.567,-237.339,162.125
51.585,-237.416,162.125
51.613,-237.505,162.125
51.641,-237.583,162.125
51.668,-237.661,162.125
51.696,-237.750,162.136
51.724,-237.828,162.136
51.742,-237.917,162.136
51.770,-237.995,162.147
51.797,-238.073,162.147
51.825,-238.162,162.147
51.843,-238.240,162.147
51.871,-238.317,162.147
51.899,-238.406,162.147
51.926,-238.484,162.136
51.954,-238.562,162.136
51.972,-238.651,162.136
52.000,-238.729,162.136
52.028,-238.818,162.136
52.055,-238.896,162.136
52.073,-238.974,162.136
52.101,-239.063,162.136
52.129,-239.141,162.136
52.157,-239.219,162.136
52.175,-239.307,162.136
52.202,-239.385,162.136
52.230,-239.463,162.136
52.258,-239.552,162.136
52.286,-239.630,162.136
52.304,-239.708,162.147
52.331,-239.797,162.147
52.359,-239.875,162.147
52.387,-239.953,162.147
52.414,-240.042,162.158
52.433,-240.119,162.158
52.460,-240.197,162.169
52.488,-240.286,162.169
52.516,-240.364,162.169
52.534,-240.442,162.169
52.562,-240.531,162.158
52.589,-240.609,162.158
52.617,-240.687,162.158
52.635,-240.776,162.158
52.663,-240.854,162.147
52.691,-240.943,162.147
52.718,-241.021,162.147
52.737,-241.098,162.147
52.764,-241.187,162.147
52.792,-241.265,162.147
52.820,-241.343,162.158
52.847,-241.432,162.158
52.865,-241.510,162.158
52.893,-241.588,162.158
52.921,-241.677,162.158
52.949,-241.755,162.158
52.976,-241.833,162.158
52.994,-241.921,162.147
53.022,-241.999,162.147
53.050,-242.077,162.136
53.068,-242.166,162.136
53.096,-242.244,162.136
53.123,-242.322,162.125
53.151,-242.411,162.125
53.179,-242.489,162.114
53.197,-242.578,162.114
53.225,-242.656,162.114
53.252,-242.734,162.114
53.280,-242.823,162.114
53.298,-242.900,162.114
53.326,-242.978,162.125
53.354,-243.067,162.125
53.381,-243.145,162.125
53.409,-243.223,162.125
53.427,-243.312,162.125
53.455,-243.390,162.125
53.483,-243.468,162.125
53.510,-243.557,162.125
53.538,-243.635,162.114
53.556,-243.712,162.114
53.584,-243.801,162.114
53.612,-243.879,162.114
53.639,-243.957,162.103
53.657,-244.046,162.103
53.685,-244.124,162.103
53.713,-244.213,162.103
53.741,-244.291,162.103
53.768,-244.369,162.103
53.786,-244.458,162.103
53.814,-244.536,162.103
53.842,-244.613,162.103
53.870,-244.702,162.103
53.897,-244.780,162.114
53.915,-244.858,162.114
53.943,-244.947,162.125
53.971,-245.025,162.125
53.999,-245.103,162.125
54.017,-245.192,162.125
54.044,-245.270,162.125
54.072,-245.348,162.125
54.100,-245.437,162.125
54.118,-245.514,162.125
54.146,-245.592,162.125
54.173,-245.681,162.114
54.201,-245.759,162.114
54.229,-245.848,162.114
54.256,-245.926,162.114
54.275,-246.004,162.125
54.302,-246.093,162.125
54.330,-246.171,162.125
54.358,-246.249,162.125
54.376,-246.338,162.125
54.404,-246.415,162.125
54.431,-246.504,162.125
54.459,-246.582,162.125
54.487,-246.660,162.125
54.505,-246.749,162.125
54.533,-246.827,162.125
54.560,-246.905,162.125
54.588,-246.994,162.125
54.606,-247.072,162.125
54.634,-247.150,162.125
54.662,-247.239,162.125
54.689,-247.316,162.114
54.707,-247.394,162.114
54.735,-247.483,162.114
54.763,-247.561,162.114
54.791,-247.639,162.114
54.809,-247.728,162.114
54.836,-247.806,162.103
54.864,-247.895,162.114
54.892,-247.973,162.103
54.920,-248.051,162.114
54.947,-248.140,162.103
54.975,-248.218,162.114
54.993,-248.306,162.114
55.021,-248.384,162.114
55.048,-248.473,162.114
55.076,-248.551,162.114
55.104,-248.629,162.114
55.122,-248.718,162.114
55.150,-248.796,162.114
55.177,-248.885,162.103
55.195,-248.963,162.103
55.223,-249.041,162.103
55.251,-249.130,162.103
55.279,-249.207,162.103
55.306,-249.296,162.092
55.324,-249.374,162.103
55.352,-249.452,162.103
55.380,-249.541,162.103
55.408,-249.619,162.103
55.435,-249.708,162.103
55.463,-249.786,162.103
55.491,-249.875,162.103
55.509,-249.953,162.103
55.536,-250.042,162.103
55.564,-250.120,162.103
55.592,-250.198,162.103
55.619,-250.286,162.103
55.638,-250.364,162.103
55.665,-250.453,162.092
55.693,-250.531,162.081
55.721,-250.620,162.070
55.748,-250.698,162.070
55.767,-250.787,162.059
55.794,-250.865,162.059
55.822,-250.943,162.059
55.850,-251.032,162.059
55.877,-251.110,162.059
55.895,-251.199,162.048
55.923,-251.276,162.048
55.951,-251.365,162.048
55.979,-251.443,162.048
56.006,-251.532,162.048
56.034,-251.610,162.048
56.062,-251.699,162.037
56.080,-251.777,162.037
56.107,-251.866,162.037
56.135,-251.944,162.037
56.163,-252.022,162.026
56.191,-252.111,162.026
56.218,-252.189,162.026
56.246,-252.278,162.015
56.264,-252.355,162.015
56.292,-252.444,162.004
56.319,-252.522,162.004
56.347,-252.611,161.993
56.375,-252.689,161.993
56.393,-252.778,161.982
56.421,-252.856,161.982
56.448,-252.945,161.971
56.476,-253.023,161.971
56.504,-253.112,161.971
56.531,-253.190,161.971
56.549,-253.279,161.960
56.577,-253.357,161.960
56.605,-253.446,161.960
56.633,-253.523,161.960
56.660,-253.612,161.960
56.688,-253.690,161.960
56.716,-253.779,161.960
56.734,-253.857,161.960
56.771,-253.946,161.949
56.789,-254.024,161.949
56.817,-254.113,161.949
56.845,-254.191,161.949
56.872,-254.269,161.938
56.900,-254.358,161.938
56.928,-254.436,161.938
56.955,-254.525,161.927
56.973,-254.602,161.927
57.001,-254.691,161.927
57.029,-254.780,161.927
57.056,-254.858,161.927
57.084,-254.947,161.927
57.112,-255.025,161.927
57.139,-255.114,161.927
57.158,-255.192,161.927
57.185,-255.270,161.917
57.213,-255.359,161.927
57.241,-255.437,161.917
57.268,-255.526,161.917
57.296,-255.604,161.917
57.314,-255.693,161.917
57.342,-255.770,161.906
57.370,-255.859,161.906
57.397,-255.937,161.906
57.425,-256.026,161.906
57.453,-256.104,161.895
57.480,-256.193,161.895
57.508,-256.271,161.895
57.526,-256.360,161.895
57.554,-256.438,161.884
57.582,-256.527,161.884
57.609,-256.605,161.884
57.637,-256.694,161.873
57.665,-256.772,161.873
57.692,-256.861,161.873
57.720,-256.939,161.873
57.738,-257.027,161.862
57.766,-257.105,161.862
57.793,-257.194,161.862
57.821,-257.272,161.862
57.849,-257.350,161.851
57.867,-257.439,161.851
57.895,-257.517,161.840
57.922,-257.606,161.840
57.950,-257.684,161.829
57.978,-257.773,161.829
58.006,-257.851,161.818
58.033,-257.940,161.818
58.061,-258.018,161.818
58.088,-258.107,161.818
58.116,-258.185,161.807
58.134,-258.262,161.807
58.162,-258.351,161.807
58.190,-258.429,161.807
58.217,-258.518,161.807
58.245,-258.596,161.796
58.273,-258.685,161.796
58.301,-258.763,161.785
58.319,-258.852,161.774
58.346,-258.930,161.774
58.374,-259.019,161.763
58.402,-259.097,161.752
58.429,-259.186,161.752
58.457,-259.264,161.741
58.485,-259.341,161.741
58.512,-259.430,161.730
58.531,-259.508,161.730
58.558,-259.597,161.730
58.586,-259.675,161.730
58.614,-259.764,161.730
58.641,-259.842,161.730
58.669,-259.931,161.719
58.697,-260.009,161.719
58.724,-260.098,161.719
58.752,-260.176,161.719
58.780,-260.265,161.719
58.808,-260.343,161.730
58.835,-260.432,161.730
58.853,-260.509,161.741
58.881,-260.598,161.730
58.909,-260.676,161.730
58.936,-260.765,161.719
58.964,-260.843,161.719
58.992,-260.932,161.708
59.019,-261.010,161.697
59.047,-261.088,161.686
59.075,-261.177,161.675
59.093,-261.255,161.664
59.121,-261.344,161.664
59.148,-261.422,161.664
59.176,-261.511,161.664
59.204,-261.589,161.653
59.231,-261.678,161.653
59.259,-261.755,161.653
59.287,-261.844,161.653
59.315,-261.922,161.653
59.342,-262.011,161.653
59.360,-262.089,161.664
59.388,-262.178,161.664
59.416,-262.256,161.664
59.443,-262.345,161.653
59.471,-262.423,161.653
59.499,-262.512,161.642
59.526,-262.590,161.642
59.554,-262.679,161.642
59.582,-262.757,161.642
59.609,-262.846,161.631
59.637,-262.924,161.631
59.665,-263.013,161.631
59.683,-263.090,161.631
59.711,-263.168,161.631
59.738,-263.257,161.631
59.766,-263.335,161.631
59.794,-263.424,161.631
59.821,-263.502,161.631
59.849,-263.591,161.631
59.877,-263.669,161.631
59.904,-263.758,161.631
59.923,-263.836,161.620
59.960,-263.925,161.620
59.978,-264.003,161.620
60.006,-264.092,161.620
60.033,-264.170,161.620
60.061,-264.259,161.620
60.089,-264.336,161.620
60.116,-264.425,161.620
60.144,-264.503,161.620
60.172,-264.592,161.631
60.200,-264.670,161.631
60.227,-264.759,161.631
60.255,-264.837,161.642
60.283,-264.926,161.642
60.310,-265.004,161.653
60.338,-265.093,161.653
60.356,-265.171,161.664
60.384,-265.260,161.664
60.411,-265.338,161.675
60.439,-265.427,161.675
60.467,-265.516,161.675
60.494,-265.594,161.675
60.522,-265.682,161.675
60.550,-265.760,161.675
60.577,-265.849,161.675
60.605,-265.927,161.675
60.633,-266.016,161.664
60.651,-266.094,161.664
60.679,-266.183,161.664
60.706,-266.261,161.664
60.734,-266.350,161.664
60.762,-266.428,161.664
60.789,-266.517,161.664
60.817,-266.606,161.664
60.845,-266.684,161.664
60.872,-266.773,161.664
60.900,-266.851,161.664
60.928,-266.940,161.664
60.955,-267.018,161.664
60.983,-267.106,161.664
61.011,-267.195,161.675
61.038,-267.273,161.675
61.066,-267.362,161.675
61.094,-267.440,161.675
61.112,-267.529,161.675
61.140,-267.618,161.686
61.167,-267.696,161.686
61.195,-267.785,161.686
61.223,-267.863,161.686
61.250,-267.952,161.686
61.278,-268.041,161.686
61.306,-268.119,161.686
61.333,-268.208,161.686
61.361,-268.286,161.697
61.389,-268.375,161.697
61.416,-268.464,161.697
61.444,-268.542,161.708
61.472,-268.631,161.708
61.499,-268.708,161.719
61.527,-268.797,161.719
61.555,-268.886,161.730
61.582,-268.964,161.730
61.610,-269.053,161.730
61.638,-269.142,161.741
61.665,-269.220,161.741
61.693,-269.309,161.752
61.721,-269.398,161.752
61.748,-269.476,161.752
61.766,-269.565,161.763
61.794,-269.654,161.763
61.822,-269.732,161.763
61.849,-269.821,161.763
61.877,-269.899,161.763
61.905,-269.988,161.763
61.932,-270.077,161.774
61.960,-270.155,161.774
61.988,-270.244,161.774
62.015,-270.333,161.785
62.043,-270.410,161.785
62.071,-270.499,161.796
62.098,-270.588,161.796
62.126,-270.666,161.796
62.154,-270.755,161.807
62.181,-270.844,161.807
62.209,-270.933,161.807
62.237,-271.011,161.807
62.264,-271.100,161.807
62.292,-271.189,161.807
62.320,-271.267,161.818
62.347,-271.356,161.818
62.375,-271.445,161.829
62.403,-271.523,161.829
62.430,-271.612,161.840
62.458,-271.701,161.851
62.486,-271.790,161.851
62.513,-271.868,161.862
62.531,-271.957,161.862
62.559,-272.046,161.873
62.587,-272.135,161.884
62.614,-272.213,161.884
62.642,-272.302,161.895
62.679,-272.391,161.884
62.707,-272.480,161.895
62.734,-272.569,161.895
62.753,-272.646,161.895
62.780,-272.735,161.895
62.808,-272.824,161.884
62.835,-272.913,161.884
62.863,-273.002,161.873
62.891,-273.091,161.873
62.918,-273.169,161.873
62.946,-273.258,161.873
62.974,-273.347,161.884
63.001,-273.436,161.884
63.029,-273.525,161.895
63.066,-273.614,161.906
63.094,-273.703,161.917
63.121,-273.792,161.927
63.149,-273.881,161.927
63.177,-273.959,161.938
63.204,-274.048,161.938
63.232,-274.137,161.938
63.260,-274.226,161.949
63.287,-274.315,161.949
63.315,-274.404,161.949
63.342,-274.493,161.949
63.370,-274.582,161.949
63.398,-274.671,161.949
63.425,-274.760,161.949
63.453,-274.849,161.960
63.481,-274.938,161.960
63.508,-275.027,161.971
63.536,-275.116,161.971
63.563,-275.205,161.982
63.591,-275.294,161.993
63.619,-275.383,162.004
63.646,-275.472,162.004
63.674,-275.561,162.015
63.702,-275.650,162.026
63.729,-275.739,162.037
63.757,-275.828,162.048
63.794,-275.917,162.059
63.822,-276.006,162.059
63.849,-276.095,162.070
63.877,-276.184,162.081
63.904,-276.273,162.081
63.932,-276.362,162.092
63.960,-276.451,162.103
63.987,-276.540,162.114
64.015,-276.629,162.125
64.043,-276.718,162.125
64.070,-276.818,162.136
64.098,-276.907,162.147
64.125,-276.996,162.158
64.153,-277.085,162.169
64.181,-277.174,162.180
64.208,-277.263,162.191
64.236,-277.352,162.202
64.263,-277.441,162.213
64.301,-277.530,162.224
64.328,-277.630,162.235
64.356,-277.719,162.246
64.383,-277.808,162.257
64.411,-277.897,162.268
64.439,-277.986,162.279
64.466,-278.075,162.279
64.494,-278.164,162.290
64.521,-278.253,162.301
64.549,-278.342,162.312
64.577,-278.442,162.323
64.604,-278.531,162.334
64.632,-278.620,162.345
64.659,-278.709,162.356
64.687,-278.798,162.367
64.715,-278.887,162.378
64.742,-278.976,162.389
64.770,-279.076,162.400
64.797,-279.165,162.422
64.825,-279.254,162.433
64.853,-279.343,162.444
64.880,-279.432,162.455
64.908,-279.532,162.466
64.945,-279.621,162.477
64.973,-279.710,162.488
65.000,-279.799,162.499
65.028,-279.888,162.510
65.055,-279.988,162.521
65.083,-280.077,162.532
65.111,-280.166,162.543
65.138,-280.255,162.554
65.166,-280.344,162.565
65.193,-280.433,162.576
65.221,-280.522,162.587
65.249,-280.622,162.587
65.276,-280.711,162.598
65.304,-280.800,162.609
65.331,-280.889,162.620
65.359,-280.978,162.620
65.387,-281.078,162.631
65.414,-281.167,162.642
65.442,-281.256,162.642
65.469,-281.345,162.653
65.497,-281.445,162.653
65.525,-281.534,162.664
65.552,-281.623,162.675
65.580,-281.712,162.675
65.607,-281.812,162.686
65.635,-281.901,162.697
65.663,-281.990,162.708
65.690,-282.079,162.719
65.718,-282.168,162.729
65.745,-282.257,162.729
65.773,-282.357,162.740
65.800,-282.446,162.751
65.828,-282.535,162.762
65.856,-282.624,162.762
65.883,-282.724,162.773
65.911,-282.813,162.784
65.938,-282.902,162.784
65.966,-282.991,162.795
65.994,-283.091,162.795
66.021,-283.180,162.806
66.049,-283.269,162.806
66.076,-283.369,162.817
66.104,-283.458,162.828
66.132,-283.547,162.828
66.159,-283.636,162.839
66.187,-283.736,162.850
66.214,-283.825,162.861
66.242,-283.914,162.872
66.270,-284.003,162.872
66.297,-284.103,162.872
66.325,-284.192,162.883
66.352,-284.281,162.883
66.370,-284.381,162.883
66.398,-284.470,162.883
66.426,-284.559,162.883
66.453,-284.648,162.883
66.481,-284.748,162.883
66.508,-284.837,162.883
66.536,-284.926,162.883
66.573,-285.026,162.883
66.601,-285.115,162.883
66.628,-285.215,162.894
66.656,-285.304,162.894
66.683,-285.393,162.905
66.711,-285.494,162.905
66.738,-285.583,162.916
66.766,-285.671,162.916
66.784,-285.760,162.916
66.812,-285.860,162.916
66.839,-285.949,162.916
66.867,-286.038,162.916
66.894,-286.138,162.916
66.922,-286.227,162.916
66.950,-286.316,162.905
66.977,-286.417,162.894
67.005,-286.506,162.894
67.032,-286.595,162.883
67.060,-286.695,162.883
67.088,-286.784,162.883
67.125,-286.873,162.872
67.152,-286.973,162.872
67.180,-287.062,162.872
67.207,-287.151,162.872
67.235,-287.251,162.872
67.263,-287.340,162.872
67.290,-287.440,162.872
67.318,-287.529,162.872
67.345,-287.618,162.872
67.373,-287.718,162.872
67.400,-287.807,162.872
67.428,-287.896,162.872
67.456,-287.996,162.861
67.483,-288.085,162.861
67.511,-288.174,162.861
67.538,-288.274,162.861
67.566,-288.363,162.861
67.594,-288.452,162.861
67.621,-288.552,162.850
67.649,-288.641,162.850
67.676,-288.730,162.850
67.704,-288.830,162.850
67.731,-288.919,162.850
67.759,-289.019,162.839
67.786,-289.108,162.839
67.814,-289.197,162.839
67.842,-289.297,162.839
67.869,-289.386,162.839
67.897,-289.475,162.839
67.924,-289.575,162.839
67.952,-289.664,162.839
67.979,-289.764,162.839
68.007,-289.853,162.839
68.035,-289.953,162.839
68.062,-290.042,162.839
68.090,-290.131,162.839
68.117,-290.231,162.839
68.145,-290.320,162.839
68.172,-290.420,162.839
68.200,-290.509,162.850
68.237,-290.610,162.839
68.265,-290.699,162.850
68.292,-290.788,162.850
68.320,-290.888,162.850
68.348,-290.977,162.850
68.375,-291.077,162.850
68.403,-291.166,162.839
68.430,-291.266,162.839
68.458,-291.355,162.828
68.485,-291.444,162.806
68.513,-291.544,162.795
68.540,-291.633,162.773
68.568,-291.733,162.762
68.596,-291.822,162.740
68.623,-291.922,162.719
68.651,-292.011,162.697
68.678,-292.111,162.675
68.706,-292.200,162.664
68.733,-292.289,162.642
68.761,-292.389,162.620
68.798,-292.478,162.598
68.826,-292.578,162.587
68.853,-292.667,162.565
68.881,-292.767,162.543
68.908,-292.856,162.532
68.936,-292.956,162.510
68.964,-293.045,162.488
68.991,-293.145,162.466
69.019,-293.234,162.444
69.046,-293.334,162.422
69.083,-293.423,162.400
69.111,-293.524,162.378
69.138,-293.613,162.356
69.166,-293.713,162.334
69.194,-293.802,162.312
69.221,-293.902,162.290
69.258,-293.991,162.279
69.286,-294.091,162.257
69.313,-294.180,162.235
69.341,-294.269,162.213
69.368,-294.369,162.202
69.406,-294.458,162.180
69.433,-294.558,162.158
69.461,-294.647,162.136
69.488,-294.747,162.114
69.516,-294.836,162.092
69.543,-294.936,162.070
69.580,-295.025,162.048
69.608,-295.125,162.026
69.636,-295.214,162.004
69.663,-295.314,161.982
69.700,-295.403,161.960
69.728,-295.503,161.949
69.755,-295.592,161.927
69.792,-295.693,161.917
69.820,-295.793,161.906
69.848,-295.882,161.895
69.875,-295.982,161.884
69.912,-296.071,161.873
69.940,-296.171,161.862
69.967,-296.260,161.851
69.995,-296.360,161.840
70.032,-296.449,161.829
70.059,-296.549,161.818
70.087,-296.638,161.807
70.115,-296.738,161.796
70.152,-296.827,161.785
70.179,-296.927,161.785
70.207,-297.016,161.774
70.234,-297.116,161.763
70.272,-297.206,161.752
70.299,-297.306,161.741
70.336,-297.395,161.741
70.364,-297.495,161.730
70.391,-297.584,161.719
70.419,-297.684,161.719
70.456,-297.784,161.708
70.483,-297.873,161.697
70.511,-297.973,161.697
70.548,-298.062,161.686
70.576,-298.162,161.686
70.603,-298.262,161.686
70.640,-298.351,161.675
70.668,-298.451,161.675
70.695,-298.540,161.664
70.732,-298.641,161.664
70.760,-298.730,161.664
70.788,-298.830,161.653
70.825,-298.930,161.653
70.852,-299.019,161.653
70.889,-299.119,161.653
70.917,-299.208,161.653
70.944,-299.308,161.653
70.982,-299.397,161.653
71.009,-299.497,161.653
71.037,-299.597,161.642
71.064,-299.686,161.642
71.101,-299.786,161.642
71.129,-299.875,161.642
71.156,-299.975,161.642
71.193,-300.076,161.642
71.221,-300.165,161.642
71.258,-300.265,161.631
71.286,-300.365,161.631
71.313,-300.454,161.631
71.350,-300.554,161.620
71.378,-300.643,161.620
71.405,-300.743,161.620
71.442,-300.843,161.609
71.470,-300.932,161.609
71.497,-301.032,161.609
71.534,-301.133,161.609
71.562,-301.222,161.598
71.590,-301.322,161.598
71.627,-301.411,161.598
71.654,-301.511,161.598
71.682,-301.611,161.598
71.719,-301.700,161.598
71.746,-301.800,161.598
71.783,-301.900,161.598
71.811,-301.989,161.598
71.839,-302.089,161.598
71.876,-302.189,161.598
71.903,-302.278,161.598
71.940,-302.379,161.598
71.968,-302.479,161.598
71.995,-302.568,161.598
72.032,-302.668,161.587
72.060,-302.757,161.587
72.088,-302.857,161.587
72.125,-302.957,161.587
72.152,-303.046,161.576
72.180,-303.146,161.576
72.217,-303.246,161.576
72.244,-303.335,161.576
72.281,-303.435,161.576
72.309,-303.535,161.576
72.337,-303.624,161.576
72.374,-303.725,161.587
72.401,-303.825,161.587
72.438,-303.925,161.587
72.466,-304.014,161.598
72.493,-304.114,161.598
72.530,-304.214,161.598
72.558,-304.303,161.609
72.585,-304.403,161.609
72.622,-304.503,161.609
72.650,-304.592,161.609
72.687,-304.693,161.609
72.715,-304.793,161.609
72.752,-304.882,161.598
72.779,-304.982,161.598
72.807,-305.082,161.598
72.844,-305.171,161.598
72.871,-305.271,161.587
72.899,-305.371,161.587
72.936,-305.460,161.587
72.964,-305.560,161.576
72.991,-305.660,161.576
73.028,-305.760,161.576
73.056,-305.849,161.576
73.093,-305.950,161.576
73.120,-306.050,161.576
73.157,-306.150,161.576
73.185,-306.250,161.587
73.212,-306.339,161.587
73.249,-306.439,161.587
73.277,-306.539,161.587
73.314,-306.628,161.587
73.342,-306.728,161.587
73.369,-306.828,161.587
73.406,-306.917,161.587
73.434,-307.018,161.587
73.461,-307.118,161.587
73.498,-307.218,161.587
73.526,-307.307,161.576
73.563,-307.407,161.576
73.590,-307.507,161.576
73.618,-307.596,161.576
73.655,-307.696,161.576
73.683,-307.796,161.587
73.720,-307.896,161.587
73.747,-307.997,161.587
73.784,-308.097,161.587
73.812,-308.186,161.598
73.839,-308.286,161.598
73.876,-308.386,161.609
73.904,-308.486,161.609
73.941,-308.575,161.609
73.968,-308.675,161.620
74.005,-308.775,161.631
74.033,-308.875,161.631
74.061,-308.964,161.642
74.098,-309.065,161.653
74.125,-309.165,161.664
74.162,-309.265,161.664
74.190,-309.365,161.686
74.217,-309.454,161.697
74.254,-309.554,161.708
74.282,-309.654,161.719
74.319,-309.754,161.730
74.346,-309.854,161.741
74.383,-309.955,161.763
74.411,-310.044,161.774
74.438,-310.144,161.785
74.476,-310.244,161.796
74.503,-310.344,161.807
74.540,-310.444,161.829
74.568,-310.544,161.840
74.595,-310.633,161.851
74.632,-310.733,161.862
74.660,-310.833,161.884
74.687,-310.933,161.895
74.724,-311.034,161.906
74.752,-311.123,161.917
74.789,-311.223,161.938
74.816,-311.323,161.949
74.844,-311.423,161.960
74.881,-311.523,161.982
74.908,-311.623,161.993
74.945,-311.723,162.004
74.973,-311.823,162.015
75.000,-311.923,162.026
75.038,-312.013,162.037
75.065,-312.113,162.059
75.093,-312.213,162.070
75.130,-312.313,162.081
75.157,-312.413,162.103
75.185,-312.513,162.114
75.222,-312.613,162.136
75.249,-312.702,162.147
75.286,-312.802,162.169
75.314,-312.902,162.180
75.341,-313.002,162.202
75.378,-313.103,162.213
75.406,-313.203,162.235
75.433,-313.303,162.246
75.470,-313.403,162.257
75.498,-313.503,162.279
75.525,-313.603,162.290
75.562,-313.703,162.301
75.590,-313.803,162.323
75.617,-313.903,162.334
75.655,-313.992,162.345
75.682,-314.093,162.367
75.710,-314.193,162.378
75.747,-314.293,162.389
75.774,-314.393,162.400
75.802,-314.493,162.411
75.839,-314.593,162.422
75.866,-314.693,162.433
75.894,-314.793,162.444
75.921,-314.893,162.455
75.958,-314.993,162.455
75.986,-315.094,162.466
76.013,-315.194,162.477
76.050,-315.283,162.477
76.078,-315.383,162.488
76.105,-315.483,162.499
76.142,-315.583,162.499
76.170,-315.683,162.510
76.197,-315.794,162.521
76.234,-315.894,162.532
76.262,-315.983,162.543
76.289,-316.083,162.554
76.317,-316.184,162.565
76.354,-316.284,162.576
76.381,-316.384,162.587
76.409,-316.484,162.609
76.446,-316.584,162.609
76.474,-316.684,162.620
76.501,-316.784,162.631
76.529,-316.884,162.631
76.566,-316.984,162.642
76.593,-317.085,162.642
76.621,-317.185,162.653
76.648,-317.285,162.653
76.685,-317.385,162.653
76.713,-317.485,162.664
76.740,-317.585,162.664
76.777,-317.685,162.664
76.805,-317.785,162.675
76.832,-317.885,162.675
76.869,-317.985,162.686
76.897,-318.086,162.686
76.924,-318.186,162.697
76.952,-318.286,162.697
76.989,-318.386,162.708
77.016,-318.486,162.708
77.044,-318.586,162.708
77.071,-318.686,162.719
77.108,-318.786,162.719
77.136,-318.886,162.719
77.163,-318.986,162.719
77.200,-319.087,162.719
77.228,-319.187,162.708
77.255,-319.287,162.708
77.283,-319.387,162.708
77.320,-319.487,162.697
77.347,-319.587,162.697
77.375,-319.687,162.686
77.412,-319.787,162.686
77.439,-319.887,162.675
77.467,-319.987,162.675
77.494,-320.087,162.664
77.531,-320.188,162.664
77.559,-320.288,162.653
77.586,-320.388,162.642
77.623,-320.488,162.642
77.651,-320.588,162.631
77.678,-320.688,162.631
77.715,-320.788,162.620
77.743,-320.888,162.620
77.770,-320.988,162.598
77.798,-321.088,162.598
77.835,-321.189,162.587
77.862,-321.289,162.576
77.890,-321.389,162.565
77.927,-321.489,162.554
77.955,-321.589,162.543
77.982,-321.689,162.532
78.019,-321.789,162.510
78.047,-321.889,162.499
78.074,-321.989,162.488
78.111,-322.090,162.477
78.139,-322.190,162.466
78.166,-322.290,162.455
78.203,-322.390,162.433
78.230,-322.501,162.422
78.258,-322.601,162.411
78.295,-322.701,162.411
78.323,-322.801,162.400
78.350,-322.901,162.389
78.387,-323.002,162.378
78.415,-323.102,162.367
78.442,-323.202,162.356
78.479,-323.302,162.345
78.507,-323.402,162.334
78.534,-323.502,162.323
78.571,-323.602,162.312
78.599,-323.702,162.290
78.626,-323.802,162.279
78.663,-323.903,162.268
78.691,-324.003,162.257
78.728,-324.103,162.246
78.755,-324.203,162.235
78.783,-324.303,162.224
78.820,-324.403,162.213
78.847,-324.503,162.213
78.884,-324.603,162.213
78.912,-324.703,162.202
78.939,-324.815,162.202
78.976,-324.915,162.191
79.004,-325.015,162.191
79.041,-325.115,162.180
79.068,-325.215,162.169
79.096,-325.315,162.158
79.133,-325.415,162.147
79.160,-325.515,162.147
79.197,-325.616,162.136
79.225,-325.716,162.125
79.252,-325.816,162.114
79.289,-325.916,162.103
79.317,-326.016,162.092
79.344,-326.116,162.081
79.381,-326.216,162.070
79.409,-326.316,162.070
79.446,-326.416,162.059
79.473,-326.517,162.059
79.510,-326.617,162.059
79.538,-326.728,162.048
79.575,-326.828,162.048
79.602,-326.928,162.037
79.639,-327.028,162.037
79.667,-327.128,162.026
79.694,-327.228,162.015
79.731,-327.329,162.004
79.759,-327.429,162.004
79.796,-327.529,161.993
79.823,-327.629,161.982
79.860,-327.729,161.971
79.888,-327.829,161.960
79.915,-327.929,161.949
79.953,-328.029,161.938
79.980,-328.129,161.938
80.017,-328.230,161.927
80.045,-328.330,161.917
80.072,-328.430,161.906
80.109,-328.530,161.906
80.137,-328.630,161.895
80.173,-328.741,161.895
80.201,-328.841,161.895
80.238,-328.942,161.884
80.266,-329.042,161.884
80.303,-329.142,161.884
80.330,-329.242,161.884
80.367,-329.342,161.884
80.395,-329.442,161.884
80.432,-329.542,161.884
80.459,-329.642,161.884
80.496,-329.743,161.873
80.524,-329.843,161.873
80.551,-329.943,161.873
80.588,-330.043,161.873
80.616,-330.143,161.873
80.653,-330.243,161.873
80.680,-330.343,161.884
80.717,-330.443,161.895
80.745,-330.543,161.895
80.782,-330.644,161.906
80.809,-330.744,161.917
80.837,-330.855,161.927
80.874,-330.955,161.927
80.901,-331.055,161.927
80.938,-331.155,161.938
80.966,-331.255,161.938
81.003,-331.355,161.949
81.030,-331.456,161.949
81.067,-331.556,161.960
81.095,-331.656,161.971
81.132,-331.756,161.982
81.159,-331.856,161.982
81.187,-331.956,161.993
81.224,-332.056,161.993
81.251,-332.156,161.993
81.288,-332.257,161.993
81.316,-332.357,161.982
81.343,-332.457,161.982
81.380,-332.557,161.982
81.408,-332.657,161.982
81.435,-332.757,161.982
81.472,-332.857,161.982
81.500,-332.957,161.993
81.537,-333.057,161.993
81.565,-333.157,162.004
81.602,-333.258,162.015
81.629,-333.358,162.026
81.657,-333.458,162.037
81.694,-333.558,162.048
81.721,-333.658,162.059
81.758,-333.758,162.070
81.786,-333.858,162.081
81.823,-333.958,162.081
81.850,-334.059,162.092
81.878,-334.159,162.092
81.915,-334.259,162.103
81.942,-334.359,162.103
81.979,-334.459,162.114
82.007,-334.559,162.114
82.034,-334.659,162.125
82.071,-334.759,162.125
82.099,-334.859,162.136
82.126,-334.959,162.136
82.163,-335.060,162.147
82.191,-335.149,162.147
82.228,-335.249,162.158
82.255,-335.349,162.158
82.283,-335.449,162.169
82.320,-335.549,162.169
82.347,-335.649,162.180
82.385,-335.749,162.191
82.412,-335.849,162.191
82.440,-335.950,162.202
82.477,-336.050,162.202
82.504,-336.150,162.213
82.532,-336.250,162.213
82.569,-336.350,162.224
82.596,-336.450,162.224
82.624,-336.550,162.235
82.661,-336.650,162.246
82.688,-336.750,162.257
82.725,-336.851,162.257
82.753,-336.951,162.268
82.780,-337.051,162.268
82.808,-337.151,162.268
82.845,-337.251,162.268
82.872,-337.340,162.268
82.900,-337.440,162.279
82.937,-337.540,162.279
82.964,-337.640,162.279
83.001,-337.740,162.279
83.029,-337.840,162.279
83.056,-337.941,162.268
83.093,-338.041,162.268
83.121,-338.141,162.268
83.148,-338.241,162.268
83.185,-338.341,162.257
83.213,-338.441,162.246
83.240,-338.541,162.235
83.278,-338.630,162.224
83.305,-338.730,162.213
83.333,-338.830,162.202
83.370,-338.931,162.180
83.397,-339.031,162.158
83.425,-339.131,162.136
83.462,-339.231,162.114
83.489,-339.331,162.092
83.517,-339.431,162.070
83.554,-339.520,162.048
83.581,-339.620,162.026
83.609,-339.720,162.004
83.646,-339.820,161.971
83.673,-339.921,161.949
83.701,-340.021,161.927
83.738,-340.121,161.906
83.766,-340.210,161.873
83.803,-340.310,161.851
83.830,-340.410,161.818
83.858,-340.510,161.785
83.895,-340.610,161.763
83.922,-340.710,161.730
83.950,-340.810,161.697
83.987,-340.911,161.664
84.014,-341.011,161.631
84.051,-341.100,161.598
84.079,-341.200,161.576
84.106,-341.300,161.543
84.143,-341.400,161.521
84.171,-341.500,161.488
84.208,-341.600,161.466
84.235,-341.689,161.444
84.273,-341.789,161.422
84.300,-341.890,161.400
84.337,-341.979,161.378
84.365,-342.079,161.345
84.402,-342.179,161.323
84.429,-342.279,161.301
84.457,-342.379,161.279
84.494,-342.479,161.257
84.521,-342.568,161.224
84.558,-342.668,161.202
84.586,-342.768,161.180
84.623,-342.869,161.169
84.650,-342.969,161.147
84.688,-343.058,161.125
84.715,-343.158,161.104
84.752,-343.258,161.093
84.780,-343.358,161.071
84.817,-343.447,161.060
84.844,-343.547,161.038
84.881,-343.647,161.027
84.918,-343.748,161.016
84.946,-343.848,160.994
84.983,-343.937,160.983
85.011,-344.037,160.972
85.048,-344.137,160.961
85.075,-344.237,160.950
85.112,-344.326,160.939
85.140,-344.426,160.928
85.177,-344.526,160.917
85.204,-344.626,160.917
85.241,-344.716,160.917
85.269,-344.816,160.906
85.306,-344.916,160.906
85.333,-345.016,160.906
85.371,-345.105,160.906
85.398,-345.205,160.906
85.435,-345.305,160.906
85.463,-345.394,160.906
85.500,-345.494,160.895
85.527,-345.594,160.895
85.564,-345.695,160.895
85.592,-345.784,160.895
85.629,-345.884,160.895
85.656,-345.984,160.895
85.694,-346.084,160.895
85.721,-346.173,160.906
85.758,-346.273,160.906
85.786,-346.373,160.906
85.823,-346.462,160.917
85.860,-346.563,160.917
85.887,-346.663,160.928
85.924,-346.763,160.928
85.952,-346.852,160.928
85.989,-346.952,160.939
86.017,-347.052,160.939
86.054,-347.141,160.939
86.081,-347.241,160.939
86.118,-347.341,160.939
86.146,-347.430,160.939
86.173,-347.530,160.950
86.210,-347.631,160.950
86.238,-347.720,160.950
86.275,-347.820,160.950
86.303,-347.920,160.961
86.340,-348.009,160.961
86.367,-348.109,160.972
86.404,-348.209,160.983
86.432,-348.298,160.994
86.469,-348.398,160.994
86.506,-348.498,161.005
86.533,-348.599,161.016
86.561,-348.688,161.016
86.598,-348.788,161.027
86.626,-348.888,161.038
86.663,-348.977,161.049
86.690,-349.077,161.060
86.727,-349.177,161.060
86.755,-349.266,161.071
86.792,-349.366,161.071
86.819,-349.466,161.082
86.857,-349.555,161.082
86.884,-349.655,161.082
86.921,-349.745,161.093
86.949,-349.845,161.104
86.986,-349.945,161.104
87.013,-350.034,161.125
87.041,-350.134,161.136
87.078,-350.234,161.158
87.106,-350.323,161.180
87.143,-350.423,161.202
87.170,-350.523,161.235
87.207,-350.623,161.268
87.235,-350.712,161.301
87.272,-350.813,161.334
87.299,-350.913,161.367
87.336,-351.002,161.411
87.364,-351.102,161.455
87.391,-351.202,161.488
87.429,-351.291,161.532
87.456,-351.391,161.576
87.484,-351.480,161.620
87.521,-351.580,161.664
87.548,-351.680,161.708
87.576,-351.769,161.752
87.613,-351.869,161.796
87.641,-351.958,161.840
87.668,-352.059,161.884
87.705,-352.159,161.938
87.733,-352.248,161.982
87.770,-352.348,162.037
87.797,-352.448,162.092
87.825,-352.548,162.147
87.862,-352.648,162.191
87.889,-352.737,162.246
87.917,-352.837,162.301
87.944,-352.937,162.345
87.981,-353.037,162.400
88.009,-353.126,162.444
88.037,-353.227,162.488
88.064,-353.316,162.532
88.092,-353.416,162.576
88.129,-353.516,162.620
88.156,-353.605,162.664
88.184,-353.705,162.697
88.211,-353.805,162.740
88.239,-353.894,162.773
88.266,-353.994,162.806
88.303,-354.094,162.850
88.331,-354.194,162.883
88.359,-354.283,162.916
88.386,-354.383,162.949
88.414,-354.483,162.971
88.441,-354.583,162.993
88.478,-354.684,163.026
88.506,-354.773,163.048
88.533,-354.873,163.059
88.561,-354.973,163.081
88.588,-355.062,163.092
88.616,-355.162,163.103
88.643,-355.262,163.125
88.671,-355.362,163.125
88.699,-355.451,163.136
88.726,-355.551,163.136
88.763,-355.651,163.136
88.791,-355.740,163.136
88.818,-355.840,163.136
88.846,-355.940,163.136
88.873,-356.029,163.125
88.901,-356.129,163.125
88.928,-356.229,163.125
88.956,-356.329,163.125
88.983,-356.418,163.114
89.011,-356.519,163.114
89.038,-356.619,163.114
89.066,-356.708,163.114
89.094,-356.808,163.114
89.131,-356.908,163.103
89.158,-356.997,163.103
89.186,-357.097,163.103
89.213,-357.197,163.092
89.241,-357.297,163.092
89.268,-357.386,163.081
89.296,-357.486,163.070
89.323,-357.586,163.070
89.351,-357.675,163.059
89.378,-357.775,163.048
89.406,-357.864,163.037
89.434,-357.964,163.026
89.461,-358.053,163.015
89.489,-358.153,162.993
89.516,-358.242,162.982
89.544,-358.331,162.960
89.571,-358.431,162.949
89.599,-358.520,162.927
89.627,-358.609,162.916
89.654,-358.709,162.894
89.682,-358.798,162.883
89.709,-358.887,162.861
89.737,-358.976,162.850
89.765,-359.076,162.839
89.792,-359.165,162.817
89.820,-359.254,162.806
89.847,-359.343,162.795
89.875,-359.432,162.795
89.903,-359.521,162.784
89.921,-359.610,162.773
89.948,-359.699,162.762
89.976,-359.777,162.751
90.004,-359.866,162.729
90.031,-359.955,162.719
90.050,-360.033,162.708
90.077,-360.122,162.697
90.105,-360.200,162.686
90.123,-360.289,162.675
90.151,-360.367,162.664
90.178,-360.456,162.653
90.206,-360.533,162.642
90.224,-360.611,162.631
90.252,-360.700,162.631
90.280,-360.778,162.620
90.298,-360.856,162.620
90.326,-360.934,162.609
90.344,-361.012,162.609
90.372,-361.090,162.598
90.399,-361.167,162.598
90.418,-361.245,162.598
90.445,-361.323,162.587
90.464,-361.401,162.587
90.482,-361.479,162.576
90.510,-361.546,162.565
90.528,-361.623,162.554
90.556,-361.690,162.554
90.574,-361.768,162.543
90.592,-361.846,162.532
90.620,-361.913,162.521
90.638,-361.990,162.510
90.657,-362.057,162.499
90.684,-362.124,162.488
90.703,-362.202,162.488
90.731,-362.269,162.488
90.749,-362.346,162.477
90.777,-362.413,162.477
90.795,-362.480,162.477
90.813,-362.547,162.466
90.832,-362.613,162.466
90.850,-362.680,162.455
90.878,-362.747,162.455
90.896,-362.814,162.444
90.914,-362.880,162.433
90.933,-362.947,162.433
90.951,-363.003,162.422
90.970,-363.069,162.411
90.988,-363.136,162.411
91.006,-363.203,162.400
91.025,-363.258,162.400
91.043,-363.325,162.389
91.061,-363.381,162.378
91.080,-363.447,162.378
91.108,-363.503,162.367
91.126,-363.570,162.367
91.145,-363.626,162.356
91.163,-363.692,162.356
91.181,-363.748,162.356
91.200,-363.803,162.345
91.218,-363.859,162.345
91.227,-363.915,162.345
91.246,-363.981,162.345
91.264,-364.037,162.334
91.282,-364.093,162.334
91.301,-364.137,162.323
91.320,-364.193,162.312
91.338,-364.248,162.301
91.347,-364.304,162.290
91.365,-364.360,162.279
91.384,-364.415,162.268
91.402,-364.460,162.257
91.411,-364.515,162.246
91.430,-364.571,162.235
91.448,-364.615,162.224
91.457,-364.671,162.224
91.476,-364.716,162.213
91.494,-364.771,162.213
91.503,-364.816,162.213
91.522,-364.871,162.213
91.540,-364.916,162.213
91.549,-364.960,162.213
91.568,-365.016,162.213
91.577,-365.060,162.213
91.595,-365.105,162.213
91.614,-365.149,162.224
91.623,-365.194,162.224
91.642,-365.238,162.224
91.651,-365.283,162.224
91.669,-365.327,162.224
91.678,-365.372,162.224
91.697,-365.416,162.224
91.706,-365.461,162.213
91.725,-365.505,162.202
91.734,-365.550,162.202
91.743,-365.583,162.191
91.761,-365.628,162.191
91.770,-365.672,162.180
91.789,-365.706,162.169
91.798,-365.750,162.158
91.807,-365.794,162.147
91.826,-365.828,162.147
91.835,-365.872,162.136
91.844,-365.906,162.136
91.853,-365.950,162.125
91.872,-365.984,162.125
91.881,-366.017,162.125
91.890,-366.061,162.125
91.909,-366.095,162.125
91.918,-366.128,162.114
91.927,-366.173,162.114
91.936,-366.206,162.114
91.945,-366.239,162.114
91.964,-366.273,162.103
91.973,-366.317,162.103
91.982,-366.351,162.103
91.991,-366.384,162.092
92.010,-366.417,162.081
92.019,-366.451,162.081
92.028,-366.484,162.070
92.038,-366.518,162.070
92.047,-366.551,162.059
92.056,-366.584,162.059
92.065,-366.618,162.048
92.074,-366.651,162.048
92.093,-366.673,162.048
92.102,-366.707,162.048
92.111,-366.740,162.037
92.121,-366.773,162.037
92.130,-366.807,162.037
92.139,-366.829,162.026
92.148,-366.862,162.026
92.157,-366.885,162.015
92.157,-366.918,162.004
92.166,-366.940,161.993
92.185,-366.974,161.993
92.185,-366.996,161.982
92.194,-367.018,161.971
92.203,-367.051,161.960
92.213,-367.074,161.949
92.222,-367.096,161.949
92.231,-367.118,161.938
92.231,-367.140,161.938
92.240,-367.174,161.938
92.249,-367.196,161.938
92.259,-367.207,161.938
92.268,-367.229,161.938
92.268,-367.252,161.938
92.277,-367.274,161.938
92.286,-367.296,161.938
92.286,-367.318,161.927
92.296,-367.330,161.927
92.295,-367.352,161.917
92.305,-367.374,161.917
92.314,-367.385,161.906
92.314,-367.396,161.895
92.323,-367.419,161.884
92.323,-367.430,161.884
92.332,-367.452,161.873
92.332,-367.463,161.862
92.342,-367.485,161.862
92.341,-367.496,161.851
92.351,-367.508,161.851
92.351,-367.519,161.851
92.360,-367.541,161.851
92.360,-367.552,161.851
92.369,-367.563,161.851
92.369,-367.574,161.862
92.369,-367.585,161.862
92.378,-367.597,161.862
92.378,-367.608,161.862
92.378,-367.619,161.851
92.388,-367.619,161.851
92.388,-367.630,161.840
92.388,-367.641,161.829
92.397,-367.652,161.818
92.397,-367.663,161.796
92.397,-367.674,161.785
92.406,-367.674,161.774
92.406,-367.686,161.774
92.406,-367.697,161.774
92.415,-367.697,161.785
92.415,-367.708,161.796
92.406,-367.708,161.796
92.406,-367.697,161.796
92.415,-367.697,161.785
92.406,-367.697,161.785
92.406,-367.686,161.851
92.406,-367.697,161.807
92.415,-367.697,161.851
92.425,-367.697,161.851
92.435,-367.697,161.851
92.444,-367.697,161.862
92.435,-367.697,161.862
92.444,-367.697,161.862
92.435,-367.697,161.862
92.444,-367.697,161.862
92.444,-367.708,161.884
