-246.731,1143.355,284.414
-246.741,1143.355,284.436
-246.741,1143.366,284.436
-246.750,1143.366,284.436
-246.760,1143.367,284.436
-246.769,1143.367,284.447
-246.779,1143.367,284.458
-246.788,1143.367,284.480
-246.798,1143.378,284.502
-246.807,1143.378,284.524
-246.817,1143.378,284.535
-246.826,1143.378,284.546
-246.836,1143.378,284.557
-246.845,1143.390,284.568
-246.855,1143.390,284.579
-246.864,1143.390,284.590
-246.874,1143.390,284.612
-246.883,1143.390,284.623
-246.893,1143.401,284.634
-246.902,1143.401,284.645
-246.912,1143.401,284.667
-246.921,1143.402,284.678
-246.931,1143.413,284.689
-246.940,1143.413,284.711
-246.950,1143.413,284.722
-246.959,1143.413,284.744
-246.969,1143.413,284.755
-246.988,1143.424,284.777
-246.997,1143.425,284.799
-247.007,1143.425,284.821
-247.026,1143.436,284.843
-247.035,1143.436,284.865
-247.054,1143.436,284.897
-247.064,1143.447,284.919
-247.073,1143.448,284.952
-247.092,1143.448,284.974
-247.102,1143.448,285.007
-247.111,1143.459,285.040
-247.130,1143.459,285.073
-247.149,1143.471,285.106
-247.168,1143.471,285.139
-247.178,1143.471,285.172
-247.197,1143.482,285.216
-247.216,1143.482,285.249
-247.226,1143.483,285.282
-247.244,1143.494,285.326
-247.264,1143.494,285.370
-247.282,1143.505,285.414
-247.292,1143.505,285.447
-247.311,1143.506,285.491
-247.340,1143.517,285.535
-247.358,1143.528,285.579
-247.378,1143.529,285.623
-247.397,1143.529,285.656
-247.416,1143.540,285.699
-247.435,1143.540,285.743
-247.454,1143.552,285.798
-247.473,1143.552,285.842
-247.492,1143.563,285.886
-247.520,1143.574,285.930
-247.539,1143.575,285.985
-247.558,1143.586,286.029
-247.587,1143.586,286.084
-247.606,1143.598,286.128
-247.625,1143.598,286.183
-247.653,1143.609,286.227
-247.672,1143.620,286.282
-247.691,1143.621,286.337
-247.720,1143.632,286.392
-247.739,1143.643,286.447
-247.767,1143.644,286.501
-247.796,1143.655,286.545
-247.815,1143.655,286.600
-247.843,1143.667,286.666
-247.862,1143.678,286.721
-247.891,1143.678,286.776
-247.910,1143.690,286.831
-247.938,1143.701,286.897
-247.967,1143.701,286.952
-247.995,1143.713,287.007
-248.024,1143.724,287.073
-248.043,1143.735,287.128
-248.071,1143.736,287.194
-248.100,1143.747,287.249
-248.128,1143.759,287.303
-248.147,1143.759,287.369
-248.176,1143.770,287.424
-248.204,1143.782,287.479
-248.233,1143.793,287.545
-248.261,1143.804,287.600
-248.290,1143.816,287.655
-248.318,1143.816,287.710
-248.347,1143.827,287.765
-248.375,1143.839,287.820
-248.404,1143.850,287.886
-248.432,1143.862,287.941
-248.461,1143.862,287.996
-248.489,1143.873,288.051
-248.518,1143.885,288.105
-248.546,1143.896,288.160
-248.574,1143.908,288.215
-248.613,1143.919,288.270
-248.641,1143.930,288.325
-248.669,1143.942,288.380
-248.698,1143.942,288.435
-248.727,1143.954,288.490
-248.755,1143.965,288.545
-248.783,1143.976,288.600
-248.821,1143.988,288.655
-248.850,1143.999,288.710
-248.878,1144.011,288.776
-248.916,1144.022,288.831
-248.945,1144.034,288.885
-248.973,1144.045,288.951
-249.011,1144.057,289.006
-249.040,1144.068,289.061
-249.068,1144.079,289.105
-249.097,1144.091,289.160
-249.135,1144.102,289.204
-249.163,1144.114,289.248
-249.201,1144.125,289.292
-249.230,1144.137,289.336
-249.268,1144.148,289.369
-249.296,1144.159,289.413
-249.334,1144.171,289.446
-249.363,1144.182,289.479
-249.391,1144.194,289.512
-249.429,1144.205,289.545
-249.458,1144.217,289.578
-249.496,1144.228,289.600
-249.534,1144.240,289.633
-249.562,1144.251,289.655
-249.600,1144.263,289.677
-249.629,1144.274,289.709
-249.667,1144.285,289.720
-249.695,1144.297,289.742
-249.733,1144.319,289.753
-249.771,1144.331,289.764
-249.799,1144.342,289.764
-249.837,1144.354,289.764
-249.875,1144.365,289.764
-249.904,1144.377,289.764
-249.942,1144.388,289.753
-249.970,1144.400,289.742
-250.008,1144.411,289.731
-250.046,1144.423,289.709
-250.075,1144.445,289.688
-250.113,1144.457,289.666
-250.141,1144.468,289.644
-250.179,1144.480,289.622
-250.217,1144.491,289.600
-250.246,1144.502,289.578
-250.284,1144.514,289.556
-250.322,1144.525,289.523
-250.350,1144.537,289.501
-250.388,1144.548,289.468
-250.417,1144.571,289.435
-250.455,1144.582,289.413
-250.493,1144.594,289.369
-250.521,1144.605,289.336
-250.559,1144.617,289.292
-250.597,1144.628,289.248
-250.625,1144.640,289.215
-250.663,1144.651,289.160
-250.692,1144.663,289.116
-250.730,1144.674,289.072
-250.768,1144.686,289.017
-250.796,1144.708,288.973
-250.834,1144.720,288.918
-250.872,1144.731,288.864
-250.901,1144.742,288.809
-250.939,1144.754,288.754
-250.977,1144.766,288.699
-251.005,1144.777,288.644
-251.043,1144.788,288.589
-251.072,1144.800,288.523
-251.110,1144.811,288.468
-251.148,1144.823,288.402
-251.176,1144.834,288.336
-251.214,1144.846,288.270
-251.252,1144.857,288.204
-251.281,1144.869,288.138
-251.319,1144.880,288.073
-251.357,1144.892,288.007
-251.385,1144.903,287.941
-251.423,1144.915,287.864
-251.461,1144.926,287.798
-251.490,1144.937,287.721
-251.528,1144.949,287.644
-251.556,1144.960,287.578
-251.594,1144.972,287.501
-251.632,1144.983,287.424
-251.661,1144.995,287.347
-251.699,1145.006,287.271
-251.737,1145.018,287.194
-251.765,1145.029,287.117
-251.803,1145.041,287.029
-251.841,1145.052,286.952
-251.870,1145.052,286.864
-251.908,1145.064,286.776
-251.946,1145.076,286.688
-251.974,1145.087,286.600
-252.012,1145.098,286.512
-252.050,1145.110,286.414
-252.079,1145.121,286.315
-252.117,1145.133,286.216
-252.155,1145.144,286.117
-252.183,1145.156,286.007
-252.221,1145.167,285.897
-252.259,1145.168,285.787
-252.288,1145.179,285.677
-252.326,1145.191,285.557
-252.364,1145.202,285.436
-252.392,1145.213,285.315
-252.430,1145.225,285.194
-252.468,1145.225,285.062
-252.497,1145.237,284.930
-252.535,1145.248,284.799
-252.573,1145.260,284.667
-252.601,1145.271,284.524
-252.639,1145.272,284.381
-252.677,1145.283,284.238
-252.706,1145.295,284.084
-252.744,1145.306,283.931
-252.782,1145.318,283.777
-252.820,1145.318,283.623
-252.849,1145.329,283.469
-252.887,1145.341,283.304
-252.925,1145.352,283.151
-252.953,1145.353,282.986
-252.991,1145.364,282.821
-253.029,1145.376,282.656
-253.067,1145.376,282.480
-253.096,1145.388,282.305
-253.134,1145.399,282.140
-253.172,1145.399,281.953
-253.210,1145.411,281.777
-253.238,1145.422,281.591
-253.276,1145.423,281.415
-253.314,1145.434,281.228
-253.343,1145.435,281.052
-253.381,1145.446,280.865
-253.419,1145.458,280.679
-253.457,1145.458,280.481
-253.486,1145.469,280.294
-253.524,1145.470,280.107
-253.562,1145.481,279.910
-253.600,1145.493,279.712
-253.628,1145.493,279.514
-253.666,1145.505,279.316
-253.705,1145.505,279.119
-253.743,1145.506,278.910
-253.781,1145.517,278.701
-253.809,1145.517,278.492
-253.847,1145.529,278.284
-253.885,1145.529,278.064
-253.923,1145.541,277.855
-253.962,1145.541,277.635
-253.990,1145.553,277.416
-254.028,1145.553,277.185
-254.066,1145.553,276.954
-254.104,1145.565,276.724
-254.133,1145.565,276.482
-254.171,1145.566,276.240
-254.209,1145.577,275.999
-254.247,1145.578,275.757
-254.285,1145.578,275.504
-254.314,1145.589,275.251
-254.352,1145.590,274.999
-254.390,1145.590,274.746
-254.428,1145.591,274.493
-254.457,1145.602,274.230
-254.495,1145.602,273.966
-254.533,1145.603,273.713
-254.571,1145.603,273.450
-254.609,1145.604,273.186
-254.638,1145.615,272.911
-254.676,1145.616,272.648
-254.714,1145.616,272.373
-254.752,1145.616,272.109
-254.780,1145.617,271.835
-254.819,1145.617,271.560
-254.857,1145.618,271.274
-254.895,1145.618,270.989
-254.933,1145.618,270.714
-254.962,1145.619,270.417
-255.000,1145.619,270.132
-255.038,1145.620,269.835
-255.076,1145.620,269.539
-255.105,1145.620,269.242
-255.143,1145.621,268.945
-255.181,1145.621,268.638
-255.219,1145.610,268.330
-255.257,1145.611,268.022
-255.286,1145.611,267.704
-255.324,1145.612,267.396
-255.362,1145.612,267.078
-255.400,1145.612,266.759
-255.438,1145.613,266.440
-255.467,1145.602,266.122
-255.505,1145.603,265.803
-255.543,1145.603,265.485
-255.582,1145.592,265.155
-255.610,1145.593,264.836
-255.648,1145.593,264.507
-255.686,1145.582,264.188
-255.725,1145.583,263.859
-255.763,1145.583,263.540
-255.791,1145.572,263.210
-255.830,1145.573,262.892
-255.868,1145.562,262.573
-255.906,1145.563,262.244
-255.935,1145.552,261.914
-255.973,1145.552,261.595
-256.011,1145.542,261.266
-256.049,1145.542,260.936
-256.087,1145.531,260.607
-256.116,1145.532,260.266
-256.154,1145.521,259.937
-256.193,1145.510,259.607
-256.221,1145.511,259.266
-256.259,1145.500,258.937
-256.298,1145.489,258.596
-256.336,1145.490,258.245
-256.374,1145.479,257.904
-256.403,1145.468,257.563
-256.441,1145.469,257.212
-256.479,1145.458,256.860
-256.517,1145.447,256.509
-256.546,1145.437,256.157
-256.584,1145.426,255.795
-256.623,1145.415,255.443
-256.651,1145.416,255.081
-256.689,1145.405,254.718
-256.728,1145.394,254.366
-256.766,1145.384,254.004
-256.795,1145.373,253.630
-256.833,1145.362,253.268
-256.871,1145.352,252.905
-256.909,1145.341,252.543
-256.938,1145.330,252.180
-256.976,1145.320,251.818
-257.015,1145.309,251.444
-257.053,1145.298,251.082
-257.091,1145.276,250.719
-257.120,1145.266,250.345
-257.158,1145.255,249.983
-257.196,1145.244,249.620
-257.235,1145.234,249.247
-257.273,1145.212,248.873
-257.302,1145.201,248.511
-257.340,1145.191,248.137
-257.378,1145.169,247.764
-257.417,1145.158,247.401
-257.455,1145.136,247.028
-257.484,1145.126,246.654
-257.522,1145.115,246.281
-257.560,1145.093,245.896
-257.599,1145.083,245.522
-257.627,1145.061,245.149
-257.666,1145.039,244.764
-257.704,1145.028,244.391
-257.742,1145.007,244.006
-257.781,1144.985,243.633
-257.819,1144.974,243.248
-257.857,1144.952,242.875
-257.886,1144.930,242.490
-257.924,1144.920,242.106
-257.963,1144.898,241.721
-258.001,1144.876,241.337
-258.040,1144.855,240.952
-258.078,1144.833,240.568
-258.107,1144.811,240.172
-258.145,1144.789,239.788
-258.183,1144.779,239.392
-258.222,1144.757,239.008
-258.260,1144.735,238.612
-258.299,1144.713,238.217
-258.327,1144.680,237.832
-258.366,1144.659,237.437
-258.404,1144.637,237.041
-258.443,1144.615,236.646
-258.471,1144.593,236.239
-258.510,1144.572,235.844
-258.548,1144.539,235.448
-258.587,1144.517,235.042
-258.616,1144.495,234.646
-258.654,1144.473,234.240
-258.692,1144.441,233.844
-258.721,1144.419,233.427
-258.760,1144.386,233.020
-258.798,1144.364,232.614
-258.827,1144.342,232.207
-258.865,1144.309,231.801
-258.904,1144.288,231.383
-258.933,1144.255,230.977
-258.971,1144.233,230.559
-259.000,1144.200,230.142
-259.038,1144.178,229.724
-259.067,1144.145,229.307
-259.106,1144.113,228.900
-259.135,1144.080,228.472
-259.173,1144.058,228.054
-259.202,1144.025,227.626
-259.241,1143.992,227.197
-259.270,1143.970,226.769
-259.308,1143.937,226.340
-259.337,1143.905,225.901
-259.366,1143.872,225.472
-259.395,1143.839,225.033
-259.433,1143.806,224.583
-259.462,1143.773,224.143
-259.491,1143.740,223.693
-259.530,1143.707,223.242
-259.559,1143.674,222.792
-259.588,1143.641,222.330
-259.617,1143.608,221.869
-259.646,1143.575,221.407
-259.684,1143.543,220.935
-259.704,1143.509,220.474
-259.742,1143.477,219.990
-259.771,1143.433,219.518
-259.800,1143.400,219.034
-259.829,1143.367,218.562
-259.858,1143.334,218.079
-259.887,1143.301,217.584
-259.907,1143.257,217.101
-259.936,1143.224,216.617
-259.964,1143.191,216.123
-259.994,1143.147,215.640
-260.023,1143.114,215.145
-260.042,1143.081,214.651
-260.071,1143.037,214.156
-260.100,1143.004,213.662
-260.120,1142.960,213.157
-260.149,1142.927,212.662
-260.178,1142.883,212.168
-260.197,1142.850,211.663
-260.226,1142.806,211.157
-260.246,1142.762,210.663
-260.265,1142.729,210.157
-260.294,1142.685,209.652
-260.314,1142.652,209.147
-260.333,1142.607,208.641
-260.362,1142.563,208.136
-260.382,1142.530,207.631
-260.401,1142.486,207.114
-260.421,1142.442,206.609
-260.450,1142.398,206.093
-260.469,1142.365,205.576
-260.479,1142.321,205.060
-260.508,1142.277,204.543
-260.528,1142.233,204.027
-260.548,1142.189,203.500
-260.567,1142.144,202.972
-260.577,1142.100,202.456
-260.597,1142.056,201.929
-260.616,1142.012,201.401
-260.636,1141.968,200.874
-260.655,1141.924,200.347
-260.665,1141.879,199.819
-260.685,1141.835,199.292
-260.704,1141.791,198.765
-260.714,1141.747,198.248
-260.734,1141.703,197.732
-260.744,1141.648,197.216
-260.764,1141.603,196.710
-260.774,1141.559,196.205
-260.793,1141.515,195.699
-260.803,1141.471,195.194
-260.813,1141.416,194.700
-260.823,1141.371,194.205
-260.843,1141.327,193.722
-260.853,1141.272,193.239
-260.863,1141.228,192.766
-260.873,1141.183,192.294
-260.883,1141.139,191.832
-260.893,1141.084,191.371
-260.903,1141.040,190.920
-260.914,1140.984,190.481
-260.924,1140.940,190.042
-260.934,1140.885,189.602
-260.944,1140.841,189.174
-260.944,1140.785,188.745
-260.954,1140.741,188.328
-260.965,1140.686,187.921
-260.975,1140.641,187.515
-260.975,1140.586,187.119
-260.985,1140.542,186.724
-260.986,1140.486,186.339
-260.986,1140.431,185.955
-260.996,1140.387,185.570
-261.007,1140.331,185.208
-261.007,1140.276,184.834
-261.008,1140.232,184.482
-261.018,1140.176,184.131
-261.018,1140.121,183.779
-261.028,1140.077,183.439
-261.029,1140.021,183.098
-261.030,1139.966,182.769
-261.030,1139.910,182.450
-261.031,1139.855,182.131
-261.031,1139.811,181.813
-261.032,1139.755,181.505
-261.042,1139.700,181.198
-261.043,1139.644,180.890
-261.043,1139.600,180.593
-261.044,1139.545,180.297
-261.044,1139.489,179.989
-261.036,1139.434,179.692
-261.036,1139.378,179.407
-261.037,1139.334,179.132
-261.037,1139.279,178.846
-261.038,1139.223,178.572
-261.038,1139.168,178.297
-261.030,1139.112,178.033
-261.030,1139.057,177.770
-261.031,1139.012,177.506
-261.031,1138.957,177.242
-261.022,1138.901,177.001
-261.023,1138.846,176.737
-261.014,1138.791,176.484
-261.015,1138.735,176.221
-261.015,1138.680,175.968
-261.006,1138.624,175.704
-261.007,1138.569,175.452
-260.998,1138.513,175.199
-260.999,1138.469,174.935
-260.990,1138.413,174.683
-260.981,1138.358,174.430
-260.981,1138.302,174.166
-260.972,1138.247,173.914
-260.963,1138.191,173.661
-260.964,1138.136,173.408
-260.955,1138.080,173.156
-260.946,1138.025,172.892
-260.947,1137.969,172.639
-260.938,1137.914,172.386
-260.929,1137.858,172.134
-260.920,1137.803,171.892
-260.911,1137.747,171.639
-260.902,1137.692,171.387
-260.903,1137.636,171.134
-260.894,1137.581,170.892
-260.885,1137.536,170.651
-260.876,1137.481,170.420
-260.867,1137.425,170.189
-260.858,1137.370,169.969
-260.849,1137.314,169.750
-260.840,1137.259,169.530
-260.831,1137.203,169.321
-260.813,1137.148,169.124
-260.804,1137.092,168.915
-260.795,1137.037,168.728
-260.786,1136.981,168.530
-260.777,1136.937,168.344
-260.759,1136.881,168.168
-260.750,1136.825,167.981
-260.741,1136.770,167.805
-260.722,1136.714,167.651
-260.713,1136.659,167.487
-260.705,1136.603,167.322
-260.686,1136.548,167.168
-260.677,1136.492,167.014
-260.668,1136.437,166.871
-260.650,1136.381,166.729
-260.641,1136.325,166.597
-260.632,1136.270,166.465
-260.614,1136.214,166.333
-260.595,1136.159,166.201
-260.586,1136.103,166.080
-260.577,1136.048,165.948
-260.559,1135.992,165.828
-260.550,1135.936,165.707
-260.531,1135.881,165.575
-260.522,1135.825,165.465
-260.504,1135.770,165.344
-260.495,1135.714,165.223
-260.477,1135.659,165.114
-260.458,1135.603,165.004
-260.449,1135.547,164.894
-260.431,1135.492,164.773
-260.412,1135.436,164.674
-260.403,1135.381,164.564
-260.385,1135.325,164.465
-260.367,1135.269,164.355
-260.358,1135.214,164.257
-260.339,1135.147,164.147
-260.321,1135.091,164.048
-260.302,1135.036,163.960
-260.284,1134.980,163.861
-260.275,1134.925,163.762
-260.257,1134.869,163.663
-260.238,1134.813,163.564
-260.220,1134.758,163.477
-260.201,1134.702,163.378
-260.192,1134.636,163.279
-260.174,1134.580,163.180
-260.156,1134.524,163.081
-260.137,1134.469,162.982
-260.119,1134.413,162.894
-260.100,1134.346,162.795
-260.082,1134.291,162.697
-260.063,1134.235,162.609
-260.054,1134.180,162.510
-260.036,1134.124,162.422
-260.018,1134.068,162.334
-259.999,1134.002,162.235
-259.981,1133.946,162.147
-259.962,1133.890,162.059
-259.934,1133.835,161.971
-259.916,1133.768,161.884
-259.898,1133.712,161.796
-259.879,1133.657,161.708
-259.861,1133.601,161.631
-259.842,1133.534,161.543
-259.824,1133.479,161.455
-259.805,1133.423,161.367
-259.787,1133.367,161.279
-259.769,1133.301,161.191
-259.750,1133.245,161.104
-259.732,1133.189,161.016
-259.704,1133.123,160.939
-259.685,1133.067,160.851
-259.667,1133.011,160.763
-259.649,1132.956,160.686
-259.630,1132.889,160.598
-259.602,1132.833,160.521
-259.584,1132.778,160.444
-259.565,1132.711,160.378
-259.537,1132.655,160.302
-259.519,1132.588,160.236
-259.501,1132.533,160.159
-259.482,1132.466,160.093
-259.454,1132.410,160.027
-259.436,1132.355,159.972
-259.418,1132.288,159.906
-259.390,1132.232,159.862
-259.371,1132.166,159.807
-259.343,1132.110,159.763
-259.325,1132.043,159.719
-259.307,1131.987,159.675
-259.279,1131.932,159.642
-259.260,1131.865,159.609
-259.232,1131.809,159.587
-259.214,1131.743,159.565
-259.195,1131.687,159.554
-259.168,1131.620,159.543
-259.149,1131.564,159.532
-259.121,1131.498,159.532
-259.093,1131.431,159.543
-259.075,1131.375,159.543
-259.057,1131.308,159.554
-259.029,1131.242,159.576
-259.010,1131.186,159.587
-258.982,1131.119,159.598
-258.964,1131.064,159.620
-258.936,1130.997,159.642
-258.918,1130.941,159.664
-258.890,1130.874,159.697
-258.872,1130.808,159.719
-258.844,1130.741,159.752
-258.825,1130.685,159.785
-258.797,1130.618,159.807
-258.779,1130.552,159.840
-258.751,1130.496,159.873
-258.733,1130.429,159.906
-258.705,1130.362,159.939
-258.687,1130.296,159.972
-258.659,1130.240,160.005
-258.640,1130.173,160.027
-258.612,1130.106,160.071
-258.594,1130.040,160.104
-258.566,1129.973,160.137
-258.548,1129.917,160.170
-258.520,1129.850,160.203
-258.502,1129.784,160.236
-258.474,1129.717,160.269
-258.455,1129.650,160.302
-258.427,1129.583,160.323
-258.409,1129.528,160.356
-258.381,1129.461,160.389
-258.363,1129.394,160.422
-258.335,1129.327,160.455
-258.317,1129.261,160.488
-258.289,1129.194,160.521
-258.270,1129.127,160.554
-258.252,1129.060,160.587
-258.224,1128.994,160.620
-258.196,1128.927,160.653
-258.178,1128.860,160.686
-258.160,1128.793,160.719
-258.132,1128.726,160.752
-258.114,1128.660,160.785
-258.086,1128.593,160.818
-258.067,1128.537,160.851
-258.039,1128.470,160.895
-258.021,1128.404,160.928
-257.993,1128.337,160.961
-257.975,1128.270,161.005
-257.947,1128.192,161.027
-257.929,1128.126,161.071
-257.901,1128.059,161.104
-257.883,1127.992,161.136
-257.855,1127.925,161.169
-257.836,1127.859,161.202
-257.818,1127.792,161.235
-257.790,1127.725,161.257
-257.772,1127.658,161.290
-257.744,1127.591,161.312
-257.716,1127.525,161.345
-257.698,1127.447,161.378
-257.680,1127.380,161.400
-257.652,1127.313,161.433
-257.633,1127.247,161.455
-257.615,1127.180,161.477
-257.587,1127.113,161.510
-257.569,1127.046,161.532
-257.551,1126.980,161.554
-257.523,1126.913,161.587
-257.495,1126.835,161.609
-257.477,1126.768,161.631
-257.458,1126.702,161.664
-257.431,1126.635,161.697
-257.412,1126.568,161.719
-257.394,1126.501,161.752
-257.366,1126.434,161.785
-257.348,1126.368,161.818
-257.329,1126.301,161.851
-257.302,1126.223,161.862
-257.274,1126.156,161.895
-257.255,1126.090,161.927
-257.228,1126.023,161.949
-257.209,1125.956,161.971
-257.191,1125.878,161.993
-257.163,1125.811,162.015
-257.145,1125.745,162.026
-257.127,1125.678,162.037
-257.099,1125.611,162.048
-257.080,1125.544,162.048
-257.062,1125.467,162.048
-257.034,1125.400,162.037
-257.016,1125.333,162.037
-256.998,1125.266,162.026
-256.970,1125.200,162.015
-256.951,1125.133,162.004
-256.933,1125.055,161.993
-256.905,1124.988,161.993
-256.887,1124.922,161.982
-256.869,1124.855,161.971
-256.841,1124.788,161.960
-256.813,1124.710,161.949
-256.795,1124.643,161.938
-256.776,1124.577,161.938
-256.749,1124.510,161.927
-256.730,1124.443,161.917
-256.712,1124.365,161.906
-256.684,1124.299,161.906
-256.666,1124.232,161.895
-256.638,1124.165,161.873
-256.610,1124.098,161.862
-256.592,1124.020,161.851
-256.574,1123.954,161.840
-256.546,1123.887,161.818
-256.527,1123.820,161.807
-256.509,1123.742,161.796
-256.481,1123.676,161.785
-256.463,1123.609,161.763
-256.445,1123.542,161.752
-256.417,1123.475,161.741
-256.389,1123.397,161.719
-256.371,1123.331,161.708
-256.352,1123.264,161.697
-256.325,1123.197,161.686
-256.306,1123.119,161.675
-256.288,1123.053,161.653
-256.260,1122.986,161.642
-256.242,1122.919,161.631
-256.214,1122.841,161.620
-256.196,1122.774,161.598
-256.168,1122.708,161.587
-256.140,1122.641,161.576
-256.122,1122.563,161.576
-256.104,1122.496,161.565
-256.076,1122.429,161.554
-256.057,1122.352,161.543
-256.030,1122.285,161.532
-256.011,1122.218,161.521
-255.983,1122.151,161.510
-255.965,1122.074,161.499
-255.937,1122.007,161.477
-255.919,1121.940,161.466
-255.891,1121.873,161.444
-255.873,1121.795,161.433
-255.845,1121.729,161.411
-255.827,1121.662,161.400
-255.799,1121.584,161.378
-255.781,1121.517,161.367
-255.762,1121.450,161.345
-255.734,1121.384,161.323
-255.707,1121.306,161.301
-255.688,1121.239,161.290
-255.661,1121.172,161.268
-255.642,1121.106,161.257
-255.614,1121.028,161.235
-255.596,1120.961,161.213
-255.568,1120.894,161.202
-255.550,1120.827,161.191
-255.522,1120.749,161.169
-255.504,1120.683,161.147
-255.476,1120.616,161.125
-255.448,1120.538,161.115
-255.430,1120.471,161.093
-255.402,1120.405,161.082
-255.384,1120.327,161.060
-255.356,1120.260,161.038
-255.338,1120.193,161.027
-255.310,1120.126,161.005
-255.292,1120.049,160.994
-255.264,1119.982,160.972
-255.236,1119.915,160.961
-255.218,1119.848,160.950
-255.190,1119.781,160.928
-255.172,1119.704,160.917
-255.144,1119.637,160.895
-255.125,1119.570,160.884
-255.098,1119.492,160.862
-255.070,1119.425,160.840
-255.051,1119.359,160.829
-255.024,1119.292,160.796
-254.996,1119.214,160.774
-254.978,1119.147,160.752
-254.950,1119.080,160.741
-254.931,1119.014,160.719
-254.904,1118.936,160.697
-254.885,1118.869,160.675
-254.857,1118.802,160.653
-254.839,1118.735,160.642
-254.811,1118.658,160.620
-254.783,1118.591,160.598
-254.765,1118.524,160.587
-254.737,1118.457,160.565
-254.709,1118.390,160.543
-254.691,1118.313,160.532
-254.663,1118.246,160.510
-254.645,1118.179,160.499
-254.617,1118.112,160.477
-254.599,1118.034,160.455
-254.571,1117.968,160.444
-254.543,1117.901,160.422
-254.515,1117.834,160.400
-254.497,1117.767,160.378
-254.469,1117.700,160.356
-254.451,1117.623,160.334
-254.423,1117.556,160.323
-254.395,1117.489,160.302
-254.377,1117.422,160.280
-254.349,1117.355,160.258
-254.331,1117.289,160.236
-254.303,1117.222,160.203
-254.275,1117.144,160.181
-254.257,1117.077,160.159
-254.229,1117.011,160.137
-254.211,1116.944,160.115
-254.183,1116.877,160.093
-254.155,1116.810,160.060
-254.137,1116.743,160.038
-254.109,1116.677,160.016
-254.090,1116.610,159.994
-254.063,1116.543,159.983
-254.035,1116.476,159.961
-254.016,1116.410,159.939
-253.988,1116.343,159.928
-253.970,1116.276,159.906
-253.942,1116.209,159.884
-253.914,1116.142,159.873
-253.896,1116.076,159.851
-253.868,1116.009,159.829
-253.850,1115.942,159.807
-253.822,1115.875,159.774
-253.794,1115.809,159.752
-253.776,1115.742,159.730
-253.748,1115.675,159.719
-253.730,1115.608,159.697
-253.702,1115.541,159.675
-253.683,1115.486,159.653
-253.655,1115.419,159.631
-253.637,1115.352,159.609
-253.609,1115.297,159.598
-253.591,1115.230,159.576
-253.563,1115.174,159.565
-253.545,1115.107,159.543
-253.517,1115.052,159.532
-253.498,1114.985,159.510
-253.480,1114.929,159.500
-253.452,1114.862,159.489
-253.433,1114.807,159.478
-253.415,1114.751,159.467
-253.397,1114.696,159.467
-253.369,1114.629,159.456
-253.341,1114.573,159.445
-253.322,1114.517,159.445
-253.304,1114.462,159.434
-253.285,1114.406,159.434
-253.267,1114.351,159.423
-253.248,1114.295,159.412
-253.220,1114.239,159.412
-253.202,1114.184,159.401
-253.183,1114.139,159.390
-253.165,1114.083,159.379
-253.137,1114.028,159.368
-253.119,1113.972,159.357
-253.100,1113.927,159.346
-253.082,1113.872,159.335
-253.063,1113.816,159.324
-253.045,1113.772,159.313
-253.026,1113.716,159.302
-253.008,1113.660,159.291
-252.989,1113.616,159.280
-252.971,1113.560,159.269
-252.952,1113.516,159.258
-252.934,1113.460,159.247
-252.915,1113.415,159.236
-252.897,1113.360,159.225
-252.878,1113.304,159.214
-252.860,1113.260,159.214
-252.841,1113.204,159.203
-252.823,1113.159,159.203
-252.804,1113.104,159.203
-252.785,1113.059,159.203
-252.767,1113.004,159.214
-252.749,1112.948,159.225
-252.730,1112.903,159.236
-252.712,1112.848,159.258
-252.693,1112.803,159.280
-252.675,1112.748,159.313
-252.656,1112.703,159.335
-252.638,1112.647,159.379
-252.619,1112.603,159.412
-252.591,1112.547,159.456
-252.572,1112.503,159.510
-252.554,1112.447,159.554
-252.535,1112.402,159.609
-252.517,1112.347,159.664
-252.498,1112.302,159.730
-252.480,1112.247,159.796
-252.461,1112.191,159.862
-252.443,1112.147,159.928
-252.434,1112.091,160.005
-252.406,1112.046,160.082
-252.387,1111.991,160.170
-252.369,1111.946,160.258
-252.360,1111.891,160.345
-252.341,1111.846,160.433
-252.323,1111.790,160.532
-252.304,1111.746,160.642
-252.286,1111.690,160.741
-252.267,1111.635,160.851
-252.249,1111.590,160.961
-252.230,1111.534,161.071
-252.212,1111.490,161.180
-252.193,1111.434,161.290
-252.184,1111.390,161.411
-252.166,1111.334,161.521
-252.147,1111.290,161.642
-252.129,1111.234,161.752
-252.120,1111.179,161.862
-252.101,1111.134,161.982
-252.083,1111.078,162.103
-252.064,1111.034,162.213
-252.046,1110.978,162.334
-252.037,1110.934,162.444
-252.018,1110.878,162.565
-252.000,1110.834,162.697
-251.991,1110.778,162.817
-251.972,1110.722,162.949
-251.963,1110.678,163.081
-251.945,1110.622,163.213
-251.926,1110.578,163.356
-251.908,1110.522,163.499
-251.899,1110.478,163.641
-251.880,1110.422,163.784
-251.871,1110.367,163.938
-251.853,1110.322,164.081
-251.844,1110.266,164.235
-251.825,1110.222,164.388
-251.816,1110.166,164.542
-251.798,1110.122,164.707
-251.789,1110.066,164.872
-251.770,1110.022,165.026
-251.762,1109.966,165.201
-251.743,1109.922,165.366
-251.734,1109.866,165.542
-251.715,1109.822,165.718
-251.707,1109.766,165.894
-251.698,1109.711,166.080
-251.679,1109.666,166.267
-251.670,1109.611,166.465
-251.661,1109.566,166.663
-251.652,1109.511,166.860
-251.634,1109.466,167.069
-251.625,1109.410,167.278
-251.616,1109.366,167.498
-251.597,1109.310,167.717
-251.588,1109.266,167.937
-251.579,1109.210,168.157
-251.570,1109.166,168.387
-251.561,1109.110,168.629
-251.552,1109.066,168.871
-251.543,1109.011,169.113
-251.534,1108.966,169.365
-251.525,1108.911,169.629
-251.516,1108.866,169.893
-251.507,1108.811,170.167
-251.498,1108.755,170.453
-251.489,1108.711,170.739
-251.480,1108.655,171.035
-251.481,1108.611,171.332
-251.472,1108.566,171.650
-251.463,1108.511,171.969
-251.454,1108.466,172.288
-251.445,1108.411,172.617
-251.446,1108.366,172.947
-251.437,1108.311,173.276
-251.428,1108.267,173.617
-251.428,1108.211,173.969
-251.419,1108.167,174.309
-251.420,1108.111,174.661
-251.411,1108.067,175.023
-251.402,1108.011,175.375
-251.402,1107.967,175.737
-251.403,1107.912,176.100
-251.394,1107.867,176.462
-251.394,1107.812,176.836
-251.395,1107.767,177.209
-251.386,1107.712,177.583
-251.387,1107.667,177.957
-251.387,1107.623,178.341
-251.388,1107.568,178.715
-251.388,1107.523,179.099
-251.389,1107.468,179.473
-251.389,1107.424,179.857
-251.390,1107.379,180.253
-251.390,1107.324,180.637
-251.391,1107.280,181.022
-251.391,1107.224,181.406
-251.392,1107.180,181.791
-251.392,1107.135,182.186
-251.393,1107.080,182.593
-251.393,1107.036,182.988
-251.404,1106.980,183.395
-251.404,1106.936,183.812
-251.405,1106.892,184.230
-251.415,1106.836,184.647
-251.415,1106.792,185.076
-251.425,1106.748,185.504
-251.426,1106.692,185.944
-251.436,1106.648,186.383
-251.436,1106.604,186.823
-251.447,1106.549,187.273
-251.447,1106.504,187.712
-251.457,1106.449,188.163
-251.467,1106.405,188.624
-251.477,1106.360,189.075
-251.478,1106.305,189.536
-251.488,1106.261,190.009
-251.498,1106.217,190.481
-251.508,1106.161,190.953
-251.518,1106.117,191.437
-251.528,1106.062,191.920
-251.538,1106.017,192.415
-251.548,1105.973,192.909
-251.558,1105.918,193.414
-251.578,1105.874,193.920
-251.588,1105.818,194.425
-251.598,1105.774,194.930
-251.608,1105.730,195.436
-251.628,1105.675,195.941
-251.638,1105.631,196.447
-251.657,1105.586,196.963
-251.667,1105.542,197.479
-251.687,1105.498,197.996
-251.697,1105.443,198.512
-251.717,1105.399,199.028
-251.727,1105.354,199.545
-251.746,1105.310,200.072
-251.766,1105.255,200.588
-251.785,1105.211,201.116
-251.805,1105.167,201.632
-251.815,1105.111,202.148
-251.835,1105.067,202.665
-251.854,1105.023,203.192
-251.874,1104.979,203.708
-251.903,1104.924,204.236
-251.923,1104.880,204.752
-251.942,1104.836,205.280
-251.962,1104.792,205.796
-251.991,1104.748,206.323
-252.010,1104.703,206.851
-252.039,1104.659,207.378
-252.068,1104.615,207.916
-252.088,1104.571,208.433
-252.117,1104.527,208.960
-252.137,1104.483,209.487
-252.166,1104.439,210.026
-252.195,1104.395,210.553
-252.214,1104.351,211.091
-252.243,1104.307,211.630
-252.273,1104.263,212.168
-252.301,1104.230,212.728
-252.331,1104.186,213.278
-252.350,1104.142,213.827
-252.379,1104.098,214.376
-252.408,1104.054,214.926
-252.437,1104.021,215.486
-252.466,1103.977,216.046
-252.495,1103.933,216.606
-252.525,1103.889,217.167
-252.554,1103.845,217.738
-252.583,1103.801,218.287
-252.612,1103.757,218.859
-252.641,1103.713,219.419
-252.679,1103.669,219.990
-252.708,1103.636,220.562
-252.747,1103.592,221.122
-252.776,1103.559,221.682
-252.815,1103.515,222.231
-252.844,1103.482,222.792
-252.882,1103.438,223.341
-252.921,1103.405,223.912
-252.959,1103.384,224.462
-252.998,1103.340,225.000
-253.036,1103.307,225.538
-253.065,1103.274,226.088
-253.104,1103.230,226.637
-253.142,1103.197,227.186
-253.181,1103.164,227.736
-253.229,1103.132,228.296
-253.267,1103.088,228.845
-253.306,1103.066,229.417
-253.344,1103.033,229.977
-253.392,1103.001,230.537
-253.431,1102.968,231.108
-253.469,1102.935,231.669
-253.517,1102.902,232.218
-253.556,1102.869,232.778
-253.604,1102.837,233.339
-253.642,1102.804,233.888
-253.690,1102.771,234.437
-253.738,1102.738,234.976
-253.777,1102.705,235.514
-253.825,1102.673,236.052
-253.873,1102.640,236.580
-253.911,1102.618,237.107
-253.959,1102.586,237.634
-254.007,1102.553,238.151
-254.055,1102.520,238.656
-254.103,1102.498,239.161
-254.151,1102.466,239.656
-254.199,1102.433,240.150
-254.257,1102.411,240.634
-254.305,1102.379,241.106
-254.353,1102.357,241.578
-254.410,1102.324,242.040
-254.458,1102.303,242.490
-254.506,1102.270,242.930
-254.564,1102.249,243.369
-254.611,1102.227,243.787
-254.669,1102.194,244.193
-254.717,1102.173,244.600
-254.774,1102.151,244.984
-254.832,1102.130,245.358
-254.880,1102.108,245.709
-254.937,1102.075,246.061
-254.995,1102.054,246.401
-255.052,1102.032,246.731
-255.110,1102.011,247.050
-255.167,1101.989,247.357
-255.215,1101.968,247.654
-255.272,1101.935,247.939
-255.330,1101.913,248.203
-255.387,1101.892,248.467
-255.445,1101.870,248.719
-255.512,1101.849,248.950
-255.569,1101.827,249.181
-255.627,1101.806,249.401
-255.684,1101.784,249.609
-255.751,1101.763,249.807
-255.808,1101.741,249.994
-255.866,1101.720,250.192
-255.923,1101.698,250.356
-255.990,1101.677,250.532
-256.057,1101.655,250.686
-256.115,1101.634,250.829
-256.182,1101.612,250.972
-256.239,1101.591,251.115
-256.306,1101.569,251.246
-256.373,1101.548,251.367
-256.440,1101.527,251.477
-256.507,1101.505,251.587
-256.564,1101.484,251.708
-256.631,1101.462,251.807
-256.698,1101.441,251.895
-256.765,1101.419,251.982
-256.832,1101.398,252.070
-256.899,1101.376,252.147
-256.966,1101.355,252.224
-257.033,1101.334,252.301
-257.100,1101.312,252.378
-257.167,1101.291,252.444
-257.234,1101.258,252.510
-257.301,1101.237,252.576
-257.368,1101.215,252.642
-257.445,1101.194,252.697
-257.512,1101.173,252.762
-257.588,1101.151,252.817
-257.655,1101.130,252.872
-257.732,1101.109,252.916
-257.798,1101.087,252.971
-257.865,1101.066,253.026
-257.942,1101.044,253.070
-258.009,1101.023,253.125
-258.085,1101.002,253.169
-258.162,1100.980,253.213
-258.229,1100.959,253.257
-258.305,1100.937,253.301
-258.382,1100.916,253.345
-258.458,1100.895,253.389
-258.525,1100.873,253.433
-258.602,1100.852,253.477
-258.678,1100.831,253.521
-258.745,1100.809,253.553
-258.822,1100.788,253.586
-258.898,1100.767,253.619
-258.975,1100.745,253.641
-259.051,1100.724,253.663
-259.137,1100.703,253.685
-259.214,1100.681,253.707
-259.290,1100.660,253.729
-259.367,1100.628,253.729
-259.443,1100.606,253.740
-259.520,1100.585,253.740
-259.596,1100.564,253.751
-259.682,1100.543,253.751
-259.759,1100.521,253.751
-259.845,1100.489,253.740
-259.922,1100.468,253.740
-259.998,1100.446,253.740
-260.084,1100.425,253.729
-260.170,1100.404,253.718
-260.237,1100.382,253.718
-260.323,1100.350,253.718
-260.400,1100.329,253.707
-260.486,1100.308,253.696
-260.572,1100.286,253.696
-260.648,1100.265,253.685
-260.734,1100.244,253.685
-260.821,1100.211,253.674
-260.907,1100.190,253.674
-260.983,1100.169,253.663
-261.069,1100.137,253.663
-261.155,1100.115,253.663
-261.241,1100.094,253.652
-261.327,1100.062,253.652
-261.413,1100.041,253.652
-261.499,1100.019,253.652
-261.586,1099.987,253.641
-261.672,1099.966,253.641
-261.758,1099.945,253.641
-261.844,1099.912,253.630
-261.930,1099.891,253.630
-262.016,1099.859,253.619
-262.112,1099.838,253.619
-262.198,1099.817,253.619
-262.284,1099.784,253.608
-262.370,1099.763,253.608
-262.465,1099.742,253.597
-262.551,1099.710,253.597
-262.647,1099.688,253.586
-262.733,1099.656,253.586
-262.819,1099.635,253.586
-262.905,1099.603,253.575
-263.001,1099.582,253.575
-263.087,1099.560,253.564
-263.183,1099.528,253.564
-263.278,1099.507,253.553
-263.364,1099.475,253.553
-263.460,1099.454,253.542
-263.546,1099.421,253.531
-263.642,1099.400,253.521
-263.737,1099.368,253.510
-263.833,1099.336,253.510
-263.919,1099.315,253.499
-264.015,1099.282,253.488
-264.110,1099.261,253.477
-264.206,1099.229,253.477
-264.302,1099.208,253.466
-264.397,1099.176,253.455
-264.493,1099.155,253.433
-264.588,1099.122,253.422
-264.675,1099.090,253.411
-264.770,1099.058,253.389
-264.866,1099.037,253.367
-264.962,1099.005,253.345
-265.057,1098.983,253.323
-265.153,1098.951,253.312
-265.258,1098.919,253.290
-265.354,1098.898,253.268
-265.449,1098.866,253.246
-265.545,1098.834,253.224
-265.641,1098.801,253.202
-265.736,1098.780,253.180
-265.832,1098.748,253.158
-265.937,1098.716,253.125
-266.033,1098.695,253.103
-266.128,1098.663,253.070
-266.224,1098.631,253.048
-266.329,1098.610,253.015
-266.425,1098.577,253.004
-266.520,1098.545,252.971
-266.626,1098.513,252.949
-266.721,1098.481,252.927
-266.827,1098.449,252.905
-266.922,1098.417,252.883
-267.018,1098.395,252.861
-267.123,1098.363,252.839
-267.219,1098.331,252.806
-267.324,1098.299,252.773
-267.419,1098.278,252.740
-267.525,1098.246,252.719
-267.620,1098.214,252.675
-267.726,1098.182,252.642
-267.821,1098.149,252.609
-267.926,1098.117,252.576
-268.022,1098.096,252.554
-268.127,1098.064,252.532
-268.223,1098.032,252.510
-268.328,1098.000,252.499
-268.433,1097.968,252.488
-268.539,1097.936,252.466
-268.634,1097.892,252.455
-268.740,1097.860,252.444
-268.845,1097.828,252.422
-268.950,1097.796,252.411
-269.055,1097.764,252.400
-269.151,1097.732,252.389
-269.256,1097.700,252.378
-269.361,1097.667,252.367
-269.467,1097.635,252.356
-269.562,1097.603,252.345
-269.667,1097.571,252.334
-269.773,1097.539,252.334
-269.878,1097.507,252.323
-269.974,1097.475,252.312
-270.079,1097.443,252.301
-270.184,1097.411,252.290
-270.289,1097.378,252.279
-270.394,1097.346,252.268
-270.500,1097.314,252.257
-270.605,1097.282,252.246
-270.710,1097.239,252.235
-270.815,1097.207,252.224
-270.921,1097.175,252.213
-271.026,1097.143,252.202
-271.131,1097.111,252.191
-271.236,1097.079,252.191
-271.342,1097.046,252.180
-271.437,1097.014,252.169
-271.542,1096.982,252.169
-271.648,1096.950,252.158
-271.753,1096.907,252.147
-271.858,1096.875,252.136
-271.963,1096.843,252.125
-272.069,1096.811,252.114
-272.174,1096.778,252.103
-272.279,1096.746,252.092
-272.384,1096.714,252.081
-272.489,1096.682,252.059
-272.595,1096.650,252.048
-272.700,1096.607,252.037
-272.805,1096.575,252.015
-272.910,1096.543,252.004
-273.016,1096.511,251.993
-273.121,1096.479,251.982
-273.226,1096.446,251.971
-273.331,1096.414,251.960
-273.437,1096.371,251.949
-273.542,1096.339,251.938
-273.647,1096.307,251.927
-273.752,1096.275,251.917
-273.858,1096.232,251.906
-273.963,1096.200,251.895
-274.068,1096.168,251.884
-274.173,1096.135,251.873
-274.278,1096.103,251.862
-274.384,1096.071,251.851
-274.489,1096.039,251.840
-274.594,1095.996,251.829
-274.699,1095.964,251.818
-274.805,1095.932,251.796
-274.910,1095.900,251.785
-275.015,1095.868,251.774
-275.120,1095.836,251.763
-275.226,1095.792,251.752
-275.331,1095.760,251.741
-275.436,1095.728,251.730
-275.541,1095.696,251.719
-275.647,1095.664,251.708
-275.752,1095.621,251.697
-275.857,1095.589,251.686
-275.972,1095.557,251.675
-276.077,1095.514,251.664
-276.182,1095.481,251.653
-276.288,1095.449,251.642
-276.393,1095.417,251.642
-276.498,1095.385,251.631
-276.603,1095.342,251.620
-276.709,1095.310,251.620
-276.814,1095.278,251.609
-276.919,1095.246,251.598
-277.024,1095.203,251.598
-277.130,1095.170,251.587
-277.235,1095.138,251.576
-277.340,1095.106,251.565
-277.455,1095.063,251.565
-277.560,1095.031,251.554
-277.665,1094.999,251.543
-277.771,1094.967,251.532
-277.876,1094.935,251.532
-277.981,1094.892,251.532
-278.086,1094.860,251.521
-278.192,1094.816,251.521
-278.297,1094.784,251.510
-278.412,1094.752,251.510
-278.517,1094.720,251.510
-278.622,1094.677,251.510
-278.727,1094.645,251.499
-278.833,1094.613,251.499
-278.938,1094.581,251.499
-279.043,1094.538,251.488
-279.158,1094.506,251.488
-279.263,1094.473,251.488
-279.368,1094.441,251.477
-279.474,1094.398,251.477
-279.579,1094.366,251.477
-279.684,1094.334,251.466
-279.789,1094.302,251.466
-279.895,1094.259,251.466
-280.000,1094.227,251.466
-280.105,1094.195,251.455
-280.220,1094.151,251.455
-280.325,1094.119,251.455
-280.430,1094.087,251.444
-280.536,1094.055,251.444
-280.641,1094.012,251.444
-280.746,1093.980,251.433
-280.851,1093.948,251.433
-280.957,1093.916,251.433
-281.062,1093.873,251.433
-281.167,1093.840,251.433
-281.282,1093.808,251.433
-281.387,1093.765,251.433
-281.492,1093.733,251.433
-281.598,1093.701,251.444
-281.703,1093.669,251.455
-281.808,1093.626,251.466
-281.913,1093.594,251.477
-282.019,1093.562,251.488
-282.124,1093.530,251.510
-282.239,1093.486,251.532
-282.344,1093.454,251.543
-282.449,1093.422,251.576
-282.554,1093.379,251.598
-282.660,1093.347,251.631
-282.765,1093.315,251.664
-282.870,1093.283,251.697
-282.975,1093.240,251.730
-283.081,1093.208,251.774
-283.195,1093.176,251.807
-283.301,1093.143,251.851
-283.406,1093.100,251.884
-283.511,1093.068,251.927
-283.616,1093.036,251.960
-283.722,1093.004,252.004
-283.827,1092.972,252.037
-283.932,1092.940,252.081
-284.037,1092.897,252.114
-284.143,1092.865,252.147
-284.257,1092.833,252.191
-284.363,1092.800,252.224
-284.468,1092.757,252.257
-284.573,1092.725,252.290
-284.678,1092.693,252.323
-284.783,1092.661,252.356
-284.889,1092.629,252.389
-284.994,1092.597,252.422
-285.099,1092.565,252.444
-285.204,1092.533,252.477
-285.310,1092.501,252.499
-285.424,1092.469,252.532
-285.530,1092.425,252.554
-285.635,1092.393,252.576
-285.740,1092.361,252.598
-285.845,1092.329,252.620
-285.951,1092.297,252.642
-286.056,1092.265,252.664
-286.161,1092.233,252.686
-286.266,1092.201,252.708
-286.381,1092.169,252.729
-286.486,1092.137,252.751
-286.591,1092.093,252.773
-286.697,1092.061,252.795
-286.802,1092.029,252.817
-286.917,1091.997,252.839
-287.022,1091.965,252.850
-287.127,1091.933,252.861
-287.232,1091.901,252.883
-287.337,1091.869,252.894
-287.443,1091.837,252.905
-287.548,1091.805,252.905
-287.653,1091.773,252.916
-287.758,1091.741,252.927
-287.864,1091.708,252.927
-287.969,1091.676,252.938
-288.074,1091.644,252.938
-288.179,1091.623,252.938
-288.284,1091.591,252.949
-288.390,1091.559,252.960
-288.495,1091.527,252.960
-288.600,1091.484,252.960
-288.705,1091.452,252.971
-288.811,1091.420,252.971
-288.916,1091.388,252.971
-289.021,1091.355,252.971
-289.126,1091.323,252.971
-289.231,1091.291,252.960
-289.336,1091.270,252.960
-289.442,1091.238,252.949
-289.547,1091.206,252.949
-289.662,1091.174,252.938
-289.767,1091.131,252.938
-289.872,1091.110,252.927
-289.977,1091.078,252.927
-290.083,1091.046,252.916
-290.188,1091.014,252.905
-290.293,1090.981,252.894
-290.398,1090.949,252.883
-290.503,1090.917,252.872
-290.609,1090.885,252.850
-290.714,1090.853,252.839
-290.819,1090.821,252.817
-290.924,1090.789,252.806
-291.029,1090.757,252.784
-291.135,1090.725,252.762
-291.240,1090.693,252.740
-291.345,1090.661,252.708
-291.450,1090.628,252.686
-291.556,1090.596,252.664
-291.661,1090.564,252.631
-291.766,1090.532,252.609
-291.871,1090.500,252.576
-291.976,1090.468,252.543
-292.082,1090.436,252.521
-292.187,1090.404,252.488
-292.292,1090.372,252.444
-292.388,1090.339,252.411
-292.493,1090.307,252.378
-292.598,1090.275,252.334
-292.703,1090.243,252.301
-292.809,1090.211,252.257
-292.914,1090.168,252.224
-293.019,1090.136,252.180
-293.124,1090.104,252.147
-293.230,1090.072,252.103
-293.335,1090.040,252.070
-293.430,1090.007,252.026
-293.536,1089.975,251.993
-293.641,1089.943,251.949
-293.746,1089.911,251.906
-293.851,1089.879,251.873
-293.957,1089.847,251.840
-294.062,1089.804,251.807
-294.167,1089.772,251.763
-294.272,1089.740,251.730
-294.378,1089.707,251.697
-294.473,1089.675,251.664
-294.578,1089.643,251.631
-294.684,1089.611,251.598
-294.789,1089.579,251.565
-294.894,1089.536,251.532
-294.990,1089.504,251.499
-295.095,1089.471,251.466
-295.200,1089.439,251.433
-295.305,1089.407,251.411
-295.411,1089.364,251.378
-295.516,1089.332,251.345
-295.612,1089.300,251.312
-295.717,1089.268,251.290
-295.822,1089.236,251.268
-295.928,1089.192,251.246
-296.033,1089.160,251.224
-296.128,1089.128,251.202
-296.234,1089.096,251.180
-296.339,1089.064,251.169
-296.444,1089.021,251.147
-296.549,1088.989,251.136
-296.645,1088.957,251.125
-296.750,1088.924,251.115
-296.855,1088.892,251.093
-296.951,1088.849,251.082
-297.057,1088.817,251.071
-297.162,1088.785,251.049
-297.258,1088.742,251.038
-297.363,1088.709,251.027
-297.468,1088.677,251.005
-297.564,1088.645,250.994
-297.669,1088.613,250.972
-297.774,1088.581,250.961
-297.870,1088.538,250.950
-297.975,1088.506,250.939
-298.080,1088.462,250.928
-298.186,1088.430,250.917
-298.291,1088.398,250.906
-298.387,1088.366,250.895
-298.492,1088.334,250.884
-298.597,1088.291,250.884
-298.702,1088.259,250.873
-298.798,1088.227,250.873
-298.903,1088.194,250.873
-299.009,1088.151,250.884
-299.114,1088.119,250.884
-299.210,1088.076,250.884
-299.315,1088.044,250.884
-299.420,1088.012,250.895
-299.516,1087.979,250.895
-299.621,1087.947,250.906
-299.717,1087.915,250.917
-299.822,1087.872,250.928
-299.927,1087.840,250.939
-300.023,1087.808,250.950
-300.128,1087.776,250.972
-300.224,1087.732,250.983
-300.329,1087.700,251.016
-300.434,1087.668,251.038
-300.539,1087.636,251.071
-300.635,1087.593,251.104
-300.741,1087.561,251.136
-300.846,1087.529,251.180
-300.941,1087.496,251.213
-301.047,1087.453,251.257
-301.152,1087.421,251.301
-301.257,1087.389,251.334
-301.353,1087.357,251.378
-301.458,1087.314,251.411
-301.554,1087.281,251.444
-301.659,1087.249,251.477
-301.860,1087.185,251.554
-301.965,1087.153,251.587
-302.070,1087.121,251.609
-302.166,1087.089,251.642
-302.271,1087.046,251.675
-302.367,1087.013,251.708
-302.472,1086.981,251.741
-302.578,1086.949,251.774
-302.673,1086.917,251.807
-302.778,1086.885,251.851
-302.884,1086.853,251.884
-302.979,1086.821,251.927
-303.085,1086.788,251.960
-303.190,1086.745,252.004
-303.295,1086.713,252.037
-303.400,1086.681,252.081
-303.496,1086.649,252.114
-303.601,1086.617,252.158
-303.697,1086.585,252.191
-303.802,1086.552,252.235
-303.898,1086.520,252.268
-304.003,1086.488,252.301
-304.099,1086.456,252.334
-304.204,1086.424,252.367
-304.300,1086.392,252.400
-304.395,1086.371,252.433
-304.500,1086.338,252.455
-304.596,1086.306,252.488
-304.692,1086.274,252.510
-304.797,1086.242,252.543
-304.893,1086.210,252.565
-304.988,1086.189,252.598
-305.084,1086.156,252.631
-305.180,1086.124,252.664
-305.275,1086.092,252.686
-305.371,1086.060,252.719
-305.467,1086.039,252.751
-305.553,1086.006,252.784
-305.648,1085.974,252.817
-305.744,1085.953,252.850
-305.840,1085.921,252.872
-305.926,1085.900,252.905
-306.021,1085.868,252.938
-306.117,1085.835,252.960
-306.203,1085.814,252.993
-306.299,1085.782,253.015
-306.385,1085.761,253.048
-306.471,1085.739,253.081
-306.557,1085.707,253.114
-306.652,1085.686,253.158
-306.739,1085.654,253.191
-306.825,1085.633,253.235
-306.911,1085.600,253.279
-306.987,1085.568,253.312
-307.073,1085.547,253.345
-307.160,1085.525,253.367
-307.246,1085.504,253.378
-307.332,1085.472,253.400
-307.418,1085.451,253.411
-307.494,1085.429,253.411
-307.580,1085.408,253.411
-307.657,1085.387,253.411
-307.743,1085.366,253.389
-307.819,1085.344,253.378
-307.896,1085.323,253.378
-307.982,1085.291,253.378
-308.058,1085.269,253.389
-308.135,1085.248,253.400
-308.211,1085.227,253.411
-308.288,1085.205,253.433
-308.364,1085.184,253.444
-308.441,1085.152,253.477
-308.527,1085.130,253.521
-308.604,1085.098,253.542
-308.680,1085.077,253.564
-308.757,1085.055,253.586
-308.833,1085.034,253.608
-308.910,1085.013,253.619
-308.977,1084.991,253.630
-309.053,1084.970,253.630
-309.130,1084.949,253.630
-309.197,1084.927,253.630
-309.273,1084.906,253.619
-309.340,1084.884,253.608
-309.407,1084.863,253.597
-309.484,1084.842,253.586
-309.550,1084.820,253.575
-309.627,1084.810,253.553
-309.694,1084.789,253.542
-309.761,1084.767,253.531
-309.828,1084.746,253.521
-309.904,1084.724,253.510
-309.971,1084.703,253.488
-310.038,1084.681,253.488
-310.105,1084.660,253.488
-310.172,1084.650,253.488
-310.239,1084.628,253.499
-310.306,1084.607,253.499
-310.373,1084.585,253.510
-310.440,1084.564,253.510
-310.507,1084.554,253.521
-310.574,1084.532,253.531
-310.631,1084.511,253.542
-310.698,1084.489,253.542
-310.765,1084.468,253.542
-310.832,1084.446,253.542
-310.889,1084.436,253.542
-310.956,1084.414,253.531
-311.014,1084.404,253.521
-311.081,1084.383,253.510
-311.138,1084.361,253.499
-311.195,1084.351,253.488
-311.253,1084.329,253.477
-311.320,1084.308,253.466
-311.377,1084.297,253.455
-311.434,1084.276,253.455
-311.492,1084.254,253.444
-311.559,1084.244,253.444
-311.616,1084.222,253.455
-311.673,1084.212,253.455
-311.740,1084.190,253.455
-311.798,1084.169,253.466
-311.855,1084.147,253.477
-311.922,1084.137,253.499
-311.980,1084.115,253.510
-312.037,1084.094,253.521
-312.104,1084.084,253.542
-312.161,1084.062,253.553
-312.219,1084.040,253.564
-312.276,1084.030,253.575
-312.343,1084.009,253.575
-312.400,1083.998,253.586
-312.458,1083.977,253.586
-312.525,1083.955,253.586
-312.582,1083.934,253.586
-312.639,1083.923,253.575
-312.706,1083.902,253.575
-312.764,1083.880,253.575
-312.831,1083.870,253.564
-312.888,1083.848,253.564
-312.955,1083.827,253.553
-313.012,1083.816,253.553
-313.079,1083.795,253.553
-313.146,1083.774,253.553
-313.204,1083.752,253.553
-313.271,1083.731,253.553
-313.328,1083.720,253.542
-313.395,1083.699,253.542
-313.452,1083.677,253.531
-313.519,1083.667,253.531
-313.586,1083.645,253.521
-313.644,1083.624,253.521
-313.711,1083.602,253.510
-313.778,1083.592,253.499
-313.835,1083.571,253.499
-313.902,1083.549,253.499
-313.969,1083.539,253.488
-314.026,1083.517,253.488
-314.093,1083.496,253.488
-314.160,1083.474,253.477
-314.217,1083.464,253.477
-314.284,1083.442,253.477
-314.351,1083.421,253.477
-314.418,1083.400,253.477
-314.485,1083.378,253.477
-314.543,1083.357,253.466
-314.610,1083.346,253.466
-314.677,1083.325,253.466
-314.734,1083.303,253.455
-314.801,1083.293,253.444
-314.858,1083.271,253.433
-314.925,1083.250,253.422
-314.992,1083.229,253.422
-315.050,1083.207,253.411
-315.117,1083.197,253.400
-315.174,1083.175,253.389
-315.241,1083.154,253.378
-315.298,1083.143,253.367
-315.365,1083.122,253.356
-315.423,1083.100,253.345
-315.489,1083.090,253.345
-315.547,1083.068,253.334
-315.604,1083.047,253.334
-315.662,1083.036,253.334
-315.729,1083.015,253.345
-315.786,1082.993,253.356
-315.843,1082.983,253.356
-315.901,1082.962,253.367
-315.958,1082.951,253.378
-316.016,1082.930,253.378
-316.073,1082.919,253.378
-316.121,1082.897,253.378
-316.178,1082.887,253.378
-316.236,1082.865,253.378
-316.293,1082.844,253.378
-316.341,1082.833,253.367
-316.398,1082.812,253.356
-316.446,1082.801,253.345
-316.503,1082.780,253.345
-316.551,1082.769,253.334
-316.609,1082.748,253.323
-316.656,1082.737,253.323
-316.714,1082.727,253.312
-316.762,1082.705,253.312
-316.809,1082.694,253.301
-316.857,1082.673,253.301
-316.905,1082.662,253.290
-316.953,1082.652,253.279
-317.001,1082.630,253.279
-317.049,1082.619,253.268
-317.096,1082.609,253.257
-317.144,1082.598,253.257
-317.192,1082.577,253.257
-317.240,1082.566,253.257
-317.288,1082.545,253.257
-317.335,1082.534,253.268
-317.383,1082.523,253.268
-317.421,1082.513,253.279
-317.469,1082.502,253.290
-317.508,1082.480,253.301
-317.555,1082.470,253.301
-317.594,1082.459,253.312
-317.641,1082.449,253.312
-317.680,1082.427,253.323
-317.718,1082.416,253.312
-317.756,1082.406,253.312
-317.804,1082.395,253.312
-317.842,1082.384,253.301
-317.881,1082.374,253.290
-317.919,1082.363,253.290
-317.957,1082.352,253.279
-317.995,1082.342,253.268
-318.034,1082.331,253.268
-318.072,1082.320,253.257
-318.110,1082.310,253.257
-318.148,1082.299,253.257
-318.187,1082.288,253.257
-318.215,1082.278,253.257
-318.254,1082.267,253.268
-318.292,1082.256,253.268
-318.321,1082.246,253.268
-318.359,1082.235,253.268
-318.387,1082.224,253.279
-318.416,1082.213,253.279
-318.454,1082.203,253.279
-318.483,1082.192,253.279
-318.512,1082.181,253.279
-318.550,1082.170,253.268
-318.579,1082.171,253.257
-318.607,1082.160,253.257
-318.636,1082.149,253.246
-318.665,1082.138,253.246
-318.684,1082.128,253.246
-318.713,1082.128,253.235
-318.741,1082.117,253.235
-318.761,1082.106,253.235
-318.789,1082.107,253.224
-318.808,1082.096,253.224
-318.837,1082.096,253.213
-318.856,1082.085,253.213
-318.885,1082.074,253.213
-318.904,1082.075,253.202
-318.923,1082.064,253.202
-318.942,1082.053,253.191
-318.971,1082.053,253.191
-318.990,1082.042,253.191
-319.009,1082.043,253.191
-319.028,1082.032,253.191
-319.038,1082.032,253.191
-319.057,1082.021,253.191
-319.076,1082.021,253.191
-319.095,1082.021,253.191
-319.105,1082.010,253.191
-319.124,1081.999,253.191
-319.134,1082.000,253.180
-319.153,1082.000,253.180
-319.162,1081.989,253.180
-319.181,1081.989,253.169
-319.191,1081.989,253.169
-319.200,1081.978,253.158
-319.220,1081.978,253.158
-319.229,1081.978,253.147
-319.239,1081.967,253.147
-319.248,1081.968,253.136
-319.258,1081.968,253.136
-319.267,1081.968,253.125
-319.277,1081.957,253.125
-319.287,1081.957,253.125
-319.296,1081.957,253.136
-319.306,1081.957,253.136
-319.315,1081.946,253.136
-319.325,1081.946,253.136
-319.334,1081.946,253.136
-319.344,1081.946,253.114
-319.344,1081.935,253.092
-319.334,1081.946,253.081
-319.325,1081.946,253.125
-319.315,1081.946,253.191
-319.306,1081.946,253.202
-319.315,1081.946,253.191
-319.325,1081.946,253.202
-319.315,1081.946,253.191
-319.325,1081.946,253.158
-319.315,1081.946,253.235
-319.325,1081.946,253.235
-319.325,1081.935,253.235
-319.334,1081.935,253.224
-319.344,1081.935,253.224
-319.353,1081.935,253.235
-319.363,1081.936,253.235
-319.363,1081.924,253.246
-319.373,1081.925,253.246
-319.382,1081.925,253.257
-319.392,1081.925,253.257
-319.392,1081.914,253.268
-319.401,1081.914,253.268
-319.411,1081.914,253.279
-319.420,1081.914,253.290
-319.430,1081.903,253.301
-319.440,1081.903,253.312
-319.449,1081.903,253.323
-319.459,1081.903,253.334
-319.468,1081.892,253.345
-319.478,1081.892,253.345
-319.497,1081.893,253.356
-319.507,1081.882,253.367
-319.516,1081.882,253.367
-319.535,1081.871,253.378
-319.545,1081.871,253.378
-319.564,1081.871,253.378
-319.574,1081.860,253.378
-319.593,1081.861,253.378
-319.612,1081.850,253.367
-319.631,1081.850,253.367
-319.650,1081.839,253.367
-319.669,1081.839,253.356
-319.688,1081.828,253.356
-319.707,1081.829,253.345
-319.727,1081.818,253.345
-319.746,1081.818,253.334
-319.765,1081.807,253.323
-319.784,1081.807,253.312
-319.803,1081.796,253.301
-319.822,1081.785,253.290
-319.851,1081.786,253.268
-319.870,1081.775,253.257
-319.889,1081.764,253.235
-319.918,1081.764,253.202
-319.937,1081.753,253.180
-319.956,1081.754,253.147
-319.985,1081.743,253.114
-320.004,1081.732,253.081
-320.033,1081.732,253.048
-320.061,1081.722,253.015
-320.090,1081.711,252.971
-320.109,1081.700,252.927
-320.138,1081.700,252.883
-320.166,1081.689,252.839
-320.186,1081.679,252.795
-320.214,1081.668,252.740
-320.243,1081.668,252.697
-320.272,1081.657,252.642
-320.300,1081.647,252.587
-320.329,1081.636,252.521
-320.358,1081.625,252.466
-320.387,1081.614,252.400
-320.415,1081.615,252.323
-320.444,1081.604,252.257
-320.473,1081.593,252.180
-320.501,1081.582,252.103
-320.530,1081.572,252.026
-320.568,1081.561,251.938
-320.597,1081.550,251.851
-320.626,1081.539,251.763
-320.664,1081.529,251.664
-320.693,1081.518,251.565
-320.731,1081.507,251.466
-320.760,1081.497,251.356
-320.788,1081.486,251.246
-320.827,1081.475,251.136
-320.855,1081.464,251.016
-320.894,1081.454,250.895
-320.932,1081.443,250.774
-320.970,1081.432,250.653
-320.999,1081.410,250.510
-321.037,1081.400,250.378
-321.075,1081.389,250.236
-321.114,1081.378,250.093
-321.142,1081.368,249.950
-321.181,1081.346,249.796
-321.219,1081.335,249.642
-321.257,1081.325,249.489
-321.295,1081.314,249.324
-321.334,1081.292,249.148
-321.372,1081.282,248.972
-321.410,1081.260,248.796
-321.458,1081.249,248.610
-321.497,1081.228,248.412
-321.535,1081.217,248.214
-321.573,1081.206,248.005
-321.612,1081.184,247.797
-321.650,1081.174,247.577
-321.688,1081.152,247.357
-321.736,1081.130,247.115
-321.774,1081.120,246.885
-321.822,1081.098,246.643
-321.860,1081.087,246.390
-321.899,1081.066,246.138
-321.947,1081.044,245.885
-321.985,1081.022,245.621
-322.023,1081.012,245.347
-322.071,1080.990,245.072
-322.110,1080.968,244.797
-322.158,1080.947,244.512
-322.205,1080.925,244.215
-322.244,1080.903,243.918
-322.292,1080.882,243.611
-322.330,1080.860,243.303
-322.378,1080.838,242.985
-322.426,1080.817,242.666
-322.464,1080.795,242.336
-322.512,1080.773,241.996
-322.560,1080.752,241.655
-322.599,1080.719,241.315
-322.646,1080.697,240.963
-322.694,1080.675,240.612
-322.733,1080.654,240.249
-322.781,1080.621,239.886
-322.829,1080.599,239.513
-322.877,1080.567,239.139
-322.915,1080.545,238.766
-322.963,1080.512,238.392
-323.011,1080.490,238.008
-323.059,1080.458,237.612
-323.107,1080.425,237.217
-323.155,1080.403,236.810
-323.203,1080.371,236.393
-323.241,1080.338,235.975
-323.289,1080.305,235.558
-323.337,1080.272,235.129
-323.386,1080.240,234.701
-323.433,1080.218,234.261
-323.482,1080.174,233.822
-323.530,1080.141,233.383
-323.578,1080.109,232.932
-323.616,1080.076,232.482
-323.664,1080.043,232.031
-323.712,1079.999,231.570
-323.760,1079.967,231.108
-323.808,1079.934,230.647
-323.856,1079.890,230.186
-323.905,1079.857,229.713
-323.943,1079.813,229.241
-323.991,1079.781,228.757
-324.039,1079.737,228.285
-324.087,1079.693,227.802
-324.136,1079.649,227.307
-324.174,1079.616,226.813
-324.222,1079.573,226.307
-324.270,1079.529,225.802
-324.319,1079.485,225.297
-324.357,1079.441,224.780
-324.405,1079.397,224.264
-324.454,1079.342,223.737
-324.502,1079.299,223.209
-324.540,1079.255,222.682
-324.589,1079.200,222.144
-324.637,1079.156,221.605
-324.675,1079.101,221.067
-324.724,1079.057,220.518
-324.762,1079.002,219.968
-324.811,1078.958,219.419
-324.849,1078.903,218.859
-324.898,1078.848,218.298
-324.936,1078.805,217.738
-324.975,1078.750,217.167
-325.023,1078.695,216.606
-325.062,1078.640,216.035
-325.101,1078.585,215.464
-325.139,1078.530,214.893
-325.178,1078.475,214.321
-325.227,1078.409,213.739
-325.265,1078.354,213.157
-325.304,1078.299,212.585
-325.343,1078.233,212.003
-325.382,1078.178,211.410
-325.420,1078.123,210.828
-325.450,1078.056,210.234
-325.488,1078.001,209.652
-325.527,1077.935,209.059
-325.566,1077.869,208.466
-325.595,1077.803,207.861
-325.634,1077.748,207.268
-325.664,1077.682,206.664
-325.693,1077.616,206.060
-325.732,1077.550,205.444
-325.761,1077.483,204.840
-325.790,1077.417,204.225
-325.829,1077.351,203.610
-325.859,1077.274,202.994
-325.888,1077.208,202.368
-325.917,1077.142,201.753
-325.947,1077.075,201.138
-325.967,1076.998,200.511
-325.996,1076.932,199.896
-326.025,1076.866,199.281
-326.045,1076.788,198.677
-326.075,1076.722,198.062
-326.094,1076.645,197.446
-326.124,1076.567,196.831
-326.144,1076.501,196.216
-326.164,1076.424,195.601
-326.193,1076.346,194.996
-326.213,1076.269,194.381
-326.233,1076.192,193.777
-326.253,1076.114,193.173
-326.273,1076.048,192.568
-326.293,1075.971,191.964
-326.303,1075.893,191.371
-326.323,1075.805,190.778
-326.343,1075.727,190.195
-326.353,1075.650,189.613
-326.373,1075.572,189.031
-326.384,1075.495,188.459
-326.394,1075.417,187.899
-326.404,1075.340,187.339
-326.415,1075.251,186.790
-326.425,1075.174,186.240
-326.436,1075.085,185.691
-326.446,1075.008,185.164
-326.457,1074.930,184.625
-326.467,1074.842,184.098
-326.468,1074.764,183.582
-326.478,1074.676,183.054
-326.479,1074.587,182.538
-326.490,1074.510,182.021
-326.491,1074.421,181.505
-326.492,1074.332,180.989
-326.493,1074.255,180.472
-326.494,1074.166,179.956
-326.495,1074.077,179.451
-326.496,1073.989,178.956
-326.497,1073.900,178.462
-326.497,1073.822,177.979
-326.489,1073.734,177.495
-326.490,1073.645,177.034
-326.481,1073.556,176.561
-326.482,1073.467,176.111
-326.474,1073.379,175.660
-326.475,1073.290,175.210
-326.466,1073.201,174.760
-326.458,1073.112,174.331
-326.449,1073.024,173.892
-326.440,1072.935,173.463
-326.441,1072.846,173.046
-326.433,1072.757,172.628
-326.424,1072.669,172.211
-326.416,1072.569,171.804
-326.398,1072.480,171.409
-326.389,1072.391,171.013
-326.371,1072.302,170.618
-326.363,1072.202,170.233
-326.345,1072.114,169.860
-326.327,1072.014,169.486
-326.299,1071.925,169.135
-326.291,1071.825,168.772
-326.273,1071.736,168.420
-326.255,1071.647,168.080
-326.237,1071.547,167.750
-326.209,1071.458,167.410
-326.191,1071.358,167.091
-326.173,1071.269,166.783
-326.155,1071.169,166.487
-326.127,1071.080,166.201
-326.119,1070.991,165.927
-326.101,1070.903,165.663
-326.073,1070.802,165.399
-326.046,1070.713,165.157
-326.028,1070.614,164.916
-326.000,1070.513,164.685
-325.973,1070.424,164.454
-325.945,1070.324,164.235
-325.917,1070.235,164.015
-325.890,1070.135,163.817
-325.862,1070.035,163.608
-325.835,1069.935,163.411
-325.807,1069.835,163.224
-325.780,1069.735,163.037
-325.752,1069.646,162.872
-325.715,1069.546,162.697
-325.688,1069.446,162.543
-325.660,1069.346,162.400
-325.623,1069.257,162.268
-325.596,1069.157,162.136
-325.568,1069.056,162.015
-325.541,1068.956,161.906
-325.513,1068.856,161.807
-325.476,1068.767,161.719
-325.439,1068.667,161.642
-325.412,1068.567,161.565
-325.375,1068.467,161.510
-325.347,1068.367,161.455
-325.310,1068.267,161.411
-325.282,1068.167,161.378
-325.255,1068.066,161.345
-325.218,1067.966,161.323
-325.181,1067.866,161.323
-325.153,1067.766,161.312
-325.116,1067.666,161.323
-325.080,1067.555,161.334
-325.043,1067.454,161.356
-325.005,1067.354,161.389
-324.978,1067.254,161.422
-324.941,1067.154,161.455
-324.913,1067.054,161.488
-324.877,1066.943,161.532
-324.840,1066.842,161.576
-324.812,1066.742,161.620
-324.775,1066.642,161.664
-324.738,1066.531,161.708
-324.701,1066.431,161.752
-324.664,1066.331,161.796
-324.637,1066.219,161.840
-324.600,1066.108,161.884
-324.563,1066.008,161.938
-324.535,1065.897,161.982
-324.498,1065.797,162.026
-324.461,1065.685,162.070
-324.425,1065.574,162.103
-324.388,1065.474,162.147
-324.360,1065.363,162.180
-324.323,1065.252,162.213
-324.286,1065.151,162.246
-324.259,1065.040,162.268
-324.222,1064.929,162.301
-324.185,1064.829,162.323
-324.148,1064.718,162.345
-324.121,1064.606,162.367
-324.084,1064.495,162.378
-324.047,1064.384,162.400
-324.010,1064.284,162.411
-323.983,1064.173,162.422
-323.946,1064.061,162.433
-323.909,1063.950,162.444
-323.881,1063.839,162.455
-323.844,1063.728,162.455
-323.808,1063.616,162.466
-323.771,1063.505,162.477
-323.734,1063.394,162.477
-323.697,1063.283,162.488
-323.669,1063.171,162.488
-323.633,1063.049,162.499
-323.596,1062.938,162.499
-323.559,1062.826,162.510
-323.532,1062.715,162.510
-323.495,1062.604,162.521
-323.458,1062.482,162.521
-323.421,1062.370,162.521
-323.384,1062.259,162.532
-323.347,1062.148,162.532
-323.310,1062.026,162.532
-323.273,1061.914,162.532
-323.237,1061.803,162.532
-323.209,1061.681,162.543
-323.172,1061.570,162.543
-323.135,1061.458,162.554
-323.099,1061.336,162.554
-323.062,1061.225,162.554
-323.025,1061.102,162.565
-322.988,1060.991,162.565
-322.951,1060.869,162.576
-322.914,1060.758,162.576
-322.878,1060.635,162.576
-322.841,1060.524,162.576
-322.804,1060.402,162.576
-322.767,1060.290,162.576
-322.730,1060.168,162.576
-322.693,1060.057,162.576
-322.657,1059.934,162.576
-322.620,1059.812,162.576
-322.583,1059.701,162.576
-322.546,1059.578,162.565
-322.509,1059.456,162.565
-322.473,1059.334,162.565
-322.445,1059.223,162.565
-322.399,1059.100,162.565
-322.362,1058.978,162.576
-322.325,1058.855,162.587
-322.288,1058.744,162.598
-322.252,1058.622,162.609
-322.215,1058.499,162.631
-322.178,1058.377,162.653
-322.141,1058.255,162.675
-322.105,1058.132,162.708
-322.068,1058.010,162.740
-322.031,1057.888,162.773
-321.994,1057.765,162.817
-321.957,1057.643,162.861
-321.921,1057.521,162.916
-321.874,1057.398,162.971
-321.838,1057.276,163.037
-321.801,1057.154,163.103
-321.764,1057.031,163.169
-321.727,1056.909,163.235
-321.690,1056.787,163.312
-321.654,1056.664,163.389
-321.617,1056.542,163.466
-321.580,1056.419,163.553
-321.543,1056.286,163.630
-321.507,1056.164,163.718
-321.470,1056.041,163.806
-321.433,1055.919,163.905
-321.396,1055.797,164.004
-321.360,1055.663,164.103
-321.323,1055.541,164.213
-321.286,1055.419,164.323
-321.249,1055.285,164.432
-321.213,1055.163,164.553
-321.186,1055.029,164.674
-321.149,1054.907,164.795
-321.112,1054.774,164.916
-321.075,1054.651,165.037
-321.039,1054.518,165.157
-321.011,1054.396,165.289
-320.975,1054.262,165.410
-320.938,1054.140,165.531
-320.911,1054.007,165.663
-320.874,1053.884,165.795
-320.837,1053.751,165.927
-320.810,1053.617,166.058
-320.774,1053.495,166.190
-320.737,1053.362,166.322
-320.710,1053.228,166.465
-320.683,1053.106,166.597
-320.646,1052.973,166.729
-320.619,1052.850,166.860
-320.582,1052.717,166.992
-320.555,1052.584,167.124
-320.528,1052.450,167.256
-320.491,1052.328,167.388
-320.464,1052.195,167.520
-320.437,1052.061,167.662
-320.410,1051.928,167.794
-320.373,1051.795,167.937
-320.346,1051.661,168.080
-320.319,1051.539,168.212
-320.291,1051.406,168.354
-320.264,1051.272,168.497
-320.237,1051.139,168.640
-320.210,1051.006,168.772
-320.183,1050.872,168.904
-320.156,1050.739,169.036
-320.129,1050.606,169.167
-320.102,1050.472,169.299
-320.074,1050.339,169.431
-320.057,1050.206,169.563
-320.030,1050.084,169.695
-320.002,1049.950,169.816
-319.975,1049.817,169.948
-319.958,1049.684,170.068
-319.931,1049.551,170.189
-319.904,1049.406,170.310
-319.886,1049.273,170.431
-319.859,1049.151,170.563
-319.841,1049.017,170.673
-319.814,1048.884,170.793
-319.796,1048.751,170.903
-319.769,1048.618,171.013
-319.752,1048.484,171.123
-319.725,1048.340,171.222
-319.707,1048.207,171.321
-319.690,1048.074,171.420
-319.672,1047.940,171.519
-319.645,1047.807,171.606
-319.627,1047.674,171.694
-319.600,1047.540,171.771
-319.582,1047.407,171.848
-319.565,1047.274,171.925
-319.547,1047.141,171.991
-319.530,1047.008,172.046
-319.512,1046.874,172.101
-319.495,1046.730,172.156
-319.477,1046.597,172.200
-319.450,1046.463,172.244
-319.432,1046.341,172.277
-319.415,1046.197,172.310
-319.397,1046.064,172.332
-319.380,1045.931,172.365
-319.362,1045.797,172.386
-319.344,1045.664,172.408
-319.327,1045.531,172.430
-319.309,1045.398,172.441
-319.292,1045.253,172.452
-319.274,1045.120,172.474
-319.257,1044.987,172.474
-319.239,1044.854,172.485
-319.221,1044.721,172.485
-319.204,1044.587,172.485
-319.186,1044.454,172.485
-319.169,1044.321,172.485
-319.151,1044.177,172.474
-319.133,1044.043,172.463
-319.125,1043.910,172.463
-319.098,1043.777,172.452
-319.081,1043.644,172.441
-319.063,1043.511,172.419
-319.046,1043.377,172.408
-319.028,1043.244,172.397
-319.010,1043.111,172.386
-318.993,1042.978,172.365
-318.985,1042.833,172.343
-318.967,1042.700,172.321
-318.950,1042.567,172.299
-318.932,1042.434,172.266
-318.905,1042.312,172.244
-318.887,1042.178,172.211
-318.870,1042.034,172.178
-318.862,1041.901,172.145
-318.844,1041.768,172.112
-318.826,1041.634,172.079
-318.809,1041.501,172.046
-318.791,1041.368,172.013
-318.774,1041.235,171.969
-318.747,1041.102,171.925
-318.729,1040.968,171.881
-318.711,1040.835,171.837
-318.694,1040.691,171.793
-318.676,1040.558,171.738
-318.659,1040.424,171.683
-318.641,1040.291,171.628
-318.624,1040.158,171.562
-318.596,1040.025,171.508
-318.579,1039.891,171.442
-318.561,1039.758,171.376
-318.534,1039.625,171.310
-318.516,1039.492,171.233
-318.499,1039.358,171.156
-318.481,1039.225,171.079
-318.464,1039.092,170.991
-318.446,1038.959,170.914
-318.419,1038.825,170.826
-318.401,1038.692,170.739
-318.384,1038.559,170.651
-318.357,1038.426,170.563
-318.339,1038.304,170.475
-318.312,1038.170,170.387
-318.294,1038.037,170.288
-318.277,1037.904,170.200
-318.250,1037.770,170.112
-318.232,1037.637,170.013
-318.205,1037.504,169.926
-318.187,1037.371,169.838
-318.170,1037.237,169.750
-318.142,1037.104,169.651
-318.115,1036.971,169.563
-318.088,1036.837,169.475
-318.061,1036.704,169.376
-318.044,1036.571,169.288
-318.016,1036.438,169.200
-317.999,1036.304,169.113
-317.972,1036.171,169.014
-317.944,1036.049,168.926
-317.927,1035.916,168.838
-317.900,1035.782,168.750
-317.873,1035.649,168.662
-317.845,1035.527,168.574
-317.818,1035.393,168.475
-317.791,1035.260,168.387
-317.773,1035.127,168.300
-317.746,1034.994,168.201
-317.719,1034.860,168.113
-317.692,1034.727,168.025
-317.665,1034.594,167.937
-317.638,1034.460,167.849
-317.601,1034.327,167.772
-317.574,1034.193,167.684
-317.547,1034.060,167.607
-317.520,1033.927,167.531
-317.493,1033.794,167.443
-317.466,1033.660,167.377
-317.438,1033.527,167.300
-317.402,1033.393,167.223
-317.375,1033.260,167.146
-317.347,1033.138,167.069
-317.311,1033.004,167.003
-317.284,1032.871,166.937
-317.257,1032.738,166.860
-317.229,1032.604,166.794
-317.193,1032.471,166.740
-317.166,1032.338,166.674
-317.138,1032.204,166.619
-317.102,1032.071,166.553
-317.075,1031.938,166.509
-317.047,1031.815,166.454
-317.001,1031.671,166.410
-316.974,1031.537,166.355
-316.938,1031.404,166.311
-316.910,1031.271,166.267
-316.874,1031.137,166.223
-316.847,1031.004,166.190
-316.810,1030.871,166.146
-316.783,1030.737,166.113
-316.746,1030.604,166.091
-316.719,1030.470,166.069
-316.673,1030.337,166.047
-316.636,1030.203,166.025
-316.609,1030.070,166.003
-316.573,1029.937,165.981
-316.545,1029.803,165.959
-316.509,1029.670,165.927
-316.482,1029.537,165.894
-316.445,1029.403,165.861
-316.418,1029.259,165.839
-316.381,1029.136,165.806
-316.345,1029.003,165.773
-316.308,1028.870,165.751
-316.281,1028.725,165.718
-316.244,1028.592,165.696
-316.208,1028.458,165.663
-316.180,1028.325,165.652
-316.144,1028.192,165.630
-316.107,1028.058,165.608
-316.071,1027.914,165.586
-316.043,1027.780,165.564
-315.997,1027.647,165.553
-315.961,1027.513,165.531
-315.934,1027.369,165.509
-315.897,1027.236,165.498
-315.860,1027.102,165.476
-315.824,1026.969,165.454
-315.796,1026.835,165.443
-315.760,1026.691,165.432
-315.723,1026.557,165.410
-315.687,1026.424,165.399
-315.650,1026.302,165.388
-315.613,1026.168,165.366
-315.586,1026.035,165.344
-315.549,1025.901,165.322
-315.513,1025.757,165.300
-315.476,1025.624,165.267
-315.449,1025.490,165.245
-315.412,1025.357,165.212
-315.376,1025.223,165.190
-315.339,1025.079,165.157
-315.303,1024.945,165.135
-315.266,1024.801,165.114
-315.229,1024.667,165.081
-315.193,1024.534,165.059
-315.156,1024.390,165.048
-315.120,1024.256,165.026
-315.083,1024.123,165.026
-315.046,1023.989,165.015
-315.019,1023.845,165.004
-314.973,1023.711,164.993
-314.936,1023.578,164.971
-314.900,1023.444,164.949
-314.863,1023.311,164.927
-314.827,1023.166,164.905
-314.799,1023.033,164.883
-314.763,1022.900,164.861
-314.726,1022.755,164.839
-314.690,1022.622,164.817
-314.653,1022.488,164.795
-314.616,1022.355,164.773
-314.570,1022.221,164.762
-314.533,1022.088,164.729
-314.497,1021.955,164.707
-314.460,1021.810,164.685
-314.433,1021.677,164.652
-314.396,1021.543,164.619
-314.360,1021.399,164.586
-314.323,1021.265,164.553
-314.287,1021.132,164.520
-314.241,1020.987,164.487
-314.204,1020.843,164.454
-314.167,1020.709,164.432
-314.131,1020.576,164.399
-314.085,1020.431,164.377
-314.048,1020.298,164.355
-314.011,1020.164,164.333
-313.975,1020.020,164.301
-313.938,1019.887,164.279
-313.902,1019.742,164.257
-313.865,1019.609,164.224
-313.819,1019.486,164.202
-313.782,1019.342,164.169
-313.745,1019.208,164.136
-313.709,1019.075,164.103
-313.672,1018.930,164.081
-313.636,1018.797,164.037
-313.599,1018.663,164.004
-313.553,1018.519,163.971
-313.516,1018.385,163.938
-313.480,1018.252,163.905
-313.433,1018.107,163.872
-313.397,1017.974,163.839
-313.351,1017.829,163.806
-313.314,1017.696,163.773
-313.277,1017.562,163.740
-313.241,1017.418,163.707
-313.195,1017.284,163.674
-313.158,1017.140,163.641
-313.122,1017.006,163.619
-313.075,1016.873,163.586
-313.039,1016.728,163.553
-312.993,1016.595,163.531
-312.956,1016.450,163.499
-312.919,1016.317,163.466
-312.873,1016.183,163.444
-312.837,1016.039,163.411
-312.800,1015.905,163.389
-312.754,1015.772,163.356
-312.717,1015.627,163.323
-312.671,1015.494,163.290
-312.634,1015.360,163.246
-312.588,1015.216,163.213
-312.552,1015.082,163.180
-312.506,1014.938,163.147
-312.469,1014.804,163.114
-312.423,1014.671,163.070
-312.386,1014.526,163.037
-312.340,1014.393,163.004
-312.304,1014.248,162.971
-312.257,1014.115,162.938
-312.211,1013.970,162.916
-312.175,1013.837,162.883
-312.129,1013.692,162.861
-312.092,1013.559,162.828
-312.046,1013.414,162.795
-312.000,1013.280,162.773
-311.963,1013.147,162.740
-311.917,1013.002,162.708
-311.880,1012.869,162.686
-311.834,1012.735,162.642
-311.788,1012.591,162.609
-311.751,1012.457,162.576
-311.705,1012.313,162.543
-311.669,1012.179,162.510
-311.623,1012.035,162.477
-311.576,1011.901,162.444
-311.540,1011.768,162.422
-311.494,1011.623,162.389
-311.447,1011.490,162.367
-311.401,1011.345,162.345
-311.355,1011.200,162.323
-311.309,1011.067,162.301
-311.273,1010.922,162.279
-311.226,1010.789,162.246
-311.180,1010.655,162.224
-311.144,1010.511,162.202
-311.098,1010.377,162.191
-311.051,1010.233,162.169
-311.005,1010.099,162.147
-310.959,1009.954,162.136
-310.913,1009.821,162.114
-310.876,1009.687,162.103
-310.830,1009.543,162.081
-310.784,1009.409,162.059
-310.738,1009.265,162.037
-310.692,1009.131,162.015
-310.655,1008.987,161.993
-310.609,1008.853,161.960
-310.563,1008.708,161.949
-310.517,1008.564,161.927
-310.471,1008.430,161.906
-310.425,1008.286,161.884
-310.379,1008.152,161.873
-310.332,1008.008,161.862
-310.286,1007.874,161.840
-310.240,1007.729,161.829
-310.204,1007.596,161.807
-310.158,1007.451,161.796
-310.111,1007.318,161.774
-310.065,1007.173,161.752
-310.019,1007.040,161.741
-309.973,1006.906,161.719
-309.927,1006.761,161.697
-309.881,1006.628,161.675
-309.835,1006.483,161.664
-309.788,1006.350,161.642
-309.742,1006.205,161.620
-309.696,1006.072,161.609
-309.660,1005.927,161.587
-309.604,1005.782,161.576
-309.558,1005.649,161.554
-309.512,1005.504,161.543
-309.466,1005.360,161.521
-309.419,1005.226,161.510
-309.373,1005.081,161.499
-309.327,1004.948,161.477
-309.281,1004.803,161.466
-309.235,1004.670,161.455
-309.189,1004.525,161.433
-309.143,1004.392,161.422
-309.097,1004.258,161.400
-309.050,1004.114,161.389
-309.004,1003.980,161.367
-308.958,1003.835,161.345
-308.912,1003.702,161.334
-308.866,1003.557,161.312
-308.820,1003.424,161.301
-308.774,1003.279,161.279
-308.727,1003.146,161.268
-308.672,1003.001,161.257
-308.626,1002.856,161.235
-308.580,1002.723,161.224
-308.534,1002.578,161.213
-308.488,1002.433,161.202
-308.441,1002.300,161.180
-308.395,1002.155,161.169
-308.340,1002.022,161.169
-308.293,1001.877,161.158
-308.247,1001.743,161.158
-308.201,1001.599,161.158
-308.155,1001.465,161.158
-308.109,1001.332,161.169
-308.063,1001.187,161.169
-308.017,1001.043,161.169
-307.971,1000.909,161.180
-307.924,1000.764,161.180
-307.869,1000.631,161.191
-307.823,1000.486,161.202
-307.776,1000.353,161.224
-307.730,1000.208,161.235
-307.675,1000.063,161.268
-307.629,999.930,161.290
-307.583,999.785,161.323
-307.536,999.640,161.356
-307.490,999.507,161.389
-307.444,999.362,161.422
-307.398,999.229,161.455
-307.352,999.084,161.488
-307.306,998.951,161.521
-307.250,998.806,161.554
-307.204,998.672,161.576
-307.158,998.528,161.609
-307.112,998.383,161.642
-307.066,998.250,161.675
-307.020,998.105,161.719
-306.973,997.971,161.752
-306.927,997.827,161.785
-306.881,997.682,161.818
-306.835,997.549,161.862
-306.789,997.404,161.895
-306.743,997.259,161.927
-306.697,997.115,161.971
-306.651,996.981,162.004
-306.605,996.837,162.037
-306.559,996.692,162.070
-306.512,996.559,162.103
-306.466,996.414,162.125
-306.420,996.269,162.158
-306.384,996.136,162.180
-306.328,995.991,162.202
-306.282,995.847,162.224
-306.236,995.713,162.246
-306.199,995.568,162.268
-306.153,995.424,162.279
-306.107,995.290,162.301
-306.061,995.146,162.312
-306.015,995.001,162.334
-305.969,994.856,162.345
-305.923,994.723,162.356
-305.876,994.578,162.378
-305.830,994.434,162.389
-305.784,994.289,162.400
-305.738,994.144,162.400
-305.702,994.000,162.411
-305.656,993.866,162.422
-305.610,993.722,162.422
-305.563,993.577,162.433
-305.517,993.433,162.433
-305.471,993.288,162.444
-305.435,993.155,162.455
-305.379,993.010,162.455
-305.343,992.865,162.466
-305.296,992.721,162.466
-305.250,992.587,162.466
-305.204,992.443,162.466
-305.158,992.298,162.466
-305.122,992.153,162.466
-305.076,992.009,162.466
-305.029,991.875,162.466
-304.983,991.731,162.466
-304.928,991.586,162.466
-304.891,991.441,162.466
-304.845,991.297,162.466
-304.799,991.152,162.477
-304.753,991.008,162.477
-304.707,990.863,162.477
-304.670,990.729,162.466
-304.624,990.585,162.466
-304.578,990.440,162.455
-304.532,990.296,162.455
-304.486,990.162,162.444
-304.440,990.017,162.433
-304.394,989.873,162.433
-304.357,989.728,162.422
-304.311,989.584,162.422
-304.265,989.450,162.411
-304.219,989.306,162.400
-304.173,989.161,162.400
-304.136,989.016,162.389
-304.081,988.872,162.378
-304.035,988.727,162.367
-303.998,988.594,162.356
-303.952,988.449,162.345
-303.906,988.304,162.334
-303.860,988.160,162.323
-303.814,988.015,162.312
-303.767,987.882,162.301
-303.721,987.737,162.301
-303.685,987.593,162.290
-303.639,987.448,162.279
-303.583,987.314,162.268
-303.537,987.170,162.257
-303.500,987.025,162.246
-303.454,986.881,162.235
-303.408,986.747,162.224
-303.362,986.602,162.213
-303.316,986.458,162.202
-303.270,986.313,162.202
-303.233,986.180,162.191
-303.187,986.035,162.180
-303.132,985.890,162.169
-303.095,985.757,162.158
-303.049,985.612,162.147
-303.003,985.468,162.147
-302.957,985.334,162.136
-302.911,985.190,162.125
-302.865,985.045,162.114
-302.819,984.900,162.103
-302.782,984.767,162.103
-302.726,984.622,162.092
-302.680,984.478,162.081
-302.634,984.333,162.081
-302.588,984.199,162.070
-302.542,984.055,162.059
-302.496,983.910,162.048
-302.459,983.766,162.037
-302.413,983.632,162.026
-302.367,983.487,162.015
-302.321,983.343,162.004
-302.275,983.209,162.004
-302.229,983.065,161.993
-302.183,982.920,161.982
-302.136,982.787,161.982
-302.090,982.642,161.971
-302.044,982.497,161.960
-301.998,982.364,161.949
-301.952,982.219,161.938
-301.915,982.086,161.938
-301.869,981.941,161.927
-301.814,981.796,161.917
-301.768,981.652,161.917
-301.721,981.518,161.917
-301.675,981.374,161.927
-301.629,981.229,161.927
-301.593,981.096,161.949
-301.547,980.951,161.949
-301.501,980.806,161.971
-301.454,980.673,161.982
-301.408,980.528,161.993
-301.362,980.384,162.015
-301.316,980.239,162.026
-301.270,980.105,162.037
-301.224,979.961,162.048
-301.178,979.816,162.070
-301.132,979.683,162.092
-301.086,979.538,162.103
-301.040,979.393,162.125
-300.993,979.260,162.147
-300.947,979.115,162.158
-300.911,978.971,162.180
-300.855,978.837,162.202
-300.818,978.693,162.213
-300.772,978.548,162.224
-300.726,978.414,162.246
-300.680,978.270,162.257
-300.634,978.125,162.279
-300.588,977.981,162.301
-300.542,977.847,162.323
-300.496,977.702,162.345
-300.450,977.558,162.367
-300.404,977.413,162.389
-300.358,977.269,162.400
-300.311,977.135,162.422
-300.275,976.991,162.433
-300.229,976.846,162.455
-300.183,976.712,162.466
-300.137,976.568,162.477
-300.090,976.423,162.488
-300.054,976.279,162.510
-299.998,976.145,162.521
-299.962,976.000,162.532
-299.916,975.856,162.532
-299.870,975.711,162.543
-299.823,975.578,162.543
-299.777,975.433,162.554
-299.741,975.289,162.565
-299.695,975.144,162.565
-299.648,975.010,162.576
-299.602,974.866,162.576
-299.556,974.721,162.587
-299.510,974.577,162.598
-299.464,974.432,162.609
-299.418,974.287,162.609
-299.382,974.143,162.620
-299.335,974.009,162.620
-299.289,973.865,162.620
-299.243,973.720,162.631
-299.207,973.576,162.631
-299.161,973.431,162.631
-299.114,973.297,162.642
-299.068,973.153,162.642
-299.022,973.008,162.653
-298.976,972.875,162.653
-298.940,972.730,162.664
-298.894,972.585,162.664
-298.847,972.441,162.675
-298.801,972.296,162.675
-298.765,972.163,162.686
-298.719,972.018,162.686
-298.673,971.874,162.686
-298.627,971.729,162.686
-298.581,971.584,162.686
-298.534,971.440,162.686
-298.498,971.306,162.697
-298.452,971.162,162.697
-298.406,971.017,162.708
-298.360,970.872,162.708
-298.323,970.728,162.708
-298.277,970.594,162.719
-298.231,970.450,162.719
-298.185,970.305,162.719
-298.139,970.161,162.719
-298.093,970.016,162.719
-298.056,969.883,162.719
-298.010,969.738,162.719
-297.964,969.593,162.719
-297.927,969.449,162.729
-297.881,969.304,162.729
-297.835,969.171,162.729
-297.789,969.026,162.729
-297.743,968.881,162.740
-297.697,968.748,162.740
-297.660,968.603,162.740
-297.614,968.459,162.751
-297.568,968.314,162.751
-297.531,968.181,162.751
-297.485,968.036,162.751
-297.439,967.891,162.751
-297.403,967.747,162.762
-297.356,967.613,162.762
-297.301,967.469,162.762
-297.264,967.324,162.762
-297.218,967.180,162.773
-297.172,967.035,162.773
-297.126,966.901,162.773
-297.090,966.757,162.784
-297.043,966.612,162.784
-296.997,966.468,162.784
-296.961,966.323,162.784
-296.915,966.190,162.784
-296.869,966.045,162.784
-296.823,965.900,162.795
-296.776,965.756,162.795
-296.740,965.622,162.784
-296.694,965.478,162.784
-296.648,965.333,162.784
-296.611,965.189,162.784
-296.565,965.044,162.784
-296.519,964.910,162.784
-296.482,964.766,162.784
-296.436,964.621,162.795
-296.390,964.488,162.795
-296.344,964.343,162.795
-296.307,964.199,162.795
-296.261,964.054,162.806
-296.215,963.920,162.806
-296.179,963.776,162.806
-296.133,963.631,162.806
-296.087,963.487,162.806
-296.040,963.342,162.806
-295.994,963.197,162.806
-295.958,963.064,162.806
-295.912,962.919,162.806
-295.866,962.775,162.817
-295.820,962.630,162.817
-295.783,962.486,162.828
-295.737,962.352,162.828
-295.691,962.208,162.828
-295.654,962.063,162.828
-295.608,961.918,162.828
-295.562,961.774,162.828
-295.516,961.640,162.828
-295.479,961.496,162.828
-295.433,961.351,162.817
-295.387,961.206,162.817
-295.351,961.062,162.817
-295.305,960.928,162.828
-295.258,960.784,162.828
-295.212,960.639,162.828
-295.176,960.495,162.828
-295.130,960.350,162.839
-295.084,960.217,162.839
-295.038,960.072,162.839
-295.001,959.927,162.839
-294.955,959.783,162.839
-294.909,959.638,162.839
-294.872,959.505,162.839
-294.826,959.360,162.839
-294.780,959.215,162.850
-294.734,959.071,162.850
-294.688,958.926,162.850
-294.651,958.793,162.850
-294.605,958.648,162.861
-294.559,958.504,162.861
-294.523,958.359,162.861
-294.477,958.214,162.861
-294.430,958.081,162.861
-294.394,957.936,162.850
-294.348,957.792,162.861
-294.302,957.647,162.861
-294.255,957.514,162.861
-294.219,957.369,162.861
-294.173,957.225,162.861
-294.127,957.080,162.872
-294.090,956.946,162.872
-294.044,956.802,162.872
-293.998,956.657,162.872
-293.961,956.513,162.883
-293.915,956.379,162.883
-293.869,956.235,162.883
-293.823,956.090,162.883
-293.787,955.945,162.883
-293.741,955.801,162.894
-293.694,955.667,162.894
-293.658,955.523,162.894
-293.612,955.378,162.905
-293.566,955.234,162.905
-293.520,955.089,162.905
-293.483,954.944,162.905
-293.437,954.811,162.916
-293.391,954.666,162.916
-293.345,954.522,162.927
-293.299,954.377,162.927
-293.262,954.232,162.938
-293.216,954.099,162.938
-293.179,953.954,162.949
-293.133,953.810,162.949
-293.087,953.665,162.949
-293.051,953.532,162.949
-293.005,953.387,162.949
-292.958,953.254,162.949
-292.922,953.109,162.949
-292.876,952.965,162.949
-292.830,952.820,162.960
-292.793,952.686,162.960
-292.747,952.542,162.960
-292.701,952.397,162.971
-292.664,952.253,162.971
-292.618,952.108,162.982
-292.572,951.963,162.982
-292.536,951.830,162.982
-292.490,951.685,162.982
-292.443,951.541,162.982
-292.407,951.396,162.982
-292.361,951.263,162.982
-292.315,951.118,162.982
-292.278,950.974,162.993
-292.232,950.829,162.993
-292.195,950.696,162.993
-292.149,950.551,162.993
-292.103,950.406,163.004
-292.057,950.273,163.004
-292.021,950.128,162.993
-291.975,949.984,162.993
-291.928,949.839,162.993
-291.892,949.695,162.993
-291.846,949.550,162.993
-291.800,949.416,163.004
-291.763,949.272,163.004
-291.717,949.127,163.004
-291.671,948.983,163.015
-291.625,948.838,163.015
-291.579,948.693,163.026
-291.542,948.549,163.026
-291.496,948.415,163.037
-291.450,948.271,163.037
-291.414,948.126,163.026
-291.367,947.982,163.026
-291.331,947.837,163.015
-291.285,947.704,163.015
-291.239,947.559,163.015
-291.202,947.414,163.004
-291.156,947.281,163.004
-291.110,947.136,162.993
-291.073,946.992,162.993
-291.027,946.847,162.993
-290.981,946.703,162.982
-290.945,946.569,162.982
-290.898,946.424,162.982
-290.852,946.280,162.982
-290.806,946.135,162.971
-290.770,945.991,162.971
-290.724,945.846,162.971
-290.678,945.702,162.971
-290.641,945.557,162.971
-290.595,945.412,162.971
-290.549,945.279,162.971
-290.512,945.134,162.971
-290.466,944.990,162.971
-290.420,944.845,162.960
-290.384,944.712,162.960
-290.337,944.567,162.949
-290.291,944.434,162.949
-290.255,944.289,162.938
-290.209,944.144,162.938
-290.163,944.000,162.927
-290.126,943.866,162.927
-290.080,943.722,162.927
-290.034,943.577,162.916
-289.997,943.433,162.916
-289.951,943.288,162.905
-289.905,943.143,162.905
-289.859,943.010,162.894
-289.822,942.865,162.894
-289.776,942.721,162.883
-289.730,942.576,162.883
-289.694,942.432,162.883
-289.648,942.287,162.883
-289.602,942.153,162.883
-289.555,942.009,162.872
-289.509,941.864,162.872
-289.473,941.720,162.872
-289.427,941.586,162.872
-289.381,941.441,162.861
-289.344,941.297,162.861
-289.298,941.152,162.850
-289.261,941.019,162.839
-289.215,940.874,162.839
-289.169,940.730,162.839
-289.123,940.596,162.828
-289.086,940.452,162.828
-289.040,940.307,162.828
-288.994,940.162,162.817
-288.948,940.018,162.817
-288.912,939.884,162.817
-288.866,939.740,162.806
-288.819,939.595,162.806
-288.783,939.451,162.795
-288.737,939.306,162.795
-288.691,939.161,162.784
-288.645,939.017,162.784
-288.608,938.883,162.784
-288.562,938.739,162.784
-288.516,938.594,162.784
-288.470,938.449,162.773
-288.433,938.316,162.773
-288.387,938.171,162.773
-288.341,938.027,162.773
-288.305,937.882,162.773
-288.258,937.749,162.762
-288.212,937.604,162.762
-288.176,937.460,162.751
-288.130,937.315,162.751
-288.084,937.181,162.740
-288.037,937.037,162.740
-288.001,936.892,162.729
-287.955,936.748,162.729
-287.909,936.614,162.729
-287.872,936.470,162.729
-287.826,936.325,162.729
-287.780,936.180,162.719
-287.734,936.036,162.719
-287.688,935.902,162.719
-287.651,935.758,162.708
-287.605,935.613,162.708
-287.559,935.469,162.708
-287.513,935.324,162.708
-287.476,935.191,162.697
-287.430,935.046,162.697
-287.384,934.901,162.697
-287.338,934.768,162.686
-287.301,934.623,162.686
-287.255,934.479,162.675
-287.209,934.334,162.675
-287.163,934.189,162.664
-287.127,934.056,162.664
-287.081,933.911,162.653
-287.034,933.767,162.653
-286.998,933.622,162.653
-286.952,933.478,162.642
-286.906,933.344,162.642
-286.860,933.199,162.642
-286.814,933.055,162.631
-286.777,932.910,162.631
-286.731,932.777,162.620
-286.685,932.632,162.620
-286.639,932.488,162.609
-286.602,932.343,162.609
-286.556,932.209,162.609
-286.510,932.065,162.598
-286.464,931.920,162.598
-286.418,931.776,162.598
-286.381,931.642,162.587
-286.335,931.498,162.587
-286.289,931.353,162.587
-286.252,931.208,162.576
-286.206,931.075,162.565
-286.160,930.930,162.565
-286.114,930.786,162.554
-286.068,930.641,162.543
-286.022,930.496,162.543
-285.985,930.363,162.543
-285.939,930.218,162.543
-285.893,930.074,162.532
-285.847,929.929,162.532
-285.811,929.785,162.532
-285.764,929.651,162.532
-285.718,929.506,162.521
-285.672,929.362,162.521
-285.636,929.217,162.510
-285.590,929.084,162.499
-285.543,928.939,162.499
-285.497,928.795,162.488
-285.451,928.650,162.477
-285.415,928.517,162.477
-285.369,928.372,162.477
-285.323,928.227,162.477
-285.276,928.083,162.466
-285.240,927.949,162.466
-285.194,927.805,162.455
-285.148,927.660,162.455
-285.102,927.515,162.444
-285.056,927.371,162.433
-285.019,927.237,162.433
-284.973,927.093,162.422
-284.927,926.948,162.411
-284.881,926.804,162.411
-284.844,926.670,162.400
-284.798,926.525,162.400
-284.752,926.381,162.389
-284.706,926.247,162.378
-284.660,926.103,162.378
-284.614,925.958,162.367
-284.568,925.813,162.356
-284.521,925.680,162.345
-284.485,925.535,162.345
-284.439,925.391,162.334
-284.393,925.246,162.323
-284.346,925.113,162.312
-284.300,924.968,162.301
-284.254,924.823,162.301
-284.208,924.679,162.290
-284.172,924.545,162.279
-284.126,924.401,162.268
-284.079,924.256,162.268
-284.033,924.112,162.257
-283.987,923.978,162.246
-283.951,923.833,162.235
-283.905,923.689,162.235
-283.859,923.544,162.224
-283.812,923.411,162.213
-283.766,923.266,162.213
-283.720,923.121,162.202
-283.674,922.977,162.191
-283.638,922.843,162.191
-283.591,922.699,162.180
-283.545,922.554,162.169
-283.499,922.421,162.169
-283.453,922.276,162.158
-283.407,922.131,162.158
-283.361,921.987,162.147
-283.315,921.853,162.147
-283.269,921.709,162.147
-283.232,921.564,162.147
-283.186,921.419,162.136
-283.140,921.286,162.136
-283.094,921.141,162.136
-283.048,920.997,162.136
-283.002,920.852,162.125
-282.956,920.719,162.125
-282.909,920.574,162.114
-282.873,920.429,162.114
-282.827,920.285,162.114
-282.781,920.151,162.114
-282.735,920.007,162.114
-282.689,919.862,162.114
-282.642,919.717,162.114
-282.596,919.584,162.114
-282.560,919.439,162.114
-282.514,919.295,162.114
-282.468,919.150,162.114
-282.421,919.017,162.114
-282.375,918.872,162.114
-282.329,918.727,162.103
-282.283,918.583,162.103
-282.237,918.449,162.103
-282.201,918.305,162.103
-282.154,918.160,162.103
-282.108,918.027,162.103
-282.062,917.882,162.103
-282.016,917.737,162.103
-281.970,917.593,162.103
-281.924,917.459,162.092
-281.878,917.315,162.092
-281.832,917.170,162.081
-281.795,917.025,162.081
-281.749,916.892,162.070
-281.703,916.747,162.059
-281.657,916.603,162.059
-281.611,916.458,162.048
-281.565,916.325,162.048
-281.519,916.180,162.048
-281.472,916.035,162.048
-281.426,915.902,162.037
-281.380,915.757,162.037
-281.334,915.613,162.037
-281.298,915.468,162.037
-281.251,915.334,162.026
-281.205,915.190,162.026
-281.159,915.045,162.015
-281.113,914.901,162.015
-281.067,914.767,162.015
-281.021,914.622,162.004
-280.975,914.478,162.004
-280.929,914.344,161.993
-280.883,914.200,161.993
-280.846,914.055,161.982
-280.800,913.911,161.982
-280.754,913.777,161.971
-280.708,913.632,161.971
-280.662,913.488,161.960
-280.616,913.343,161.960
-280.569,913.210,161.949
-280.523,913.065,161.949
-280.477,912.920,161.938
-280.431,912.787,161.938
-280.385,912.642,161.927
-280.339,912.498,161.917
-280.302,912.353,161.917
-280.247,912.219,161.906
-280.201,912.075,161.895
-280.155,911.930,161.895
-280.118,911.797,161.884
-280.072,911.652,161.884
-280.026,911.508,161.884
-279.980,911.363,161.873
-279.934,911.229,161.873
-279.887,911.085,161.873
-279.841,910.940,161.862
-279.795,910.807,161.862
-279.749,910.662,161.851
-279.703,910.517,161.851
-279.657,910.373,161.840
-279.611,910.239,161.840
-279.565,910.095,161.840
-279.519,909.950,161.840
-279.482,909.817,161.840
-279.436,909.672,161.840
-279.390,909.527,161.840
-279.344,909.383,161.829
-279.298,909.249,161.829
-279.252,909.105,161.829
-279.206,908.960,161.829
-279.159,908.826,161.818
-279.113,908.682,161.818
-279.067,908.537,161.818
-279.021,908.393,161.818
-278.975,908.259,161.818
-278.929,908.114,161.829
-278.883,907.970,161.829
-278.837,907.836,161.829
-278.791,907.692,161.840
-278.744,907.547,161.840
-278.698,907.414,161.840
-278.652,907.269,161.840
-278.606,907.124,161.851
-278.560,906.980,161.851
-278.514,906.846,161.851
-278.468,906.701,161.851
-278.422,906.557,161.862
-278.376,906.412,161.862
-278.330,906.279,161.873
-278.283,906.134,161.884
-278.247,905.990,161.884
-278.201,905.845,161.895
-278.155,905.711,161.906
-278.109,905.567,161.906
-278.063,905.422,161.906
-278.016,905.289,161.917
-277.970,905.144,161.917
-277.924,904.999,161.927
-277.878,904.855,161.938
-277.832,904.721,161.938
-277.786,904.577,161.949
-277.740,904.432,161.949
-277.703,904.299,161.960
-277.657,904.154,161.960
-277.611,904.009,161.971
-277.565,903.876,161.971
-277.519,903.731,161.982
-277.473,903.587,161.982
-277.427,903.442,161.993
-277.381,903.297,162.004
-277.334,903.153,162.004
-277.288,903.019,162.015
-277.242,902.875,162.026
-277.196,902.730,162.026
-277.150,902.596,162.037
-277.113,902.452,162.037
-277.067,902.307,162.048
-277.021,902.163,162.048
-276.975,902.029,162.059
-276.929,901.885,162.059
-276.883,901.740,162.070
-276.837,901.606,162.070
-276.791,901.462,162.081
-276.745,901.317,162.092
-276.708,901.173,162.092
-276.662,901.039,162.103
-276.616,900.895,162.103
-276.570,900.750,162.114
-276.524,900.605,162.125
-276.478,900.461,162.125
-276.431,900.327,162.125
-276.385,900.183,162.136
-276.339,900.038,162.147
-276.303,899.893,162.147
-276.257,899.760,162.158
-276.211,899.615,162.169
-276.164,899.471,162.180
-276.118,899.337,162.191
-276.072,899.192,162.191
-276.026,899.048,162.202
-275.980,898.903,162.213
-275.943,898.770,162.213
-275.897,898.625,162.224
-275.851,898.481,162.224
-275.805,898.336,162.224
-275.759,898.202,162.235
-275.713,898.058,162.235
-275.667,897.913,162.246
-275.630,897.780,162.246
-275.584,897.635,162.257
-275.538,897.490,162.268
-275.492,897.346,162.268
-275.446,897.212,162.279
-275.409,897.068,162.279
-275.363,896.923,162.290
-275.317,896.779,162.290
-275.271,896.645,162.301
-275.225,896.500,162.301
-275.179,896.356,162.301
-275.133,896.211,162.312
-275.096,896.078,162.323
-275.050,895.933,162.323
-275.004,895.789,162.334
-274.958,895.644,162.345
-274.912,895.510,162.345
-274.875,895.366,162.356
-274.829,895.221,162.367
-274.783,895.077,162.367
-274.737,894.943,162.367
-274.691,894.798,162.378
-274.645,894.654,162.378
-274.608,894.509,162.389
-274.562,894.376,162.389
-274.516,894.231,162.389
-274.470,894.087,162.400
-274.433,893.942,162.400
-274.387,893.809,162.411
-274.341,893.664,162.411
-274.295,893.519,162.422
-274.249,893.375,162.422
-274.203,893.241,162.422
-274.166,893.097,162.433
-274.120,892.952,162.433
-274.074,892.807,162.444
-274.028,892.674,162.444
-273.991,892.529,162.455
-273.945,892.385,162.455
-273.899,892.240,162.455
-273.853,892.096,162.455
-273.807,891.962,162.466
-273.770,891.817,162.466
-273.724,891.673,162.466
-273.678,891.528,162.477
-273.632,891.395,162.477
-273.586,891.250,162.488
-273.550,891.106,162.499
-273.503,890.961,162.499
-273.457,890.827,162.510
-273.411,890.683,162.510
-273.375,890.538,162.510
-273.329,890.394,162.521
-273.283,890.249,162.521
-273.236,890.116,162.521
-273.200,889.971,162.532
-273.154,889.826,162.532
-273.108,889.682,162.543
-273.062,889.537,162.543
-273.015,889.404,162.554
-272.969,889.259,162.554
-272.933,889.114,162.565
-272.887,888.970,162.576
-272.841,888.836,162.576
-272.804,888.692,162.576
-272.758,888.547,162.587
-272.712,888.403,162.587
-272.666,888.269,162.587
-272.629,888.125,162.598
-272.583,887.980,162.598
-272.537,887.835,162.609
-272.491,887.691,162.620
-272.454,887.557,162.620
-272.408,887.413,162.631
-272.362,887.268,162.642
-272.316,887.123,162.642
-272.279,886.990,162.653
-272.233,886.845,162.664
-272.187,886.701,162.664
-272.141,886.556,162.675
-272.105,886.412,162.675
-272.059,886.267,162.675
-272.012,886.133,162.686
-271.976,885.989,162.686
-271.930,885.844,162.697
-271.884,885.700,162.697
-271.838,885.555,162.708
-271.801,885.422,162.708
-271.755,885.277,162.708
-271.709,885.132,162.719
-271.663,884.988,162.719
-271.626,884.843,162.719
-271.580,884.710,162.729
-271.534,884.565,162.729
-271.497,884.421,162.740
-271.451,884.276,162.740
-271.405,884.131,162.740
-271.369,883.998,162.751
-271.323,883.853,162.751
-271.277,883.709,162.751
-271.230,883.564,162.762
-271.194,883.431,162.762
-271.148,883.286,162.762
-271.102,883.141,162.773
-271.065,882.997,162.773
-271.019,882.863,162.773
-270.973,882.719,162.773
-270.936,882.574,162.784
-270.890,882.430,162.784
-270.844,882.285,162.784
-270.808,882.152,162.784
-270.762,882.007,162.784
-270.715,881.862,162.795
-270.679,881.718,162.795
-270.633,881.573,162.795
-270.587,881.440,162.795
-270.550,881.295,162.806
-270.504,881.151,162.806
-270.458,881.006,162.817
-270.421,880.873,162.817
-270.375,880.728,162.817
-270.329,880.583,162.828
-270.293,880.439,162.828
-270.247,880.294,162.828
-270.200,880.161,162.828
-270.164,880.016,162.817
-270.118,879.871,162.817
-270.072,879.727,162.817
-270.035,879.593,162.817
-269.989,879.449,162.817
-269.943,879.304,162.817
-269.897,879.160,162.828
-269.860,879.015,162.828
-269.814,878.882,162.828
-269.768,878.737,162.828
-269.732,878.592,162.828
-269.685,878.448,162.828
-269.649,878.303,162.828
-269.603,878.170,162.828
-269.557,878.025,162.828
-269.520,877.881,162.828
-269.474,877.736,162.828
-269.428,877.591,162.828
-269.382,877.458,162.828
-269.345,877.313,162.828
-269.299,877.169,162.828
-269.253,877.024,162.828
-269.217,876.880,162.828
-269.170,876.746,162.828
-269.124,876.601,162.828
-269.088,876.457,162.828
-269.042,876.312,162.828
-268.996,876.168,162.828
-268.959,876.023,162.817
-268.913,875.890,162.817
-268.867,875.745,162.817
-268.830,875.601,162.817
-268.784,875.456,162.828
-268.738,875.322,162.817
-268.692,875.178,162.817
-268.655,875.033,162.817
-268.609,874.889,162.817
-268.563,874.744,162.817
-268.527,874.611,162.817
-268.481,874.466,162.806
-268.435,874.321,162.806
-268.398,874.177,162.806
-268.352,874.032,162.795
-268.306,873.899,162.795
-268.269,873.754,162.795
-268.223,873.610,162.784
-268.177,873.465,162.784
-268.141,873.320,162.784
-268.094,873.187,162.784
-268.048,873.042,162.773
-268.012,872.898,162.773
-267.966,872.753,162.762
-267.920,872.608,162.762
-267.873,872.475,162.762
-267.837,872.330,162.762
-267.791,872.186,162.751
-267.745,872.041,162.751
-267.708,871.897,162.740
-267.662,871.752,162.729
-267.616,871.619,162.729
-267.579,871.474,162.719
-267.533,871.329,162.708
-267.487,871.185,162.708
-267.441,871.040,162.697
-267.405,870.907,162.686
-267.359,870.762,162.686
-267.312,870.618,162.675
-267.276,870.473,162.675
-267.230,870.328,162.664
-267.184,870.195,162.664
-267.147,870.050,162.653
-267.101,869.906,162.642
-267.055,869.761,162.631
-267.009,869.628,162.620
-266.972,869.483,162.609
-266.926,869.338,162.598
-266.880,869.194,162.598
-266.844,869.049,162.587
-266.797,868.916,162.587
-266.751,868.771,162.576
-266.705,868.627,162.565
-266.669,868.482,162.554
-266.623,868.337,162.543
-266.576,868.204,162.532
-266.540,868.059,162.510
-266.494,867.915,162.499
-266.448,867.770,162.477
-266.402,867.626,162.466
-266.365,867.492,162.455
-266.319,867.347,162.433
-266.273,867.203,162.422
-266.227,867.058,162.411
-266.190,866.925,162.389
-266.144,866.780,162.378
-266.098,866.636,162.356
-266.052,866.491,162.334
-266.015,866.346,162.312
-265.969,866.213,162.290
-265.923,866.068,162.268
-265.877,865.924,162.246
-265.831,865.779,162.224
-265.794,865.646,162.213
-265.748,865.501,162.191
-265.702,865.356,162.169
-265.656,865.212,162.147
-265.610,865.078,162.125
-265.564,864.934,162.103
-265.527,864.789,162.081
-265.481,864.644,162.059
-265.435,864.511,162.037
-265.389,864.366,162.015
-265.343,864.222,161.993
-265.306,864.088,161.960
-265.260,863.944,161.938
-265.214,863.799,161.917
-265.168,863.666,161.895
-265.122,863.521,161.873
-265.076,863.376,161.851
-265.030,863.232,161.829
-264.984,863.098,161.807
-264.938,862.953,161.796
-264.901,862.809,161.774
-264.855,862.664,161.752
-264.809,862.531,161.730
-264.763,862.386,161.708
-264.717,862.242,161.686
-264.671,862.097,161.664
-264.624,861.963,161.642
-264.578,861.819,161.631
-264.532,861.674,161.609
-264.486,861.541,161.587
-264.440,861.396,161.565
-264.394,861.251,161.543
-264.348,861.118,161.521
-264.302,860.973,161.499
-264.256,860.829,161.477
-264.209,860.695,161.455
-264.163,860.551,161.433
-264.117,860.406,161.422
-264.071,860.261,161.400
-264.025,860.128,161.378
-263.979,859.983,161.356
-263.933,859.839,161.334
-263.887,859.705,161.312
-263.841,859.560,161.290
-263.795,859.416,161.279
-263.748,859.282,161.257
-263.702,859.138,161.246
-263.656,858.993,161.224
-263.610,858.859,161.213
-263.564,858.715,161.202
-263.518,858.570,161.180
-263.472,858.437,161.169
-263.426,858.292,161.158
-263.380,858.147,161.136
-263.333,858.014,161.125
-263.287,857.869,161.104
-263.232,857.725,161.093
-263.186,857.591,161.082
-263.139,857.446,161.071
-263.093,857.302,161.071
-263.047,857.168,161.060
-263.001,857.024,161.060
-262.955,856.879,161.049
-262.899,856.745,161.049
-262.853,856.601,161.049
-262.807,856.456,161.049
-262.761,856.323,161.049
-262.715,856.178,161.049
-262.669,856.033,161.049
-262.623,855.900,161.038
-262.577,855.755,161.038
-262.531,855.611,161.038
-262.475,855.477,161.038
-262.429,855.332,161.027
-262.383,855.199,161.027
-262.337,855.054,161.027
-262.290,854.910,161.027
-262.244,854.776,161.027
-262.198,854.631,161.038
-262.152,854.487,161.038
-262.106,854.353,161.038
-262.050,854.209,161.038
-262.004,854.064,161.038
-261.958,853.930,161.027
-261.912,853.786,161.027
-261.866,853.641,161.027
-261.820,853.508,161.027
-261.774,853.363,161.016
-261.728,853.218,161.016
-261.672,853.085,161.016
-261.626,852.940,161.016
-261.580,852.796,161.005
-261.534,852.662,161.005
-261.488,852.517,161.005
-261.441,852.373,161.005
-261.386,852.239,161.005
-261.340,852.094,160.994
-261.294,851.950,160.994
-261.247,851.816,160.994
-261.201,851.672,160.994
-261.155,851.527,160.983
-261.109,851.394,160.983
-261.063,851.249,160.972
-261.007,851.115,160.972
-260.961,850.971,160.961
-260.915,850.826,160.961
-260.869,850.693,160.950
-260.823,850.548,160.950
-260.777,850.403,160.950
-260.731,850.259,160.939
-260.675,850.125,160.939
-260.629,849.980,160.928
-260.583,849.836,160.928
-260.537,849.702,160.928
-260.491,849.558,160.917
-260.435,849.413,160.906
-260.389,849.268,160.906
-260.343,849.135,160.895
-260.297,848.990,160.895
-260.251,848.846,160.884
-260.204,848.712,160.884
-260.149,848.567,160.884
-260.103,848.434,160.873
-260.057,848.289,160.873
-260.011,848.145,160.873
-259.964,848.011,160.873
-259.918,847.866,160.862
-259.863,847.722,160.862
-259.816,847.588,160.862
-259.770,847.444,160.862
-259.724,847.299,160.851
-259.678,847.165,160.851
-259.623,847.021,160.851
-259.576,846.876,160.851
-259.530,846.742,160.851
-259.484,846.598,160.862
-259.438,846.453,160.862
-259.383,846.309,160.862
-259.336,846.175,160.862
-259.290,846.030,160.873
-259.244,845.886,160.873
-259.198,845.752,160.873
-259.152,845.608,160.873
-259.096,845.474,160.873
-259.050,845.329,160.873
-259.004,845.185,160.873
-258.958,845.051,160.873
-258.912,844.907,160.873
-258.866,844.773,160.884
-258.820,844.628,160.884
-258.764,844.484,160.884
-258.718,844.350,160.884
-258.672,844.206,160.895
-258.626,844.061,160.895
-258.580,843.916,160.895
-258.524,843.783,160.895
-258.478,843.638,160.895
-258.432,843.493,160.906
-258.386,843.360,160.906
-258.339,843.215,160.906
-258.293,843.071,160.917
-258.238,842.937,160.917
-258.192,842.792,160.928
-258.145,842.659,160.928
-258.099,842.514,160.939
-258.053,842.370,160.950
-258.007,842.236,160.950
-257.952,842.091,160.961
-257.905,841.947,160.972
-257.859,841.813,160.972
-257.813,841.669,160.983
-257.767,841.524,160.994
-257.721,841.390,161.005
-257.665,841.246,161.016
-257.619,841.101,161.027
-257.573,840.968,161.038
-257.527,840.823,161.060
-257.481,840.678,161.071
-257.435,840.545,161.093
-257.389,840.400,161.104
-257.333,840.255,161.125
-257.287,840.122,161.136
-257.241,839.977,161.158
-257.195,839.833,161.169
-257.149,839.699,161.191
-257.102,839.555,161.202
-257.056,839.410,161.224
-257.010,839.276,161.235
-256.964,839.132,161.246
-256.918,838.987,161.268
-256.872,838.854,161.279
-256.826,838.709,161.301
-256.770,838.564,161.312
-256.724,838.431,161.334
-256.678,838.286,161.356
-256.632,838.142,161.378
-256.586,838.008,161.400
-256.540,837.863,161.422
-256.494,837.719,161.444
-256.447,837.585,161.466
-256.401,837.441,161.477
-256.355,837.296,161.499
-256.309,837.151,161.521
-256.263,837.018,161.543
-256.217,836.873,161.565
-256.171,836.740,161.598
-256.125,836.595,161.620
-256.079,836.450,161.642
-256.033,836.306,161.675
-255.986,836.172,161.697
-255.940,836.028,161.719
-255.894,835.883,161.741
-255.848,835.738,161.774
-255.802,835.605,161.796
-255.756,835.460,161.818
-255.710,835.316,161.851
-255.664,835.182,161.873
-255.618,835.038,161.895
-255.571,834.893,161.927
-255.525,834.748,161.960
-255.489,834.615,161.993
-255.443,834.470,162.015
-255.397,834.326,162.048
-255.351,834.181,162.070
-255.304,834.047,162.103
-255.258,833.903,162.125
-255.212,833.758,162.158
-255.166,833.614,162.180
-255.120,833.480,162.213
-255.083,833.336,162.235
-255.037,833.191,162.257
-254.991,833.046,162.290
-254.945,832.913,162.312
-254.899,832.768,162.345
-254.853,832.624,162.378
-254.807,832.479,162.400
-254.770,832.334,162.433
-254.724,832.201,162.466
-254.678,832.056,162.488
-254.632,831.912,162.510
-254.596,831.767,162.543
-254.549,831.634,162.565
-254.503,831.489,162.598
-254.467,831.344,162.620
-254.421,831.200,162.653
-254.374,831.066,162.675
-254.328,830.922,162.708
-254.292,830.777,162.729
-254.246,830.633,162.751
-254.200,830.499,162.784
-254.163,830.355,162.806
-254.117,830.210,162.828
-254.071,830.065,162.861
-254.025,829.921,162.883
-253.988,829.776,162.905
-253.942,829.643,162.927
-253.896,829.498,162.949
-253.860,829.353,162.971
-253.813,829.209,162.993
-253.767,829.064,163.004
-253.731,828.920,163.026
-253.685,828.786,163.048
-253.639,828.642,163.059
-253.602,828.497,163.081
-253.556,828.352,163.092
-253.519,828.219,163.103
-253.473,828.074,163.114
-253.437,827.930,163.125
-253.391,827.785,163.136
-253.345,827.641,163.147
-253.308,827.507,163.158
-253.262,827.363,163.158
-253.225,827.218,163.169
-253.179,827.073,163.169
-253.143,826.929,163.180
-253.097,826.795,163.191
-253.060,826.651,163.191
-253.014,826.506,163.202
-252.968,826.362,163.213
-252.931,826.217,163.213
-252.885,826.073,163.224
-252.849,825.928,163.235
-252.803,825.795,163.235
-252.756,825.650,163.235
-252.720,825.505,163.246
-252.674,825.361,163.246
-252.637,825.216,163.246
-252.591,825.072,163.246
-252.555,824.938,163.246
-252.509,824.794,163.246
-252.472,824.649,163.246
-252.426,824.504,163.246
-252.380,824.360,163.246
-252.343,824.226,163.246
-252.297,824.082,163.246
-252.261,823.937,163.257
-252.215,823.793,163.257
-252.178,823.648,163.257
-252.132,823.504,163.257
-252.095,823.370,163.257
-252.049,823.225,163.257
-252.013,823.081,163.257
-251.967,822.936,163.257
-251.930,822.792,163.246
-251.884,822.658,163.246
-251.847,822.514,163.246
-251.801,822.369,163.246
-251.765,822.225,163.246
-251.719,822.080,163.235
-251.672,821.947,163.235
-251.636,821.802,163.235
-251.590,821.657,163.224
-251.553,821.513,163.224
-251.507,821.368,163.224
-251.461,821.224,163.224
-251.425,821.079,163.224
-251.379,820.935,163.213
-251.342,820.801,163.213
-251.296,820.656,163.213
-251.259,820.512,163.213
-251.213,820.367,163.213
-251.177,820.223,163.213
-251.131,820.089,163.213
-251.084,819.945,163.213
-251.048,819.800,163.202
-251.002,819.656,163.202
-250.965,819.522,163.202
-250.919,819.377,163.202
-250.883,819.233,163.191
-250.837,819.088,163.191
-250.800,818.944,163.180
-250.754,818.799,163.169
-250.708,818.655,163.169
-250.671,818.521,163.158
-250.625,818.377,163.158
-250.589,818.232,163.158
-250.543,818.087,163.158
-250.506,817.943,163.147
-250.460,817.798,163.147
-250.414,817.665,163.147
-250.377,817.520,163.136
-250.331,817.376,163.136
-250.295,817.231,163.125
-250.249,817.087,163.114
-250.212,816.942,163.114
-250.166,816.808,163.103
-250.129,816.664,163.092
-250.083,816.519,163.081
-250.037,816.375,163.070
-250.001,816.230,163.059
-249.955,816.086,163.048
-249.918,815.941,163.048
-249.872,815.796,163.048
-249.826,815.663,163.048
-249.789,815.518,163.037
-249.743,815.374,163.037
-249.697,815.229,163.037
-249.661,815.085,163.026
-249.614,814.951,163.026
-249.578,814.807,163.015
-249.532,814.662,163.004
-249.495,814.517,163.004
-249.449,814.384,162.993
-249.412,814.239,162.982
-249.366,814.095,162.982
-249.320,813.950,162.971
-249.284,813.817,162.971
-249.238,813.672,162.960
-249.201,813.528,162.960
-249.155,813.383,162.949
-249.109,813.238,162.938
-249.072,813.105,162.938
-249.026,812.949,162.927
-248.980,812.816,162.916
-248.944,812.671,162.916
-248.898,812.527,162.916
-248.851,812.382,162.905
-248.815,812.237,162.905
-248.769,812.093,162.905
-248.732,811.948,162.905
-248.686,811.815,162.905
-248.640,811.670,162.905
-248.604,811.526,162.905
-248.557,811.392,162.905
-248.521,811.248,162.905
-248.475,811.103,162.894
-248.438,810.970,162.894
-248.392,810.825,162.894
-248.346,810.680,162.894
-248.309,810.536,162.883
-248.263,810.391,162.883
-248.227,810.258,162.894
-248.181,810.113,162.894
-248.135,809.969,162.894
-248.088,809.824,162.894
-248.052,809.679,162.905
-248.006,809.535,162.916
-247.960,809.390,162.916
-247.923,809.257,162.927
-247.877,809.112,162.938
-247.831,808.968,162.938
-247.794,808.823,162.949
-247.748,808.678,162.949
-247.712,808.545,162.960
-247.666,808.400,162.960
-247.620,808.256,162.960
-247.583,808.111,162.971
-247.537,807.978,162.971
-247.500,807.833,162.982
-247.454,807.689,162.982
-247.408,807.544,162.993
-247.372,807.399,162.993
-247.326,807.255,163.004
-247.289,807.121,163.004
-247.243,806.977,163.015
-247.197,806.832,163.015
-247.160,806.688,163.015
-247.114,806.543,163.026
-247.068,806.398,163.026
-247.031,806.265,163.037
-246.985,806.120,163.037
-246.949,805.976,163.037
-246.903,805.831,163.048
-246.857,805.698,163.048
-246.820,805.553,163.059
-246.774,805.409,163.059
-246.737,805.264,163.070
-246.691,805.119,163.070
-246.655,804.986,163.070
-246.609,804.841,163.070
-246.563,804.697,163.070
-246.526,804.552,163.070
-246.480,804.408,163.081
-246.443,804.263,163.081
-246.397,804.130,163.081
-246.351,803.985,163.092
-246.315,803.840,163.092
-246.269,803.696,163.092
-246.232,803.551,163.103
-246.186,803.407,163.103
-246.140,803.273,163.114
-246.103,803.129,163.114
-246.057,802.984,163.114
-246.021,802.840,163.114
-245.974,802.706,163.114
-245.938,802.561,163.114
-245.892,802.417,163.114
-245.855,802.272,163.114
-245.809,802.128,163.114
-245.763,801.994,163.114
-245.727,801.850,163.114
-245.680,801.705,163.125
-245.644,801.561,163.125
-245.598,801.416,163.125
-245.552,801.271,163.125
-245.515,801.127,163.125
-245.469,800.993,163.125
-245.433,800.849,163.125
-245.386,800.704,163.125
-245.350,800.560,163.125
-245.304,800.415,163.125
-245.258,800.281,163.125
-245.221,800.137,163.125
-245.175,799.992,163.125
-245.139,799.848,163.114
-245.092,799.703,163.114
-245.056,799.559,163.114
-245.010,799.425,163.114
-244.964,799.281,163.114
-244.927,799.136,163.114
-244.881,798.991,163.114
-244.844,798.847,163.114
-244.798,798.702,163.114
-244.762,798.558,163.114
-244.716,798.424,163.103
-244.679,798.280,163.103
-244.633,798.135,163.103
-244.587,797.991,163.103
-244.550,797.846,163.103
-244.504,797.712,163.092
-244.468,797.568,163.092
-244.422,797.423,163.092
-244.376,797.279,163.092
-244.339,797.134,163.092
-244.293,796.990,163.092
-244.256,796.856,163.081
-244.210,796.712,163.081
-244.174,796.567,163.081
-244.128,796.422,163.070
-244.082,796.278,163.070
-244.045,796.133,163.070
-243.999,796.000,163.059
-243.953,795.855,163.059
-243.916,795.711,163.059
-243.870,795.566,163.059
-243.834,795.421,163.048
-243.787,795.288,163.048
-243.751,795.143,163.048
-243.705,794.999,163.048
-243.659,794.854,163.037
-243.622,794.710,163.037
-243.576,794.565,163.026
-243.540,794.432,163.015
-243.493,794.287,163.015
-243.457,794.143,163.004
-243.411,793.998,163.004
-243.365,793.853,163.004
-243.328,793.720,163.004
-243.282,793.575,162.993
-243.246,793.431,162.993
-243.199,793.286,162.993
-243.163,793.142,162.982
-243.117,793.008,162.971
-243.071,792.863,162.971
-243.034,792.719,162.960
-242.988,792.574,162.960
-242.952,792.430,162.949
-242.905,792.296,162.938
-242.859,792.152,162.938
-242.823,792.007,162.927
-242.777,791.863,162.927
-242.731,791.718,162.916
-242.694,791.573,162.916
-242.648,791.440,162.905
-242.602,791.295,162.905
-242.565,791.151,162.894
-242.519,791.006,162.894
-242.483,790.862,162.883
-242.436,790.728,162.872
-242.400,790.584,162.872
-242.354,790.439,162.861
-242.308,790.294,162.850
-242.271,790.150,162.850
-242.225,790.016,162.839
-242.179,789.872,162.828
-242.142,789.727,162.817
-242.096,789.583,162.817
-242.050,789.438,162.806
-242.014,789.304,162.795
-241.968,789.160,162.795
-241.931,789.015,162.784
-241.885,788.871,162.784
-241.839,788.726,162.773
-241.802,788.593,162.773
-241.756,788.448,162.762
-241.710,788.303,162.751
-241.674,788.159,162.751
-241.628,788.014,162.740
-241.581,787.881,162.729
-241.545,787.736,162.719
-241.499,787.592,162.719
-241.462,787.447,162.708
-241.416,787.303,162.697
-241.370,787.169,162.686
-241.324,787.024,162.686
-241.287,786.880,162.675
-241.241,786.735,162.675
-241.195,786.591,162.664
-241.159,786.457,162.664
-241.112,786.313,162.653
-241.066,786.168,162.642
-241.030,786.023,162.631
-240.984,785.890,162.620
-240.938,785.745,162.609
-240.901,785.601,162.609
-240.855,785.456,162.598
-240.809,785.323,162.598
-240.772,785.178,162.587
-240.726,785.033,162.576
-240.680,784.889,162.576
-240.644,784.744,162.565
-240.597,784.611,162.554
-240.551,784.466,162.554
-240.505,784.322,162.543
-240.469,784.177,162.532
-240.423,784.032,162.521
-240.376,783.899,162.510
-240.330,783.754,162.510
-240.294,783.610,162.499
-240.248,783.465,162.499
-240.202,783.321,162.488
-240.165,783.187,162.488
-240.119,783.043,162.477
-240.073,782.898,162.477
-240.027,782.753,162.466
-239.990,782.620,162.455
-239.944,782.475,162.455
-239.898,782.331,162.444
-239.852,782.186,162.433
-239.815,782.053,162.422
-239.769,781.908,162.411
-239.723,781.763,162.411
-239.677,781.619,162.400
-239.631,781.474,162.389
-239.594,781.341,162.389
-239.548,781.196,162.378
-239.502,781.051,162.378
-239.456,780.907,162.367
-239.420,780.762,162.356
-239.373,780.629,162.356
-239.327,780.484,162.345
-239.291,780.340,162.334
-239.245,780.195,162.323
-239.199,780.061,162.312
-239.153,779.917,162.312
-239.116,779.772,162.301
-239.070,779.628,162.290
-239.024,779.494,162.279
-238.978,779.350,162.268
-238.941,779.205,162.257
-238.895,779.060,162.246
-238.849,778.927,162.235
-238.803,778.782,162.224
-238.757,778.638,162.213
-238.720,778.493,162.202
-238.674,778.349,162.191
-238.628,778.215,162.180
-238.582,778.070,162.169
-238.536,777.926,162.147
-238.499,777.781,162.136
-238.453,777.648,162.125
-238.407,777.503,162.114
-238.361,777.359,162.103
-238.315,777.225,162.092
-238.278,777.080,162.081
-238.232,776.936,162.070
-238.186,776.791,162.048
-238.140,776.658,162.037
-238.094,776.513,162.026
-238.057,776.369,162.015
-238.011,776.224,162.004
-237.965,776.090,161.982
-237.919,775.946,161.971
-237.873,775.801,161.960
-237.827,775.657,161.938
-237.781,775.512,161.927
-237.744,775.379,161.917
-237.698,775.234,161.906
-237.652,775.089,161.895
-237.606,774.956,161.895
-237.560,774.811,161.884
-237.514,774.667,161.873
-237.468,774.522,161.862
-237.431,774.388,161.840
-237.385,774.244,161.829
-237.339,774.099,161.807
-237.293,773.966,161.796
-237.247,773.821,161.774
-237.200,773.676,161.763
-237.154,773.532,161.752
-237.108,773.398,161.730
-237.072,773.254,161.719
-237.026,773.109,161.708
-236.970,772.964,161.697
-236.933,772.820,161.686
-236.887,772.686,161.664
-236.841,772.542,161.653
-236.795,772.397,161.642
-236.749,772.253,161.631
-236.703,772.119,161.609
-236.657,771.974,161.598
-236.611,771.830,161.587
-236.565,771.696,161.576
-236.518,771.552,161.554
-236.472,771.407,161.554
-236.426,771.273,161.543
-236.380,771.129,161.532
-236.334,770.984,161.510
-236.288,770.851,161.499
-236.242,770.706,161.488
-236.196,770.561,161.466
-236.150,770.417,161.455
-236.103,770.283,161.444
-236.057,770.139,161.433
-236.011,769.994,161.422
-235.965,769.849,161.411
-235.919,769.716,161.389
-235.873,769.571,161.378
-235.827,769.427,161.367
-235.781,769.293,161.356
-235.735,769.149,161.356
-235.689,769.004,161.334
-235.642,768.870,161.323
-235.596,768.726,161.312
-235.550,768.581,161.301
-235.504,768.437,161.290
-235.458,768.303,161.279
-235.412,768.158,161.268
-235.366,768.014,161.257
-235.320,767.880,161.246
-235.274,767.736,161.235
-235.228,767.591,161.235
-235.181,767.457,161.224
-235.135,767.313,161.213
-235.089,767.168,161.202
-235.043,767.035,161.191
-234.997,766.890,161.191
-234.951,766.745,161.180
-234.905,766.612,161.169
-234.859,766.467,161.158
-234.813,766.323,161.158
-234.766,766.189,161.147
-234.720,766.045,161.136
-234.674,765.900,161.125
-234.619,765.766,161.125
-234.572,765.622,161.115
-234.526,765.477,161.104
-234.480,765.344,161.104
-234.434,765.199,161.104
-234.388,765.054,161.104
-234.342,764.921,161.093
-234.296,764.776,161.093
-234.250,764.632,161.093
-234.204,764.487,161.104
-234.157,764.353,161.104
-234.111,764.209,161.104
-234.065,764.064,161.104
-234.010,763.930,161.093
-233.964,763.786,161.104
-233.917,763.641,161.104
-233.871,763.508,161.104
-233.825,763.363,161.104
-233.779,763.218,161.104
-233.733,763.085,161.115
-233.687,762.940,161.125
-233.641,762.796,161.125
-233.585,762.662,161.136
-233.539,762.517,161.136
-233.493,762.373,161.147
-233.447,762.239,161.147
-233.401,762.095,161.147
-233.355,761.950,161.147
-233.308,761.817,161.158
-233.262,761.672,161.158
-233.216,761.527,161.169
-233.170,761.394,161.169
-233.124,761.249,161.180
-233.078,761.105,161.191
-233.032,760.960,161.191
-232.986,760.826,161.202
-232.940,760.682,161.202
-232.894,760.537,161.213
-232.847,760.404,161.213
-232.792,760.259,161.224
-232.746,760.114,161.224
-232.700,759.970,161.235
-232.653,759.836,161.235
-232.607,759.692,161.246
-232.561,759.547,161.257
-232.515,759.402,161.268
-232.469,759.269,161.268
-232.423,759.124,161.279
-232.377,758.979,161.290
-232.331,758.846,161.290
-232.285,758.701,161.301
-232.239,758.557,161.312
-232.192,758.423,161.323
-232.146,758.279,161.334
-232.100,758.134,161.334
-232.054,758.000,161.345
-231.998,757.856,161.356
-231.952,757.711,161.367
-231.906,757.566,161.378
-231.860,757.433,161.389
-231.814,757.288,161.400
-231.768,757.144,161.400
-231.722,757.010,161.411
-231.676,756.866,161.422
-231.630,756.721,161.433
-231.584,756.587,161.444
-231.537,756.443,161.455
-231.491,756.298,161.466
-231.445,756.154,161.477
-231.399,756.020,161.488
-231.353,755.875,161.499
-231.307,755.731,161.510
-231.261,755.597,161.510
-231.215,755.453,161.521
-231.169,755.308,161.532
-231.123,755.163,161.543
-231.076,755.030,161.554
-231.030,754.885,161.565
-230.984,754.741,161.565
-230.938,754.596,161.587
-230.892,754.462,161.598
-230.846,754.318,161.609
-230.800,754.173,161.620
-230.754,754.040,161.631
-230.708,753.895,161.642
-230.662,753.750,161.642
-230.615,753.606,161.653
-230.569,753.472,161.653
-230.533,753.328,161.664
-230.487,753.183,161.675
-230.440,753.050,161.686
-230.394,752.905,161.697
-230.348,752.760,161.708
-230.302,752.627,161.719
-230.256,752.482,161.730
-230.210,752.338,161.730
-230.164,752.193,161.741
-230.118,752.059,161.752
-230.072,751.915,161.752
-230.035,751.770,161.763
-229.989,751.626,161.774
-229.943,751.492,161.774
-229.897,751.348,161.785
-229.851,751.203,161.796
-229.805,751.058,161.807
-229.758,750.925,161.818
-229.712,750.780,161.829
-229.666,750.636,161.829
-229.620,750.502,161.840
-229.584,750.358,161.851
-229.538,750.213,161.851
-229.491,750.068,161.862
-229.445,749.935,161.873
-229.399,749.790,161.873
-229.353,749.646,161.884
-229.307,749.501,161.895
-229.261,749.367,161.906
-229.224,749.223,161.906
-229.178,749.078,161.917
-229.132,748.934,161.927
-229.086,748.800,161.927
-229.040,748.655,161.938
-228.994,748.511,161.938
-228.948,748.377,161.949
-228.902,748.233,161.949
-228.865,748.088,161.960
-228.819,747.944,161.960
-228.773,747.810,161.971
-228.727,747.665,161.971
-228.681,747.521,161.982
-228.635,747.376,161.982
-228.588,747.243,161.993
-228.552,747.098,161.993
-228.506,746.954,162.004
-228.460,746.809,162.015
-228.414,746.675,162.015
-228.367,746.531,162.026
-228.321,746.386,162.037
-228.275,746.242,162.037
-228.239,746.108,162.048
-228.193,745.963,162.059
-228.147,745.819,162.070
-228.100,745.674,162.070
-228.054,745.530,162.081
-228.008,745.396,162.081
-227.972,745.252,162.081
-227.926,745.107,162.081
-227.880,744.962,162.092
-227.833,744.829,162.092
-227.787,744.684,162.103
-227.741,744.540,162.103
-227.705,744.395,162.114
-227.659,744.250,162.125
-227.612,744.117,162.125
-227.566,743.972,162.136
-227.520,743.828,162.136
-227.474,743.683,162.136
-227.438,743.550,162.136
-227.391,743.405,162.136
-227.345,743.260,162.136
-227.299,743.127,162.136
-227.263,742.982,162.136
-227.217,742.838,162.136
-227.171,742.693,162.147
-227.124,742.560,162.147
-227.078,742.415,162.147
-227.042,742.270,162.147
-226.996,742.126,162.147
-226.950,741.981,162.147
-226.903,741.848,162.147
-226.857,741.703,162.147
-226.811,741.558,162.136
-226.775,741.414,162.136
-226.729,741.280,162.136
-226.682,741.136,162.136
-226.636,740.991,162.136
-226.590,740.847,162.136
-226.554,740.713,162.136
-226.508,740.569,162.136
-226.462,740.424,162.136
-226.415,740.290,162.125
-226.369,740.146,162.125
-226.333,740.001,162.125
-226.287,739.857,162.125
-226.241,739.723,162.114
-226.194,739.578,162.114
-226.148,739.434,162.114
-226.102,739.289,162.114
-226.066,739.156,162.103
-226.020,739.011,162.103
-225.974,738.867,162.103
-225.927,738.733,162.092
-225.881,738.588,162.092
-225.845,738.444,162.081
-225.799,738.299,162.081
-225.752,738.166,162.081
-225.706,738.021,162.070
-225.660,737.877,162.070
-225.614,737.732,162.070
-225.578,737.587,162.059
-225.532,737.454,162.059
-225.485,737.309,162.059
-225.439,737.165,162.059
-225.393,737.020,162.048
-225.347,736.886,162.048
-225.311,736.742,162.048
-225.265,736.597,162.037
-225.218,736.453,162.037
-225.172,736.319,162.037
-225.126,736.175,162.037
-225.090,736.030,162.037
-225.043,735.897,162.026
-224.997,735.752,162.026
-224.951,735.607,162.015
-224.905,735.463,162.015
-224.859,735.329,162.004
-224.823,735.185,161.993
-224.776,735.040,161.993
-224.730,734.895,161.982
-224.684,734.751,161.982
-224.638,734.606,161.971
-224.592,734.473,161.971
-224.546,734.328,161.971
-224.500,734.183,161.971
-224.454,734.039,161.971
-224.408,733.905,161.960
-224.371,733.761,161.960
-224.325,733.616,161.949
-224.279,733.483,161.949
-224.233,733.338,161.938
-224.196,733.193,161.927
-224.150,733.049,161.917
-224.104,732.915,161.906
-224.058,732.771,161.895
-224.012,732.626,161.884
-223.966,732.493,161.873
-223.920,732.348,161.873
-223.874,732.203,161.862
-223.827,732.059,161.862
-223.781,731.914,161.851
-223.735,731.769,161.851
-223.699,731.636,161.840
-223.653,731.491,161.829
-223.607,731.347,161.829
-223.560,731.202,161.818
-223.514,731.069,161.818
-223.468,730.924,161.807
-223.422,730.779,161.807
-223.376,730.646,161.796
-223.330,730.501,161.785
-223.293,730.357,161.785
-223.247,730.223,161.774
-223.201,730.079,161.763
-223.155,729.934,161.752
-223.109,729.800,161.741
-223.063,729.656,161.730
-223.017,729.511,161.719
-222.971,729.367,161.708
-222.925,729.222,161.708
-222.878,729.088,161.697
-222.832,728.944,161.686
-222.796,728.799,161.675
-222.750,728.655,161.664
-222.703,728.521,161.664
-222.657,728.376,161.653
-222.611,728.232,161.642
-222.565,728.087,161.631
-222.519,727.954,161.631
-222.473,727.809,161.620
-222.427,727.676,161.609
-222.381,727.531,161.609
-222.335,727.386,161.598
-222.298,727.253,161.587
-222.252,727.108,161.576
-222.206,726.964,161.576
-222.160,726.830,161.565
-222.114,726.686,161.554
-222.068,726.541,161.543
-222.021,726.396,161.532
-221.975,726.263,161.521
-221.929,726.118,161.521
-221.883,725.974,161.510
-221.837,725.829,161.499
-221.791,725.695,161.499
-221.745,725.551,161.488
-221.699,725.406,161.477
-221.653,725.273,161.466
-221.606,725.128,161.455
-221.560,724.983,161.455
-221.514,724.850,161.444
-221.468,724.705,161.433
-221.422,724.561,161.422
-221.376,724.427,161.411
-221.330,724.282,161.411
-221.284,724.138,161.400
-221.238,724.004,161.389
-221.191,723.860,161.389
-221.145,723.715,161.378
-221.099,723.570,161.367
-221.053,723.437,161.356
-221.007,723.292,161.356
-220.961,723.148,161.345
-220.915,723.014,161.334
-220.869,722.870,161.323
-220.823,722.725,161.312
-220.777,722.591,161.301
-220.730,722.447,161.290
-220.684,722.302,161.290
-220.638,722.158,161.279
-220.592,722.024,161.268
-220.546,721.879,161.268
-220.500,721.735,161.257
-220.454,721.601,161.246
-220.408,721.457,161.246
-220.362,721.312,161.235
-220.315,721.178,161.224
-220.269,721.034,161.224
-220.223,720.889,161.224
-220.177,720.745,161.213
-220.131,720.611,161.224
-220.085,720.466,161.224
-220.039,720.322,161.224
-219.983,720.188,161.224
-219.937,720.044,161.224
-219.891,719.899,161.224
-219.845,719.765,161.235
-219.799,719.621,161.235
-219.753,719.476,161.235
-219.716,719.343,161.235
-219.660,719.198,161.235
-219.614,719.053,161.235
-219.568,718.920,161.246
-219.522,718.775,161.246
-219.476,718.631,161.246
-219.430,718.497,161.257
-219.384,718.352,161.257
-219.338,718.208,161.257
-219.292,718.063,161.268
-219.245,717.930,161.268
-219.199,717.785,161.268
-219.153,717.640,161.279
-219.107,717.507,161.279
-219.061,717.362,161.279
-219.015,717.218,161.290
-218.969,717.073,161.290
-218.923,716.940,161.301
-218.877,716.795,161.301
-218.831,716.650,161.301
-218.784,716.517,161.301
-218.738,716.372,161.312
-218.692,716.228,161.312
-218.646,716.094,161.323
-218.600,715.949,161.323
-218.554,715.805,161.334
-218.508,715.660,161.334
-218.462,715.527,161.345
-218.406,715.382,161.356
-218.360,715.237,161.356
-218.323,715.104,161.367
-218.277,714.959,161.367
-218.231,714.815,161.367
-218.185,714.681,161.378
-218.139,714.536,161.378
-218.093,714.392,161.389
-218.047,714.258,161.389
-218.001,714.114,161.400
-217.955,713.969,161.411
-217.908,713.836,161.411
-217.853,713.691,161.422
-217.807,713.546,161.433
-217.761,713.402,161.444
-217.715,713.257,161.444
-217.668,713.123,161.455
-217.622,712.979,161.455
-217.576,712.834,161.466
-217.530,712.690,161.466
-217.484,712.556,161.477
-217.438,712.411,161.488
-217.392,712.267,161.499
-217.346,712.133,161.510
-217.300,711.989,161.521
-217.254,711.844,161.532
-217.207,711.711,161.532
-217.161,711.566,161.543
-217.115,711.421,161.543
-217.069,711.288,161.543
-217.032,711.143,161.554
-216.986,710.999,161.554
-216.940,710.854,161.565
-216.894,710.720,161.565
-216.848,710.576,161.576
-216.802,710.431,161.587
-216.756,710.287,161.587
-216.710,710.153,161.598
-216.664,710.008,161.609
-216.618,709.864,161.620
-216.572,709.719,161.620
-216.525,709.586,161.631
-216.479,709.441,161.631
-216.433,709.296,161.642
-216.387,709.163,161.642
-216.341,709.018,161.653
-216.295,708.874,161.653
-216.249,708.740,161.664
-216.203,708.596,161.675
-216.166,708.451,161.675
-216.120,708.306,161.686
-216.074,708.173,161.686
-216.028,708.028,161.697
-215.982,707.884,161.697
-215.935,707.750,161.708
-215.889,707.605,161.708
-215.843,707.461,161.719
-215.797,707.316,161.719
-215.751,707.183,161.730
-215.705,707.038,161.741
-215.659,706.893,161.741
-215.613,706.749,161.752
-215.576,706.615,161.752
-215.530,706.471,161.763
-215.484,706.326,161.763
-215.438,706.193,161.763
-215.392,706.048,161.763
-215.346,705.903,161.774
-215.300,705.759,161.774
-215.253,705.625,161.785
-215.207,705.481,161.785
-215.161,705.336,161.796
-215.115,705.191,161.796
-215.079,705.058,161.796
-215.033,704.913,161.807
-214.986,704.769,161.807
-214.940,704.624,161.807
-214.894,704.491,161.807
-214.848,704.346,161.807
-214.802,704.201,161.818
-214.756,704.057,161.818
-214.710,703.923,161.818
-214.664,703.779,161.829
-214.618,703.634,161.829
-214.572,703.489,161.829
-214.535,703.356,161.829
-214.489,703.211,161.829
-214.443,703.067,161.829
-214.397,702.922,161.829
-214.351,702.789,161.818
-214.304,702.644,161.818
-214.258,702.499,161.818
-214.212,702.355,161.818
-214.166,702.221,161.818
-214.130,702.077,161.807
-214.084,701.932,161.807
-214.037,701.799,161.807
-213.991,701.654,161.807
-213.945,701.509,161.807
-213.899,701.365,161.807
-213.853,701.231,161.807
-213.807,701.087,161.807
-213.761,700.942,161.807
-213.724,700.797,161.807
-213.678,700.653,161.807
-213.632,700.519,161.807
-213.586,700.375,161.807
-213.540,700.230,161.818
-213.494,700.096,161.818
-213.448,699.952,161.818
-213.402,699.807,161.829
-213.355,699.663,161.840
-213.309,699.529,161.840
-213.263,699.384,161.840
-213.227,699.240,161.851
-213.181,699.095,161.862
-213.134,698.962,161.873
-213.088,698.817,161.884
-213.042,698.673,161.895
-212.996,698.528,161.906
-212.950,698.394,161.917
-212.904,698.250,161.927
-212.858,698.105,161.938
-212.821,697.961,161.960
-212.775,697.827,161.971
-212.729,697.683,161.982
-212.683,697.538,161.993
-212.637,697.404,162.004
-212.591,697.260,162.026
-212.554,697.115,162.037
-212.508,696.971,162.048
-212.462,696.837,162.070
-212.416,696.692,162.081
-212.370,696.548,162.092
-212.324,696.403,162.103
-212.278,696.270,162.114
-212.241,696.125,162.136
-212.195,695.981,162.147
-212.149,695.836,162.158
-212.103,695.691,162.180
-212.057,695.558,162.191
-212.011,695.413,162.202
-211.974,695.269,162.224
-211.928,695.124,162.235
-211.882,694.991,162.246
-211.836,694.846,162.257
-211.799,694.701,162.268
-211.753,694.568,162.279
-211.707,694.423,162.290
-211.661,694.279,162.301
-211.624,694.134,162.312
-211.578,693.989,162.323
-211.532,693.856,162.334
-211.486,693.711,162.345
-211.440,693.567,162.356
-211.403,693.422,162.378
-211.357,693.289,162.389
-211.311,693.144,162.400
-211.265,692.999,162.411
-211.219,692.855,162.422
-211.182,692.710,162.433
-211.136,692.577,162.444
-211.090,692.432,162.455
-211.054,692.288,162.455
-211.008,692.143,162.466
-210.961,692.009,162.466
-210.915,691.865,162.477
-210.879,691.720,162.488
-210.833,691.576,162.488
-210.786,691.442,162.499
-210.750,691.298,162.499
-210.704,691.153,162.499
-210.658,691.008,162.499
-210.621,690.864,162.499
-210.575,690.719,162.499
-210.529,690.586,162.488
-210.483,690.441,162.488
-210.446,690.297,162.488
-210.400,690.152,162.488
-210.354,690.007,162.499
-210.308,689.863,162.499
-210.272,689.729,162.499
-210.225,689.585,162.499
-210.179,689.440,162.499
-210.143,689.307,162.499
-210.097,689.162,162.499
-210.051,689.017,162.499
-210.005,688.873,162.499
-209.968,688.739,162.499
-209.922,688.595,162.488
-209.876,688.450,162.488
-209.839,688.306,162.488
-209.793,688.172,162.477
-209.747,688.028,162.477
-209.701,687.883,162.477
-209.664,687.738,162.466
-209.618,687.605,162.466
-209.572,687.460,162.466
-209.536,687.316,162.466
-209.489,687.171,162.466
-209.443,687.027,162.466
-209.397,686.893,162.466
-209.351,686.748,162.466
-209.315,686.604,162.466
-209.269,686.459,162.455
-209.222,686.315,162.455
-209.186,686.181,162.455
-209.140,686.037,162.444
-209.094,685.892,162.444
-209.048,685.747,162.444
-209.011,685.614,162.444
-208.965,685.469,162.444
-208.919,685.325,162.444
-208.882,685.191,162.444
-208.836,685.047,162.444
-208.790,684.902,162.433
-208.753,684.769,162.433
-208.707,684.624,162.433
-208.661,684.479,162.422
-208.615,684.335,162.422
-208.579,684.190,162.411
-208.532,684.057,162.411
-208.486,683.912,162.400
-208.440,683.767,162.400
-208.394,683.623,162.400
-208.358,683.478,162.400
-208.312,683.334,162.400
-208.265,683.189,162.389
-208.219,683.044,162.389
-208.183,682.911,162.389
-208.137,682.766,162.389
-208.091,682.622,162.389
-208.054,682.488,162.378
-208.008,682.344,162.378
-207.962,682.199,162.367
-207.925,682.066,162.367
-207.879,681.921,162.356
-207.833,681.776,162.356
-207.787,681.632,162.356
-207.750,681.498,162.356
-207.704,681.354,162.356
-207.658,681.209,162.356
-207.612,681.065,162.356
-207.566,680.920,162.356
-207.529,680.775,162.356
-207.483,680.631,162.356
-207.437,680.486,162.345
-207.391,680.353,162.356
-207.345,680.208,162.356
-207.309,680.064,162.356
-207.262,679.919,162.367
-207.216,679.774,162.367
-207.170,679.641,162.378
-207.124,679.496,162.378
-207.088,679.352,162.389
-207.042,679.207,162.389
-206.995,679.073,162.400
-206.959,678.929,162.400
-206.913,678.784,162.400
-206.867,678.640,162.411
-206.820,678.506,162.411
-206.784,678.362,162.422
-206.738,678.217,162.422
-206.692,678.072,162.433
-206.646,677.939,162.433
-206.600,677.794,162.444
-206.563,677.650,162.455
-206.517,677.505,162.466
-206.471,677.361,162.466
-206.425,677.227,162.477
-206.388,677.083,162.488
-206.342,676.938,162.499
-206.296,676.793,162.510
-206.250,676.660,162.521
-206.213,676.515,162.532
-206.167,676.371,162.543
-206.121,676.226,162.554
-206.084,676.093,162.565
-206.038,675.948,162.576
-205.992,675.803,162.587
-205.946,675.659,162.587
-205.910,675.525,162.598
-205.864,675.381,162.609
-205.827,675.236,162.609
-205.781,675.092,162.620
-205.735,674.947,162.631
-205.689,674.813,162.642
-205.652,674.669,162.653
-205.606,674.524,162.675
-205.560,674.380,162.686
-205.523,674.235,162.697
-205.477,674.102,162.708
-205.431,673.957,162.719
-205.395,673.812,162.729
-205.349,673.668,162.729
-205.312,673.534,162.740
-205.266,673.390,162.751
-205.220,673.245,162.762
-205.183,673.101,162.762
-205.137,672.956,162.773
-205.091,672.811,162.773
-205.054,672.678,162.784
-205.008,672.533,162.784
-204.962,672.389,162.784
-204.926,672.244,162.795
-204.880,672.100,162.795
-204.834,671.955,162.795
-204.797,671.811,162.806
-204.751,671.677,162.817
-204.714,671.532,162.817
-204.668,671.388,162.817
-204.622,671.254,162.817
-204.586,671.110,162.828
-204.549,670.976,162.828
-204.503,670.832,162.828
-204.457,670.687,162.839
-204.420,670.543,162.839
-204.374,670.409,162.839
-204.337,670.265,162.839
-204.291,670.120,162.850
-204.245,669.986,162.850
-204.209,669.842,162.850
-204.163,669.697,162.861
-204.117,669.553,162.861
-204.070,669.408,162.872
-204.034,669.264,162.872
-203.988,669.119,162.872
-203.942,668.974,162.872
-203.905,668.830,162.872
-203.859,668.685,162.872
-203.813,668.541,162.872
-203.776,668.407,162.872
-203.730,668.263,162.872
-203.694,668.118,162.872
-203.648,667.973,162.861
-203.611,667.840,162.861
-203.565,667.695,162.861
-203.519,667.551,162.850
-203.482,667.406,162.839
-203.436,667.262,162.839
-203.400,667.128,162.828
-203.354,666.984,162.817
-203.317,666.839,162.806
-203.271,666.694,162.795
-203.235,666.550,162.795
-203.188,666.405,162.784
-203.142,666.261,162.784
-203.106,666.127,162.784
-203.060,665.983,162.773
-203.014,665.838,162.773
-202.977,665.694,162.773
-202.931,665.549,162.762
-202.885,665.404,162.762
-202.839,665.260,162.751
-202.802,665.126,162.751
-202.756,664.982,162.751
-202.710,664.837,162.751
-202.673,664.692,162.740
-202.627,664.559,162.740
-202.591,664.414,162.729
-202.545,664.270,162.729
-202.499,664.125,162.719
-202.462,663.981,162.708
-202.416,663.836,162.697
-202.370,663.703,162.686
-202.333,663.558,162.686
-202.287,663.413,162.675
-202.241,663.269,162.664
-202.205,663.124,162.664
-202.159,662.980,162.664
-202.112,662.835,162.653
-202.076,662.702,162.653
-202.030,662.557,162.653
-201.984,662.412,162.653
-201.938,662.268,162.642
-201.901,662.123,162.642
-201.855,661.990,162.631
-201.818,661.845,162.620
-201.772,661.701,162.598
-201.726,661.556,162.587
-201.690,661.423,162.576
-201.643,661.278,162.576
-201.597,661.133,162.565
-201.551,661.000,162.554
-201.515,660.855,162.543
-201.469,660.711,162.521
-201.423,660.566,162.510
-201.386,660.422,162.499
-201.340,660.288,162.488
-201.294,660.143,162.466
-201.257,659.999,162.455
-201.211,659.854,162.433
-201.165,659.710,162.422
-201.119,659.565,162.400
-201.082,659.432,162.389
-201.036,659.287,162.378
-200.990,659.142,162.367
-200.944,658.998,162.345
-200.907,658.864,162.334
-200.861,658.720,162.323
-200.815,658.575,162.301
-200.779,658.431,162.279
-200.733,658.297,162.268
-200.687,658.152,162.246
-200.650,658.008,162.224
-200.604,657.863,162.213
-200.558,657.730,162.191
-200.512,657.585,162.169
-200.466,657.440,162.158
-200.429,657.296,162.136
-200.383,657.151,162.125
-200.337,657.018,162.103
-200.291,656.873,162.081
-200.245,656.729,162.070
-200.199,656.584,162.048
-200.162,656.451,162.037
-200.116,656.306,162.015
-200.070,656.161,162.004
-200.024,656.017,161.982
-199.978,655.883,161.960
-199.941,655.739,161.938
-199.895,655.594,161.927
-199.849,655.449,161.906
-199.803,655.316,161.884
-199.757,655.171,161.862
-199.711,655.027,161.840
-199.674,654.882,161.818
-199.628,654.749,161.807
-199.582,654.604,161.785
-199.536,654.459,161.774
-199.490,654.315,161.752
-199.443,654.181,161.741
-199.397,654.037,161.719
-199.351,653.892,161.697
-199.305,653.747,161.675
-199.259,653.614,161.664
-199.213,653.469,161.642
-199.176,653.325,161.620
-199.130,653.191,161.609
-199.084,653.047,161.587
-199.038,652.902,161.576
-198.992,652.757,161.554
-198.946,652.624,161.543
-198.900,652.479,161.521
-198.854,652.346,161.510
-198.807,652.201,161.488
-198.761,652.056,161.466
-198.715,651.912,161.455
-198.669,651.778,161.433
-198.623,651.634,161.411
-198.587,651.489,161.400
-198.540,651.356,161.389
-198.485,651.211,161.378
-198.439,651.066,161.367
-198.392,650.933,161.356
-198.346,650.788,161.345
-198.300,650.643,161.334
-198.254,650.510,161.323
-198.208,650.365,161.312
-198.162,650.221,161.290
-198.116,650.087,161.279
-198.070,649.943,161.257
-198.024,649.798,161.246
-197.978,649.653,161.235
-197.931,649.520,161.224
-197.885,649.375,161.202
-197.839,649.231,161.191
-197.793,649.097,161.180
-197.747,648.952,161.169
-197.701,648.808,161.158
-197.655,648.674,161.147
-197.609,648.530,161.136
-197.563,648.385,161.125
-197.517,648.240,161.104
-197.470,648.096,161.093
-197.424,647.962,161.082
-197.378,647.818,161.071
-197.332,647.673,161.060
-197.276,647.539,161.038
-197.230,647.395,161.027
-197.184,647.250,161.016
-197.138,647.117,160.994
-197.092,646.972,160.983
-197.046,646.838,160.961
-197.000,646.694,160.950
-196.954,646.549,160.928
-196.907,646.416,160.917
-196.861,646.271,160.895
-196.815,646.126,160.884
-196.769,645.993,160.862
-196.723,645.848,160.851
-196.667,645.704,160.829
-196.621,645.570,160.818
-196.575,645.425,160.807
-196.529,645.281,160.785
-196.474,645.136,160.774
-196.427,645.003,160.763
-196.381,644.858,160.741
-196.335,644.713,160.730
-196.289,644.580,160.719
-196.243,644.435,160.708
-196.187,644.290,160.697
-196.141,644.157,160.697
-196.095,644.012,160.675
-196.049,643.879,160.675
-196.003,643.734,160.664
-195.957,643.590,160.653
-195.911,643.456,160.653
-195.855,643.311,160.642
-195.809,643.167,160.642
-195.763,643.033,160.653
-195.717,642.888,160.664
-195.670,642.755,160.675
-195.615,642.610,160.686
-195.569,642.466,160.697
-195.523,642.332,160.719
-195.476,642.187,160.730
-195.430,642.054,160.741
-195.384,641.909,160.752
-195.338,641.765,160.763
-195.282,641.631,160.785
-195.236,641.486,160.796
-195.190,641.353,160.807
-195.144,641.208,160.829
-195.098,641.064,160.851
-195.052,640.930,160.862
-194.996,640.785,160.884
-194.950,640.641,160.906
-194.904,640.507,160.928
-194.858,640.363,160.961
-194.812,640.218,160.983
-194.766,640.084,161.005
-194.710,639.940,161.027
-194.664,639.795,161.049
-194.618,639.651,161.071
-194.572,639.506,161.093
-194.526,639.372,161.125
-194.480,639.228,161.147
-194.433,639.083,161.169
-194.378,638.950,161.191
-194.332,638.805,161.224
-194.286,638.660,161.246
-194.239,638.527,161.257
-194.203,638.382,161.279
-194.157,638.249,161.290
-194.111,638.104,161.301
-194.065,637.959,161.312
-194.018,637.826,161.334
-193.972,637.681,161.334
-193.917,637.537,161.345
-193.871,637.403,161.367
-193.824,637.258,161.378
-193.778,637.114,161.389
-193.732,636.969,161.400
-193.686,636.825,161.422
-193.640,636.680,161.433
-193.594,636.546,161.444
-193.548,636.402,161.455
-193.502,636.257,161.466
-193.456,636.113,161.477
-193.410,635.979,161.488
-193.364,635.834,161.499
-193.317,635.701,161.510
-193.271,635.556,161.521
-193.225,635.412,161.521
-193.179,635.278,161.532
-193.133,635.134,161.532
-193.087,634.989,161.532
-193.041,634.855,161.532
-192.995,634.711,161.543
-192.949,634.566,161.543
-192.902,634.422,161.543
-192.856,634.288,161.554
-192.810,634.143,161.554
-192.764,633.999,161.565
-192.718,633.854,161.576
-192.672,633.721,161.576
-192.635,633.576,161.576
-192.589,633.431,161.587
-192.543,633.287,161.587
-192.497,633.153,161.587
-192.451,633.009,161.587
-192.405,632.864,161.587
-192.359,632.731,161.587
-192.313,632.586,161.598
-192.267,632.441,161.598
-192.220,632.308,161.609
-192.174,632.163,161.609
-192.128,632.019,161.620
-192.082,631.885,161.620
-192.036,631.740,161.631
-191.999,631.596,161.631
-191.953,631.451,161.631
-191.907,631.318,161.631
-191.861,631.173,161.642
-191.815,631.028,161.642
-191.769,630.884,161.653
-191.723,630.750,161.664
-191.677,630.606,161.675
-191.631,630.461,161.686
-191.585,630.316,161.697
-191.538,630.183,161.708
-191.492,630.038,161.730
-191.446,629.894,161.741
-191.400,629.749,161.752
-191.354,629.604,161.763
-191.317,629.471,161.774
-191.271,629.326,161.785
-191.225,629.182,161.796
-191.179,629.048,161.807
-191.133,628.904,161.818
-191.087,628.759,161.829
-191.041,628.626,161.840
-190.995,628.481,161.851
-190.958,628.336,161.873
-190.912,628.203,161.884
-190.866,628.058,161.895
-190.820,627.914,161.906
-190.774,627.769,161.917
-190.728,627.635,161.927
-190.681,627.491,161.938
-190.635,627.346,161.960
-190.589,627.202,161.971
-190.543,627.057,161.982
-190.497,626.923,162.004
-190.460,626.779,162.015
-190.414,626.634,162.037
-190.368,626.490,162.048
-190.322,626.356,162.059
-190.276,626.212,162.070
-190.230,626.067,162.092
-190.193,625.922,162.103
-190.147,625.789,162.125
-190.101,625.644,162.136
-190.065,625.500,162.147
-190.018,625.366,162.158
-189.972,625.222,162.180
-189.926,625.077,162.191
-189.880,624.932,162.202
-189.834,624.799,162.224
-189.798,624.654,162.235
-189.751,624.510,162.257
-189.705,624.365,162.268
-189.659,624.232,162.279
-189.613,624.087,162.301
-189.577,623.942,162.312
-189.531,623.798,162.334
-189.484,623.653,162.345
-189.438,623.520,162.356
-189.402,623.375,162.367
-189.356,623.231,162.389
-189.310,623.086,162.400
-189.264,622.941,162.411
-189.227,622.808,162.422
-189.181,622.663,162.433
-189.135,622.519,162.444
-189.089,622.374,162.455
-189.052,622.241,162.477
-189.006,622.096,162.488
-188.960,621.951,162.499
-188.923,621.807,162.510
-188.877,621.673,162.521
-188.831,621.529,162.532
-188.795,621.384,162.543
-188.748,621.240,162.554
-188.702,621.095,162.565
-188.656,620.961,162.576
-188.620,620.817,162.587
-188.574,620.672,162.598
-188.528,620.528,162.609
-188.491,620.383,162.631
-188.445,620.250,162.642
-188.399,620.105,162.653
-188.353,619.960,162.664
-188.316,619.816,162.686
-188.270,619.671,162.697
-188.224,619.527,162.708
-188.187,619.393,162.719
-188.141,619.249,162.729
-188.095,619.104,162.740
-188.059,618.959,162.751
-188.013,618.815,162.773
-187.966,618.681,162.784
-187.930,618.537,162.795
-187.884,618.392,162.806
-187.838,618.248,162.817
-187.801,618.114,162.828
-187.755,617.970,162.839
-187.718,617.825,162.850
-187.672,617.680,162.861
-187.626,617.536,162.872
-187.590,617.402,162.883
-187.544,617.258,162.894
-187.507,617.113,162.905
-187.461,616.969,162.905
-187.415,616.824,162.916
-187.378,616.679,162.927
-187.332,616.535,162.949
-187.286,616.390,162.960
-187.250,616.257,162.971
-187.203,616.112,162.982
-187.167,615.968,162.993
-187.121,615.823,162.993
-187.084,615.690,163.004
-187.038,615.545,163.015
-186.992,615.400,163.026
-186.956,615.256,163.037
-186.909,615.122,163.037
-186.873,614.978,163.048
-186.827,614.833,163.048
-186.790,614.689,163.059
-186.744,614.544,163.059
-186.698,614.399,163.070
-186.661,614.266,163.070
-186.615,614.121,163.070
-186.579,613.977,163.081
-186.533,613.832,163.081
-186.496,613.688,163.092
-186.450,613.554,163.103
-186.404,613.410,163.103
-186.367,613.265,163.114
-186.321,613.121,163.125
-186.285,612.976,163.125
-186.239,612.831,163.125
-186.202,612.687,163.136
-186.156,612.553,163.136
-186.119,612.409,163.147
-186.073,612.264,163.147
-186.037,612.120,163.158
-185.991,611.975,163.169
-185.945,611.830,163.180
-185.908,611.697,163.191
-185.862,611.552,163.191
-185.825,611.408,163.202
-185.779,611.263,163.202
-185.743,611.119,163.213
-185.697,610.974,163.213
-185.660,610.830,163.213
-185.614,610.696,163.224
-185.577,610.552,163.224
-185.531,610.407,163.235
-185.495,610.262,163.246
-185.449,610.118,163.246
-185.403,609.973,163.257
-185.366,609.840,163.268
-185.320,609.695,163.268
-185.283,609.551,163.279
-185.247,609.406,163.279
-185.201,609.262,163.279
-185.164,609.117,163.279
-185.118,608.983,163.279
-185.082,608.839,163.279
-185.035,608.694,163.279
-184.999,608.550,163.279
-184.953,608.405,163.279
-184.907,608.261,163.290
-184.870,608.116,163.301
-184.824,607.971,163.301
-184.788,607.827,163.312
-184.742,607.682,163.334
-184.705,607.538,163.345
-184.659,607.393,163.356
-184.622,607.260,163.367
-184.576,607.115,163.367
-184.540,606.971,163.378
-184.503,606.837,163.389
-184.457,606.693,163.389
-184.420,606.548,163.400
-184.374,606.403,163.400
-184.338,606.270,163.411
-184.301,606.126,163.411
-184.255,605.981,163.411
-184.219,605.836,163.422
-184.173,605.692,163.433
-184.136,605.547,163.433
-184.090,605.403,163.455
-184.053,605.269,163.466
-184.007,605.125,163.488
-183.971,604.980,163.510
-183.925,604.835,163.521
-183.888,604.691,163.553
-183.842,604.546,163.575
-183.805,604.402,163.597
-183.759,604.257,163.619
-183.723,604.124,163.641
-183.677,603.979,163.663
-183.640,603.835,163.696
-183.594,603.690,163.718
-183.557,603.546,163.751
-183.521,603.412,163.773
-183.475,603.268,163.806
-183.438,603.123,163.839
-183.402,602.978,163.861
-183.365,602.834,163.905
-183.319,602.700,163.949
-183.282,602.556,163.993
-183.246,602.411,164.037
-183.200,602.267,164.092
-183.163,602.122,164.158
-183.127,601.978,164.213
-183.081,601.833,164.290
-183.044,601.689,164.355
-182.998,601.544,164.432
-182.961,601.400,164.509
-182.925,601.255,164.586
-182.888,601.110,164.663
-182.852,600.977,164.740
-182.806,600.832,164.817
-182.769,600.688,164.894
-182.733,600.543,164.971
-182.696,600.399,165.059
-182.660,600.254,165.135
-182.623,600.110,165.223
-182.586,599.976,165.311
-182.550,599.832,165.399
-182.513,599.687,165.487
-182.477,599.543,165.575
-182.440,599.398,165.674
-182.404,599.254,165.762
-182.367,599.109,165.850
-182.331,598.965,165.948
-182.294,598.820,166.036
-182.257,598.676,166.135
-182.230,598.531,166.223
-182.194,598.387,166.322
-182.158,598.231,166.410
-182.121,598.087,166.509
-182.094,597.942,166.597
-182.057,597.798,166.685
-182.021,597.653,166.772
-181.994,597.509,166.860
-181.957,597.364,166.948
-181.921,597.220,167.036
-181.894,597.076,167.124
-181.857,596.931,167.212
-181.830,596.787,167.289
-181.794,596.642,167.377
-181.767,596.498,167.465
-181.730,596.353,167.552
-181.703,596.209,167.640
-181.667,596.053,167.728
-181.640,595.909,167.816
-181.613,595.764,167.904
-181.576,595.620,167.992
-181.549,595.475,168.080
-181.522,595.331,168.157
-181.486,595.187,168.245
-181.459,595.042,168.322
-181.432,594.898,168.409
-181.405,594.742,168.486
-181.378,594.598,168.574
-181.341,594.453,168.651
-181.314,594.309,168.739
-181.287,594.164,168.816
-181.260,594.009,168.904
-181.233,593.865,168.992
-181.206,593.720,169.080
-181.179,593.576,169.156
-181.152,593.431,169.255
-181.125,593.287,169.343
-181.098,593.131,169.431
-181.071,592.987,169.519
-181.044,592.843,169.607
-181.017,592.698,169.695
-180.990,592.554,169.783
-180.973,592.398,169.871
-180.946,592.254,169.958
-180.919,592.110,170.035
-180.892,591.965,170.123
-180.875,591.821,170.211
-180.848,591.665,170.299
-180.821,591.521,170.387
-180.794,591.377,170.475
-180.776,591.232,170.563
-180.749,591.088,170.662
-180.722,590.932,170.750
-180.705,590.788,170.848
-180.678,590.644,170.936
-180.660,590.499,171.035
-180.633,590.344,171.123
-180.616,590.200,171.222
-180.599,590.055,171.310
-180.571,589.911,171.409
-180.554,589.756,171.497
-180.527,589.611,171.584
-180.510,589.467,171.683
-180.492,589.323,171.771
-180.465,589.167,171.870
-180.448,589.023,171.958
-180.430,588.878,172.057
-180.413,588.734,172.145
-180.396,588.579,172.233
-180.369,588.434,172.321
-180.351,588.290,172.408
-180.334,588.146,172.496
-180.316,587.990,172.584
-180.299,587.846,172.683
-180.281,587.702,172.771
-180.264,587.546,172.859
-180.246,587.402,172.958
-180.229,587.258,173.046
-180.212,587.102,173.145
-180.194,586.958,173.232
-180.177,586.803,173.320
-180.159,586.658,173.419
-180.142,586.514,173.507
-180.125,586.359,173.595
-180.117,586.214,173.683
-180.099,586.070,173.771
-180.082,585.915,173.848
-180.064,585.771,173.936
-180.056,585.615,174.023
-180.039,585.471,174.100
-180.021,585.327,174.188
-180.004,585.182,174.265
-179.996,585.027,174.353
-179.979,584.883,174.430
-179.961,584.727,174.507
-179.953,584.583,174.584
-179.936,584.439,174.661
-179.928,584.284,174.727
-179.911,584.139,174.792
-179.903,583.984,174.858
-179.885,583.840,174.924
-179.877,583.695,174.979
-179.870,583.540,175.034
-179.852,583.396,175.089
-179.844,583.252,175.144
-179.836,583.096,175.188
-179.819,582.952,175.232
-179.811,582.808,175.276
-179.803,582.653,175.309
-179.786,582.508,175.353
-179.778,582.353,175.386
-179.770,582.209,175.419
-179.762,582.065,175.441
-179.754,581.909,175.474
-179.737,581.765,175.496
-179.729,581.610,175.518
-179.721,581.466,175.540
-179.713,581.310,175.562
-179.705,581.166,175.594
-179.688,581.011,175.616
-179.680,580.867,175.638
-179.662,580.722,175.649
-179.654,580.578,175.660
-179.647,580.423,175.671
-179.639,580.279,175.671
-179.631,580.134,175.671
-179.623,579.979,175.660
-179.615,579.835,175.649
-179.607,579.691,175.638
-179.599,579.547,175.627
-179.582,579.391,175.605
-179.574,579.247,175.583
-179.566,579.103,175.573
-179.558,578.947,175.562
-179.550,578.803,175.551
-179.542,578.648,175.540
-179.525,578.504,175.529
-179.517,578.359,175.518
-179.509,578.204,175.518
-179.501,578.049,175.496
-179.484,577.905,175.485
-179.476,577.760,175.474
-179.468,577.605,175.452
-179.460,577.461,175.441
-179.452,577.317,175.430
-179.435,577.161,175.419
-179.427,577.017,175.397
-179.419,576.873,175.386
-179.411,576.718,175.375
-179.394,576.573,175.353
-179.386,576.429,175.342
-179.378,576.285,175.320
-179.370,576.130,175.298
-179.362,575.986,175.287
-179.345,575.830,175.265
-179.337,575.686,175.254
-179.329,575.531,175.232
-179.321,575.386,175.221
-179.303,575.242,175.210
-179.296,575.087,175.188
-179.278,574.931,175.177
-179.270,574.787,175.155
-179.253,574.643,175.144
-179.245,574.488,175.122
-179.237,574.344,175.100
-179.229,574.188,175.078
-179.212,574.044,175.045
-179.204,573.900,175.023
-179.196,573.744,174.990
-179.188,573.600,174.957
-179.171,573.456,174.924
-179.163,573.312,174.891
-179.155,573.168,174.858
-179.137,573.012,174.814
-179.129,572.868,174.781
-179.121,572.724,174.749
-179.104,572.568,174.705
-179.096,572.424,174.672
-179.088,572.269,174.628
-179.071,572.125,174.584
-179.054,571.969,174.540
-179.046,571.825,174.496
-179.038,571.670,174.441
-179.020,571.525,174.397
-179.012,571.370,174.342
-178.995,571.226,174.276
-178.987,571.082,174.221
-178.970,570.926,174.155
-178.962,570.782,174.089
-178.944,570.638,174.023
-178.936,570.494,173.958
-178.919,570.338,173.892
-178.901,570.194,173.815
-178.894,570.050,173.749
-178.876,569.894,173.661
-178.868,569.750,173.584
-178.851,569.606,173.496
-178.843,569.451,173.419
-178.825,569.306,173.320
-178.808,569.151,173.232
-178.791,569.007,173.145
-178.783,568.862,173.057
-178.765,568.707,172.969
-178.748,568.563,172.881
-178.730,568.418,172.782
-178.713,568.274,172.694
-178.705,568.119,172.606
-178.688,567.974,172.518
-178.670,567.830,172.419
-178.653,567.675,172.321
-178.635,567.530,172.222
-178.618,567.386,172.123
-178.601,567.231,172.024
-178.583,567.086,171.914
-178.566,566.942,171.815
-178.548,566.798,171.705
-178.531,566.643,171.606
-178.513,566.498,171.508
-178.496,566.354,171.409
-178.478,566.199,171.310
-178.451,566.054,171.222
-178.434,565.910,171.123
-178.407,565.754,171.035
-178.390,565.610,170.936
-178.372,565.466,170.848
-178.345,565.321,170.760
-178.328,565.166,170.673
-178.310,565.022,170.585
-178.283,564.877,170.497
-178.266,564.733,170.409
-178.239,564.589,170.321
-178.221,564.433,170.233
-178.194,564.289,170.156
-178.177,564.144,170.068
-178.150,564.000,169.980
-178.123,563.845,169.893
-178.106,563.700,169.805
-178.079,563.556,169.717
-178.061,563.412,169.629
-178.034,563.256,169.541
-178.007,563.112,169.453
-177.980,562.967,169.365
-177.963,562.823,169.277
-177.936,562.678,169.189
-177.909,562.534,169.102
-177.882,562.390,169.014
-177.864,562.234,168.926
-177.837,562.090,168.849
-177.810,561.945,168.761
-177.783,561.801,168.673
-177.756,561.657,168.585
-177.729,561.512,168.497
-177.702,561.368,168.409
-177.675,561.223,168.322
-177.648,561.079,168.234
-177.621,560.935,168.146
-177.594,560.790,168.058
-177.567,560.646,167.981
-177.540,560.501,167.893
-177.504,560.346,167.816
-177.477,560.201,167.739
-177.440,560.057,167.651
-177.413,559.912,167.574
-177.386,559.757,167.498
-177.359,559.613,167.421
-177.323,559.468,167.344
-177.296,559.324,167.267
-177.269,559.179,167.190
-177.232,559.035,167.113
-177.205,558.890,167.047
-177.178,558.746,166.970
-177.142,558.601,166.893
-177.115,558.457,166.816
-177.088,558.313,166.750
-177.051,558.168,166.685
-177.024,558.024,166.619
-176.988,557.879,166.553
-176.961,557.735,166.498
-176.924,557.590,166.432
-176.888,557.446,166.377
-176.851,557.301,166.322
-176.824,557.157,166.278
-176.788,557.012,166.223
-176.761,556.857,166.168
-176.724,556.712,166.124
-176.688,556.568,166.069
-176.661,556.423,166.025
-176.624,556.279,165.970
-176.588,556.134,165.927
-176.561,555.990,165.883
-176.524,555.845,165.850
-176.487,555.701,165.806
-176.451,555.556,165.773
-176.414,555.412,165.729
-176.387,555.268,165.696
-176.351,555.123,165.663
-176.314,554.978,165.619
-176.278,554.834,165.586
-176.241,554.689,165.553
-176.214,554.545,165.509
-176.178,554.389,165.476
-176.141,554.245,165.432
-176.105,554.100,165.399
-176.068,553.967,165.355
-176.032,553.822,165.311
-175.995,553.678,165.267
-175.958,553.533,165.223
-175.922,553.389,165.179
-175.885,553.244,165.125
-175.849,553.089,165.070
-175.812,552.944,165.004
-175.785,552.800,164.938
-175.749,552.655,164.872
-175.712,552.511,164.806
-175.676,552.377,164.740
-175.630,552.233,164.663
-175.593,552.088,164.597
-175.557,551.944,164.520
-175.520,551.799,164.443
-175.483,551.655,164.377
-175.447,551.510,164.301
-175.410,551.366,164.224
-175.374,551.221,164.147
-175.337,551.077,164.070
-175.301,550.932,163.993
-175.255,550.788,163.916
-175.218,550.643,163.839
-175.182,550.499,163.751
-175.145,550.354,163.674
-175.099,550.209,163.608
-175.062,550.065,163.521
-175.026,549.920,163.444
-174.980,549.776,163.367
-174.943,549.642,163.290
-174.907,549.498,163.213
-174.861,549.353,163.136
-174.824,549.209,163.059
-174.778,549.064,162.993
-174.741,548.931,162.916
-174.705,548.786,162.839
-174.659,548.642,162.762
-174.622,548.497,162.697
-174.576,548.364,162.620
-174.539,548.219,162.554
-174.493,548.074,162.488
-174.457,547.941,162.433
-174.411,547.796,162.367
-174.374,547.652,162.312
-174.328,547.518,162.257
-174.282,547.374,162.213
-174.236,547.218,162.169
-174.190,547.073,162.136
-174.153,546.929,162.092
-174.107,546.795,162.059
-174.061,546.651,162.026
-174.015,546.506,161.993
-173.969,546.361,161.971
-173.932,546.228,161.938
-173.886,546.083,161.906
-173.840,545.939,161.884
-173.804,545.794,161.851
-173.757,545.650,161.829
-173.711,545.516,161.807
-173.665,545.372,161.774
-173.619,545.227,161.752
-173.582,545.093,161.730
-173.536,544.949,161.708
-173.490,544.804,161.686
-173.444,544.671,161.675
-173.398,544.526,161.653
-173.362,544.382,161.631
-173.315,544.237,161.609
-173.269,544.092,161.587
-173.223,543.959,161.576
-173.177,543.814,161.554
-173.131,543.670,161.554
-173.085,543.525,161.543
-173.039,543.391,161.543
-172.993,543.247,161.532
-172.947,543.102,161.532
-172.901,542.958,161.532
-172.854,542.813,161.521
-172.808,542.668,161.510
-172.762,542.535,161.499
-172.726,542.390,161.477
-172.680,542.246,161.466
-172.633,542.112,161.444
-172.587,541.968,161.433
-172.541,541.823,161.411
-172.495,541.678,161.389
-172.459,541.545,161.367
-172.412,541.400,161.345
-172.366,541.256,161.323
-172.320,541.122,161.290
-172.274,540.977,161.268
-172.228,540.833,161.246
-172.182,540.699,161.224
-172.136,540.555,161.202
-172.090,540.410,161.180
-172.044,540.265,161.169
-171.998,540.121,161.147
-171.952,539.976,161.115
-171.905,539.832,161.093
-171.859,539.698,161.071
-171.813,539.553,161.049
-171.767,539.409,161.016
-171.721,539.275,160.994
-171.675,539.131,160.961
-171.629,538.986,160.928
-171.583,538.853,160.895
-171.537,538.708,160.862
-171.490,538.563,160.829
-171.444,538.430,160.807
-171.398,538.285,160.774
-171.352,538.152,160.741
-171.306,538.007,160.708
-171.260,537.862,160.675
-171.214,537.729,160.642
-171.168,537.584,160.609
-171.112,537.440,160.576
-171.075,537.295,160.554
-171.020,537.150,160.532
-170.974,537.017,160.499
-170.928,536.872,160.477
-170.882,536.728,160.455
-170.835,536.594,160.433
-170.780,536.449,160.411
-170.734,536.316,160.389
-170.687,536.171,160.367
-170.641,536.027,160.345
-170.595,535.893,160.323
-170.549,535.748,160.291
-170.494,535.604,160.269
-170.447,535.470,160.247
-170.401,535.325,160.225
-170.355,535.192,160.203
-170.299,535.047,160.170
-170.253,534.903,160.148
-170.207,534.769,160.126
-170.161,534.624,160.104
-170.105,534.491,160.082
-170.059,534.346,160.049
-170.013,534.202,160.027
-169.967,534.068,160.005
-169.911,533.923,159.983
-169.865,533.790,159.950
-169.819,533.645,159.928
-169.763,533.512,159.906
-169.717,533.367,159.884
-169.671,533.222,159.862
-169.616,533.089,159.851
-169.570,532.944,159.829
-169.523,532.799,159.807
-169.468,532.666,159.774
-169.422,532.521,159.752
-169.366,532.388,159.730
-169.320,532.243,159.708
-169.274,532.109,159.686
-169.218,531.965,159.653
-169.172,531.820,159.631
-169.126,531.687,159.609
-169.070,531.542,159.576
-169.024,531.397,159.554
-168.978,531.264,159.532
-168.922,531.119,159.500
-168.876,530.985,159.478
-168.821,530.841,159.445
-168.774,530.707,159.423
-168.719,530.562,159.401
-168.673,530.418,159.368
-168.626,530.284,159.346
-168.571,530.140,159.313
-168.525,530.006,159.291
-168.469,529.861,159.269
-168.423,529.717,159.236
-168.367,529.583,159.214
-168.321,529.438,159.192
-168.266,529.305,159.170
-168.219,529.160,159.148
-168.164,529.027,159.126
-168.118,528.882,159.104
-168.062,528.748,159.093
-168.016,528.604,159.071
-167.960,528.470,159.049
-167.914,528.325,159.027
-167.858,528.181,159.005
-167.803,528.047,158.983
-167.757,527.902,158.961
-167.701,527.769,158.950
-167.655,527.624,158.928
-167.599,527.491,158.906
-167.553,527.346,158.884
-167.497,527.212,158.862
-167.451,527.068,158.840
-167.396,526.934,158.818
-167.340,526.789,158.807
-167.294,526.656,158.785
-167.238,526.511,158.774
-167.182,526.377,158.752
-167.136,526.233,158.730
-167.081,526.099,158.719
-167.035,525.955,158.698
-166.979,525.821,158.676
-166.933,525.676,158.654
-166.877,525.543,158.632
-166.821,525.409,158.610
-166.775,525.264,158.588
-166.720,525.131,158.566
-166.664,524.986,158.555
-166.618,524.852,158.533
-166.562,524.708,158.511
-166.506,524.574,158.500
-166.451,524.429,158.478
-166.405,524.296,158.467
-166.349,524.151,158.445
-166.293,524.017,158.434
-166.247,523.873,158.412
-166.191,523.739,158.390
-166.136,523.606,158.379
-166.080,523.461,158.357
-166.034,523.316,158.346
-165.978,523.183,158.324
-165.923,523.049,158.313
-165.877,522.904,158.291
-165.821,522.771,158.269
-165.765,522.626,158.247
-165.709,522.492,158.214
-165.663,522.348,158.192
-165.608,522.214,158.159
-165.552,522.069,158.126
-165.506,521.936,158.104
-165.450,521.791,158.071
-165.395,521.657,158.038
-165.339,521.513,158.005
-165.283,521.379,157.972
-165.237,521.246,157.939
-165.181,521.101,157.896
-165.126,520.967,157.852
-165.070,520.823,157.808
-165.014,520.689,157.764
-164.968,520.544,157.709
-164.913,520.411,157.665
-164.857,520.266,157.599
-164.801,520.132,157.544
-164.746,519.999,157.489
-164.690,519.854,157.434
-164.634,519.720,157.368
-164.579,519.576,157.302
-164.523,519.442,157.225
-164.467,519.297,157.159
-164.412,519.164,157.083
-164.356,519.030,157.006
-164.300,518.885,156.918
-164.245,518.752,156.830
-164.189,518.618,156.742
-164.133,518.473,156.654
-164.077,518.340,156.555
-164.022,518.206,156.467
-163.966,518.061,156.379
-163.910,517.928,156.281
-163.855,517.783,156.182
-163.790,517.649,156.083
-163.734,517.515,155.984
-163.678,517.382,155.885
-163.613,517.237,155.786
-163.557,517.103,155.687
-163.501,516.970,155.588
-163.436,516.836,155.479
-163.381,516.691,155.380
-163.325,516.558,155.281
-163.260,516.424,155.182
-163.204,516.290,155.072
-163.139,516.145,154.962
-163.083,516.012,154.863
-163.018,515.878,154.753
-162.962,515.744,154.655
-162.897,515.611,154.545
-162.841,515.477,154.435
-162.776,515.343,154.325
-162.711,515.198,154.226
-162.655,515.065,154.116
-162.590,514.931,154.006
-162.524,514.797,153.907
-162.459,514.664,153.798
-162.403,514.530,153.688
-162.338,514.396,153.578
-162.273,514.262,153.468
-162.208,514.129,153.369
-162.142,513.995,153.259
-162.087,513.861,153.160
-162.021,513.728,153.062
-161.956,513.594,152.952
-161.891,513.460,152.853
-161.826,513.326,152.765
-161.760,513.193,152.666
-161.686,513.059,152.567
-161.620,512.925,152.479
-161.555,512.791,152.380
-161.490,512.657,152.281
-161.425,512.524,152.194
-161.359,512.390,152.095
-161.294,512.256,152.007
-161.229,512.123,151.930
-161.154,512.000,151.842
-161.089,511.866,151.765
-161.023,511.732,151.688
-160.949,511.598,151.611
-160.883,511.465,151.534
-160.818,511.342,151.469
-160.753,511.208,151.392
-160.678,511.074,151.326
-160.613,510.941,151.260
-160.538,510.807,151.183
-160.473,510.673,151.117
-160.398,510.550,151.051
-160.332,510.417,150.996
-160.258,510.283,150.930
-160.192,510.160,150.875
-160.118,510.026,150.809
-160.052,509.892,150.754
-159.987,509.759,150.699
-159.912,509.625,150.645
-159.837,509.491,150.601
-159.772,509.368,150.546
-159.697,509.235,150.491
-159.622,509.101,150.447
-159.557,508.978,150.403
-159.482,508.844,150.359
-159.408,508.710,150.315
-159.342,508.577,150.271
-159.267,508.454,150.227
-159.202,508.320,150.183
-159.127,508.186,150.139
-159.052,508.063,150.095
-158.978,507.930,150.051
-158.912,507.807,150.007
-158.837,507.673,149.974
-158.763,507.539,149.930
-158.688,507.416,149.886
-158.622,507.283,149.854
-158.548,507.149,149.821
-158.473,507.026,149.777
-158.398,506.892,149.744
-158.333,506.770,149.711
-158.258,506.636,149.667
-158.183,506.502,149.634
-158.108,506.379,149.590
-158.033,506.245,149.557
-157.958,506.123,149.524
-157.893,505.989,149.491
-157.818,505.855,149.447
-157.743,505.732,149.425
-157.669,505.598,149.392
-157.594,505.476,149.359
-157.519,505.342,149.326
-157.444,505.219,149.293
-157.369,505.085,149.260
-157.294,504.962,149.216
-157.220,504.828,149.183
-157.154,504.695,149.150
-157.079,504.572,149.106
-157.005,504.438,149.073
-156.930,504.315,149.041
-156.855,504.182,149.019
-156.780,504.059,148.986
-156.705,503.925,148.964
-156.630,503.802,148.931
-156.555,503.668,148.909
-156.481,503.546,148.876
-156.406,503.412,148.843
-156.331,503.289,148.821
-156.256,503.155,148.788
-156.181,503.032,148.755
-156.106,502.898,148.733
-156.031,502.776,148.711
-155.957,502.642,148.689
-155.882,502.519,148.667
-155.797,502.385,148.656
-155.723,502.262,148.634
-155.648,502.128,148.623
-155.573,502.006,148.612
-155.498,501.872,148.601
-155.423,501.749,148.590
-155.348,501.615,148.568
-155.273,501.492,148.568
-155.189,501.370,148.557
-155.114,501.236,148.546
-155.039,501.113,148.546
-154.964,500.979,148.546
-154.890,500.856,148.546
-154.815,500.723,148.546
-154.740,500.600,148.557
-154.665,500.477,148.568
-154.590,500.343,148.568
-154.506,500.220,148.579
-154.431,500.086,148.590
-154.356,499.964,148.601
-154.281,499.830,148.623
-154.206,499.707,148.634
-154.132,499.573,148.656
-154.057,499.450,148.678
-153.982,499.317,148.700
-153.907,499.194,148.722
-153.832,499.060,148.755
-153.748,498.937,148.777
-153.673,498.814,148.799
-153.598,498.681,148.832
-153.523,498.558,148.854
-153.448,498.424,148.887
-153.373,498.290,148.920
-153.299,498.167,148.964
-153.224,498.033,148.997
-153.149,497.911,149.041
-153.074,497.788,149.084
-152.999,497.654,149.128
-152.924,497.531,149.183
-152.849,497.397,149.227
-152.775,497.275,149.282
-152.700,497.141,149.326
-152.625,497.007,149.381
-152.560,496.884,149.436
-152.485,496.750,149.491
-152.410,496.628,149.557
-152.335,496.494,149.623
-152.260,496.371,149.700
-152.185,496.237,149.777
-152.110,496.114,149.843
-152.036,495.981,149.930
-151.961,495.847,150.007
-151.886,495.724,150.084
-151.811,495.590,150.161
-151.746,495.456,150.249
-151.671,495.334,150.326
-151.596,495.200,150.414
-151.521,495.066,150.502
-151.447,494.943,150.590
-151.372,494.809,150.677
-151.307,494.676,150.776
-151.232,494.553,150.864
-151.166,494.419,150.963
-151.092,494.285,151.051
-151.017,494.162,151.139
-150.951,494.029,151.227
-150.877,493.895,151.315
-150.811,493.772,151.414
-150.736,493.638,151.501
-150.662,493.505,151.589
-150.596,493.371,151.688
-150.521,493.248,151.787
-150.456,493.114,151.886
-150.381,492.980,151.985
-150.316,492.847,152.073
-150.251,492.713,152.172
-150.176,492.579,152.271
-150.111,492.445,152.369
-150.036,492.312,152.468
-149.971,492.189,152.556
-149.905,492.055,152.655
-149.840,491.921,152.754
-149.775,491.788,152.864
-149.710,491.654,152.963
-149.635,491.520,153.062
-149.570,491.386,153.160
-149.504,491.253,153.259
-149.439,491.119,153.369
-149.374,490.985,153.468
-149.309,490.851,153.567
-149.243,490.718,153.666
-149.178,490.584,153.765
-149.113,490.450,153.864
-149.048,490.316,153.973
-148.982,490.183,154.072
-148.917,490.049,154.171
-148.852,489.915,154.270
-148.796,489.781,154.369
-148.731,489.648,154.468
-148.666,489.514,154.556
-148.600,489.380,154.655
-148.535,489.246,154.753
-148.479,489.102,154.852
-148.414,488.968,154.951
-148.358,488.834,155.050
-148.293,488.701,155.149
-148.228,488.567,155.248
-148.172,488.422,155.358
-148.107,488.288,155.457
-148.051,488.155,155.566
-147.986,488.021,155.676
-147.930,487.887,155.775
-147.865,487.754,155.885
-147.809,487.609,155.984
-147.754,487.475,156.083
-147.688,487.342,156.182
-147.633,487.208,156.281
-147.568,487.063,156.379
-147.512,486.929,156.478
-147.456,486.796,156.566
-147.400,486.662,156.665
-147.335,486.517,156.764
-147.280,486.384,156.863
-147.224,486.250,156.962
-147.168,486.116,157.050
-147.113,485.972,157.137
-147.057,485.838,157.225
-147.001,485.704,157.324
-146.936,485.560,157.412
-146.880,485.426,157.500
-146.825,485.281,157.599
-146.769,485.148,157.687
-146.713,485.003,157.775
-146.658,484.869,157.874
-146.602,484.736,157.961
-146.546,484.591,158.038
-146.491,484.457,158.115
-146.435,484.313,158.181
-146.379,484.179,158.247
-146.333,484.034,158.313
-146.277,483.901,158.368
-146.222,483.756,158.423
-146.166,483.622,158.489
-146.120,483.489,158.555
-146.064,483.344,158.610
-146.009,483.210,158.665
-145.962,483.066,158.719
-145.907,482.932,158.774
-145.851,482.787,158.818
-145.805,482.654,158.873
-145.749,482.509,158.917
-145.694,482.376,158.961
-145.648,482.231,159.016
-145.592,482.086,159.071
-145.536,481.953,159.126
-145.490,481.808,159.181
-145.434,481.674,159.225
-145.379,481.530,159.280
-145.333,481.396,159.324
-145.277,481.251,159.379
-145.231,481.118,159.423
-145.175,480.973,159.456
-145.129,480.840,159.500
-145.083,480.695,159.543
-145.037,480.561,159.576
-144.981,480.417,159.620
-144.935,480.283,159.653
-144.879,480.138,159.697
-144.833,480.005,159.741
-144.778,479.860,159.785
-144.731,479.727,159.829
-144.676,479.582,159.873
-144.630,479.437,159.906
-144.574,479.293,159.950
-144.528,479.159,159.994
-144.482,479.014,160.038
-144.426,478.870,160.082
-144.380,478.736,160.126
-144.334,478.592,160.170
-144.278,478.458,160.214
-144.232,478.313,160.269
-144.186,478.169,160.302
-144.140,478.035,160.356
-144.094,477.902,160.400
-144.038,477.757,160.433
-143.992,477.612,160.466
-143.946,477.479,160.510
-143.900,477.334,160.543
-143.854,477.189,160.576
-143.798,477.056,160.620
-143.752,476.911,160.664
-143.706,476.767,160.697
-143.660,476.633,160.741
-143.604,476.488,160.785
-143.558,476.344,160.829
-143.512,476.199,160.873
-143.466,476.066,160.917
-143.420,475.921,160.961
-143.374,475.776,161.005
-143.327,475.643,161.049
-143.281,475.498,161.093
-143.235,475.354,161.125
-143.189,475.220,161.169
-143.143,475.075,161.213
-143.097,474.931,161.257
-143.041,474.797,161.301
-142.995,474.653,161.334
-142.949,474.508,161.378
-142.903,474.363,161.411
-142.866,474.230,161.455
-142.820,474.085,161.488
-142.774,473.941,161.521
-142.728,473.807,161.554
-142.682,473.662,161.587
-142.636,473.518,161.631
-142.590,473.373,161.664
-142.544,473.240,161.708
-142.497,473.095,161.741
-142.451,472.950,161.774
-142.405,472.806,161.807
-142.369,472.672,161.840
-142.323,472.528,161.873
-142.277,472.383,161.906
-142.230,472.250,161.938
-142.184,472.105,161.971
-142.148,471.961,162.004
-142.102,471.816,162.037
-142.056,471.671,162.070
-142.009,471.538,162.103
-141.963,471.393,162.136
-141.927,471.249,162.169
-141.881,471.104,162.202
-141.834,470.971,162.235
-141.788,470.826,162.268
-141.742,470.681,162.290
-141.706,470.537,162.323
-141.660,470.392,162.356
-141.614,470.259,162.389
-141.567,470.114,162.422
-141.531,469.969,162.455
-141.485,469.825,162.488
-141.439,469.680,162.510
-141.402,469.547,162.543
-141.356,469.402,162.576
-141.310,469.258,162.598
-141.273,469.124,162.620
-141.227,468.980,162.642
-141.181,468.835,162.664
-141.145,468.690,162.697
-141.099,468.546,162.719
-141.062,468.412,162.740
-141.016,468.268,162.762
-140.970,468.123,162.784
-140.933,467.979,162.806
-140.887,467.834,162.828
-140.841,467.689,162.850
-140.805,467.545,162.861
-140.758,467.400,162.883
-140.712,467.267,162.894
-140.676,467.122,162.905
-140.630,466.978,162.916
-140.584,466.833,162.927
-140.547,466.688,162.949
-140.501,466.555,162.949
-140.464,466.410,162.960
-140.418,466.266,162.960
-140.382,466.121,162.960
-140.336,465.977,162.960
-140.299,465.832,162.960
-140.253,465.699,162.949
-140.216,465.554,162.938
-140.170,465.409,162.927
-140.134,465.265,162.916
-140.088,465.120,162.916
-140.042,464.976,162.905
-140.005,464.831,162.894
-139.959,464.687,162.894
-139.922,464.542,162.883
-139.876,464.409,162.883
-139.830,464.264,162.872
-139.794,464.119,162.861
-139.748,463.975,162.839
-139.711,463.830,162.828
-139.674,463.697,162.817
-139.628,463.552,162.795
-139.592,463.408,162.784
-139.546,463.263,162.762
-139.500,463.130,162.751
-139.463,462.985,162.729
-139.417,462.840,162.719
-139.380,462.696,162.697
-139.334,462.551,162.686
-139.288,462.418,162.664
-139.252,462.273,162.653
-139.205,462.129,162.631
-139.159,461.984,162.620
-139.123,461.840,162.598
-139.077,461.706,162.587
-139.040,461.562,162.576
-138.994,461.417,162.554
-138.948,461.272,162.543
-138.911,461.128,162.521
-138.865,460.994,162.510
-138.819,460.850,162.499
-138.783,460.705,162.488
-138.737,460.560,162.466
-138.690,460.427,162.455
-138.654,460.282,162.444
-138.608,460.138,162.433
-138.562,459.993,162.422
-138.525,459.849,162.411
-138.479,459.715,162.400
-138.433,459.571,162.389
-138.396,459.426,162.378
-138.350,459.281,162.367
-138.304,459.137,162.356
-138.258,459.003,162.356
-138.221,458.859,162.345
-138.175,458.714,162.334
-138.129,458.570,162.334
-138.093,458.425,162.323
-138.047,458.291,162.323
-138.001,458.147,162.323
-137.954,458.002,162.323
-137.918,457.858,162.312
-137.872,457.724,162.312
-137.826,457.580,162.301
-137.789,457.435,162.301
-137.743,457.290,162.290
-137.697,457.146,162.279
-137.651,457.012,162.279
-137.614,456.868,162.268
-137.568,456.723,162.268
-137.522,456.579,162.257
-137.476,456.445,162.257
-137.439,456.301,162.257
-137.393,456.156,162.257
-137.347,456.011,162.257
-137.301,455.867,162.257
-137.265,455.733,162.246
-137.218,455.589,162.246
-137.172,455.444,162.235
-137.136,455.299,162.235
-137.090,455.166,162.235
-137.044,455.021,162.235
-136.997,454.877,162.235
-136.961,454.732,162.235
-136.915,454.599,162.235
-136.869,454.454,162.235
-136.823,454.309,162.235
-136.786,454.165,162.235
-136.740,454.020,162.235
-136.694,453.887,162.235
-136.657,453.742,162.235
-136.611,453.598,162.235
-136.565,453.453,162.235
-136.519,453.319,162.235
-136.482,453.175,162.235
-136.436,453.030,162.235
-136.390,452.886,162.235
-136.344,452.741,162.235
-136.298,452.608,162.235
-136.261,452.463,162.235
-136.215,452.318,162.246
-136.169,452.174,162.246
-136.123,452.029,162.246
-136.087,451.896,162.246
-136.040,451.751,162.246
-135.994,451.607,162.257
-135.948,451.462,162.257
-135.912,451.329,162.257
-135.866,451.184,162.257
-135.820,451.039,162.268
-135.773,450.906,162.268
-135.737,450.761,162.268
-135.691,450.617,162.268
-135.645,450.472,162.268
-135.608,450.339,162.268
-135.562,450.194,162.268
-135.516,450.049,162.268
-135.470,449.905,162.279
-135.433,449.771,162.279
-135.387,449.627,162.279
-135.341,449.482,162.290
-135.304,449.338,162.290
-135.258,449.193,162.290
-135.212,449.059,162.301
-135.166,448.915,162.301
-135.130,448.770,162.301
-135.084,448.626,162.301
-135.037,448.481,162.301
-134.991,448.348,162.301
-134.955,448.203,162.312
-134.909,448.058,162.312
-134.863,447.914,162.323
-134.826,447.780,162.323
-134.780,447.636,162.334
-134.734,447.491,162.334
-134.688,447.346,162.334
-134.651,447.213,162.334
-134.605,447.068,162.334
-134.559,446.924,162.334
-134.522,446.779,162.334
-134.476,446.635,162.334
-134.430,446.501,162.345
-134.384,446.357,162.345
-134.347,446.212,162.345
-134.301,446.067,162.356
-134.255,445.923,162.367
-134.219,445.789,162.367
-134.173,445.645,162.367
-134.127,445.500,162.367
-134.090,445.356,162.378
-134.044,445.211,162.378
-133.998,445.077,162.367
-133.961,444.933,162.367
-133.915,444.788,162.367
-133.869,444.644,162.378
-133.823,444.510,162.378
-133.786,444.366,162.378
-133.740,444.221,162.389
-133.694,444.076,162.389
-133.658,443.932,162.400
-133.612,443.787,162.400
-133.565,443.654,162.400
-133.529,443.509,162.400
-133.483,443.365,162.400
-133.437,443.220,162.400
-133.391,443.075,162.400
-133.354,442.942,162.411
-133.308,442.797,162.411
-133.262,442.653,162.411
-133.225,442.508,162.411
-133.179,442.375,162.411
-133.133,442.230,162.411
-133.087,442.085,162.411
-133.050,441.941,162.411
-133.004,441.807,162.411
-132.958,441.663,162.411
-132.922,441.518,162.400
-132.875,441.374,162.400
-132.829,441.229,162.400
-132.793,441.096,162.389
-132.747,440.951,162.400
-132.701,440.806,162.400
-132.655,440.662,162.400
-132.618,440.517,162.400
-132.572,440.373,162.400
-132.526,440.239,162.400
-132.489,440.095,162.400
-132.443,439.950,162.400
-132.397,439.805,162.400
-132.361,439.661,162.411
-132.314,439.527,162.411
-132.268,439.383,162.411
-132.232,439.238,162.411
-132.186,439.094,162.411
-132.139,438.960,162.411
-132.103,438.816,162.400
-132.057,438.671,162.400
-132.011,438.526,162.389
-131.965,438.393,162.389
-131.928,438.248,162.389
-131.882,438.104,162.378
-131.836,437.959,162.378
-131.799,437.815,162.378
-131.753,437.681,162.378
-131.707,437.536,162.378
-131.661,437.392,162.378
-131.624,437.247,162.378
-131.578,437.103,162.378
-131.532,436.969,162.378
-131.496,436.825,162.367
-131.450,436.680,162.367
-131.404,436.535,162.367
-131.357,436.391,162.367
-131.321,436.257,162.367
-131.275,436.113,162.367
-131.229,435.968,162.367
-131.192,435.824,162.367
-131.146,435.679,162.367
-131.100,435.545,162.367
-131.063,435.401,162.356
-131.017,435.256,162.356
-130.971,435.112,162.345
-130.934,434.978,162.334
-130.888,434.834,162.334
-130.842,434.689,162.323
-130.796,434.544,162.312
-130.760,434.400,162.312
-130.714,434.266,162.312
-130.667,434.122,162.301
-130.621,433.977,162.301
-130.575,433.832,162.290
-130.539,433.688,162.279
-130.493,433.554,162.268
-130.447,433.410,162.257
-130.400,433.265,162.246
-130.364,433.121,162.224
-130.318,432.987,162.213
-130.272,432.843,162.191
-130.235,432.698,162.169
-130.189,432.553,162.158
-130.143,432.420,162.136
-130.097,432.275,162.125
-130.060,432.131,162.103
-130.014,431.986,162.092
-129.968,431.842,162.070
-129.922,431.708,162.048
-129.876,431.563,162.026
-129.839,431.419,162.004
-129.793,431.274,161.982
-129.747,431.141,161.960
-129.701,430.996,161.938
-129.664,430.852,161.927
-129.618,430.707,161.906
-129.572,430.573,161.884
-129.526,430.429,161.862
-129.480,430.284,161.840
-129.434,430.140,161.818
-129.397,430.006,161.796
-129.351,429.862,161.774
-129.305,429.717,161.752
-129.259,429.583,161.730
-129.213,429.439,161.708
-129.167,429.294,161.686
-129.130,429.150,161.675
-129.084,429.016,161.653
-129.038,428.871,161.631
-128.992,428.727,161.620
-128.946,428.582,161.598
-128.900,428.449,161.587
-128.854,428.304,161.565
-128.807,428.159,161.554
-128.761,428.015,161.543
-128.715,427.881,161.521
-128.669,427.737,161.510
-128.623,427.592,161.499
-128.577,427.459,161.488
-128.540,427.314,161.477
-128.494,427.169,161.466
-128.448,427.025,161.455
-128.402,426.891,161.444
-128.356,426.747,161.433
-128.310,426.602,161.411
-128.264,426.469,161.400
-128.218,426.324,161.389
-128.172,426.179,161.378
-128.125,426.046,161.367
-128.079,425.901,161.367
-128.033,425.757,161.356
-127.987,425.623,161.345
-127.941,425.478,161.345
-127.895,425.334,161.345
-127.849,425.189,161.334
-127.803,425.045,161.334
-127.757,424.911,161.323
-127.710,424.766,161.312
-127.664,424.622,161.301
-127.618,424.488,161.301
-127.572,424.344,161.290
-127.526,424.199,161.290
-127.480,424.054,161.290
-127.434,423.921,161.301
-127.388,423.776,161.301
-127.342,423.632,161.301
-127.295,423.498,161.301
-127.249,423.353,161.301
-127.203,423.209,161.301
-127.167,423.075,161.290
-127.121,422.931,161.290
-127.074,422.786,161.290
-127.028,422.642,161.290
-126.982,422.508,161.290
-126.936,422.363,161.290
-126.890,422.219,161.290
-126.844,422.085,161.290
-126.798,421.941,161.290
-126.752,421.796,161.301
-126.706,421.662,161.301
-126.659,421.518,161.301
-126.613,421.373,161.301
-126.567,421.229,161.312
-126.521,421.095,161.312
-126.475,420.950,161.312
-126.429,420.806,161.323
-126.383,420.672,161.323
-126.337,420.528,161.334
-126.291,420.383,161.334
-126.244,420.250,161.334
-126.198,420.105,161.345
-126.152,419.960,161.345
-126.106,419.816,161.356
-126.060,419.682,161.367
-126.014,419.538,161.367
-125.968,419.393,161.378
-125.922,419.248,161.389
-125.876,419.115,161.389
-125.830,418.970,161.400
-125.784,418.826,161.400
-125.737,418.692,161.411
-125.691,418.547,161.411
-125.655,418.403,161.411
-125.609,418.269,161.422
-125.562,418.125,161.422
-125.516,417.991,161.422
-125.470,417.847,161.433
-125.424,417.702,161.433
-125.378,417.568,161.444
-125.332,417.424,161.444
-125.286,417.279,161.455
-125.240,417.146,161.466
-125.193,417.001,161.477
-125.147,416.856,161.477
-125.101,416.712,161.488
-125.055,416.567,161.499
-125.009,416.423,161.510
-124.963,416.289,161.521
-124.917,416.144,161.521
-124.871,416.000,161.543
-124.834,415.855,161.554
-124.788,415.722,161.565
-124.742,415.577,161.565
-124.696,415.433,161.576
-124.650,415.299,161.598
-124.604,415.154,161.609
-124.558,415.010,161.620
-124.512,414.865,161.620
-124.465,414.732,161.631
-124.419,414.587,161.642
-124.373,414.442,161.653
-124.327,414.298,161.675
-124.281,414.153,161.697
-124.235,414.009,161.719
-124.189,413.875,161.741
-124.143,413.730,161.774
-124.097,413.586,161.796
-124.060,413.441,161.829
-124.014,413.308,161.851
-123.968,413.163,161.862
-123.922,413.018,161.884
-123.876,412.885,161.906
-123.830,412.740,161.917
-123.793,412.596,161.938
-123.747,412.451,161.949
-123.701,412.318,161.971
-123.664,412.173,161.982
-123.618,412.029,162.004
-123.572,411.895,162.026
-123.526,411.750,162.048
-123.480,411.606,162.081
-123.434,411.461,162.103
-123.388,411.328,162.136
-123.342,411.172,162.158
-123.305,411.038,162.191
-123.259,410.894,162.213
-123.213,410.749,162.246
-123.167,410.605,162.268
-123.120,410.471,162.301
-123.084,410.327,162.323
-123.038,410.182,162.356
-122.992,410.037,162.378
-122.955,409.904,162.400
-122.909,409.759,162.422
-122.863,409.615,162.444
-122.817,409.481,162.455
-122.780,409.337,162.477
-122.734,409.192,162.499
-122.688,409.059,162.510
-122.651,408.914,162.532
-122.605,408.769,162.554
-122.559,408.625,162.565
-122.523,408.480,162.587
-122.477,408.336,162.609
-122.440,408.191,162.631
-122.394,408.047,162.653
-122.348,407.913,162.675
-122.302,407.768,162.697
-122.265,407.624,162.719
-122.219,407.479,162.740
-122.173,407.335,162.762
-122.136,407.201,162.784
-122.090,407.057,162.806
-122.054,406.912,162.828
-122.008,406.767,162.839
-121.971,406.634,162.861
-121.925,406.489,162.872
-121.889,406.345,162.883
-121.842,406.200,162.905
-121.796,406.056,162.916
-121.760,405.922,162.938
-121.714,405.778,162.949
-121.677,405.633,162.971
-121.631,405.488,162.993
-121.585,405.344,163.015
-121.548,405.199,163.037
-121.502,405.055,163.070
-121.466,404.921,163.092
-121.420,404.777,163.114
-121.383,404.632,163.136
-121.337,404.488,163.158
-121.300,404.343,163.180
-121.254,404.210,163.202
-121.218,404.065,163.213
-121.172,403.920,163.235
-121.135,403.776,163.257
-121.089,403.631,163.279
-121.052,403.498,163.301
-121.006,403.353,163.312
-120.970,403.209,163.334
-120.924,403.064,163.356
-120.887,402.920,163.378
-120.841,402.775,163.400
-120.805,402.630,163.411
-120.768,402.486,163.433
-120.722,402.341,163.455
-120.685,402.208,163.466
-120.639,402.063,163.488
-120.603,401.919,163.510
-120.557,401.774,163.531
-120.520,401.630,163.542
-120.474,401.485,163.564
-120.437,401.340,163.586
-120.391,401.207,163.608
-120.355,401.062,163.630
-120.318,400.918,163.641
-120.272,400.773,163.663
-120.236,400.629,163.674
-120.199,400.484,163.696
-120.153,400.340,163.707
-120.116,400.206,163.729
-120.070,400.062,163.740
-120.034,399.917,163.762
-119.997,399.773,163.784
-119.951,399.628,163.795
-119.915,399.483,163.817
-119.878,399.339,163.839
-119.832,399.194,163.861
-119.795,399.050,163.883
-119.749,398.916,163.905
-119.713,398.772,163.927
-119.676,398.627,163.949
-119.630,398.483,163.971
-119.593,398.338,163.993
-119.557,398.194,164.004
-119.520,398.049,164.026
-119.474,397.905,164.048
-119.438,397.760,164.070
-119.401,397.627,164.081
-119.355,397.482,164.103
-119.319,397.337,164.114
-119.282,397.193,164.125
-119.245,397.048,164.147
-119.199,396.904,164.158
-119.163,396.759,164.169
-119.126,396.615,164.191
-119.080,396.470,164.202
-119.044,396.326,164.213
-119.007,396.181,164.213
-118.970,396.048,164.224
-118.934,395.903,164.224
-118.888,395.759,164.235
-118.851,395.614,164.235
-118.815,395.470,164.235
-118.778,395.325,164.246
-118.732,395.180,164.257
-118.696,395.036,164.257
-118.659,394.891,164.268
-118.623,394.747,164.279
-118.586,394.613,164.290
-118.540,394.469,164.290
-118.503,394.324,164.301
-118.467,394.180,164.301
-118.430,394.035,164.312
-118.394,393.891,164.312
-118.357,393.746,164.312
-118.311,393.602,164.323
-118.275,393.457,164.323
-118.238,393.313,164.333
-118.201,393.168,164.344
-118.155,393.024,164.344
-118.119,392.879,164.355
-118.082,392.734,164.355
-118.046,392.601,164.366
-118.009,392.457,164.366
-117.973,392.312,164.366
-117.926,392.167,164.366
-117.890,392.023,164.366
-117.853,391.878,164.366
-117.817,391.734,164.366
-117.780,391.589,164.366
-117.744,391.445,164.366
-117.698,391.300,164.377
-117.661,391.156,164.377
-117.625,391.011,164.388
-117.588,390.867,164.388
-117.542,390.722,164.399
-117.505,390.589,164.399
-117.469,390.444,164.399
-117.432,390.300,164.410
-117.396,390.155,164.410
-117.359,390.011,164.410
-117.323,389.866,164.421
-117.277,389.721,164.421
-117.240,389.577,164.421
-117.203,389.432,164.432
-117.167,389.288,164.432
-117.130,389.155,164.432
-117.084,389.010,164.443
-117.048,388.865,164.443
-117.011,388.721,164.443
-116.975,388.576,164.454
-116.938,388.432,164.454
-116.902,388.287,164.454
-116.855,388.143,164.465
-116.819,387.998,164.465
-116.782,387.854,164.465
-116.746,387.709,164.465
-116.709,387.565,164.476
-116.673,387.420,164.476
-116.627,387.276,164.476
-116.590,387.142,164.487
-116.553,386.998,164.487
-116.517,386.853,164.487
-116.480,386.709,164.498
-116.434,386.564,164.498
-116.398,386.419,164.498
-116.361,386.275,164.498
-116.325,386.130,164.509
-116.288,385.986,164.509
-116.252,385.841,164.509
-116.215,385.708,164.509
-116.178,385.563,164.509
-116.142,385.419,164.509
-116.096,385.274,164.509
-116.059,385.130,164.509
-116.023,384.985,164.509
-115.986,384.841,164.520
-115.950,384.696,164.520
-115.913,384.552,164.531
-115.867,384.407,164.531
-115.830,384.263,164.531
-115.794,384.118,164.542
-115.757,383.974,164.542
-115.721,383.829,164.542
-115.684,383.685,164.542
-115.638,383.540,164.542
-115.602,383.395,164.542
-115.565,383.251,164.553
-115.529,383.106,164.553
-115.492,382.973,164.553
-115.455,382.829,164.564
-115.409,382.684,164.564
-115.373,382.539,164.564
-115.336,382.395,164.564
-115.300,382.250,164.564
-115.263,382.106,164.564
-115.227,381.961,164.564
-115.190,381.817,164.564
-115.154,381.672,164.564
-115.107,381.539,164.564
-115.071,381.394,164.564
-115.034,381.250,164.564
-114.998,381.105,164.564
-114.961,380.961,164.564
-114.925,380.816,164.564
-114.888,380.672,164.564
-114.852,380.527,164.564
-114.806,380.383,164.564
-114.769,380.238,164.575
-114.732,380.094,164.564
-114.696,379.960,164.564
-114.659,379.805,164.575
-114.623,379.660,164.575
-114.586,379.516,164.575
-114.550,379.371,164.575
-114.504,379.237,164.586
-114.467,379.093,164.586
-114.430,378.948,164.586
-114.394,378.804,164.597
-114.357,378.659,164.597
-114.321,378.515,164.597
-114.284,378.370,164.597
-114.238,378.226,164.597
-114.202,378.081,164.608
-114.165,377.937,164.608
-114.129,377.792,164.608
-114.092,377.659,164.608
-114.055,377.514,164.608
-114.019,377.370,164.619
-113.982,377.225,164.619
-113.936,377.081,164.619
-113.900,376.936,164.619
-113.863,376.792,164.619
-113.827,376.647,164.619
-113.790,376.503,164.619
-113.754,376.358,164.630
-113.717,376.214,164.630
-113.681,376.069,164.630
-113.634,375.924,164.641
-113.598,375.780,164.641
-113.561,375.635,164.652
-113.525,375.491,164.652
-113.488,375.346,164.663
-113.452,375.202,164.663
-113.415,375.057,164.663
-113.379,374.913,164.663
-113.342,374.768,164.663
-113.296,374.624,164.674
-113.259,374.490,164.674
-113.223,374.346,164.685
-113.186,374.201,164.685
-113.150,374.057,164.696
-113.113,373.912,164.707
-113.077,373.768,164.707
-113.040,373.623,164.718
-113.004,373.479,164.718
-112.958,373.334,164.729
-112.921,373.190,164.729
-112.884,373.045,164.740
-112.848,372.901,164.751
-112.811,372.756,164.762
-112.775,372.623,164.762
-112.738,372.478,164.773
-112.702,372.334,164.784
-112.665,372.189,164.806
-112.629,372.045,164.806
-112.592,371.900,164.817
-112.546,371.755,164.828
-112.509,371.611,164.839
-112.473,371.466,164.850
-112.436,371.322,164.850
-112.400,371.177,164.861
-112.363,371.033,164.872
-112.327,370.888,164.883
-112.290,370.744,164.894
-112.253,370.610,164.905
-112.217,370.466,164.927
-112.180,370.321,164.938
-112.144,370.177,164.949
-112.107,370.032,164.960
-112.071,369.888,164.971
-112.034,369.743,164.982
-111.998,369.599,164.993
-111.961,369.454,165.004
-111.925,369.310,165.015
-111.888,369.165,165.026
-111.852,369.021,165.037
-111.815,368.876,165.048
-111.778,368.732,165.070
-111.742,368.587,165.081
-111.705,368.443,165.092
-111.669,368.298,165.103
-111.632,368.154,165.114
-111.596,368.009,165.135
-111.559,367.865,165.146
-111.523,367.720,165.157
-111.486,367.576,165.168
-111.450,367.431,165.190
-111.413,367.298,165.201
-111.376,367.153,165.212
-111.340,367.009,165.223
-111.303,366.864,165.234
-111.267,366.720,165.245
-111.230,366.575,165.256
-111.194,366.431,165.267
-111.157,366.286,165.278
-111.121,366.142,165.289
-111.084,365.997,165.300
-111.048,365.853,165.311
-111.011,365.708,165.333
-110.974,365.564,165.344
-110.947,365.419,165.355
-110.911,365.275,165.366
-110.874,365.130,165.377
-110.838,364.986,165.388
-110.801,364.841,165.399
-110.765,364.697,165.410
-110.728,364.552,165.421
-110.692,364.408,165.432
-110.655,364.263,165.454
-110.619,364.119,165.465
-110.582,363.985,165.476
-110.545,363.841,165.498
-110.509,363.696,165.509
-110.482,363.552,165.531
-110.445,363.407,165.542
-110.409,363.263,165.553
-110.372,363.118,165.564
-110.336,362.974,165.586
-110.299,362.829,165.597
-110.263,362.685,165.608
-110.226,362.540,165.630
-110.199,362.396,165.641
-110.163,362.251,165.663
-110.126,362.107,165.674
-110.089,361.962,165.685
-110.053,361.818,165.707
-110.016,361.673,165.718
-109.980,361.529,165.729
-109.953,361.384,165.740
-109.916,361.240,165.751
-109.880,361.095,165.762
-109.853,360.951,165.773
-109.816,360.806,165.784
-109.780,360.662,165.795
-109.743,360.517,165.806
-109.707,360.373,165.817
-109.670,360.228,165.828
-109.643,360.084,165.839
-109.606,359.950,165.850
-109.570,359.806,165.872
-109.533,359.650,165.883
-109.497,359.506,165.894
-109.470,359.361,165.916
-109.433,359.217,165.927
-109.397,359.072,165.938
-109.360,358.928,165.959
-109.324,358.783,165.970
-109.297,358.639,165.981
-109.260,358.494,165.992
-109.224,358.350,166.003
-109.187,358.205,166.014
-109.151,358.061,166.036
-109.124,357.917,166.047
-109.087,357.772,166.058
-109.050,357.627,166.080
-109.014,357.483,166.091
-108.987,357.339,166.113
-108.950,357.194,166.124
-108.914,357.050,166.135
-108.877,356.905,166.146
-108.850,356.761,166.168
-108.814,356.616,166.179
-108.777,356.472,166.190
-108.741,356.327,166.201
-108.714,356.183,166.212
-108.677,356.038,166.223
-108.640,355.905,166.245
-108.613,355.760,166.256
-108.577,355.616,166.267
-108.540,355.471,166.278
-108.504,355.327,166.289
-108.477,355.171,166.311
-108.440,355.027,166.322
-108.413,354.882,166.333
-108.377,354.738,166.344
-108.340,354.593,166.355
-108.304,354.449,166.377
-108.277,354.304,166.388
-108.240,354.160,166.399
-108.204,354.015,166.421
-108.177,353.871,166.432
-108.140,353.727,166.443
-108.104,353.582,166.454
-108.077,353.438,166.465
-108.040,353.293,166.476
-108.003,353.149,166.487
-107.976,353.004,166.498
-107.940,352.860,166.509
-107.903,352.715,166.520
-107.876,352.571,166.531
-107.840,352.426,166.542
-107.813,352.282,166.553
-107.776,352.137,166.564
-107.740,351.993,166.575
-107.713,351.848,166.586
-107.676,351.704,166.608
-107.640,351.559,166.619
-107.613,351.415,166.641
-107.576,351.270,166.652
-107.540,351.126,166.663
-107.513,350.982,166.685
-107.476,350.837,166.696
-107.449,350.693,166.707
-107.412,350.548,166.718
-107.385,350.404,166.729
-107.349,350.259,166.740
-107.312,350.115,166.740
-107.285,349.970,166.750
-107.249,349.826,166.761
-107.222,349.681,166.772
-107.185,349.537,166.783
-107.149,349.392,166.794
-107.122,349.248,166.805
-107.085,349.103,166.816
-107.058,348.959,166.827
-107.022,348.814,166.838
-106.985,348.670,166.849
-106.958,348.526,166.860
-106.922,348.381,166.871
-106.895,348.237,166.882
-106.858,348.092,166.893
-106.831,347.948,166.904
-106.794,347.803,166.915
-106.758,347.659,166.926
-106.731,347.514,166.937
-106.694,347.370,166.948
-106.667,347.225,166.959
-106.631,347.081,166.970
-106.604,346.936,166.970
-106.567,346.792,166.981
-106.540,346.648,166.992
-106.504,346.503,166.992
-106.477,346.359,167.003
-106.440,346.214,167.003
-106.413,346.070,167.014
-106.377,345.925,167.014
-106.350,345.770,167.025
-106.313,345.625,167.036
-106.286,345.481,167.047
-106.250,345.336,167.058
-106.213,345.192,167.069
-106.186,345.047,167.080
-106.150,344.903,167.091
-106.123,344.758,167.102
-106.086,344.614,167.113
-106.059,344.470,167.124
-106.022,344.325,167.135
-105.995,344.181,167.146
-105.959,344.036,167.146
-105.932,343.892,167.157
-105.895,343.747,167.168
-105.868,343.603,167.179
-105.832,343.458,167.190
-105.805,343.314,167.190
-105.768,343.169,167.201
-105.741,343.025,167.212
-105.705,342.880,167.223
-105.678,342.736,167.234
-105.641,342.591,167.245
-105.614,342.447,167.256
-105.578,342.291,167.267
-105.551,342.147,167.278
-105.514,342.003,167.289
-105.487,341.858,167.300
-105.451,341.714,167.300
-105.424,341.569,167.311
-105.387,341.425,167.333
-105.360,341.280,167.344
-105.333,341.136,167.355
-105.297,340.991,167.366
-105.270,340.847,167.377
-105.233,340.702,167.388
-105.206,340.558,167.399
-105.169,340.414,167.410
-105.142,340.269,167.421
-105.106,340.125,167.432
-105.079,339.980,167.432
-105.052,339.836,167.443
-105.015,339.691,167.454
-104.988,339.547,167.465
-104.952,339.391,167.476
-104.915,339.247,167.498
-104.888,339.102,167.509
-104.861,338.958,167.520
-104.825,338.813,167.531
-104.798,338.669,167.542
-104.761,338.525,167.552
-104.734,338.380,167.552
-104.707,338.236,167.563
-104.671,338.091,167.563
-104.644,337.947,167.574
-104.607,337.791,167.585
-104.580,337.647,167.585
-104.553,337.502,167.596
-104.517,337.358,167.596
-104.490,337.214,167.607
-104.453,337.069,167.618
-104.426,336.925,167.618
-104.399,336.780,167.618
-104.363,336.636,167.629
-104.336,336.491,167.629
-104.309,336.347,167.640
-104.272,336.202,167.640
-104.245,336.058,167.640
-104.209,335.913,167.651
-104.182,335.769,167.651
-104.155,335.625,167.651
-104.118,335.480,167.651
-104.091,335.336,167.651
-104.064,335.180,167.651
-104.028,335.036,167.662
-104.001,334.891,167.662
-103.964,334.747,167.662
-103.937,334.602,167.673
-103.900,334.458,167.673
-103.873,334.313,167.684
-103.846,334.169,167.684
-103.810,334.025,167.695
-103.783,333.869,167.695
-103.756,333.725,167.695
-103.719,333.580,167.695
-103.692,333.436,167.706
-103.656,333.291,167.706
-103.629,333.147,167.706
-103.602,333.002,167.706
-103.565,332.858,167.717
-103.538,332.713,167.717
-103.511,332.558,167.728
-103.475,332.413,167.728
-103.448,332.269,167.739
-103.421,332.125,167.739
-103.384,331.980,167.739
-103.357,331.836,167.739
-103.330,331.691,167.739
-103.294,331.547,167.739
-103.267,331.402,167.728
-103.240,331.258,167.728
-103.203,331.113,167.728
-103.176,330.958,167.728
-103.149,330.814,167.739
-103.113,330.669,167.739
-103.086,330.525,167.739
-103.049,330.380,167.739
-103.022,330.236,167.750
-102.995,330.080,167.750
-102.959,329.936,167.750
-102.932,329.791,167.750
-102.905,329.647,167.750
-102.868,329.502,167.750
-102.841,329.358,167.750
-102.805,329.214,167.750
-102.778,329.069,167.750
-102.751,328.925,167.750
-102.714,328.780,167.761
-102.687,328.625,167.761
-102.660,328.480,167.761
-102.624,328.336,167.761
-102.597,328.191,167.772
-102.570,328.047,167.772
-102.533,327.902,167.772
-102.506,327.758,167.772
-102.479,327.614,167.761
-102.443,327.469,167.761
-102.416,327.314,167.761
-102.389,327.169,167.761
-102.352,327.025,167.761
-102.325,326.880,167.772
-102.289,326.736,167.772
-102.262,326.591,167.783
-102.235,326.447,167.783
-102.198,326.302,167.783
-102.171,326.158,167.783
-102.144,326.014,167.783
-102.108,325.858,167.783
-102.081,325.714,167.783
-102.054,325.569,167.783
-102.017,325.425,167.783
-101.990,325.280,167.783
-101.963,325.136,167.783
-101.927,324.991,167.783
-101.900,324.847,167.783
-101.873,324.703,167.783
-101.836,324.558,167.783
-101.809,324.414,167.783
-101.782,324.269,167.794
-101.745,324.125,167.794
-101.718,323.980,167.794
-101.692,323.825,167.805
-101.655,323.680,167.805
-101.628,323.536,167.816
-101.591,323.391,167.816
-101.564,323.247,167.816
-101.537,323.103,167.816
-101.501,322.947,167.827
-101.474,322.803,167.827
-101.447,322.658,167.827
-101.410,322.514,167.827
-101.383,322.369,167.827
-101.356,322.225,167.838
-101.320,322.080,167.838
-101.293,321.936,167.849
-101.266,321.792,167.849
-101.239,321.647,167.849
-101.202,321.503,167.849
-101.175,321.347,167.849
-101.148,321.203,167.849
-101.112,321.058,167.849
-101.085,320.914,167.838
-101.058,320.769,167.838
-101.031,320.625,167.838
-100.994,320.480,167.849
-100.958,320.336,167.849
-100.931,320.192,167.860
-100.904,320.047,167.871
-100.877,319.903,167.882
-100.840,319.758,167.882
-100.813,319.603,167.882
-100.786,319.458,167.893
-100.750,319.314,167.893
-100.723,319.169,167.893
-100.696,319.025,167.893
-100.669,318.881,167.893
-100.632,318.736,167.893
-100.605,318.592,167.904
-100.578,318.436,167.904
-100.542,318.292,167.915
-100.515,318.147,167.926
-100.488,318.003,167.937
-100.451,317.858,167.937
-100.424,317.714,167.948
-100.397,317.570,167.948
-100.361,317.425,167.948
-100.334,317.281,167.948
-100.307,317.125,167.948
-100.280,316.981,167.937
-100.243,316.836,167.937
-100.216,316.692,167.937
-100.189,316.547,167.937
-100.162,316.403,167.937
-100.126,316.259,167.948
-100.099,316.114,167.948
-100.062,315.970,167.948
-100.035,315.825,167.948
-100.008,315.670,167.948
-99.981,315.525,167.959
-99.945,315.381,167.948
-99.918,315.236,167.948
-99.891,315.092,167.948
-99.864,314.948,167.948
-99.827,314.803,167.948
-99.800,314.659,167.948
-99.764,314.514,167.948
-99.737,314.370,167.948
-99.710,314.214,167.948
-99.683,314.070,167.948
-99.646,313.925,167.948
-99.619,313.781,167.948
-99.592,313.636,167.948
-99.565,313.492,167.937
-99.529,313.348,167.937
-99.502,313.203,167.937
-99.475,313.048,167.937
-99.438,312.903,167.926
-99.411,312.759,167.926
-99.384,312.614,167.926
-99.357,312.470,167.915
-99.321,312.325,167.915
-99.294,312.181,167.915
-99.267,312.037,167.915
-99.230,311.892,167.915
-99.203,311.748,167.904
-99.176,311.592,167.904
-99.140,311.448,167.904
-99.113,311.303,167.904
-99.086,311.159,167.893
-99.059,311.014,167.893
-99.022,310.870,167.893
-98.995,310.726,167.882
-98.968,310.581,167.871
-98.931,310.437,167.871
-98.904,310.292,167.860
-98.877,310.148,167.860
-98.841,309.992,167.849
-98.814,309.848,167.849
-98.787,309.703,167.838
-98.760,309.559,167.838
-98.723,309.414,167.827
-98.696,309.270,167.816
-98.669,309.126,167.816
-98.633,308.981,167.805
-98.606,308.826,167.805
-98.579,308.681,167.794
-98.542,308.537,167.783
-98.515,308.392,167.783
-98.488,308.248,167.783
-98.452,308.103,167.772
-98.425,307.959,167.772
-98.398,307.815,167.772
-98.361,307.670,167.772
-98.334,307.526,167.761
-98.307,307.381,167.761
-98.280,307.226,167.761
-98.244,307.081,167.750
-98.217,306.937,167.750
-98.190,306.792,167.739
-98.153,306.648,167.739
-98.126,306.504,167.728
-98.099,306.359,167.728
-98.063,306.215,167.717
-98.036,306.070,167.717
-97.999,305.915,167.717
-97.972,305.770,167.706
-97.945,305.626,167.706
-97.909,305.481,167.706
-97.882,305.337,167.706
-97.855,305.193,167.695
-97.818,305.048,167.695
-97.791,304.904,167.695
-97.764,304.748,167.695
-97.728,304.604,167.684
-97.701,304.459,167.684
-97.674,304.315,167.684
-97.637,304.170,167.684
-97.610,304.026,167.673
-97.583,303.881,167.673
-97.547,303.737,167.673
-97.520,303.593,167.673
-97.493,303.448,167.662
-97.456,303.304,167.662
-97.429,303.159,167.651
-97.402,303.004,167.651
-97.366,302.859,167.651
-97.339,302.715,167.640
-97.312,302.570,167.640
-97.275,302.426,167.629
-97.248,302.281,167.629
-97.212,302.137,167.629
-97.185,301.993,167.618
-97.158,301.848,167.618
-97.121,301.704,167.618
-97.094,301.559,167.618
-97.067,301.415,167.618
-97.031,301.259,167.607
-97.004,301.115,167.607
-96.977,300.970,167.607
-96.940,300.826,167.607
-96.913,300.681,167.607
-96.886,300.537,167.596
-96.850,300.393,167.596
-96.823,300.248,167.585
-96.786,300.104,167.585
-96.759,299.959,167.574
-96.732,299.815,167.574
-96.695,299.670,167.574
-96.668,299.526,167.563
-96.641,299.382,167.563
-96.605,299.226,167.563
-96.578,299.082,167.563
-96.541,298.937,167.563
-96.514,298.793,167.563
-96.487,298.648,167.563
-96.451,298.504,167.563
-96.424,298.359,167.563
-96.387,298.215,167.563
-96.360,298.070,167.552
-96.333,297.926,167.552
-96.297,297.770,167.552
-96.270,297.626,167.552
-96.243,297.482,167.552
-96.206,297.337,167.542
-96.179,297.193,167.542
-96.143,297.048,167.542
-96.116,296.904,167.542
-96.089,296.759,167.542
-96.052,296.615,167.531
-96.025,296.470,167.531
-95.989,296.326,167.520
-95.962,296.181,167.520
-95.935,296.037,167.509
-95.898,295.893,167.509
-95.871,295.737,167.509
-95.835,295.593,167.498
-95.808,295.448,167.498
-95.781,295.304,167.498
-95.744,295.159,167.487
-95.717,295.015,167.487
-95.681,294.870,167.487
-95.654,294.726,167.487
-95.627,294.581,167.476
-95.590,294.437,167.476
-95.563,294.281,167.476
-95.527,294.137,167.465
-95.500,293.993,167.465
-95.463,293.848,167.465
-95.436,293.704,167.465
-95.409,293.559,167.465
-95.373,293.415,167.465
-95.345,293.270,167.465
-95.318,293.126,167.465
-95.282,292.981,167.465
-95.255,292.837,167.454
-95.218,292.692,167.454
-95.191,292.548,167.443
-95.164,292.404,167.443
-95.128,292.270,167.432
-95.101,292.126,167.421
-95.074,291.981,167.421
-95.037,291.837,167.410
-95.010,291.692,167.399
-94.983,291.559,167.399
-94.946,291.415,167.388
-94.919,291.270,167.388
-94.892,291.126,167.377
-94.856,290.992,167.377
-94.829,290.848,167.377
-94.802,290.715,167.377
-94.775,290.581,167.377
-94.748,290.437,167.377
-94.711,290.304,167.377
-94.684,290.170,167.377
-94.657,290.037,167.377
-94.629,289.904,167.377
-94.602,289.770,167.377
-94.566,289.626,167.377
-94.539,289.503,167.377
-94.511,289.370,167.366
-94.484,289.237,167.366
-94.457,289.104,167.355
-94.430,288.970,167.355
-94.403,288.837,167.344
-94.376,288.715,167.344
-94.349,288.581,167.333
-94.321,288.459,167.322
-94.294,288.326,167.322
-94.267,288.204,167.311
-94.240,288.070,167.289
-94.212,287.948,167.278
-94.185,287.826,167.256
-94.158,287.692,167.245
-94.131,287.570,167.223
-94.104,287.448,167.201
-94.076,287.337,167.179
-94.049,287.215,167.157
-94.022,287.092,167.124
-93.994,286.970,167.102
-93.977,286.848,167.080
-93.949,286.726,167.058
-93.922,286.615,167.036
-93.895,286.492,167.014
-93.868,286.370,166.992
-93.840,286.259,166.970
-93.822,286.148,166.948
-93.795,286.026,166.926
-93.768,285.914,166.904
-93.740,285.803,166.882
-93.713,285.681,166.860
-93.695,285.570,166.838
-93.668,285.459,166.816
-93.641,285.348,166.794
-93.623,285.237,166.772
-93.595,285.125,166.750
-93.568,285.014,166.729
-93.540,284.914,166.718
-93.513,284.803,166.696
-93.495,284.692,166.674
-93.468,284.581,166.652
-93.440,284.481,166.641
-93.423,284.370,166.619
-93.395,284.270,166.597
-93.377,284.159,166.586
-93.350,284.059,166.564
-93.322,283.947,166.553
-93.304,283.847,166.531
-93.277,283.747,166.520
-93.259,283.647,166.498
-93.231,283.547,166.476
-93.204,283.436,166.465
-93.186,283.336,166.443
-93.159,283.236,166.432
-93.141,283.136,166.410
-93.113,283.047,166.399
-93.085,282.947,166.388
-93.068,282.847,166.366
-93.050,282.747,166.355
-93.022,282.658,166.333
-93.004,282.558,166.322
-92.976,282.458,166.300
-92.958,282.369,166.289
-92.940,282.269,166.267
-92.913,282.180,166.256
-92.895,282.091,166.245
-92.867,281.991,166.223
-92.849,281.903,166.212
-92.831,281.814,166.201
-92.804,281.714,166.190
-92.785,281.625,166.179
-92.767,281.536,166.168
-92.740,281.436,166.157
-92.722,281.347,166.146
-92.704,281.258,166.124
-92.676,281.169,166.113
-92.648,281.080,166.102
-92.630,280.991,166.080
-92.612,280.902,166.058
-92.594,280.813,166.047
-92.567,280.724,166.036
-92.548,280.635,166.014
-92.531,280.536,166.003
-92.503,280.447,165.981
-92.485,280.358,165.970
-92.457,280.269,165.948
-92.439,280.180,165.938
-92.421,280.091,165.916
-92.393,280.002,165.905
-92.375,279.913,165.883
-92.357,279.824,165.872
-92.330,279.735,165.861
-92.312,279.646,165.850
-92.293,279.557,165.828
-92.266,279.468,165.817
-92.248,279.380,165.806
-92.220,279.291,165.795
-92.202,279.202,165.784
-92.174,279.113,165.773
-92.156,279.024,165.762
-92.138,278.935,165.762
-92.111,278.846,165.751
-92.093,278.757,165.751
-92.074,278.668,165.740
-92.056,278.579,165.740
-92.029,278.490,165.740
-92.001,278.401,165.740
-91.983,278.323,165.740
-91.965,278.235,165.729
-91.937,278.146,165.729
-91.919,278.057,165.729
-91.901,277.968,165.718
-91.883,277.890,165.718
-91.855,277.801,165.718
-91.837,277.712,165.718
-91.819,277.634,165.718
-91.791,277.545,165.718
-91.773,277.468,165.729
-91.755,277.379,165.729
-91.737,277.301,165.740
-91.709,277.212,165.751
-91.691,277.134,165.762
-91.673,277.045,165.773
-91.655,276.967,165.784
-91.636,276.890,165.806
-91.609,276.801,165.828
-91.591,276.723,165.839
-91.572,276.645,165.861
-91.554,276.567,165.883
-91.536,276.489,165.894
-91.518,276.412,165.916
-91.500,276.334,165.938
-91.481,276.256,165.948
-91.463,276.178,165.970
-91.445,276.101,165.992
-91.417,276.023,166.014
-91.399,275.945,166.036
-91.390,275.878,166.058
-91.372,275.800,166.080
-91.354,275.723,166.102
-91.335,275.656,166.124
-91.317,275.578,166.146
-91.299,275.511,166.168
-91.281,275.434,166.190
-91.262,275.367,166.212
-91.254,275.289,166.234
-91.226,275.222,166.267
-91.207,275.156,166.289
-91.199,275.089,166.311
-91.180,275.022,166.344
-91.162,274.945,166.366
-91.153,274.878,166.377
-91.135,274.811,166.399
-91.117,274.744,166.421
-91.108,274.678,166.432
-91.090,274.611,166.443
-91.071,274.556,166.454
-91.053,274.489,166.465
-91.044,274.422,166.476
-91.026,274.355,166.487
-91.017,274.289,166.498
-90.998,274.233,166.520
-90.990,274.167,166.531
-90.971,274.111,166.542
-90.962,274.044,166.553
-90.944,273.978,166.575
-90.926,273.922,166.597
-90.917,273.867,166.608
-90.898,273.800,166.630
-90.889,273.744,166.652
-90.871,273.689,166.685
-90.862,273.622,166.707
-90.853,273.567,166.729
-90.835,273.511,166.750
-90.826,273.455,166.772
-90.807,273.400,166.783
-90.798,273.344,166.805
-90.780,273.289,166.816
-90.771,273.233,166.827
-90.762,273.178,166.838
-90.744,273.133,166.849
-90.735,273.077,166.860
-90.726,273.022,166.871
-90.717,272.966,166.882
-90.698,272.922,166.893
-90.689,272.866,166.904
-90.680,272.822,166.904
-90.662,272.766,166.915
-90.653,272.722,166.926
-90.644,272.666,166.926
-90.635,272.622,166.937
-90.626,272.566,166.948
-90.617,272.522,166.959
-90.598,272.477,166.959
-90.589,272.422,166.970
-90.580,272.377,166.981
-90.571,272.333,166.992
-90.562,272.289,167.003
-90.553,272.244,167.014
-90.544,272.200,167.025
-90.535,272.155,167.036
-90.526,272.111,167.036
-90.517,272.066,167.047
-90.508,272.022,167.058
-90.499,271.977,167.069
-90.480,271.944,167.080
-90.471,271.900,167.091
-90.462,271.855,167.113
-90.453,271.811,167.124
-90.444,271.777,167.135
-90.435,271.733,167.146
-90.426,271.688,167.168
-90.417,271.655,167.179
-90.408,271.611,167.190
-90.398,271.577,167.201
-90.389,271.544,167.212
-90.380,271.499,167.223
-90.371,271.466,167.234
-90.372,271.422,167.245
-90.362,271.388,167.256
-90.353,271.355,167.256
-90.344,271.311,167.267
-90.335,271.277,167.267
-90.326,271.244,167.278
-90.326,271.211,167.278
-90.317,271.177,167.278
-90.308,271.133,167.289
-90.299,271.099,167.289
-90.290,271.066,167.300
-90.281,271.033,167.300
-90.281,271.000,167.311
-90.272,270.966,167.311
-90.263,270.933,167.322
-90.253,270.899,167.333
-90.254,270.877,167.333
-90.244,270.844,167.344
-90.235,270.811,167.344
-90.226,270.777,167.355
-90.217,270.744,167.355
-90.217,270.722,167.366
-90.208,270.688,167.366
-90.199,270.655,167.366
-90.199,270.633,167.377
-90.190,270.599,167.377
-90.181,270.566,167.388
-90.172,270.544,167.388
-90.172,270.511,167.388
-90.163,270.488,167.399
-90.153,270.455,167.399
-90.154,270.433,167.410
-90.145,270.399,167.410
-90.135,270.377,167.421
-90.136,270.344,167.421
-90.126,270.322,167.432
-90.127,270.299,167.432
-90.117,270.266,167.432
-90.108,270.244,167.443
-90.108,270.222,167.443
-90.099,270.188,167.454
-90.090,270.166,167.454
-90.090,270.144,167.465
-90.081,270.122,167.465
-90.081,270.088,167.465
-90.072,270.066,167.476
-90.072,270.044,167.476
-90.063,270.022,167.476
-90.063,269.999,167.487
-90.054,269.977,167.487
-90.054,269.955,167.487
-90.045,269.933,167.498
-90.045,269.911,167.498
-90.036,269.888,167.498
-90.036,269.866,167.498
-90.027,269.855,167.498
-90.027,269.833,167.498
-90.018,269.810,167.498
-90.018,269.788,167.498
-90.008,269.777,167.498
-90.009,269.755,167.498
-89.999,269.733,167.509
-89.999,269.722,167.509
-90.000,269.699,167.509
-89.990,269.688,167.509
-89.991,269.666,167.520
-89.981,269.655,167.520
-89.981,269.633,167.520
-89.972,269.622,167.531
-89.972,269.610,167.542
-89.972,269.588,167.542
-89.963,269.577,167.552
-89.963,269.566,167.552
-89.963,269.544,167.563
-89.963,269.533,167.563
-89.954,269.522,167.563
-89.954,269.510,167.574
-89.945,269.499,167.574
-89.945,269.488,167.574
-89.945,269.477,167.574
-89.945,269.466,167.574
-89.936,269.455,167.563
-89.936,269.444,167.563
-89.936,269.433,167.563
-89.936,269.422,167.563
-89.927,269.410,167.563
-89.927,269.399,167.574
-89.927,269.388,167.574
-89.927,269.377,167.574
-89.918,269.366,167.585
-89.918,269.355,167.585
-89.918,269.344,167.596
-89.918,269.333,167.596
-89.909,269.322,167.607
-89.909,269.310,167.607
-89.909,269.299,167.607
-89.899,269.288,167.607
-89.899,269.277,167.596
-89.900,269.266,167.596
-89.900,269.255,167.596
-89.890,269.255,167.596
-89.890,269.244,167.596
-89.890,269.233,167.596
-89.891,269.222,167.607
-89.881,269.221,167.629
-89.881,269.210,167.629
-89.881,269.221,167.629
-89.881,269.210,167.629
-89.881,269.221,167.640
-89.881,269.210,167.640
-89.881,269.221,167.640
-89.871,269.221,167.640
-89.872,269.210,167.640
-89.871,269.221,167.640
-89.872,269.210,167.640
-89.862,269.210,167.629
-89.872,269.210,167.640
-89.872,269.199,167.629
-89.872,269.188,167.629
-89.872,269.177,167.640
-89.863,269.166,167.640
-89.863,269.155,167.651
-89.863,269.144,167.651
-89.863,269.133,167.640
-89.854,269.121,167.640
-89.854,269.110,167.651
-89.854,269.099,167.651
-89.854,269.088,167.662
-89.844,269.077,167.662
-89.845,269.066,167.673
-89.845,269.055,167.673
-89.835,269.044,167.673
-89.835,269.033,167.684
-89.836,269.021,167.684
-89.836,269.010,167.684
-89.826,268.999,167.684
-89.826,268.988,167.684
-89.827,268.977,167.684
-89.827,268.966,167.684
-89.827,268.955,167.684
-89.817,268.944,167.684
-89.817,268.933,167.695
-89.818,268.921,167.706
-89.808,268.910,167.706
-89.808,268.899,167.706
-89.808,268.888,167.717
-89.809,268.877,167.717
-89.799,268.866,167.728
-89.799,268.844,167.728
-89.800,268.833,167.739
-89.790,268.821,167.739
-89.790,268.810,167.739
-89.790,268.799,167.750
-89.790,268.788,167.750
-89.781,268.777,167.750
-89.781,268.755,167.750
-89.781,268.744,167.761
-89.772,268.733,167.761
-89.772,268.710,167.761
-89.772,268.699,167.772
-89.763,268.688,167.772
-89.763,268.666,167.783
-89.763,268.655,167.783
-89.754,268.644,167.783
-89.754,268.621,167.794
-89.754,268.610,167.794
-89.745,268.588,167.794
-89.745,268.577,167.805
-89.736,268.555,167.805
-89.736,268.544,167.816
-89.736,268.521,167.816
-89.727,268.510,167.827
-89.727,268.488,167.827
-89.718,268.477,167.838
-89.718,268.455,167.849
-89.718,268.433,167.849
-89.709,268.421,167.860
-89.709,268.399,167.860
-89.700,268.377,167.871
-89.700,268.355,167.871
-89.690,268.344,167.882
-89.691,268.321,167.882
-89.691,268.299,167.893
-89.682,268.277,167.904
-89.682,268.266,167.904
-89.673,268.244,167.915
-89.673,268.221,167.915
-89.663,268.199,167.926
-89.664,268.177,167.926
-89.645,268.144,167.937
-89.645,268.110,167.948
-89.636,268.088,167.948
-89.636,268.055,167.959
-89.627,268.033,167.959
-89.627,268.010,167.970
-89.618,267.988,167.970
-89.618,267.966,167.981
-89.609,267.944,167.981
-89.600,267.921,167.992
-89.600,267.888,167.992
-89.591,267.866,168.003
-89.591,267.833,168.003
-89.582,267.810,168.003
-89.582,267.788,168.014
-89.573,267.766,168.014
-89.573,267.733,168.014
-89.564,267.710,168.014
-89.555,267.688,168.025
-89.555,267.655,168.025
-89.546,267.621,168.036
-89.537,267.599,168.036
-89.537,267.577,168.036
-89.528,267.544,168.047
-89.528,267.522,168.058
-89.519,267.488,168.058
-89.509,267.466,168.069
-89.510,267.433,168.080
-89.501,267.410,168.080
-89.491,267.377,168.091
-89.492,267.344,168.102
-89.482,267.321,168.102
-89.473,267.288,168.113
-89.474,267.266,168.113
-89.464,267.233,168.124
-89.455,267.199,168.135
-89.455,267.177,168.135
-89.446,267.144,168.146
-89.437,267.110,168.146
-89.438,267.077,168.146
-89.428,267.044,168.157
-89.419,267.010,168.157
-89.419,266.988,168.157
-89.410,266.955,168.157
-89.401,266.922,168.168
-89.392,266.888,168.168
-89.392,266.855,168.168
-89.383,266.822,168.168
-89.374,266.788,168.179
-89.374,266.755,168.179
-89.365,266.722,168.190
-89.356,266.688,168.190
-89.347,266.655,168.190
-89.347,266.611,168.201
-89.338,266.577,168.201
-89.329,266.544,168.212
-89.320,266.510,168.212
-89.311,266.477,168.223
-89.311,266.444,168.223
-89.302,266.399,168.234
-89.293,266.366,168.234
-89.284,266.322,168.245
-89.275,266.288,168.245
-89.275,266.255,168.256
-89.266,266.211,168.267
-89.257,266.177,168.267
-89.248,266.144,168.278
-89.239,266.099,168.289
-89.229,266.066,168.289
-89.230,266.022,168.289
-89.221,265.977,168.300
-89.212,265.944,168.311
-89.203,265.899,168.311
-89.193,265.866,168.322
-89.184,265.822,168.322
-89.175,265.788,168.333
-89.176,265.744,168.344
-89.167,265.700,168.344
-89.158,265.666,168.354
-89.148,265.622,168.365
-89.139,265.577,168.376
-89.130,265.533,168.376
-89.121,265.488,168.387
-89.112,265.455,168.398
-89.103,265.411,168.398
-89.094,265.366,168.409
-89.085,265.322,168.420
-89.076,265.277,168.431
-89.067,265.233,168.442
-89.058,265.188,168.442
-89.058,265.144,168.453
-89.049,265.111,168.464
-89.040,265.066,168.475
-89.031,265.022,168.475
-89.022,264.977,168.486
-89.013,264.933,168.497
-89.004,264.877,168.508
-88.995,264.833,168.519
-88.986,264.789,168.519
-88.977,264.744,168.530
-88.968,264.700,168.530
-88.959,264.655,168.541
-88.950,264.611,168.541
-88.941,264.555,168.552
-88.932,264.511,168.552
-88.923,264.466,168.563
-88.914,264.422,168.563
-88.905,264.366,168.574
-88.896,264.322,168.574
-88.887,264.278,168.585
-88.878,264.222,168.585
-88.869,264.178,168.596
-88.860,264.133,168.596
-88.851,264.078,168.607
-88.842,264.033,168.607
-88.833,263.989,168.618
-88.824,263.933,168.629
-88.805,263.889,168.629
-88.796,263.833,168.640
-88.787,263.789,168.651
-88.778,263.733,168.662
-88.769,263.689,168.673
-88.760,263.633,168.684
-88.751,263.589,168.695
-88.743,263.533,168.706
-88.733,263.489,168.717
-88.725,263.433,168.728
-88.716,263.378,168.750
-88.707,263.333,168.761
-88.698,263.278,168.761
-88.679,263.222,168.772
-88.670,263.178,168.783
-88.661,263.122,168.794
-88.652,263.067,168.805
-88.643,263.022,168.816
-88.634,262.967,168.827
-88.625,262.911,168.827
-88.617,262.856,168.838
-88.608,262.800,168.849
-88.589,262.744,168.849
-88.580,262.700,168.860
-88.571,262.645,168.871
-88.562,262.589,168.882
-88.553,262.533,168.893
-88.544,262.478,168.893
-88.535,262.422,168.904
-88.527,262.367,168.904
-88.508,262.311,168.915
-88.499,262.256,168.915
-88.490,262.200,168.926
-88.481,262.145,168.926
-88.472,262.089,168.926
-88.464,262.034,168.926
-88.445,261.978,168.926
-88.436,261.922,168.926
-88.427,261.867,168.926
-88.418,261.811,168.926
-88.409,261.745,168.926
-88.401,261.689,168.926
-88.382,261.634,168.926
-88.373,261.578,168.926
-88.364,261.523,168.915
-88.355,261.456,168.915
-88.337,261.400,168.915
-88.328,261.345,168.904
-88.319,261.289,168.893
-88.310,261.223,168.893
-88.301,261.167,168.882
-88.283,261.112,168.871
-88.274,261.045,168.860
-88.265,260.989,168.849
-88.256,260.934,168.838
-88.238,260.867,168.827
-88.229,260.812,168.805
-88.220,260.745,168.794
-88.211,260.690,168.783
-88.193,260.623,168.772
-88.184,260.567,168.750
-88.175,260.501,168.739
-88.157,260.445,168.717
-88.148,260.378,168.706
-88.139,260.323,168.695
-88.121,260.256,168.673
-88.112,260.201,168.662
-88.103,260.134,168.651
-88.085,260.067,168.629
-88.076,260.012,168.618
-88.067,259.945,168.596
-88.049,259.879,168.585
-88.040,259.823,168.563
-88.031,259.756,168.552
-88.013,259.690,168.530
-88.004,259.634,168.519
-87.995,259.568,168.508
-87.977,259.501,168.486
-87.968,259.434,168.475
-87.959,259.379,168.464
-87.941,259.312,168.453
-87.932,259.245,168.442
-87.913,259.179,168.431
-87.905,259.123,168.420
-87.896,259.057,168.409
-87.877,258.990,168.398
-87.869,258.923,168.387
-87.850,258.856,168.376
-87.841,258.790,168.365
-87.823,258.723,168.344
-87.814,258.657,168.333
-87.806,258.590,168.311
-87.787,258.523,168.289
-87.769,258.457,168.278
-87.760,258.390,168.256
-87.751,258.323,168.245
-87.733,258.257,168.223
-87.724,258.190,168.212
-87.706,258.123,168.190
-87.697,258.057,168.179
-87.679,257.990,168.157
-87.670,257.923,168.146
-87.652,257.857,168.124
-87.633,257.790,168.102
-87.625,257.712,168.080
-87.606,257.645,168.069
-87.597,257.579,168.047
-87.579,257.512,168.025
-87.570,257.446,168.014
-87.552,257.368,167.992
-87.543,257.301,167.970
-87.525,257.234,167.948
-87.516,257.168,167.937
-87.498,257.090,167.926
-87.489,257.023,167.904
-87.471,256.957,167.882
-87.462,256.890,167.871
-87.444,256.812,167.849
-87.425,256.746,167.838
-87.417,256.668,167.816
-87.398,256.601,167.794
-87.380,256.534,167.783
-87.371,256.457,167.761
-87.353,256.390,167.750
-87.335,256.312,167.739
-87.326,256.246,167.728
-87.308,256.168,167.706
-87.290,256.101,167.695
-87.281,256.023,167.684
-87.263,255.957,167.662
-87.244,255.879,167.651
-87.236,255.812,167.640
-87.217,255.735,167.607
-87.199,255.668,167.596
-87.181,255.590,167.574
-87.172,255.523,167.552
-87.154,255.446,167.542
-87.136,255.368,167.520
-87.127,255.301,167.498
-87.109,255.223,167.476
-87.090,255.157,167.465
-87.082,255.079,167.443
-87.063,255.001,167.432
-87.045,254.934,167.410
-87.027,254.857,167.388
-87.018,254.779,167.377
-87.000,254.701,167.355
-86.982,254.634,167.344
-86.963,254.557,167.322
-86.945,254.479,167.311
-86.936,254.401,167.300
-86.918,254.334,167.289
-86.900,254.257,167.256
-86.882,254.179,167.245
-86.864,254.101,167.234
-86.845,254.034,167.212
-86.837,253.957,167.201
-86.818,253.879,167.179
-86.800,253.801,167.157
-86.782,253.723,167.146
-86.764,253.646,167.124
-86.755,253.579,167.102
-86.737,253.501,167.080
-86.718,253.423,167.058
-86.700,253.346,167.036
-86.682,253.268,167.014
-86.664,253.190,166.992
-86.655,253.112,166.970
-86.637,253.034,166.948
-86.619,252.957,166.926
-86.601,252.879,166.915
-86.582,252.801,166.893
-86.564,252.723,166.882
-86.546,252.645,166.871
-86.528,252.568,166.849
-86.509,252.490,166.838
-86.491,252.412,166.816
-86.473,252.334,166.805
-86.464,252.257,166.783
-86.446,252.179,166.772
-86.428,252.101,166.761
-86.410,252.023,166.740
-86.392,251.945,166.707
-86.373,251.868,166.696
-86.355,251.790,166.674
-86.337,251.712,166.663
-86.319,251.634,166.641
-86.301,251.556,166.619
-86.282,251.479,166.597
-86.264,251.390,166.575
-86.246,251.312,166.564
-86.228,251.234,166.542
-86.210,251.156,166.520
-86.191,251.078,166.498
-86.173,251.001,166.476
-86.155,250.912,166.465
-86.137,250.834,166.443
-86.119,250.756,166.432
-86.100,250.678,166.421
-86.082,250.601,166.399
-86.064,250.512,166.388
-86.046,250.434,166.377
-86.028,250.356,166.366
-86.010,250.278,166.344
-85.991,250.201,166.333
-85.973,250.123,166.311
-85.945,250.034,166.289
-85.927,249.956,166.267
-85.909,249.878,166.256
-85.891,249.800,166.234
-85.873,249.711,166.212
-85.855,249.634,166.190
-85.836,249.556,166.157
-85.818,249.467,166.135
-85.800,249.389,166.113
-85.782,249.311,166.091
-85.764,249.234,166.080
-85.736,249.145,166.058
-85.718,249.067,166.036
-85.700,248.989,166.025
-85.682,248.900,166.003
-85.663,248.822,165.981
-85.645,248.745,165.970
-85.627,248.656,165.948
-85.599,248.578,165.927
-85.581,248.500,165.916
-85.563,248.411,165.894
-85.545,248.333,165.883
-85.527,248.255,165.861
-85.508,248.167,165.850
-85.490,248.089,165.828
-85.463,248.000,165.817
-85.444,247.922,165.795
-85.426,247.844,165.773
-85.408,247.755,165.762
-85.380,247.677,165.740
-85.362,247.600,165.729
-85.344,247.511,165.707
-85.326,247.433,165.696
-85.308,247.344,165.674
-85.280,247.266,165.663
-85.262,247.177,165.641
-85.244,247.100,165.619
-85.226,247.022,165.608
-85.207,246.933,165.586
-85.180,246.855,165.564
-85.162,246.766,165.553
-85.143,246.688,165.531
-85.125,246.610,165.509
-85.107,246.522,165.487
-85.079,246.444,165.465
-85.061,246.355,165.443
-85.043,246.277,165.432
-85.025,246.188,165.399
-84.997,246.099,165.377
-84.979,246.021,165.355
-84.961,245.932,165.344
-84.933,245.855,165.322
-84.915,245.766,165.300
-84.897,245.688,165.289
-84.869,245.599,165.278
-84.851,245.521,165.256
-84.833,245.432,165.234
-84.805,245.354,165.223
-84.787,245.265,165.201
-84.769,245.188,165.190
-84.741,245.099,165.168
-84.723,245.010,165.157
-84.705,244.932,165.135
-84.678,244.843,165.114
-84.659,244.765,165.092
-84.641,244.676,165.081
-84.614,244.598,165.059
-84.595,244.509,165.048
-84.577,244.432,165.026
-84.550,244.343,165.004
-84.531,244.265,164.993
-84.513,244.176,164.971
-84.486,244.087,164.960
-84.467,244.009,164.938
-84.440,243.920,164.927
-84.422,243.831,164.905
-84.394,243.753,164.883
-84.376,243.665,164.872
-84.348,243.576,164.850
-84.330,243.487,164.839
-84.302,243.409,164.817
-84.284,243.320,164.795
-84.266,243.231,164.784
-84.239,243.153,164.762
-84.220,243.064,164.740
-84.193,242.975,164.718
-84.175,242.897,164.696
-84.156,242.820,164.674
-84.129,242.731,164.652
-84.111,242.642,164.630
-84.083,242.564,164.619
-84.065,242.475,164.597
-84.037,242.386,164.586
-84.019,242.297,164.575
-84.001,242.219,164.564
-83.973,242.130,164.564
-83.946,242.041,164.553
-83.928,241.953,164.553
-83.900,241.875,164.553
-83.882,241.786,164.553
-83.854,241.697,164.553
-83.836,241.608,164.542
-83.808,241.530,164.542
-83.790,241.441,164.542
-83.763,241.352,164.531
-83.744,241.274,164.531
-83.717,241.185,164.520
-83.699,241.096,164.509
-83.671,241.007,164.509
-83.653,240.930,164.498
-83.625,240.841,164.487
-83.607,240.752,164.487
-83.580,240.663,164.476
-83.561,240.585,164.476
-83.534,240.496,164.476
-83.516,240.407,164.476
-83.488,240.318,164.476
-83.470,240.229,164.476
-83.442,240.151,164.476
-83.424,240.062,164.476
-83.397,239.973,164.476
-83.369,239.884,164.476
-83.351,239.796,164.476
-83.323,239.707,164.476
-83.305,239.629,164.465
-83.277,239.540,164.465
-83.259,239.451,164.465
-83.232,239.362,164.454
-83.213,239.284,164.454
-83.186,239.195,164.454
-83.168,239.106,164.443
-83.140,239.017,164.443
-83.122,238.928,164.443
-83.094,238.839,164.443
-83.067,238.750,164.443
-83.049,238.673,164.443
-83.021,238.584,164.443
-83.003,238.495,164.454
-82.975,238.406,164.454
-82.948,238.317,164.454
-82.930,238.228,164.465
-82.902,238.139,164.465
-82.884,238.050,164.465
-82.856,237.961,164.465
-82.838,237.872,164.476
-82.810,237.794,164.476
-82.792,237.705,164.476
-82.765,237.616,164.487
-82.737,237.527,164.487
-82.719,237.439,164.487
-82.691,237.350,164.498
-82.673,237.261,164.498
-82.646,237.172,164.509
-82.628,237.083,164.509
-82.600,236.994,164.520
-82.582,236.905,164.520
-82.554,236.816,164.531
-82.527,236.727,164.531
-82.509,236.638,164.542
-82.481,236.549,164.542
-82.453,236.460,164.553
-82.435,236.371,164.564
-82.408,236.282,164.564
-82.390,236.193,164.575
-82.362,236.104,164.575
-82.344,236.015,164.586
-82.316,235.927,164.586
-82.289,235.838,164.597
-82.270,235.749,164.597
-82.243,235.660,164.608
-82.225,235.571,164.608
-82.197,235.482,164.619
-82.170,235.393,164.619
-82.151,235.304,164.630
-82.124,235.215,164.630
-82.106,235.126,164.641
-82.078,235.037,164.641
-82.051,234.948,164.652
-82.033,234.848,164.663
-82.005,234.759,164.663
-81.977,234.670,164.674
-81.959,234.581,164.674
-81.932,234.492,164.685
-81.914,234.403,164.685
-81.886,234.314,164.696
-81.868,234.226,164.707
-81.840,234.137,164.718
-81.813,234.048,164.718
-81.795,233.948,164.729
-81.767,233.859,164.740
-81.749,233.770,164.751
-81.721,233.681,164.751
-81.694,233.592,164.762
-81.676,233.503,164.773
-81.648,233.414,164.773
-81.630,233.314,164.784
-81.602,233.225,164.795
-81.575,233.136,164.795
-81.557,233.047,164.806
-81.529,232.947,164.817
-81.502,232.858,164.817
-81.483,232.769,164.828
-81.456,232.680,164.828
-81.438,232.591,164.839
-81.410,232.491,164.850
-81.392,232.402,164.850
-81.365,232.313,164.850
-81.346,232.224,164.861
-81.319,232.135,164.861
-81.291,232.046,164.872
-81.273,231.946,164.872
-81.246,231.857,164.883
-81.228,231.769,164.894
-81.200,231.680,164.894
-81.172,231.580,164.905
-81.154,231.491,164.916
-81.127,231.402,164.927
-81.109,231.313,164.938
-81.081,231.213,164.949
-81.054,231.124,164.960
-81.035,231.035,164.971
-81.008,230.946,164.982
-80.990,230.846,164.993
-80.962,230.757,165.004
-80.935,230.668,165.015
-80.917,230.568,165.026
-80.889,230.479,165.026
-80.861,230.390,165.037
-80.843,230.301,165.048
-80.816,230.201,165.059
-80.798,230.112,165.070
-80.770,230.023,165.070
-80.752,229.923,165.081
-80.725,229.834,165.092
-80.706,229.745,165.103
-80.679,229.645,165.114
-80.651,229.556,165.125
-80.633,229.467,165.135
-80.606,229.367,165.146
-80.588,229.278,165.157
-80.560,229.189,165.168
-80.533,229.089,165.179
-80.514,229.000,165.190
-80.487,228.912,165.201
-80.469,228.812,165.212
-80.441,228.723,165.223
-80.414,228.622,165.234
-80.396,228.534,165.245
-80.368,228.445,165.256
-80.350,228.345,165.267
-80.322,228.256,165.289
-80.304,228.156,165.300
-80.277,228.067,165.311
-80.249,227.978,165.322
-80.231,227.878,165.344
-80.204,227.789,165.355
-80.186,227.689,165.366
-80.158,227.600,165.377
-80.140,227.500,165.388
-80.112,227.411,165.410
-80.085,227.322,165.421
-80.067,227.222,165.432
-80.039,227.133,165.454
-80.021,227.033,165.465
-79.994,226.944,165.487
-79.976,226.844,165.498
-79.948,226.755,165.509
-79.921,226.655,165.531
-79.903,226.566,165.542
-79.875,226.466,165.564
-79.857,226.377,165.575
-79.829,226.277,165.597
-79.811,226.188,165.608
-79.784,226.088,165.630
-79.766,225.999,165.641
-79.738,225.899,165.663
-79.711,225.810,165.674
-79.693,225.710,165.696
-79.665,225.621,165.707
-79.647,225.521,165.729
-79.620,225.421,165.740
-79.602,225.332,165.751
-79.574,225.232,165.773
-79.556,225.143,165.784
-79.528,225.043,165.806
-79.510,224.954,165.817
-79.483,224.854,165.828
-79.455,224.754,165.850
-79.437,224.665,165.872
-79.410,224.565,165.883
-79.392,224.476,165.894
-79.364,224.376,165.916
-79.346,224.276,165.927
-79.319,224.187,165.938
-79.301,224.087,165.948
-79.273,223.998,165.959
-79.255,223.898,165.970
-79.228,223.798,165.981
-79.209,223.710,165.992
-79.182,223.609,166.003
-79.164,223.509,166.014
-79.136,223.420,166.025
-79.118,223.321,166.036
-79.091,223.232,166.047
-79.073,223.132,166.058
-79.045,223.031,166.069
-79.018,222.943,166.080
-79.000,222.843,166.091
-78.972,222.742,166.102
-78.954,222.654,166.113
-78.927,222.554,166.135
-78.909,222.454,166.135
-78.881,222.353,166.146
-78.863,222.265,166.157
-78.836,222.165,166.168
-78.818,222.065,166.168
-78.800,221.976,166.179
-78.772,221.876,166.190
-78.754,221.776,166.190
-78.727,221.687,166.201
-78.709,221.587,166.212
-78.681,221.487,166.223
-78.663,221.387,166.234
-78.635,221.298,166.234
-78.617,221.198,166.245
-78.590,221.098,166.256
-78.562,220.998,166.267
-78.544,220.909,166.278
-78.517,220.809,166.278
-78.499,220.709,166.289
-78.481,220.609,166.300
-78.453,220.520,166.300
-78.435,220.420,166.311
-78.408,220.320,166.311
-78.390,220.220,166.322
-78.362,220.131,166.333
-78.344,220.031,166.333
-78.317,219.931,166.344
-78.299,219.831,166.344
-78.271,219.731,166.355
-78.253,219.642,166.366
-78.226,219.542,166.377
-78.208,219.442,166.388
-78.180,219.342,166.399
-78.162,219.242,166.410
-78.135,219.153,166.421
-78.117,219.053,166.432
-78.089,218.953,166.432
-78.071,218.853,166.443
-78.044,218.753,166.443
-78.026,218.664,166.454
-78.008,218.564,166.454
-77.980,218.464,166.465
-77.962,218.364,166.465
-77.935,218.264,166.476
-77.917,218.164,166.476
-77.889,218.075,166.476
-77.862,217.975,166.487
-77.844,217.875,166.498
-77.826,217.775,166.509
-77.798,217.675,166.509
-77.780,217.575,166.520
-77.753,217.475,166.531
-77.735,217.386,166.542
-77.707,217.286,166.542
-77.689,217.186,166.553
-77.662,217.086,166.564
-77.644,216.986,166.564
-77.616,216.886,166.575
-77.598,216.786,166.575
-77.571,216.697,166.586
-77.553,216.597,166.586
-77.525,216.497,166.597
-77.507,216.397,166.597
-77.489,216.297,166.608
-77.462,216.197,166.619
-77.434,216.097,166.619
-77.416,215.997,166.630
-77.389,215.896,166.641
-77.371,215.797,166.652
-77.343,215.708,166.663
-77.325,215.608,166.674
-77.307,215.508,166.674
-77.280,215.408,166.685
-77.262,215.308,166.696
-77.234,215.207,166.696
-77.216,215.108,166.707
-77.189,215.007,166.707
-77.171,214.907,166.707
-77.153,214.808,166.718
-77.125,214.719,166.718
-77.107,214.619,166.729
-77.080,214.518,166.729
-77.062,214.419,166.740
-77.034,214.318,166.750
-77.017,214.218,166.750
-76.989,214.118,166.761
-76.971,214.018,166.761
-76.944,213.918,166.772
-76.926,213.818,166.783
-76.898,213.718,166.794
-76.880,213.618,166.794
-76.853,213.518,166.805
-76.835,213.418,166.816
-76.817,213.318,166.816
-76.789,213.218,166.827
-76.771,213.118,166.827
-76.744,213.018,166.838
-76.726,212.918,166.838
-76.698,212.818,166.849
-76.680,212.718,166.860
-76.653,212.618,166.860
-76.635,212.518,166.871
-76.607,212.418,166.882
-76.589,212.318,166.893
-76.571,212.218,166.904
-76.544,212.118,166.904
-76.516,212.018,166.915
-76.498,211.918,166.926
-76.481,211.818,166.926
-76.453,211.718,166.937
-76.435,211.618,166.937
-76.408,211.518,166.948
-76.390,211.418,166.948
-76.362,211.318,166.959
-76.344,211.218,166.970
-76.317,211.118,166.981
-76.299,211.018,166.992
-76.281,210.918,166.992
-76.253,210.818,167.003
-76.235,210.718,167.014
-76.208,210.618,167.025
-76.190,210.518,167.036
-76.162,210.418,167.047
-76.144,210.318,167.058
-76.126,210.218,167.069
-76.099,210.118,167.080
-76.081,210.018,167.080
-76.053,209.918,167.091
-76.035,209.818,167.102
-76.008,209.718,167.113
-75.990,209.618,167.124
-75.972,209.518,167.135
-75.944,209.418,167.146
-75.927,209.318,167.157
-75.899,209.218,167.168
-75.881,209.118,167.179
-75.863,209.018,167.201
-75.836,208.918,167.212
-75.818,208.818,167.223
-75.790,208.718,167.234
-75.772,208.618,167.245
-75.754,208.518,167.267
-75.727,208.418,167.267
-75.709,208.318,167.278
-75.681,208.218,167.300
-75.663,208.118,167.311
-75.645,208.018,167.322
-75.618,207.918,167.333
-75.600,207.818,167.344
-75.572,207.718,167.355
-75.554,207.618,167.377
-75.536,207.518,167.388
-75.509,207.418,167.399
-75.491,207.318,167.421
-75.473,207.218,167.432
-75.445,207.118,167.454
-75.428,207.018,167.465
-75.410,206.918,167.476
-75.382,206.818,167.498
-75.364,206.718,167.509
-75.346,206.618,167.520
-75.319,206.518,167.531
-75.301,206.418,167.552
-75.273,206.318,167.563
-75.255,206.207,167.574
-75.237,206.118,167.585
-75.210,206.007,167.607
-75.192,205.907,167.618
-75.174,205.807,167.640
-75.146,205.707,167.651
-75.128,205.607,167.673
-75.111,205.507,167.684
-75.083,205.407,167.695
-75.065,205.307,167.706
-75.047,205.207,167.717
-75.020,205.107,167.739
-75.002,205.007,167.750
-74.984,204.907,167.761
-74.956,204.807,167.772
-74.938,204.707,167.794
-74.920,204.596,167.805
-74.902,204.496,167.816
-74.875,204.395,167.838
-74.857,204.296,167.849
-74.839,204.196,167.860
-74.811,204.095,167.871
-74.793,203.996,167.893
-74.776,203.896,167.904
-74.748,203.795,167.915
-74.730,203.696,167.926
-74.712,203.596,167.948
-74.694,203.496,167.959
-74.667,203.396,167.970
-74.649,203.296,167.981
-74.631,203.196,167.992
-74.603,203.095,168.003
-74.585,202.996,168.025
-74.567,202.884,168.036
-74.549,202.785,168.047
-74.522,202.684,168.058
-74.504,202.584,168.069
-74.486,202.485,168.091
-74.468,202.385,168.102
-74.441,202.284,168.124
-74.423,202.185,168.135
-74.405,202.085,168.146
-74.387,201.985,168.168
-74.359,201.885,168.179
-74.341,201.785,168.201
-74.323,201.685,168.212
-74.305,201.585,168.234
-74.278,201.473,168.245
-74.260,201.373,168.256
-74.242,201.274,168.278
-74.224,201.174,168.289
-74.196,201.073,168.300
-74.179,200.974,168.311
-74.161,200.874,168.322
-74.143,200.774,168.333
-74.125,200.674,168.344
-74.097,200.574,168.365
-74.079,200.474,168.376
-74.061,200.374,168.387
-74.043,200.274,168.409
-74.025,200.174,168.420
-73.998,200.063,168.442
-73.980,199.963,168.453
-73.962,199.863,168.464
-73.944,199.763,168.475
-73.926,199.663,168.497
-73.908,199.563,168.508
-73.881,199.463,168.519
-73.863,199.363,168.530
-73.845,199.263,168.541
-73.827,199.163,168.563
-73.809,199.063,168.585
-73.791,198.963,168.596
-73.763,198.852,168.618
-73.745,198.752,168.640
-73.727,198.652,168.662
-73.709,198.552,168.684
-73.692,198.452,168.706
-73.674,198.352,168.728
-73.656,198.252,168.750
-73.628,198.152,168.772
-73.610,198.052,168.805
-73.592,197.952,168.827
-73.574,197.852,168.860
-73.556,197.752,168.893
-73.538,197.641,168.926
-73.520,197.541,168.959
-73.502,197.441,168.992
-73.484,197.341,169.025
-73.457,197.241,169.069
-73.439,197.141,169.102
-73.421,197.041,169.135
-73.403,196.941,169.178
-73.385,196.841,169.211
-73.367,196.741,169.244
-73.349,196.641,169.288
-73.331,196.530,169.321
-73.313,196.430,169.354
-73.295,196.330,169.387
-73.277,196.230,169.420
-73.259,196.130,169.453
-73.242,196.030,169.497
-73.224,195.930,169.530
-73.206,195.830,169.563
-73.188,195.730,169.596
-73.170,195.630,169.640
-73.152,195.530,169.684
-73.143,195.431,169.717
-73.125,195.331,169.761
-73.107,195.231,169.805
-73.089,195.131,169.849
-73.072,195.020,169.882
-73.054,194.920,169.926
-73.036,194.820,169.958
-73.018,194.720,169.991
-73.000,194.620,170.035
-72.982,194.520,170.068
-72.964,194.420,170.101
-72.955,194.320,170.134
-72.937,194.220,170.167
-72.919,194.120,170.200
-72.901,194.020,170.233
-72.883,193.920,170.277
-72.865,193.820,170.310
-72.848,193.720,170.343
-72.839,193.620,170.387
-72.821,193.520,170.420
-72.803,193.420,170.464
-72.785,193.320,170.497
-72.767,193.220,170.530
-72.759,193.121,170.574
-72.741,193.021,170.607
-72.723,192.921,170.629
-72.714,192.821,170.662
-72.696,192.721,170.695
-72.678,192.621,170.728
-72.661,192.521,170.760
-72.652,192.421,170.793
-72.634,192.321,170.815
-72.616,192.221,170.859
-72.608,192.121,170.892
-72.590,192.021,170.925
-72.572,191.921,170.958
-72.554,191.821,170.991
-72.545,191.721,171.024
-72.527,191.622,171.057
-72.509,191.522,171.090
-72.501,191.422,171.123
-72.483,191.322,171.156
-72.475,191.222,171.189
-72.457,191.122,171.222
-72.439,191.022,171.255
-72.430,190.922,171.288
-72.412,190.822,171.310
-72.394,190.722,171.343
-72.386,190.622,171.376
-72.368,190.533,171.398
-72.359,190.434,171.431
-72.341,190.334,171.464
-72.333,190.234,171.497
-72.315,190.134,171.530
-72.297,190.034,171.573
-72.289,189.934,171.606
-72.271,189.834,171.639
-72.262,189.734,171.672
-72.244,189.645,171.705
-72.236,189.545,171.738
-72.218,189.445,171.782
-72.209,189.346,171.815
-72.191,189.246,171.848
-72.183,189.146,171.881
-72.165,189.057,171.914
-72.156,188.957,171.947
-72.138,188.857,171.980
-72.130,188.757,172.013
-72.112,188.657,172.046
-72.104,188.557,172.079
-72.086,188.468,172.112
-72.077,188.369,172.145
-72.069,188.269,172.167
-72.051,188.169,172.211
-72.042,188.069,172.244
-72.024,187.969,172.277
-72.016,187.869,172.299
-71.998,187.780,172.332
-71.989,187.680,172.365
-71.981,187.580,172.386
-71.963,187.480,172.419
-71.954,187.392,172.441
-71.946,187.292,172.474
-71.928,187.192,172.496
-71.920,187.092,172.518
-71.901,187.003,172.540
-71.893,186.903,172.562
-71.885,186.803,172.584
-71.867,186.703,172.606
-71.858,186.615,172.628
-71.850,186.515,172.650
-71.832,186.415,172.672
-71.823,186.315,172.694
-71.815,186.215,172.716
-71.797,186.115,172.738
-71.788,186.026,172.760
-71.780,185.927,172.782
-71.762,185.827,172.804
-71.753,185.727,172.815
-71.745,185.627,172.837
-71.736,185.538,172.848
-71.719,185.438,172.870
-71.710,185.338,172.881
-71.702,185.238,172.892
-71.684,185.149,172.914
-71.675,185.050,172.925
-71.667,184.950,172.947
-71.649,184.850,172.958
-71.640,184.750,172.980
-71.632,184.661,173.002
-71.623,184.561,173.013
-71.605,184.461,173.035
-71.597,184.361,173.046
-71.588,184.262,173.068
-71.580,184.162,173.079
-71.562,184.073,173.090
-71.554,183.973,173.101
-71.545,183.873,173.112
-71.537,183.773,173.112
-71.519,183.673,173.123
-71.510,183.585,173.134
-71.502,183.485,173.145
-71.493,183.385,173.156
-71.475,183.285,173.167
-71.467,183.196,173.177
-71.458,183.096,173.188
-71.450,182.996,173.199
-71.432,182.896,173.221
-71.423,182.797,173.232
-71.415,182.708,173.243
-71.407,182.608,173.254
-71.398,182.508,173.276
-71.380,182.408,173.287
-71.372,182.308,173.298
-71.363,182.219,173.309
-71.355,182.120,173.320
-71.346,182.020,173.320
-71.328,181.920,173.331
-71.320,181.831,173.342
-71.311,181.731,173.353
-71.303,181.631,173.364
-71.294,181.531,173.375
-71.276,181.442,173.386
-71.268,181.343,173.397
-71.259,181.243,173.408
-71.251,181.154,173.408
-71.242,181.054,173.419
-71.225,180.954,173.430
-71.216,180.854,173.441
-71.208,180.766,173.441
-71.199,180.666,173.452
-71.191,180.566,173.463
-71.182,180.477,173.474
-71.164,180.377,173.474
-71.156,180.277,173.485
-71.147,180.177,173.485
-71.139,180.077,173.496
-71.130,179.989,173.496
-71.122,179.889,173.507
-71.104,179.789,173.518
-71.095,179.700,173.529
-71.087,179.600,173.540
-71.078,179.500,173.551
-71.070,179.401,173.562
-71.061,179.312,173.573
-71.044,179.212,173.584
-71.035,179.123,173.595
-71.027,179.023,173.606
-71.018,178.923,173.617
-71.010,178.835,173.628
-71.001,178.735,173.639
-70.993,178.635,173.650
-70.984,178.546,173.650
-70.966,178.446,173.661
-70.958,178.346,173.672
-70.949,178.246,173.672
-70.941,178.158,173.683
-70.932,178.058,173.694
-70.924,177.958,173.705
-70.915,177.869,173.716
-70.897,177.769,173.727
-70.889,177.669,173.727
-70.880,177.580,173.738
-70.872,177.481,173.749
-70.864,177.381,173.760
-70.855,177.292,173.771
-70.847,177.192,173.782
-70.838,177.103,173.782
-70.830,177.003,173.793
-70.821,176.904,173.793
-70.813,176.815,173.793
-70.795,176.715,173.804
-70.786,176.615,173.804
-70.778,176.526,173.804
-70.769,176.426,173.815
-70.761,176.338,173.815
-70.752,176.238,173.826
-70.744,176.138,173.837
-70.735,176.049,173.837
-70.727,175.949,173.848
-70.718,175.860,173.859
-70.710,175.761,173.870
-70.701,175.672,173.881
-70.683,175.572,173.881
-70.675,175.472,173.892
-70.666,175.383,173.903
-70.658,175.283,173.914
-70.649,175.195,173.925
-70.641,175.095,173.925
-70.632,175.006,173.936
-70.624,174.906,173.947
-70.615,174.806,173.947
-70.607,174.717,173.958
-70.598,174.618,173.969
-70.590,174.529,173.969
-70.581,174.429,173.979
-70.573,174.340,173.990
-70.564,174.240,173.990
-70.556,174.152,174.001
-70.538,174.052,174.012
-70.529,173.963,174.023
-70.521,173.863,174.023
-70.512,173.774,174.034
-70.504,173.674,174.045
-70.496,173.574,174.045
-70.487,173.486,174.056
-70.479,173.386,174.056
-70.470,173.297,174.067
-70.462,173.197,174.067
-70.453,173.108,174.078
-70.445,173.008,174.078
-70.436,172.920,174.089
-70.428,172.820,174.100
-70.419,172.731,174.122
-70.410,172.642,174.133
-70.402,172.542,174.155
-70.393,172.454,174.177
-70.385,172.354,174.199
-70.376,172.265,174.221
-70.368,172.165,174.243
-70.359,172.076,174.265
-70.351,171.977,174.298
-70.343,171.888,174.320
-70.334,171.788,174.353
-70.326,171.699,174.397
-70.317,171.599,174.430
-70.309,171.510,174.463
-70.300,171.411,174.507
-70.292,171.311,174.551
-70.283,171.222,174.606
-70.275,171.122,174.661
-70.266,171.033,174.716
-70.258,170.933,174.771
-70.249,170.845,174.836
-70.241,170.745,174.891
-70.232,170.656,174.957
-70.224,170.556,175.023
-70.215,170.456,175.078
-70.207,170.368,175.133
-70.198,170.268,175.188
-70.199,170.179,175.243
-70.191,170.079,175.287
-70.182,169.979,175.342
-70.174,169.891,175.397
-70.175,169.791,175.441
-70.166,169.702,175.496
-70.158,169.602,175.540
-70.150,169.502,175.594
-70.151,169.414,175.649
-70.142,169.314,175.704
-70.134,169.214,175.759
-70.125,169.125,175.825
-70.117,169.025,175.880
-70.118,168.926,175.946
-70.109,168.826,176.012
-70.101,168.726,176.078
-70.092,168.626,176.155
-70.094,168.526,176.221
-70.085,168.426,176.287
-70.077,168.338,176.353
-70.068,168.238,176.418
-70.069,168.138,176.473
-70.061,168.038,176.528
-70.052,167.938,176.583
-70.053,167.850,176.627
-70.045,167.750,176.671
-70.036,167.650,176.715
-70.037,167.561,176.748
-70.029,167.461,176.781
-70.030,167.362,176.814
-70.022,167.262,176.847
-70.023,167.173,176.880
-70.014,167.073,176.902
-70.006,166.973,176.935
-70.007,166.874,176.957
-69.998,166.774,176.979
-70.000,166.674,177.001
-69.991,166.574,177.012
-69.992,166.485,177.023
-69.984,166.385,177.023
-69.985,166.286,177.023
-69.976,166.186,177.023
-69.977,166.086,177.012
-69.969,165.986,177.001
-69.970,165.887,177.001
-69.971,165.787,176.990
-69.963,165.687,176.968
-69.964,165.587,176.957
-69.955,165.487,176.946
-69.956,165.399,176.935
-69.948,165.299,176.924
-69.949,165.199,176.902
-69.941,165.099,176.880
-69.942,164.999,176.858
-69.933,164.900,176.847
-69.925,164.800,176.825
-69.926,164.700,176.803
-69.918,164.600,176.781
-69.919,164.511,176.770
-69.910,164.412,176.737
-69.902,164.312,176.715
-69.903,164.212,176.682
-69.894,164.112,176.649
-69.886,164.012,176.616
-69.887,163.912,176.583
-69.879,163.813,176.539
-69.870,163.713,176.506
-69.862,163.613,176.462
-69.863,163.513,176.429
-69.854,163.413,176.385
-69.846,163.313,176.342
-69.847,163.214,176.298
-69.839,163.114,176.265
-69.830,163.014,176.221
-69.831,162.914,176.177
-69.823,162.803,176.133
-69.815,162.703,176.089
-69.816,162.604,176.056
-69.807,162.504,176.012
-69.799,162.404,175.968
-69.800,162.304,175.924
-69.791,162.204,175.880
-69.783,162.104,175.836
-69.775,162.004,175.792
-69.776,161.905,175.759
-69.767,161.794,175.715
-69.759,161.694,175.671
-69.750,161.594,175.638
-69.742,161.494,175.594
-69.743,161.394,175.551
-69.735,161.295,175.507
-69.726,161.184,175.452
-69.718,161.084,175.408
-69.710,160.984,175.353
-69.711,160.884,175.298
-69.702,160.773,175.243
-69.694,160.673,175.188
-69.685,160.574,175.144
-69.677,160.474,175.089
-69.678,160.363,175.034
-69.670,160.263,174.990
-69.661,160.163,174.935
-69.653,160.052,174.891
-69.645,159.952,174.836
-69.636,159.841,174.792
-69.628,159.741,174.738
-69.620,159.631,174.694
-69.611,159.531,174.639
-69.603,159.420,174.584
-69.594,159.320,174.529
-69.586,159.209,174.485
-69.578,159.109,174.419
-69.569,158.998,174.364
-69.561,158.898,174.309
-69.553,158.787,174.254
-69.544,158.676,174.188
-69.526,158.576,174.133
-69.518,158.465,174.078
-69.510,158.355,174.012
-69.501,158.255,173.958
-69.493,158.144,173.903
-69.485,158.033,173.837
-69.467,157.933,173.782
-69.458,157.822,173.716
-69.450,157.711,173.661
-69.442,157.611,173.595
-69.424,157.500,173.529
-69.416,157.389,173.463
-69.407,157.278,173.397
-69.399,157.167,173.331
-69.381,157.067,173.254
-69.373,156.956,173.188
-69.364,156.845,173.112
-69.346,156.734,173.035
-69.338,156.623,172.969
-69.330,156.512,172.892
-69.312,156.401,172.815
-69.304,156.290,172.738
-69.295,156.179,172.661
-69.278,156.068,172.584
-69.269,155.957,172.518
-69.251,155.846,172.441
-69.243,155.735,172.365
-69.225,155.624,172.277
-69.217,155.513,172.200
-69.199,155.402,172.123
-69.191,155.291,172.035
-69.173,155.180,171.958
-69.155,155.069,171.881
-69.147,154.958,171.793
-69.129,154.847,171.716
-69.121,154.736,171.639
-69.103,154.625,171.552
-69.085,154.514,171.475
-69.077,154.392,171.398
-69.059,154.281,171.310
-69.041,154.170,171.233
-69.023,154.059,171.156
-69.005,153.948,171.079
-68.997,153.837,170.991
-68.979,153.715,170.914
-68.961,153.604,170.826
-68.944,153.493,170.750
-68.926,153.382,170.662
-68.908,153.271,170.585
-68.890,153.149,170.508
-68.872,153.038,170.431
-68.855,152.927,170.354
-68.837,152.804,170.266
-68.819,152.693,170.189
-68.801,152.582,170.112
-68.783,152.460,170.024
-68.766,152.349,169.948
-68.748,152.238,169.871
-68.730,152.116,169.783
-68.712,152.005,169.706
-68.694,151.883,169.618
-68.677,151.772,169.541
-68.659,151.661,169.475
-68.632,151.538,169.398
-68.614,151.427,169.321
-68.596,151.305,169.255
-68.578,151.194,169.189
-68.551,151.083,169.124
-68.533,150.961,169.047
-68.515,150.850,168.981
-68.488,150.739,168.915
-68.470,150.617,168.849
-68.452,150.506,168.783
-68.425,150.394,168.717
-68.407,150.272,168.640
-68.389,150.161,168.574
-68.362,150.039,168.508
-68.344,149.928,168.431
-68.326,149.806,168.365
-68.299,149.695,168.300
-68.281,149.573,168.245
-68.254,149.461,168.179
-68.227,149.339,168.124
-68.209,149.228,168.069
-68.182,149.106,168.014
-68.164,148.995,167.959
-68.136,148.884,167.915
-68.119,148.761,167.860
-68.091,148.639,167.805
-68.064,148.528,167.750
-68.046,148.406,167.695
-68.019,148.295,167.651
-68.001,148.184,167.596
-67.974,148.062,167.542
-67.946,147.950,167.487
-67.929,147.828,167.443
-67.901,147.717,167.388
-67.874,147.595,167.344
-67.847,147.484,167.300
-67.829,147.362,167.256
-67.802,147.250,167.212
-67.774,147.128,167.168
-67.757,147.017,167.124
-67.729,146.895,167.080
-67.702,146.784,167.036
-67.675,146.661,167.003
-67.647,146.550,166.959
-67.630,146.428,166.926
-67.602,146.317,166.882
-67.575,146.195,166.849
-67.548,146.084,166.816
-67.520,145.961,166.772
-67.502,145.850,166.740
-67.475,145.728,166.718
-67.448,145.617,166.685
-67.420,145.506,166.652
-67.393,145.384,166.619
-67.366,145.272,166.586
-67.339,145.150,166.542
-67.321,145.039,166.509
-67.294,144.917,166.476
-67.266,144.806,166.432
-67.239,144.683,166.399
-67.212,144.572,166.366
-67.184,144.450,166.322
-67.157,144.339,166.278
-67.130,144.228,166.245
-67.102,144.106,166.201
-67.075,143.983,166.157
-67.048,143.872,166.124
-67.020,143.750,166.080
-66.993,143.639,166.036
-66.966,143.517,165.981
-66.938,143.405,165.938
-66.911,143.294,165.894
-66.884,143.172,165.839
-66.856,143.061,165.795
-66.829,142.939,165.740
-66.802,142.827,165.696
-66.774,142.705,165.641
-66.747,142.594,165.597
-66.720,142.472,165.542
-66.692,142.361,165.498
-66.665,142.238,165.443
-66.638,142.127,165.399
-66.601,142.016,165.344
-66.574,141.894,165.289
-66.546,141.783,165.234
-66.519,141.660,165.179
-66.492,141.549,165.125
-66.464,141.427,165.070
-66.437,141.316,165.015
-66.400,141.193,164.960
-66.373,141.082,164.905
-66.346,140.971,164.850
-66.318,140.849,164.795
-66.281,140.738,164.740
-66.254,140.626,164.674
-66.227,140.504,164.619
-66.199,140.393,164.564
-66.163,140.271,164.509
-66.135,140.160,164.454
-66.108,140.048,164.388
-66.071,139.926,164.323
-66.044,139.815,164.268
-66.016,139.704,164.202
-65.979,139.581,164.136
-65.952,139.470,164.081
-65.925,139.348,164.015
-65.888,139.237,163.960
-65.861,139.126,163.905
-65.824,139.003,163.839
-65.796,138.892,163.784
-65.760,138.781,163.729
-65.732,138.659,163.674
-65.705,138.547,163.619
-65.668,138.436,163.553
-65.641,138.325,163.499
-65.604,138.203,163.433
-65.576,138.092,163.378
-65.540,137.969,163.312
-65.512,137.858,163.257
-65.475,137.747,163.191
-65.439,137.624,163.136
-65.411,137.513,163.081
-65.374,137.402,163.026
-65.347,137.280,162.971
-65.310,137.169,162.927
-65.283,137.057,162.872
-65.246,136.946,162.828
-65.209,136.824,162.773
-65.182,136.713,162.729
-65.145,136.601,162.675
-65.108,136.490,162.620
-65.081,136.368,162.576
-65.044,136.257,162.521
-65.007,136.145,162.477
-64.970,136.034,162.433
-64.943,135.912,162.378
-64.906,135.801,162.345
-64.869,135.678,162.301
-64.832,135.567,162.257
-64.805,135.456,162.213
-64.768,135.334,162.169
-64.731,135.222,162.136
-64.694,135.111,162.103
-64.657,135.000,162.070
-64.620,134.877,162.037
-64.593,134.766,161.993
-64.556,134.655,161.960
-64.519,134.544,161.927
-64.482,134.421,161.895
-64.445,134.310,161.862
-64.418,134.199,161.840
-64.381,134.088,161.807
-64.344,133.965,161.785
-64.307,133.854,161.752
-64.271,133.743,161.730
-64.234,133.632,161.708
-64.206,133.509,161.675
-64.170,133.398,161.653
-64.133,133.287,161.631
-64.096,133.176,161.609
-64.059,133.064,161.587
-64.022,132.942,161.565
-63.985,132.831,161.554
-63.948,132.719,161.532
-63.911,132.608,161.521
-63.874,132.486,161.510
-63.838,132.363,161.499
-63.801,132.252,161.499
-63.764,132.141,161.499
-63.727,132.030,161.499
-63.690,131.907,161.499
-63.653,131.796,161.499
-63.616,131.685,161.510
-63.579,131.574,161.510
-63.543,131.462,161.510
-63.506,131.340,161.499
-63.478,131.229,161.499
-63.441,131.118,161.499
-63.405,131.006,161.510
-63.368,130.895,161.521
-63.331,130.784,161.521
-63.294,130.661,161.532
-63.257,130.550,161.543
-63.220,130.439,161.565
-63.183,130.328,161.576
-63.137,130.205,161.598
-63.100,130.094,161.620
-63.063,129.972,161.642
-63.026,129.860,161.664
-62.989,129.749,161.675
-62.953,129.627,161.697
-62.916,129.515,161.719
-62.888,129.404,161.741
-62.851,129.293,161.763
-62.815,129.171,161.785
-62.778,129.059,161.807
-62.741,128.948,161.829
-62.704,128.837,161.851
-62.667,128.715,161.862
-62.630,128.603,161.884
-62.593,128.492,161.906
-62.566,128.381,161.927
-62.529,128.259,161.949
-62.492,128.147,161.971
-62.455,128.036,162.004
-62.419,127.914,162.026
-62.382,127.802,162.048
-62.345,127.691,162.070
-62.308,127.569,162.092
-62.271,127.458,162.114
-62.244,127.346,162.136
-62.207,127.224,162.158
-62.170,127.113,162.180
-62.133,127.002,162.202
-62.096,126.890,162.224
-62.069,126.768,162.246
-62.032,126.657,162.268
-61.995,126.546,162.290
-61.958,126.434,162.312
-61.921,126.312,162.334
-61.885,126.201,162.356
-61.857,126.090,162.367
-61.820,125.978,162.389
-61.783,125.867,162.400
-61.746,125.756,162.411
-61.719,125.634,162.422
-61.682,125.522,162.433
-61.645,125.411,162.455
-61.618,125.289,162.466
-61.581,125.178,162.477
-61.544,125.066,162.488
-61.507,124.955,162.510
-61.480,124.833,162.532
-61.443,124.721,162.543
-61.406,124.610,162.565
-61.370,124.488,162.587
-61.333,124.377,162.598
-61.305,124.265,162.620
-61.268,124.154,162.631
-61.232,124.032,162.653
-61.204,123.921,162.664
-61.167,123.809,162.675
-61.130,123.698,162.697
-61.103,123.576,162.708
-61.066,123.465,162.719
-61.029,123.353,162.740
-61.002,123.242,162.751
-60.965,123.131,162.762
-60.928,123.020,162.784
-60.901,122.909,162.795
-60.864,122.786,162.806
-60.827,122.675,162.817
-60.800,122.564,162.828
-60.763,122.453,162.839
-60.726,122.341,162.850
-60.699,122.219,162.850
-60.662,122.108,162.861
-60.625,121.997,162.861
-60.597,121.874,162.861
-60.561,121.763,162.861
-60.524,121.652,162.861
-60.496,121.541,162.850
-60.459,121.429,162.839
-60.423,121.307,162.828
-60.395,121.196,162.817
-60.358,121.085,162.795
-60.331,120.973,162.773
-60.294,120.862,162.740
-60.267,120.751,162.708
-60.230,120.629,162.675
-60.193,120.517,162.642
-60.166,120.406,162.598
-60.129,120.295,162.565
-60.092,120.184,162.521
-60.064,120.073,162.488
-60.027,119.961,162.444
-59.991,119.850,162.400
-59.963,119.739,162.356
-59.926,119.628,162.312
-59.889,119.516,162.268
-59.862,119.405,162.224
-59.825,119.283,162.169
-59.788,119.172,162.114
-59.751,119.060,162.070
-59.724,118.949,162.015
-59.687,118.838,161.971
-59.650,118.727,161.917
-59.613,118.615,161.873
-59.586,118.504,161.818
-59.549,118.393,161.774
-59.512,118.282,161.730
-59.475,118.171,161.697
-59.438,118.059,161.653
-59.411,117.948,161.598
-59.374,117.837,161.554
-59.337,117.726,161.510
-59.310,117.614,161.455
-59.273,117.503,161.411
-59.236,117.392,161.367
-59.199,117.281,161.323
-59.162,117.181,161.290
-59.135,117.069,161.257
-59.098,116.958,161.235
-59.061,116.847,161.213
-59.024,116.736,161.191
-58.987,116.624,161.180
-58.950,116.513,161.158
-58.913,116.402,161.158
-58.876,116.291,161.158
-58.839,116.179,161.158
-58.802,116.068,161.158
-58.765,115.968,161.158
-58.738,115.857,161.169
-58.701,115.745,161.169
-58.664,115.634,161.180
-58.627,115.534,161.191
-58.590,115.423,161.191
-58.553,115.311,161.202
-58.526,115.200,161.213
-58.489,115.100,161.235
-58.452,114.989,161.246
-58.415,114.878,161.257
-58.378,114.766,161.279
-58.341,114.655,161.301
-58.304,114.544,161.323
-58.267,114.433,161.356
-58.231,114.321,161.389
-58.194,114.210,161.422
-58.157,114.099,161.455
-58.120,113.988,161.499
-58.092,113.876,161.532
-58.055,113.776,161.565
-58.019,113.665,161.609
-57.982,113.554,161.642
-57.945,113.442,161.675
-57.917,113.342,161.708
-57.880,113.231,161.741
-57.843,113.131,161.774
-57.816,113.020,161.796
-57.779,112.909,161.829
-57.742,112.797,161.862
-57.715,112.686,161.884
-57.678,112.586,161.906
-57.641,112.475,161.927
-57.604,112.363,161.960
-57.567,112.252,161.993
-57.540,112.141,162.026
-57.503,112.030,162.059
-57.466,111.918,162.092
-57.438,111.807,162.136
-57.401,111.696,162.180
-57.364,111.596,162.235
-57.328,111.485,162.279
-57.300,111.373,162.323
-57.263,111.262,162.367
-57.236,111.151,162.400
-57.199,111.040,162.444
-57.172,110.929,162.477
-57.135,110.817,162.510
-57.098,110.706,162.554
-57.070,110.595,162.598
-57.033,110.495,162.642
-56.996,110.384,162.675
-56.969,110.272,162.719
-56.932,110.161,162.751
-56.905,110.061,162.795
-56.868,109.950,162.817
-56.840,109.839,162.850
-56.803,109.738,162.872
-56.776,109.627,162.883
-56.739,109.516,162.883
-56.712,109.405,162.905
-56.684,109.294,162.916
-56.647,109.194,162.938
-56.610,109.082,162.960
-56.583,108.971,162.993
-56.546,108.849,163.026
-56.509,108.738,163.059
-56.472,108.626,163.103
-56.445,108.526,163.136
-56.408,108.415,163.169
-56.381,108.304,163.202
-56.344,108.193,163.224
-56.316,108.081,163.246
-56.279,107.970,163.268
-56.252,107.859,163.279
-56.225,107.748,163.279
-56.188,107.637,163.279
-56.160,107.536,163.290
-56.123,107.425,163.290
-56.096,107.314,163.290
-56.069,107.203,163.301
-56.032,107.092,163.301
-56.004,106.980,163.301
-55.967,106.869,163.312
-55.940,106.758,163.312
-55.913,106.647,163.312
-55.876,106.536,163.312
-55.848,106.425,163.312
-55.811,106.313,163.312
-55.784,106.202,163.312
-55.747,106.091,163.312
-55.720,105.980,163.323
-55.683,105.868,163.323
-55.656,105.757,163.323
-55.619,105.646,163.323
-55.591,105.535,163.334
-55.554,105.424,163.334
-55.527,105.312,163.323
-55.500,105.201,163.323
-55.463,105.090,163.323
-55.435,104.979,163.323
-55.398,104.868,163.323
-55.371,104.768,163.323
-55.334,104.656,163.323
-55.307,104.545,163.312
-55.279,104.434,163.301
-55.242,104.323,163.301
-55.215,104.212,163.290
-55.178,104.100,163.290
-55.151,103.989,163.279
-55.123,103.878,163.268
-55.086,103.767,163.268
-55.059,103.656,163.257
-55.022,103.544,163.268
-54.985,103.433,163.268
-54.958,103.322,163.268
-54.921,103.211,163.268
-54.894,103.099,163.268
-54.857,102.988,163.268
-54.829,102.888,163.268
-54.802,102.777,163.268
-54.765,102.666,163.268
-54.737,102.555,163.257
-54.701,102.443,163.257
-54.673,102.332,163.257
-54.646,102.221,163.246
-54.609,102.110,163.246
-54.582,101.999,163.246
-54.545,101.887,163.246
-54.517,101.787,163.246
-54.480,101.676,163.246
-54.453,101.565,163.246
-54.416,101.454,163.246
-54.389,101.342,163.257
-54.352,101.231,163.257
-54.324,101.120,163.257
-54.287,101.009,163.257
-54.260,100.898,163.257
-54.233,100.786,163.257
-54.196,100.675,163.257
-54.168,100.564,163.257
-54.131,100.453,163.257
-54.104,100.342,163.257
-54.067,100.230,163.257
-54.040,100.130,163.257
-54.003,100.019,163.257
-53.975,99.908,163.246
-53.948,99.797,163.246
-53.911,99.685,163.235
-53.884,99.574,163.224
-53.847,99.463,163.224
-53.819,99.352,163.213
-53.783,99.241,163.202
-53.755,99.129,163.191
-53.718,99.018,163.180
-53.691,98.907,163.169
-53.663,98.807,163.158
-53.626,98.696,163.147
-53.599,98.585,163.136
-53.562,98.473,163.125
-53.535,98.362,163.114
-53.498,98.251,163.103
-53.470,98.140,163.092
-53.434,98.028,163.081
-53.406,97.917,163.081
-53.369,97.806,163.070
-53.342,97.706,163.070
-53.305,97.595,163.059
-53.278,97.484,163.048
-53.241,97.372,163.037
-53.213,97.261,163.026
-53.176,97.150,163.015
-53.149,97.039,162.993
-53.112,96.928,162.982
-53.085,96.816,162.971
-53.048,96.705,162.960
-53.020,96.594,162.949
-52.983,96.483,162.938
-52.956,96.372,162.927
-52.919,96.260,162.905
-52.892,96.149,162.894
-52.855,96.038,162.872
-52.828,95.927,162.850
-52.791,95.815,162.828
-52.763,95.715,162.806
-52.726,95.604,162.784
-52.699,95.493,162.762
-52.662,95.382,162.740
-52.635,95.271,162.719
-52.598,95.159,162.708
-52.561,95.048,162.686
-52.533,94.937,162.675
-52.496,94.826,162.664
-52.469,94.714,162.642
-52.432,94.603,162.631
-52.395,94.492,162.609
-52.368,94.381,162.598
-52.331,94.270,162.576
-52.294,94.158,162.565
-52.267,94.047,162.543
-52.230,93.947,162.521
-52.202,93.836,162.510
-52.165,93.725,162.488
-52.128,93.613,162.466
-52.101,93.502,162.455
-52.064,93.391,162.433
-52.027,93.280,162.411
-52.000,93.168,162.400
-51.963,93.057,162.378
-51.926,92.946,162.367
-51.899,92.835,162.345
-51.862,92.723,162.323
-51.825,92.612,162.301
-51.798,92.501,162.290
-51.761,92.390,162.268
-51.724,92.279,162.246
-51.696,92.167,162.224
-51.659,92.056,162.213
-51.623,91.945,162.191
-51.595,91.834,162.169
-51.558,91.722,162.158
-51.521,91.611,162.136
-51.494,91.500,162.114
-51.457,91.389,162.103
-51.420,91.278,162.081
-51.383,91.166,162.070
-51.346,91.055,162.059
-51.319,90.955,162.037
-51.282,90.844,162.026
-51.245,90.732,162.015
-51.218,90.621,161.993
-51.181,90.510,161.982
-51.144,90.399,161.971
-51.107,90.287,161.949
-51.070,90.176,161.938
-51.043,90.065,161.927
-51.006,89.954,161.917
-50.969,89.843,161.906
-50.932,89.731,161.895
-50.905,89.620,161.873
-50.868,89.509,161.862
-50.831,89.398,161.851
-50.794,89.286,161.840
-50.757,89.175,161.818
-50.729,89.064,161.807
-50.693,88.953,161.785
-50.656,88.841,161.774
-50.619,88.730,161.752
-50.591,88.619,161.741
-50.554,88.508,161.719
-50.518,88.396,161.697
-50.481,88.285,161.686
-50.444,88.174,161.664
-50.416,88.063,161.653
-50.379,87.952,161.642
-50.343,87.840,161.631
-50.306,87.729,161.609
-50.269,87.618,161.598
-50.232,87.518,161.587
-50.204,87.406,161.576
-50.167,87.295,161.565
-50.131,87.184,161.554
-50.094,87.073,161.554
-50.057,86.961,161.543
-50.020,86.850,161.532
-49.983,86.739,161.521
-49.956,86.628,161.521
-49.919,86.516,161.521
-49.882,86.405,161.521
-49.845,86.294,161.521
-49.808,86.183,161.521
-49.780,86.083,161.521
-49.743,85.971,161.521
-49.707,85.860,161.532
-49.670,85.749,161.532
-49.633,85.638,161.543
-49.596,85.526,161.565
-49.559,85.415,161.576
-49.532,85.304,161.587
-49.495,85.193,161.609
-49.458,85.081,161.631
-49.421,84.970,161.642
-49.384,84.859,161.664
-49.347,84.748,161.675
-49.320,84.636,161.697
-49.283,84.525,161.708
-49.246,84.414,161.730
-49.209,84.303,161.741
-49.182,84.192,161.752
-49.145,84.080,161.763
-49.108,83.969,161.774
-49.071,83.858,161.785
-49.034,83.746,161.796
-49.006,83.646,161.818
-48.969,83.535,161.829
-48.933,83.424,161.840
-48.896,83.313,161.851
-48.859,83.201,161.873
-48.831,83.090,161.884
-48.794,82.979,161.895
-48.758,82.868,161.906
-48.721,82.756,161.917
-48.693,82.645,161.938
-48.656,82.534,161.949
-48.619,82.423,161.949
-48.583,82.312,161.960
-48.546,82.200,161.971
-48.518,82.089,161.982
-48.481,81.989,161.993
-48.444,81.878,162.004
-48.407,81.766,162.004
-48.380,81.655,162.015
-48.343,81.544,162.026
-48.306,81.433,162.026
-48.269,81.321,162.037
-48.242,81.210,162.048
-48.205,81.099,162.059
-48.168,80.988,162.059
-48.141,80.877,162.070
-48.104,80.765,162.070
-48.067,80.654,162.070
-48.030,80.554,162.070
-48.003,80.443,162.070
-47.966,80.332,162.070
-47.929,80.220,162.070
-47.901,80.098,162.070
-47.865,79.987,162.070
-47.828,79.876,162.070
-47.791,79.764,162.081
-47.763,79.653,162.081
-47.726,79.542,162.081
-47.690,79.431,162.070
-47.653,79.330,162.070
-47.625,79.219,162.081
-47.588,79.108,162.070
-47.561,78.997,162.070
-47.524,78.886,162.059
-47.487,78.774,162.059
-47.460,78.674,162.048
-47.423,78.563,162.048
-47.386,78.452,162.037
-47.358,78.341,162.037
-47.321,78.229,162.037
-47.285,78.118,162.037
-47.248,78.007,162.037
-47.211,77.896,162.048
-47.183,77.784,162.048
-47.146,77.673,162.048
-47.110,77.562,162.048
-47.073,77.451,162.048
-47.045,77.351,162.048
-47.008,77.239,162.048
-46.971,77.128,162.059
-46.934,77.017,162.059
-46.907,76.906,162.059
-46.870,76.794,162.059
-46.833,76.683,162.059
-46.796,76.572,162.059
-46.769,76.461,162.059
-46.732,76.349,162.059
-46.695,76.238,162.059
-46.668,76.127,162.059
-46.631,76.027,162.048
-46.594,75.916,162.048
-46.566,75.804,162.048
-46.529,75.693,162.037
-46.502,75.582,162.037
-46.465,75.482,162.026
-46.428,75.371,162.026
-46.401,75.259,162.026
-46.364,75.148,162.026
-46.327,75.037,162.026
-46.300,74.926,162.026
-46.263,74.814,162.015
-46.226,74.703,162.015
-46.189,74.592,162.015
-46.152,74.492,162.015
-46.124,74.381,162.015
-46.088,74.269,162.015
-46.051,74.158,162.015
-46.023,74.047,162.015
-45.986,73.947,162.015
-45.949,73.835,162.004
-45.922,73.724,162.004
-45.885,73.613,162.004
-45.848,73.502,162.004
-45.821,73.391,161.993
-45.784,73.290,161.993
-45.747,73.179,161.993
-45.710,73.068,161.993
-45.683,72.957,161.993
-45.646,72.846,161.993
-45.609,72.745,161.993
-45.581,72.634,161.982
-45.544,72.523,161.982
-45.507,72.412,161.971
-45.470,72.312,161.960
-45.443,72.200,161.949
-45.406,72.089,161.938
-45.369,71.978,161.927
-45.342,71.867,161.906
-45.305,71.767,161.884
-45.268,71.655,161.873
-45.241,71.544,161.851
-45.204,71.433,161.840
-45.167,71.322,161.818
-45.139,71.222,161.796
-45.102,71.110,161.774
-45.065,70.999,161.763
-45.028,70.888,161.741
-45.001,70.777,161.719
-44.964,70.676,161.708
-44.927,70.565,161.686
-44.900,70.454,161.675
-44.863,70.343,161.653
-44.826,70.231,161.631
-44.789,70.131,161.609
-44.752,70.020,161.598
-44.725,69.909,161.576
-44.688,69.798,161.554
-44.651,69.686,161.543
-44.614,69.575,161.532
-44.586,69.475,161.510
-44.550,69.364,161.488
-44.513,69.253,161.477
-44.476,69.152,161.455
-44.439,69.041,161.433
-44.411,68.930,161.422
-44.374,68.819,161.400
-44.337,68.707,161.378
-44.301,68.596,161.367
-44.264,68.496,161.345
-44.227,68.385,161.334
-44.199,68.274,161.312
-44.162,68.162,161.290
-44.125,68.051,161.279
-44.089,67.940,161.268
-44.052,67.829,161.257
-44.015,67.728,161.235
-43.978,67.617,161.224
-43.950,67.506,161.213
-43.913,67.395,161.191
-43.876,67.283,161.180
-43.840,67.172,161.158
-43.803,67.072,161.147
-43.766,66.961,161.125
-43.729,66.849,161.115
-43.692,66.738,161.093
-43.655,66.627,161.082
-43.618,66.516,161.071
-43.581,66.404,161.049
-43.544,66.293,161.038
-43.517,66.193,161.027
-43.480,66.082,161.005
-43.443,65.971,160.994
-43.406,65.859,160.983
-43.369,65.748,160.961
-43.332,65.637,160.950
-43.295,65.526,160.939
-43.258,65.414,160.917
-43.221,65.303,160.906
-43.184,65.203,160.895
-43.147,65.092,160.884
-43.111,64.980,160.873
-43.074,64.869,160.862
-43.037,64.758,160.851
-43.000,64.647,160.840
-42.963,64.535,160.829
-42.926,64.424,160.818
-42.889,64.313,160.818
-42.852,64.201,160.807
-42.815,64.090,160.796
-42.778,63.979,160.785
-42.741,63.868,160.774
-42.704,63.768,160.763
-42.668,63.656,160.752
-42.631,63.545,160.741
-42.594,63.434,160.741
-42.557,63.323,160.730
-42.520,63.211,160.719
-42.483,63.100,160.708
-42.446,62.989,160.697
-42.409,62.877,160.686
-42.372,62.766,160.686
-42.335,62.655,160.675
-42.298,62.544,160.664
-42.262,62.432,160.653
-42.225,62.321,160.642
-42.188,62.210,160.631
-42.141,62.099,160.631
-42.104,61.987,160.620
-42.067,61.876,160.620
-42.031,61.765,160.620
-41.994,61.654,160.620
-41.957,61.542,160.620
-41.920,61.431,160.620
-41.883,61.320,160.620
-41.846,61.208,160.620
-41.809,61.097,160.631
-41.772,60.986,160.631
-41.735,60.875,160.631
-41.698,60.763,160.642
-41.661,60.652,160.642
-41.625,60.541,160.653
-41.578,60.430,160.653
-41.541,60.318,160.664
-41.504,60.207,160.675
-41.467,60.096,160.675
-41.430,59.985,160.686
-41.394,59.873,160.697
-41.357,59.762,160.719
-41.320,59.651,160.730
-41.283,59.539,160.741
-41.246,59.428,160.763
-41.209,59.317,160.774
-41.163,59.206,160.785
-41.126,59.094,160.796
-41.089,58.983,160.807
-41.052,58.872,160.829
-41.015,58.761,160.840
-40.978,58.649,160.851
-40.941,58.538,160.862
-40.904,58.416,160.873
-40.867,58.304,160.884
-40.831,58.193,160.895
-40.794,58.082,160.906
-40.757,57.971,160.917
-40.720,57.859,160.939
-40.683,57.748,160.939
-40.646,57.637,160.950
-40.609,57.526,160.961
-40.572,57.414,160.972
-40.535,57.303,160.983
-40.489,57.192,160.994
-40.452,57.069,161.005
-40.415,56.958,161.016
-40.378,56.847,161.027
-40.341,56.736,161.049
-40.304,56.624,161.071
-40.268,56.502,161.082
-40.231,56.391,161.104
-40.194,56.279,161.125
-40.157,56.168,161.147
-40.120,56.057,161.158
-40.083,55.946,161.180
-40.046,55.834,161.191
-40.009,55.723,161.202
-39.972,55.601,161.213
-39.936,55.490,161.224
-39.899,55.378,161.235
-39.862,55.267,161.246
-39.825,55.156,161.257
-39.788,55.045,161.279
-39.751,54.933,161.290
-39.714,54.811,161.301
-39.677,54.700,161.323
-39.640,54.588,161.334
-39.603,54.477,161.356
-39.567,54.355,161.378
-39.530,54.244,161.389
-39.493,54.132,161.411
-39.456,54.021,161.422
-39.419,53.910,161.444
-39.382,53.787,161.455
-39.345,53.676,161.477
-39.308,53.565,161.488
-39.272,53.443,161.499
-39.235,53.331,161.521
-39.198,53.220,161.532
-39.161,53.109,161.543
-39.124,52.986,161.565
-39.087,52.875,161.576
-39.050,52.764,161.598
-39.013,52.653,161.609
-38.977,52.530,161.620
-38.940,52.419,161.631
-38.903,52.308,161.642
-38.866,52.197,161.653
-38.839,52.085,161.664
-38.802,51.963,161.675
-38.765,51.852,161.686
-38.728,51.741,161.708
-38.691,51.629,161.719
-38.654,51.507,161.730
-38.617,51.396,161.741
-38.580,51.284,161.752
-38.544,51.173,161.763
-38.507,51.051,161.774
-38.470,50.940,161.785
-38.433,50.828,161.796
-38.396,50.706,161.807
-38.359,50.595,161.829
-38.322,50.483,161.840
-38.285,50.372,161.851
-38.249,50.250,161.873
-38.212,50.139,161.884
-38.175,50.016,161.895
-38.138,49.905,161.917
-38.111,49.794,161.927
-38.074,49.671,161.949
-38.037,49.560,161.960
-38.000,49.449,161.982
-37.963,49.338,161.993
-37.926,49.215,162.004
-37.889,49.104,162.026
-37.862,48.993,162.037
-37.825,48.882,162.048
-37.788,48.770,162.059
-37.751,48.648,162.070
-37.715,48.537,162.081
-37.678,48.426,162.092
-37.641,48.314,162.092
-37.613,48.192,162.103
-37.577,48.081,162.114
-37.540,47.970,162.125
-37.503,47.847,162.147
-37.466,47.736,162.158
-37.429,47.625,162.169
-37.402,47.502,162.180
-37.365,47.391,162.191
-37.328,47.280,162.202
-37.291,47.169,162.213
-37.254,47.046,162.224
-37.217,46.935,162.235
-37.190,46.824,162.246
-37.153,46.702,162.257
-37.116,46.590,162.268
-37.079,46.479,162.279
-37.042,46.368,162.290
-37.006,46.245,162.301
-36.978,46.134,162.312
-36.941,46.023,162.323
-36.905,45.912,162.323
-36.868,45.789,162.334
-36.840,45.678,162.345
-36.803,45.567,162.356
-36.767,45.456,162.356
-36.730,45.344,162.367
-36.702,45.222,162.367
-36.665,45.111,162.378
-36.629,45.000,162.389
-36.592,44.888,162.389
-36.564,44.766,162.400
-36.527,44.655,162.411
-36.491,44.544,162.422
-36.454,44.421,162.444
-36.417,44.310,162.455
-36.380,44.199,162.466
-36.353,44.088,162.488
-36.316,43.965,162.499
-36.279,43.854,162.510
-36.242,43.743,162.521
-36.215,43.632,162.532
-36.178,43.509,162.532
-36.150,43.398,162.543
-36.114,43.287,162.543
-36.077,43.176,162.554
-36.049,43.053,162.565
-36.012,42.942,162.565
-35.976,42.831,162.576
-35.939,42.720,162.598
-35.911,42.597,162.609
-35.874,42.486,162.620
-35.838,42.375,162.631
-35.801,42.253,162.631
-35.773,42.141,162.642
-35.736,42.030,162.642
-35.700,41.919,162.653
-35.672,41.797,162.653
-35.635,41.685,162.653
-35.599,41.574,162.664
-35.562,41.452,162.664
-35.534,41.341,162.664
-35.497,41.229,162.675
-35.461,41.118,162.686
-35.433,41.007,162.686
-35.396,40.885,162.697
-35.359,40.773,162.708
-35.323,40.662,162.708
-35.295,40.551,162.708
-35.258,40.429,162.708
-35.221,40.317,162.719
-35.194,40.206,162.719
-35.157,40.095,162.729
-35.120,39.973,162.729
-35.093,39.861,162.740
-35.056,39.750,162.740
-35.019,39.639,162.751
-34.982,39.517,162.762
-34.955,39.405,162.773
-34.918,39.294,162.784
-34.881,39.183,162.795
-34.854,39.061,162.806
-34.817,38.949,162.806
-34.780,38.838,162.817
-34.753,38.716,162.817
-34.716,38.605,162.828
-34.679,38.493,162.828
-34.652,38.382,162.839
-34.615,38.260,162.839
-34.578,38.149,162.850
-34.551,38.037,162.850
-34.514,37.926,162.861
-34.477,37.804,162.872
-34.450,37.693,162.883
-34.413,37.581,162.883
-34.376,37.470,162.894
-34.349,37.348,162.905
-34.312,37.237,162.905
-34.275,37.125,162.916
-34.247,37.014,162.916
-34.211,36.892,162.927
-34.174,36.781,162.927
-34.146,36.669,162.938
-34.109,36.558,162.938
-34.073,36.436,162.949
-34.045,36.325,162.949
-34.008,36.213,162.960
-33.971,36.102,162.971
-33.944,35.980,162.971
-33.907,35.869,162.982
-33.880,35.758,162.993
-33.843,35.646,163.004
-33.806,35.524,163.004
-33.779,35.413,163.015
-33.742,35.302,163.015
-33.705,35.190,163.015
-33.678,35.068,163.015
-33.641,34.957,163.015
-33.613,34.846,163.015
-33.576,34.734,163.015
-33.540,34.612,163.026
-33.512,34.501,163.026
-33.475,34.390,163.037
-33.438,34.278,163.037
-33.402,34.156,163.048
-33.374,34.045,163.059
-33.337,33.934,163.070
-33.310,33.822,163.070
-33.273,33.700,163.081
-33.236,33.589,163.081
-33.209,33.478,163.081
-33.172,33.355,163.081
-33.145,33.244,163.081
-33.108,33.133,163.081
-33.071,33.022,163.081
-33.044,32.899,163.081
-33.007,32.788,163.081
-32.979,32.677,163.081
-32.943,32.566,163.081
-32.906,32.443,163.070
-32.878,32.332,163.070
-32.841,32.221,163.070
-32.805,32.110,163.070
-32.777,31.987,163.070
-32.740,31.876,163.059
-32.703,31.765,163.048
-32.676,31.654,163.037
-32.639,31.531,163.026
-32.612,31.420,163.015
-32.575,31.309,163.004
-32.538,31.187,162.993
-32.511,31.076,162.971
-32.474,30.964,162.960
-32.437,30.853,162.949
-32.410,30.731,162.938
-32.373,30.620,162.916
-32.346,30.508,162.905
-32.309,30.386,162.883
-32.272,30.275,162.872
-32.244,30.164,162.861
-32.208,30.052,162.839
-32.171,29.930,162.817
-32.143,29.819,162.806
-32.106,29.708,162.784
-32.070,29.596,162.773
-32.042,29.474,162.751
-32.005,29.363,162.740
-31.968,29.252,162.729
-31.941,29.140,162.719
-31.904,29.018,162.708
-31.867,28.907,162.697
-31.831,28.796,162.686
-31.803,28.684,162.675
-31.766,28.562,162.664
-31.729,28.451,162.642
-31.693,28.340,162.631
-31.665,28.228,162.620
-31.628,28.106,162.609
-31.591,27.995,162.598
-31.555,27.884,162.587
-31.527,27.772,162.587
-31.490,27.650,162.576
-31.453,27.539,162.565
-31.426,27.428,162.554
-31.389,27.316,162.543
-31.352,27.194,162.521
-31.325,27.083,162.510
-31.288,26.972,162.499
-31.251,26.860,162.477
-31.214,26.738,162.466
-31.187,26.627,162.455
-31.150,26.516,162.433
-31.113,26.393,162.422
-31.076,26.282,162.411
-31.040,26.171,162.400
-31.003,26.048,162.400
-30.975,25.937,162.389
-30.938,25.826,162.378
-30.902,25.715,162.378
-30.865,25.592,162.367
-30.837,25.481,162.356
-30.800,25.370,162.345
-30.764,25.259,162.334
-30.736,25.148,162.323
-30.699,25.025,162.312
-30.662,24.914,162.301
-30.626,24.803,162.290
-30.598,24.691,162.279
-30.561,24.580,162.268
-30.525,24.458,162.257
-30.488,24.347,162.257
-30.451,24.235,162.257
-30.423,24.124,162.257
-30.387,24.002,162.246
-30.350,23.891,162.246
-30.313,23.768,162.235
-30.276,23.657,162.224
-30.239,23.546,162.213
-30.202,23.434,162.213
-30.175,23.312,162.202
-30.138,23.201,162.191
-30.101,23.090,162.191
-30.064,22.978,162.180
-30.027,22.856,162.169
-30.000,22.745,162.158
-29.963,22.634,162.158
-29.926,22.522,162.147
-29.889,22.411,162.136
-29.852,22.300,162.125
-29.825,22.178,162.103
-29.788,22.066,162.081
-29.751,21.955,162.070
-29.714,21.844,162.048
-29.678,21.722,162.037
-29.641,21.610,162.026
-29.613,21.499,162.015
-29.576,21.388,162.004
-29.539,21.277,161.993
-29.503,21.154,161.982
-29.466,21.043,161.982
-29.429,20.932,161.982
-29.392,20.821,161.971
-29.355,20.709,161.971
-29.328,20.587,161.960
-29.291,20.476,161.960
-29.254,20.365,161.949
-29.217,20.253,161.938
-29.180,20.142,161.938
-29.143,20.020,161.927
-29.106,19.908,161.917
-29.079,19.797,161.917
-29.042,19.686,161.906
-29.005,19.575,161.895
-28.968,19.463,161.884
-28.931,19.352,161.873
-28.904,19.230,161.862
-28.867,19.119,161.851
-28.830,19.007,161.840
-28.793,18.896,161.829
-28.757,18.785,161.829
-28.720,18.674,161.818
-28.683,18.562,161.807
-28.655,18.451,161.807
-28.619,18.329,161.796
-28.582,18.218,161.785
-28.545,18.106,161.785
-28.508,17.995,161.774
-28.471,17.884,161.763
-28.434,17.773,161.763
-28.407,17.661,161.752
-28.370,17.550,161.741
-28.333,17.439,161.741
-28.296,17.328,161.730
-28.259,17.216,161.719
-28.222,17.105,161.719
-28.185,16.994,161.708
-28.158,16.883,161.697
-28.121,16.771,161.697
-28.084,16.660,161.686
-28.047,16.549,161.686
-28.010,16.427,161.675
-27.973,16.315,161.664
-27.936,16.204,161.664
-27.909,16.093,161.653
-27.872,15.982,161.653
-27.835,15.870,161.653
-27.798,15.759,161.642
-27.761,15.648,161.642
-27.725,15.537,161.642
-27.688,15.425,161.631
-27.660,15.314,161.631
-27.623,15.203,161.620
-27.586,15.092,161.609
-27.549,14.992,161.598
-27.513,14.880,161.587
-27.485,14.769,161.576
-27.448,14.658,161.565
-27.411,14.547,161.554
-27.374,14.435,161.543
-27.338,14.324,161.532
-27.301,14.213,161.521
-27.273,14.102,161.521
-27.236,13.990,161.521
-27.199,13.879,161.521
-27.162,13.768,161.521
-27.126,13.657,161.521
-27.089,13.545,161.521
-27.052,13.434,161.521
-27.015,13.323,161.521
-26.987,13.212,161.521
-26.950,13.112,161.521
-26.914,13.000,161.521
-26.877,12.889,161.532
-26.849,12.778,161.532
-26.812,12.667,161.532
-26.775,12.555,161.543
-26.738,12.455,161.554
-26.701,12.344,161.565
-26.674,12.233,161.587
-26.637,12.121,161.598
-26.600,12.010,161.620
-26.563,11.899,161.631
-26.526,11.788,161.653
-26.490,11.676,161.664
-26.462,11.576,161.686
-26.425,11.465,161.708
-26.388,11.354,161.730
-26.351,11.243,161.752
-26.314,11.131,161.774
-26.287,11.031,161.807
-26.250,10.920,161.829
-26.213,10.809,161.862
-26.176,10.697,161.906
-26.149,10.586,161.938
-26.112,10.475,161.971
-26.075,10.364,162.004
-26.038,10.264,162.048
-26.011,10.152,162.081
-25.974,10.041,162.114
-25.937,9.930,162.147
-25.900,9.819,162.191
-25.872,9.719,162.224
-25.835,9.607,162.257
-25.808,9.496,162.301
-25.771,9.396,162.334
-25.734,9.285,162.367
-25.707,9.174,162.411
-25.670,9.062,162.444
-25.642,8.951,162.477
-25.605,8.851,162.510
-25.569,8.740,162.543
-25.541,8.629,162.576
-25.504,8.517,162.609
-25.477,8.406,162.642
-25.440,8.295,162.686
-25.412,8.195,162.719
-25.376,8.084,162.751
-25.339,7.972,162.795
-25.311,7.861,162.828
-25.274,7.750,162.861
-25.247,7.650,162.905
-25.210,7.539,162.938
-25.183,7.427,162.982
-25.155,7.327,163.015
-25.118,7.216,163.048
-25.091,7.105,163.092
-25.054,6.994,163.136
-25.026,6.894,163.169
-24.989,6.782,163.213
-24.962,6.671,163.257
-24.925,6.560,163.301
-24.898,6.460,163.334
-24.870,6.349,163.378
-24.833,6.237,163.411
-24.806,6.126,163.455
-24.769,6.026,163.488
-24.742,5.915,163.531
-24.714,5.804,163.575
-24.677,5.693,163.619
-24.650,5.593,163.663
-24.613,5.481,163.707
-24.586,5.370,163.751
-24.558,5.270,163.784
-24.531,5.159,163.828
-24.494,5.048,163.872
-24.466,4.948,163.905
-24.439,4.836,163.938
-24.412,4.725,163.982
-24.384,4.625,164.015
-24.347,4.514,164.048
-24.320,4.414,164.081
-24.292,4.303,164.114
-24.265,4.203,164.147
-24.237,4.091,164.180
-24.210,3.991,164.224
-24.183,3.880,164.257
-24.145,3.780,164.290
-24.118,3.680,164.333
-24.090,3.580,164.377
-24.063,3.469,164.410
-24.036,3.369,164.443
-24.018,3.269,164.465
-23.990,3.169,164.487
-23.963,3.069,164.498
-23.945,2.969,164.520
-23.917,2.869,164.531
-23.890,2.768,164.542
-23.862,2.679,164.564
-23.835,2.579,164.586
-23.817,2.479,164.619
-23.789,2.379,164.641
-23.761,2.290,164.663
-23.734,2.190,164.685
-23.706,2.101,164.707
-23.679,2.001,164.729
-23.661,1.912,164.751
-23.633,1.812,164.762
-23.615,1.723,164.762
-23.588,1.634,164.762
-23.569,1.546,164.751
-23.542,1.445,164.751
-23.514,1.357,164.740
-23.496,1.268,164.729
-23.478,1.179,164.718
-23.450,1.101,164.707
-23.423,1.012,164.696
-23.405,0.923,164.696
-23.377,0.834,164.685
-23.359,0.745,164.685
-23.341,0.667,164.685
-23.313,0.578,164.685
-23.295,0.489,164.685
-23.267,0.412,164.674
-23.249,0.323,164.663
-23.222,0.234,164.663
-23.203,0.156,164.641
-23.185,0.078,164.630
-23.158,-0.011,164.619
-23.139,-0.089,164.597
-23.121,-0.167,164.586
-23.094,-0.256,164.564
-23.075,-0.333,164.542
-23.057,-0.411,164.520
-23.039,-0.489,164.498
-23.021,-0.556,164.476
-22.993,-0.634,164.465
-22.975,-0.711,164.443
-22.956,-0.789,164.421
-22.938,-0.867,164.399
-22.920,-0.945,164.377
-22.902,-1.011,164.355
-22.883,-1.089,164.344
-22.856,-1.167,164.312
-22.838,-1.245,164.290
-22.819,-1.312,164.257
-22.801,-1.389,164.224
-22.783,-1.456,164.191
-22.764,-1.523,164.158
-22.746,-1.601,164.114
-22.718,-1.667,164.059
-22.700,-1.734,164.015
-22.682,-1.812,163.949
-22.663,-1.879,163.894
-22.645,-1.945,163.828
-22.627,-2.012,163.751
-22.608,-2.079,163.685
-22.590,-2.146,163.608
-22.572,-2.212,163.531
-22.553,-2.279,163.455
-22.535,-2.335,163.367
-22.517,-2.401,163.290
-22.498,-2.468,163.202
-22.480,-2.535,163.125
-22.461,-2.590,163.048
-22.443,-2.657,162.971
-22.425,-2.724,162.894
-22.406,-2.779,162.806
-22.388,-2.846,162.729
-22.370,-2.902,162.642
-22.351,-2.968,162.565
-22.333,-3.024,162.477
-22.314,-3.080,162.389
-22.306,-3.146,162.312
-22.287,-3.202,162.213
-22.269,-3.258,162.136
-22.250,-3.313,162.048
-22.232,-3.369,161.960
-22.213,-3.425,161.873
-22.195,-3.480,161.785
-22.186,-3.536,161.697
-22.167,-3.591,161.609
-22.149,-3.636,161.521
-22.130,-3.691,161.433
-22.112,-3.747,161.345
-22.093,-3.803,161.257
-22.075,-3.858,161.169
-22.056,-3.903,161.082
-22.038,-3.959,160.994
-22.020,-4.014,160.895
-22.001,-4.059,160.807
-21.992,-4.114,160.697
-21.974,-4.170,160.598
-21.955,-4.225,160.477
-21.937,-4.270,160.367
-21.918,-4.326,160.247
-21.900,-4.370,160.126
-21.881,-4.426,159.994
-21.862,-4.470,159.862
-21.844,-4.526,159.719
-21.826,-4.582,159.587
-21.807,-4.626,159.445
-21.789,-4.682,159.302
-21.770,-4.726,159.148
-21.751,-4.782,158.994
-21.733,-4.827,158.840
-21.714,-4.882,158.687
-21.696,-4.938,158.533
-21.677,-4.982,158.368
-21.659,-5.038,158.203
-21.640,-5.083,158.038
-21.622,-5.138,157.863
-21.603,-5.183,157.687
-21.585,-5.238,157.511
-21.557,-5.283,157.324
-21.538,-5.339,157.148
-21.520,-5.383,156.951
-21.492,-5.439,156.764
-21.473,-5.483,156.566
-21.455,-5.539,156.368
-21.436,-5.584,156.171
-21.418,-5.639,155.973
-21.390,-5.684,155.775
-21.371,-5.728,155.577
-21.353,-5.784,155.369
-21.324,-5.829,155.171
-21.306,-5.884,154.962
-21.278,-5.929,154.753
-21.259,-5.974,154.545
-21.241,-6.018,154.336
-21.213,-6.074,154.127
-21.194,-6.118,153.907
-21.166,-6.163,153.699
-21.148,-6.219,153.479
-21.120,-6.263,153.259
-21.101,-6.308,153.029
-21.073,-6.353,152.798
-21.054,-6.397,152.567
-21.026,-6.442,152.325
-21.008,-6.486,152.084
-20.979,-6.531,151.842
-20.961,-6.575,151.589
-20.933,-6.620,151.337
-20.914,-6.665,151.084
-20.886,-6.709,150.831
-20.868,-6.754,150.579
-20.839,-6.798,150.315
-20.821,-6.832,150.051
-20.802,-6.876,149.799
-20.774,-6.921,149.524
-20.755,-6.955,149.260
-20.727,-6.999,148.997
-20.709,-7.044,148.722
-20.680,-7.077,148.458
-20.662,-7.111,148.195
-20.634,-7.155,147.920
-20.615,-7.189,147.645
-20.587,-7.234,147.371
-20.568,-7.267,147.096
-20.540,-7.301,146.810
-20.521,-7.334,146.525
-20.493,-7.379,146.228
-20.465,-7.412,145.920
-20.446,-7.446,145.613
-20.418,-7.479,145.294
-20.399,-7.513,144.965
-20.371,-7.546,144.635
-20.352,-7.580,144.294
-20.324,-7.613,143.943
-20.296,-7.647,143.580
-20.277,-7.680,143.218
-20.249,-7.725,142.844
-20.230,-7.759,142.471
-20.202,-7.781,142.086
-20.174,-7.826,141.702
-20.145,-7.848,141.306
-20.127,-7.882,140.900
-20.099,-7.915,140.493
-20.070,-7.949,140.087
-20.042,-7.982,139.669
-20.014,-8.016,139.252
-19.995,-8.049,138.823
-19.967,-8.083,138.395
-19.939,-8.105,137.966
-19.910,-8.139,137.527
-19.882,-8.173,137.087
-19.854,-8.206,136.637
-19.826,-8.229,136.176
-19.797,-8.262,135.725
-19.769,-8.285,135.264
-19.741,-8.318,134.802
-19.712,-8.352,134.330
-19.684,-8.374,133.857
-19.656,-8.408,133.385
-19.628,-8.430,132.913
-19.590,-8.464,132.440
-19.561,-8.486,131.957
-19.533,-8.520,131.473
-19.505,-8.543,130.990
-19.476,-8.565,130.496
-19.439,-8.599,129.990
-19.410,-8.621,129.485
-19.382,-8.644,128.969
-19.354,-8.666,128.452
-19.325,-8.700,127.925
-19.288,-8.722,127.397
-19.259,-8.745,126.870
-19.221,-8.767,126.332
-19.193,-8.790,125.793
-19.165,-8.812,125.244
-19.127,-8.835,124.695
-19.098,-8.857,124.146
-19.070,-8.880,123.585
-19.032,-8.902,123.036
-19.004,-8.925,122.476
-18.966,-8.936,121.915
-18.937,-8.959,121.355
-18.900,-8.981,120.784
-18.871,-9.004,120.212
-18.833,-9.027,119.641
-18.805,-9.038,119.070
-18.767,-9.061,118.499
-18.738,-9.072,117.916
-18.701,-9.095,117.334
-18.663,-9.106,116.741
-18.634,-9.129,116.158
-18.596,-9.140,115.565
-18.568,-9.163,114.972
-18.530,-9.174,114.368
-18.501,-9.197,113.774
-18.463,-9.208,113.181
-18.425,-9.220,112.577
-18.397,-9.242,111.984
-18.359,-9.253,111.390
-18.331,-9.265,110.797
-18.293,-9.276,110.204
-18.255,-9.288,109.611
-18.226,-9.299,109.017
-18.188,-9.311,108.424
-18.150,-9.322,107.842
-18.122,-9.334,107.249
-18.084,-9.345,106.655
-18.046,-9.357,106.073
-18.017,-9.368,105.491
-17.979,-9.380,104.897
-17.941,-9.380,104.315
-17.903,-9.392,103.733
-17.865,-9.403,103.151
-17.836,-9.414,102.568
-17.798,-9.415,101.986
-17.760,-9.426,101.415
-17.732,-9.438,100.833
-17.694,-9.438,100.250
-17.656,-9.450,99.679
-17.618,-9.450,99.097
-17.580,-9.462,98.525
-17.551,-9.462,97.943
-17.513,-9.462,97.361
-17.475,-9.474,96.790
-17.437,-9.474,96.207
-17.408,-9.475,95.636
-17.370,-9.486,95.054
-17.332,-9.487,94.482
-17.294,-9.487,93.900
-17.256,-9.487,93.329
-17.218,-9.488,92.758
-17.189,-9.488,92.186
-17.151,-9.489,91.604
-17.113,-9.489,91.033
-17.075,-9.489,90.461
-17.036,-9.490,89.890
-17.008,-9.490,89.308
-16.970,-9.491,88.737
-16.932,-9.491,88.154
-16.894,-9.491,87.572
-16.855,-9.481,86.990
-16.827,-9.481,86.407
-16.789,-9.481,85.825
-16.750,-9.482,85.243
-16.712,-9.471,84.650
-16.684,-9.471,84.067
-16.645,-9.472,83.474
-16.607,-9.461,82.892
-16.569,-9.462,82.299
-16.540,-9.462,81.716
-16.502,-9.451,81.123
-16.464,-9.452,80.541
-16.435,-9.441,79.958
-16.397,-9.430,79.376
-16.359,-9.431,78.805
-16.330,-9.420,78.234
-16.292,-9.409,77.662
-16.254,-9.410,77.091
-16.225,-9.399,76.531
-16.187,-9.388,75.970
-16.158,-9.378,75.410
-16.120,-9.367,74.850
-16.082,-9.356,74.301
-16.053,-9.345,73.740
-16.015,-9.346,73.191
-15.986,-9.335,72.631
-15.948,-9.313,72.081
-15.919,-9.303,71.521
-15.881,-9.292,70.950
-15.852,-9.281,70.389
-15.814,-9.270,69.829
-15.785,-9.260,69.258
-15.747,-9.238,68.687
-15.718,-9.227,68.104
-15.680,-9.217,67.533
-15.651,-9.206,66.962
-15.613,-9.184,66.379
-15.584,-9.173,65.808
-15.555,-9.162,65.237
-15.526,-9.141,64.666
-15.488,-9.130,64.094
-15.459,-9.119,63.534
-15.430,-9.097,62.974
-15.402,-9.087,62.413
-15.363,-9.065,61.853
-15.335,-9.054,61.304
-15.306,-9.032,60.743
-15.267,-9.010,60.194
-15.239,-9.000,59.634
-15.210,-8.978,59.073
-15.172,-8.956,58.513
-15.143,-8.945,57.953
-15.114,-8.923,57.382
-15.085,-8.902,56.810
-15.056,-8.880,56.239
-15.028,-8.869,55.668
-14.999,-8.847,55.096
-14.970,-8.825,54.525
-14.941,-8.803,53.954
-14.912,-8.782,53.383
-14.883,-8.760,52.811
-14.864,-8.738,52.240
-14.835,-8.716,51.669
-14.806,-8.694,51.097
-14.778,-8.672,50.526
-14.749,-8.650,49.955
-14.720,-8.628,49.395
-14.691,-8.607,48.823
-14.672,-8.585,48.252
-14.643,-8.563,47.681
-14.623,-8.530,47.120
-14.595,-8.508,46.549
-14.566,-8.486,45.989
-14.546,-8.464,45.417
-14.517,-8.431,44.857
-14.489,-8.409,44.297
-14.469,-8.387,43.737
-14.440,-8.354,43.165
-14.421,-8.332,42.605
-14.392,-8.311,42.045
-14.373,-8.278,41.484
-14.353,-8.256,40.924
-14.324,-8.223,40.364
-14.305,-8.201,39.803
-14.276,-8.168,39.243
-14.257,-8.146,38.683
-14.228,-8.113,38.123
-14.209,-8.091,37.562
-14.189,-8.058,37.002
-14.170,-8.036,36.442
-14.150,-8.003,35.892
-14.121,-7.970,35.343
-14.102,-7.948,34.805
-14.083,-7.915,34.255
-14.063,-7.882,33.728
-14.044,-7.849,33.201
-14.025,-7.827,32.673
-14.005,-7.794,32.157
-13.986,-7.761,31.641
-13.966,-7.728,31.135
-13.947,-7.695,30.630
-13.927,-7.662,30.135
-13.908,-7.629,29.641
-13.889,-7.596,29.158
-13.869,-7.563,28.663
-13.850,-7.530,28.180
-13.840,-7.496,27.708
-13.820,-7.463,27.224
-13.801,-7.430,26.741
-13.791,-7.397,26.268
-13.781,-7.364,25.785
-13.762,-7.331,25.302
-13.742,-7.298,24.818
-13.732,-7.265,24.346
-13.713,-7.221,23.862
-13.693,-7.188,23.390
-13.683,-7.154,22.917
-13.664,-7.121,22.445
-13.654,-7.088,21.973
-13.635,-7.055,21.500
-13.625,-7.022,21.039
-13.615,-6.989,20.588
-13.605,-6.945,20.138
-13.585,-6.912,19.688
-13.576,-6.879,19.248
-13.556,-6.845,18.809
-13.546,-6.801,18.380
-13.536,-6.768,17.952
-13.526,-6.735,17.534
-13.507,-6.691,17.117
-13.497,-6.658,16.699
-13.487,-6.625,16.282
-13.477,-6.580,15.875
-13.467,-6.547,15.469
-13.457,-6.514,15.062
-13.447,-6.470,14.667
-13.437,-6.437,14.271
-13.427,-6.392,13.876
-13.417,-6.359,13.480
-13.407,-6.326,13.096
-13.407,-6.282,12.711
-13.397,-6.249,12.327
-13.387,-6.204,11.942
-13.377,-6.171,11.558
-13.367,-6.127,11.173
-13.367,-6.094,10.789
-13.357,-6.061,10.404
-13.347,-6.016,10.020
-13.346,-5.983,9.635
-13.336,-5.939,9.261
-13.336,-5.906,8.877
-13.326,-5.861,8.492
-13.316,-5.828,8.108
-13.316,-5.784,7.734
-13.306,-5.751,7.350
-13.305,-5.706,6.976
-13.295,-5.662,6.592
-13.295,-5.629,6.218
-13.285,-5.585,5.845
-13.284,-5.551,5.471
-13.284,-5.507,5.109
-13.274,-5.474,4.735
-13.274,-5.430,4.373
-13.273,-5.396,4.010
-13.273,-5.352,3.647
-13.263,-5.319,3.285
-13.262,-5.275,2.922
-13.262,-5.230,2.560
-13.261,-5.197,2.197
-13.261,-5.153,1.835
-13.261,-5.108,1.483
-13.260,-5.075,1.121
-13.260,-5.031,0.758
-13.259,-4.986,0.396
-13.259,-4.953,0.033
-13.258,-4.909,359.681
-13.258,-4.864,359.330
-13.257,-4.831,358.978
-13.257,-4.787,358.627
-13.256,-4.743,358.275
-13.256,-4.698,357.924
-13.265,-4.665,357.572
-13.265,-4.621,357.231
-13.264,-4.576,356.891
-13.264,-4.543,356.550
-13.273,-4.499,356.221
-13.272,-4.454,355.880
-13.272,-4.410,355.551
-13.281,-4.376,355.232
-13.281,-4.332,354.902
-13.290,-4.288,354.584
-13.289,-4.243,354.265
-13.289,-4.210,353.958
-13.298,-4.166,353.639
-13.297,-4.121,353.331
-13.306,-4.077,353.035
-13.306,-4.033,352.738
-13.315,-3.999,352.441
-13.324,-3.955,352.145
-13.324,-3.910,351.859
-13.333,-3.866,351.573
-13.342,-3.822,351.299
-13.341,-3.777,351.024
-13.350,-3.733,350.760
-13.359,-3.699,350.497
-13.368,-3.655,350.233
-13.377,-3.611,349.969
-13.377,-3.566,349.717
-13.386,-3.522,349.464
-13.395,-3.477,349.222
-13.404,-3.433,348.970
-13.413,-3.388,348.728
-13.422,-3.344,348.486
-13.431,-3.311,348.245
-13.440,-3.266,348.003
-13.449,-3.222,347.761
-13.459,-3.177,347.520
-13.468,-3.133,347.278
-13.477,-3.088,347.047
-13.486,-3.044,346.816
-13.495,-3.000,346.586
-13.513,-2.955,346.355
-13.522,-2.922,346.124
-13.531,-2.877,345.905
-13.541,-2.833,345.674
-13.550,-2.788,345.454
-13.559,-2.744,345.234
-13.577,-2.699,345.015
-13.586,-2.655,344.795
-13.595,-2.610,344.575
-13.614,-2.566,344.366
-13.623,-2.521,344.147
-13.632,-2.477,343.927
-13.651,-2.444,343.718
-13.660,-2.399,343.499
-13.669,-2.355,343.290
-13.687,-2.310,343.081
-13.696,-2.266,342.872
-13.705,-2.221,342.664
-13.724,-2.177,342.466
-13.743,-2.132,342.257
-13.752,-2.088,342.059
-13.770,-2.043,341.862
-13.779,-1.999,341.664
-13.798,-1.954,341.466
-13.807,-1.921,341.279
-13.826,-1.876,341.082
-13.835,-1.832,340.895
-13.853,-1.787,340.708
-13.862,-1.743,340.521
-13.881,-1.698,340.334
-13.899,-1.654,340.159
-13.908,-1.609,339.972
-13.927,-1.565,339.796
-13.946,-1.520,339.620
-13.955,-1.476,339.456
-13.973,-1.431,339.280
-13.992,-1.387,339.115
-14.010,-1.342,338.950
-14.029,-1.298,338.785
-14.038,-1.253,338.621
-14.057,-1.220,338.467
-14.075,-1.175,338.313
-14.094,-1.131,338.148
-14.112,-1.086,337.994
-14.131,-1.042,337.852
-14.140,-0.997,337.698
-14.159,-0.953,337.555
-14.177,-0.908,337.412
-14.196,-0.863,337.280
-14.214,-0.819,337.159
-14.233,-0.774,337.028
-14.251,-0.730,336.918
-14.270,-0.685,336.808
-14.289,-0.641,336.698
-14.307,-0.596,336.599
-14.326,-0.563,336.511
-14.344,-0.518,336.434
-14.363,-0.474,336.357
-14.382,-0.429,336.302
-14.400,-0.373,336.248
-14.419,-0.340,336.204
-14.437,-0.295,336.160
-14.456,-0.251,336.138
-14.484,-0.206,336.105
-14.503,-0.162,336.094
-14.521,-0.117,336.083
-14.540,-0.073,336.072
-14.558,-0.028,336.072
-14.577,0.016,336.072
-14.595,0.072,336.072
-14.614,0.117,336.072
-14.633,0.161,336.083
-14.651,0.206,336.094
-14.679,0.250,336.105
-14.698,0.295,336.116
-14.716,0.339,336.127
-14.735,0.384,336.138
-14.754,0.429,336.149
-14.772,0.473,336.171
-14.791,0.518,336.182
-14.809,0.562,336.193
-14.837,0.607,336.204
-14.856,0.651,336.215
-14.875,0.696,336.226
-14.893,0.741,336.237
-14.912,0.785,336.248
-14.930,0.830,336.259
-14.949,0.874,336.270
-14.967,0.930,336.281
-14.995,0.974,336.292
-15.014,1.019,336.302
-15.033,1.064,336.313
-15.051,1.108,336.324
-15.070,1.153,336.335
-15.088,1.197,336.346
-15.107,1.242,336.357
-15.125,1.286,336.357
-15.144,1.342,336.368
-15.162,1.386,336.379
-15.181,1.431,336.390
-15.200,1.476,336.401
-15.218,1.520,336.401
-15.237,1.565,336.401
-15.255,1.598,336.401
-15.274,1.643,336.412
-15.293,1.687,336.412
-15.311,1.732,336.423
-15.330,1.776,336.434
-15.348,1.821,336.445
-15.367,1.865,336.456
-15.386,1.899,336.467
-15.404,1.943,336.478
-15.423,1.988,336.489
-15.441,2.021,336.500
-15.451,2.066,336.500
-15.469,2.099,336.511
-15.488,2.144,336.522
-15.506,2.177,336.533
-15.525,2.222,336.544
-15.534,2.255,336.544
-15.553,2.300,336.555
-15.572,2.333,336.555
-15.581,2.367,336.555
-15.599,2.411,336.555
-15.618,2.445,336.566
-15.627,2.478,336.566
-15.646,2.511,336.577
-15.655,2.556,336.577
-15.674,2.589,336.588
-15.692,2.623,336.599
-15.701,2.656,336.610
-15.720,2.690,336.610
-15.729,2.723,336.621
-15.748,2.756,336.632
-15.757,2.790,336.643
-15.776,2.823,336.654
-15.785,2.857,336.665
-15.804,2.890,336.676
-15.813,2.923,336.687
-15.832,2.957,336.687
-15.841,2.990,336.687
-15.860,3.013,336.687
-15.869,3.046,336.687
-15.878,3.079,336.687
-15.897,3.102,336.687
-15.906,3.135,336.687
-15.915,3.168,336.687
-15.924,3.191,336.687
-15.943,3.224,336.687
-15.952,3.246,336.687
-15.961,3.280,336.676
-15.971,3.302,336.676
-15.989,3.335,336.676
-15.999,3.358,336.687
-16.008,3.380,336.687
-16.017,3.402,336.687
-16.027,3.436,336.687
-16.036,3.458,336.687
-16.045,3.480,336.698
-16.064,3.503,336.698
-16.073,3.536,336.709
-16.082,3.558,336.709
-16.092,3.580,336.709
-16.101,3.603,336.709
-16.110,3.625,336.709
-16.120,3.636,336.709
-16.119,3.658,336.709
-16.129,3.681,336.698
-16.138,3.703,336.698
-16.147,3.725,336.698
-16.157,3.747,336.698
-16.166,3.759,336.687
-16.175,3.781,336.687
-16.185,3.803,336.687
-16.184,3.814,336.687
-16.194,3.837,336.687
-16.203,3.848,336.698
-16.212,3.870,336.698
-16.222,3.892,336.709
-16.231,3.903,336.720
-16.231,3.926,336.731
-16.240,3.937,336.742
-16.250,3.959,336.753
-16.259,3.970,336.764
-16.259,3.992,336.764
-16.268,4.004,336.775
-16.278,4.015,336.775
-16.277,4.037,336.775
-16.287,4.048,336.786
-16.296,4.070,336.775
-16.305,4.082,336.775
-16.305,4.093,336.775
-16.315,4.104,336.764
-16.314,4.126,336.764
-16.324,4.137,336.753
-16.324,4.148,336.742
-16.333,4.160,336.742
-16.333,4.171,336.731
-16.342,4.193,336.731
-16.352,4.204,336.720
-16.352,4.215,336.720
-16.361,4.226,336.720
-16.361,4.237,336.731
-16.370,4.249,336.731
-16.370,4.260,336.742
-16.380,4.271,336.753
-16.379,4.282,336.764
-16.389,4.293,336.775
-16.398,4.304,336.775
-16.398,4.315,336.775
-16.408,4.327,336.775
-16.407,4.338,336.775
-16.407,4.349,336.764
-16.417,4.349,336.764
-16.417,4.360,336.764
-16.417,4.371,336.753
-16.426,4.371,336.753
-16.426,4.382,336.742
-16.436,4.382,336.742
-16.435,4.393,336.742
-16.435,4.405,336.742
-16.435,4.416,336.742
-16.445,4.416,336.742
-16.445,4.427,336.753
-16.454,4.427,336.753
-16.454,4.438,336.764
-16.454,4.449,336.753
-16.454,4.438,336.742
-16.454,4.427,336.786
-16.445,4.427,336.797
-16.454,4.427,336.775
-16.464,4.438,336.797
-16.454,4.438,336.786
-16.464,4.438,336.786
-16.454,4.438,336.797
-16.464,4.438,336.775
