-0.950,3.802,252.982
-0.959,3.802,252.982
-0.950,3.802,252.982
-0.959,3.802,252.993
-0.950,3.802,252.993
-0.959,3.802,252.993
-0.950,3.802,252.993
-0.959,3.802,252.993
-0.950,3.802,252.982
-0.959,3.802,252.982
-0.950,3.802,252.982
-0.959,3.802,252.982
-0.950,3.802,252.982
-0.959,3.802,252.982
-0.969,3.802,253.004
-0.978,3.802,253.015
-0.978,3.791,253.015
-0.988,3.791,253.026
-0.997,3.791,253.037
-1.007,3.791,253.070
-1.017,3.780,253.081
-1.026,3.780,253.114
-1.036,3.780,253.136
-1.055,3.770,253.169
-1.064,3.770,253.191
-1.074,3.770,253.213
-1.083,3.770,253.224
-1.093,3.759,253.235
-1.103,3.759,253.268
-1.112,3.759,253.279
-1.122,3.759,253.290
-1.131,3.748,253.312
-1.141,3.748,253.334
-1.150,3.748,253.356
-1.160,3.749,253.378
-1.160,3.737,253.400
-1.170,3.738,253.411
-1.179,3.738,253.444
-1.198,3.738,253.466
-1.208,3.727,253.488
-1.217,3.727,253.521
-1.227,3.727,253.531
-1.237,3.716,253.542
-1.246,3.716,253.553
-1.256,3.716,253.564
-1.265,3.716,253.575
-1.275,3.705,253.597
-1.294,3.706,253.608
-1.303,3.706,253.619
-1.313,3.706,253.641
-1.323,3.695,253.652
-1.332,3.695,253.674
-1.342,3.695,253.696
-1.351,3.684,253.718
-1.361,3.684,253.751
-1.370,3.684,253.773
-1.390,3.673,253.806
-1.409,3.674,253.828
-1.418,3.674,253.861
-1.437,3.663,253.894
-1.447,3.663,253.916
-1.456,3.663,253.949
-1.466,3.652,253.982
-1.485,3.652,254.015
-1.495,3.652,254.048
-1.514,3.642,254.081
-1.523,3.642,254.114
-1.543,3.631,254.147
-1.562,3.631,254.191
-1.581,3.631,254.224
-1.590,3.620,254.268
-1.609,3.620,254.301
-1.619,3.609,254.333
-1.638,3.610,254.377
-1.648,3.610,254.410
-1.667,3.599,254.454
-1.686,3.599,254.498
-1.715,3.588,254.542
-1.724,3.588,254.586
-1.743,3.589,254.630
-1.762,3.578,254.674
-1.782,3.578,254.718
-1.791,3.567,254.762
-1.810,3.567,254.806
-1.829,3.556,254.861
-1.849,3.557,254.905
-1.868,3.546,254.971
-1.896,3.546,255.015
-1.915,3.535,255.070
-1.935,3.535,255.135
-1.954,3.524,255.190
-1.973,3.525,255.245
-1.992,3.514,255.311
-2.011,3.514,255.366
-2.040,3.503,255.421
-2.059,3.503,255.476
-2.078,3.493,255.520
-2.107,3.493,255.564
-2.126,3.482,255.608
-2.154,3.482,255.663
-2.174,3.471,255.707
-2.193,3.472,255.751
-2.212,3.461,255.795
-2.240,3.461,255.839
-2.260,3.450,255.883
-2.279,3.450,255.916
-2.307,3.440,255.959
-2.336,3.440,255.992
-2.355,3.429,256.014
-2.384,3.429,256.047
-2.403,3.419,256.080
-2.422,3.408,256.113
-2.451,3.408,256.146
-2.470,3.397,256.190
-2.499,3.397,256.223
-2.518,3.387,256.256
-2.546,3.387,256.289
-2.575,3.376,256.322
-2.604,3.365,256.355
-2.623,3.366,256.377
-2.652,3.355,256.410
-2.671,3.355,256.432
-2.699,3.344,256.454
-2.728,3.345,256.465
-2.747,3.334,256.476
-2.776,3.334,256.487
-2.804,3.323,256.487
-2.833,3.324,256.487
-2.852,3.313,256.487
-2.881,3.313,256.487
-2.910,3.302,256.487
-2.929,3.291,256.487
-2.957,3.292,256.487
-2.986,3.281,256.487
-3.015,3.281,256.487
-3.043,3.270,256.476
-3.072,3.260,256.476
-3.101,3.260,256.476
-3.129,3.249,256.476
-3.158,3.238,256.476
-3.177,3.239,256.476
-3.206,3.228,256.465
-3.235,3.228,256.454
-3.263,3.217,256.454
-3.292,3.207,256.432
-3.321,3.207,256.421
-3.349,3.196,256.388
-3.378,3.185,256.366
-3.407,3.186,256.344
-3.435,3.175,256.322
-3.464,3.175,256.289
-3.502,3.165,256.267
-3.531,3.154,256.234
-3.559,3.154,256.212
-3.588,3.143,256.179
-3.617,3.133,256.157
-3.646,3.133,256.135
-3.674,3.122,256.102
-3.703,3.111,256.069
-3.741,3.112,256.047
-3.770,3.101,256.014
-3.799,3.090,255.992
-3.827,3.080,255.959
-3.856,3.080,255.927
-3.894,3.069,255.894
-3.923,3.058,255.861
-3.951,3.059,255.828
-3.980,3.048,255.784
-4.009,3.037,255.751
-4.047,3.027,255.718
-4.076,3.027,255.674
-4.104,3.016,255.641
-4.143,3.005,255.597
-4.171,3.006,255.553
-4.200,2.995,255.520
-4.238,2.984,255.476
-4.267,2.974,255.443
-4.296,2.974,255.399
-4.334,2.963,255.366
-4.363,2.952,255.333
-4.391,2.942,255.289
-4.430,2.931,255.256
-4.458,2.931,255.223
-4.496,2.921,255.179
-4.525,2.910,255.146
-4.554,2.899,255.114
-4.592,2.900,255.081
-4.621,2.889,255.037
-4.659,2.878,255.004
-4.688,2.867,254.960
-4.726,2.857,254.927
-4.754,2.857,254.883
-4.793,2.846,254.850
-4.821,2.836,254.806
-4.860,2.825,254.773
-4.888,2.814,254.729
-4.917,2.803,254.685
-4.955,2.793,254.641
-4.994,2.793,254.608
-5.022,2.782,254.564
-5.060,2.772,254.520
-5.089,2.761,254.476
-5.127,2.750,254.432
-5.156,2.739,254.388
-5.194,2.729,254.344
-5.233,2.729,254.301
-5.261,2.718,254.268
-5.300,2.708,254.224
-5.328,2.697,254.180
-5.367,2.686,254.136
-5.405,2.676,254.092
-5.433,2.665,254.059
-5.472,2.654,254.015
-5.510,2.644,253.971
-5.539,2.644,253.927
-5.577,2.633,253.894
-5.615,2.623,253.861
-5.644,2.612,253.817
-5.682,2.601,253.795
-5.720,2.590,253.762
-5.759,2.580,253.729
-5.787,2.569,253.707
-5.826,2.558,253.674
-5.864,2.548,253.652
-5.902,2.537,253.641
-5.931,2.526,253.619
-5.969,2.516,253.597
-6.007,2.505,253.586
-6.046,2.494,253.575
-6.074,2.484,253.564
-6.112,2.473,253.553
-6.151,2.462,253.542
-6.189,2.452,253.542
-6.227,2.441,253.531
-6.266,2.430,253.531
-6.304,2.420,253.521
-6.332,2.409,253.521
-6.371,2.398,253.521
-6.409,2.387,253.521
-6.447,2.377,253.510
-6.485,2.366,253.510
-6.524,2.355,253.510
-6.562,2.345,253.510
-6.600,2.334,253.510
-6.638,2.323,253.510
-6.677,2.313,253.510
-6.715,2.302,253.499
-6.753,2.291,253.499
-6.792,2.281,253.499
-6.830,2.270,253.499
-6.868,2.259,253.499
-6.906,2.249,253.488
-6.945,2.238,253.488
-6.983,2.227,253.488
-7.021,2.217,253.477
-7.059,2.206,253.477
-7.098,2.195,253.477
-7.136,2.185,253.477
-7.174,2.174,253.466
-7.212,2.152,253.466
-7.251,2.142,253.466
-7.298,2.131,253.455
-7.337,2.121,253.455
-7.375,2.110,253.455
-7.413,2.099,253.455
-7.451,2.089,253.444
-7.490,2.078,253.444
-7.528,2.067,253.433
-7.566,2.057,253.422
-7.604,2.046,253.411
-7.643,2.035,253.400
-7.690,2.025,253.378
-7.729,2.014,253.367
-7.767,2.003,253.345
-7.805,1.993,253.323
-7.844,1.982,253.312
-7.882,1.960,253.290
-7.920,1.950,253.279
-7.958,1.939,253.257
-7.997,1.928,253.246
-8.035,1.918,253.224
-8.064,1.907,253.213
-8.102,1.896,253.191
-8.140,1.885,253.180
-8.178,1.875,253.169
-8.207,1.864,253.158
-8.245,1.853,253.136
-8.274,1.843,253.125
-8.303,1.832,253.114
-8.341,1.832,253.103
-8.379,1.822,253.092
-8.408,1.811,253.081
-8.437,1.800,253.059
-8.475,1.789,253.037
-8.504,1.779,253.026
-8.532,1.768,253.004
-8.561,1.768,252.982
-8.590,1.757,252.971
-8.618,1.747,252.949
-8.657,1.736,252.938
-8.685,1.725,252.927
-8.714,1.726,252.916
-8.743,1.715,252.905
-8.771,1.704,252.894
-8.800,1.693,252.872
-8.829,1.682,252.861
-8.848,1.683,252.850
-8.877,1.672,252.839
-8.905,1.661,252.839
-8.924,1.650,252.828
-8.953,1.651,252.817
-8.982,1.640,252.817
-9.011,1.629,252.806
-9.030,1.629,252.795
-9.058,1.618,252.795
-9.077,1.608,252.784
-9.106,1.608,252.773
-9.125,1.597,252.762
-9.144,1.586,252.751
-9.173,1.575,252.740
-9.192,1.576,252.729
-9.221,1.565,252.719
-9.240,1.565,252.697
-9.259,1.554,252.686
-9.278,1.554,252.664
-9.297,1.544,252.642
-9.317,1.533,252.620
-9.336,1.533,252.609
-9.355,1.522,252.598
-9.374,1.522,252.576
-9.393,1.522,252.565
-9.412,1.512,252.554
-9.422,1.512,252.543
-9.441,1.501,252.543
-9.460,1.501,252.532
-9.470,1.490,252.532
-9.489,1.490,252.521
-9.498,1.479,252.521
-9.508,1.479,252.521
-9.527,1.480,252.521
-9.537,1.469,252.521
-9.546,1.469,252.510
-9.556,1.469,252.510
-9.575,1.458,252.510
-9.584,1.458,252.510
-9.594,1.458,252.510
-9.604,1.447,252.499
-9.613,1.447,252.499
-9.623,1.447,252.488
-9.632,1.447,252.477
-9.642,1.436,252.477
-9.651,1.437,252.466
-9.661,1.437,252.455
-9.670,1.437,252.455
-9.661,1.437,252.466
-9.651,1.437,252.510
-9.661,1.437,252.565
-9.651,1.437,252.565
-9.642,1.436,252.521
-9.651,1.437,252.521
-9.642,1.436,252.532
-9.651,1.437,252.565
-9.661,1.426,252.543
-9.671,1.426,252.510
-9.680,1.426,252.499
-9.690,1.415,252.477
-9.699,1.415,252.477
-9.709,1.415,252.477
-9.718,1.415,252.466
-9.728,1.404,252.455
-9.738,1.404,252.455
-9.747,1.404,252.433
-9.757,1.404,252.422
-9.757,1.393,252.422
-9.766,1.393,252.400
-9.776,1.394,252.378
-9.785,1.394,252.367
-9.795,1.383,252.356
-9.805,1.383,252.323
-9.814,1.383,252.312
-9.824,1.383,252.301
-9.833,1.372,252.290
-9.843,1.372,252.290
-9.852,1.372,252.279
-9.862,1.361,252.279
-9.871,1.361,252.268
-9.881,1.361,252.268
-9.891,1.351,252.268
-9.910,1.351,252.268
-9.919,1.351,252.268
-9.929,1.351,252.279
-9.938,1.340,252.279
-9.948,1.340,252.279
-9.958,1.340,252.290
-9.967,1.329,252.301
-9.977,1.329,252.301
-9.986,1.329,252.312
-10.005,1.319,252.323
-10.015,1.319,252.334
-10.025,1.319,252.345
-10.034,1.308,252.345
-10.053,1.308,252.367
-10.063,1.297,252.378
-10.072,1.297,252.389
-10.091,1.297,252.411
-10.101,1.286,252.422
-10.120,1.287,252.444
-10.130,1.276,252.466
-10.149,1.276,252.488
-10.158,1.276,252.510
-10.168,1.265,252.543
-10.187,1.265,252.565
-10.197,1.254,252.598
-10.216,1.254,252.631
-10.235,1.255,252.675
-10.245,1.244,252.708
-10.264,1.244,252.751
-10.273,1.233,252.806
-10.292,1.233,252.850
-10.312,1.222,252.905
-10.321,1.222,252.971
-10.340,1.222,253.037
-10.359,1.212,253.103
-10.369,1.212,253.169
-10.388,1.201,253.246
-10.407,1.201,253.323
-10.426,1.190,253.411
-10.445,1.190,253.510
-10.455,1.179,253.608
-10.474,1.180,253.707
-10.493,1.169,253.817
-10.512,1.169,253.927
-10.532,1.158,254.048
-10.551,1.158,254.169
-10.570,1.147,254.301
-10.579,1.147,254.432
-10.598,1.148,254.564
-10.618,1.137,254.707
-10.637,1.137,254.850
-10.656,1.126,254.993
-10.675,1.126,255.146
-10.704,1.116,255.311
-10.723,1.116,255.476
-10.742,1.105,255.641
-10.761,1.105,255.817
-10.780,1.094,255.992
-10.799,1.094,256.179
-10.818,1.095,256.366
-10.837,1.084,256.564
-10.857,1.084,256.761
-10.885,1.073,256.970
-10.904,1.073,257.179
-10.924,1.063,257.399
-10.943,1.063,257.618
-10.962,1.063,257.838
-10.990,1.052,258.069
-11.009,1.052,258.289
-11.029,1.042,258.519
-11.048,1.042,258.761
-11.076,1.042,258.992
-11.095,1.031,259.233
-11.115,1.031,259.475
-11.143,1.021,259.717
-11.162,1.021,259.969
-11.181,1.021,260.211
-11.210,1.010,260.464
-11.229,1.011,260.717
-11.248,1.011,260.980
-11.277,1.000,261.244
-11.296,1.000,261.497
-11.325,1.000,261.771
-11.344,0.990,262.035
-11.372,0.990,262.310
-11.391,0.990,262.595
-11.411,0.990,262.870
-11.439,0.980,263.167
-11.458,0.980,263.452
-11.487,0.980,263.749
-11.506,0.980,264.056
-11.535,0.970,264.353
-11.563,0.981,264.672
-11.582,0.970,264.979
-11.611,0.970,265.298
-11.630,0.971,265.616
-11.659,0.971,265.946
-11.687,0.971,266.276
-11.706,0.971,266.627
-11.735,0.961,266.979
-11.754,0.961,267.330
-11.783,0.961,267.693
-11.811,0.962,268.066
-11.830,0.962,268.440
-11.859,0.962,268.824
-11.888,0.962,269.198
-11.907,0.963,269.583
-11.935,0.963,269.956
-11.964,0.963,270.341
-11.992,0.964,270.725
-12.011,0.964,271.110
-12.040,0.964,271.494
-12.069,0.964,271.879
-12.097,0.965,272.263
-12.116,0.965,272.648
-12.145,0.965,273.043
-12.173,0.977,273.439
-12.202,0.977,273.845
-12.231,0.977,274.241
-12.259,0.978,274.658
-12.278,0.978,275.065
-12.307,0.978,275.482
-12.335,0.989,275.900
-12.364,0.990,276.328
-12.392,1.001,276.746
-12.421,1.001,277.174
-12.450,1.002,277.614
-12.478,1.002,278.053
-12.507,1.014,278.503
-12.535,1.014,278.965
-12.564,1.025,279.426
-12.592,1.026,279.899
-12.621,1.037,280.382
-12.649,1.037,280.854
-12.678,1.049,281.349
-12.706,1.049,281.843
-12.735,1.049,282.349
-12.764,1.061,282.865
-12.792,1.072,283.381
-12.821,1.072,283.887
-12.849,1.084,284.403
-12.878,1.084,284.919
-12.916,1.096,285.425
-12.944,1.107,285.941
-12.973,1.118,286.458
-13.001,1.130,286.963
-13.030,1.130,287.479
-13.058,1.142,287.996
-13.096,1.153,288.512
-13.125,1.164,289.039
-13.153,1.176,289.567
-13.182,1.187,290.094
-13.220,1.199,290.621
-13.248,1.221,291.160
-13.276,1.233,291.709
-13.305,1.244,292.247
-13.343,1.256,292.797
-13.371,1.267,293.346
-13.400,1.278,293.906
-13.428,1.301,294.467
-13.466,1.312,295.027
-13.495,1.324,295.598
-13.523,1.346,296.180
-13.552,1.358,296.741
-13.589,1.380,297.312
-13.618,1.392,297.883
-13.646,1.403,298.466
-13.675,1.425,299.037
-13.713,1.437,299.608
-13.741,1.459,300.190
-13.769,1.482,300.762
-13.807,1.493,301.344
-13.836,1.516,301.915
-13.864,1.538,302.487
-13.893,1.561,303.058
-13.931,1.572,303.629
-13.959,1.595,304.200
-13.987,1.617,304.772
-14.016,1.640,305.332
-14.053,1.662,305.892
-14.082,1.685,306.453
-14.110,1.707,307.013
-14.139,1.730,307.562
-14.167,1.752,308.112
-14.205,1.775,308.661
-14.233,1.809,309.210
-14.261,1.831,309.749
-14.290,1.853,310.298
-14.318,1.876,310.836
-14.346,1.910,311.375
-14.375,1.932,311.913
-14.413,1.955,312.462
-14.431,1.988,313.011
-14.469,2.022,313.550
-14.497,2.044,314.088
-14.526,2.078,314.626
-14.554,2.100,315.165
-14.582,2.134,315.703
-14.610,2.167,316.241
-14.639,2.190,316.780
-14.667,2.223,317.307
-14.695,2.257,317.834
-14.723,2.291,318.373
-14.742,2.324,318.900
-14.771,2.347,319.427
-14.799,2.380,319.944
-14.827,2.414,320.471
-14.855,2.447,320.988
-14.883,2.481,321.504
-14.912,2.514,322.020
-14.940,2.548,322.537
-14.959,2.581,323.053
-14.987,2.626,323.569
-15.015,2.660,324.086
-15.034,2.693,324.591
-15.062,2.738,325.107
-15.090,2.771,325.613
-15.109,2.805,326.118
-15.137,2.849,326.624
-15.165,2.883,327.118
-15.184,2.916,327.612
-15.212,2.961,328.096
-15.231,2.995,328.579
-15.249,3.039,329.073
-15.277,3.084,329.535
-15.296,3.117,329.996
-15.324,3.162,330.447
-15.343,3.206,330.886
-15.371,3.240,331.326
-15.389,3.285,331.754
-15.408,3.329,332.172
-15.436,3.374,332.589
-15.455,3.418,332.996
-15.473,3.463,333.391
-15.501,3.507,333.787
-15.520,3.552,334.171
-15.539,3.597,334.556
-15.557,3.641,334.929
-15.585,3.686,335.303
-15.604,3.730,335.665
-15.622,3.775,336.017
-15.641,3.819,336.357
-15.660,3.864,336.709
-15.678,3.920,337.039
-15.697,3.964,337.357
-15.715,4.009,337.665
-15.734,4.053,337.972
-15.752,4.109,338.269
-15.771,4.153,338.555
-15.789,4.198,338.829
-15.808,4.254,339.093
-15.826,4.298,339.357
-15.845,4.343,339.609
-15.863,4.398,339.840
-15.882,4.443,340.060
-15.900,4.498,340.269
-15.919,4.543,340.466
-15.937,4.599,340.642
-15.946,4.643,340.818
-15.965,4.699,340.972
-15.983,4.754,341.125
-16.002,4.799,341.257
-16.020,4.854,341.389
-16.029,4.910,341.499
-16.048,4.955,341.609
-16.066,5.010,341.697
-16.085,5.066,341.785
-16.103,5.110,341.851
-16.122,5.166,341.917
-16.131,5.222,341.960
-16.149,5.277,342.004
-16.168,5.333,342.037
-16.186,5.377,342.059
-16.205,5.433,342.081
-16.214,5.488,342.092
-16.232,5.544,342.081
-16.251,5.600,342.070
-16.269,5.644,342.048
-16.288,5.700,342.015
-16.306,5.756,341.982
-16.324,5.811,341.938
-16.333,5.867,341.884
-16.352,5.922,341.829
-16.370,5.978,341.763
-16.389,6.034,341.697
-16.407,6.089,341.620
-16.426,6.145,341.532
-16.444,6.200,341.444
-16.463,6.256,341.356
-16.481,6.312,341.268
-16.500,6.367,341.180
-16.518,6.423,341.082
-16.536,6.479,340.994
-16.555,6.534,340.895
-16.573,6.590,340.807
-16.592,6.646,340.708
-16.610,6.701,340.620
-16.629,6.757,340.532
-16.647,6.812,340.444
-16.675,6.868,340.356
-16.693,6.935,340.269
-16.712,6.990,340.192
-16.730,7.046,340.115
-16.749,7.102,340.049
-16.777,7.157,339.994
-16.795,7.213,339.939
-16.814,7.269,339.895
-16.832,7.335,339.851
-16.851,7.391,339.829
-16.878,7.447,339.807
-16.897,7.502,339.807
-16.915,7.569,339.807
-16.943,7.625,339.818
-16.962,7.681,339.829
-16.980,7.736,339.851
-16.999,7.792,339.884
-17.026,7.859,339.917
-17.045,7.914,339.961
-17.063,7.970,340.005
-17.091,8.037,340.060
-17.110,8.092,340.115
-17.128,8.148,340.170
-17.147,8.215,340.225
-17.174,8.270,340.291
-17.193,8.326,340.345
-17.221,8.393,340.411
-17.239,8.448,340.477
-17.258,8.515,340.543
-17.286,8.571,340.609
-17.304,8.638,340.675
-17.322,8.693,340.741
-17.341,8.760,340.796
-17.369,8.816,340.851
-17.387,8.871,340.917
-17.405,8.938,340.983
-17.433,9.005,341.049
-17.452,9.060,341.104
-17.470,9.127,341.169
-17.498,9.183,341.235
-17.516,9.250,341.301
-17.535,9.316,341.367
-17.553,9.372,341.433
-17.581,9.439,341.510
-17.600,9.494,341.565
-17.618,9.561,341.631
-17.636,9.628,341.686
-17.655,9.684,341.752
-17.683,9.750,341.818
-17.701,9.817,341.873
-17.719,9.884,341.927
-17.738,9.939,341.993
-17.756,10.006,342.048
-17.784,10.073,342.103
-17.802,10.140,342.169
-17.821,10.195,342.213
-17.849,10.262,342.268
-17.867,10.329,342.301
-17.885,10.396,342.345
-17.904,10.462,342.367
-17.922,10.529,342.389
-17.950,10.596,342.400
-17.968,10.651,342.411
-17.986,10.718,342.400
-18.014,10.785,342.400
-18.033,10.852,342.389
-18.051,10.918,342.367
-18.069,10.985,342.356
-18.088,11.052,342.323
-18.116,11.119,342.301
-18.134,11.185,342.268
-18.152,11.252,342.235
-18.171,11.319,342.202
-18.189,11.385,342.169
-18.217,11.452,342.147
-18.235,11.519,342.114
-18.253,11.586,342.081
-18.281,11.653,342.048
-18.300,11.719,342.026
-18.318,11.786,341.993
-18.336,11.853,341.971
-18.364,11.919,341.938
-18.382,11.986,341.906
-18.410,12.053,341.884
-18.429,12.120,341.851
-18.447,12.186,341.818
-18.475,12.253,341.796
-18.493,12.331,341.763
-18.521,12.398,341.741
-18.539,12.465,341.708
-18.558,12.531,341.686
-18.585,12.598,341.653
-18.604,12.665,341.631
-18.632,12.732,341.598
-18.659,12.810,341.576
-18.678,12.876,341.554
-18.696,12.943,341.532
-18.724,13.010,341.510
-18.742,13.077,341.477
-18.770,13.154,341.455
-18.788,13.221,341.433
-18.816,13.288,341.411
-18.835,13.355,341.389
-18.862,13.421,341.367
-18.881,13.499,341.345
-18.908,13.566,341.323
-18.927,13.633,341.301
-18.945,13.711,341.279
-18.973,13.777,341.268
-19.001,13.844,341.246
-19.019,13.922,341.235
-19.047,13.989,341.224
-19.065,14.056,341.224
-19.093,14.122,341.202
-19.121,14.200,341.191
-19.139,14.267,341.191
-19.167,14.334,341.180
-19.185,14.412,341.169
-19.213,14.478,341.158
-19.231,14.556,341.147
-19.259,14.623,341.136
-19.287,14.690,341.125
-19.305,14.768,341.115
-19.333,14.834,341.104
-19.361,14.912,341.093
-19.379,14.979,341.082
-19.407,15.057,341.071
-19.425,15.124,341.060
-19.453,15.191,341.049
-19.481,15.268,341.027
-19.499,15.335,341.016
-19.527,15.413,341.005
-19.545,15.480,340.994
-19.573,15.558,340.983
-19.601,15.624,340.983
-19.629,15.702,340.972
-19.647,15.769,340.972
-19.675,15.847,340.961
-19.693,15.914,340.961
-19.721,15.992,340.961
-19.749,16.058,340.950
-19.767,16.136,340.950
-19.795,16.203,340.950
-19.822,16.281,340.939
-19.850,16.348,340.950
-19.878,16.426,340.950
-19.896,16.503,340.950
-19.924,16.570,340.950
-19.942,16.648,340.950
-19.970,16.715,340.950
-19.998,16.793,340.950
-20.016,16.871,340.950
-20.044,16.937,340.950
-20.072,17.015,340.950
-20.099,17.093,340.950
-20.127,17.160,340.950
-20.146,17.238,340.950
-20.173,17.316,340.950
-20.201,17.383,340.950
-20.219,17.460,340.961
-20.247,17.538,340.961
-20.275,17.605,340.972
-20.293,17.683,340.972
-20.321,17.761,340.983
-20.349,17.828,340.983
-20.377,17.906,340.994
-20.404,17.983,341.005
-20.423,18.050,341.005
-20.450,18.128,341.016
-20.478,18.206,341.016
-20.496,18.284,341.027
-20.524,18.351,341.027
-20.552,18.428,341.027
-20.580,18.506,341.038
-20.598,18.573,341.027
-20.626,18.651,341.038
-20.653,18.729,341.038
-20.681,18.807,341.038
-20.699,18.885,341.038
-20.727,18.951,341.038
-20.755,19.029,341.049
-20.783,19.107,341.049
-20.801,19.185,341.049
-20.829,19.263,341.060
-20.856,19.341,341.071
-20.884,19.408,341.071
-20.912,19.486,341.082
-20.930,19.563,341.093
-20.958,19.641,341.093
-20.986,19.719,341.104
-21.014,19.797,341.115
-21.032,19.864,341.115
-21.060,19.942,341.125
-21.087,20.020,341.125
-21.115,20.097,341.136
-21.133,20.175,341.136
-21.161,20.242,341.147
-21.189,20.320,341.147
-21.217,20.398,341.147
-21.235,20.476,341.158
-21.263,20.554,341.158
-21.290,20.631,341.158
-21.309,20.709,341.158
-21.336,20.787,341.158
-21.364,20.865,341.158
-21.392,20.932,341.169
-21.420,21.010,341.169
-21.447,21.088,341.180
-21.475,21.166,341.180
-21.493,21.243,341.191
-21.521,21.321,341.202
-21.549,21.399,341.202
-21.567,21.477,341.213
-21.595,21.555,341.213
-21.623,21.622,341.213
-21.650,21.700,341.224
-21.678,21.778,341.224
-21.696,21.855,341.235
-21.724,21.933,341.235
-21.752,22.011,341.235
-21.780,22.089,341.246
-21.798,22.167,341.246
-21.826,22.245,341.246
-21.853,22.312,341.246
-21.881,22.389,341.257
-21.909,22.467,341.257
-21.927,22.545,341.257
-21.955,22.623,341.268
-21.983,22.701,341.268
-22.010,22.779,341.279
-22.038,22.857,341.279
-22.056,22.935,341.290
-22.084,23.012,341.301
-22.112,23.090,341.301
-22.140,23.168,341.312
-22.167,23.246,341.323
-22.195,23.324,341.323
-22.213,23.402,341.334
-22.241,23.480,341.334
-22.269,23.558,341.345
-22.296,23.636,341.345
-22.315,23.713,341.345
-22.342,23.791,341.345
-22.370,23.869,341.345
-22.398,23.947,341.356
-22.426,24.025,341.356
-22.444,24.103,341.356
-22.472,24.181,341.356
-22.499,24.259,341.356
-22.527,24.337,341.367
-22.555,24.414,341.367
-22.573,24.492,341.378
-22.601,24.581,341.389
-22.628,24.659,341.389
-22.656,24.737,341.389
-22.684,24.815,341.400
-22.712,24.893,341.411
-22.739,24.971,341.411
-22.767,25.049,341.422
-22.785,25.126,341.422
-22.813,25.204,341.433
-22.841,25.293,341.433
-22.868,25.371,341.433
-22.896,25.449,341.433
-22.924,25.527,341.444
-22.942,25.605,341.444
-22.970,25.683,341.444
-22.998,25.761,341.444
-23.025,25.850,341.444
-23.053,25.928,341.444
-23.081,26.005,341.455
-23.099,26.083,341.466
-23.127,26.161,341.466
-23.154,26.239,341.477
-23.182,26.328,341.477
-23.210,26.406,341.488
-23.237,26.484,341.488
-23.265,26.573,341.499
-23.293,26.651,341.499
-23.311,26.728,341.499
-23.339,26.806,341.510
-23.366,26.895,341.510
-23.394,26.973,341.510
-23.422,27.051,341.510
-23.450,27.129,341.521
-23.477,27.207,341.521
-23.495,27.296,341.521
-23.523,27.374,341.521
-23.551,27.452,341.532
-23.579,27.541,341.532
-23.606,27.619,341.532
-23.634,27.696,341.543
-23.662,27.785,341.543
-23.689,27.863,341.543
-23.717,27.952,341.554
-23.745,28.030,341.554
-23.773,28.108,341.565
-23.791,28.197,341.576
-23.818,28.275,341.576
-23.846,28.353,341.576
-23.874,28.442,341.587
-23.901,28.520,341.587
-23.929,28.609,341.587
-23.957,28.687,341.598
-23.985,28.765,341.598
-24.012,28.854,341.598
-24.040,28.931,341.598
-24.068,29.020,341.598
-24.086,29.098,341.598
-24.113,29.187,341.598
-24.141,29.265,341.609
-24.169,29.354,341.609
-24.197,29.432,341.609
-24.224,29.521,341.609
-24.252,29.599,341.620
-24.279,29.688,341.620
-24.307,29.777,341.631
-24.335,29.855,341.642
-24.362,29.944,341.642
-24.390,30.022,341.653
-24.418,30.111,341.664
-24.446,30.189,341.664
-24.473,30.278,341.675
-24.501,30.355,341.675
-24.529,30.444,341.675
-24.556,30.522,341.675
-24.584,30.611,341.675
-24.612,30.700,341.664
-24.639,30.778,341.664
-24.667,30.867,341.664
-24.695,30.945,341.664
-24.722,31.034,341.675
-24.750,31.112,341.675
-24.778,31.201,341.675
-24.805,31.290,341.686
-24.833,31.379,341.686
-24.861,31.457,341.697
-24.888,31.546,341.708
-24.916,31.635,341.708
-24.943,31.724,341.719
-24.971,31.802,341.719
-24.999,31.891,341.730
-25.026,31.980,341.730
-25.054,32.058,341.730
-25.082,32.147,341.730
-25.109,32.236,341.719
-25.137,32.325,341.719
-25.165,32.402,341.719
-25.192,32.491,341.708
-25.220,32.580,341.708
-25.248,32.658,341.708
-25.275,32.747,341.708
-25.303,32.836,341.708
-25.331,32.925,341.708
-25.358,33.014,341.708
-25.386,33.092,341.708
-25.414,33.181,341.719
-25.441,33.270,341.719
-25.469,33.359,341.730
-25.497,33.448,341.741
-25.524,33.537,341.741
-25.552,33.615,341.741
-25.589,33.704,341.741
-25.617,33.793,341.741
-25.644,33.882,341.741
-25.672,33.971,341.741
-25.700,34.060,341.741
-25.727,34.138,341.730
-25.755,34.227,341.730
-25.782,34.316,341.730
-25.810,34.405,341.730
-25.838,34.494,341.719
-25.865,34.583,341.719
-25.893,34.672,341.719
-25.930,34.761,341.719
-25.958,34.850,341.719
-25.985,34.939,341.719
-26.013,35.017,341.719
-26.041,35.106,341.719
-26.068,35.195,341.719
-26.096,35.284,341.719
-26.124,35.373,341.719
-26.151,35.462,341.719
-26.179,35.551,341.708
-26.216,35.640,341.708
-26.244,35.729,341.708
-26.271,35.818,341.708
-26.299,35.907,341.697
-26.326,35.996,341.697
-26.354,36.085,341.697
-26.382,36.174,341.686
-26.409,36.263,341.686
-26.437,36.352,341.686
-26.474,36.441,341.686
-26.502,36.530,341.675
-26.529,36.619,341.675
-26.557,36.708,341.675
-26.585,36.797,341.675
-26.612,36.886,341.675
-26.640,36.986,341.675
-26.677,37.075,341.675
-26.704,37.164,341.675
-26.732,37.253,341.675
-26.760,37.342,341.675
-26.787,37.431,341.675
-26.825,37.520,341.675
-26.852,37.609,341.675
-26.880,37.698,341.675
-26.907,37.798,341.675
-26.935,37.887,341.675
-26.962,37.976,341.675
-26.990,38.065,341.675
-27.027,38.154,341.675
-27.055,38.243,341.675
-27.082,38.343,341.686
-27.110,38.432,341.686
-27.147,38.521,341.686
-27.175,38.610,341.686
-27.202,38.699,341.697
-27.230,38.788,341.697
-27.258,38.888,341.686
-27.285,38.977,341.686
-27.322,39.066,341.686
-27.350,39.155,341.686
-27.378,39.244,341.675
-27.405,39.344,341.675
-27.442,39.433,341.675
-27.470,39.522,341.686
-27.497,39.611,341.686
-27.525,39.711,341.686
-27.553,39.800,341.686
-27.590,39.890,341.686
-27.617,39.979,341.697
-27.645,40.079,341.697
-27.682,40.168,341.697
-27.710,40.257,341.697
-27.737,40.357,341.697
-27.765,40.446,341.708
-27.802,40.535,341.708
-27.829,40.635,341.708
-27.857,40.724,341.708
-27.885,40.813,341.708
-27.912,40.913,341.708
-27.949,41.002,341.708
-27.977,41.091,341.708
-28.004,41.191,341.708
-28.032,41.280,341.708
-28.069,41.369,341.719
-28.097,41.469,341.719
-28.124,41.558,341.730
-28.152,41.658,341.730
-28.189,41.747,341.741
-28.217,41.836,341.741
-28.244,41.936,341.752
-28.281,42.026,341.752
-28.309,42.126,341.763
-28.336,42.215,341.763
-28.373,42.315,341.763
-28.401,42.404,341.774
-28.428,42.504,341.774
-28.456,42.593,341.774
-28.493,42.682,341.774
-28.521,42.782,341.763
-28.548,42.871,341.763
-28.585,42.971,341.763
-28.613,43.060,341.752
-28.640,43.160,341.752
-28.668,43.249,341.752
-28.705,43.349,341.752
-28.733,43.438,341.752
-28.760,43.538,341.752
-28.788,43.627,341.752
-28.825,43.728,341.752
-28.853,43.817,341.763
-28.890,43.917,341.763
-28.917,44.017,341.763
-28.945,44.106,341.763
-28.982,44.206,341.774
-29.009,44.295,341.774
-29.037,44.395,341.774
-29.074,44.484,341.774
-29.101,44.584,341.774
-29.129,44.673,341.774
-29.166,44.773,341.763
-29.194,44.873,341.763
-29.221,44.962,341.763
-29.258,45.063,341.752
-29.286,45.152,341.752
-29.313,45.252,341.752
-29.350,45.352,341.752
-29.378,45.441,341.752
-29.406,45.541,341.752
-29.443,45.630,341.752
-29.470,45.730,341.741
-29.507,45.830,341.741
-29.535,45.930,341.741
-29.562,46.019,341.741
-29.599,46.119,341.741
-29.627,46.220,341.741
-29.655,46.309,341.730
-29.692,46.409,341.730
-29.719,46.509,341.730
-29.747,46.598,341.730
-29.784,46.698,341.730
-29.811,46.798,341.730
-29.848,46.898,341.730
-29.876,46.987,341.730
-29.913,47.087,341.730
-29.940,47.187,341.730
-29.968,47.276,341.719
-30.005,47.377,341.719
-30.033,47.477,341.719
-30.060,47.577,341.719
-30.097,47.677,341.719
-30.125,47.766,341.708
-30.162,47.866,341.708
-30.189,47.966,341.708
-30.226,48.066,341.708
-30.254,48.155,341.708
-30.281,48.255,341.708
-30.318,48.356,341.708
-30.346,48.456,341.708
-30.383,48.556,341.708
-30.410,48.656,341.708
-30.448,48.745,341.708
-30.475,48.845,341.708
-30.512,48.945,341.708
-30.540,49.045,341.719
-30.567,49.145,341.708
-30.604,49.245,341.719
-30.632,49.334,341.708
-30.669,49.435,341.708
-30.696,49.535,341.708
-30.733,49.635,341.719
-30.761,49.735,341.719
-30.798,49.835,341.719
-30.825,49.935,341.719
-30.853,50.035,341.730
-30.890,50.135,341.730
-30.917,50.236,341.741
-30.954,50.336,341.752
-30.982,50.436,341.763
-31.019,50.525,341.763
-31.047,50.625,341.774
-31.084,50.725,341.785
-31.111,50.825,341.796
-31.148,50.925,341.807
-31.176,51.025,341.818
-31.213,51.126,341.818
-31.240,51.226,341.829
-31.277,51.326,341.829
-31.305,51.426,341.840
-31.342,51.526,341.840
-31.369,51.626,341.851
-31.406,51.737,341.862
-31.434,51.838,341.884
-31.471,51.938,341.895
-31.498,52.038,341.917
-31.535,52.138,341.938
-31.563,52.238,341.949
-31.600,52.338,341.960
-31.627,52.438,341.982
-31.664,52.538,341.993
-31.701,52.639,342.004
-31.729,52.739,342.015
-31.756,52.839,342.026
-31.793,52.939,342.026
-31.821,53.050,342.037
-31.858,53.150,342.037
-31.885,53.250,342.037
-31.922,53.350,342.037
-31.950,53.451,342.037
-31.977,53.551,342.037
-32.014,53.651,342.037
-32.051,53.762,342.037
-32.079,53.862,342.037
-32.116,53.962,342.037
-32.143,54.062,342.037
-32.180,54.163,342.037
-32.208,54.263,342.037
-32.245,54.374,342.037
-32.272,54.474,342.037
-32.309,54.574,342.048
-32.337,54.685,342.048
-32.374,54.785,342.059
-32.401,54.886,342.059
-32.438,54.986,342.070
-32.466,55.086,342.070
-32.502,55.197,342.081
-32.530,55.297,342.081
-32.567,55.397,342.092
-32.595,55.497,342.092
-32.632,55.598,342.092
-32.659,55.698,342.092
-32.696,55.809,342.092
-32.733,55.909,342.092
-32.760,56.009,342.081
-32.798,56.109,342.081
-32.825,56.220,342.081
-32.862,56.321,342.092
-32.889,56.421,342.092
-32.926,56.532,342.092
-32.954,56.632,342.103
-32.991,56.743,342.114
-33.028,56.843,342.114
-33.055,56.955,342.125
-33.092,57.055,342.125
-33.120,57.155,342.136
-33.157,57.266,342.147
-33.194,57.366,342.158
-33.221,57.466,342.169
-33.258,57.578,342.169
-33.286,57.678,342.180
-33.323,57.778,342.191
-33.350,57.878,342.202
-33.387,57.978,342.202
-33.414,58.089,342.202
-33.451,58.189,342.202
-33.479,58.290,342.202
-33.516,58.401,342.202
-33.543,58.501,342.202
-33.580,58.612,342.202
-33.608,58.712,342.202
-33.645,58.812,342.213
-33.682,58.935,342.224
-33.719,59.035,342.235
-33.746,59.146,342.246
-33.783,59.246,342.268
-33.810,59.357,342.279
-33.847,59.458,342.290
-33.875,59.569,342.301
-33.912,59.669,342.312
-33.939,59.769,342.312
-33.976,59.880,342.323
-34.004,59.980,342.334
-34.041,60.092,342.334
-34.068,60.192,342.345
-34.105,60.303,342.356
-34.142,60.403,342.356
-34.169,60.514,342.367
-34.207,60.614,342.378
-34.234,60.726,342.378
-34.271,60.826,342.400
-34.308,60.937,342.400
-34.335,61.037,342.411
-34.372,61.148,342.422
-34.400,61.248,342.422
-34.437,61.360,342.433
-34.464,61.460,342.433
-34.501,61.571,342.444
-34.529,61.671,342.455
-34.565,61.782,342.455
-34.593,61.882,342.466
-34.630,61.994,342.477
-34.667,62.105,342.477
-34.704,62.216,342.488
-34.731,62.316,342.499
-34.768,62.427,342.510
-34.796,62.528,342.510
-34.833,62.639,342.521
-34.860,62.750,342.532
-34.897,62.850,342.543
-34.924,62.961,342.554
-34.961,63.061,342.554
-34.998,63.173,342.565
-35.026,63.273,342.565
-35.063,63.384,342.576
-35.090,63.495,342.576
-35.127,63.595,342.587
-35.154,63.707,342.587
-35.191,63.807,342.598
-35.219,63.918,342.598
-35.256,64.029,342.609
-35.293,64.140,342.609
-35.320,64.252,342.609
-35.357,64.352,342.620
-35.384,64.463,342.620
-35.421,64.574,342.631
-35.449,64.674,342.631
-35.486,64.785,342.631
-35.523,64.897,342.642
-35.550,64.997,342.642
-35.587,65.108,342.653
-35.624,65.219,342.664
-35.651,65.330,342.664
-35.688,65.431,342.664
-35.716,65.542,342.675
-35.753,65.653,342.675
-35.790,65.764,342.675
-35.817,65.864,342.675
-35.854,65.976,342.675
-35.881,66.087,342.675
-35.918,66.198,342.686
-35.955,66.298,342.686
-35.983,66.409,342.686
-36.020,66.521,342.686
-36.047,66.632,342.675
-36.084,66.743,342.675
-36.111,66.843,342.675
-36.148,66.954,342.686
-36.176,67.066,342.686
-36.213,67.177,342.686
-36.249,67.288,342.686
-36.286,67.399,342.686
-36.314,67.499,342.697
-36.351,67.611,342.697
-36.378,67.722,342.708
-36.415,67.833,342.708
-36.452,67.944,342.708
-36.479,68.044,342.697
-36.516,68.156,342.697
-36.544,68.267,342.697
-36.581,68.378,342.697
-36.618,68.489,342.697
-36.645,68.600,342.686
-36.682,68.712,342.686
-36.709,68.823,342.686
-36.746,68.934,342.675
-36.783,69.034,342.686
-36.811,69.145,342.686
-36.847,69.257,342.686
-36.875,69.368,342.686
-36.912,69.479,342.686
-36.949,69.590,342.686
-36.976,69.702,342.675
-37.013,69.813,342.675
-37.050,69.913,342.675
-37.077,70.024,342.664
-37.114,70.135,342.664
-37.142,70.247,342.664
-37.179,70.358,342.653
-37.215,70.469,342.653
-37.243,70.580,342.653
-37.280,70.692,342.653
-37.317,70.803,342.653
-37.344,70.914,342.653
-37.381,71.025,342.653
-37.418,71.136,342.653
-37.445,71.248,342.653
-37.482,71.359,342.653
-37.519,71.470,342.642
-37.546,71.581,342.642
-37.583,71.693,342.642
-37.620,71.804,342.631
-37.648,71.915,342.620
-37.685,72.026,342.620
-37.722,72.126,342.620
-37.749,72.238,342.609
-37.786,72.349,342.609
-37.813,72.460,342.609
-37.850,72.571,342.598
-37.887,72.682,342.598
-37.914,72.794,342.598
-37.951,72.905,342.598
-37.988,73.016,342.598
-38.025,73.127,342.598
-38.062,73.239,342.587
-38.089,73.361,342.587
-38.126,73.472,342.587
-38.163,73.583,342.576
-38.190,73.695,342.576
-38.227,73.806,342.576
-38.264,73.917,342.565
-38.292,74.028,342.565
-38.329,74.140,342.554
-38.365,74.251,342.554
-38.402,74.362,342.554
-38.430,74.473,342.554
-38.467,74.584,342.543
-38.504,74.696,342.543
-38.531,74.807,342.543
-38.568,74.918,342.532
-38.605,75.029,342.532
-38.632,75.141,342.521
-38.669,75.252,342.521
-38.706,75.363,342.510
-38.743,75.474,342.510
-38.770,75.585,342.510
-38.807,75.697,342.510
-38.844,75.808,342.510
-38.881,75.930,342.499
-38.908,76.041,342.499
-38.945,76.153,342.499
-38.982,76.264,342.499
-39.019,76.375,342.499
-39.056,76.487,342.488
-39.083,76.598,342.488
-39.120,76.709,342.488
-39.157,76.820,342.477
-39.184,76.942,342.477
-39.221,77.054,342.477
-39.258,77.165,342.477
-39.295,77.276,342.477
-39.332,77.387,342.466
-39.359,77.499,342.466
-39.396,77.610,342.466
-39.433,77.721,342.455
-39.470,77.843,342.455
-39.497,77.955,342.455
-39.534,78.066,342.444
-39.571,78.177,342.444
-39.608,78.288,342.444
-39.635,78.400,342.444
-39.672,78.522,342.433
-39.709,78.633,342.433
-39.746,78.744,342.422
-39.783,78.856,342.422
-39.810,78.967,342.411
-39.847,79.089,342.411
-39.884,79.200,342.400
-39.921,79.312,342.400
-39.948,79.423,342.400
-39.985,79.534,342.389
-40.022,79.645,342.389
-40.059,79.768,342.378
-40.096,79.879,342.378
-40.133,79.990,342.378
-40.170,80.102,342.367
-40.197,80.213,342.367
-40.234,80.335,342.356
-40.271,80.446,342.356
-40.308,80.558,342.356
-40.345,80.669,342.356
-40.372,80.791,342.345
-40.409,80.902,342.345
-40.446,81.014,342.345
-40.482,81.136,342.345
-40.519,81.247,342.345
-40.556,81.358,342.345
-40.593,81.470,342.345
-40.620,81.592,342.345
-40.657,81.703,342.345
-40.694,81.814,342.334
-40.731,81.926,342.323
-40.768,82.037,342.312
-40.805,82.159,342.301
-40.832,82.270,342.290
-40.869,82.382,342.290
-40.906,82.493,342.279
-40.943,82.615,342.268
-40.980,82.727,342.257
-41.007,82.838,342.257
-41.044,82.949,342.246
-41.081,83.071,342.235
-41.118,83.194,342.235
-41.154,83.305,342.224
-41.191,83.416,342.224
-41.228,83.539,342.213
-41.265,83.650,342.202
-41.302,83.761,342.191
-41.339,83.872,342.180
-41.366,83.995,342.180
-41.403,84.106,342.169
-41.440,84.217,342.158
-41.477,84.328,342.147
-41.514,84.451,342.136
-41.551,84.562,342.136
-41.587,84.673,342.125
-41.624,84.796,342.114
-41.652,84.907,342.103
-41.688,85.018,342.092
-41.725,85.140,342.092
-41.762,85.252,342.081
-41.799,85.374,342.081
-41.845,85.485,342.070
-41.873,85.596,342.070
-41.910,85.719,342.070
-41.946,85.830,342.070
-41.983,85.941,342.059
-42.020,86.064,342.059
-42.057,86.175,342.059
-42.094,86.286,342.048
-42.131,86.408,342.048
-42.168,86.520,342.037
-42.204,86.642,342.037
-42.241,86.753,342.026
-42.278,86.865,342.026
-42.315,86.987,342.015
-42.352,87.098,342.004
-42.389,87.209,342.004
-42.416,87.332,341.993
-42.453,87.443,341.993
-42.490,87.565,341.993
-42.536,87.677,341.982
-42.564,87.799,341.982
-42.600,87.910,341.971
-42.637,88.021,341.971
-42.674,88.144,341.960
-42.711,88.255,341.960
-42.748,88.377,341.949
-42.785,88.489,341.938
-42.822,88.600,341.938
-42.858,88.722,341.927
-42.895,88.834,341.927
-42.932,88.956,341.917
-42.969,89.067,341.917
-43.006,89.178,341.906
-43.043,89.301,341.906
-43.080,89.412,341.895
-43.116,89.534,341.895
-43.153,89.646,341.884
-43.190,89.757,341.884
-43.227,89.879,341.873
-43.264,89.990,341.873
-43.301,90.113,341.862
-43.338,90.224,341.851
-43.375,90.335,341.840
-43.411,90.458,341.840
-43.448,90.569,341.829
-43.485,90.691,341.829
-43.522,90.803,341.818
-43.559,90.914,341.818
-43.596,91.036,341.807
-43.632,91.158,341.807
-43.669,91.270,341.796
-43.706,91.392,341.796
-43.743,91.503,341.796
-43.780,91.615,341.785
-43.817,91.737,341.785
-43.854,91.848,341.774
-43.890,91.971,341.774
-43.927,92.082,341.763
-43.964,92.204,341.752
-44.001,92.315,341.752
-44.038,92.427,341.741
-44.084,92.549,341.741
-44.121,92.660,341.730
-44.158,92.783,341.730
-44.195,92.894,341.719
-44.232,93.016,341.719
-44.269,93.128,341.708
-44.305,93.239,341.697
-44.342,93.361,341.697
-44.379,93.484,341.686
-44.416,93.595,341.686
-44.453,93.717,341.675
-44.490,93.828,341.675
-44.526,93.951,341.664
-44.563,94.062,341.653
-44.600,94.173,341.653
-44.637,94.296,341.642
-44.674,94.407,341.631
-44.720,94.529,341.631
-44.757,94.641,341.620
-44.794,94.763,341.620
-44.831,94.874,341.609
-44.868,94.996,341.609
-44.905,95.108,341.598
-44.941,95.230,341.598
-44.978,95.341,341.587
-45.015,95.464,341.576
-45.052,95.575,341.576
-45.089,95.697,341.565
-45.126,95.809,341.565
-45.162,95.931,341.554
-45.209,96.042,341.543
-45.246,96.165,341.543
-45.283,96.276,341.532
-45.319,96.387,341.521
-45.356,96.509,341.521
-45.393,96.621,341.510
-45.430,96.743,341.499
-45.467,96.854,341.488
-45.513,96.977,341.477
-45.550,97.099,341.477
-45.587,97.210,341.466
-45.624,97.333,341.455
-45.661,97.444,341.455
-45.697,97.566,341.455
-45.734,97.678,341.444
-45.771,97.800,341.444
-45.808,97.911,341.433
-45.854,98.034,341.433
-45.891,98.145,341.433
-45.928,98.267,341.422
-45.965,98.379,341.422
-46.002,98.501,341.422
-46.048,98.612,341.422
-46.085,98.735,341.422
-46.122,98.846,341.422
-46.159,98.968,341.411
-46.195,99.079,341.411
-46.232,99.202,341.411
-46.269,99.313,341.400
-46.306,99.435,341.400
-46.352,99.547,341.389
-46.389,99.669,341.389
-46.426,99.780,341.389
-46.463,99.903,341.389
-46.500,100.014,341.400
-46.537,100.125,341.400
-46.573,100.248,341.411
-46.610,100.359,341.411
-46.657,100.481,341.422
-46.694,100.604,341.433
-46.730,100.715,341.444
-46.767,100.837,341.455
-46.804,100.948,341.477
-46.841,101.071,341.488
-46.878,101.182,341.510
-46.915,101.304,341.532
-46.952,101.416,341.554
-46.998,101.538,341.576
-47.035,101.649,341.598
-47.072,101.772,341.620
-47.108,101.883,341.642
-47.145,101.994,341.664
-47.182,102.117,341.686
-47.219,102.228,341.708
-47.256,102.350,341.719
-47.293,102.461,341.741
-47.330,102.584,341.763
-47.366,102.695,341.785
-47.413,102.818,341.807
-47.450,102.929,341.840
-47.486,103.051,341.862
-47.523,103.162,341.884
-47.560,103.285,341.917
-47.597,103.396,341.938
-47.634,103.518,341.960
-47.671,103.630,341.982
-47.708,103.752,342.004
-47.744,103.863,342.026
-47.781,103.986,342.048
-47.818,104.097,342.070
-47.855,104.219,342.081
-47.892,104.330,342.103
-47.929,104.453,342.114
-47.966,104.564,342.136
-48.002,104.675,342.147
-48.030,104.797,342.158
-48.067,104.909,342.180
-48.103,105.031,342.191
-48.150,105.142,342.202
-48.187,105.265,342.213
-48.223,105.387,342.235
-48.251,105.498,342.246
-48.288,105.621,342.268
-48.324,105.732,342.279
-48.361,105.854,342.290
-48.398,105.966,342.312
-48.435,106.088,342.334
-48.472,106.199,342.345
-48.509,106.310,342.367
-48.546,106.433,342.378
-48.582,106.544,342.400
-48.619,106.666,342.411
-48.656,106.778,342.433
-48.693,106.900,342.444
-48.720,107.011,342.455
-48.757,107.133,342.466
-48.794,107.245,342.488
-48.831,107.367,342.488
-48.868,107.478,342.499
-48.905,107.590,342.510
-48.941,107.712,342.521
-48.978,107.823,342.532
-49.015,107.945,342.543
-49.042,108.057,342.554
-49.079,108.179,342.565
-49.116,108.290,342.576
-49.153,108.413,342.587
-49.190,108.524,342.598
-49.227,108.646,342.609
-49.264,108.757,342.620
-49.300,108.880,342.631
-49.328,108.991,342.642
-49.364,109.113,342.653
-49.401,109.236,342.653
-49.438,109.347,342.664
-49.475,109.469,342.675
-49.512,109.580,342.697
-49.549,109.692,342.708
-49.576,109.814,342.719
-49.613,109.925,342.729
-49.650,110.048,342.729
-49.687,110.159,342.740
-49.723,110.281,342.740
-49.760,110.392,342.740
-49.788,110.515,342.740
-49.825,110.626,342.740
-49.861,110.737,342.729
-49.898,110.860,342.729
-49.935,110.982,342.729
-49.962,111.093,342.719
-49.999,111.215,342.719
-50.036,111.327,342.708
-50.073,111.449,342.708
-50.110,111.560,342.708
-50.147,111.683,342.708
-50.174,111.794,342.708
-50.211,111.916,342.708
-50.248,112.027,342.708
-50.284,112.150,342.697
-50.321,112.261,342.697
-50.358,112.383,342.686
-50.385,112.494,342.686
-50.422,112.617,342.675
-50.459,112.728,342.675
-50.496,112.850,342.664
-50.533,112.962,342.664
-50.560,113.073,342.664
-50.597,113.195,342.653
-50.634,113.306,342.653
-50.671,113.429,342.653
-50.708,113.540,342.642
-50.744,113.662,342.642
-50.772,113.774,342.631
-50.809,113.885,342.631
-50.845,114.007,342.620
-50.882,114.118,342.609
-50.919,114.241,342.598
-50.956,114.352,342.587
-50.993,114.474,342.587
-51.030,114.597,342.576
-51.057,114.708,342.576
-51.094,114.830,342.565
-51.131,114.941,342.565
-51.168,115.064,342.565
-51.204,115.175,342.565
-51.241,115.297,342.565
-51.269,115.409,342.554
-51.305,115.520,342.554
-51.342,115.642,342.543
-51.379,115.753,342.532
-51.416,115.876,342.532
-51.443,115.987,342.521
-51.480,116.109,342.510
-51.517,116.221,342.510
-51.554,116.343,342.499
-51.591,116.454,342.499
-51.628,116.565,342.488
-51.664,116.688,342.488
-51.701,116.799,342.477
-51.738,116.921,342.477
-51.765,117.032,342.466
-51.802,117.155,342.466
-51.839,117.266,342.455
-51.876,117.388,342.455
-51.913,117.500,342.444
-51.950,117.622,342.433
-51.977,117.733,342.422
-52.014,117.844,342.422
-52.051,117.967,342.411
-52.088,118.078,342.400
-52.124,118.200,342.400
-52.161,118.312,342.400
-52.198,118.434,342.389
-52.235,118.545,342.389
-52.272,118.668,342.389
-52.299,118.779,342.378
-52.336,118.901,342.367
-52.373,119.012,342.367
-52.410,119.124,342.356
-52.447,119.246,342.345
-52.483,119.357,342.345
-52.520,119.480,342.334
-52.557,119.591,342.334
-52.594,119.713,342.334
-52.631,119.824,342.334
-52.658,119.936,342.323
-52.695,120.058,342.323
-52.732,120.169,342.323
-52.769,120.292,342.323
-52.806,120.403,342.312
-52.842,120.525,342.301
-52.879,120.636,342.301
-52.916,120.748,342.290
-52.953,120.870,342.279
-52.980,120.981,342.268
-53.017,121.103,342.268
-53.054,121.215,342.268
-53.091,121.326,342.268
-53.128,121.448,342.268
-53.165,121.560,342.279
-53.201,121.682,342.279
-53.238,121.793,342.290
-53.275,121.916,342.301
-53.312,122.027,342.312
-53.349,122.149,342.323
-53.386,122.260,342.334
-53.423,122.383,342.345
-53.459,122.494,342.356
-53.487,122.605,342.367
-53.524,122.728,342.378
-53.561,122.839,342.389
-53.597,122.961,342.411
-53.634,123.072,342.422
-53.671,123.184,342.444
-53.708,123.306,342.455
-53.745,123.417,342.466
-53.772,123.539,342.477
-53.809,123.651,342.488
-53.846,123.773,342.499
-53.883,123.884,342.510
-53.919,124.007,342.521
-53.956,124.118,342.532
-53.993,124.240,342.543
-54.021,124.351,342.554
-54.057,124.463,342.565
-54.094,124.585,342.576
-54.131,124.696,342.598
-54.168,124.819,342.609
-54.205,124.930,342.620
-54.242,125.052,342.642
-54.269,125.163,342.653
-54.306,125.275,342.664
-54.343,125.397,342.686
-54.380,125.508,342.697
-54.416,125.631,342.708
-54.444,125.742,342.719
-54.481,125.864,342.729
-54.517,125.975,342.740
-54.554,126.098,342.751
-54.591,126.209,342.762
-54.628,126.320,342.773
-54.655,126.442,342.784
-54.692,126.554,342.795
-54.729,126.676,342.817
-54.766,126.787,342.828
-54.803,126.910,342.839
-54.830,127.021,342.861
-54.867,127.143,342.872
-54.904,127.254,342.883
-54.941,127.377,342.905
-54.977,127.488,342.916
-55.005,127.610,342.927
-55.042,127.722,342.938
-55.078,127.844,342.949
-55.115,127.955,342.971
-55.152,128.078,342.982
-55.180,128.189,343.004
-55.216,128.311,343.026
-55.253,128.422,343.048
-55.290,128.545,343.070
-55.317,128.656,343.092
-55.354,128.778,343.103
-55.391,128.889,343.125
-55.428,129.012,343.136
-55.455,129.123,343.158
-55.492,129.234,343.169
-55.529,129.356,343.191
-55.566,129.468,343.202
-55.593,129.590,343.224
-55.630,129.701,343.235
-55.667,129.824,343.257
-55.694,129.935,343.279
-55.731,130.046,343.290
-55.768,130.168,343.301
-55.795,130.279,343.323
-55.832,130.402,343.334
-55.869,130.513,343.356
-55.896,130.635,343.367
-55.933,130.758,343.378
-55.970,130.869,343.389
-56.007,130.991,343.411
-56.034,131.102,343.422
-56.071,131.225,343.433
-56.108,131.347,343.455
-56.135,131.458,343.466
-56.172,131.581,343.488
-56.209,131.692,343.499
-56.236,131.814,343.521
-56.273,131.925,343.531
-56.300,132.037,343.553
-56.337,132.159,343.564
-56.374,132.270,343.586
-56.401,132.392,343.608
-56.438,132.504,343.619
-56.475,132.626,343.630
-56.502,132.737,343.641
-56.539,132.859,343.663
-56.566,132.971,343.674
-56.603,133.093,343.696
-56.640,133.215,343.707
-56.667,133.326,343.729
-56.704,133.449,343.751
-56.741,133.560,343.773
-56.768,133.682,343.795
-56.805,133.794,343.828
-56.842,133.916,343.850
-56.869,134.038,343.883
-56.906,134.149,343.916
-56.933,134.272,343.938
-56.970,134.383,343.960
-57.007,134.505,343.982
-57.034,134.616,344.004
-57.071,134.739,344.037
-57.099,134.861,344.059
-57.135,134.972,344.081
-57.163,135.094,344.103
-57.200,135.206,344.136
-57.227,135.328,344.169
-57.264,135.439,344.202
-57.291,135.561,344.235
-57.328,135.684,344.279
-57.355,135.795,344.323
-57.392,135.917,344.355
-57.419,136.028,344.410
-57.456,136.151,344.454
-57.483,136.273,344.509
-57.520,136.384,344.553
-57.548,136.507,344.608
-57.584,136.629,344.663
-57.612,136.740,344.718
-57.648,136.862,344.773
-57.676,136.985,344.828
-57.703,137.096,344.872
-57.740,137.218,344.938
-57.767,137.329,344.982
-57.804,137.452,345.048
-57.831,137.574,345.103
-57.859,137.685,345.157
-57.895,137.807,345.212
-57.923,137.930,345.267
-57.950,138.041,345.322
-57.987,138.163,345.377
-58.014,138.285,345.432
-58.042,138.397,345.487
-58.069,138.519,345.542
-58.106,138.641,345.608
-58.133,138.763,345.663
-58.160,138.874,345.718
-58.187,138.997,345.784
-58.224,139.119,345.839
-58.252,139.230,345.894
-58.279,139.352,345.948
-58.306,139.475,346.003
-58.333,139.597,346.058
-58.370,139.708,346.113
-58.398,139.830,346.168
-58.425,139.953,346.223
-58.452,140.075,346.278
-58.479,140.186,346.333
-58.507,140.308,346.399
-58.534,140.431,346.454
-58.561,140.542,346.509
-58.589,140.664,346.564
-58.616,140.786,346.619
-58.643,140.897,346.674
-58.670,141.020,346.718
-58.698,141.142,346.772
-58.725,141.264,346.827
-58.752,141.375,346.871
-58.780,141.497,346.926
-58.807,141.620,346.981
-58.834,141.742,347.036
-58.861,141.864,347.091
-58.889,141.975,347.146
-58.916,142.098,347.212
-58.943,142.220,347.278
-58.970,142.342,347.344
-58.998,142.464,347.410
-59.025,142.575,347.476
-59.052,142.698,347.542
-59.070,142.820,347.596
-59.097,142.942,347.651
-59.125,143.064,347.706
-59.152,143.175,347.761
-59.179,143.298,347.816
-59.197,143.420,347.871
-59.224,143.542,347.915
-59.252,143.653,347.970
-59.269,143.775,348.025
-59.297,143.898,348.080
-59.324,144.009,348.135
-59.351,144.131,348.190
-59.369,144.253,348.245
-59.396,144.375,348.300
-59.423,144.498,348.354
-59.441,144.620,348.409
-59.468,144.731,348.464
-59.486,144.853,348.530
-59.513,144.975,348.585
-59.541,145.097,348.629
-59.558,145.220,348.695
-59.586,145.342,348.750
-59.613,145.464,348.805
-59.631,145.586,348.871
-59.658,145.697,348.926
-59.676,145.819,348.981
-59.703,145.942,349.047
-59.721,146.064,349.102
-59.738,146.186,349.156
-59.766,146.297,349.211
-59.784,146.419,349.266
-59.811,146.542,349.310
-59.829,146.664,349.365
-59.856,146.775,349.420
-59.874,146.897,349.475
-59.891,147.019,349.530
-59.919,147.141,349.585
-59.936,147.263,349.640
-59.964,147.386,349.695
-59.981,147.508,349.761
-59.999,147.630,349.816
-60.026,147.741,349.882
-60.044,147.863,349.948
-60.062,147.985,350.002
-60.089,148.108,350.068
-60.107,148.230,350.123
-60.125,148.352,350.189
-60.142,148.474,350.244
-60.160,148.596,350.299
-60.178,148.707,350.354
-60.205,148.829,350.409
-60.223,148.952,350.475
-60.240,149.074,350.541
-60.258,149.196,350.596
-60.276,149.318,350.662
-60.303,149.440,350.717
-60.321,149.562,350.782
-60.339,149.673,350.837
-60.356,149.796,350.892
-60.374,149.918,350.947
-60.392,150.040,351.002
-60.410,150.162,351.057
-60.427,150.273,351.101
-60.445,150.395,351.156
-60.463,150.517,351.211
-60.481,150.639,351.266
-60.498,150.762,351.321
-60.516,150.884,351.376
-60.534,151.006,351.442
-60.552,151.128,351.497
-60.569,151.250,351.552
-60.587,151.372,351.617
-60.605,151.494,351.672
-60.613,151.605,351.738
-60.631,151.727,351.804
-60.648,151.850,351.859
-60.666,151.972,351.914
-60.684,152.094,351.980
-60.702,152.216,352.035
-60.719,152.338,352.101
-60.737,152.460,352.156
-60.745,152.582,352.222
-60.763,152.693,352.288
-60.781,152.815,352.343
-60.799,152.938,352.397
-60.807,153.060,352.452
-60.824,153.182,352.496
-60.842,153.304,352.551
-60.850,153.415,352.595
-60.868,153.537,352.650
-60.876,153.659,352.694
-60.894,153.781,352.738
-60.912,153.903,352.782
-60.920,154.014,352.826
-60.938,154.136,352.870
-60.946,154.258,352.925
-60.964,154.380,352.980
-60.981,154.503,353.035
-60.990,154.625,353.079
-61.007,154.758,353.134
-61.025,154.869,353.188
-61.033,154.991,353.243
-61.051,155.113,353.298
-61.059,155.235,353.353
-61.077,155.357,353.397
-61.095,155.479,353.441
-61.103,155.601,353.474
-61.111,155.723,353.507
-61.129,155.834,353.540
-61.137,155.945,353.551
-61.155,156.068,353.573
-61.163,156.190,353.584
-61.181,156.312,353.595
-61.189,156.434,353.606
-61.197,156.545,353.617
-61.215,156.667,353.617
-61.223,156.789,353.617
-61.241,156.911,353.617
-61.249,157.033,353.628
-61.267,157.155,353.617
-61.275,157.277,353.617
-61.293,157.399,353.617
-61.301,157.521,353.617
-61.319,157.643,353.617
-61.327,157.765,353.617
-61.335,157.888,353.628
-61.353,158.010,353.628
-61.361,158.132,353.639
-61.379,158.243,353.650
-61.387,158.365,353.639
-61.405,158.476,353.639
-61.413,158.598,353.628
-61.421,158.720,353.617
-61.439,158.842,353.606
-61.447,158.964,353.595
-61.455,159.086,353.584
-61.473,159.197,353.562
-61.481,159.319,353.551
-61.499,159.441,353.540
-61.507,159.552,353.529
-61.525,159.674,353.518
-61.533,159.796,353.518
-61.541,159.918,353.518
-61.559,160.041,353.507
-61.567,160.151,353.507
-61.585,160.274,353.518
-61.593,160.396,353.518
-61.611,160.518,353.529
-61.619,160.640,353.529
-61.637,160.762,353.540
-61.645,160.884,353.540
-61.663,160.995,353.551
-61.671,161.117,353.562
-61.679,161.239,353.584
-61.697,161.350,353.595
-61.705,161.472,353.606
-61.714,161.594,353.628
-61.732,161.705,353.650
-61.740,161.827,353.683
-61.758,161.938,353.705
-61.766,162.049,353.738
-61.774,162.171,353.760
-61.782,162.282,353.793
-61.800,162.404,353.815
-61.808,162.515,353.848
-61.817,162.637,353.881
-61.825,162.759,353.925
-61.843,162.870,353.979
-61.851,162.992,354.045
-61.859,163.126,354.122
-61.877,163.237,354.210
-61.885,163.359,354.298
-61.893,163.481,354.397
-61.911,163.592,354.496
-61.919,163.714,354.606
-61.937,163.836,354.705
-61.945,163.947,354.792
-61.953,164.069,354.869
-61.962,164.180,354.946
-61.970,164.280,355.012
-61.978,164.391,355.067
-61.987,164.502,355.122
-61.995,164.624,355.177
-62.003,164.735,355.232
-62.021,164.846,355.276
-62.029,164.968,355.331
-62.038,165.079,355.386
-62.046,165.189,355.441
-62.054,165.311,355.507
-62.062,165.434,355.562
-62.071,165.544,355.616
-62.079,165.666,355.671
-62.087,165.777,355.726
-62.095,165.899,355.770
-62.094,166.010,355.814
-62.102,166.132,355.858
-62.110,166.243,355.902
-62.119,166.354,355.946
-62.127,166.476,355.990
-62.126,166.587,356.045
-62.134,166.698,356.100
-62.142,166.820,356.166
-62.151,166.931,356.221
-62.159,167.042,356.276
-62.167,167.164,356.331
-62.166,167.275,356.375
-62.174,167.386,356.407
-62.182,167.508,356.440
-62.191,167.619,356.473
-62.190,167.718,356.495
-62.198,167.829,356.517
-62.206,167.940,356.528
-62.205,168.051,356.539
-62.213,168.162,356.561
-62.222,168.273,356.583
-62.220,168.395,356.616
-62.229,168.506,356.638
-62.237,168.617,356.682
-62.245,168.728,356.715
-62.253,168.850,356.748
-62.262,168.961,356.781
-62.270,169.083,356.825
-62.269,169.194,356.858
-62.277,169.305,356.880
-62.285,169.416,356.913
-62.284,169.526,356.957
-62.292,169.637,356.979
-62.301,169.759,357.001
-62.299,169.859,357.023
-62.308,169.959,357.034
-62.307,170.070,357.045
-62.315,170.181,357.045
-62.314,170.292,357.045
-62.322,170.403,357.034
-62.330,170.514,357.023
-62.329,170.624,357.001
-62.337,170.735,356.990
-62.336,170.835,356.957
-62.345,170.957,356.924
-62.343,171.068,356.902
-62.352,171.179,356.869
-62.360,171.290,356.847
-62.359,171.401,356.825
-62.367,171.512,356.803
-62.375,171.623,356.792
-62.374,171.733,356.770
-62.382,171.844,356.759
-62.381,171.955,356.737
-62.390,172.066,356.726
-62.398,172.177,356.704
-62.406,172.288,356.671
-62.405,172.399,356.649
-62.413,172.510,356.627
-62.412,172.621,356.594
-62.420,172.732,356.572
-62.429,172.843,356.550
-62.427,172.953,356.528
-62.436,173.064,356.506
-62.444,173.164,356.473
-62.452,173.275,356.451
-62.451,173.386,356.407
-62.460,173.486,356.375
-62.468,173.597,356.331
-62.467,173.708,356.298
-62.475,173.819,356.265
-62.483,173.930,356.232
-62.492,174.040,356.199
-62.490,174.151,356.177
-62.499,174.262,356.155
-62.517,174.384,356.133
-62.525,174.506,356.100
-62.523,174.617,356.078
-62.532,174.717,356.045
-62.540,174.828,356.012
-62.549,174.939,355.979
-62.547,175.050,355.935
-62.556,175.161,355.902
-62.564,175.272,355.858
-62.572,175.383,355.814
-62.571,175.482,355.781
-62.579,175.593,355.737
-62.588,175.704,355.693
-62.596,175.815,355.649
-62.604,175.926,355.605
-62.613,176.037,355.562
-62.621,176.148,355.529
-62.620,176.259,355.485
-62.628,176.370,355.441
-62.646,176.481,355.397
-62.654,176.603,355.353
-62.662,176.714,355.309
-62.671,176.836,355.276
-62.669,176.947,355.232
-62.678,177.058,355.188
-62.686,177.169,355.155
-62.694,177.280,355.111
-62.703,177.402,355.078
-62.711,177.513,355.034
-62.719,177.624,354.990
-62.728,177.723,354.946
-62.736,177.845,354.913
-62.744,177.956,354.869
-62.752,178.067,354.814
-62.761,178.178,354.771
-62.769,178.289,354.716
-62.787,178.411,354.672
-62.795,178.522,354.617
-62.803,178.633,354.562
-62.812,178.755,354.518
-62.820,178.877,354.463
-62.828,178.988,354.419
-62.846,179.110,354.364
-62.854,179.221,354.320
-62.862,179.332,354.276
-62.871,179.454,354.232
-62.879,179.565,354.188
-62.897,179.687,354.144
-62.905,179.798,354.100
-62.913,179.920,354.045
-62.931,180.031,354.001
-62.939,180.153,353.958
-62.947,180.264,353.903
-62.956,180.386,353.859
-62.973,180.497,353.804
-62.982,180.619,353.749
-62.990,180.730,353.694
-63.008,180.853,353.639
-63.016,180.963,353.584
-63.024,181.085,353.529
-63.042,181.208,353.474
-63.050,181.319,353.419
-63.058,181.441,353.364
-63.076,181.563,353.309
-63.084,181.674,353.254
-63.102,181.796,353.210
-63.110,181.918,353.156
-63.128,182.029,353.101
-63.136,182.151,353.057
-63.154,182.273,353.013
-63.172,182.395,352.969
-63.180,182.517,352.925
-63.198,182.639,352.881
-63.206,182.761,352.837
-63.224,182.872,352.793
-63.241,182.995,352.749
-63.250,183.117,352.705
-63.267,183.239,352.661
-63.276,183.361,352.606
-63.293,183.472,352.551
-63.302,183.594,352.496
-63.319,183.716,352.441
-63.328,183.827,352.386
-63.345,183.949,352.332
-63.363,184.071,352.277
-63.371,184.193,352.222
-63.389,184.315,352.178
-63.407,184.437,352.123
-63.424,184.560,352.079
-63.442,184.682,352.046
-63.460,184.804,352.002
-63.468,184.926,351.958
-63.486,185.048,351.914
-63.504,185.170,351.870
-63.521,185.292,351.826
-63.539,185.414,351.793
-63.557,185.537,351.749
-63.565,185.659,351.705
-63.582,185.792,351.672
-63.600,185.903,351.628
-63.618,186.025,351.595
-63.636,186.158,351.562
-63.653,186.280,351.519
-63.671,186.402,351.486
-63.689,186.525,351.453
-63.707,186.647,351.420
-63.724,186.769,351.387
-63.742,186.891,351.354
-63.760,187.013,351.321
-63.777,187.146,351.288
-63.795,187.268,351.244
-63.813,187.391,351.211
-63.830,187.513,351.178
-63.848,187.646,351.145
-63.866,187.768,351.123
-63.883,187.890,351.090
-63.901,188.012,351.068
-63.919,188.146,351.035
-63.937,188.268,351.013
-63.954,188.390,350.991
-63.972,188.512,350.958
-63.990,188.645,350.936
-64.007,188.767,350.903
-64.025,188.889,350.870
-64.052,189.012,350.837
-64.070,189.145,350.804
-64.088,189.267,350.771
-64.105,189.389,350.739
-64.123,189.522,350.706
-64.141,189.645,350.673
-64.168,189.778,350.651
-64.185,189.900,350.618
-64.203,190.033,350.596
-64.221,190.155,350.574
-64.238,190.289,350.552
-64.266,190.411,350.519
-64.283,190.544,350.497
-64.301,190.666,350.475
-64.319,190.799,350.453
-64.336,190.922,350.420
-64.363,191.055,350.398
-64.381,191.177,350.365
-64.399,191.299,350.343
-64.426,191.432,350.310
-64.444,191.555,350.288
-64.461,191.688,350.255
-64.479,191.810,350.233
-64.506,191.943,350.200
-64.524,192.076,350.167
-64.541,192.199,350.145
-64.569,192.332,350.112
-64.586,192.454,350.079
-64.604,192.587,350.046
-64.631,192.721,350.002
-64.649,192.843,349.969
-64.666,192.976,349.937
-64.694,193.109,349.904
-64.711,193.231,349.871
-64.738,193.365,349.849
-64.756,193.498,349.827
-64.783,193.620,349.794
-64.801,193.753,349.772
-64.828,193.887,349.750
-64.846,194.009,349.728
-64.873,194.142,349.706
-64.890,194.275,349.684
-64.908,194.398,349.662
-64.935,194.531,349.640
-64.953,194.664,349.618
-64.980,194.786,349.585
-64.998,194.920,349.574
-65.025,195.053,349.552
-65.043,195.175,349.541
-65.070,195.308,349.519
-65.087,195.442,349.497
-65.114,195.575,349.486
-65.142,195.697,349.464
-65.159,195.830,349.453
-65.186,195.964,349.431
-65.204,196.097,349.420
-65.231,196.219,349.398
-65.249,196.352,349.387
-65.276,196.486,349.376
-65.294,196.619,349.354
-65.321,196.741,349.343
-65.348,196.874,349.332
-65.366,197.008,349.321
-65.393,197.141,349.310
-65.410,197.263,349.310
-65.438,197.396,349.299
-65.465,197.530,349.288
-65.482,197.663,349.277
-65.509,197.796,349.266
-65.527,197.918,349.255
-65.554,198.052,349.244
-65.581,198.185,349.233
-65.599,198.318,349.222
-65.626,198.440,349.211
-65.653,198.574,349.200
-65.671,198.707,349.189
-65.698,198.840,349.178
-65.716,198.974,349.178
-65.743,199.096,349.167
-65.770,199.229,349.156
-65.788,199.362,349.146
-65.815,199.496,349.135
-65.842,199.629,349.124
-65.869,199.751,349.113
-65.887,199.884,349.102
-65.914,200.018,349.091
-65.932,200.151,349.080
-65.959,200.284,349.069
-65.986,200.418,349.058
-66.003,200.551,349.047
-66.031,200.673,349.036
-66.058,200.806,349.025
-66.085,200.940,349.014
-66.102,201.073,349.003
-66.130,201.206,348.992
-66.157,201.340,348.992
-66.174,201.473,348.981
-66.201,201.606,348.981
-66.229,201.739,348.970
-66.256,201.873,348.970
-66.283,202.006,348.959
-66.300,202.139,348.959
-66.328,202.273,348.959
-66.355,202.395,348.959
-66.382,202.528,348.959
-66.400,202.661,348.948
-66.427,202.795,348.937
-66.454,202.928,348.926
-66.481,203.061,348.915
-66.499,203.195,348.904
-66.526,203.328,348.893
-66.553,203.461,348.882
-66.580,203.583,348.871
-66.598,203.717,348.860
-66.625,203.850,348.838
-66.652,203.983,348.827
-66.670,204.117,348.816
-66.697,204.250,348.805
-66.724,204.383,348.794
-66.751,204.517,348.783
-66.778,204.650,348.761
-66.796,204.783,348.750
-66.823,204.916,348.728
-66.850,205.050,348.717
-66.877,205.183,348.706
-66.895,205.327,348.695
-66.922,205.461,348.684
-66.949,205.594,348.684
-66.976,205.727,348.673
-67.003,205.861,348.662
-67.030,205.994,348.662
-67.057,206.127,348.651
-67.084,206.261,348.640
-67.102,206.394,348.629
-67.129,206.527,348.618
-67.156,206.660,348.607
-67.183,206.794,348.596
-67.201,206.927,348.574
-67.228,207.060,348.563
-67.255,207.194,348.552
-67.282,207.327,348.541
-67.310,207.460,348.530
-67.337,207.594,348.519
-67.364,207.727,348.508
-67.391,207.860,348.497
-67.418,207.994,348.497
-67.445,208.138,348.486
-67.472,208.271,348.475
-67.490,208.405,348.464
-67.517,208.538,348.453
-67.544,208.671,348.442
-67.571,208.805,348.431
-67.598,208.938,348.420
-67.626,209.071,348.409
-67.653,209.204,348.398
-67.680,209.338,348.387
-67.707,209.471,348.387
-67.734,209.604,348.376
-67.752,209.749,348.365
-67.779,209.882,348.354
-67.806,210.015,348.344
-67.833,210.149,348.322
-67.860,210.282,348.311
-67.887,210.415,348.289
-67.914,210.549,348.278
-67.941,210.682,348.267
-67.968,210.826,348.245
-67.996,210.960,348.234
-68.023,211.093,348.223
-68.050,211.226,348.212
-68.077,211.360,348.201
-68.104,211.493,348.190
-68.131,211.637,348.179
-68.158,211.771,348.168
-68.185,211.904,348.157
-68.203,212.037,348.146
-68.230,212.171,348.135
-68.257,212.315,348.124
-68.284,212.448,348.113
-68.311,212.582,348.102
-68.338,212.715,348.091
-68.366,212.848,348.069
-68.393,212.982,348.058
-68.420,213.126,348.047
-68.447,213.259,348.025
-68.474,213.393,348.003
-68.501,213.526,347.992
-68.538,213.659,347.970
-68.565,213.804,347.937
-68.592,213.937,347.915
-68.619,214.070,347.893
-68.646,214.204,347.871
-68.673,214.337,347.838
-68.700,214.482,347.816
-68.727,214.615,347.794
-68.755,214.748,347.761
-68.782,214.882,347.728
-68.809,215.015,347.695
-68.836,215.159,347.673
-68.863,215.293,347.640
-68.890,215.426,347.607
-68.927,215.559,347.574
-68.954,215.704,347.542
-68.981,215.837,347.509
-69.008,215.970,347.476
-69.035,216.104,347.443
-69.072,216.248,347.410
-69.099,216.382,347.388
-69.126,216.515,347.355
-69.153,216.648,347.322
-69.180,216.793,347.289
-69.217,216.926,347.256
-69.244,217.059,347.212
-69.271,217.193,347.179
-69.298,217.337,347.135
-69.325,217.470,347.102
-69.362,217.604,347.069
-69.389,217.737,347.036
-69.416,217.882,347.003
-69.453,218.015,346.959
-69.480,218.148,346.937
-69.507,218.282,346.893
-69.544,218.426,346.860
-69.571,218.559,346.827
-69.598,218.693,346.794
-69.634,218.837,346.750
-69.661,218.971,346.718
-69.689,219.104,346.685
-69.725,219.248,346.652
-69.752,219.382,346.608
-69.779,219.515,346.575
-69.816,219.649,346.542
-69.843,219.793,346.509
-69.880,219.926,346.476
-69.907,220.060,346.443
-69.943,220.193,346.410
-69.971,220.337,346.377
-70.007,220.471,346.333
-70.034,220.604,346.300
-70.071,220.749,346.256
-70.098,220.882,346.212
-70.135,221.016,346.179
-70.162,221.149,346.135
-70.198,221.293,346.102
-70.225,221.427,346.058
-70.262,221.560,346.014
-70.289,221.705,345.981
-70.326,221.838,345.938
-70.353,221.971,345.905
-70.389,222.116,345.861
-70.426,222.249,345.828
-70.453,222.383,345.784
-70.490,222.516,345.751
-70.517,222.660,345.707
-70.554,222.794,345.663
-70.590,222.927,345.630
-70.617,223.072,345.586
-70.654,223.205,345.553
-70.691,223.338,345.520
-70.727,223.483,345.476
-70.754,223.616,345.443
-70.791,223.750,345.410
-70.828,223.883,345.366
-70.855,224.028,345.333
-70.891,224.161,345.289
-70.928,224.294,345.256
-70.964,224.439,345.223
-70.992,224.572,345.179
-71.028,224.706,345.146
-71.065,224.839,345.114
-71.101,224.984,345.070
-71.138,225.117,345.037
-71.165,225.250,345.004
-71.202,225.395,344.971
-71.238,225.528,344.938
-71.275,225.662,344.905
-71.312,225.806,344.872
-71.348,225.940,344.839
-71.385,226.073,344.795
-71.412,226.218,344.773
-71.449,226.351,344.740
-71.485,226.484,344.707
-71.522,226.629,344.674
-71.559,226.762,344.652
-71.595,226.896,344.630
-71.632,227.040,344.597
-71.668,227.174,344.575
-71.705,227.307,344.542
-71.742,227.452,344.520
-71.778,227.585,344.498
-71.815,227.718,344.476
-71.851,227.863,344.454
-71.888,227.996,344.443
-71.925,228.130,344.421
-71.961,228.274,344.410
-71.998,228.408,344.399
-72.035,228.541,344.388
-72.071,228.675,344.377
-72.108,228.819,344.366
-72.145,228.953,344.344
-72.181,229.086,344.333
-72.218,229.231,344.323
-72.254,229.364,344.312
-72.291,229.497,344.290
-72.328,229.642,344.279
-72.364,229.775,344.268
-72.401,229.909,344.257
-72.437,230.053,344.246
-72.484,230.187,344.235
-72.520,230.320,344.224
-72.557,230.465,344.213
-72.594,230.598,344.213
-72.630,230.732,344.202
-72.667,230.876,344.191
-72.703,231.010,344.180
-72.740,231.154,344.169
-72.777,231.287,344.158
-72.813,231.421,344.147
-72.850,231.565,344.136
-72.886,231.699,344.125
-72.933,231.832,344.114
-72.969,231.977,344.103
-73.006,232.110,344.092
-73.043,232.244,344.081
-73.079,232.377,344.070
-73.116,232.522,344.059
-73.152,232.655,344.059
-73.189,232.789,344.048
-73.226,232.933,344.037
-73.262,233.066,344.037
-73.308,233.200,344.037
-73.345,233.344,344.048
-73.382,233.478,344.048
-73.418,233.611,344.048
-73.455,233.756,344.059
-73.492,233.889,344.070
-73.528,234.034,344.070
-73.574,234.167,344.081
-73.611,234.301,344.092
-73.648,234.434,344.103
-73.684,234.579,344.103
-73.721,234.712,344.114
-73.757,234.846,344.125
-73.794,234.990,344.136
-73.831,235.123,344.147
-73.867,235.257,344.158
-73.914,235.390,344.169
-73.950,235.535,344.180
-73.987,235.668,344.191
-74.023,235.802,344.202
-74.060,235.946,344.213
-74.097,236.080,344.224
-74.133,236.213,344.235
-74.170,236.358,344.246
-74.206,236.491,344.257
-74.253,236.625,344.279
-74.289,236.769,344.290
-74.326,236.903,344.312
-74.363,237.036,344.333
-74.399,237.181,344.344
-74.436,237.314,344.366
-74.472,237.447,344.377
-74.509,237.592,344.399
-74.546,237.725,344.410
-74.582,237.859,344.421
-74.619,237.992,344.432
-74.655,238.137,344.443
-74.692,238.270,344.454
-74.729,238.404,344.465
-74.765,238.548,344.476
-74.802,238.682,344.487
-74.839,238.815,344.498
-74.875,238.948,344.509
-74.912,239.093,344.520
-74.949,239.226,344.531
-74.985,239.360,344.542
-75.022,239.504,344.553
-75.058,239.638,344.553
-75.095,239.782,344.564
-75.132,239.916,344.575
-75.168,240.049,344.586
-75.205,240.194,344.597
-75.241,240.327,344.619
-75.278,240.460,344.630
-75.315,240.605,344.641
-75.351,240.738,344.652
-75.388,240.872,344.674
-75.425,241.016,344.685
-75.461,241.150,344.696
-75.498,241.283,344.696
-75.534,241.428,344.707
-75.571,241.561,344.718
-75.608,241.694,344.718
-75.644,241.828,344.729
-75.681,241.972,344.729
-75.718,242.106,344.740
-75.745,242.239,344.740
-75.781,242.373,344.751
-75.818,242.517,344.751
-75.855,242.651,344.762
-75.891,242.784,344.762
-75.928,242.917,344.773
-75.964,243.062,344.784
-76.001,243.195,344.784
-76.038,243.329,344.795
-76.074,243.473,344.806
-76.111,243.618,344.817
-76.148,243.751,344.828
-76.184,243.885,344.828
-76.221,244.029,344.839
-76.257,244.163,344.850
-76.294,244.296,344.861
-76.331,244.441,344.861
-76.367,244.574,344.872
-76.394,244.707,344.872
-76.431,244.841,344.883
-76.468,244.974,344.883
-76.504,245.119,344.883
-76.541,245.252,344.883
-76.578,245.386,344.894
-76.614,245.530,344.894
-76.651,245.663,344.894
-76.678,245.797,344.905
-76.714,245.941,344.905
-76.751,246.075,344.916
-76.788,246.208,344.927
-76.824,246.353,344.927
-76.861,246.486,344.938
-76.898,246.620,344.949
-76.934,246.764,344.960
-76.971,246.897,344.960
-77.007,247.042,344.971
-77.044,247.175,344.982
-77.071,247.309,344.982
-77.108,247.453,344.993
-77.144,247.587,344.993
-77.181,247.720,345.004
-77.218,247.854,345.015
-77.254,247.998,345.015
-77.291,248.131,345.015
-77.328,248.265,345.026
-77.355,248.409,345.026
-77.391,248.543,345.037
-77.428,248.676,345.048
-77.464,248.821,345.059
-77.501,248.954,345.070
-77.538,249.088,345.081
-77.574,249.232,345.092
-77.601,249.365,345.114
-77.638,249.510,345.125
-77.675,249.643,345.146
-77.711,249.777,345.157
-77.748,249.921,345.179
-77.785,250.055,345.201
-77.812,250.188,345.223
-77.848,250.321,345.245
-77.885,250.466,345.256
-77.922,250.599,345.278
-77.958,250.733,345.289
-77.995,250.877,345.311
-78.022,251.011,345.333
-78.059,251.144,345.355
-78.095,251.289,345.377
-78.132,251.422,345.399
-78.159,251.555,345.421
-78.195,251.700,345.443
-78.232,251.833,345.465
-78.269,251.978,345.498
-78.305,252.111,345.520
-78.332,252.244,345.542
-78.369,252.389,345.575
-78.406,252.522,345.608
-78.442,252.667,345.630
-78.469,252.800,345.652
-78.506,252.934,345.685
-78.543,253.067,345.718
-78.570,253.212,345.740
-78.606,253.345,345.762
-78.643,253.478,345.795
-78.670,253.623,345.817
-78.707,253.756,345.850
-78.743,253.890,345.872
-78.770,254.034,345.905
-78.807,254.167,345.927
-78.844,254.301,345.959
-78.880,254.445,345.981
-78.907,254.590,346.014
-78.944,254.723,346.036
-78.981,254.857,346.069
-79.008,255.001,346.102
-79.044,255.135,346.135
-79.071,255.268,346.168
-79.108,255.412,346.190
-79.145,255.546,346.223
-79.172,255.690,346.256
-79.208,255.824,346.289
-79.245,255.957,346.311
-79.272,256.101,346.344
-79.309,256.235,346.377
-79.336,256.368,346.399
-79.372,256.513,346.432
-79.399,256.646,346.454
-79.436,256.779,346.487
-79.463,256.924,346.509
-79.500,257.057,346.542
-79.527,257.202,346.564
-79.563,257.335,346.597
-79.590,257.480,346.630
-79.627,257.613,346.663
-79.654,257.746,346.707
-79.691,257.891,346.740
-79.718,258.024,346.772
-79.754,258.169,346.816
-79.781,258.302,346.849
-79.818,258.446,346.882
-79.845,258.580,346.915
-79.882,258.724,346.948
-79.909,258.858,346.970
-79.936,258.991,347.003
-79.972,259.135,347.036
-80.000,259.269,347.058
-80.027,259.413,347.080
-80.063,259.547,347.102
-80.090,259.680,347.124
-80.127,259.824,347.135
-80.154,259.958,347.157
-80.181,260.102,347.168
-80.218,260.236,347.190
-80.245,260.380,347.212
-80.272,260.513,347.223
-80.308,260.658,347.245
-80.336,260.791,347.256
-80.363,260.936,347.278
-80.399,261.069,347.289
-80.426,261.213,347.311
-80.453,261.358,347.322
-80.490,261.491,347.344
-80.517,261.636,347.355
-80.544,261.769,347.366
-80.581,261.913,347.388
-80.608,262.047,347.399
-80.635,262.191,347.410
-80.662,262.325,347.421
-80.698,262.469,347.421
-80.726,262.602,347.432
-80.753,262.736,347.443
-80.780,262.880,347.454
-80.816,263.014,347.465
-80.843,263.158,347.465
-80.870,263.291,347.476
-80.898,263.436,347.487
-80.934,263.569,347.487
-80.961,263.713,347.498
-80.988,263.847,347.509
-81.015,263.991,347.509
-81.052,264.136,347.509
-81.079,264.269,347.520
-81.106,264.413,347.531
-81.143,264.547,347.531
-81.170,264.691,347.542
-81.197,264.836,347.552
-81.224,264.969,347.552
-81.260,265.114,347.563
-81.287,265.247,347.574
-81.314,265.391,347.585
-81.351,265.525,347.596
-81.378,265.669,347.607
-81.405,265.814,347.607
-81.432,265.947,347.618
-81.459,266.091,347.629
-81.496,266.225,347.629
-81.523,266.369,347.640
-81.550,266.502,347.640
-81.577,266.647,347.651
-81.614,266.791,347.662
-81.641,266.925,347.662
-81.668,267.069,347.662
-81.704,267.202,347.673
-81.731,267.347,347.673
-81.759,267.480,347.673
-81.786,267.625,347.673
-81.813,267.769,347.673
-81.849,267.902,347.684
-81.876,268.047,347.684
-81.903,268.180,347.684
-81.930,268.325,347.684
-81.967,268.469,347.684
-81.994,268.602,347.695
-82.021,268.747,347.695
-82.048,268.891,347.695
-82.075,269.025,347.695
-82.112,269.169,347.695
-82.139,269.302,347.695
-82.166,269.447,347.695
-82.193,269.591,347.706
-82.230,269.725,347.706
-82.257,269.869,347.706
-82.284,270.013,347.717
-82.320,270.147,347.717
-82.347,270.291,347.728
-82.374,270.436,347.728
-82.401,270.569,347.728
-82.428,270.713,347.739
-82.465,270.858,347.739
-82.492,270.991,347.739
-82.519,271.136,347.739
-82.546,271.269,347.739
-82.583,271.413,347.739
-82.610,271.558,347.750
-82.637,271.691,347.739
-82.664,271.836,347.750
-82.691,271.969,347.750
-82.728,272.113,347.750
-82.755,272.258,347.750
-82.782,272.391,347.750
-82.809,272.536,347.739
-82.845,272.680,347.750
-82.872,272.825,347.739
-82.899,272.958,347.739
-82.926,273.102,347.750
-82.963,273.247,347.750
-82.990,273.380,347.750
-83.017,273.524,347.750
-83.044,273.669,347.750
-83.071,273.813,347.750
-83.108,273.947,347.750
-83.135,274.091,347.750
-83.162,274.236,347.750
-83.198,274.369,347.739
-83.225,274.513,347.739
-83.252,274.658,347.739
-83.280,274.791,347.739
-83.307,274.936,347.728
-83.343,275.080,347.728
-83.370,275.213,347.717
-83.397,275.358,347.717
-83.424,275.502,347.706
-83.451,275.635,347.706
-83.488,275.780,347.695
-83.515,275.924,347.695
-83.542,276.069,347.695
-83.569,276.202,347.684
-83.606,276.347,347.684
-83.633,276.491,347.684
-83.660,276.635,347.673
-83.696,276.780,347.673
-83.723,276.913,347.673
-83.750,277.058,347.673
-83.787,277.202,347.662
-83.814,277.347,347.662
-83.841,277.480,347.662
-83.868,277.624,347.651
-83.905,277.769,347.640
-83.932,277.902,347.640
-83.959,278.047,347.629
-83.986,278.191,347.629
-84.013,278.324,347.618
-84.049,278.469,347.607
-84.076,278.613,347.596
-84.104,278.747,347.585
-84.131,278.891,347.574
-84.167,279.035,347.563
-84.194,279.180,347.542
-84.221,279.313,347.531
-84.248,279.458,347.520
-84.285,279.602,347.498
-84.312,279.747,347.487
-84.348,279.891,347.476
-84.375,280.024,347.454
-84.402,280.169,347.443
-84.429,280.313,347.432
-84.466,280.458,347.410
-84.493,280.591,347.399
-84.520,280.735,347.377
-84.557,280.880,347.366
-84.584,281.024,347.355
-84.620,281.169,347.344
-84.647,281.302,347.333
-84.674,281.447,347.322
-84.711,281.591,347.300
-84.738,281.735,347.289
-84.765,281.869,347.278
-84.802,282.013,347.267
-84.829,282.158,347.256
-84.856,282.302,347.245
-84.892,282.436,347.234
-84.919,282.580,347.223
-84.956,282.724,347.201
-84.983,282.869,347.190
-85.020,283.002,347.179
-85.047,283.147,347.168
-85.074,283.291,347.157
-85.110,283.436,347.146
-85.137,283.569,347.124
-85.164,283.713,347.113
-85.201,283.858,347.102
-85.228,284.002,347.091
-85.264,284.147,347.080
-85.291,284.291,347.069
-85.328,284.425,347.058
-85.355,284.569,347.047
-85.382,284.713,347.036
-85.419,284.858,347.025
-85.446,285.002,347.014
-85.482,285.136,347.003
-85.509,285.280,346.992
-85.546,285.425,346.981
-85.573,285.569,346.959
-85.609,285.703,346.948
-85.636,285.847,346.937
-85.663,285.991,346.926
-85.700,286.136,346.915
-85.727,286.280,346.893
-85.764,286.414,346.882
-85.791,286.558,346.871
-85.827,286.703,346.860
-85.854,286.847,346.849
-85.891,286.992,346.838
-85.918,287.125,346.827
-85.954,287.269,346.816
-85.981,287.414,346.805
-86.018,287.558,346.794
-86.045,287.692,346.772
-86.082,287.836,346.772
-86.109,287.981,346.750
-86.145,288.125,346.750
-86.182,288.270,346.740
-86.209,288.414,346.729
-86.245,288.558,346.718
-86.272,288.692,346.707
-86.309,288.836,346.707
-86.336,288.981,346.696
-86.373,289.125,346.685
-86.400,289.270,346.685
-86.436,289.414,346.674
-86.463,289.547,346.663
-86.500,289.692,346.663
-86.527,289.836,346.652
-86.563,289.981,346.641
-86.600,290.125,346.630
-86.627,290.270,346.619
-86.663,290.403,346.608
-86.691,290.548,346.597
-86.727,290.692,346.586
-86.754,290.837,346.586
-86.791,290.981,346.575
-86.827,291.126,346.564
-86.854,291.259,346.564
-86.891,291.403,346.553
-86.918,291.548,346.542
-86.954,291.692,346.542
-86.981,291.837,346.531
-87.018,291.981,346.520
-87.054,292.126,346.520
-87.082,292.259,346.509
-87.118,292.404,346.509
-87.155,292.548,346.498
-87.182,292.693,346.498
-87.218,292.837,346.487
-87.255,292.982,346.487
-87.282,293.126,346.476
-87.318,293.270,346.476
-87.345,293.404,346.465
-87.382,293.548,346.454
-87.419,293.693,346.443
-87.446,293.837,346.443
-87.482,293.982,346.421
-87.509,294.126,346.410
-87.546,294.260,346.399
-87.582,294.404,346.388
-87.609,294.548,346.377
-87.646,294.693,346.377
-87.673,294.837,346.366
-87.709,294.982,346.355
-87.746,295.126,346.344
-87.782,295.271,346.344
-87.809,295.415,346.333
-87.846,295.560,346.322
-87.883,295.693,346.322
-87.910,295.838,346.311
-87.946,295.982,346.311
-87.983,296.127,346.300
-88.010,296.271,346.289
-88.046,296.416,346.289
-88.073,296.560,346.278
-88.110,296.693,346.267
-88.147,296.838,346.267
-88.174,296.982,346.256
-88.210,297.127,346.245
-88.247,297.271,346.245
-88.274,297.416,346.234
-88.310,297.560,346.223
-88.347,297.694,346.223
-88.383,297.838,346.212
-88.410,297.983,346.212
-88.447,298.127,346.201
-88.483,298.272,346.201
-88.510,298.416,346.190
-88.547,298.561,346.179
-88.584,298.705,346.179
-88.611,298.850,346.168
-88.647,298.983,346.168
-88.684,299.127,346.157
-88.720,299.272,346.157
-88.747,299.416,346.157
-88.784,299.561,346.146
-88.820,299.705,346.146
-88.847,299.850,346.135
-88.884,299.994,346.135
-88.921,300.128,346.135
-88.957,300.272,346.124
-88.984,300.417,346.124
-89.021,300.561,346.124
-89.057,300.706,346.113
-89.084,300.850,346.113
-89.121,300.995,346.113
-89.157,301.139,346.113
-89.184,301.284,346.113
-89.221,301.417,346.124
-89.258,301.561,346.135
-89.294,301.706,346.146
-89.321,301.850,346.157
-89.358,301.995,346.168
-89.394,302.139,346.190
-89.431,302.284,346.212
-89.458,302.428,346.223
-89.494,302.573,346.245
-89.531,302.717,346.267
-89.558,302.862,346.289
-89.594,303.006,346.311
-89.631,303.140,346.333
-89.668,303.284,346.355
-89.695,303.429,346.388
-89.731,303.573,346.410
-89.768,303.718,346.432
-89.795,303.862,346.465
-89.831,304.007,346.487
-89.868,304.151,346.509
-89.895,304.296,346.542
-89.931,304.440,346.564
-89.968,304.585,346.586
-89.995,304.729,346.619
-90.031,304.873,346.641
-90.058,305.018,346.674
-90.095,305.162,346.707
-90.131,305.307,346.740
-90.168,305.451,346.761
-90.195,305.596,346.794
-90.232,305.740,346.827
-90.259,305.885,346.860
-90.295,306.029,346.882
-90.332,306.174,346.915
-90.359,306.318,346.937
-90.395,306.463,346.959
-90.422,306.607,346.981
-90.459,306.752,347.014
-90.486,306.896,347.036
-90.522,307.040,347.047
-90.549,307.185,347.069
-90.586,307.329,347.080
-90.613,307.474,347.102
-90.649,307.618,347.113
-90.676,307.763,347.124
-90.713,307.907,347.146
-90.740,308.052,347.157
-90.776,308.196,347.168
-90.803,308.341,347.179
-90.840,308.485,347.201
-90.867,308.629,347.212
-90.904,308.774,347.234
-90.931,308.918,347.245
-90.967,309.063,347.256
-90.994,309.207,347.267
-91.031,309.352,347.289
-91.058,309.496,347.300
-91.094,309.641,347.311
-91.121,309.796,347.322
-91.158,309.941,347.322
-91.185,310.085,347.333
-91.221,310.230,347.344
-91.248,310.374,347.355
-91.275,310.518,347.366
-91.312,310.663,347.377
-91.339,310.807,347.388
-91.375,310.952,347.388
-91.402,311.096,347.399
-91.429,311.241,347.399
-91.466,311.385,347.399
-91.493,311.530,347.410
-91.529,311.674,347.410
-91.556,311.830,347.421
-91.583,311.974,347.421
-91.620,312.119,347.432
-91.647,312.263,347.443
-91.683,312.407,347.443
-91.710,312.552,347.454
-91.747,312.696,347.465
-91.774,312.852,347.465
-91.801,312.996,347.476
-91.837,313.141,347.476
-91.864,313.285,347.476
-91.901,313.430,347.476
-91.928,313.574,347.487
-91.955,313.719,347.487
-91.991,313.863,347.498
-92.018,314.007,347.498
-92.055,314.163,347.509
-92.082,314.307,347.509
-92.118,314.452,347.520
-92.145,314.596,347.520
-92.172,314.741,347.531
-92.209,314.885,347.531
-92.236,315.030,347.542
-92.272,315.185,347.542
-92.299,315.330,347.552
-92.326,315.474,347.563
-92.363,315.619,347.563
-92.390,315.763,347.574
-92.427,315.908,347.585
-92.453,316.063,347.585
-92.490,316.208,347.596
-92.517,316.352,347.596
-92.544,316.496,347.607
-92.581,316.641,347.607
-92.608,316.785,347.607
-92.635,316.930,347.618
-92.671,317.074,347.618
-92.698,317.230,347.629
-92.725,317.374,347.629
-92.761,317.519,347.629
-92.789,317.663,347.640
-92.825,317.808,347.640
-92.852,317.952,347.640
-92.879,318.107,347.640
-92.915,318.252,347.640
-92.942,318.396,347.640
-92.979,318.541,347.640
-93.006,318.685,347.629
-93.033,318.830,347.629
-93.070,318.974,347.618
-93.096,319.130,347.607
-93.123,319.274,347.596
-93.160,319.419,347.585
-93.187,319.563,347.574
-93.214,319.707,347.552
-93.251,319.852,347.531
-93.278,319.996,347.509
-93.305,320.141,347.498
-93.341,320.285,347.476
-93.368,320.430,347.454
-93.395,320.574,347.432
-93.432,320.719,347.410
-93.459,320.874,347.388
-93.495,321.019,347.366
-93.522,321.163,347.344
-93.549,321.307,347.322
-93.586,321.452,347.300
-93.613,321.596,347.278
-93.649,321.741,347.267
-93.676,321.885,347.245
-93.713,322.030,347.223
-93.740,322.174,347.212
-93.767,322.330,347.190
-93.803,322.474,347.179
-93.830,322.619,347.168
-93.867,322.763,347.157
-93.894,322.907,347.146
-93.930,323.052,347.135
-93.957,323.196,347.113
-93.994,323.341,347.102
-94.021,323.485,347.091
-94.057,323.630,347.080
-94.084,323.774,347.069
-94.121,323.919,347.058
-94.148,324.063,347.047
-94.184,324.208,347.047
-94.212,324.352,347.036
-94.248,324.497,347.036
-94.275,324.641,347.025
-94.312,324.786,347.025
-94.339,324.930,347.025
-94.375,325.074,347.014
-94.402,325.219,347.003
-94.439,325.363,346.992
-94.466,325.508,346.992
-94.493,325.652,346.981
-94.529,325.797,346.981
-94.556,325.941,346.970
-94.593,326.086,346.970
-94.629,326.230,346.959
-94.656,326.375,346.959
-94.693,326.519,346.959
-94.720,326.675,346.948
-94.756,326.819,346.948
-94.783,326.963,346.937
-94.820,327.108,346.937
-94.847,327.252,346.937
-94.883,327.397,346.926
-94.910,327.541,346.915
-94.947,327.686,346.915
-94.974,327.830,346.915
-95.011,327.975,346.915
-95.047,328.119,346.904
-95.074,328.264,346.904
-95.111,328.408,346.904
-95.138,328.553,346.904
-95.174,328.697,346.904
-95.201,328.841,346.893
-95.238,328.986,346.893
-95.274,329.130,346.882
-95.301,329.275,346.882
-95.338,329.419,346.871
-95.365,329.564,346.871
-95.401,329.708,346.871
-95.428,329.853,346.860
-95.465,330.008,346.860
-95.501,330.153,346.860
-95.528,330.297,346.860
-95.565,330.442,346.860
-95.601,330.586,346.860
-95.628,330.731,346.860
-95.665,330.875,346.860
-95.692,331.020,346.849
-95.728,331.164,346.849
-95.755,331.308,346.849
-95.792,331.453,346.849
-95.819,331.597,346.849
-95.856,331.742,346.838
-95.883,331.886,346.838
-95.919,332.031,346.838
-95.946,332.175,346.827
-95.983,332.320,346.827
-96.019,332.464,346.816
-96.046,332.609,346.816
-96.083,332.753,346.827
-96.119,332.909,346.827
-96.146,333.053,346.827
-96.183,333.198,346.827
-96.219,333.342,346.827
-96.246,333.498,346.838
-96.283,333.642,346.838
-96.310,333.787,346.838
-96.346,333.931,346.827
-96.373,334.076,346.827
-96.410,334.220,346.827
-96.437,334.364,346.827
-96.473,334.509,346.816
-96.500,334.653,346.816
-96.537,334.798,346.816
-96.573,334.942,346.805
-96.600,335.087,346.805
-96.637,335.231,346.794
-96.664,335.376,346.794
-96.701,335.520,346.783
-96.728,335.665,346.783
-96.764,335.809,346.783
-96.800,335.965,346.772
-96.828,336.109,346.772
-96.864,336.254,346.761
-96.901,336.398,346.761
-96.928,336.543,346.761
-96.964,336.687,346.750
-97.001,336.832,346.750
-97.028,336.987,346.750
-97.064,337.132,346.750
-97.091,337.265,346.740
-97.128,337.409,346.740
-97.164,337.554,346.729
-97.191,337.709,346.718
-97.228,337.854,346.707
-97.255,337.998,346.696
-97.291,338.143,346.696
-97.328,338.287,346.685
-97.355,338.432,346.674
-97.391,338.576,346.663
-97.428,338.721,346.663
-97.455,338.876,346.652
-97.491,339.021,346.652
-97.528,339.165,346.641
-97.555,339.310,346.641
-97.591,339.454,346.641
-97.628,339.599,346.630
-97.664,339.754,346.630
-97.691,339.899,346.630
-97.728,340.043,346.619
-97.755,340.188,346.608
-97.791,340.332,346.597
-97.818,340.477,346.586
-97.855,340.621,346.575
-97.892,340.766,346.553
-97.919,340.910,346.542
-97.955,341.055,346.531
-97.992,341.199,346.509
-98.019,341.343,346.498
-98.055,341.488,346.487
-98.092,341.633,346.476
-98.128,341.777,346.465
-98.155,341.933,346.454
-98.192,342.077,346.443
-98.228,342.222,346.432
-98.265,342.366,346.421
-98.292,342.510,346.421
-98.328,342.655,346.410
-98.365,342.799,346.399
-98.392,342.944,346.388
-98.428,343.088,346.377
-98.465,343.233,346.366
-98.502,343.377,346.366
-98.529,343.522,346.355
-98.565,343.677,346.344
-98.601,343.822,346.344
-98.638,343.966,346.333
-98.665,344.111,346.322
-98.702,344.255,346.311
-98.738,344.400,346.300
-98.765,344.544,346.289
-98.802,344.689,346.278
-98.838,344.833,346.267
-98.875,344.978,346.256
-98.902,345.122,346.245
-98.938,345.267,346.245
-98.975,345.411,346.234
-99.011,345.556,346.234
-99.038,345.700,346.223
-99.075,345.845,346.223
-99.111,345.989,346.223
-99.148,346.134,346.223
-99.175,346.278,346.223
-99.212,346.423,346.223
-99.248,346.567,346.223
-99.285,346.712,346.234
-99.312,346.856,346.245
-99.348,347.001,346.256
-99.385,347.145,346.278
-99.421,347.290,346.289
-99.448,347.434,346.311
-99.485,347.578,346.333
-99.521,347.723,346.355
-99.558,347.868,346.377
-99.585,348.012,346.410
-99.621,348.156,346.443
-99.658,348.301,346.476
-99.695,348.445,346.509
-99.722,348.590,346.553
-99.758,348.734,346.597
-99.795,348.879,346.641
-99.831,349.023,346.685
-99.858,349.168,346.729
-99.895,349.312,346.772
-99.931,349.457,346.816
-99.958,349.601,346.860
-99.995,349.746,346.904
-100.022,349.890,346.948
-100.058,350.046,346.992
-100.095,350.190,347.036
-100.122,350.335,347.080
-100.158,350.479,347.135
-100.185,350.624,347.179
-100.222,350.768,347.223
-100.249,350.913,347.267
-100.285,351.057,347.311
-100.322,351.202,347.355
-100.349,351.346,347.399
-100.385,351.490,347.432
-100.412,351.635,347.476
-100.449,351.779,347.509
-100.476,351.924,347.542
-100.513,352.068,347.574
-100.540,352.213,347.607
-100.567,352.357,347.640
-100.603,352.502,347.673
-100.630,352.657,347.706
-100.667,352.802,347.728
-100.694,352.946,347.750
-100.730,353.091,347.772
-100.757,353.235,347.794
-100.784,353.379,347.816
-100.821,353.524,347.827
-100.848,353.668,347.849
-100.875,353.813,347.860
-100.911,353.957,347.882
-100.938,354.102,347.893
-100.965,354.246,347.904
-101.002,354.391,347.915
-101.029,354.546,347.915
-101.056,354.690,347.926
-101.092,354.835,347.937
-101.119,354.979,347.937
-101.146,355.124,347.937
-101.173,355.268,347.948
-101.210,355.413,347.948
-101.237,355.557,347.959
-101.264,355.701,347.959
-101.300,355.846,347.970
-101.327,356.001,347.970
-101.364,356.146,347.970
-101.391,356.290,347.981
-101.418,356.435,347.981
-101.445,356.579,347.970
-101.481,356.724,347.970
-101.508,356.868,347.959
-101.535,357.013,347.959
-101.572,357.157,347.959
-101.599,357.301,347.948
-101.626,357.446,347.948
-101.662,357.590,347.937
-101.689,357.735,347.937
-101.716,357.890,347.937
-101.753,358.035,347.926
-101.780,358.179,347.926
-101.807,358.324,347.915
-101.843,358.468,347.915
-101.870,358.613,347.904
-101.897,358.757,347.893
-101.924,358.901,347.882
-101.961,359.046,347.871
-101.988,359.190,347.860
-102.015,359.346,347.849
-102.051,359.490,347.849
-102.078,359.635,347.838
-102.105,359.779,347.827
-102.142,359.924,347.816
-102.169,360.068,347.805
-102.196,360.212,347.794
-102.233,360.357,347.783
-102.259,360.512,347.772
-102.296,360.657,347.772
-102.323,360.801,347.761
-102.350,360.946,347.750
-102.387,361.090,347.739
-102.414,361.235,347.728
-102.441,361.379,347.717
-102.477,361.524,347.706
-102.504,361.679,347.695
-102.531,361.823,347.684
-102.568,361.968,347.684
-102.595,362.112,347.673
-102.631,362.257,347.662
-102.658,362.401,347.651
-102.685,362.546,347.640
-102.722,362.690,347.640
-102.749,362.835,347.629
-102.785,362.979,347.618
-102.812,363.135,347.607
-102.839,363.279,347.596
-102.876,363.424,347.585
-102.903,363.568,347.574
-102.939,363.712,347.563
-102.966,363.857,347.552
-102.993,364.001,347.542
-103.030,364.146,347.531
-103.057,364.290,347.520
-103.093,364.446,347.509
-103.120,364.590,347.498
-103.157,364.735,347.487
-103.184,364.879,347.476
-103.211,365.024,347.465
-103.247,365.168,347.443
-103.274,365.312,347.432
-103.301,365.457,347.410
-103.338,365.601,347.388
-103.365,365.746,347.377
-103.401,365.890,347.366
-103.428,366.035,347.344
-103.465,366.190,347.333
-103.492,366.335,347.311
-103.528,366.479,347.300
-103.555,366.624,347.289
-103.592,366.768,347.278
-103.619,366.913,347.267
-103.655,367.057,347.245
-103.682,367.201,347.234
-103.719,367.346,347.212
-103.746,367.501,347.201
-103.782,367.646,347.190
-103.809,367.779,347.179
-103.846,367.924,347.168
-103.873,368.068,347.157
-103.910,368.213,347.146
-103.937,368.357,347.135
-103.973,368.513,347.113
-104.000,368.657,347.102
-104.037,368.802,347.091
-104.064,368.946,347.069
-104.100,369.091,347.058
-104.137,369.235,347.036
-104.164,369.379,347.025
-104.200,369.524,347.003
-104.227,369.668,346.992
-104.264,369.813,346.970
-104.291,369.957,346.959
-104.327,370.102,346.948
-104.354,370.246,346.926
-104.391,370.391,346.915
-104.418,370.535,346.893
-104.454,370.680,346.882
-104.491,370.824,346.860
-104.518,370.969,346.849
-104.554,371.113,346.827
-104.581,371.257,346.816
-104.618,371.413,346.794
-104.654,371.558,346.783
-104.681,371.702,346.761
-104.718,371.847,346.740
-104.745,371.991,346.729
-104.782,372.135,346.707
-104.818,372.280,346.685
-104.845,372.424,346.663
-104.882,372.569,346.641
-104.918,372.713,346.619
-104.945,372.858,346.608
-104.982,373.002,346.586
-105.018,373.147,346.575
-105.045,373.291,346.553
-105.082,373.436,346.531
-105.118,373.580,346.520
-105.145,373.725,346.498
-105.182,373.869,346.476
-105.218,374.014,346.465
-105.245,374.158,346.443
-105.282,374.303,346.421
-105.319,374.447,346.410
-105.346,374.591,346.399
-105.382,374.736,346.377
-105.419,374.881,346.366
-105.455,375.025,346.355
-105.492,375.170,346.333
-105.519,375.314,346.322
-105.555,375.458,346.300
-105.592,375.603,346.278
-105.619,375.747,346.256
-105.655,375.892,346.234
-105.692,376.036,346.212
-105.728,376.181,346.201
-105.755,376.325,346.179
-105.801,376.470,346.157
-105.828,376.614,346.135
-105.865,376.759,346.124
-105.902,376.903,346.102
-105.938,377.048,346.080
-105.965,377.192,346.069
-106.002,377.337,346.047
-106.038,377.492,346.025
-106.075,377.637,346.003
-106.111,377.781,345.981
-106.138,377.915,345.970
-106.175,378.059,345.948
-106.211,378.204,345.938
-106.248,378.348,345.927
-106.284,378.493,345.905
-106.311,378.637,345.894
-106.348,378.782,345.872
-106.385,378.926,345.861
-106.421,379.071,345.839
-106.458,379.215,345.817
-106.494,379.360,345.795
-106.531,379.504,345.784
-106.567,379.649,345.762
-106.594,379.793,345.751
-106.631,379.938,345.729
-106.667,380.082,345.718
-106.704,380.227,345.696
-106.740,380.371,345.685
-106.777,380.516,345.674
-106.813,380.660,345.652
-106.850,380.805,345.630
-106.887,380.949,345.619
-106.914,381.094,345.597
-106.950,381.238,345.586
-106.987,381.383,345.564
-107.023,381.527,345.542
-107.060,381.672,345.531
-107.096,381.816,345.509
-107.133,381.961,345.498
-107.169,382.105,345.476
-107.206,382.250,345.465
-107.242,382.394,345.443
-107.279,382.539,345.421
-107.316,382.683,345.410
-107.352,382.828,345.388
-107.389,382.972,345.366
-107.425,383.117,345.344
-107.452,383.261,345.333
-107.498,383.406,345.311
-107.535,383.550,345.300
-107.571,383.695,345.278
-107.608,383.839,345.267
-107.644,383.984,345.245
-107.681,384.128,345.234
-107.717,384.273,345.212
-107.754,384.417,345.190
-107.791,384.562,345.168
-107.827,384.706,345.157
-107.864,384.851,345.135
-107.900,384.996,345.114
-107.937,385.129,345.103
-107.973,385.273,345.081
-108.010,385.418,345.070
-108.046,385.562,345.048
-108.083,385.707,345.026
-108.120,385.851,345.015
-108.166,385.996,344.993
-108.202,386.141,344.971
-108.239,386.285,344.949
-108.275,386.430,344.927
-108.312,386.574,344.905
-108.348,386.719,344.894
-108.385,386.863,344.872
-108.421,387.008,344.850
-108.458,387.152,344.839
-108.494,387.297,344.817
-108.541,387.441,344.806
-108.577,387.586,344.784
-108.614,387.730,344.762
-108.650,387.864,344.740
-108.687,388.008,344.718
-108.723,388.153,344.696
-108.760,388.297,344.674
-108.796,388.442,344.663
-108.833,388.586,344.641
-108.879,388.731,344.630
-108.916,388.875,344.608
-108.952,389.020,344.597
-108.989,389.165,344.575
-109.025,389.309,344.553
-109.062,389.454,344.531
-109.108,389.598,344.520
-109.144,389.743,344.498
-109.181,389.876,344.476
-109.218,390.021,344.454
-109.264,390.165,344.432
-109.300,390.310,344.410
-109.337,390.454,344.388
-109.373,390.599,344.366
-109.410,390.743,344.344
-109.456,390.888,344.323
-109.492,391.032,344.312
-109.529,391.177,344.290
-109.575,391.322,344.268
-109.612,391.466,344.235
-109.648,391.611,344.224
-109.685,391.744,344.202
-109.731,391.889,344.180
-109.767,392.033,344.158
-109.804,392.178,344.147
-109.850,392.322,344.125
-109.887,392.467,344.103
-109.923,392.611,344.081
-109.969,392.756,344.059
-110.006,392.900,344.037
-110.042,393.034,344.015
-110.079,393.178,343.993
-110.125,393.323,343.971
-110.161,393.467,343.949
-110.198,393.612,343.927
-110.244,393.757,343.905
-110.281,393.901,343.883
-110.327,394.046,343.861
-110.363,394.179,343.839
-110.400,394.324,343.817
-110.446,394.468,343.806
-110.483,394.613,343.784
-110.519,394.757,343.751
-110.565,394.902,343.740
-110.602,395.046,343.718
-110.648,395.180,343.696
-110.684,395.324,343.674
-110.730,395.469,343.663
-110.767,395.614,343.641
-110.804,395.758,343.619
-110.850,395.903,343.597
-110.886,396.047,343.586
-110.932,396.181,343.553
-110.969,396.325,343.542
-111.005,396.470,343.510
-111.052,396.614,343.488
-111.088,396.759,343.477
-111.134,396.904,343.455
-111.171,397.037,343.433
-111.217,397.182,343.422
-111.253,397.326,343.400
-111.299,397.471,343.378
-111.336,397.615,343.367
-111.382,397.760,343.345
-111.419,397.893,343.312
-111.465,398.038,343.301
-111.501,398.182,343.268
-111.547,398.327,343.246
-111.584,398.472,343.224
-111.630,398.616,343.202
-111.667,398.761,343.191
-111.713,398.894,343.169
-111.749,399.039,343.147
-111.795,399.183,343.136
-111.832,399.328,343.114
-111.878,399.472,343.092
-111.924,399.617,343.070
-111.961,399.750,343.048
-112.007,399.895,343.037
-112.053,400.040,343.015
-112.089,400.184,342.993
-112.135,400.329,342.971
-112.172,400.473,342.949
-112.218,400.607,342.927
-112.255,400.751,342.905
-112.301,400.896,342.883
-112.347,401.041,342.861
-112.393,401.174,342.839
-112.430,401.319,342.817
-112.476,401.463,342.795
-112.512,401.608,342.773
-112.558,401.752,342.751
-112.604,401.897,342.729
-112.641,402.030,342.708
-112.687,402.175,342.686
-112.733,402.320,342.664
-112.770,402.464,342.653
-112.816,402.609,342.631
-112.862,402.742,342.609
-112.899,402.887,342.598
-112.945,403.032,342.576
-112.991,403.176,342.554
-113.027,403.310,342.532
-113.073,403.454,342.510
-113.120,403.599,342.488
-113.156,403.743,342.466
-113.202,403.877,342.444
-113.248,404.021,342.433
-113.294,404.166,342.411
-113.340,404.311,342.389
-113.377,404.444,342.367
-113.423,404.589,342.345
-113.469,404.733,342.323
-113.506,404.878,342.301
-113.552,405.022,342.279
-113.598,405.156,342.257
-113.644,405.301,342.235
-113.690,405.445,342.213
-113.727,405.590,342.202
-113.773,405.723,342.180
-113.819,405.868,342.158
-113.865,406.013,342.147
-113.911,406.157,342.125
-113.948,406.291,342.103
-113.994,406.435,342.092
-114.040,406.580,342.070
-114.086,406.713,342.048
-114.132,406.858,342.026
-114.178,407.003,342.004
-114.215,407.147,341.993
-114.261,407.281,341.971
-114.307,407.425,341.960
-114.353,407.570,341.949
-114.399,407.714,341.927
-114.445,407.859,341.917
-114.492,407.993,341.906
-114.538,408.137,341.884
-114.584,408.282,341.873
-114.630,408.426,341.851
-114.666,408.560,341.840
-114.712,408.705,341.818
-114.759,408.849,341.807
-114.805,408.994,341.796
-114.851,409.127,341.785
-114.897,409.272,341.774
-114.943,409.417,341.763
-114.989,409.550,341.752
-115.035,409.695,341.730
-115.081,409.839,341.719
-115.127,409.984,341.708
-115.164,410.117,341.697
-115.210,410.262,341.686
-115.256,410.407,341.675
-115.302,410.551,341.664
-115.348,410.685,341.653
-115.395,410.829,341.642
-115.441,410.974,341.631
-115.487,411.107,341.620
-115.533,411.252,341.609
-115.579,411.397,341.609
-115.625,411.541,341.598
-115.671,411.675,341.587
-115.717,411.819,341.576
-115.763,411.964,341.565
-115.810,412.098,341.565
-115.856,412.242,341.554
-115.902,412.387,341.554
-115.948,412.531,341.543
-115.994,412.665,341.543
-116.040,412.810,341.543
-116.086,412.954,341.543
-116.132,413.099,341.532
-116.178,413.232,341.532
-116.224,413.377,341.532
-116.270,413.522,341.521
-116.317,413.655,341.521
-116.363,413.800,341.521
-116.409,413.944,341.510
-116.455,414.089,341.510
-116.501,414.223,341.510
-116.547,414.367,341.510
-116.593,414.512,341.499
-116.639,414.645,341.499
-116.686,414.790,341.488
-116.732,414.935,341.488
-116.778,415.079,341.477
-116.824,415.213,341.466
-116.870,415.357,341.466
-116.916,415.502,341.466
-116.962,415.635,341.455
-117.008,415.780,341.455
-117.054,415.925,341.455
-117.101,416.058,341.455
-117.147,416.203,341.455
-117.193,416.347,341.455
-117.239,416.492,341.455
-117.285,416.626,341.455
-117.331,416.770,341.444
-117.377,416.915,341.444
-117.423,417.048,341.444
-117.469,417.193,341.433
-117.515,417.338,341.433
-117.562,417.471,341.433
-117.608,417.616,341.433
-117.654,417.760,341.433
-117.700,417.905,341.444
-117.746,418.039,341.433
-117.792,418.183,341.433
-117.838,418.328,341.433
-117.884,418.461,341.433
-117.930,418.606,341.433
-117.976,418.751,341.422
-118.023,418.884,341.422
-118.069,419.029,341.422
-118.115,419.173,341.422
-118.171,419.307,341.422
-118.217,419.452,341.422
-118.263,419.596,341.433
-118.309,419.730,341.422
-118.355,419.874,341.422
-118.392,420.019,341.422
-118.438,420.152,341.422
-118.484,420.297,341.411
-118.530,420.442,341.411
-118.576,420.575,341.411
-118.632,420.720,341.411
-118.678,420.864,341.411
-118.724,421.009,341.411
-118.770,421.143,341.422
-118.816,421.287,341.422
-118.862,421.432,341.422
-118.908,421.565,341.422
-118.954,421.710,341.422
-119.000,421.855,341.422
-119.047,421.988,341.422
-119.093,422.133,341.422
-119.139,422.277,341.422
-119.185,422.411,341.422
-119.231,422.556,341.422
-119.277,422.689,341.422
-119.323,422.834,341.411
-119.369,422.978,341.411
-119.416,423.112,341.411
-119.462,423.256,341.411
-119.508,423.401,341.400
-119.554,423.546,341.400
-119.600,423.679,341.400
-119.646,423.824,341.400
-119.692,423.968,341.400
-119.738,424.102,341.400
-119.784,424.247,341.411
-119.830,424.391,341.422
-119.877,424.525,341.422
-119.923,424.669,341.433
-119.969,424.814,341.433
-120.015,424.948,341.433
-120.061,425.092,341.444
-120.107,425.237,341.444
-120.153,425.381,341.444
-120.199,425.515,341.455
-120.246,425.660,341.466
-120.292,425.804,341.466
-120.338,425.938,341.477
-120.384,426.082,341.488
-120.430,426.227,341.488
-120.476,426.360,341.499
-120.522,426.505,341.510
-120.568,426.650,341.510
-120.614,426.794,341.521
-120.661,426.928,341.532
-120.707,427.072,341.532
-120.753,427.217,341.543
-120.799,427.351,341.554
-120.845,427.495,341.565
-120.891,427.640,341.576
-120.937,427.784,341.587
-120.983,427.918,341.587
-121.029,428.063,341.609
-121.075,428.207,341.609
-121.122,428.341,341.620
-121.168,428.485,341.631
-121.214,428.630,341.631
-121.260,428.775,341.642
-121.306,428.919,341.653
-121.352,429.053,341.664
-121.398,429.197,341.664
-121.444,429.342,341.675
-121.490,429.487,341.686
-121.536,429.631,341.697
-121.583,429.765,341.708
-121.629,429.909,341.719
-121.675,430.054,341.719
-121.721,430.199,341.730
-121.767,430.332,341.741
-121.813,430.477,341.752
-121.859,430.621,341.763
-121.905,430.766,341.763
-121.951,430.900,341.774
-121.997,431.044,341.785
-122.044,431.189,341.796
-122.090,431.333,341.807
-122.136,431.467,341.818
-122.182,431.612,341.829
-122.218,431.756,341.840
-122.264,431.901,341.851
-122.311,432.045,341.862
-122.357,432.179,341.862
-122.403,432.323,341.873
-122.449,432.468,341.884
-122.495,432.613,341.895
-122.541,432.757,341.906
-122.587,432.891,341.917
-122.633,433.035,341.938
-122.679,433.180,341.949
-122.725,433.325,341.960
-122.772,433.458,341.971
-122.808,433.603,341.982
-122.854,433.747,341.993
-122.900,433.892,341.993
-122.947,434.025,342.004
-122.993,434.170,342.015
-123.039,434.315,342.026
-123.085,434.459,342.037
-123.121,434.593,342.048
-123.167,434.737,342.059
-123.214,434.882,342.070
-123.260,435.016,342.070
-123.306,435.160,342.081
-123.352,435.305,342.092
-123.388,435.449,342.092
-123.435,435.583,342.103
-123.481,435.727,342.114
-123.527,435.872,342.114
-123.573,436.017,342.125
-123.619,436.150,342.136
-123.656,436.295,342.147
-123.702,436.439,342.147
-123.748,436.573,342.158
-123.794,436.717,342.169
-123.840,436.862,342.180
-123.877,437.007,342.191
-123.923,437.140,342.191
-123.969,437.285,342.202
-124.015,437.429,342.213
-124.061,437.574,342.224
-124.107,437.708,342.224
-124.153,437.852,342.235
-124.190,437.997,342.257
-124.236,438.141,342.268
-124.282,438.275,342.279
-124.328,438.419,342.279
-124.365,438.564,342.290
-124.411,438.697,342.301
-124.457,438.842,342.301
-124.503,438.987,342.312
-124.549,439.131,342.312
-124.586,439.265,342.312
-124.632,439.409,342.323
-124.678,439.554,342.334
-124.724,439.687,342.334
-124.761,439.832,342.334
-124.807,439.977,342.345
-124.853,440.121,342.345
-124.899,440.255,342.345
-124.935,440.399,342.345
-124.981,440.544,342.345
-125.028,440.689,342.345
-125.074,440.833,342.345
-125.110,440.967,342.345
-125.156,441.111,342.345
-125.202,441.256,342.345
-125.249,441.400,342.356
-125.285,441.534,342.356
-125.331,441.678,342.356
-125.377,441.823,342.356
-125.423,441.968,342.356
-125.460,442.101,342.356
-125.506,442.246,342.356
-125.552,442.390,342.345
-125.598,442.535,342.345
-125.635,442.668,342.345
-125.681,442.813,342.345
-125.727,442.958,342.345
-125.773,443.102,342.345
-125.819,443.236,342.345
-125.856,443.380,342.345
-125.902,443.525,342.345
-125.948,443.670,342.345
-125.994,443.803,342.345
-126.031,443.948,342.334
-126.077,444.092,342.334
-126.123,444.237,342.334
-126.169,444.370,342.334
-126.206,444.515,342.334
-126.252,444.659,342.334
-126.298,444.804,342.334
-126.344,444.938,342.334
-126.390,445.082,342.334
-126.436,445.227,342.334
-126.473,445.371,342.334
-126.519,445.505,342.334
-126.565,445.650,342.334
-126.611,445.794,342.334
-126.648,445.939,342.323
-126.694,446.072,342.323
-126.740,446.217,342.323
-126.786,446.361,342.334
-126.823,446.495,342.334
-126.869,446.639,342.334
-126.915,446.784,342.334
-126.961,446.929,342.334
-126.997,447.062,342.334
-127.043,447.207,342.323
-127.090,447.351,342.323
-127.136,447.496,342.323
-127.172,447.640,342.323
-127.218,447.774,342.323
-127.264,447.919,342.323
-127.310,448.063,342.334
-127.357,448.208,342.334
-127.393,448.352,342.334
-127.439,448.486,342.334
-127.485,448.631,342.334
-127.531,448.775,342.345
-127.568,448.920,342.334
-127.614,449.053,342.334
-127.660,449.198,342.334
-127.697,449.342,342.323
-127.743,449.476,342.323
-127.789,449.620,342.312
-127.835,449.765,342.312
-127.872,449.910,342.312
-127.918,450.043,342.301
-127.964,450.188,342.301
-128.010,450.332,342.290
-128.056,450.477,342.290
-128.102,450.622,342.279
-128.139,450.755,342.279
-128.185,450.900,342.279
-128.231,451.044,342.268
-128.277,451.189,342.268
-128.314,451.322,342.268
-128.360,451.467,342.268
-128.406,451.612,342.268
-128.452,451.756,342.257
-128.498,451.890,342.257
-128.544,452.034,342.257
-128.581,452.179,342.257
-128.627,452.323,342.257
-128.673,452.457,342.246
-128.719,452.602,342.246
-128.765,452.746,342.246
-128.802,452.880,342.246
-128.848,453.024,342.246
-128.894,453.169,342.246
-128.940,453.313,342.235
-128.977,453.447,342.235
-129.023,453.592,342.235
-129.069,453.736,342.235
-129.115,453.881,342.224
-129.161,454.014,342.224
-129.198,454.159,342.224
-129.244,454.303,342.213
-129.290,454.448,342.213
-129.336,454.582,342.213
-129.382,454.726,342.213
-129.419,454.871,342.213
-129.465,455.004,342.213
-129.511,455.149,342.213
-129.557,455.293,342.202
-129.594,455.427,342.202
-129.640,455.572,342.202
-129.686,455.716,342.191
-129.732,455.850,342.191
-129.768,455.994,342.191
-129.814,456.139,342.180
-129.861,456.272,342.180
-129.907,456.417,342.180
-129.953,456.562,342.180
-129.989,456.695,342.180
-130.036,456.840,342.180
-130.082,456.984,342.169
-130.128,457.129,342.169
-130.164,457.262,342.169
-130.210,457.407,342.169
-130.257,457.540,342.158
-130.303,457.685,342.158
-130.339,457.830,342.158
-130.385,457.963,342.158
-130.432,458.108,342.147
-130.478,458.252,342.158
-130.524,458.386,342.158
-130.560,458.530,342.158
-130.607,458.664,342.147
-130.653,458.809,342.147
-130.699,458.953,342.147
-130.735,459.087,342.147
-130.781,459.231,342.147
-130.828,459.365,342.136
-130.874,459.509,342.136
-130.910,459.654,342.136
-130.956,459.787,342.125
-131.002,459.932,342.125
-131.049,460.066,342.125
-131.085,460.210,342.125
-131.131,460.344,342.125
-131.177,460.488,342.125
-131.224,460.622,342.125
-131.260,460.766,342.125
-131.306,460.900,342.125
-131.352,461.044,342.125
-131.399,461.178,342.114
-131.435,461.322,342.114
-131.481,461.456,342.114
-131.527,461.601,342.114
-131.574,461.734,342.125
-131.610,461.879,342.125
-131.656,462.012,342.125
-131.702,462.157,342.125
-131.739,462.290,342.125
-131.785,462.435,342.125
-131.831,462.568,342.125
-131.877,462.713,342.125
-131.914,462.846,342.125
-131.960,462.991,342.125
-132.006,463.125,342.136
-132.052,463.269,342.136
-132.089,463.403,342.147
-132.135,463.536,342.147
-132.181,463.681,342.147
-132.218,463.814,342.158
-132.264,463.959,342.158
-132.310,464.092,342.158
-132.347,464.237,342.158
-132.393,464.370,342.158
-132.439,464.504,342.158
-132.476,464.648,342.158
-132.522,464.782,342.158
-132.568,464.927,342.158
-132.605,465.060,342.169
-132.651,465.194,342.169
-132.697,465.338,342.169
-132.734,465.472,342.169
-132.780,465.616,342.180
-132.826,465.750,342.180
-132.862,465.894,342.180
-132.909,466.028,342.180
-132.955,466.161,342.180
-132.991,466.306,342.180
-133.038,466.439,342.180
-133.084,466.573,342.180
-133.120,466.717,342.191
-133.166,466.851,342.191
-133.213,466.996,342.191
-133.249,467.129,342.191
-133.295,467.263,342.191
-133.341,467.407,342.180
-133.378,467.541,342.180
-133.424,467.674,342.169
-133.461,467.819,342.169
-133.507,467.952,342.158
-133.553,468.086,342.158
-133.590,468.230,342.147
-133.636,468.364,342.147
-133.673,468.497,342.147
-133.719,468.631,342.136
-133.765,468.775,342.136
-133.811,468.909,342.136
-133.848,469.042,342.125
-133.894,469.176,342.125
-133.931,469.320,342.114
-133.977,469.454,342.103
-134.023,469.587,342.092
-134.059,469.732,342.081
-134.106,469.865,342.081
-134.142,469.999,342.070
-134.188,470.132,342.059
-134.235,470.266,342.048
-134.271,470.399,342.048
-134.317,470.544,342.037
-134.354,470.677,342.026
-134.400,470.811,342.015
-134.446,470.944,342.004
-134.483,471.078,341.993
-134.529,471.222,341.982
-134.566,471.356,341.971
-134.612,471.489,341.960
-134.658,471.623,341.949
-134.695,471.756,341.938
-134.741,471.890,341.927
-134.778,472.034,341.917
-134.824,472.168,341.906
-134.870,472.302,341.906
-134.907,472.435,341.895
-134.953,472.568,341.884
-134.999,472.702,341.862
-135.036,472.835,341.851
-135.082,472.969,341.840
-135.119,473.102,341.829
-135.165,473.247,341.818
-135.211,473.381,341.807
-135.248,473.514,341.796
-135.294,473.648,341.785
-135.340,473.781,341.774
-135.377,473.914,341.763
-135.423,474.048,341.741
-135.469,474.182,341.730
-135.506,474.315,341.719
-135.552,474.448,341.708
-135.588,474.582,341.697
-135.635,474.715,341.675
-135.681,474.849,341.664
-135.718,474.982,341.653
-135.764,475.116,341.642
-135.810,475.249,341.631
-135.847,475.383,341.620
-135.893,475.516,341.609
-135.929,475.650,341.598
-135.976,475.783,341.587
-136.022,475.917,341.576
-136.058,476.050,341.565
-136.105,476.184,341.554
-136.151,476.317,341.543
-136.188,476.451,341.532
-136.234,476.584,341.521
-136.280,476.718,341.510
-136.317,476.851,341.499
-136.363,476.985,341.499
-136.409,477.107,341.488
-136.446,477.241,341.488
-136.492,477.374,341.477
-136.538,477.508,341.477
-136.575,477.641,341.466
-136.621,477.775,341.466
-136.667,477.908,341.455
-136.704,478.042,341.455
-136.750,478.175,341.455
-136.796,478.309,341.444
-136.833,478.431,341.444
-136.879,478.565,341.444
-136.925,478.698,341.455
-136.962,478.832,341.455
-137.008,478.965,341.455
-137.045,479.099,341.455
-137.091,479.221,341.455
-137.137,479.355,341.455
-137.174,479.488,341.444
-137.220,479.622,341.444
-137.266,479.755,341.444
-137.303,479.889,341.444
-137.349,480.011,341.433
-137.396,480.145,341.433
-137.432,480.278,341.433
-137.478,480.411,341.433
-137.515,480.545,341.444
-137.561,480.667,341.433
-137.608,480.801,341.433
-137.644,480.934,341.433
-137.691,481.068,341.433
-137.737,481.201,341.433
-137.773,481.324,341.422
-137.820,481.457,341.422
-137.856,481.591,341.411
-137.903,481.724,341.411
-137.949,481.847,341.411
-137.986,481.980,341.411
-138.032,482.103,341.400
-138.068,482.236,341.400
-138.115,482.370,341.400
-138.161,482.492,341.389
-138.198,482.625,341.389
-138.244,482.759,341.378
-138.281,482.892,341.367
-138.327,483.015,341.356
-138.373,483.148,341.356
-138.410,483.282,341.345
-138.456,483.404,341.334
-138.493,483.538,341.334
-138.539,483.671,341.323
-138.585,483.794,341.312
-138.622,483.927,341.312
-138.668,484.061,341.301
-138.705,484.183,341.290
-138.751,484.316,341.279
-138.788,484.439,341.268
-138.834,484.572,341.257
-138.880,484.695,341.235
-138.917,484.828,341.213
-138.963,484.962,341.191
-139.000,485.084,341.169
-139.046,485.218,341.147
-139.083,485.340,341.125
-139.129,485.473,341.093
-139.175,485.596,341.060
-139.212,485.729,341.027
-139.258,485.852,340.994
-139.305,485.985,340.950
-139.341,486.108,340.917
-139.388,486.241,340.862
-139.424,486.364,340.818
-139.471,486.497,340.763
-139.517,486.620,340.719
-139.554,486.753,340.664
-139.600,486.875,340.598
-139.646,487.009,340.543
-139.683,487.131,340.477
-139.729,487.254,340.411
-139.775,487.387,340.334
-139.812,487.510,340.269
-139.858,487.643,340.192
-139.905,487.766,340.115
-139.951,487.888,340.038
-139.988,488.022,339.961
-140.034,488.144,339.884
-140.080,488.266,339.807
-140.127,488.389,339.719
-140.173,488.522,339.642
-140.219,488.645,339.565
-140.256,488.767,339.489
-140.302,488.901,339.401
-140.348,489.023,339.324
-140.395,489.146,339.236
-140.441,489.268,339.148
-140.487,489.402,339.060
-140.533,489.524,338.972
-140.580,489.646,338.884
-140.626,489.769,338.796
-140.672,489.891,338.708
-140.719,490.014,338.621
-140.765,490.147,338.544
-140.811,490.270,338.456
-140.858,490.392,338.368
-140.904,490.515,338.291
-140.950,490.637,338.203
-140.997,490.760,338.115
-141.043,490.882,338.027
-141.089,491.005,337.939
-141.135,491.127,337.852
-141.191,491.250,337.764
-141.238,491.372,337.676
-141.284,491.494,337.588
-141.330,491.617,337.500
-141.377,491.739,337.412
-141.432,491.862,337.324
-141.479,491.984,337.236
-141.525,492.107,337.148
-141.581,492.229,337.061
-141.627,492.341,336.984
-141.674,492.463,336.896
-141.730,492.586,336.808
-141.776,492.708,336.720
-141.822,492.831,336.632
-141.878,492.953,336.555
-141.924,493.076,336.467
-141.980,493.187,336.368
-142.027,493.310,336.292
-142.082,493.432,336.204
-142.129,493.543,336.116
-142.185,493.666,336.028
-142.231,493.788,335.940
-142.287,493.911,335.852
-142.333,494.022,335.764
-142.389,494.145,335.676
-142.436,494.267,335.599
-142.491,494.379,335.511
-142.538,494.501,335.424
-142.594,494.624,335.336
-142.650,494.735,335.248
-142.696,494.858,335.160
-142.752,494.969,335.072
-142.808,495.092,334.984
-142.854,495.203,334.896
-142.910,495.326,334.808
-142.966,495.448,334.709
-143.022,495.560,334.622
-143.068,495.671,334.534
-143.124,495.794,334.435
-143.180,495.905,334.347
-143.236,496.028,334.248
-143.282,496.139,334.160
-143.338,496.262,334.061
-143.394,496.373,333.962
-143.450,496.485,333.875
-143.506,496.607,333.776
-143.562,496.719,333.677
-143.618,496.830,333.578
-143.674,496.953,333.479
-143.730,497.064,333.380
-143.786,497.176,333.281
-143.842,497.298,333.182
-143.898,497.410,333.083
-143.954,497.521,332.974
-144.010,497.632,332.875
-144.065,497.755,332.776
-144.121,497.867,332.677
-144.177,497.978,332.578
-144.233,498.089,332.490
-144.289,498.201,332.391
-144.345,498.312,332.292
-144.401,498.435,332.205
-144.467,498.547,332.106
-144.523,498.658,332.007
-144.578,498.769,331.908
-144.634,498.881,331.809
-144.700,498.993,331.710
-144.756,499.104,331.611
-144.812,499.215,331.512
-144.868,499.327,331.414
-144.924,499.438,331.326
-144.989,499.550,331.227
-145.045,499.661,331.128
-145.101,499.773,331.029
-145.167,499.884,330.930
-145.223,499.996,330.831
-145.279,500.107,330.732
-145.344,500.219,330.634
-145.400,500.330,330.535
-145.466,500.442,330.436
-145.522,500.542,330.337
-145.587,500.654,330.227
-145.643,500.765,330.128
-145.709,500.877,330.029
-145.765,500.989,329.919
-145.830,501.100,329.832
-145.886,501.200,329.733
-145.952,501.312,329.634
-146.008,501.424,329.535
-146.073,501.524,329.436
-146.139,501.636,329.348
-146.195,501.747,329.249
-146.261,501.848,329.150
-146.326,501.959,329.062
-146.382,502.060,328.964
-146.448,502.171,328.865
-146.513,502.283,328.766
-146.569,502.383,328.667
-146.635,502.495,328.568
-146.700,502.606,328.469
-146.766,502.707,328.370
-146.822,502.818,328.282
-146.887,502.919,328.184
-146.953,503.030,328.085
-147.019,503.131,327.986
-147.084,503.242,327.898
-147.150,503.343,327.799
-147.215,503.443,327.711
-147.271,503.555,327.612
-147.337,503.655,327.524
-147.402,503.767,327.426
-147.468,503.867,327.338
-147.534,503.968,327.239
-147.599,504.079,327.140
-147.665,504.180,327.052
-147.730,504.280,326.953
-147.796,504.381,326.854
-147.862,504.492,326.766
-147.927,504.593,326.667
-147.993,504.705,326.580
-148.058,504.805,326.481
-148.124,504.905,326.393
-148.190,505.006,326.305
-148.255,505.118,326.228
-148.321,505.218,326.140
-148.396,505.319,326.063
-148.461,505.419,325.975
-148.527,505.520,325.898
-148.593,505.620,325.822
-148.658,505.721,325.745
-148.724,505.832,325.679
-148.789,505.933,325.602
-148.865,506.033,325.547
-148.930,506.134,325.481
-148.996,506.234,325.426
-149.061,506.335,325.382
-149.137,506.435,325.338
-149.202,506.536,325.294
-149.268,506.636,325.272
-149.334,506.737,325.239
-149.409,506.837,325.217
-149.474,506.938,325.206
-149.540,507.038,325.195
-149.615,507.139,325.184
-149.681,507.240,325.184
-149.746,507.340,325.184
-149.821,507.441,325.195
-149.887,507.541,325.206
-149.953,507.642,325.217
-150.018,507.742,325.239
-150.094,507.843,325.261
-150.159,507.943,325.294
-150.225,508.044,325.327
-150.290,508.144,325.360
-150.366,508.245,325.404
-150.431,508.345,325.448
-150.497,508.446,325.492
-150.562,508.546,325.547
-150.638,508.647,325.602
-150.703,508.747,325.657
-150.769,508.848,325.712
-150.834,508.948,325.778
-150.910,509.049,325.833
-150.975,509.149,325.898
-151.041,509.250,325.964
-151.106,509.350,326.041
-151.172,509.451,326.107
-151.238,509.551,326.184
-151.303,509.652,326.261
-151.379,509.752,326.327
-151.444,509.853,326.404
-151.510,509.964,326.481
-151.575,510.065,326.547
-151.641,510.165,326.624
-151.707,510.266,326.700
-151.772,510.366,326.766
-151.838,510.467,326.843
-151.903,510.567,326.909
-151.969,510.668,326.986
-152.035,510.768,327.052
-152.091,510.869,327.129
-152.156,510.969,327.195
-152.222,511.070,327.272
-152.288,511.170,327.349
-152.353,511.271,327.415
-152.419,511.382,327.491
-152.484,511.483,327.568
-152.550,511.583,327.645
-152.616,511.684,327.711
-152.672,511.795,327.788
-152.737,511.896,327.865
-152.803,511.996,327.942
-152.868,512.097,328.019
-152.934,512.197,328.085
-152.990,512.298,328.162
-153.056,512.409,328.228
-153.121,512.510,328.304
-153.177,512.610,328.370
-153.243,512.711,328.436
-153.299,512.811,328.513
-153.365,512.923,328.579
-153.430,513.023,328.656
-153.486,513.123,328.722
-153.552,513.224,328.799
-153.618,513.324,328.865
-153.674,513.436,328.942
-153.739,513.536,329.008
-153.795,513.637,329.084
-153.861,513.748,329.150
-153.917,513.849,329.227
-153.982,513.949,329.293
-154.038,514.061,329.359
-154.104,514.161,329.425
-154.160,514.262,329.502
-154.226,514.362,329.579
-154.282,514.474,329.656
-154.347,514.574,329.733
-154.403,514.674,329.810
-154.460,514.775,329.886
-154.525,514.886,329.952
-154.581,514.987,330.029
-154.637,515.087,330.106
-154.703,515.199,330.172
-154.759,515.299,330.249
-154.815,515.411,330.315
-154.871,515.511,330.381
-154.937,515.611,330.447
-154.992,515.723,330.502
-155.049,515.823,330.568
-155.114,515.935,330.645
-155.170,516.035,330.710
-155.226,516.147,330.776
-155.292,516.247,330.842
-155.348,516.348,330.908
-155.404,516.459,330.974
-155.460,516.559,331.029
-155.516,516.671,331.084
-155.572,516.771,331.139
-155.619,516.872,331.194
-155.675,516.972,331.238
-155.731,517.083,331.293
-155.787,517.184,331.337
-155.843,517.284,331.392
-155.899,517.396,331.436
-155.955,517.496,331.490
-156.011,517.597,331.556
-156.067,517.708,331.611
-156.123,517.808,331.666
-156.179,517.920,331.732
-156.235,518.020,331.798
-156.291,518.121,331.864
-156.347,518.232,331.930
-156.403,518.332,331.985
-156.459,518.444,332.051
-156.515,518.544,332.106
-156.571,518.656,332.172
-156.627,518.756,332.227
-156.674,518.856,332.281
-156.730,518.968,332.336
-156.786,519.068,332.391
-156.832,519.180,332.435
-156.889,519.280,332.490
-156.945,519.380,332.545
-157.001,519.492,332.589
-157.047,519.592,332.644
-157.103,519.704,332.688
-157.159,519.804,332.743
-157.206,519.904,332.798
-157.262,520.016,332.842
-157.308,520.116,332.897
-157.364,520.228,332.952
-157.420,520.328,333.007
-157.467,520.439,333.062
-157.523,520.540,333.116
-157.579,520.651,333.171
-157.625,520.751,333.226
-157.681,520.863,333.281
-157.737,520.963,333.347
-157.784,521.075,333.402
-157.840,521.175,333.457
-157.886,521.286,333.512
-157.943,521.387,333.567
-157.989,521.498,333.622
-158.045,521.599,333.677
-158.091,521.710,333.732
-158.148,521.810,333.776
-158.194,521.922,333.842
-158.241,522.022,333.896
-158.297,522.133,333.962
-158.343,522.234,334.017
-158.399,522.345,334.083
-158.446,522.445,334.149
-158.502,522.557,334.226
-158.548,522.668,334.303
-158.595,522.769,334.380
-158.651,522.880,334.457
-158.697,522.980,334.545
-158.753,523.092,334.622
-158.800,523.192,334.709
-158.846,523.303,334.797
-158.902,523.415,334.885
-158.949,523.515,334.973
-158.995,523.627,335.061
-159.042,523.738,335.149
-159.098,523.838,335.237
-159.144,523.950,335.314
-159.191,524.050,335.402
-159.237,524.161,335.500
-159.284,524.262,335.577
-159.330,524.373,335.654
-159.386,524.473,335.742
-159.433,524.585,335.819
-159.479,524.696,335.907
-159.526,524.796,335.995
-159.572,524.908,336.083
-159.618,525.019,336.171
-159.665,525.119,336.270
-159.721,525.231,336.357
-159.767,525.342,336.456
-159.814,525.443,336.544
-159.860,525.554,336.643
-159.907,525.665,336.731
-159.953,525.777,336.830
-160.000,525.888,336.929
-160.046,525.988,337.017
-160.093,526.100,337.104
-160.139,526.211,337.203
-160.186,526.322,337.291
-160.232,526.423,337.379
-160.269,526.534,337.478
-160.315,526.645,337.566
-160.362,526.757,337.654
-160.408,526.868,337.742
-160.455,526.979,337.830
-160.501,527.091,337.917
-160.538,527.202,338.005
-160.585,527.313,338.093
-160.631,527.414,338.181
-160.668,527.525,338.269
-160.714,527.636,338.346
-160.761,527.748,338.434
-160.798,527.859,338.522
-160.844,527.970,338.610
-160.891,528.082,338.698
-160.928,528.193,338.796
-160.974,528.304,338.884
-161.020,528.416,338.983
-161.067,528.527,339.071
-161.104,528.638,339.159
-161.150,528.750,339.258
-161.187,528.861,339.346
-161.233,528.983,339.434
-161.270,529.095,339.521
-161.317,529.206,339.609
-161.354,529.317,339.697
-161.400,529.429,339.774
-161.437,529.540,339.862
-161.484,529.651,339.950
-161.530,529.763,340.027
-161.567,529.874,340.115
-161.604,529.985,340.192
-161.650,530.096,340.280
-161.687,530.219,340.356
-161.724,530.330,340.444
-161.770,530.441,340.521
-161.807,530.553,340.609
-161.844,530.675,340.697
-161.890,530.786,340.774
-161.927,530.898,340.862
-161.964,531.020,340.950
-162.011,531.131,341.049
-162.047,531.254,341.136
-162.084,531.365,341.235
-162.131,531.476,341.323
-162.167,531.599,341.422
-162.204,531.710,341.499
-162.241,531.832,341.587
-162.278,531.944,341.664
-162.325,532.055,341.741
-162.361,532.177,341.818
-162.398,532.288,341.884
-162.435,532.411,341.949
-162.472,532.533,342.015
-162.509,532.644,342.070
-162.545,532.767,342.136
-162.582,532.878,342.180
-162.619,533.000,342.235
-162.656,533.112,342.290
-162.693,533.234,342.334
-162.730,533.345,342.378
-162.767,533.468,342.411
-162.803,533.590,342.455
-162.840,533.712,342.488
-162.877,533.824,342.521
-162.914,533.946,342.554
-162.951,534.068,342.576
-162.987,534.179,342.609
-163.024,534.302,342.642
-163.071,534.413,342.664
-163.098,534.535,342.697
-163.135,534.658,342.719
-163.172,534.780,342.740
-163.208,534.902,342.762
-163.245,535.014,342.784
-163.282,535.136,342.795
-163.319,535.258,342.817
-163.356,535.381,342.828
-163.392,535.492,342.850
-163.429,535.614,342.872
-163.466,535.737,342.883
-163.503,535.859,342.905
-163.540,535.970,342.916
-163.577,536.093,342.938
-163.613,536.215,342.960
-163.650,536.337,342.982
-163.687,536.460,343.004
-163.724,536.582,343.026
-163.761,536.693,343.048
-163.797,536.816,343.081
-163.834,536.938,343.103
-163.871,537.060,343.136
-163.908,537.183,343.158
-163.944,537.305,343.180
-163.981,537.427,343.213
-164.018,537.550,343.235
-164.055,537.672,343.257
-164.092,537.794,343.279
-164.128,537.917,343.301
-164.165,538.039,343.312
-164.202,538.161,343.323
-164.239,538.284,343.345
-164.276,538.406,343.356
-164.312,538.528,343.367
-164.349,538.651,343.378
-164.376,538.773,343.389
-164.413,538.895,343.400
-164.450,539.018,343.411
-164.487,539.151,343.422
-164.514,539.273,343.422
-164.541,539.396,343.433
-164.578,539.518,343.444
-164.615,539.640,343.444
-164.651,539.774,343.455
-164.688,539.896,343.455
-164.725,540.018,343.455
-164.762,540.141,343.466
-164.789,540.263,343.466
-164.826,540.385,343.477
-164.862,540.519,343.477
-164.899,540.641,343.488
-164.936,540.763,343.488
-164.973,540.886,343.488
-165.009,541.019,343.499
-165.037,541.142,343.499
-165.073,541.264,343.510
-165.110,541.386,343.510
-165.147,541.509,343.521
-165.184,541.631,343.521
-165.220,541.764,343.521
-165.257,541.887,343.531
-165.294,542.009,343.531
-165.321,542.131,343.531
-165.358,542.265,343.531
-165.395,542.387,343.531
-165.431,542.509,343.542
-165.468,542.632,343.542
-165.505,542.765,343.542
-165.542,542.887,343.542
-165.578,543.021,343.553
-165.615,543.143,343.553
-165.652,543.266,343.564
-165.689,543.399,343.564
-165.725,543.521,343.575
-165.753,543.644,343.586
-165.789,543.777,343.586
-165.826,543.899,343.597
-165.863,544.033,343.597
-165.899,544.155,343.608
-165.936,544.277,343.608
-165.973,544.400,343.619
-166.010,544.533,343.619
-166.046,544.656,343.630
-166.083,544.789,343.630
-166.120,544.911,343.641
-166.147,545.034,343.641
-166.184,545.167,343.652
-166.221,545.289,343.652
-166.257,545.423,343.663
-166.294,545.545,343.674
-166.331,545.668,343.674
-166.368,545.801,343.685
-166.404,545.923,343.696
-166.441,546.057,343.707
-166.478,546.179,343.718
-166.514,546.312,343.729
-166.551,546.435,343.740
-166.588,546.568,343.751
-166.615,546.690,343.762
-166.652,546.824,343.784
-166.689,546.946,343.806
-166.725,547.080,343.828
-166.762,547.202,343.861
-166.789,547.335,343.894
-166.826,547.458,343.927
-166.863,547.591,343.960
-166.899,547.713,343.993
-166.936,547.847,344.026
-166.973,547.969,344.070
-167.000,548.103,344.103
-167.037,548.225,344.147
-167.073,548.358,344.180
-167.110,548.481,344.224
-167.147,548.614,344.268
-167.174,548.736,344.312
-167.211,548.870,344.355
-167.247,548.992,344.399
-167.284,549.126,344.454
-167.321,549.248,344.498
-167.348,549.381,344.553
-167.385,549.515,344.619
-167.421,549.637,344.674
-167.449,549.770,344.740
-167.485,549.893,344.795
-167.522,550.026,344.861
-167.559,550.160,344.927
-167.586,550.282,344.993
-167.623,550.415,345.059
-167.659,550.549,345.125
-167.687,550.671,345.190
-167.723,550.804,345.256
-167.750,550.938,345.322
-167.787,551.060,345.388
-167.824,551.193,345.454
-167.851,551.327,345.531
-167.888,551.449,345.597
-167.924,551.582,345.663
-167.951,551.716,345.729
-167.979,551.838,345.795
-168.015,551.971,345.861
-168.043,552.105,345.927
-168.079,552.238,345.981
-168.106,552.360,346.047
-168.143,552.494,346.113
-168.170,552.627,346.168
-168.207,552.761,346.234
-168.234,552.894,346.289
-168.271,553.016,346.355
-168.298,553.150,346.421
-168.325,553.283,346.487
-168.362,553.416,346.542
-168.389,553.539,346.608
-168.416,553.672,346.674
-168.453,553.805,346.740
-168.480,553.939,346.794
-168.507,554.072,346.849
-168.534,554.205,346.915
-168.571,554.328,346.970
-168.598,554.461,347.036
-168.625,554.594,347.102
-168.652,554.728,347.168
-168.689,554.861,347.234
-168.716,554.994,347.311
-168.743,555.128,347.388
-168.770,555.261,347.465
-168.807,555.394,347.542
-168.834,555.517,347.607
-168.861,555.650,347.684
-168.889,555.783,347.750
-168.916,555.917,347.816
-168.943,556.050,347.893
-168.970,556.183,347.948
-168.997,556.317,348.014
-169.024,556.450,348.080
-169.051,556.583,348.157
-169.078,556.717,348.212
-169.106,556.850,348.278
-169.133,556.972,348.344
-169.160,557.117,348.420
-169.187,557.250,348.486
-169.214,557.383,348.552
-169.232,557.516,348.618
-169.259,557.650,348.684
-169.286,557.783,348.761
-169.313,557.916,348.827
-169.340,558.050,348.893
-169.358,558.183,348.970
-169.385,558.316,349.036
-169.412,558.450,349.113
-169.439,558.583,349.178
-169.457,558.716,349.255
-169.484,558.849,349.321
-169.511,558.983,349.398
-169.538,559.116,349.464
-169.556,559.249,349.541
-169.583,559.394,349.618
-169.610,559.527,349.695
-169.627,559.660,349.772
-169.655,559.794,349.860
-169.682,559.927,349.937
-169.709,560.060,350.024
-169.726,560.193,350.101
-169.754,560.327,350.189
-169.771,560.471,350.266
-169.798,560.604,350.332
-169.816,560.738,350.409
-169.843,560.871,350.486
-169.861,561.004,350.563
-169.888,561.149,350.640
-169.905,561.282,350.717
-169.923,561.415,350.793
-169.950,561.559,350.881
-169.967,561.693,350.969
-169.994,561.826,351.068
-170.012,561.970,351.156
-170.030,562.103,351.255
-170.057,562.237,351.343
-170.074,562.381,351.442
-170.092,562.514,351.530
-170.109,562.648,351.617
-170.127,562.781,351.694
-170.144,562.925,351.782
-170.172,563.058,351.859
-170.189,563.192,351.936
-170.207,563.336,352.013
-170.224,563.469,352.079
-170.242,563.602,352.156
-170.259,563.747,352.222
-170.277,563.880,352.299
-170.294,564.013,352.375
-170.312,564.146,352.441
-170.330,564.291,352.518
-170.347,564.424,352.595
-170.365,564.557,352.672
-170.382,564.701,352.760
-170.390,564.834,352.848
-170.408,564.979,352.936
-170.425,565.112,353.024
-170.443,565.256,353.112
-170.460,565.401,353.210
-170.478,565.534,353.298
-170.495,565.678,353.397
-170.513,565.811,353.496
-170.530,565.956,353.584
-170.538,566.089,353.683
-170.556,566.233,353.771
-170.574,566.366,353.859
-170.591,566.511,353.936
-170.599,566.644,354.023
-170.607,566.777,354.111
-170.625,566.921,354.188
-170.633,567.054,354.265
-170.650,567.198,354.342
-170.658,567.332,354.419
-170.676,567.476,354.496
-170.684,567.609,354.584
-170.701,567.753,354.661
-170.709,567.886,354.749
-170.727,568.031,354.825
-170.735,568.175,354.913
-170.752,568.319,355.001
-170.760,568.452,355.089
-170.778,568.597,355.188
-170.786,568.741,355.276
-170.794,568.874,355.364
-170.802,569.018,355.452
-170.819,569.151,355.540
-170.827,569.296,355.616
-170.835,569.440,355.693
-170.843,569.573,355.770
-170.851,569.717,355.847
-170.859,569.850,355.913
-170.877,569.994,355.979
-170.885,570.139,356.045
-170.893,570.272,356.111
-170.901,570.416,356.166
-170.909,570.549,356.232
-170.917,570.693,356.298
-170.925,570.838,356.353
-170.933,570.971,356.418
-170.941,571.115,356.473
-170.949,571.259,356.528
-170.956,571.403,356.594
-170.965,571.536,356.649
-170.973,571.681,356.704
-170.980,571.825,356.748
-170.988,571.969,356.803
-170.996,572.102,356.847
-171.004,572.246,356.902
-171.012,572.390,356.935
-171.020,572.524,356.968
-171.028,572.668,357.001
-171.027,572.812,357.034
-171.035,572.945,357.056
-171.043,573.089,357.067
-171.051,573.233,357.078
-171.049,573.377,357.078
-171.057,573.511,357.089
-171.065,573.655,357.089
-171.073,573.788,357.078
-171.072,573.932,357.067
-171.080,574.076,357.056
-171.087,574.220,357.045
-171.096,574.353,357.023
-171.094,574.498,357.001
-171.102,574.642,356.979
-171.110,574.786,356.957
-171.118,574.919,356.924
-171.126,575.063,356.891
-171.134,575.207,356.858
-171.142,575.352,356.814
-171.140,575.496,356.770
-171.148,575.629,356.726
-171.156,575.773,356.671
-171.164,575.917,356.627
-171.172,576.061,356.583
-171.180,576.195,356.528
-171.179,576.339,356.484
-171.186,576.483,356.429
-171.195,576.616,356.385
-171.202,576.760,356.331
-171.210,576.904,356.276
-171.218,577.049,356.210
-171.226,577.182,356.155
-171.234,577.326,356.089
-171.242,577.470,356.034
-171.250,577.614,355.968
-171.258,577.747,355.902
-171.266,577.892,355.847
-171.274,578.036,355.781
-171.282,578.180,355.715
-171.290,578.313,355.660
-171.298,578.457,355.605
-171.306,578.601,355.540
-171.324,578.746,355.485
-171.331,578.890,355.419
-171.340,579.023,355.364
-171.347,579.167,355.298
-171.355,579.311,355.243
-171.373,579.456,355.188
-171.381,579.589,355.122
-171.389,579.733,355.067
-171.397,579.877,355.012
-171.414,580.022,354.946
-171.422,580.166,354.891
-171.430,580.299,354.836
-171.438,580.443,354.771
-171.456,580.587,354.716
-171.464,580.732,354.661
-171.481,580.876,354.595
-171.489,581.009,354.540
-171.497,581.153,354.485
-171.515,581.297,354.419
-171.523,581.442,354.364
-171.540,581.586,354.309
-171.548,581.730,354.254
-171.566,581.863,354.188
-171.574,582.008,354.133
-171.591,582.152,354.078
-171.599,582.296,354.012
-171.616,582.440,353.958
-171.624,582.573,353.892
-171.642,582.718,353.826
-171.650,582.862,353.760
-171.667,583.006,353.705
-171.675,583.150,353.639
-171.693,583.295,353.573
-171.710,583.428,353.507
-171.718,583.572,353.452
-171.736,583.717,353.386
-171.753,583.861,353.320
-171.771,584.005,353.254
-171.779,584.149,353.199
-171.796,584.283,353.134
-171.814,584.427,353.079
-171.831,584.571,353.013
-171.839,584.715,352.947
-171.857,584.860,352.892
-171.874,585.004,352.826
-171.892,585.137,352.760
-171.909,585.281,352.694
-171.927,585.426,352.628
-171.944,585.570,352.562
-171.962,585.714,352.496
-171.979,585.859,352.430
-171.997,586.003,352.365
-172.014,586.147,352.288
-172.032,586.280,352.222
-172.049,586.436,352.156
-172.067,586.569,352.079
-172.084,586.713,352.013
-172.102,586.858,351.936
-172.119,587.002,351.859
-172.137,587.146,351.782
-172.154,587.291,351.705
-172.171,587.435,351.639
-172.198,587.579,351.552
-172.216,587.713,351.475
-172.234,587.857,351.398
-172.251,588.001,351.310
-172.278,588.146,351.233
-172.295,588.290,351.145
-172.313,588.434,351.068
-172.330,588.578,350.980
-172.357,588.723,350.892
-172.375,588.856,350.804
-172.393,589.000,350.717
-172.420,589.145,350.618
-172.447,589.289,350.530
-172.464,589.445,350.442
-172.491,589.589,350.354
-172.508,589.733,350.266
-172.535,589.867,350.178
-172.553,590.011,350.090
-172.580,590.155,350.002
-172.597,590.300,349.915
-172.624,590.444,349.827
-172.642,590.588,349.728
-172.669,590.733,349.640
-172.696,590.877,349.541
-172.713,591.021,349.442
-172.740,591.166,349.343
-172.767,591.310,349.255
-172.794,591.455,349.156
-172.812,591.599,349.058
-172.839,591.732,348.959
-172.866,591.877,348.871
-172.893,592.021,348.772
-172.920,592.177,348.684
-172.947,592.321,348.585
-172.974,592.465,348.486
-173.001,592.610,348.387
-173.028,592.754,348.300
-173.055,592.899,348.201
-173.082,593.043,348.113
-173.109,593.187,348.014
-173.145,593.332,347.926
-173.173,593.476,347.838
-173.200,593.621,347.739
-173.227,593.765,347.651
-173.254,593.910,347.563
-173.290,594.054,347.465
-173.317,594.198,347.377
-173.344,594.343,347.289
-173.381,594.487,347.190
-173.408,594.632,347.091
-173.435,594.776,347.003
-173.471,594.921,346.904
-173.498,595.065,346.816
-173.535,595.210,346.718
-173.562,595.354,346.630
-173.598,595.499,346.531
-173.635,595.654,346.432
-173.662,595.799,346.344
-173.698,595.943,346.245
-173.725,596.087,346.157
-173.762,596.232,346.069
-173.798,596.377,345.981
-173.835,596.521,345.883
-173.862,596.665,345.795
-173.898,596.810,345.707
-173.935,596.954,345.619
-173.971,597.099,345.531
-173.998,597.243,345.443
-174.035,597.388,345.366
-174.072,597.532,345.278
-174.108,597.677,345.190
-174.145,597.821,345.114
-174.181,597.977,345.026
-174.218,598.122,344.949
-174.254,598.266,344.872
-174.291,598.411,344.795
-174.327,598.555,344.718
-174.373,598.700,344.652
-174.410,598.844,344.575
-174.446,598.989,344.498
-174.483,599.133,344.432
-174.519,599.278,344.355
-174.556,599.422,344.290
-174.592,599.567,344.213
-174.639,599.711,344.147
-174.675,599.856,344.081
-174.712,600.000,344.026
-174.748,600.145,343.960
-174.794,600.290,343.905
-174.831,600.434,343.850
-174.867,600.579,343.795
-174.913,600.723,343.740
-174.950,600.879,343.696
-174.986,601.023,343.641
-175.032,601.168,343.586
-175.069,601.312,343.542
-175.115,601.457,343.499
-175.152,601.602,343.444
-175.198,601.746,343.400
-175.234,601.891,343.356
-175.280,602.024,343.312
-175.317,602.169,343.279
-175.353,602.313,343.224
-175.400,602.458,343.180
-175.436,602.602,343.136
-175.482,602.747,343.092
-175.519,602.880,343.048
-175.565,603.025,343.004
-175.601,603.170,342.971
-175.647,603.314,342.927
-175.684,603.459,342.883
-175.730,603.592,342.839
-175.776,603.737,342.817
-175.813,603.892,342.784
-175.859,604.037,342.751
-175.905,604.182,342.708
-175.941,604.315,342.675
-175.988,604.460,342.642
-176.034,604.604,342.609
-176.070,604.749,342.576
-176.116,604.893,342.554
-176.162,605.027,342.521
-176.199,605.171,342.488
-176.245,605.316,342.455
-176.282,605.461,342.422
-176.328,605.605,342.389
-176.374,605.739,342.356
-176.410,605.883,342.323
-176.456,606.028,342.290
-176.503,606.161,342.257
-176.549,606.306,342.224
-176.585,606.451,342.191
-176.631,606.595,342.169
-176.677,606.740,342.147
-176.714,606.873,342.125
-176.760,607.018,342.103
-176.806,607.162,342.092
-176.852,607.307,342.081
-176.898,607.441,342.059
-176.935,607.585,342.048
-176.981,607.730,342.037
-177.027,607.863,342.037
-177.073,608.008,342.026
-177.110,608.152,342.026
-177.156,608.297,342.026
-177.202,608.431,342.026
-177.248,608.575,342.026
-177.294,608.720,342.037
-177.340,608.853,342.037
-177.377,608.998,342.048
-177.423,609.142,342.059
-177.469,609.276,342.070
-177.506,609.420,342.070
-177.552,609.565,342.081
-177.598,609.710,342.103
-177.644,609.854,342.114
-177.690,609.988,342.136
-177.727,610.132,342.147
-177.773,610.277,342.169
-177.819,610.411,342.191
-177.865,610.555,342.213
-177.911,610.700,342.235
-177.948,610.833,342.257
-177.994,610.978,342.279
-178.040,611.122,342.290
-178.086,611.267,342.312
-178.123,611.412,342.323
-178.169,611.545,342.345
-178.215,611.690,342.367
-178.261,611.834,342.389
-178.297,611.979,342.411
-178.344,612.112,342.444
-178.390,612.257,342.466
-178.436,612.413,342.488
-178.472,612.546,342.510
-178.518,612.691,342.532
-178.564,612.835,342.554
-178.610,612.980,342.565
-178.647,613.113,342.587
-178.693,613.258,342.598
-178.739,613.403,342.620
-178.785,613.547,342.631
-178.822,613.692,342.653
-178.868,613.836,342.675
-178.904,613.981,342.686
-178.951,614.114,342.708
-178.997,614.259,342.719
-179.033,614.404,342.740
-179.079,614.548,342.751
-179.125,614.693,342.762
-179.162,614.826,342.784
-179.208,614.971,342.795
-179.254,615.115,342.817
-179.291,615.260,342.828
-179.337,615.405,342.839
-179.383,615.549,342.850
-179.419,615.694,342.861
-179.466,615.827,342.872
-179.502,615.972,342.872
-179.548,616.116,342.872
-179.594,616.261,342.872
-179.631,616.394,342.872
-179.677,616.539,342.872
-179.714,616.684,342.861
-179.760,616.828,342.861
-179.796,616.973,342.850
-179.842,617.106,342.850
-179.879,617.251,342.839
-179.925,617.395,342.828
-179.971,617.540,342.817
-180.008,617.673,342.817
-180.054,617.818,342.806
-180.090,617.963,342.806
-180.136,618.107,342.795
-180.182,618.252,342.795
-180.219,618.396,342.784
-180.265,618.541,342.784
-180.311,618.686,342.784
-180.348,618.830,342.784
-180.394,618.964,342.773
-180.440,619.108,342.762
-180.476,619.253,342.762
-180.523,619.397,342.751
-180.559,619.531,342.740
-180.596,619.675,342.729
-180.642,619.820,342.719
-180.688,619.964,342.708
-180.725,620.098,342.697
-180.771,620.243,342.686
-180.817,620.387,342.675
-180.853,620.532,342.664
-180.899,620.676,342.653
-180.945,620.821,342.653
-180.982,620.965,342.642
-181.028,621.110,342.631
-181.074,621.244,342.620
-181.111,621.388,342.598
-181.157,621.533,342.587
-181.203,621.677,342.576
-181.239,621.822,342.565
-181.286,621.955,342.554
-181.332,622.100,342.543
-181.368,622.244,342.532
-181.414,622.389,342.521
-181.451,622.534,342.510
-181.497,622.667,342.499
-181.543,622.812,342.477
-181.589,622.956,342.466
-181.626,623.101,342.455
-181.672,623.246,342.433
-181.718,623.379,342.422
-181.754,623.524,342.411
-181.801,623.668,342.400
-181.847,623.813,342.389
-181.883,623.957,342.378
-181.929,624.102,342.367
-181.975,624.247,342.356
-182.021,624.380,342.345
-182.058,624.525,342.334
-182.104,624.669,342.323
-182.150,624.814,342.301
-182.196,624.947,342.290
-182.233,625.092,342.268
-182.279,625.236,342.257
-182.316,625.381,342.235
-182.362,625.515,342.224
-182.408,625.659,342.202
-182.444,625.804,342.191
-182.490,625.948,342.169
-182.537,626.082,342.158
-182.583,626.226,342.136
-182.629,626.371,342.125
-182.665,626.516,342.103
-182.711,626.660,342.092
-182.757,626.805,342.081
-182.804,626.938,342.070
-182.850,627.083,342.048
-182.886,627.227,342.037
-182.932,627.372,342.026
-182.978,627.517,342.015
-183.025,627.650,341.993
-183.071,627.795,341.982
-183.107,627.939,341.960
-183.153,628.073,341.949
-183.199,628.217,341.927
-183.245,628.362,341.917
-183.282,628.496,341.895
-183.328,628.640,341.873
-183.374,628.785,341.851
-183.420,628.918,341.840
-183.467,629.063,341.818
-183.503,629.207,341.807
-183.549,629.352,341.785
-183.595,629.497,341.774
-183.641,629.630,341.752
-183.687,629.775,341.741
-183.734,629.919,341.730
-183.780,630.064,341.708
-183.826,630.209,341.697
-183.872,630.342,341.686
-183.918,630.487,341.664
-183.954,630.631,341.653
-184.001,630.776,341.642
-184.047,630.909,341.631
-184.093,631.054,341.620
-184.139,631.199,341.598
-184.185,631.332,341.587
-184.231,631.477,341.576
-184.277,631.621,341.554
-184.314,631.755,341.543
-184.360,631.900,341.521
-184.406,632.044,341.510
-184.452,632.189,341.488
-184.498,632.322,341.477
-184.544,632.467,341.455
-184.590,632.612,341.444
-184.636,632.756,341.433
-184.683,632.890,341.411
-184.729,633.034,341.400
-184.775,633.179,341.389
-184.821,633.312,341.378
-184.867,633.457,341.367
-184.913,633.602,341.356
-184.950,633.746,341.334
-184.996,633.891,341.323
-185.042,634.024,341.312
-185.088,634.169,341.301
-185.134,634.314,341.290
-185.180,634.447,341.279
-185.226,634.592,341.268
-185.272,634.736,341.257
-185.319,634.870,341.235
-185.365,635.015,341.224
-185.411,635.159,341.213
-185.457,635.293,341.202
-185.503,635.437,341.191
-185.549,635.582,341.180
-185.595,635.727,341.169
-185.641,635.860,341.158
-185.687,636.005,341.158
-185.733,636.149,341.147
-185.780,636.283,341.136
-185.826,636.427,341.125
-185.872,636.572,341.115
-185.918,636.717,341.115
-185.964,636.850,341.093
-186.020,636.995,341.093
-186.066,637.140,341.082
-186.112,637.273,341.071
-186.158,637.418,341.060
-186.204,637.562,341.049
-186.250,637.696,341.038
-186.296,637.840,341.038
-186.342,637.985,341.027
-186.388,638.130,341.016
-186.435,638.263,341.005
-186.481,638.408,340.994
-186.527,638.552,340.983
-186.573,638.686,340.972
-186.619,638.831,340.961
-186.665,638.975,340.961
-186.711,639.109,340.950
-186.767,639.253,340.939
-186.813,639.398,340.939
-186.859,639.532,340.928
-186.905,639.676,340.917
-186.951,639.821,340.906
-186.998,639.954,340.895
-187.044,640.099,340.884
-187.090,640.244,340.873
-187.136,640.377,340.873
-187.182,640.522,340.862
-187.238,640.667,340.851
-187.284,640.800,340.851
-187.330,640.945,340.851
-187.376,641.089,340.840
-187.422,641.234,340.840
-187.468,641.367,340.829
-187.514,641.512,340.829
-187.560,641.657,340.829
-187.606,641.790,340.818
-187.662,641.935,340.818
-187.699,642.079,340.818
-187.754,642.224,340.818
-187.800,642.358,340.829
-187.846,642.502,340.829
-187.893,642.647,340.840
-187.939,642.780,340.851
-187.985,642.925,340.862
-188.031,643.059,340.862
-188.077,643.203,340.873
-188.133,643.348,340.884
-188.169,643.481,340.895
-188.215,643.626,340.906
-188.271,643.771,340.906
-188.317,643.904,340.928
-188.363,644.049,340.939
-188.409,644.194,340.950
-188.456,644.327,340.961
-188.502,644.472,340.983
-188.548,644.616,341.005
-188.594,644.750,341.016
-188.649,644.895,341.038
-188.696,645.039,341.060
-188.742,645.184,341.071
-188.788,645.317,341.093
-188.834,645.462,341.104
-188.880,645.607,341.125
-188.926,645.740,341.136
-188.972,645.885,341.158
-189.018,646.029,341.169
-189.064,646.174,341.191
-189.111,646.307,341.213
-189.157,646.452,341.224
-189.203,646.597,341.235
-189.249,646.730,341.246
-189.295,646.875,341.257
-189.341,647.019,341.268
-189.387,647.164,341.279
-189.433,647.298,341.290
-189.479,647.442,341.312
-189.525,647.587,341.323
-189.572,647.720,341.334
-189.618,647.865,341.345
-189.664,648.010,341.345
-189.710,648.154,341.356
-189.756,648.288,341.367
-189.802,648.432,341.378
-189.848,648.577,341.389
-189.894,648.711,341.389
-189.940,648.855,341.400
-189.986,649.000,341.411
-190.033,649.144,341.422
-190.079,649.278,341.422
-190.125,649.423,341.433
-190.171,649.567,341.444
-190.217,649.712,341.444
-190.263,649.845,341.455
-190.309,649.990,341.455
-190.355,650.135,341.466
-190.401,650.268,341.466
-190.448,650.413,341.466
-190.494,650.557,341.477
-190.540,650.691,341.477
-190.576,650.835,341.477
-190.622,650.980,341.488
-190.669,651.113,341.488
-190.715,651.258,341.488
-190.761,651.403,341.499
-190.807,651.536,341.499
-190.853,651.681,341.499
-190.899,651.826,341.499
-190.945,651.970,341.510
-190.991,652.104,341.510
-191.037,652.248,341.510
-191.083,652.393,341.521
-191.130,652.538,341.521
-191.176,652.671,341.532
-191.222,652.816,341.532
-191.268,652.960,341.543
-191.314,653.094,341.554
-191.351,653.238,341.565
-191.397,653.383,341.565
-191.443,653.528,341.576
-191.489,653.661,341.587
-191.535,653.806,341.587
-191.581,653.950,341.598
-191.627,654.095,341.609
-191.673,654.228,341.620
-191.719,654.373,341.642
-191.765,654.518,341.653
-191.812,654.651,341.664
-191.858,654.796,341.675
-191.894,654.940,341.697
-191.940,655.085,341.708
-191.987,655.219,341.719
-192.033,655.363,341.730
-192.079,655.508,341.741
-192.125,655.652,341.752
-192.171,655.786,341.774
-192.217,655.931,341.785
-192.263,656.075,341.807
-192.309,656.220,341.829
-192.355,656.364,341.851
-192.392,656.509,341.873
-192.438,656.654,341.895
-192.484,656.787,341.917
-192.530,656.932,341.927
-192.576,657.076,341.949
-192.622,657.221,341.960
-192.668,657.366,341.971
-192.714,657.499,341.982
-192.751,657.644,341.993
-192.797,657.777,342.004
-192.843,657.922,342.015
-192.880,658.066,342.026
-192.926,658.211,342.026
-192.972,658.344,342.037
-193.018,658.489,342.048
-193.064,658.634,342.059
-193.110,658.778,342.070
-193.147,658.923,342.070
-193.193,659.056,342.081
-193.239,659.201,342.092
-193.285,659.346,342.103
-193.331,659.490,342.114
-193.368,659.635,342.125
-193.414,659.768,342.136
-193.460,659.913,342.147
-193.506,660.057,342.147
-193.543,660.202,342.158
-193.589,660.335,342.158
-193.635,660.480,342.169
-193.671,660.625,342.169
-193.718,660.758,342.169
-193.764,660.903,342.180
-193.810,661.047,342.180
-193.856,661.192,342.191
-193.892,661.325,342.191
-193.939,661.470,342.202
-193.985,661.615,342.213
-194.031,661.759,342.213
-194.067,661.893,342.224
-194.113,662.037,342.224
-194.159,662.182,342.235
-194.196,662.326,342.235
-194.242,662.460,342.235
-194.288,662.605,342.246
-194.334,662.749,342.246
-194.371,662.894,342.257
-194.417,663.027,342.268
-194.463,663.172,342.268
-194.509,663.316,342.279
-194.546,663.461,342.279
-194.592,663.595,342.290
-194.638,663.739,342.290
-194.684,663.884,342.290
-194.721,664.028,342.301
-194.767,664.162,342.301
-194.813,664.306,342.312
-194.859,664.451,342.312
-194.896,664.596,342.323
-194.942,664.740,342.334
-194.988,664.874,342.345
-195.034,665.018,342.345
-195.070,665.163,342.356
-195.116,665.307,342.367
-195.163,665.452,342.378
-195.209,665.597,342.378
-195.245,665.730,342.389
-195.291,665.875,342.389
-195.337,666.019,342.400
-195.374,666.164,342.411
-195.420,666.297,342.422
-195.466,666.442,342.422
-195.503,666.587,342.433
-195.549,666.720,342.433
-195.595,666.865,342.444
-195.632,667.009,342.444
-195.678,667.154,342.444
-195.724,667.287,342.444
-195.760,667.432,342.444
-195.806,667.576,342.444
-195.852,667.721,342.444
-195.889,667.866,342.455
-195.935,668.010,342.455
-195.981,668.155,342.466
-196.027,668.288,342.466
-196.064,668.433,342.477
-196.110,668.577,342.477
-196.156,668.722,342.488
-196.202,668.867,342.499
-196.239,669.011,342.499
-196.285,669.156,342.510
-196.321,669.289,342.521
-196.367,669.434,342.521
-196.413,669.579,342.532
-196.460,669.723,342.543
-196.496,669.868,342.554
-196.542,670.001,342.565
-196.588,670.146,342.565
-196.625,670.290,342.576
-196.671,670.435,342.587
-196.708,670.568,342.587
-196.754,670.713,342.587
-196.800,670.858,342.587
-196.836,671.002,342.598
-196.882,671.136,342.598
-196.929,671.280,342.609
-196.965,671.425,342.609
-197.011,671.569,342.620
-197.057,671.714,342.631
-197.103,671.859,342.631
-197.140,672.003,342.642
-197.186,672.148,342.653
-197.232,672.292,342.664
-197.269,672.426,342.664
-197.315,672.570,342.664
-197.351,672.715,342.675
-197.397,672.860,342.675
-197.444,672.993,342.675
-197.480,673.138,342.675
-197.526,673.282,342.686
-197.563,673.416,342.686
-197.609,673.560,342.697
-197.655,673.705,342.697
-197.691,673.849,342.708
-197.738,673.994,342.708
-197.774,674.127,342.719
-197.820,674.272,342.729
-197.866,674.417,342.740
-197.903,674.561,342.751
-197.949,674.706,342.762
-197.995,674.850,342.773
-198.041,674.995,342.784
-198.078,675.140,342.806
-198.124,675.284,342.817
-198.170,675.429,342.828
-198.206,675.573,342.839
-198.252,675.707,342.850
-198.289,675.851,342.850
-198.335,675.996,342.839
-198.372,676.129,342.850
-198.408,676.274,342.839
-198.454,676.407,342.828
-198.491,676.552,342.817
-198.537,676.697,342.806
-198.574,676.841,342.795
-198.620,676.975,342.795
-198.666,677.119,342.784
-198.702,677.264,342.784
-198.748,677.408,342.773
-198.795,677.553,342.773
-198.841,677.698,342.773
-198.877,677.842,342.784
-198.923,677.987,342.795
-198.969,678.131,342.806
-199.006,678.265,342.806
-199.052,678.409,342.806
-199.098,678.554,342.817
-199.135,678.699,342.817
-199.181,678.843,342.817
-199.217,678.988,342.817
-199.263,679.121,342.806
-199.310,679.266,342.806
-199.346,679.410,342.795
-199.392,679.555,342.795
-199.429,679.699,342.795
-199.475,679.833,342.784
-199.521,679.978,342.784
-199.557,680.122,342.784
-199.604,680.267,342.784
-199.650,680.411,342.784
-199.686,680.545,342.773
-199.732,680.689,342.773
-199.769,680.834,342.762
-199.815,680.979,342.751
-199.861,681.123,342.740
-199.898,681.268,342.729
-199.944,681.401,342.719
-199.990,681.546,342.719
-200.026,681.690,342.708
-200.072,681.835,342.697
-200.109,681.979,342.697
-200.155,682.113,342.686
-200.201,682.258,342.675
-200.238,682.402,342.664
-200.284,682.547,342.653
-200.320,682.680,342.642
-200.367,682.825,342.631
-200.413,682.969,342.620
-200.449,683.114,342.609
-200.495,683.259,342.598
-200.541,683.403,342.598
-200.587,683.537,342.587
-200.624,683.681,342.587
-200.670,683.826,342.587
-200.716,683.970,342.576
-200.753,684.115,342.576
-200.799,684.248,342.565
-200.845,684.393,342.565
-200.881,684.538,342.554
-200.928,684.682,342.554
-200.974,684.816,342.554
-201.010,684.960,342.543
-201.056,685.105,342.532
-201.102,685.249,342.532
-201.139,685.394,342.532
-201.185,685.528,342.521
-201.222,685.672,342.510
-201.268,685.817,342.499
-201.314,685.961,342.499
-201.350,686.095,342.488
-201.397,686.239,342.477
-201.443,686.384,342.477
-201.479,686.528,342.466
-201.525,686.673,342.455
-201.571,686.807,342.455
-201.617,686.951,342.444
-201.654,687.096,342.444
-201.700,687.240,342.433
-201.746,687.385,342.433
-201.783,687.529,342.422
-201.829,687.663,342.422
-201.875,687.808,342.411
-201.921,687.952,342.411
-201.958,688.097,342.400
-202.004,688.241,342.400
-202.050,688.375,342.400
-202.086,688.519,342.389
-202.132,688.664,342.389
-202.179,688.809,342.378
-202.215,688.942,342.367
-202.261,689.087,342.367
-202.307,689.231,342.356
-202.353,689.376,342.345
-202.390,689.520,342.345
-202.436,689.654,342.334
-202.482,689.799,342.323
-202.519,689.943,342.323
-202.565,690.088,342.312
-202.611,690.232,342.312
-202.657,690.366,342.301
-202.703,690.510,342.290
-202.740,690.655,342.290
-202.786,690.800,342.279
-202.832,690.933,342.268
-202.868,691.078,342.246
-202.915,691.222,342.235
-202.961,691.367,342.224
-202.997,691.500,342.202
-203.043,691.645,342.191
-203.089,691.790,342.180
-203.135,691.934,342.158
-203.172,692.068,342.147
-203.218,692.212,342.136
-203.264,692.357,342.114
-203.310,692.501,342.103
-203.347,692.635,342.092
-203.393,692.780,342.081
-203.439,692.924,342.070
-203.485,693.069,342.059
-203.531,693.213,342.048
-203.577,693.358,342.037
-203.614,693.491,342.026
-203.660,693.636,342.026
-203.706,693.781,342.015
-203.752,693.925,342.004
-203.798,694.070,342.004
-203.844,694.215,341.993
-203.891,694.348,341.993
-203.927,694.493,341.982
-203.973,694.637,341.982
-204.019,694.771,341.971
-204.065,694.915,341.960
-204.102,695.060,341.949
-204.148,695.193,341.949
-204.194,695.338,341.938
-204.240,695.483,341.927
-204.286,695.627,341.917
-204.323,695.761,341.906
-204.369,695.905,341.895
-204.415,696.050,341.884
-204.461,696.194,341.873
-204.507,696.328,341.862
-204.544,696.473,341.851
-204.590,696.617,341.840
-204.636,696.762,341.829
-204.682,696.895,341.829
-204.728,697.040,341.818
-204.774,697.185,341.807
-204.811,697.329,341.807
-204.857,697.463,341.796
-204.903,697.607,341.796
-204.949,697.752,341.785
-204.995,697.896,341.785
-205.041,698.041,341.774
-205.088,698.175,341.763
-205.134,698.319,341.763
-205.170,698.464,341.752
-205.216,698.608,341.752
-205.262,698.742,341.741
-205.309,698.886,341.741
-205.355,699.020,341.730
-205.401,699.165,341.730
-205.447,699.309,341.730
-205.493,699.454,341.719
-205.539,699.587,341.719
-205.576,699.732,341.719
-205.622,699.877,341.719
-205.668,700.021,341.719
-205.714,700.155,341.719
-205.760,700.299,341.719
-205.806,700.444,341.719
-205.852,700.589,341.719
-205.898,700.733,341.719
-205.944,700.878,341.730
-205.990,701.022,341.730
-206.037,701.156,341.719
-206.083,701.301,341.719
-206.129,701.445,341.719
-206.165,701.590,341.708
-206.211,701.723,341.708
-206.258,701.868,341.708
-206.304,702.012,341.697
-206.350,702.157,341.686
-206.386,702.302,341.686
-206.432,702.435,341.675
-206.478,702.580,341.664
-206.525,702.724,341.653
-206.571,702.869,341.653
-206.617,703.003,341.642
-206.663,703.147,341.642
-206.699,703.292,341.631
-206.745,703.436,341.631
-206.792,703.570,341.631
-206.838,703.714,341.631
-206.884,703.859,341.631
-206.930,703.993,341.631
-206.976,704.137,341.642
-207.022,704.282,341.642
-207.059,704.415,341.642
-207.105,704.560,341.642
-207.161,704.693,341.631
-207.197,704.838,341.631
-207.243,704.983,341.631
-207.289,705.116,341.620
-207.335,705.261,341.620
-207.382,705.405,341.620
-207.428,705.539,341.620
-207.474,705.684,341.620
-207.520,705.828,341.631
-207.566,705.973,341.631
-207.612,706.117,341.631
-207.658,706.262,341.631
-207.704,706.396,341.631
-207.750,706.540,341.631
-207.796,706.685,341.631
-207.842,706.829,341.631
-207.889,706.974,341.631
-207.935,707.108,341.631
-207.971,707.252,341.631
-208.017,707.386,341.631
-208.064,707.530,341.631
-208.110,707.664,341.620
-208.156,707.808,341.620
-208.192,707.942,341.609
-208.239,708.086,341.609
-208.285,708.231,341.598
-208.331,708.365,341.598
-208.377,708.509,341.587
-208.423,708.654,341.587
-208.469,708.798,341.587
-208.515,708.943,341.576
-208.561,709.088,341.587
-208.607,709.221,341.576
-208.653,709.366,341.576
-208.699,709.510,341.576
-208.746,709.655,341.576
-208.792,709.789,341.576
-208.838,709.933,341.576
-208.884,710.078,341.576
-208.930,710.211,341.576
-208.976,710.356,341.576
-209.022,710.501,341.576
-209.068,710.645,341.576
-209.105,710.779,341.565
-209.151,710.923,341.565
-209.197,711.068,341.565
-209.243,711.201,341.554
-209.289,711.346,341.554
-209.335,711.491,341.543
-209.382,711.624,341.543
-209.428,711.769,341.532
-209.474,711.913,341.532
-209.520,712.058,341.532
-209.566,712.192,341.532
-209.612,712.336,341.532
-209.658,712.481,341.532
-209.695,712.625,341.532
-209.741,712.759,341.532
-209.787,712.903,341.532
-209.833,713.048,341.532
-209.879,713.193,341.521
-209.925,713.337,341.521
-209.971,713.471,341.521
-210.017,713.615,341.521
-210.063,713.760,341.521
-210.110,713.905,341.521
-210.156,714.038,341.521
-210.202,714.183,341.521
-210.248,714.327,341.521
-210.294,714.461,341.510
-210.340,714.606,341.510
-210.386,714.750,341.510
-210.432,714.884,341.499
-210.478,715.028,341.499
-210.515,715.173,341.499
-210.561,715.317,341.488
-210.607,715.451,341.488
-210.653,715.596,341.488
-210.699,715.740,341.488
-210.745,715.885,341.488
-210.792,716.018,341.488
-210.838,716.163,341.488
-210.884,716.308,341.488
-210.930,716.441,341.488
-210.976,716.586,341.477
-211.022,716.730,341.477
-211.068,716.875,341.477
-211.114,717.009,341.488
-211.160,717.153,341.477
-211.207,717.298,341.488
-211.253,717.431,341.488
-211.299,717.576,341.488
-211.345,717.721,341.488
-211.391,717.865,341.488
-211.437,717.999,341.477
-211.483,718.143,341.477
-211.529,718.288,341.477
-211.575,718.433,341.477
-211.612,718.566,341.477
-211.668,718.711,341.477
-211.704,718.855,341.477
-211.750,718.989,341.466
-211.796,719.133,341.466
-211.842,719.278,341.466
-211.889,719.412,341.466
-211.935,719.556,341.466
-211.981,719.701,341.466
-212.027,719.845,341.455
-212.073,719.979,341.466
-212.119,720.124,341.466
-212.165,720.268,341.466
-212.211,720.413,341.466
-212.257,720.557,341.477
-212.303,720.691,341.488
-212.350,720.836,341.499
-212.396,720.980,341.510
-212.442,721.125,341.510
-212.488,721.258,341.521
-212.534,721.403,341.532
-212.580,721.548,341.543
-212.626,721.692,341.554
-212.672,721.826,341.565
-212.709,721.970,341.576
-212.755,722.115,341.587
-212.801,722.259,341.587
-212.847,722.393,341.598
-212.893,722.538,341.609
-212.939,722.682,341.620
-212.985,722.816,341.631
-213.032,722.960,341.642
-213.078,723.105,341.653
-213.124,723.250,341.664
-213.170,723.383,341.675
-213.216,723.528,341.686
-213.252,723.672,341.697
-213.299,723.817,341.708
-213.345,723.950,341.719
-213.391,724.095,341.730
-213.437,724.240,341.752
-213.483,724.384,341.763
-213.529,724.518,341.774
-213.575,724.662,341.785
-213.621,724.807,341.796
-213.667,724.941,341.807
-213.714,725.085,341.829
-213.750,725.230,341.829
-213.796,725.374,341.840
-213.842,725.508,341.851
-213.888,725.652,341.862
-213.934,725.797,341.873
-213.981,725.931,341.884
-214.027,726.075,341.895
-214.073,726.220,341.906
-214.109,726.353,341.917
-214.156,726.498,341.927
-214.202,726.643,341.938
-214.248,726.787,341.949
-214.294,726.921,341.949
-214.330,727.065,341.960
-214.376,727.210,341.971
-214.423,727.354,341.982
-214.469,727.488,341.993
-214.515,727.633,342.004
-214.561,727.777,342.015
-214.598,727.911,342.026
-214.644,728.055,342.037
-214.690,728.200,342.048
-214.736,728.344,342.059
-214.782,728.478,342.059
-214.818,728.623,342.070
-214.865,728.767,342.081
-214.911,728.912,342.081
-214.957,729.045,342.092
-215.003,729.190,342.103
-215.039,729.334,342.114
-215.085,729.479,342.114
-215.132,729.613,342.125
-215.178,729.757,342.136
-215.214,729.902,342.136
-215.260,730.046,342.147
-215.307,730.180,342.158
-215.353,730.324,342.158
-215.399,730.469,342.169
-215.435,730.614,342.180
-215.481,730.758,342.180
-215.527,730.892,342.191
-215.574,731.036,342.202
-215.620,731.181,342.213
-215.656,731.325,342.224
-215.702,731.470,342.235
-215.748,731.604,342.246
-215.794,731.748,342.246
-215.831,731.893,342.257
-215.877,732.037,342.268
-215.923,732.182,342.279
-215.969,732.316,342.290
-216.006,732.460,342.301
-216.052,732.605,342.312
-216.098,732.749,342.323
-216.144,732.894,342.323
-216.190,733.027,342.334
-216.227,733.172,342.345
-216.273,733.317,342.356
-216.319,733.461,342.356
-216.356,733.595,342.367
-216.402,733.739,342.367
-216.448,733.884,342.378
-216.494,734.028,342.389
-216.530,734.173,342.400
-216.577,734.307,342.411
-216.623,734.451,342.422
-216.669,734.596,342.433
-216.705,734.740,342.444
-216.751,734.885,342.455
-216.797,735.018,342.466
-216.844,735.163,342.477
-216.926,735.452,342.488
-216.972,735.597,342.499
-217.009,735.730,342.510
-217.055,735.875,342.521
-217.101,736.019,342.532
-217.138,736.164,342.543
-217.184,736.309,342.554
-217.230,736.442,342.565
-217.266,736.587,342.576
-217.312,736.731,342.587
-217.358,736.876,342.587
-217.395,737.020,342.598
-217.441,737.154,342.609
-217.487,737.299,342.620
-217.524,737.443,342.631
-217.570,737.588,342.642
-217.616,737.732,342.653
-217.653,737.866,342.664
-217.699,738.010,342.664
-217.745,738.155,342.675
-217.781,738.299,342.686
-217.827,738.433,342.697
-217.864,738.577,342.697
-217.910,738.722,342.708
-217.956,738.867,342.719
-217.993,739.011,342.719
-218.039,739.145,342.729
-218.085,739.289,342.740
-218.122,739.434,342.751
-218.168,739.579,342.751
-218.204,739.723,342.762
-218.250,739.857,342.773
-218.296,740.001,342.773
-218.333,740.146,342.784
-218.379,740.290,342.784
-218.416,740.435,342.795
-218.462,740.568,342.795
-218.508,740.713,342.795
-218.544,740.857,342.806
-218.590,741.002,342.817
-218.627,741.147,342.817
-218.673,741.280,342.828
-218.719,741.425,342.828
-218.756,741.569,342.839
-218.802,741.714,342.839
-218.848,741.859,342.839
-218.884,742.003,342.850
-218.930,742.148,342.850
-218.967,742.281,342.861
-219.013,742.426,342.861
-219.059,742.570,342.861
-219.096,742.715,342.872
-219.142,742.859,342.872
-219.188,742.993,342.883
-219.225,743.137,342.883
-219.271,743.282,342.894
-219.307,743.427,342.894
-219.353,743.571,342.894
-219.390,743.716,342.894
-219.436,743.849,342.894
-219.473,743.994,342.894
-219.519,744.138,342.894
-219.565,744.283,342.905
-219.601,744.428,342.905
-219.647,744.561,342.905
-219.684,744.706,342.905
-219.730,744.850,342.916
-219.776,744.995,342.916
-219.813,745.139,342.927
-219.859,745.284,342.927
-219.895,745.428,342.927
-219.941,745.562,342.927
-219.978,745.707,342.938
-220.024,745.851,342.938
-220.070,745.996,342.938
-220.107,746.140,342.938
-220.153,746.285,342.949
-220.189,746.429,342.949
-220.235,746.563,342.960
-220.272,746.707,342.960
-220.318,746.852,342.971
-220.364,746.997,342.971
-220.401,747.141,342.971
-220.447,747.275,342.971
-220.483,747.419,342.971
-220.529,747.564,342.971
-220.566,747.708,342.971
-220.612,747.842,342.971
-220.649,747.986,342.971
-220.695,748.131,342.971
-220.741,748.276,342.971
-220.777,748.420,342.971
-220.823,748.565,342.971
-220.860,748.709,342.982
-220.906,748.843,342.982
-220.952,748.987,342.982
-220.989,749.132,342.982
-221.035,749.277,342.982
-221.071,749.421,342.982
-221.118,749.555,342.982
-221.154,749.699,342.993
-221.200,749.844,342.993
-221.246,749.988,342.993
-221.283,750.133,342.982
-221.329,750.266,342.982
-221.366,750.411,342.982
-221.412,750.556,342.971
-221.448,750.700,342.960
-221.494,750.845,342.949
-221.531,750.989,342.949
-221.577,751.123,342.938
-221.613,751.267,342.927
-221.660,751.412,342.916
-221.706,751.556,342.905
-221.752,751.701,342.894
-221.788,751.846,342.883
-221.834,751.990,342.861
-221.871,752.135,342.850
-221.917,752.279,342.828
-221.953,752.424,342.806
-222.000,752.557,342.773
-222.046,752.702,342.751
-222.082,752.847,342.729
-222.128,752.980,342.708
-222.165,753.125,342.675
-222.211,753.269,342.653
-222.248,753.414,342.620
-222.294,753.547,342.587
-222.340,753.692,342.554
-222.376,753.836,342.532
-222.422,753.981,342.499
-222.459,754.125,342.455
-222.505,754.259,342.422
-222.551,754.415,342.389
-222.597,754.548,342.356
-222.634,754.693,342.323
-222.680,754.837,342.290
-222.726,754.982,342.257
-222.772,755.127,342.224
-222.809,755.271,342.191
-222.855,755.405,342.158
-222.901,755.549,342.136
-222.937,755.694,342.092
-222.984,755.827,342.059
-223.030,755.972,342.026
-223.076,756.117,341.993
-223.112,756.261,341.960
-223.158,756.395,341.927
-223.204,756.539,341.895
-223.251,756.684,341.862
-223.287,756.817,341.829
-223.333,756.962,341.796
-223.379,757.107,341.763
-223.425,757.251,341.741
-223.471,757.396,341.708
-223.518,757.529,341.675
-223.564,757.674,341.653
-223.610,757.819,341.620
-223.646,757.963,341.598
-223.692,758.108,341.576
-223.739,758.241,341.554
-223.785,758.386,341.532
-223.831,758.530,341.499
-223.877,758.664,341.477
-223.923,758.809,341.466
-223.969,758.953,341.444
-224.015,759.098,341.422
-224.061,759.231,341.400
-224.107,759.376,341.378
-224.153,759.521,341.356
-224.200,759.654,341.334
-224.236,759.799,341.312
-224.282,759.943,341.301
-224.328,760.077,341.279
-224.375,760.221,341.268
-224.421,760.366,341.268
-224.467,760.500,341.257
-224.513,760.644,341.257
-224.559,760.789,341.257
-224.605,760.933,341.257
-224.651,761.067,341.268
-224.697,761.212,341.279
-224.753,761.356,341.279
-224.799,761.501,341.301
-224.845,761.634,341.312
-224.891,761.779,341.323
-224.937,761.924,341.345
-224.983,762.057,341.356
-225.029,762.202,341.367
-225.076,762.346,341.389
-225.122,762.491,341.400
-225.168,762.625,341.411
-225.204,762.769,341.422
-225.251,762.903,341.433
-225.297,763.047,341.444
-225.343,763.192,341.455
-225.389,763.325,341.477
-225.435,763.470,341.488
-225.481,763.615,341.499
-225.527,763.748,341.510
-225.573,763.893,341.521
-225.619,764.037,341.532
-225.665,764.182,341.543
-225.711,764.327,341.554
-225.758,764.460,341.565
-225.804,764.605,341.576
-225.850,764.749,341.576
-225.896,764.883,341.587
-225.942,765.028,341.598
-225.988,765.172,341.598
-226.034,765.317,341.609
-226.080,765.450,341.609
-226.126,765.595,341.609
-226.173,765.740,341.620
-226.209,765.873,341.620
-226.255,766.018,341.620
-226.301,766.162,341.620
-226.348,766.296,341.620
-226.394,766.440,341.620
-226.440,766.585,341.620
-226.486,766.730,341.620
-226.532,766.863,341.620
-226.578,767.008,341.620
-226.624,767.152,341.620
-226.670,767.297,341.620
-226.716,767.442,341.631
-226.762,767.575,341.620
-226.808,767.720,341.620
-226.845,767.864,341.620
-226.891,767.998,341.620
-226.937,768.142,341.620
-226.983,768.287,341.609
-227.029,768.432,341.609
-227.076,768.565,341.609
-227.122,768.710,341.609
-227.168,768.854,341.609
-227.204,768.999,341.609
-227.250,769.132,341.598
-227.297,769.277,341.598
-227.343,769.422,341.598
-227.389,769.566,341.598
-227.435,769.700,341.598
-227.481,769.844,341.598
-227.527,769.989,341.598
-227.573,770.134,341.609
-227.619,770.278,341.598
-227.665,770.412,341.609
-227.711,770.556,341.598
-227.757,770.701,341.598
-227.804,770.846,341.598
-227.850,770.979,341.598
-227.886,771.124,341.598
-227.932,771.268,341.587
-227.978,771.413,341.587
-228.025,771.547,341.587
-228.071,771.691,341.587
-228.117,771.836,341.598
-228.163,771.980,341.598
-228.209,772.114,341.598
-228.255,772.259,341.598
-228.301,772.403,341.598
-228.347,772.537,341.598
-228.384,772.681,341.598
-228.430,772.826,341.598
-228.476,772.970,341.598
-228.522,773.104,341.609
-228.568,773.249,341.609
-228.614,773.393,341.620
-228.660,773.527,341.620
-228.707,773.671,341.631
-228.753,773.816,341.642
-228.789,773.949,341.653
-228.845,774.094,341.664
-228.891,774.239,341.675
-228.927,774.383,341.686
-228.974,774.528,341.708
-229.020,774.672,341.719
-229.066,774.806,341.730
-229.112,774.951,341.752
-229.158,775.095,341.774
-229.204,775.240,341.796
-229.250,775.373,341.818
-229.296,775.518,341.829
-229.342,775.663,341.851
-229.379,775.796,341.873
-229.425,775.941,341.884
-229.471,776.085,341.895
-229.517,776.230,341.917
-229.563,776.363,341.927
-229.609,776.508,341.938
-229.646,776.653,341.960
-229.692,776.786,341.971
-229.738,776.931,341.982
-229.784,777.075,342.004
-229.830,777.220,342.015
-229.877,777.354,342.026
-229.913,777.498,342.048
-229.959,777.643,342.059
-230.005,777.787,342.070
-230.051,777.921,342.081
-230.098,778.065,342.092
-230.134,778.210,342.103
-230.180,778.355,342.125
-230.226,778.499,342.136
-230.272,778.633,342.147
-230.318,778.777,342.158
-230.365,778.922,342.180
-230.401,779.066,342.191
-230.447,779.200,342.202
-230.493,779.345,342.213
-230.539,779.489,342.224
-230.576,779.634,342.235
-230.622,779.767,342.246
-230.668,779.912,342.257
-230.714,780.056,342.257
-230.751,780.201,342.268
-230.797,780.335,342.279
-230.843,780.479,342.290
-230.889,780.624,342.301
-230.926,780.768,342.312
-230.972,780.902,342.312
-231.018,781.046,342.323
-231.054,781.191,342.323
-231.101,781.336,342.334
-231.147,781.480,342.345
-231.193,781.614,342.345
-231.229,781.758,342.356
-231.275,781.903,342.356
-231.321,782.047,342.367
-231.358,782.181,342.378
-231.404,782.326,342.389
-231.450,782.470,342.389
-231.487,782.615,342.400
-231.533,782.759,342.400
-231.579,782.893,342.411
-231.625,783.037,342.411
-231.662,783.182,342.422
-231.708,783.327,342.433
-231.754,783.460,342.433
-231.790,783.605,342.444
-231.837,783.749,342.455
-231.883,783.894,342.466
-231.929,784.038,342.466
-231.965,784.172,342.477
-232.011,784.316,342.488
-232.057,784.461,342.488
-232.094,784.606,342.499
-232.140,784.750,342.499
-232.186,784.884,342.510
-232.223,785.028,342.510
-232.269,785.173,342.510
-232.315,785.318,342.521
-232.361,785.451,342.521
-232.398,785.596,342.532
-232.444,785.740,342.532
-232.490,785.885,342.543
-232.526,786.029,342.543
-232.573,786.163,342.543
-232.619,786.307,342.554
-232.655,786.452,342.554
-232.701,786.597,342.565
-232.747,786.741,342.565
-232.784,786.886,342.576
-232.830,787.019,342.576
-232.876,787.164,342.587
-232.913,787.308,342.598
-232.959,787.453,342.598
-233.005,787.598,342.609
-233.041,787.731,342.609
-233.087,787.876,342.609
-233.134,788.020,342.609
-233.170,788.165,342.609
-233.216,788.309,342.609
-233.262,788.443,342.609
-233.299,788.587,342.609
-233.345,788.732,342.620
-233.391,788.877,342.620
-233.428,789.021,342.620
-233.474,789.155,342.631
-233.520,789.299,342.631
-233.556,789.444,342.631
-233.602,789.588,342.631
-233.639,789.733,342.642
-233.685,789.878,342.642
-233.731,790.022,342.653
-233.777,790.156,342.653
-233.814,790.300,342.653
-233.860,790.445,342.664
-233.896,790.589,342.664
-233.942,790.734,342.675
-233.989,790.868,342.675
-234.025,791.012,342.675
-234.071,791.157,342.675
-234.117,791.301,342.675
-234.154,791.446,342.675
-234.200,791.590,342.675
-234.246,791.724,342.675
-234.283,791.868,342.675
-234.329,792.013,342.675
-234.375,792.158,342.686
-234.411,792.302,342.686
-234.457,792.447,342.686
-234.494,792.580,342.686
-234.540,792.725,342.686
-234.586,792.870,342.675
-234.623,793.014,342.675
-234.669,793.148,342.664
-234.705,793.292,342.664
-234.752,793.437,342.664
-234.798,793.581,342.653
-234.834,793.715,342.653
-234.880,793.859,342.642
-234.926,794.004,342.642
-234.963,794.148,342.642
-235.009,794.282,342.631
-235.055,794.427,342.631
-235.092,794.571,342.631
-235.138,794.716,342.631
-235.184,794.860,342.631
-235.220,795.005,342.631
-235.267,795.138,342.620
-235.313,795.283,342.620
-235.359,795.428,342.620
-235.395,795.572,342.620
-235.441,795.706,342.620
-235.488,795.850,342.620
-235.524,795.995,342.620
-235.570,796.139,342.620
-235.607,796.273,342.620
-235.653,796.418,342.620
-235.699,796.562,342.609
-235.735,796.707,342.598
-235.782,796.851,342.587
-235.828,796.985,342.587
-235.864,797.129,342.576
-235.910,797.274,342.576
-235.956,797.419,342.565
-235.993,797.563,342.565
-236.039,797.708,342.565
-236.085,797.841,342.565
-236.122,797.986,342.554
-236.168,798.130,342.554
-236.214,798.275,342.554
-236.250,798.419,342.543
-236.296,798.564,342.532
-236.343,798.698,342.532
-236.379,798.842,342.521
-236.425,798.987,342.510
-236.471,799.131,342.510
-236.508,799.276,342.499
-236.554,799.409,342.488
-236.600,799.554,342.477
-236.637,799.699,342.466
-236.683,799.843,342.455
-236.729,799.977,342.444
-236.765,800.121,342.422
-236.812,800.266,342.411
-236.858,800.410,342.389
-236.894,800.555,342.378
-236.940,800.688,342.356
-236.986,800.833,342.345
-237.032,800.978,342.323
-237.079,801.122,342.312
-237.115,801.267,342.301
-237.161,801.400,342.279
-237.207,801.545,342.268
-237.244,801.690,342.246
-237.290,801.834,342.235
-237.336,801.979,342.213
-237.382,802.112,342.191
-237.419,802.257,342.169
-237.465,802.401,342.158
-237.511,802.546,342.136
-237.557,802.691,342.114
-237.594,802.824,342.092
-237.640,802.969,342.070
-237.686,803.113,342.048
-237.732,803.258,342.037
-237.778,803.403,342.015
-237.815,803.536,341.993
-237.861,803.681,341.971
-237.907,803.825,341.949
-237.953,803.970,341.927
-237.999,804.103,341.917
-238.045,804.248,341.895
-238.082,804.393,341.873
-238.128,804.537,341.851
-238.174,804.671,341.829
-238.220,804.815,341.807
-238.266,804.960,341.785
-238.312,805.105,341.763
-238.349,805.238,341.752
-238.395,805.383,341.730
-238.441,805.527,341.708
-238.487,805.672,341.697
-238.533,805.805,341.675
-238.579,805.950,341.653
-238.625,806.095,341.642
-238.671,806.239,341.631
-238.717,806.373,341.609
-238.754,806.517,341.598
-238.800,806.662,341.587
-238.846,806.806,341.576
-238.892,806.940,341.565
-238.938,807.085,341.554
-238.984,807.229,341.532
-239.031,807.363,341.521
-239.077,807.507,341.510
-239.123,807.652,341.488
-239.169,807.797,341.477
-239.215,807.930,341.466
-239.261,808.075,341.444
-239.307,808.219,341.433
-239.353,808.353,341.422
-239.399,808.498,341.411
-239.446,808.642,341.400
-239.492,808.787,341.378
-239.538,808.920,341.367
-239.584,809.065,341.356
-239.630,809.210,341.334
-239.666,809.354,341.323
-239.713,809.488,341.312
-239.759,809.632,341.290
-239.805,809.777,341.279
-239.851,809.910,341.268
-239.897,810.055,341.246
-239.943,810.200,341.235
-239.989,810.344,341.224
-240.035,810.478,341.202
-240.081,810.622,341.191
-240.127,810.767,341.180
-240.174,810.901,341.169
-240.220,811.045,341.147
-240.266,811.179,341.136
-240.312,811.323,341.125
-240.358,811.468,341.104
-240.414,811.613,341.093
-240.460,811.746,341.082
-240.506,811.891,341.071
-240.552,812.035,341.071
-240.598,812.169,341.060
-240.644,812.314,341.060
-240.690,812.458,341.049
-240.737,812.592,341.049
-240.783,812.736,341.049
-240.829,812.881,341.049
-240.875,813.014,341.049
-240.921,813.159,341.049
-240.967,813.304,341.049
-241.013,813.437,341.060
-241.059,813.582,341.060
-241.115,813.727,341.071
-241.161,813.860,341.071
-241.207,814.005,341.082
-241.253,814.138,341.093
-241.299,814.283,341.104
-241.345,814.428,341.104
-241.392,814.561,341.115
-241.438,814.706,341.125
-241.484,814.850,341.136
-241.530,814.995,341.147
-241.576,815.128,341.158
-241.622,815.273,341.169
-241.668,815.418,341.191
-241.714,815.551,341.202
-241.760,815.696,341.213
-241.806,815.840,341.235
-241.853,815.985,341.246
-241.908,816.119,341.257
-241.954,816.263,341.279
-242.000,816.408,341.290
-242.047,816.541,341.301
-242.093,816.686,341.312
-242.139,816.831,341.323
-242.185,816.975,341.334
-242.231,817.109,341.345
-242.277,817.253,341.356
-242.323,817.398,341.367
-242.369,817.543,341.378
-242.415,817.676,341.378
-242.461,817.821,341.389
-242.508,817.965,341.400
-242.554,818.099,341.411
-242.600,818.244,341.422
-242.646,818.388,341.433
-242.692,818.533,341.444
-242.738,818.666,341.444
-242.784,818.811,341.455
-242.830,818.956,341.455
-242.867,819.100,341.466
-242.913,819.234,341.477
-242.959,819.378,341.477
-243.005,819.523,341.488
-243.051,819.656,341.499
-243.097,819.801,341.499
-243.143,819.946,341.510
-243.190,820.090,341.521
-243.236,820.224,341.521
-243.282,820.368,341.532
-243.328,820.513,341.543
-243.374,820.647,341.543
-243.420,820.791,341.554
-243.466,820.936,341.554
-243.512,821.080,341.565
-243.558,821.214,341.576
-243.595,821.358,341.576
-243.641,821.503,341.587
-243.687,821.637,341.587
-243.733,821.781,341.598
-243.779,821.926,341.598
-243.825,822.070,341.609
-243.872,822.204,341.609
-243.918,822.349,341.620
-243.964,822.493,341.620
-244.010,822.627,341.631
-244.056,822.771,341.631
-244.102,822.916,341.642
-244.148,823.061,341.642
-244.194,823.194,341.653
-244.231,823.339,341.653
-244.277,823.483,341.653
-244.323,823.628,341.664
-244.369,823.761,341.664
-244.415,823.906,341.675
-244.461,824.051,341.675
-244.507,824.195,341.686
-244.554,824.329,341.686
-244.600,824.473,341.697
-244.636,824.618,341.697
-244.682,824.763,341.708
-244.728,824.896,341.708
-244.775,825.041,341.719
-244.821,825.185,341.730
-244.867,825.330,341.730
-244.913,825.464,341.730
-244.959,825.608,341.741
-245.005,825.753,341.752
-245.051,825.886,341.752
-245.088,826.031,341.763
-245.134,826.175,341.763
-245.180,826.320,341.763
-245.226,826.454,341.774
-245.272,826.598,341.774
-245.318,826.743,341.785
-245.364,826.876,341.785
-245.410,827.021,341.785
-245.447,827.165,341.796
-245.493,827.310,341.796
-245.539,827.444,341.796
-245.585,827.588,341.796
-245.631,827.733,341.807
-245.677,827.877,341.807
-245.724,828.022,341.807
-245.770,828.156,341.818
-245.816,828.300,341.818
-245.862,828.445,341.829
-245.898,828.589,341.829
-245.945,828.723,341.840
-245.991,828.868,341.840
-246.037,829.012,341.840
-246.083,829.157,341.840
-246.129,829.290,341.840
-246.165,829.435,341.840
-246.212,829.579,341.851
-246.258,829.713,341.851
-246.304,829.858,341.851
-246.350,830.002,341.851
-246.396,830.147,341.862
-246.442,830.280,341.862
-246.488,830.425,341.873
-246.525,830.569,341.873
-246.571,830.714,341.873
-246.617,830.859,341.873
-246.663,830.992,341.884
-246.709,831.137,341.884
-246.755,831.281,341.884
-246.801,831.426,341.884
-246.838,831.560,341.884
-246.884,831.704,341.895
-246.930,831.849,341.895
-246.976,831.993,341.895
-247.022,832.127,341.895
-247.068,832.272,341.895
-247.105,832.416,341.906
-247.151,832.550,341.906
-247.197,832.694,341.906
-247.243,832.839,341.906
-247.289,832.983,341.906
-247.336,833.117,341.906
-247.372,833.261,341.906
-247.418,833.406,341.917
-247.464,833.551,341.917
-247.510,833.684,341.917
-247.556,833.829,341.917
-247.603,833.973,341.917
-247.649,834.118,341.917
-247.685,834.252,341.917
-247.731,834.396,341.927
-247.777,834.541,341.927
-247.824,834.674,341.927
-247.870,834.819,341.927
-247.916,834.964,341.927
-247.952,835.108,341.927
-247.998,835.253,341.927
-248.045,835.386,341.927
-248.091,835.531,341.927
-248.137,835.675,341.927
-248.183,835.820,341.927
-248.219,835.953,341.927
-248.265,836.098,341.927
-248.311,836.243,341.927
-248.358,836.387,341.927
-248.404,836.521,341.938
-248.450,836.665,341.938
-248.486,836.810,341.938
-248.532,836.955,341.938
-248.578,837.099,341.949
-248.625,837.233,341.949
-248.671,837.377,341.949
-248.717,837.522,341.949
-248.753,837.667,341.949
-248.800,837.800,341.949
-248.846,837.945,341.949
-248.892,838.089,341.949
-248.938,838.223,341.949
-248.974,838.367,341.949
-249.020,838.512,341.949
-249.067,838.657,341.960
-249.113,838.790,341.960
-249.159,838.935,341.960
-249.205,839.079,341.960
-249.251,839.224,341.971
-249.288,839.357,341.971
-249.334,839.502,341.971
-249.380,839.647,341.971
-249.426,839.791,341.971
-249.472,839.936,341.971
-249.518,840.069,341.971
-249.555,840.214,341.971
-249.601,840.359,341.971
-249.647,840.503,341.971
-249.693,840.637,341.982
-249.729,840.781,341.982
-249.776,840.926,341.982
-249.822,841.070,341.982
-249.868,841.204,341.982
-249.914,841.349,341.982
-249.960,841.493,341.982
-249.997,841.627,341.982
-250.043,841.771,341.993
-250.089,841.916,341.993
-250.135,842.060,341.993
-250.181,842.205,341.993
-250.218,842.339,341.993
-250.264,842.483,342.004
-250.310,842.628,342.004
-250.356,842.772,342.004
-250.402,842.906,342.004
-250.448,843.051,342.015
-250.485,843.195,342.015
-250.531,843.340,342.015
-250.577,843.473,342.015
-250.623,843.618,342.015
-250.669,843.762,342.026
-250.705,843.907,342.026
-250.752,844.052,342.026
-250.798,844.185,342.026
-250.844,844.330,342.026
-250.890,844.474,342.026
-250.926,844.619,342.026
-250.973,844.752,342.026
-251.019,844.897,342.037
-251.065,845.042,342.037
-251.111,845.186,342.048
-251.157,845.320,342.048
-251.193,845.464,342.048
-251.240,845.609,342.048
-251.286,845.754,342.048
-251.332,845.887,342.048
-251.378,846.032,342.048
-251.414,846.176,342.048
-251.460,846.321,342.048
-251.507,846.454,342.048
-251.553,846.599,342.048
-251.599,846.744,342.048
-251.635,846.888,342.059
-251.682,847.022,342.059
-251.728,847.166,342.059
-251.774,847.311,342.059
-251.820,847.455,342.059
-251.856,847.589,342.059
-251.902,847.734,342.059
-251.949,847.878,342.059
-251.995,848.023,342.059
-252.041,848.167,342.059
-252.077,848.301,342.059
-252.123,848.445,342.059
-252.169,848.590,342.059
-252.216,848.735,342.059
-252.262,848.868,342.059
-252.298,849.013,342.059
-252.344,849.157,342.059
-252.391,849.291,342.059
-252.437,849.435,342.059
-252.473,849.580,342.059
-252.519,849.725,342.059
-252.565,849.858,342.059
-252.611,850.003,342.059
-252.658,850.147,342.059
-252.694,850.292,342.059
-252.740,850.436,342.059
-252.786,850.570,342.059
-252.832,850.715,342.059
-252.878,850.859,342.059
-252.925,851.004,342.059
-252.961,851.148,342.059
-253.007,851.282,342.059
-253.053,851.427,342.059
-253.099,851.571,342.059
-253.145,851.716,342.059
-253.182,851.860,342.059
-253.228,851.994,342.059
-253.274,852.138,342.059
-253.320,852.283,342.059
-253.367,852.417,342.059
-253.403,852.561,342.059
-253.449,852.706,342.059
-253.495,852.850,342.070
-253.541,852.995,342.070
-253.587,853.128,342.070
-253.624,853.273,342.070
-253.670,853.418,342.070
-253.716,853.562,342.070
-253.762,853.707,342.070
-253.808,853.840,342.070
-253.845,853.985,342.070
-253.891,854.130,342.081
-253.937,854.274,342.081
-253.983,854.408,342.081
-254.029,854.552,342.081
-254.066,854.697,342.081
-254.112,854.841,342.081
-254.158,854.975,342.081
-254.204,855.120,342.081
-254.241,855.264,342.081
-254.287,855.409,342.081
-254.333,855.553,342.081
-254.379,855.687,342.092
-254.425,855.831,342.092
-254.462,855.976,342.092
-254.508,856.121,342.092
-254.554,856.265,342.092
-254.600,856.399,342.092
-254.646,856.543,342.092
-254.683,856.688,342.092
-254.729,856.833,342.092
-254.775,856.966,342.092
-254.821,857.111,342.092
-254.867,857.255,342.092
-254.903,857.400,342.103
-254.950,857.533,342.103
-254.996,857.678,342.103
-255.042,857.823,342.103
-255.078,857.967,342.103
-255.125,858.101,342.103
-255.171,858.245,342.103
-255.217,858.390,342.103
-255.263,858.534,342.103
-255.299,858.668,342.114
-255.345,858.813,342.114
-255.392,858.957,342.114
-255.438,859.102,342.114
-255.484,859.235,342.114
-255.520,859.380,342.125
-255.566,859.524,342.125
-255.612,859.669,342.125
-255.659,859.814,342.125
-255.695,859.947,342.125
-255.741,860.092,342.125
-255.787,860.236,342.125
-255.833,860.381,342.125
-255.880,860.514,342.125
-255.916,860.659,342.125
-255.962,860.804,342.125
-256.008,860.948,342.125
-256.054,861.082,342.125
-256.101,861.226,342.136
-256.137,861.371,342.136
-256.183,861.515,342.136
-256.229,861.660,342.136
-256.275,861.794,342.136
-256.312,861.938,342.136
-256.358,862.083,342.136
-256.404,862.216,342.136
-256.450,862.361,342.147
-256.487,862.505,342.147
-256.533,862.650,342.147
-256.579,862.784,342.147
-256.625,862.928,342.147
-256.662,863.073,342.147
-256.708,863.217,342.147
-256.754,863.351,342.147
-256.800,863.495,342.147
-256.846,863.640,342.147
-256.892,863.785,342.158
-256.929,863.918,342.158
-256.975,864.063,342.158
-257.021,864.207,342.158
-257.067,864.352,342.158
-257.103,864.497,342.158
-257.150,864.630,342.158
-257.196,864.775,342.158
-257.242,864.919,342.158
-257.278,865.053,342.158
-257.325,865.197,342.158
-257.371,865.342,342.158
-257.417,865.487,342.158
-257.453,865.631,342.158
-257.499,865.765,342.169
-257.545,865.909,342.169
-257.592,866.054,342.169
-257.638,866.198,342.169
-257.674,866.343,342.180
-257.720,866.477,342.180
-257.766,866.621,342.180
-257.812,866.766,342.180
-257.849,866.910,342.180
-257.895,867.055,342.180
-257.941,867.188,342.180
-257.987,867.333,342.191
-258.033,867.478,342.191
-258.070,867.622,342.191
-258.116,867.767,342.202
-258.162,867.900,342.202
-258.208,868.045,342.191
-258.254,868.190,342.191
-258.291,868.334,342.191
-258.337,868.468,342.191
-258.383,868.612,342.180
-258.429,868.757,342.180
-258.466,868.901,342.180
-258.512,869.046,342.180
-258.558,869.180,342.180
-258.604,869.324,342.180
-258.650,869.469,342.180
-258.687,869.613,342.180
-258.733,869.758,342.180
-258.779,869.891,342.180
-258.825,870.036,342.180
-258.862,870.181,342.180
-258.908,870.325,342.180
-258.954,870.459,342.180
-259.000,870.603,342.180
-259.036,870.748,342.180
-259.082,870.892,342.180
-259.129,871.037,342.180
-259.175,871.171,342.180
-259.221,871.315,342.191
-259.257,871.460,342.191
-259.303,871.604,342.191
-259.349,871.749,342.191
-259.396,871.882,342.191
-259.432,872.027,342.191
-259.478,872.172,342.191
-259.524,872.316,342.202
-259.571,872.450,342.202
-259.607,872.594,342.202
-259.653,872.739,342.202
-259.699,872.884,342.202
-259.745,873.028,342.202
-259.782,873.162,342.202
-259.828,873.306,342.202
-259.874,873.451,342.202
-259.920,873.584,342.202
-259.966,873.729,342.202
-260.003,873.873,342.202
-260.049,874.018,342.213
-260.095,874.163,342.213
-260.141,874.296,342.213
-260.178,874.441,342.213
-260.224,874.585,342.213
-260.270,874.730,342.224
-260.316,874.864,342.224
-260.353,875.008,342.224
-260.399,875.153,342.224
-260.445,875.297,342.224
-260.491,875.431,342.224
-260.527,875.575,342.224
-260.573,875.720,342.224
-260.620,875.865,342.235
-260.666,875.998,342.235
-260.702,876.143,342.235
-260.748,876.287,342.235
-260.794,876.432,342.235
-260.841,876.565,342.235
-260.877,876.710,342.235
-260.923,876.854,342.235
-260.969,876.999,342.235
-261.015,877.133,342.235
-261.052,877.277,342.235
-261.098,877.422,342.235
-261.144,877.566,342.246
-261.190,877.700,342.246
-261.236,877.845,342.246
-261.273,877.989,342.246
-261.319,878.134,342.246
-261.365,878.267,342.246
-261.402,878.412,342.235
-261.448,878.556,342.235
-261.494,878.701,342.235
-261.540,878.846,342.235
-261.577,878.979,342.235
-261.623,879.124,342.224
-261.669,879.268,342.235
-261.715,879.413,342.235
-261.761,879.546,342.235
-261.798,879.691,342.235
-261.844,879.836,342.235
-261.890,879.980,342.246
-261.936,880.125,342.246
-261.972,880.269,342.246
-262.018,880.403,342.246
-262.065,880.547,342.246
-262.111,880.692,342.246
-262.147,880.837,342.246
-262.193,880.970,342.246
-262.239,881.115,342.246
-262.285,881.259,342.257
-262.322,881.404,342.257
-262.368,881.537,342.257
-262.414,881.682,342.257
-262.460,881.827,342.257
-262.497,881.971,342.257
-262.543,882.105,342.257
-262.589,882.249,342.257
-262.626,882.394,342.257
-262.672,882.538,342.257
-262.718,882.672,342.257
-262.764,882.817,342.257
-262.800,882.961,342.257
-262.847,883.106,342.257
-262.893,883.250,342.257
-262.939,883.395,342.257
-262.985,883.528,342.257
-263.021,883.673,342.257
-263.067,883.818,342.257
-263.114,883.962,342.257
-263.160,884.107,342.257
-263.196,884.240,342.257
-263.242,884.385,342.257
-263.288,884.529,342.257
-263.334,884.674,342.268
-263.371,884.808,342.257
-263.417,884.952,342.268
-263.463,885.097,342.257
-263.509,885.241,342.257
-263.546,885.375,342.257
-263.592,885.519,342.257
-263.638,885.664,342.246
-263.684,885.809,342.246
-263.721,885.942,342.246
-263.767,886.087,342.235
-263.813,886.231,342.235
-263.859,886.376,342.224
-263.896,886.509,342.224
-263.942,886.654,342.213
-263.988,886.799,342.213
-264.034,886.943,342.202
-264.070,887.088,342.191
-264.117,887.221,342.191
-264.163,887.366,342.180
-264.209,887.511,342.169
-264.255,887.655,342.169
-264.301,887.800,342.158
-264.337,887.944,342.158
-264.384,888.078,342.158
-264.430,888.222,342.147
-264.476,888.367,342.136
-264.522,888.512,342.136
-264.558,888.656,342.125
-264.605,888.790,342.114
-264.651,888.934,342.103
-264.697,889.079,342.092
-264.733,889.212,342.081
-264.779,889.357,342.081
-264.826,889.502,342.070
-264.872,889.646,342.059
-264.908,889.780,342.059
-264.954,889.924,342.048
-265.000,890.069,342.037
-265.046,890.213,342.026
-265.083,890.358,342.026
-265.129,890.492,342.015
-265.175,890.636,342.004
-265.221,890.781,342.004
-265.267,890.925,341.993
-265.313,891.070,341.993
-265.350,891.203,341.982
-265.396,891.348,341.982
-265.442,891.493,341.982
-265.488,891.637,341.971
-265.534,891.771,341.971
-265.581,891.915,341.960
-265.617,892.060,341.960
-265.663,892.193,341.949
-265.709,892.338,341.938
-265.755,892.483,341.938
-265.801,892.627,341.927
-265.838,892.761,341.927
-265.884,892.905,341.927
-265.930,893.050,341.917
-265.976,893.195,341.917
-266.023,893.328,341.917
-266.069,893.473,341.906
-266.115,893.617,341.906
-266.151,893.762,341.906
-266.197,893.895,341.895
-266.243,894.040,341.895
-266.290,894.185,341.884
-266.336,894.329,341.884
-266.382,894.463,341.884
-266.418,894.607,341.884
-266.464,894.752,341.873
-266.510,894.897,341.873
-266.557,895.030,341.873
-266.603,895.175,341.862
-266.649,895.319,341.862
-266.695,895.464,341.851
-266.731,895.597,341.851
-266.778,895.742,341.840
-266.824,895.887,341.829
-266.870,896.031,341.829
-266.916,896.165,341.829
-266.962,896.309,341.818
-267.008,896.454,341.818
-267.045,896.599,341.818
-267.091,896.732,341.807
-267.137,896.877,341.807
-267.183,897.021,341.796
-267.229,897.166,341.785
-267.275,897.299,341.785
-267.321,897.444,341.774
-267.358,897.589,341.774
-267.404,897.733,341.763
-267.450,897.867,341.763
-267.496,898.011,341.752
-267.542,898.156,341.752
-267.588,898.301,341.752
-267.634,898.434,341.741
-267.680,898.579,341.741
-267.717,898.723,341.741
-267.763,898.857,341.730
-267.809,899.001,341.730
-267.855,899.146,341.719
-267.901,899.291,341.708
-267.948,899.424,341.708
-267.994,899.569,341.708
-268.040,899.713,341.697
-268.086,899.858,341.697
-268.122,899.991,341.697
-268.169,900.136,341.686
-268.215,900.281,341.686
-268.261,900.425,341.686
-268.307,900.559,341.675
-268.353,900.703,341.675
-268.399,900.848,341.664
-268.445,900.993,341.664
-268.491,901.126,341.653
-268.537,901.271,341.653
-268.574,901.415,341.653
-268.620,901.549,341.642
-268.666,901.694,341.642
-268.712,901.838,341.642
-268.758,901.983,341.642
-268.804,902.116,341.631
-268.850,902.261,341.631
-268.897,902.406,341.620
-268.943,902.550,341.620
-268.989,902.684,341.609
-269.035,902.828,341.609
-269.081,902.973,341.609
-269.117,903.117,341.609
-269.164,903.262,341.598
-269.210,903.396,341.598
-269.256,903.540,341.598
-269.302,903.685,341.598
-269.348,903.829,341.598
-269.394,903.963,341.598
-269.440,904.108,341.598
-269.486,904.252,341.587
-269.532,904.397,341.587
-269.579,904.530,341.576
-269.625,904.675,341.576
-269.661,904.808,341.565
-269.707,904.953,341.565
-269.753,905.098,341.565
-269.800,905.231,341.554
-269.846,905.376,341.554
-269.892,905.520,341.543
-269.938,905.665,341.543
-269.984,905.799,341.532
-270.030,905.943,341.532
-270.076,906.088,341.532
-270.122,906.232,341.521
-270.168,906.366,341.521
-270.214,906.511,341.521
-270.260,906.655,341.521
-270.297,906.789,341.521
-270.343,906.933,341.510
-270.389,907.078,341.510
-270.435,907.222,341.499
-270.482,907.356,341.499
-270.528,907.501,341.499
-270.574,907.645,341.488
-270.620,907.779,341.488
-270.666,907.923,341.488
-270.712,908.068,341.488
-270.758,908.213,341.488
-270.804,908.346,341.488
-270.850,908.491,341.499
-270.896,908.635,341.499
-270.943,908.769,341.499
-270.979,908.913,341.499
-271.025,909.058,341.499
-271.071,909.203,341.499
-271.117,909.336,341.488
-271.164,909.481,341.488
-271.210,909.625,341.488
-271.256,909.759,341.499
-271.302,909.904,341.499
-271.348,910.048,341.499
-271.394,910.182,341.499
-271.440,910.326,341.499
-271.486,910.471,341.510
-271.532,910.616,341.499
-271.578,910.760,341.499
-271.625,910.894,341.499
-271.671,911.038,341.499
-271.707,911.183,341.499
-271.753,911.316,341.499
-271.799,911.461,341.499
-271.845,911.606,341.499
-271.892,911.750,341.499
-271.938,911.884,341.510
-271.984,912.028,341.510
-272.030,912.173,341.510
-272.076,912.318,341.510
-272.122,912.451,341.510
-272.168,912.596,341.521
-272.214,912.740,341.521
-272.260,912.874,341.521
-272.307,913.019,341.521
-272.353,913.163,341.521
-272.399,913.297,341.521
-272.445,913.441,341.532
-272.491,913.586,341.532
-272.537,913.731,341.532
-272.574,913.864,341.532
-272.620,914.009,341.532
-272.666,914.153,341.532
-272.712,914.298,341.532
-272.758,914.431,341.543
-272.804,914.576,341.543
-272.850,914.721,341.543
-272.896,914.865,341.543
-272.942,914.999,341.554
-272.988,915.143,341.554
-273.035,915.288,341.554
-273.081,915.422,341.554
-273.127,915.566,341.554
-273.173,915.711,341.554
-273.219,915.844,341.554
-273.256,915.989,341.554
-273.302,916.133,341.554
-273.348,916.278,341.554
-273.394,916.412,341.565
-273.440,916.556,341.565
-273.486,916.701,341.576
-273.532,916.845,341.576
-273.578,916.979,341.576
-273.624,917.124,341.587
-273.670,917.268,341.587
-273.717,917.413,341.587
-273.763,917.546,341.598
-273.809,917.691,341.598
-273.855,917.836,341.598
-273.901,917.980,341.598
-273.938,918.114,341.609
-273.984,918.258,341.609
-274.030,918.403,341.609
-274.076,918.548,341.620
-274.122,918.681,341.620
-274.168,918.826,341.631
-274.214,918.970,341.631
-274.260,919.104,341.631
-274.306,919.248,341.642
-274.352,919.393,341.642
-274.398,919.538,341.642
-274.445,919.671,341.653
-274.481,919.816,341.653
-274.527,919.960,341.664
-274.573,920.105,341.664
-274.619,920.250,341.675
-274.666,920.383,341.686
-274.712,920.528,341.686
-274.758,920.672,341.697
-274.804,920.817,341.697
-274.850,920.951,341.708
-274.896,921.095,341.708
-274.942,921.240,341.708
-274.988,921.384,341.719
-275.034,921.518,341.719
-275.071,921.662,341.730
-275.117,921.807,341.741
-275.163,921.941,341.741
-275.209,922.085,341.752
-275.255,922.230,341.752
-275.301,922.374,341.763
-275.348,922.508,341.763
-275.384,922.652,341.774
-275.430,922.797,341.774
-275.476,922.942,341.774
-275.522,923.075,341.785
-275.568,923.220,341.785
-275.615,923.364,341.796
-275.661,923.509,341.807
-275.707,923.643,341.807
-275.753,923.787,341.818
-275.789,923.932,341.818
-275.836,924.065,341.829
-275.882,924.210,341.829
-275.928,924.355,341.829
-275.974,924.499,341.840
-276.020,924.633,341.840
-276.057,924.777,341.840
-276.103,924.922,341.840
-276.149,925.066,341.851
-276.195,925.200,341.851
-276.241,925.345,341.851
-276.287,925.489,341.862
-276.333,925.634,341.862
-276.379,925.767,341.862
-276.416,925.912,341.873
-276.462,926.056,341.873
-276.508,926.201,341.873
-276.554,926.346,341.873
-276.600,926.479,341.884
-276.646,926.624,341.884
-276.692,926.768,341.895
-276.729,926.913,341.895
-276.775,927.047,341.906
-276.821,927.191,341.906
-276.867,927.336,341.906
-276.904,927.469,341.906
-276.950,927.614,341.906
-276.996,927.758,341.895
-277.042,927.892,341.895
-277.088,928.037,341.895
-277.134,928.181,341.895
-277.171,928.326,341.895
-277.217,928.459,341.895
-277.263,928.604,341.906
-277.309,928.748,341.906
-277.355,928.893,341.917
-277.401,929.038,341.927
-277.447,929.182,341.927
-277.494,929.316,341.927
-277.540,929.460,341.938
-277.586,929.605,341.938
-277.622,929.750,341.938
-277.668,929.883,341.938
-277.714,930.028,341.938
-277.761,930.172,341.949
-277.797,930.306,341.949
-277.843,930.450,341.949
-277.889,930.595,341.949
-277.936,930.729,341.949
-277.982,930.873,341.960
-278.028,931.018,341.960
-278.064,931.162,341.960
-278.110,931.296,341.960
-278.156,931.440,341.960
-278.203,931.585,341.960
-278.249,931.730,341.960
-278.285,931.874,341.971
-278.331,932.008,341.971
-278.377,932.152,341.982
-278.423,932.297,341.982
-278.470,932.442,341.993
-278.516,932.575,341.993
-278.552,932.720,341.993
-278.598,932.864,342.004
-278.644,932.998,342.004
-278.691,933.142,342.004
-278.737,933.287,342.004
-278.773,933.432,341.993
-278.819,933.565,342.004
-278.865,933.710,342.004
-278.911,933.854,342.004
-278.958,933.999,342.004
-278.994,934.132,342.004
-279.040,934.277,342.015
-279.086,934.422,342.015
-279.132,934.566,342.015
-279.178,934.711,342.015
-279.225,934.844,342.015
-279.261,934.989,342.026
-279.307,935.134,342.026
-279.353,935.278,342.026
-279.400,935.412,342.026
-279.446,935.556,342.037
-279.492,935.701,342.037
-279.528,935.834,342.037
-279.574,935.979,342.048
-279.620,936.124,342.048
-279.667,936.268,342.048
-279.703,936.402,342.048
-279.749,936.546,342.048
-279.795,936.691,342.048
-279.841,936.835,342.048
-279.887,936.980,342.048
-279.934,937.114,342.048
-279.970,937.258,342.059
-280.016,937.403,342.059
-280.062,937.547,342.059
-280.108,937.681,342.059
-280.155,937.826,342.059
-280.191,937.970,342.059
-280.237,938.115,342.059
-280.283,938.259,342.059
-280.329,938.393,342.059
-280.375,938.537,342.070
-280.422,938.682,342.070
-280.458,938.827,342.070
-280.504,938.960,342.081
-280.550,939.105,342.081
-280.596,939.249,342.092
-280.642,939.394,342.092
-280.679,939.527,342.092
-280.725,939.672,342.092
-280.771,939.817,342.092
-280.817,939.961,342.103
-280.864,940.095,342.103
-280.900,940.239,342.103
-280.946,940.384,342.103
-280.992,940.529,342.114
-281.038,940.673,342.114
-281.084,940.807,342.125
-281.121,940.951,342.136
-281.167,941.096,342.136
-281.213,941.240,342.136
-281.259,941.385,342.136
-281.305,941.519,342.147
-281.342,941.663,342.147
-281.388,941.808,342.147
-281.434,941.952,342.158
-281.480,942.097,342.158
-281.526,942.230,342.169
-281.563,942.375,342.169
-281.609,942.520,342.180
-281.655,942.664,342.180
-281.701,942.798,342.180
-281.738,942.942,342.191
-281.784,943.087,342.191
-281.830,943.232,342.191
-281.876,943.376,342.202
-281.913,943.510,342.202
-281.959,943.654,342.202
-282.005,943.799,342.213
-282.051,943.943,342.224
-282.097,944.077,342.224
-282.133,944.221,342.235
-282.180,944.366,342.235
-282.226,944.511,342.246
-282.272,944.644,342.246
-282.308,944.789,342.246
-282.354,944.933,342.246
-282.400,945.078,342.257
-282.437,945.211,342.257
-282.483,945.356,342.257
-282.529,945.501,342.268
-282.575,945.645,342.279
-282.621,945.790,342.279
-282.658,945.934,342.290
-282.704,946.068,342.301
-282.750,946.213,342.312
-282.796,946.357,342.312
-282.833,946.502,342.323
-282.879,946.646,342.334
-282.925,946.780,342.334
-282.971,946.924,342.345
-283.008,947.069,342.356
-283.054,947.214,342.356
-283.100,947.347,342.367
-283.136,947.492,342.367
-283.183,947.636,342.378
-283.229,947.770,342.389
-283.265,947.914,342.389
-283.311,948.059,342.389
-283.357,948.204,342.400
-283.394,948.337,342.400
-283.440,948.482,342.411
-283.486,948.626,342.422
-283.532,948.771,342.433
-283.569,948.915,342.444
-283.615,949.060,342.455
-283.661,949.205,342.466
-283.707,949.338,342.477
-283.744,949.483,342.488
-283.790,949.627,342.499
-283.836,949.772,342.510
-283.882,949.916,342.521
-283.918,950.050,342.532
-283.965,950.194,342.543
-284.011,950.339,342.543
-284.047,950.484,342.554
-284.093,950.628,342.565
-284.139,950.762,342.576
-284.176,950.906,342.587
-284.222,951.051,342.587
-284.268,951.196,342.598
-284.305,951.329,342.609
-284.351,951.474,342.609
-284.387,951.618,342.609
-284.433,951.763,342.620
-284.479,951.907,342.620
-284.516,952.041,342.620
-284.562,952.185,342.620
-284.608,952.330,342.620
-284.645,952.475,342.631
-284.691,952.619,342.642
-284.737,952.753,342.642
-284.783,952.897,342.653
-284.829,953.042,342.664
-284.866,953.186,342.664
-284.912,953.331,342.675
-284.958,953.476,342.675
-284.994,953.620,342.675
-285.041,953.754,342.686
-285.087,953.898,342.686
-285.123,954.043,342.686
-285.169,954.176,342.697
-285.206,954.321,342.697
-285.252,954.454,342.697
-285.289,954.588,342.697
-285.335,954.732,342.697
-285.371,954.866,342.686
-285.418,955.010,342.675
-285.454,955.155,342.664
-285.500,955.289,342.642
-285.546,955.433,342.631
-285.583,955.578,342.609
-285.629,955.722,342.598
-285.665,955.867,342.587
-285.711,956.023,342.587
-285.758,956.156,342.587
-285.804,956.301,342.576
-285.840,956.445,342.576
-285.886,956.590,342.576
-285.932,956.734,342.587
-285.978,956.879,342.587
-286.015,957.024,342.587
-286.061,957.157,342.587
-286.098,957.290,342.587
-286.144,957.435,342.587
-286.190,957.580,342.587
-286.226,957.724,342.587
-286.273,957.869,342.576
-286.319,958.002,342.565
-286.355,958.147,342.554
-286.401,958.292,342.543
-286.447,958.436,342.532
-286.484,958.581,342.532
-286.530,958.725,342.521
-286.576,958.859,342.521
-286.613,959.003,342.521
-286.659,959.148,342.521
-286.705,959.293,342.532
-286.751,959.437,342.532
-286.797,959.582,342.543
-286.834,959.726,342.543
-286.880,959.871,342.543
-286.926,960.016,342.543
-286.962,960.149,342.532
-287.008,960.294,342.532
-287.054,960.438,342.521
-287.091,960.583,342.521
-287.137,960.727,342.510
-287.183,960.872,342.499
-287.220,961.005,342.499
-287.266,961.150,342.488
-287.312,961.295,342.477
-287.348,961.439,342.466
-287.395,961.584,342.455
-287.441,961.717,342.455
-287.477,961.862,342.444
-287.523,962.006,342.433
-287.569,962.151,342.422
-287.615,962.296,342.422
-287.652,962.440,342.422
-287.698,962.574,342.422
-287.744,962.718,342.411
-287.790,962.863,342.411
-287.827,963.007,342.400
-287.873,963.152,342.400
-287.919,963.286,342.389
-287.956,963.430,342.378
-288.002,963.575,342.367
-288.048,963.708,342.367
-288.084,963.853,342.356
-288.130,963.997,342.345
-288.177,964.142,342.345
-288.223,964.276,342.334
-288.259,964.420,342.323
-288.305,964.565,342.323
-288.351,964.709,342.312
-288.388,964.843,342.312
-288.434,964.987,342.301
-288.480,965.132,342.290
-288.526,965.277,342.290
-288.563,965.421,342.279
-288.609,965.555,342.279
-288.655,965.699,342.279
-288.701,965.844,342.268
-288.738,965.988,342.268
-288.784,966.133,342.257
-288.830,966.278,342.257
-288.876,966.422,342.246
-288.922,966.556,342.246
-288.959,966.700,342.235
-289.005,966.845,342.224
-289.051,966.990,342.213
-289.087,967.123,342.202
-289.133,967.268,342.191
-289.180,967.401,342.180
-289.216,967.546,342.158
-289.262,967.690,342.147
-289.308,967.835,342.136
-289.354,967.968,342.125
-289.391,968.113,342.125
-289.437,968.258,342.114
-289.483,968.402,342.103
-289.529,968.547,342.103
-289.575,968.691,342.092
-289.621,968.836,342.092
-289.658,968.980,342.092
-289.704,969.114,342.081
-289.750,969.259,342.081
-289.796,969.403,342.081
-289.842,969.548,342.081
-289.888,969.693,342.081
-289.925,969.826,342.070
-289.971,969.971,342.070
-290.017,970.115,342.059
-290.054,970.249,342.048
-290.100,970.393,342.037
-290.146,970.538,342.026
-290.192,970.671,342.015
-290.238,970.816,342.004
-290.275,970.960,341.993
-290.321,971.105,341.993
-290.367,971.239,341.982
-290.413,971.383,341.982
-290.459,971.528,341.971
-290.496,971.672,341.971
-290.542,971.817,341.960
-290.588,971.951,341.960
-290.634,972.095,341.949
-290.680,972.240,341.949
-290.717,972.373,341.938
-290.763,972.518,341.938
-290.809,972.662,341.927
-290.855,972.807,341.927
-290.901,972.952,341.917
-290.947,973.085,341.917
-290.984,973.230,341.906
-291.030,973.374,341.906
-291.076,973.508,341.906
-291.122,973.653,341.895
-291.168,973.797,341.884
-291.205,973.942,341.873
-291.251,974.075,341.873
-291.297,974.220,341.862
-291.343,974.364,341.851
-291.389,974.498,341.851
-291.426,974.642,341.840
-291.472,974.787,341.829
-291.518,974.921,341.829
-291.564,975.065,341.818
-291.610,975.210,341.807
-291.656,975.354,341.807
-291.702,975.488,341.796
-291.739,975.633,341.796
-291.785,975.777,341.785
-291.831,975.922,341.785
-291.877,976.066,341.774
-291.923,976.200,341.774
-291.969,976.345,341.763
-292.015,976.489,341.763
-292.061,976.634,341.752
-292.098,976.767,341.752
-292.144,976.912,341.741
-292.190,977.056,341.730
-292.236,977.201,341.730
-292.282,977.335,341.719
-292.329,977.479,341.708
-292.375,977.624,341.708
-292.421,977.768,341.697
-292.457,977.902,341.697
-292.503,978.046,341.697
-292.549,978.191,341.686
-292.596,978.336,341.686
-292.642,978.480,341.686
-292.688,978.614,341.675
-292.734,978.758,341.664
-292.780,978.903,341.664
-292.826,979.048,341.653
-292.872,979.181,341.653
-292.918,979.326,341.642
-292.964,979.470,341.642
-293.001,979.604,341.642
-293.047,979.749,341.631
-293.093,979.893,341.631
-293.139,980.038,341.620
-293.185,980.171,341.620
-293.231,980.316,341.609
-293.277,980.461,341.598
-293.324,980.605,341.598
-293.370,980.739,341.587
-293.416,980.883,341.576
-293.462,981.028,341.576
-293.508,981.161,341.565
-293.545,981.306,341.565
-293.591,981.451,341.554
-293.637,981.595,341.554
-293.683,981.729,341.543
-293.729,981.873,341.543
-293.775,982.018,341.532
-293.821,982.152,341.532
-293.867,982.296,341.521
-293.913,982.441,341.510
-293.959,982.585,341.499
-294.006,982.719,341.499
-294.052,982.864,341.488
-294.098,983.008,341.488
-294.134,983.142,341.477
-294.180,983.286,341.477
-294.227,983.431,341.466
-294.273,983.564,341.466
-294.319,983.709,341.466
-294.365,983.854,341.455
-294.411,983.998,341.455
-294.457,984.143,341.444
-294.503,984.276,341.444
-294.549,984.421,341.433
-294.595,984.566,341.433
-294.642,984.699,341.422
-294.688,984.844,341.422
-294.734,984.988,341.411
-294.780,985.133,341.411
-294.826,985.266,341.411
-294.872,985.411,341.400
-294.918,985.556,341.400
-294.964,985.689,341.389
-295.010,985.834,341.378
-295.056,985.979,341.378
-295.103,986.112,341.378
-295.149,986.257,341.367
-295.185,986.401,341.367
-295.231,986.546,341.367
-295.277,986.679,341.356
-295.323,986.824,341.356
-295.379,986.969,341.356
-295.416,987.113,341.356
-295.462,987.247,341.345
-295.508,987.391,341.345
-295.554,987.536,341.345
-295.600,987.681,341.345
-295.646,987.814,341.345
-295.692,987.959,341.345
-295.738,988.103,341.356
-295.785,988.237,341.356
-295.831,988.381,341.356
-295.877,988.526,341.356
-295.923,988.660,341.356
-295.969,988.804,341.356
-296.015,988.949,341.356
-296.061,989.082,341.356
-296.107,989.227,341.356
-296.153,989.372,341.356
-296.199,989.505,341.367
-296.246,989.650,341.367
-296.292,989.794,341.367
-296.338,989.939,341.378
-296.384,990.084,341.378
-296.430,990.217,341.389
-296.476,990.362,341.389
-296.522,990.506,341.389
-296.568,990.640,341.389
-296.614,990.785,341.400
-296.660,990.929,341.400
-296.707,991.063,341.400
-296.753,991.207,341.400
-296.799,991.352,341.400
-296.845,991.485,341.411
-296.891,991.630,341.411
-296.937,991.764,341.411
-296.983,991.908,341.422
-297.029,992.053,341.422
-297.066,992.197,341.422
-297.112,992.331,341.422
-297.158,992.476,341.433
-297.204,992.620,341.433
-297.250,992.765,341.433
-297.296,992.909,341.444
-297.342,993.043,341.444
-297.389,993.188,341.455
-297.435,993.332,341.455
-297.481,993.466,341.455
-297.527,993.610,341.466
-297.573,993.755,341.466
-297.619,993.888,341.466
-297.665,994.033,341.466
-297.711,994.178,341.477
-297.757,994.322,341.466
-297.804,994.456,341.466
-297.850,994.600,341.477
-297.896,994.745,341.477
-297.942,994.879,341.477
-297.988,995.023,341.477
-298.034,995.168,341.477
-298.071,995.301,341.488
-298.117,995.446,341.488
-298.163,995.591,341.488
-298.209,995.735,341.488
-298.255,995.880,341.488
-298.301,996.013,341.499
-298.347,996.158,341.499
-298.393,996.303,341.499
-298.439,996.447,341.499
-298.485,996.581,341.510
-298.532,996.725,341.510
-298.578,996.870,341.510
-298.624,997.003,341.510
-298.670,997.148,341.510
-298.716,997.293,341.510
-298.762,997.437,341.510
-298.808,997.571,341.510
-298.854,997.715,341.521
-298.900,997.860,341.521
-298.947,997.994,341.521
-298.993,998.138,341.532
-299.039,998.283,341.543
-299.085,998.427,341.543
-299.131,998.561,341.554
-299.177,998.706,341.565
-299.213,998.850,341.576
-299.260,998.995,341.587
-299.306,999.128,341.598
-299.352,999.273,341.609
-299.398,999.418,341.620
-299.444,999.551,341.642
-299.490,999.696,341.653
-299.536,999.840,341.664
-299.582,999.985,341.675
-299.628,1000.118,341.697
-299.675,1000.263,341.708
-299.721,1000.408,341.719
-299.757,1000.541,341.741
-299.803,1000.686,341.752
-299.849,1000.830,341.763
-299.895,1000.975,341.774
-299.942,1001.120,341.796
-299.988,1001.253,341.807
-300.034,1001.398,341.818
-300.080,1001.542,341.840
-300.126,1001.687,341.851
-300.172,1001.821,341.873
-300.209,1001.965,341.895
-300.255,1002.110,341.906
-300.301,1002.254,341.927
-300.347,1002.388,341.949
-300.393,1002.532,341.960
-300.439,1002.677,341.971
-300.476,1002.810,341.993
-300.522,1002.955,342.004
-300.568,1003.100,342.026
-300.614,1003.244,342.037
-300.660,1003.378,342.059
-300.697,1003.522,342.070
-300.743,1003.667,342.092
-300.789,1003.812,342.114
-300.835,1003.956,342.125
-300.881,1004.090,342.147
-300.927,1004.234,342.158
-300.964,1004.379,342.180
-301.010,1004.524,342.191
-301.056,1004.657,342.213
-301.102,1004.802,342.224
-301.139,1004.946,342.246
-301.185,1005.091,342.268
-301.231,1005.224,342.290
-301.277,1005.369,342.301
-301.323,1005.514,342.323
-301.359,1005.658,342.345
-301.406,1005.792,342.356
-301.452,1005.936,342.367
-301.498,1006.081,342.389
-301.534,1006.225,342.400
-301.580,1006.359,342.422
-301.627,1006.504,342.444
-301.663,1006.648,342.455
-301.709,1006.793,342.477
-301.755,1006.937,342.488
-301.801,1007.071,342.510
-301.838,1007.215,342.521
-301.884,1007.360,342.543
-301.930,1007.505,342.554
-301.967,1007.638,342.576
-302.013,1007.783,342.587
-302.059,1007.927,342.609
-302.095,1008.072,342.620
-302.141,1008.216,342.642
-302.188,1008.361,342.664
-302.224,1008.494,342.686
-302.270,1008.639,342.697
-302.316,1008.784,342.719
-302.353,1008.928,342.740
-302.399,1009.073,342.762
-302.445,1009.206,342.773
-302.482,1009.351,342.795
-302.528,1009.495,342.806
-302.574,1009.640,342.828
-302.610,1009.773,342.839
-302.656,1009.918,342.861
-302.693,1010.063,342.872
-302.739,1010.207,342.894
-302.776,1010.341,342.905
-302.822,1010.485,342.927
-302.868,1010.630,342.949
-302.904,1010.774,342.960
-302.950,1010.919,342.982
-302.987,1011.064,342.993
-303.033,1011.197,343.004
-303.070,1011.342,343.026
-303.116,1011.486,343.037
-303.152,1011.631,343.059
-303.198,1011.775,343.070
-303.245,1011.909,343.092
-303.281,1012.053,343.103
-303.327,1012.198,343.125
-303.364,1012.342,343.147
-303.410,1012.487,343.158
-303.446,1012.632,343.169
-303.493,1012.765,343.191
-303.529,1012.910,343.202
-303.575,1013.054,343.213
-303.612,1013.199,343.224
-303.658,1013.332,343.235
-303.694,1013.477,343.246
-303.740,1013.621,343.257
-303.777,1013.766,343.268
-303.823,1013.900,343.279
-303.860,1014.044,343.290
-303.906,1014.189,343.290
-303.942,1014.333,343.301
-303.989,1014.467,343.301
-304.025,1014.611,343.312
-304.062,1014.756,343.312
-304.108,1014.900,343.323
-304.144,1015.034,343.323
-304.190,1015.178,343.334
-304.227,1015.323,343.334
-304.273,1015.468,343.334
-304.309,1015.612,343.345
-304.356,1015.746,343.345
-304.392,1015.890,343.356
-304.438,1016.035,343.356
-304.475,1016.179,343.356
-304.511,1016.313,343.356
-304.558,1016.457,343.356
-304.594,1016.602,343.356
-304.640,1016.746,343.367
-304.677,1016.880,343.367
-304.713,1017.024,343.367
-304.759,1017.169,343.367
-304.796,1017.302,343.367
-304.842,1017.447,343.367
-304.879,1017.592,343.367
-304.915,1017.736,343.356
-304.961,1017.870,343.356
-304.998,1018.014,343.345
-305.044,1018.159,343.345
-305.081,1018.292,343.334
-305.117,1018.437,343.323
-305.163,1018.581,343.312
-305.200,1018.715,343.301
-305.246,1018.859,343.290
-305.283,1019.004,343.268
-305.319,1019.137,343.246
-305.365,1019.282,343.224
-305.402,1019.426,343.202
-305.448,1019.560,343.180
-305.484,1019.704,343.158
-305.531,1019.849,343.125
-305.567,1019.982,343.103
-305.604,1020.127,343.081
-305.650,1020.272,343.048
-305.686,1020.405,343.015
-305.733,1020.550,342.993
-305.769,1020.683,342.960
-305.815,1020.828,342.927
-305.852,1020.961,342.894
-305.888,1021.106,342.861
-305.935,1021.239,342.828
-305.971,1021.384,342.795
-306.017,1021.517,342.762
-306.054,1021.662,342.729
-306.100,1021.795,342.697
-306.137,1021.940,342.675
-306.183,1022.073,342.642
-306.219,1022.218,342.609
-306.265,1022.362,342.576
-306.302,1022.496,342.543
-306.348,1022.640,342.510
-306.394,1022.774,342.477
-306.431,1022.919,342.444
-306.477,1023.052,342.411
-306.514,1023.197,342.378
-306.560,1023.330,342.345
-306.596,1023.475,342.312
-306.642,1023.608,342.279
-306.689,1023.753,342.246
-306.725,1023.886,342.224
-306.771,1024.020,342.191
-306.808,1024.164,342.158
-306.854,1024.298,342.125
-306.891,1024.431,342.092
-306.937,1024.576,342.059
-306.983,1024.709,342.026
-307.020,1024.843,341.993
-307.066,1024.987,341.960
-307.102,1025.121,341.927
-307.149,1025.254,341.906
-307.195,1025.388,341.873
-307.231,1025.532,341.851
-307.278,1025.666,341.818
-307.324,1025.799,341.796
-307.360,1025.944,341.763
-307.406,1026.078,341.730
-307.453,1026.211,341.708
-307.489,1026.345,341.675
-307.535,1026.489,341.653
-307.582,1026.623,341.631
-307.628,1026.767,341.609
-307.674,1026.901,341.598
-307.710,1027.034,341.587
-307.757,1027.179,341.576
-307.803,1027.312,341.576
-307.839,1027.446,341.565
-307.886,1027.579,341.565
-307.932,1027.713,341.554
-307.968,1027.846,341.554
-308.014,1027.991,341.554
-308.061,1028.124,341.565
-308.097,1028.258,341.565
-308.143,1028.391,341.565
-308.190,1028.525,341.576
-308.236,1028.658,341.576
-308.272,1028.803,341.587
-308.319,1028.937,341.598
-308.365,1029.070,341.609
-308.401,1029.204,341.620
-308.448,1029.337,341.631
-308.494,1029.471,341.642
-308.540,1029.604,341.664
-308.577,1029.738,341.675
-308.623,1029.882,341.686
-308.669,1030.016,341.697
-308.706,1030.149,341.719
-308.752,1030.283,341.730
-308.798,1030.416,341.741
-308.835,1030.550,341.763
-308.881,1030.683,341.774
-308.927,1030.817,341.785
-308.964,1030.950,341.807
-309.010,1031.084,341.818
-309.046,1031.217,341.829
-309.093,1031.362,341.851
-309.139,1031.495,341.862
-309.175,1031.629,341.873
-309.222,1031.762,341.884
-309.258,1031.896,341.906
-309.304,1032.029,341.917
-309.351,1032.163,341.927
-309.387,1032.296,341.949
-309.433,1032.430,341.960
-309.470,1032.563,341.982
-309.516,1032.697,341.993
-309.553,1032.830,342.004
-309.599,1032.964,342.026
-309.636,1033.097,342.037
-309.682,1033.231,342.048
-309.719,1033.353,342.059
-309.765,1033.486,342.070
-309.802,1033.620,342.081
-309.848,1033.753,342.103
-309.884,1033.887,342.114
-309.931,1034.020,342.125
-309.967,1034.154,342.147
-310.014,1034.287,342.158
-310.050,1034.421,342.169
-310.096,1034.554,342.180
-310.133,1034.688,342.191
-310.170,1034.810,342.202
-310.216,1034.944,342.213
-310.253,1035.077,342.224
-310.299,1035.211,342.224
-310.335,1035.344,342.235
-310.372,1035.477,342.246
-310.418,1035.600,342.257
-310.455,1035.733,342.257
-310.501,1035.867,342.268
-310.538,1036.000,342.279
-310.575,1036.123,342.279
-310.621,1036.256,342.290
-310.658,1036.390,342.301
-310.694,1036.523,342.301
-310.741,1036.645,342.312
-310.777,1036.779,342.312
-310.814,1036.912,342.323
-310.860,1037.046,342.334
-310.897,1037.168,342.345
-310.933,1037.302,342.356
-310.980,1037.435,342.356
-311.016,1037.569,342.367
-311.063,1037.691,342.378
-311.099,1037.824,342.389
-311.136,1037.958,342.400
-311.173,1038.080,342.400
-311.219,1038.214,342.411
-311.256,1038.347,342.422
-311.292,1038.470,342.433
-311.329,1038.603,342.433
-311.375,1038.736,342.444
-311.412,1038.859,342.455
-311.449,1038.992,342.455
-311.495,1039.115,342.466
-311.532,1039.248,342.477
-311.568,1039.382,342.477
-311.605,1039.504,342.488
-311.651,1039.637,342.499
-311.688,1039.760,342.499
-311.725,1039.893,342.510
-311.761,1040.027,342.521
-311.808,1040.149,342.532
-311.844,1040.283,342.543
-311.881,1040.405,342.543
-311.918,1040.538,342.554
-311.955,1040.661,342.565
-312.001,1040.794,342.565
-312.037,1040.917,342.576
-312.074,1041.050,342.576
-312.111,1041.172,342.587
-312.148,1041.295,342.598
-312.184,1041.428,342.598
-312.231,1041.551,342.598
-312.267,1041.684,342.598
-312.304,1041.806,342.609
-312.341,1041.940,342.609
-312.378,1042.062,342.598
-312.414,1042.184,342.598
-312.461,1042.318,342.587
-312.497,1042.440,342.576
-312.534,1042.574,342.554
-312.571,1042.696,342.543
-312.608,1042.818,342.521
-312.644,1042.952,342.488
-312.690,1043.074,342.466
-312.727,1043.197,342.433
-312.764,1043.319,342.400
-312.801,1043.452,342.367
-312.837,1043.575,342.334
-312.874,1043.697,342.290
-312.911,1043.819,342.257
-312.948,1043.942,342.213
-312.985,1044.064,342.180
-313.021,1044.198,342.136
-313.068,1044.320,342.092
-313.104,1044.442,342.059
-313.141,1044.565,342.015
-313.178,1044.687,341.971
-313.215,1044.820,341.917
-313.251,1044.943,341.873
-313.298,1045.065,341.829
-313.334,1045.188,341.785
-313.371,1045.310,341.741
-313.408,1045.432,341.697
-313.445,1045.555,341.642
-313.482,1045.677,341.598
-313.528,1045.799,341.565
-313.565,1045.922,341.521
-313.601,1046.044,341.477
-313.638,1046.166,341.433
-313.685,1046.278,341.389
-313.721,1046.400,341.345
-313.758,1046.523,341.301
-313.795,1046.645,341.257
-313.832,1046.767,341.213
-313.878,1046.890,341.158
-313.915,1047.012,341.115
-313.952,1047.134,341.071
-313.998,1047.246,341.027
-314.035,1047.368,340.983
-314.072,1047.490,340.939
-314.118,1047.613,340.895
-314.155,1047.735,340.851
-314.192,1047.846,340.818
-314.238,1047.969,340.774
-314.275,1048.091,340.730
-314.311,1048.214,340.686
-314.358,1048.336,340.653
-314.395,1048.447,340.609
-314.431,1048.570,340.576
-314.478,1048.692,340.532
-314.515,1048.803,340.499
-314.551,1048.926,340.455
-314.598,1049.048,340.422
-314.635,1049.171,340.389
-314.681,1049.282,340.367
-314.718,1049.404,340.334
-314.755,1049.527,340.302
-314.801,1049.638,340.280
-314.838,1049.760,340.258
-314.875,1049.872,340.236
-314.921,1049.994,340.225
-314.958,1050.105,340.203
-314.995,1050.228,340.203
-315.041,1050.350,340.192
-315.078,1050.461,340.203
-315.124,1050.584,340.203
-315.161,1050.695,340.214
-315.198,1050.817,340.225
-315.244,1050.929,340.247
-315.281,1051.051,340.269
-315.327,1051.162,340.291
-315.364,1051.285,340.323
-315.401,1051.407,340.367
-315.447,1051.519,340.400
-315.484,1051.641,340.444
-315.521,1051.752,340.488
-315.568,1051.863,340.532
-315.604,1051.986,340.576
-315.641,1052.097,340.620
-315.688,1052.208,340.675
-315.724,1052.331,340.719
-315.761,1052.442,340.763
-315.798,1052.564,340.818
-315.845,1052.676,340.862
-315.881,1052.798,340.917
-315.918,1052.909,340.961
-315.955,1053.021,341.016
-316.002,1053.143,341.071
-316.038,1053.254,341.115
-316.075,1053.377,341.169
-316.112,1053.488,341.224
-316.158,1053.610,341.268
-316.195,1053.722,341.312
-316.232,1053.833,341.356
-316.269,1053.955,341.400
-316.306,1054.067,341.444
-316.343,1054.178,341.488
-316.380,1054.300,341.521
-316.416,1054.411,341.565
-316.453,1054.523,341.598
-316.490,1054.634,341.631
-316.527,1054.756,341.653
-316.564,1054.868,341.686
-316.601,1054.979,341.708
-316.638,1055.101,341.741
-316.675,1055.212,341.763
-316.711,1055.324,341.785
-316.748,1055.435,341.818
-316.785,1055.557,341.840
-316.822,1055.669,341.862
-316.859,1055.791,341.895
-316.896,1055.902,341.917
-316.933,1056.013,341.938
-316.960,1056.125,341.960
-316.997,1056.247,341.971
-317.034,1056.358,341.993
-317.071,1056.469,342.015
-317.107,1056.581,342.037
-317.144,1056.692,342.059
-317.181,1056.814,342.070
-317.209,1056.925,342.092
-317.245,1057.037,342.103
-317.282,1057.148,342.114
-317.319,1057.259,342.125
-317.356,1057.370,342.147
-317.383,1057.482,342.158
-317.420,1057.593,342.169
-317.457,1057.704,342.180
-317.494,1057.815,342.191
-317.522,1057.927,342.202
-317.558,1058.038,342.202
-317.595,1058.149,342.213
-317.623,1058.260,342.224
-317.660,1058.372,342.235
-317.697,1058.483,342.246
-317.724,1058.594,342.257
-317.761,1058.694,342.268
-317.798,1058.805,342.290
-317.825,1058.917,342.301
-317.862,1059.017,342.312
-317.890,1059.128,342.323
-317.927,1059.228,342.334
-317.954,1059.328,342.345
-317.991,1059.439,342.356
-318.019,1059.539,342.367
-318.056,1059.640,342.378
-318.083,1059.751,342.378
-318.110,1059.851,342.378
-318.147,1059.951,342.389
-318.175,1060.051,342.389
-318.202,1060.151,342.400
-318.230,1060.251,342.400
-318.267,1060.351,342.411
-318.294,1060.451,342.411
-318.322,1060.552,342.422
-318.359,1060.652,342.433
-318.386,1060.752,342.444
-318.414,1060.841,342.455
-318.442,1060.941,342.466
-318.479,1061.041,342.477
-318.506,1061.130,342.488
-318.534,1061.230,342.488
-318.561,1061.319,342.499
-318.589,1061.419,342.499
-318.616,1061.508,342.499
-318.644,1061.597,342.499
-318.671,1061.697,342.499
-318.699,1061.786,342.499
-318.727,1061.875,342.488
-318.754,1061.964,342.488
-318.782,1062.053,342.488
-318.800,1062.142,342.488
-318.828,1062.231,342.499
-318.855,1062.320,342.499
-318.883,1062.409,342.510
-318.910,1062.498,342.521
-318.938,1062.576,342.532
-318.966,1062.665,342.543
-318.993,1062.754,342.554
-319.021,1062.843,342.565
-319.049,1062.921,342.576
-319.067,1063.010,342.587
-319.095,1063.099,342.598
-319.122,1063.177,342.609
-319.140,1063.254,342.620
-319.168,1063.343,342.620
-319.196,1063.421,342.631
-319.214,1063.499,342.642
-319.242,1063.577,342.642
-319.260,1063.655,342.653
-319.288,1063.733,342.653
-319.315,1063.811,342.664
-319.334,1063.888,342.664
-319.361,1063.966,342.664
-319.380,1064.044,342.664
-319.398,1064.122,342.675
-319.426,1064.200,342.675
-319.453,1064.278,342.675
-319.471,1064.355,342.686
-319.499,1064.433,342.697
-319.517,1064.511,342.697
-319.536,1064.578,342.708
-319.563,1064.656,342.708
-319.582,1064.734,342.719
-319.600,1064.800,342.729
-319.628,1064.878,342.729
-319.646,1064.945,342.729
-319.664,1065.012,342.729
-319.692,1065.078,342.729
-319.710,1065.156,342.729
-319.729,1065.223,342.729
-319.747,1065.290,342.729
-319.775,1065.356,342.729
-319.793,1065.423,342.729
-319.812,1065.490,342.729
-319.830,1065.568,342.729
-319.848,1065.634,342.740
-319.876,1065.701,342.740
-319.894,1065.768,342.740
-319.913,1065.824,342.751
-319.931,1065.890,342.751
-319.949,1065.957,342.762
-319.968,1066.024,342.762
-319.986,1066.090,342.773
-320.005,1066.146,342.773
-320.023,1066.213,342.773
-320.041,1066.268,342.784
-320.060,1066.335,342.795
-320.078,1066.391,342.806
-320.096,1066.457,342.817
-320.115,1066.513,342.817
-320.133,1066.580,342.828
-320.152,1066.635,342.839
-320.170,1066.691,342.839
-320.189,1066.747,342.850
-320.207,1066.813,342.850
-320.216,1066.869,342.850
-320.234,1066.925,342.850
-320.253,1066.980,342.850
-320.271,1067.036,342.850
-320.290,1067.091,342.850
-320.308,1067.147,342.850
-320.317,1067.203,342.861
-320.336,1067.247,342.861
-320.354,1067.303,342.861
-320.363,1067.358,342.872
-320.381,1067.414,342.883
-320.400,1067.459,342.883
-320.418,1067.514,342.894
-320.427,1067.570,342.905
-320.446,1067.614,342.916
-320.464,1067.670,342.927
-320.473,1067.714,342.938
-320.492,1067.770,342.949
-320.501,1067.814,342.960
-320.519,1067.870,342.971
-320.528,1067.914,342.971
-320.547,1067.970,342.982
-320.565,1068.015,342.982
-320.574,1068.059,342.982
-320.593,1068.115,342.982
-320.602,1068.159,342.982
-320.621,1068.204,342.971
-320.629,1068.259,342.971
-320.648,1068.304,342.960
-320.657,1068.359,342.960
-320.676,1068.404,342.960
-320.685,1068.448,342.971
-320.703,1068.504,342.971
-320.712,1068.548,342.982
-320.731,1068.593,342.982
-320.740,1068.648,342.993
-320.758,1068.693,342.993
-320.777,1068.737,343.004
-320.786,1068.793,343.004
-320.804,1068.838,343.015
-320.813,1068.882,343.026
-320.832,1068.938,343.037
-320.850,1068.982,343.037
-320.859,1069.027,343.048
-320.878,1069.082,343.048
-320.887,1069.127,343.059
-320.905,1069.171,343.059
-320.914,1069.216,343.070
-320.933,1069.260,343.081
-320.942,1069.316,343.081
-320.951,1069.360,343.092
-320.970,1069.405,343.092
-320.988,1069.449,343.092
-320.997,1069.494,343.103
-321.016,1069.538,343.103
-321.025,1069.583,343.103
-321.034,1069.627,343.103
-321.052,1069.672,343.092
-321.061,1069.716,343.092
-321.070,1069.761,343.092
-321.089,1069.805,343.092
-321.098,1069.850,343.092
-321.117,1069.894,343.103
-321.126,1069.939,343.114
-321.144,1069.972,343.125
-321.153,1070.016,343.136
-321.162,1070.061,343.147
-321.172,1070.094,343.158
-321.190,1070.139,343.169
-321.199,1070.172,343.169
-321.208,1070.217,343.169
-321.218,1070.250,343.169
-321.236,1070.295,343.169
-321.245,1070.328,343.169
-321.254,1070.372,343.169
-321.264,1070.406,343.158
-321.282,1070.450,343.147
-321.291,1070.484,343.147
-321.300,1070.517,343.136
-321.310,1070.550,343.136
-321.319,1070.595,343.125
-321.328,1070.628,343.125
-321.337,1070.661,343.125
-321.356,1070.695,343.125
-321.365,1070.728,343.125
-321.374,1070.773,343.125
-321.383,1070.806,343.125
-321.392,1070.839,343.125
-321.401,1070.873,343.136
-321.411,1070.906,343.136
-321.420,1070.939,343.136
-321.429,1070.962,343.147
-321.438,1070.995,343.147
-321.447,1071.028,343.158
-321.456,1071.062,343.158
-321.466,1071.095,343.169
-321.475,1071.129,343.169
-321.484,1071.151,343.180
-321.493,1071.184,343.191
-321.502,1071.218,343.191
-321.512,1071.240,343.202
-321.521,1071.273,343.202
-321.530,1071.307,343.213
-321.539,1071.340,343.224
-321.548,1071.362,343.235
-321.558,1071.396,343.235
-321.567,1071.418,343.246
-321.576,1071.451,343.246
-321.576,1071.473,343.246
-321.585,1071.507,343.257
-321.594,1071.529,343.246
-321.604,1071.551,343.246
-321.613,1071.585,343.246
-321.622,1071.607,343.235
-321.622,1071.629,343.224
-321.631,1071.662,343.224
-321.640,1071.685,343.213
-321.650,1071.707,343.202
-321.649,1071.740,343.202
-321.658,1071.762,343.202
-321.668,1071.785,343.202
-321.677,1071.807,343.202
-321.686,1071.829,343.213
-321.686,1071.863,343.224
-321.695,1071.885,343.235
-321.704,1071.907,343.246
-321.704,1071.929,343.257
-321.714,1071.951,343.268
-321.723,1071.974,343.279
-321.732,1071.996,343.290
-321.732,1072.018,343.301
-321.741,1072.040,343.301
-321.750,1072.063,343.312
-321.760,1072.074,343.312
-321.760,1072.096,343.323
-321.769,1072.118,343.312
-321.778,1072.141,343.312
-321.778,1072.163,343.312
-321.787,1072.185,343.312
-321.787,1072.207,343.301
-321.796,1072.218,343.301
-321.806,1072.241,343.290
-321.805,1072.263,343.290
-321.815,1072.285,343.279
-321.824,1072.296,343.279
-321.824,1072.319,343.279
-321.833,1072.341,343.268
-321.833,1072.363,343.268
-321.842,1072.374,343.268
-321.842,1072.396,343.268
-321.851,1072.419,343.268
-321.861,1072.430,343.279
-321.861,1072.452,343.279
-321.870,1072.463,343.279
-321.870,1072.485,343.279
-321.879,1072.508,343.290
-321.879,1072.519,343.290
-321.888,1072.541,343.290
-321.888,1072.552,343.301
-321.897,1072.574,343.301
-321.907,1072.585,343.312
-321.906,1072.608,343.312
-321.916,1072.619,343.323
-321.916,1072.641,343.323
-321.925,1072.652,343.323
-321.925,1072.674,343.334
-321.934,1072.686,343.334
-321.934,1072.697,343.345
-321.943,1072.719,343.356
-321.943,1072.730,343.356
-321.953,1072.752,343.367
-321.952,1072.763,343.378
-321.962,1072.775,343.389
-321.962,1072.797,343.400
-321.961,1072.808,343.422
-321.971,1072.819,343.444
-321.971,1072.841,343.466
-321.980,1072.852,343.488
-321.980,1072.863,343.521
-321.989,1072.886,343.542
-321.989,1072.897,343.575
-321.998,1072.908,343.619
-321.998,1072.930,343.652
-322.008,1072.941,343.696
-322.008,1072.952,343.740
-322.007,1072.975,343.784
-322.017,1072.986,343.828
-322.017,1072.997,343.872
-322.026,1073.008,343.927
-322.026,1073.030,343.982
-322.035,1073.041,344.037
-322.035,1073.064,344.092
-322.044,1073.075,344.158
-322.044,1073.086,344.213
-322.044,1073.108,344.290
-322.053,1073.119,344.355
-322.053,1073.130,344.432
-322.063,1073.153,344.509
-322.062,1073.164,344.597
-322.072,1073.175,344.674
-322.072,1073.197,344.773
-322.081,1073.208,344.861
-322.081,1073.219,344.960
-322.081,1073.241,345.070
-322.090,1073.253,345.168
-322.090,1073.264,345.278
-322.099,1073.286,345.388
-322.099,1073.297,345.498
-322.099,1073.308,345.608
-322.108,1073.330,345.718
-322.108,1073.342,345.839
-322.117,1073.364,345.959
-322.117,1073.375,346.080
-322.117,1073.386,346.212
-322.126,1073.408,346.333
-322.126,1073.419,346.476
-322.136,1073.431,346.608
-322.135,1073.453,346.750
-322.135,1073.464,346.893
-322.145,1073.475,347.036
-322.145,1073.486,347.179
-322.144,1073.508,347.322
-322.154,1073.519,347.476
-322.154,1073.542,347.629
-322.153,1073.553,347.772
-322.163,1073.564,347.926
-322.163,1073.575,348.080
-322.162,1073.597,348.223
-322.172,1073.608,348.376
-322.172,1073.619,348.530
-322.171,1073.642,348.684
-322.171,1073.653,348.838
-322.181,1073.675,349.003
-322.181,1073.686,349.156
-322.180,1073.697,349.321
-322.190,1073.719,349.486
-322.190,1073.730,349.651
-322.189,1073.741,349.816
-322.199,1073.764,349.991
-322.199,1073.775,350.156
-322.199,1073.786,350.332
-322.198,1073.808,350.508
-322.198,1073.819,350.684
-322.207,1073.841,350.859
-322.207,1073.853,351.035
-322.207,1073.864,351.222
-322.216,1073.886,351.409
-322.216,1073.897,351.595
-322.216,1073.919,351.793
-322.216,1073.930,351.991
-322.225,1073.941,352.189
-322.225,1073.964,352.397
-322.225,1073.986,352.606
-322.225,1073.997,352.815
-322.225,1074.019,353.024
-322.224,1074.030,353.243
-322.234,1074.052,353.463
-322.234,1074.063,353.683
-322.233,1074.086,353.903
-322.233,1074.097,354.133
-322.242,1074.119,354.353
-322.233,1074.141,354.584
-322.242,1074.152,354.814
-322.242,1074.174,355.045
-322.242,1074.197,355.276
-322.242,1074.208,355.518
-322.241,1074.230,355.759
-322.241,1074.241,356.001
-322.250,1074.263,356.243
-322.250,1074.285,356.495
-322.250,1074.296,356.748
-322.250,1074.319,357.001
-322.250,1074.341,357.264
-322.249,1074.363,357.528
-322.249,1074.374,357.792
-322.249,1074.396,358.055
-322.249,1074.418,358.330
-322.249,1074.429,358.605
-322.248,1074.452,358.879
-322.248,1074.474,359.165
-322.248,1074.496,359.440
-322.248,1074.518,359.725
-322.247,1074.529,0.000
-322.247,1074.551,0.286
-322.247,1074.574,0.571
-322.247,1074.596,0.857
-322.247,1074.618,1.154
-322.246,1074.629,1.439
-322.246,1074.651,1.736
-322.246,1074.673,2.032
-322.246,1074.695,2.329
-322.245,1074.718,2.637
-322.236,1074.740,2.944
-322.236,1074.751,3.241
-322.235,1074.773,3.549
-322.235,1074.795,3.856
-322.235,1074.817,4.164
-322.235,1074.839,4.471
-322.225,1074.862,4.779
-322.225,1074.884,5.098
-322.224,1074.906,5.405
-322.224,1074.928,5.713
-322.214,1074.950,6.031
-322.214,1074.961,6.339
-322.214,1074.983,6.658
-322.204,1075.005,6.976
-322.204,1075.028,7.295
-322.204,1075.050,7.614
-322.203,1075.072,7.943
-322.194,1075.094,8.262
-322.193,1075.116,8.591
-322.193,1075.138,8.921
-322.183,1075.160,9.250
-322.183,1075.183,9.591
-322.173,1075.205,9.921
-322.173,1075.227,10.261
-322.163,1075.249,10.602
-322.163,1075.271,10.931
-322.163,1075.293,11.272
-322.153,1075.315,11.613
-322.153,1075.337,11.953
-322.143,1075.359,12.294
-322.133,1075.382,12.645
-322.123,1075.404,12.986
-322.123,1075.426,13.326
-322.113,1075.448,13.678
-322.113,1075.470,14.019
-322.103,1075.492,14.370
-322.103,1075.525,14.722
-322.093,1075.547,15.073
-322.083,1075.569,15.436
-322.083,1075.592,15.798
-322.064,1075.614,16.150
-322.064,1075.636,16.512
-322.054,1075.658,16.875
-322.044,1075.680,17.238
-322.044,1075.702,17.600
-322.034,1075.724,17.974
-322.024,1075.746,18.336
-322.015,1075.768,18.710
-322.014,1075.790,19.083
-322.004,1075.823,19.457
-321.985,1075.845,19.830
-321.975,1075.868,20.204
-321.975,1075.890,20.577
-321.965,1075.912,20.951
-321.956,1075.934,21.324
-321.946,1075.956,21.698
-321.936,1075.978,22.072
-321.926,1076.000,22.445
-321.916,1076.022,22.819
-321.907,1076.044,23.203
-321.887,1076.066,23.577
-321.878,1076.088,23.961
-321.868,1076.110,24.346
-321.858,1076.132,24.719
-321.848,1076.154,25.115
-321.838,1076.176,25.499
-321.829,1076.198,25.884
-321.819,1076.221,26.279
-321.809,1076.243,26.664
-321.790,1076.276,27.059
-321.780,1076.298,27.455
-321.761,1076.320,27.850
-321.751,1076.342,28.246
-321.741,1076.364,28.641
-321.731,1076.386,29.037
-321.712,1076.408,29.432
-321.702,1076.430,29.839
-321.692,1076.452,30.234
-321.673,1076.474,30.630
-321.663,1076.496,31.036
-321.644,1076.518,31.432
-321.634,1076.540,31.838
-321.615,1076.562,32.245
-321.605,1076.584,32.651
-321.586,1076.606,33.047
-321.576,1076.628,33.453
-321.557,1076.650,33.860
-321.547,1076.672,34.266
-321.528,1076.694,34.673
-321.518,1076.716,35.079
-321.499,1076.727,35.486
-321.479,1076.749,35.892
-321.460,1076.771,36.299
-321.450,1076.793,36.705
-321.431,1076.815,37.112
-321.421,1076.837,37.518
-321.402,1076.859,37.925
-321.383,1076.881,38.331
-321.363,1076.903,38.738
-321.344,1076.925,39.144
-321.325,1076.936,39.551
-321.306,1076.958,39.946
-321.296,1076.980,40.353
-321.276,1077.002,40.748
-321.257,1077.024,41.144
-321.238,1077.045,41.528
-321.219,1077.056,41.924
-321.199,1077.078,42.308
-321.190,1077.100,42.693
-321.161,1077.122,43.088
-321.141,1077.144,43.462
-321.122,1077.155,43.846
-321.103,1077.177,44.220
-321.084,1077.199,44.594
-321.064,1077.221,44.967
-321.045,1077.232,45.330
-321.026,1077.254,45.692
-321.006,1077.276,46.055
-320.987,1077.298,46.417
-320.958,1077.308,46.780
-320.939,1077.330,47.131
-320.920,1077.352,47.483
-320.901,1077.363,47.834
-320.872,1077.385,48.175
-320.852,1077.407,48.527
-320.833,1077.418,48.867
-320.814,1077.440,49.208
-320.795,1077.462,49.548
-320.766,1077.473,49.889
-320.747,1077.495,50.219
-320.718,1077.516,50.537
-320.699,1077.527,50.856
-320.670,1077.549,51.174
-320.650,1077.571,51.493
-320.631,1077.582,51.801
-320.602,1077.604,52.108
-320.583,1077.615,52.416
-320.564,1077.637,52.723
-320.535,1077.659,53.020
-320.506,1077.669,53.317
-320.478,1077.691,53.613
-320.458,1077.702,53.910
-320.430,1077.724,54.196
-320.410,1077.735,54.492
-320.382,1077.757,54.778
-320.362,1077.779,55.063
-320.333,1077.789,55.349
-320.314,1077.811,55.635
-320.285,1077.822,55.920
-320.257,1077.844,56.195
-320.228,1077.855,56.481
-320.199,1077.876,56.755
-320.180,1077.887,57.030
-320.151,1077.909,57.305
-320.122,1077.920,57.568
-320.093,1077.942,57.843
-320.074,1077.953,58.107
-320.045,1077.975,58.381
-320.017,1077.985,58.645
-319.988,1078.007,58.909
-319.959,1078.018,59.172
-319.930,1078.040,59.436
-319.902,1078.051,59.711
-319.873,1078.072,59.974
-319.844,1078.083,60.238
-319.815,1078.105,60.502
-319.787,1078.116,60.776
-319.758,1078.138,61.040
-319.719,1078.148,61.304
-319.691,1078.159,61.578
-319.662,1078.181,61.842
-319.633,1078.192,62.106
-319.595,1078.213,62.369
-319.566,1078.224,62.633
-319.537,1078.246,62.886
-319.509,1078.257,63.149
-319.470,1078.279,63.402
-319.441,1078.289,63.666
-319.413,1078.300,63.918
-319.374,1078.322,64.171
-319.346,1078.333,64.424
-319.307,1078.354,64.677
-319.279,1078.365,64.918
-319.240,1078.387,65.160
-319.211,1078.398,65.402
-319.173,1078.408,65.643
-319.144,1078.430,65.874
-319.106,1078.441,66.105
-319.068,1078.463,66.324
-319.039,1078.473,66.544
-319.001,1078.484,66.764
-318.962,1078.506,66.973
-318.924,1078.516,67.170
-318.895,1078.527,67.368
-318.857,1078.549,67.566
-318.819,1078.560,67.753
-318.781,1078.570,67.939
-318.742,1078.592,68.115
-318.713,1078.603,68.302
-318.666,1078.613,68.467
-318.637,1078.624,68.643
-318.599,1078.646,68.807
-318.560,1078.657,68.961
-318.522,1078.667,69.126
-318.484,1078.689,69.280
-318.445,1078.700,69.423
-318.407,1078.710,69.576
-318.359,1078.732,69.719
-318.321,1078.743,69.851
-318.283,1078.753,69.972
-318.245,1078.764,70.093
-318.206,1078.786,70.203
-318.168,1078.796,70.302
-318.120,1078.807,70.400
-318.082,1078.829,70.488
-318.044,1078.839,70.565
-318.005,1078.850,70.642
-317.957,1078.872,70.708
-317.919,1078.882,70.763
-317.881,1078.893,70.829
-317.833,1078.903,70.873
-317.795,1078.925,70.917
-317.757,1078.936,70.961
-317.709,1078.946,71.005
-317.670,1078.957,71.038
-317.632,1078.979,71.082
-317.584,1078.989,71.115
-317.546,1079.000,71.147
-317.498,1079.022,71.180
-317.460,1079.032,71.213
-317.412,1079.043,71.246
-317.364,1079.065,71.279
-317.326,1079.075,71.312
-317.278,1079.086,71.345
-317.240,1079.108,71.378
-317.192,1079.118,71.400
-317.144,1079.129,71.433
-317.106,1079.150,71.455
-317.058,1079.161,71.488
-317.020,1079.172,71.510
-316.972,1079.193,71.532
-316.924,1079.204,71.554
-316.886,1079.214,71.576
-316.838,1079.225,71.598
-316.790,1079.247,71.620
-316.752,1079.257,71.631
-316.704,1079.268,71.642
-316.656,1079.290,71.653
-316.618,1079.300,71.653
-316.570,1079.311,71.664
-316.522,1079.332,71.675
-316.475,1079.343,71.686
-316.427,1079.365,71.708
-316.388,1079.375,71.719
-316.341,1079.386,71.741
-316.293,1079.407,71.763
-316.245,1079.418,71.785
-316.197,1079.429,71.807
-316.149,1079.450,71.829
-316.102,1079.461,71.851
-316.054,1079.482,71.873
-316.015,1079.493,71.884
-315.967,1079.515,71.906
-315.920,1079.525,71.917
-315.872,1079.547,71.927
-315.824,1079.557,71.938
-315.776,1079.568,71.938
-315.728,1079.590,71.927
-315.681,1079.600,71.906
-315.633,1079.611,71.884
-315.585,1079.632,71.862
-315.537,1079.643,71.829
-315.489,1079.654,71.796
-315.441,1079.675,71.763
-315.394,1079.686,71.730
-315.346,1079.696,71.697
-315.298,1079.718,71.675
-315.250,1079.728,71.653
-315.202,1079.750,71.631
-315.154,1079.761,71.620
-315.107,1079.782,71.598
-315.059,1079.793,71.587
-315.001,1079.814,71.576
-314.954,1079.825,71.565
-314.906,1079.847,71.554
-314.858,1079.857,71.543
-314.810,1079.879,71.532
-314.762,1079.889,71.521
-314.705,1079.911,71.510
-314.667,1079.922,71.499
-314.619,1079.943,71.488
-314.571,1079.954,71.477
-314.523,1079.975,71.466
-314.475,1079.986,71.455
-314.427,1080.008,71.444
-314.370,1080.018,71.433
-314.322,1080.040,71.422
-314.274,1080.050,71.400
-314.226,1080.072,71.389
-314.179,1080.082,71.367
-314.121,1080.104,71.345
-314.073,1080.126,71.312
-314.025,1080.136,71.290
-313.978,1080.158,71.257
-313.920,1080.168,71.235
-313.872,1080.190,71.213
-313.825,1080.200,71.180
-313.777,1080.222,71.158
-313.719,1080.233,71.125
-313.672,1080.243,71.104
-313.624,1080.265,71.082
-313.576,1080.275,71.049
-313.528,1080.297,71.027
-313.471,1080.319,71.005
-313.423,1080.329,70.983
-313.375,1080.351,70.961
-313.327,1080.361,70.939
-313.279,1080.383,70.917
-313.222,1080.393,70.895
-313.174,1080.415,70.873
-313.126,1080.426,70.851
-313.078,1080.447,70.829
-313.021,1080.469,70.807
-312.973,1080.479,70.785
-312.925,1080.501,70.774
-312.877,1080.511,70.752
-312.820,1080.533,70.730
-312.772,1080.544,70.719
-312.724,1080.565,70.697
-312.676,1080.587,70.686
-312.619,1080.597,70.664
-312.571,1080.619,70.653
-312.523,1080.641,70.631
-312.475,1080.651,70.620
-312.418,1080.673,70.598
-312.370,1080.683,70.587
-312.322,1080.705,70.565
-312.265,1080.726,70.554
-312.217,1080.737,70.543
-312.169,1080.759,70.532
-312.112,1080.769,70.521
-312.064,1080.791,70.510
-312.016,1080.812,70.510
-311.959,1080.823,70.510
-311.911,1080.844,70.510
-311.863,1080.855,70.510
-311.806,1080.877,70.521
-311.758,1080.898,70.521
-311.710,1080.909,70.532
-311.653,1080.930,70.543
-311.605,1080.952,70.554
-311.547,1080.962,70.565
-311.499,1080.984,70.576
-311.442,1081.006,70.587
-311.394,1081.016,70.598
-311.346,1081.038,70.598
-311.289,1081.059,70.609
-311.241,1081.070,70.620
-311.184,1081.091,70.631
-311.136,1081.113,70.631
-311.078,1081.123,70.642
-311.031,1081.145,70.642
-310.973,1081.167,70.653
-310.925,1081.177,70.653
-310.868,1081.199,70.664
-310.820,1081.220,70.675
-310.763,1081.231,70.675
-310.715,1081.252,70.686
-310.657,1081.274,70.697
-310.600,1081.284,70.697
-310.552,1081.306,70.708
-310.495,1081.328,70.719
-310.447,1081.338,70.730
-310.389,1081.360,70.741
-310.332,1081.381,70.741
-310.284,1081.392,70.752
-310.227,1081.413,70.763
-310.169,1081.435,70.774
-310.122,1081.445,70.774
-310.064,1081.467,70.785
-310.016,1081.489,70.796
-309.959,1081.510,70.807
-309.902,1081.521,70.818
-309.854,1081.542,70.829
-309.796,1081.564,70.840
-309.739,1081.574,70.851
-309.691,1081.596,70.862
-309.634,1081.617,70.873
-309.576,1081.628,70.873
-309.519,1081.649,70.884
-309.471,1081.671,70.895
-309.413,1081.693,70.895
-309.356,1081.703,70.906
-309.299,1081.725,70.906
-309.251,1081.746,70.906
-309.193,1081.757,70.917
-309.136,1081.778,70.928
-309.088,1081.800,70.928
-309.031,1081.810,70.939
-308.973,1081.832,70.939
-308.916,1081.853,70.950
-308.859,1081.875,70.961
-308.811,1081.885,70.961
-308.753,1081.907,70.972
-308.696,1081.929,70.972
-308.638,1081.950,70.983
-308.591,1081.961,70.994
-308.533,1081.982,70.994
-308.476,1082.004,71.005
-308.418,1082.025,71.016
-308.361,1082.036,71.027
-308.304,1082.057,71.038
-308.256,1082.079,71.038
-308.198,1082.089,71.049
-308.141,1082.111,71.060
-308.084,1082.132,71.060
-308.026,1082.154,71.071
-307.969,1082.164,71.071
-307.921,1082.186,71.082
-307.863,1082.208,71.082
-307.806,1082.229,71.093
-307.749,1082.240,71.093
-307.691,1082.261,71.104
-307.634,1082.283,71.104
-307.576,1082.304,71.104
-307.519,1082.315,71.115
-307.462,1082.336,71.115
-307.404,1082.358,71.115
-307.347,1082.379,71.115
-307.289,1082.390,71.125
-307.232,1082.411,71.125
-307.175,1082.433,71.125
-307.117,1082.454,71.125
-307.060,1082.465,71.125
-307.002,1082.486,71.125
-306.945,1082.508,71.125
-306.888,1082.529,71.136
-306.830,1082.540,71.136
-306.773,1082.561,71.136
-306.715,1082.583,71.147
-306.648,1082.604,71.147
-306.591,1082.626,71.158
-306.534,1082.636,71.158
-306.476,1082.658,71.169
-306.419,1082.679,71.180
-306.361,1082.701,71.191
-306.294,1082.722,71.202
-306.237,1082.744,71.213
-306.180,1082.754,71.224
-306.122,1082.776,71.224
-306.065,1082.797,71.235
-305.998,1082.819,71.246
-305.940,1082.840,71.246
-305.883,1082.862,71.246
-305.826,1082.883,71.257
-305.759,1082.894,71.257
-305.701,1082.915,71.257
-305.634,1082.937,71.257
-305.577,1082.958,71.257
-305.510,1082.980,71.246
-305.452,1083.001,71.246
-305.385,1083.023,71.246
-305.328,1083.044,71.235
-305.261,1083.055,71.235
-305.204,1083.076,71.235
-305.146,1083.098,71.224
-305.079,1083.119,71.224
-305.012,1083.140,71.224
-304.955,1083.162,71.224
-304.888,1083.183,71.224
-304.831,1083.205,71.224
-304.764,1083.226,71.224
-304.706,1083.248,71.224
-304.639,1083.269,71.224
-304.572,1083.280,71.224
-304.515,1083.301,71.224
-304.448,1083.323,71.224
-304.381,1083.344,71.224
-304.324,1083.366,71.213
-304.257,1083.387,71.213
-304.190,1083.409,71.202
-304.123,1083.430,71.202
-304.056,1083.451,71.202
-303.998,1083.473,71.202
-303.931,1083.494,71.202
-303.864,1083.516,71.213
-303.797,1083.537,71.224
-303.730,1083.559,71.235
-303.673,1083.580,71.246
-303.606,1083.602,71.257
-303.539,1083.623,71.279
-303.472,1083.644,71.290
-303.405,1083.666,71.301
-303.338,1083.687,71.312
-303.271,1083.709,71.323
-303.204,1083.730,71.334
-303.137,1083.752,71.345
-303.070,1083.773,71.356
-303.003,1083.795,71.356
-302.936,1083.827,71.356
-302.869,1083.848,71.356
-302.802,1083.870,71.356
-302.735,1083.891,71.345
-302.668,1083.913,71.334
-302.601,1083.934,71.323
-302.534,1083.956,71.312
-302.467,1083.977,71.301
-302.400,1083.998,71.279
-302.333,1084.020,71.268
-302.267,1084.030,71.257
-302.200,1084.052,71.246
-302.133,1084.073,71.235
-302.066,1084.095,71.224
-301.999,1084.116,71.213
-301.932,1084.137,71.213
-301.865,1084.159,71.202
-301.798,1084.191,71.202
-301.731,1084.213,71.213
-301.664,1084.234,71.224
-301.587,1084.256,71.235
-301.520,1084.288,71.246
-301.453,1084.309,71.268
-301.386,1084.331,71.290
-301.319,1084.352,71.323
-301.252,1084.374,71.345
-301.185,1084.406,71.367
-301.109,1084.428,71.389
-301.042,1084.449,71.411
-300.975,1084.470,71.433
-300.908,1084.492,71.444
-300.831,1084.524,71.455
-300.764,1084.546,71.466
-300.697,1084.567,71.477
-300.621,1084.588,71.477
-300.554,1084.610,71.477
-300.487,1084.631,71.488
-300.410,1084.653,71.488
-300.343,1084.674,71.477
-300.276,1084.707,71.477
-300.210,1084.717,71.488
-300.133,1084.738,71.488
-300.066,1084.760,71.488
-299.999,1084.781,71.477
-299.923,1084.802,71.488
-299.855,1084.835,71.488
-299.779,1084.856,71.488
-299.712,1084.878,71.499
-299.645,1084.899,71.499
-299.569,1084.921,71.510
-299.502,1084.942,71.532
-299.425,1084.974,71.543
-299.358,1084.996,71.554
-299.282,1085.017,71.565
-299.215,1085.039,71.576
-299.138,1085.060,71.587
-299.071,1085.081,71.587
-299.004,1085.103,71.598
-298.927,1085.135,71.609
-298.861,1085.157,71.609
-298.784,1085.178,71.609
-298.717,1085.199,71.609
-298.641,1085.221,71.620
-298.573,1085.253,71.620
-298.497,1085.274,71.631
-298.430,1085.296,71.631
-298.354,1085.317,71.631
-298.287,1085.339,71.642
-298.210,1085.360,71.642
-298.143,1085.393,71.653
-298.066,1085.414,71.653
-297.990,1085.435,71.664
-297.923,1085.457,71.675
-297.846,1085.478,71.686
-297.780,1085.499,71.697
-297.703,1085.521,71.697
-297.626,1085.553,71.708
-297.559,1085.575,71.719
-297.483,1085.596,71.730
-297.416,1085.617,71.730
-297.339,1085.639,71.741
-297.273,1085.660,71.741
-297.196,1085.681,71.752
-297.129,1085.714,71.752
-297.052,1085.735,71.752
-296.985,1085.757,71.752
-296.909,1085.778,71.763
-296.832,1085.799,71.763
-296.766,1085.821,71.774
-296.689,1085.853,71.774
-296.612,1085.874,71.785
-296.536,1085.896,71.796
-296.469,1085.917,71.807
-296.392,1085.939,71.818
-296.316,1085.971,71.829
-296.249,1085.992,71.840
-296.172,1086.014,71.851
-296.096,1086.035,71.862
-296.019,1086.056,71.873
-295.952,1086.089,71.884
-295.876,1086.110,71.895
-295.799,1086.132,71.895
-295.732,1086.153,71.906
-295.656,1086.174,71.906
-295.579,1086.196,71.906
-295.512,1086.217,71.917
-295.436,1086.249,71.917
-295.359,1086.271,71.917
-295.292,1086.292,71.917
-295.216,1086.314,71.917
-295.139,1086.335,71.917
-295.063,1086.356,71.927
-294.996,1086.389,71.927
-294.919,1086.410,71.938
-294.843,1086.431,71.938
-294.766,1086.453,71.949
-294.699,1086.474,71.949
-294.623,1086.495,71.960
-294.546,1086.528,71.971
-294.470,1086.549,71.982
-294.393,1086.570,71.982
-294.326,1086.592,71.993
-294.250,1086.613,71.993
-294.173,1086.646,71.993
-294.097,1086.667,72.004
-294.030,1086.688,72.004
-293.953,1086.710,72.004
-293.877,1086.731,72.004
-293.800,1086.752,72.004
-293.733,1086.785,72.004
-293.656,1086.806,72.004
-293.580,1086.828,72.015
-293.503,1086.849,72.015
-293.437,1086.870,72.015
-293.360,1086.903,72.015
-293.283,1086.924,72.015
-293.207,1086.945,72.015
-293.140,1086.967,72.015
-293.063,1086.988,72.015
-292.987,1087.009,72.015
-292.910,1087.042,72.015
-292.834,1087.063,72.015
-292.757,1087.084,72.026
-292.690,1087.106,72.026
-292.614,1087.127,72.026
-292.537,1087.160,72.026
-292.461,1087.181,72.026
-292.384,1087.202,72.037
-292.317,1087.224,72.037
-292.241,1087.245,72.037
-292.164,1087.266,72.037
-292.088,1087.299,72.037
-292.021,1087.320,72.037
-291.944,1087.342,72.037
-291.868,1087.363,72.037
-291.791,1087.384,72.026
-291.715,1087.406,72.026
-291.648,1087.438,72.026
-291.571,1087.459,72.026
-291.495,1087.481,72.026
-291.418,1087.502,72.026
-291.341,1087.534,72.026
-291.265,1087.556,72.026
-291.198,1087.577,72.026
-291.122,1087.599,72.037
-291.045,1087.620,72.037
-290.969,1087.641,72.037
-290.892,1087.674,72.037
-290.815,1087.695,72.037
-290.748,1087.716,72.037
-290.672,1087.738,72.037
-290.595,1087.759,72.037
-290.519,1087.791,72.037
-290.442,1087.813,72.037
-290.375,1087.834,72.037
-290.299,1087.855,72.037
-290.222,1087.877,72.037
-290.146,1087.898,72.026
-290.069,1087.931,72.026
-290.002,1087.952,72.026
-289.916,1087.973,72.015
-289.840,1087.995,72.015
-289.773,1088.027,72.015
-289.696,1088.048,72.015
-289.620,1088.070,72.004
-289.543,1088.091,72.004
-289.467,1088.112,72.015
-289.390,1088.145,72.015
-289.323,1088.166,72.015
-289.247,1088.187,72.015
-289.170,1088.209,72.015
-289.094,1088.230,72.015
-289.017,1088.263,72.004
-288.940,1088.284,72.004
-288.864,1088.305,72.004
-288.787,1088.327,72.004
-288.721,1088.348,71.993
-288.644,1088.380,71.993
-288.567,1088.402,71.982
-288.491,1088.423,71.982
-288.414,1088.444,71.971
-288.338,1088.466,71.971
-288.261,1088.498,71.971
-288.185,1088.519,71.960
-288.108,1088.541,71.960
-288.032,1088.562,71.960
-287.955,1088.594,71.960
-287.879,1088.616,71.949
-287.802,1088.637,71.949
-287.726,1088.658,71.949
-287.649,1088.691,71.938
-287.573,1088.712,71.938
-287.496,1088.734,71.927
-287.420,1088.755,71.927
-287.343,1088.787,71.927
-287.266,1088.809,71.927
-287.190,1088.830,71.927
-287.113,1088.851,71.927
-287.037,1088.873,71.917
-286.960,1088.905,71.917
-286.884,1088.926,71.917
-286.817,1088.948,71.917
-286.740,1088.980,71.906
-286.664,1089.001,71.906
-286.587,1089.023,71.895
-286.501,1089.044,71.895
-286.425,1089.076,71.895
-286.348,1089.098,71.895
-286.272,1089.119,71.895
-286.195,1089.140,71.895
-286.118,1089.173,71.895
-286.042,1089.194,71.906
-285.965,1089.215,71.906
-285.889,1089.248,71.917
-285.812,1089.269,71.927
-285.736,1089.291,71.938
-285.659,1089.323,71.938
-285.583,1089.344,71.949
-285.506,1089.366,71.960
-285.430,1089.387,71.960
-285.353,1089.419,71.971
-285.277,1089.441,71.971
-285.200,1089.462,71.982
-285.124,1089.483,71.993
-285.047,1089.516,72.004
-284.971,1089.537,72.015
-284.894,1089.558,72.026
-284.818,1089.580,72.048
-284.731,1089.612,72.070
-284.655,1089.633,72.092
-284.578,1089.655,72.125
-284.502,1089.687,72.158
-284.425,1089.708,72.180
-284.349,1089.730,72.213
-284.263,1089.751,72.246
-284.186,1089.783,72.279
-284.110,1089.805,72.312
-284.033,1089.826,72.345
-283.957,1089.847,72.378
-283.880,1089.880,72.400
-283.804,1089.901,72.433
-283.727,1089.922,72.455
-283.641,1089.944,72.477
-283.564,1089.965,72.499
-283.488,1089.997,72.521
-283.411,1090.019,72.543
-283.335,1090.040,72.565
-283.258,1090.061,72.576
-283.172,1090.082,72.598
-283.096,1090.115,72.620
-283.019,1090.136,72.642
-282.943,1090.158,72.653
-282.857,1090.179,72.675
-282.780,1090.211,72.697
-282.704,1090.233,72.719
-282.627,1090.254,72.740
-282.551,1090.275,72.762
-282.465,1090.296,72.773
-282.388,1090.329,72.795
-282.311,1090.350,72.817
-282.235,1090.371,72.828
-282.149,1090.393,72.839
-282.072,1090.425,72.850
-281.996,1090.446,72.861
-281.919,1090.468,72.861
-281.833,1090.489,72.872
-281.757,1090.510,72.872
-281.680,1090.532,72.872
-281.604,1090.553,72.872
-281.518,1090.585,72.872
-281.441,1090.607,72.872
-281.365,1090.628,72.872
-281.288,1090.649,72.883
-281.202,1090.670,72.883
-281.125,1090.703,72.894
-281.049,1090.724,72.905
-280.972,1090.745,72.905
-280.886,1090.767,72.916
-280.810,1090.788,72.927
-280.733,1090.809,72.938
-280.647,1090.842,72.949
-280.571,1090.863,72.949
-280.494,1090.884,72.960
-280.418,1090.917,72.971
-280.332,1090.938,72.971
-280.255,1090.959,72.982
-280.179,1090.981,72.993
-280.093,1091.002,72.993
-280.016,1091.023,72.993
-279.940,1091.056,72.993
-279.863,1091.077,73.004
-279.777,1091.098,73.004
-279.700,1091.119,73.004
-279.624,1091.141,73.004
-279.538,1091.173,73.015
-279.461,1091.194,73.015
-279.385,1091.216,73.015
-279.299,1091.237,73.026
-279.222,1091.258,73.026
-279.136,1091.291,73.037
-279.060,1091.312,73.037
-278.983,1091.333,73.048
-278.897,1091.354,73.048
-278.821,1091.387,73.048
-278.734,1091.408,73.059
-278.658,1091.429,73.059
-278.581,1091.451,73.059
-278.495,1091.472,73.059
-278.419,1091.493,73.059
-278.342,1091.526,73.059
-278.256,1091.547,73.070
-278.180,1091.568,73.070
-278.094,1091.589,73.070
-278.017,1091.622,73.070
-277.941,1091.643,73.070
-277.855,1091.664,73.070
-277.778,1091.686,73.081
-277.692,1091.707,73.081
-277.616,1091.728,73.081
-277.529,1091.761,73.081
-277.453,1091.782,73.092
-277.367,1091.803,73.092
-277.290,1091.824,73.092
-277.214,1091.857,73.103
-277.128,1091.878,73.103
-277.051,1091.899,73.103
-276.965,1091.921,73.114
-276.889,1091.942,73.114
-276.803,1091.974,73.114
-276.726,1091.996,73.114
-276.640,1092.017,73.114
-276.564,1092.038,73.114
-276.487,1092.071,73.114
-276.401,1092.092,73.114
-276.324,1092.113,73.114
-276.238,1092.134,73.114
-276.162,1092.156,73.114
-276.076,1092.188,73.125
-275.999,1092.209,73.125
-275.913,1092.230,73.125
-275.837,1092.252,73.136
-275.751,1092.284,73.136
-275.665,1092.305,73.136
-275.588,1092.327,73.136
-275.502,1092.348,73.147
-275.426,1092.369,73.147
-275.339,1092.401,73.147
-275.263,1092.423,73.147
-275.177,1092.444,73.147
-275.100,1092.465,73.136
-275.024,1092.498,73.136
-274.938,1092.519,73.136
-274.852,1092.540,73.136
-274.775,1092.562,73.125
-274.689,1092.583,73.125
-274.613,1092.615,73.114
-274.527,1092.636,73.103
-274.450,1092.658,73.103
-274.364,1092.679,73.092
-274.287,1092.700,73.092
-274.201,1092.733,73.081
-274.115,1092.754,73.081
-274.029,1092.786,73.070
-273.953,1092.807,73.070
-273.867,1092.829,73.070
-273.781,1092.850,73.059
-273.704,1092.882,73.059
-273.618,1092.903,73.048
-273.541,1092.925,73.048
-273.455,1092.946,73.037
-273.379,1092.978,73.037
-273.293,1093.000,73.026
-273.207,1093.021,73.015
-273.130,1093.042,73.004
-273.044,1093.063,72.993
-272.968,1093.096,72.993
-272.882,1093.117,72.982
-272.796,1093.138,72.971
-272.719,1093.171,72.960
-272.633,1093.192,72.949
-272.547,1093.213,72.949
-272.461,1093.245,72.938
-272.384,1093.267,72.938
-272.298,1093.288,72.927
-272.212,1093.309,72.927
-272.136,1093.342,72.927
-272.049,1093.363,72.916
-271.963,1093.384,72.916
-271.887,1093.416,72.905
-271.801,1093.438,72.905
-271.715,1093.459,72.905
-271.638,1093.491,72.894
-271.552,1093.513,72.883
-271.466,1093.534,72.883
-271.390,1093.555,72.872
-271.303,1093.587,72.872
-271.217,1093.609,72.861
-271.131,1093.630,72.850
-271.055,1093.662,72.850
-270.969,1093.683,72.839
-270.883,1093.716,72.828
-270.797,1093.737,72.828
-270.720,1093.758,72.828
-270.634,1093.780,72.817
-270.548,1093.812,72.817
-270.462,1093.833,72.817
-270.385,1093.854,72.817
-270.299,1093.887,72.806
-270.213,1093.908,72.806
-270.127,1093.929,72.795
-270.051,1093.962,72.795
-269.964,1093.983,72.784
-269.878,1094.004,72.773
-269.802,1094.036,72.773
-269.716,1094.058,72.762
-269.630,1094.079,72.751
-269.544,1094.111,72.740
-269.467,1094.132,72.729
-269.381,1094.154,72.719
-269.295,1094.186,72.708
-269.209,1094.207,72.697
-269.132,1094.229,72.686
-269.046,1094.261,72.675
-268.960,1094.282,72.675
-268.874,1094.303,72.664
-268.798,1094.336,72.664
-268.712,1094.357,72.653
-268.626,1094.378,72.653
-268.539,1094.410,72.642
-268.463,1094.432,72.642
-268.377,1094.464,72.631
-268.291,1094.485,72.620
-268.205,1094.506,72.620
-268.128,1094.539,72.609
-268.042,1094.560,72.598
-267.956,1094.581,72.587
-267.879,1094.614,72.587
-267.793,1094.635,72.576
-267.707,1094.656,72.565
-267.621,1094.688,72.554
-267.545,1094.710,72.543
-267.459,1094.742,72.532
-267.382,1094.763,72.532
-267.296,1094.785,72.521
-267.210,1094.817,72.510
-267.133,1094.838,72.510
-267.047,1094.860,72.499
-266.961,1094.892,72.499
-266.885,1094.913,72.488
-266.799,1094.934,72.488
-266.712,1094.967,72.477
-266.636,1094.988,72.477
-266.550,1095.009,72.466
-266.464,1095.042,72.466
-266.387,1095.063,72.455
-266.301,1095.084,72.455
-266.225,1095.116,72.455
-266.139,1095.138,72.444
-266.053,1095.159,72.444
-265.976,1095.191,72.444
-265.890,1095.213,72.444
-265.804,1095.245,72.433
-265.727,1095.266,72.433
-265.641,1095.287,72.433
-265.565,1095.320,72.433
-265.479,1095.341,72.433
-265.393,1095.362,72.433
-265.316,1095.395,72.444
-265.230,1095.416,72.433
-265.153,1095.437,72.433
-265.067,1095.470,72.433
-264.991,1095.491,72.422
-264.905,1095.512,72.422
-264.828,1095.544,72.411
-264.742,1095.566,72.411
-264.666,1095.587,72.400
-264.579,1095.619,72.389
-264.503,1095.641,72.378
-264.417,1095.662,72.378
-264.340,1095.683,72.367
-264.254,1095.715,72.356
-264.178,1095.737,72.345
-264.092,1095.758,72.334
-264.015,1095.790,72.323
-263.929,1095.812,72.312
-263.853,1095.833,72.301
-263.766,1095.865,72.290
-263.690,1095.887,72.290
-263.604,1095.908,72.290
-263.527,1095.940,72.290
-263.451,1095.962,72.279
-263.365,1095.983,72.279
-263.288,1096.015,72.279
-263.212,1096.037,72.279
-263.126,1096.058,72.268
-263.049,1096.079,72.268
-262.963,1096.111,72.268
-262.887,1096.133,72.257
-262.810,1096.154,72.257
-262.733,1096.186,72.246
-262.647,1096.208,72.246
-262.571,1096.229,72.246
-262.494,1096.261,72.235
-262.418,1096.283,72.224
-262.332,1096.304,72.213
-262.255,1096.325,72.213
-262.179,1096.358,72.202
-262.102,1096.379,72.202
-262.026,1096.400,72.202
-261.949,1096.422,72.202
-261.872,1096.454,72.191
-261.796,1096.475,72.191
-261.719,1096.497,72.202
-261.643,1096.518,72.191
-261.566,1096.550,72.191
-261.490,1096.572,72.191
-261.413,1096.593,72.191
-261.337,1096.614,72.191
-261.270,1096.636,72.180
-261.193,1096.657,72.180
-261.126,1096.679,72.180
-261.050,1096.700,72.169
-260.983,1096.721,72.169
-260.916,1096.743,72.158
-260.840,1096.764,72.147
-260.773,1096.786,72.147
-260.706,1096.807,72.147
-260.629,1096.828,72.136
-260.562,1096.850,72.136
-260.495,1096.871,72.147
-260.428,1096.893,72.147
-260.361,1096.914,72.147
-260.294,1096.935,72.147
-260.227,1096.957,72.158
-260.160,1096.978,72.158
-260.093,1097.000,72.158
-260.036,1097.021,72.158
-259.969,1097.043,72.147
-259.902,1097.064,72.147
-259.845,1097.075,72.147
-259.778,1097.096,72.136
-259.720,1097.118,72.136
-259.663,1097.139,72.125
-259.596,1097.149,72.114
-259.539,1097.171,72.114
-259.481,1097.193,72.103
-259.424,1097.214,72.092
-259.357,1097.224,72.092
-259.299,1097.246,72.092
-259.242,1097.268,72.081
-259.185,1097.289,72.092
-259.127,1097.299,72.092
-259.070,1097.321,72.092
-259.012,1097.343,72.092
-258.955,1097.353,72.103
-258.898,1097.375,72.103
-258.840,1097.396,72.114
-258.783,1097.407,72.114
-258.725,1097.428,72.125
-258.668,1097.450,72.125
-258.611,1097.460,72.125
-258.553,1097.482,72.125
-258.496,1097.503,72.125
-258.448,1097.514,72.125
-258.391,1097.535,72.125
-258.333,1097.546,72.114
-258.276,1097.567,72.114
-258.218,1097.589,72.114
-258.161,1097.599,72.114
-258.104,1097.621,72.103
-258.046,1097.642,72.103
-257.989,1097.653,72.103
-257.932,1097.674,72.103
-257.884,1097.685,72.103
-257.826,1097.706,72.114
-257.769,1097.728,72.114
-257.712,1097.738,72.114
-257.654,1097.760,72.125
-257.597,1097.770,72.125
-257.549,1097.792,72.125
-257.491,1097.814,72.136
-257.434,1097.824,72.136
-257.377,1097.846,72.136
-257.329,1097.867,72.136
-257.271,1097.878,72.136
-257.214,1097.899,72.147
-257.157,1097.910,72.147
-257.109,1097.931,72.147
-257.052,1097.942,72.158
-256.994,1097.963,72.158
-256.946,1097.985,72.158
-256.889,1097.995,72.158
-256.831,1098.017,72.169
-256.774,1098.038,72.169
-256.726,1098.049,72.169
-256.669,1098.070,72.180
-256.611,1098.081,72.180
-256.564,1098.103,72.180
-256.506,1098.113,72.180
-256.449,1098.135,72.180
-256.401,1098.156,72.180
-256.344,1098.167,72.180
-256.286,1098.188,72.180
-256.238,1098.199,72.180
-256.181,1098.220,72.180
-256.133,1098.231,72.180
-256.076,1098.252,72.180
-256.018,1098.263,72.169
-255.971,1098.284,72.169
-255.913,1098.306,72.158
-255.865,1098.317,72.147
-255.808,1098.338,72.136
-255.751,1098.349,72.125
-255.703,1098.370,72.103
-255.645,1098.381,72.081
-255.597,1098.402,72.059
-255.540,1098.424,72.026
-255.483,1098.434,71.993
-255.435,1098.456,71.949
-255.378,1098.466,71.906
-255.330,1098.488,71.862
-255.272,1098.498,71.807
-255.224,1098.520,71.752
-255.167,1098.531,71.697
-255.119,1098.552,71.642
-255.071,1098.574,71.576
-255.014,1098.584,71.510
-254.966,1098.606,71.444
-254.909,1098.616,71.378
-254.861,1098.638,71.301
-254.803,1098.660,71.224
-254.756,1098.670,71.158
-254.708,1098.692,71.082
-254.650,1098.702,70.994
-254.603,1098.724,70.906
-254.545,1098.734,70.818
-254.497,1098.756,70.730
-254.449,1098.778,70.642
-254.392,1098.788,70.554
-254.344,1098.810,70.455
-254.296,1098.831,70.367
-254.239,1098.842,70.269
-254.191,1098.863,70.170
-254.143,1098.885,70.071
-254.086,1098.896,69.972
-254.038,1098.917,69.873
-253.990,1098.928,69.774
-253.942,1098.949,69.664
-253.885,1098.971,69.565
-253.837,1098.993,69.467
-253.789,1099.003,69.357
-253.741,1099.025,69.258
-253.684,1099.046,69.148
-253.636,1099.057,69.038
-253.588,1099.078,68.928
-253.540,1099.100,68.818
-253.492,1099.122,68.698
-253.445,1099.132,68.588
-253.387,1099.154,68.467
-253.339,1099.175,68.346
-253.291,1099.197,68.225
-253.244,1099.208,68.104
-253.196,1099.229,67.972
-253.148,1099.251,67.852
-253.100,1099.273,67.720
-253.052,1099.283,67.588
-253.004,1099.305,67.456
-252.956,1099.326,67.324
-252.908,1099.348,67.192
-252.860,1099.370,67.050
-252.813,1099.391,66.907
-252.765,1099.413,66.764
-252.717,1099.424,66.621
-252.669,1099.445,66.467
-252.621,1099.467,66.313
-252.573,1099.489,66.160
-252.525,1099.510,66.006
-252.477,1099.532,65.841
-252.429,1099.553,65.676
-252.382,1099.564,65.500
-252.334,1099.597,65.336
-252.286,1099.607,65.160
-252.247,1099.629,64.984
-252.200,1099.651,64.797
-252.152,1099.672,64.611
-252.104,1099.694,64.424
-252.056,1099.716,64.237
-252.017,1099.737,64.039
-251.970,1099.759,63.842
-251.922,1099.781,63.644
-251.874,1099.802,63.435
-251.835,1099.824,63.226
-251.787,1099.846,63.007
-251.740,1099.867,62.798
-251.701,1099.900,62.578
-251.653,1099.922,62.358
-251.605,1099.943,62.128
-251.567,1099.965,61.897
-251.519,1099.987,61.666
-251.471,1100.008,61.425
-251.433,1100.030,61.183
-251.385,1100.052,60.930
-251.346,1100.085,60.688
-251.298,1100.106,60.436
-251.260,1100.128,60.172
-251.212,1100.150,59.919
-251.174,1100.171,59.656
-251.126,1100.204,59.403
-251.087,1100.226,59.139
-251.049,1100.248,58.876
-251.001,1100.280,58.601
-250.963,1100.302,58.337
-250.915,1100.324,58.063
-250.876,1100.357,57.788
-250.838,1100.378,57.502
-250.790,1100.400,57.217
-250.751,1100.433,56.942
-250.713,1100.455,56.656
-250.675,1100.476,56.371
-250.636,1100.509,56.085
-250.598,1100.531,55.800
-250.550,1100.564,55.525
-250.511,1100.585,55.239
-250.473,1100.607,54.943
-250.435,1100.640,54.657
-250.396,1100.662,54.371
-250.358,1100.695,54.086
-250.319,1100.716,53.789
-250.281,1100.749,53.503
-250.242,1100.782,53.207
-250.204,1100.804,52.921
-250.166,1100.837,52.625
-250.127,1100.858,52.339
-250.089,1100.891,52.042
-250.050,1100.924,51.746
-250.012,1100.946,51.449
-249.973,1100.978,51.152
-249.944,1101.011,50.856
-249.906,1101.033,50.559
-249.867,1101.066,50.251
-249.838,1101.099,49.955
-249.800,1101.121,49.658
-249.762,1101.154,49.362
-249.723,1101.186,49.054
-249.694,1101.219,48.757
-249.656,1101.241,48.450
-249.627,1101.274,48.142
-249.588,1101.307,47.834
-249.550,1101.340,47.516
-249.521,1101.373,47.208
-249.482,1101.405,46.890
-249.454,1101.427,46.560
-249.425,1101.460,46.230
-249.386,1101.493,45.901
-249.357,1101.526,45.571
-249.319,1101.559,45.220
-249.290,1101.592,44.879
-249.261,1101.625,44.528
-249.222,1101.646,44.176
-249.193,1101.679,43.813
-249.164,1101.712,43.451
-249.135,1101.745,43.077
-249.106,1101.778,42.704
-249.068,1101.811,42.319
-249.039,1101.844,41.935
-249.010,1101.877,41.539
-248.981,1101.910,41.144
-248.952,1101.943,40.748
-248.923,1101.976,40.342
-248.894,1102.009,39.935
-248.865,1102.042,39.518
-248.836,1102.086,39.089
-248.807,1102.118,38.672
-248.778,1102.151,38.243
-248.759,1102.184,37.804
-248.730,1102.217,37.365
-248.701,1102.250,36.925
-248.672,1102.283,36.475
-248.643,1102.327,36.024
-248.623,1102.360,35.574
-248.594,1102.393,35.112
-248.575,1102.426,34.651
-248.546,1102.470,34.189
-248.527,1102.503,33.728
-248.498,1102.536,33.267
-248.478,1102.580,32.794
-248.449,1102.613,32.333
-248.430,1102.646,31.860
-248.401,1102.690,31.388
-248.381,1102.723,30.916
-248.352,1102.767,30.432
-248.333,1102.801,29.949
-248.313,1102.845,29.465
-248.284,1102.878,28.982
-248.265,1102.922,28.488
-248.245,1102.955,27.993
-248.226,1102.999,27.499
-248.206,1103.032,26.993
-248.187,1103.076,26.499
-248.167,1103.120,25.994
-248.148,1103.153,25.477
-248.128,1103.197,24.972
-248.108,1103.241,24.467
-248.089,1103.275,23.950
-248.069,1103.319,23.434
-248.050,1103.363,22.917
-248.030,1103.407,22.401
-248.011,1103.440,21.885
-248.001,1103.484,21.368
-247.981,1103.528,20.841
-247.962,1103.572,20.325
-247.952,1103.617,19.797
-247.932,1103.661,19.270
-247.922,1103.705,18.754
-247.903,1103.749,18.226
-247.893,1103.793,17.699
-247.873,1103.837,17.172
-247.863,1103.882,16.633
-247.844,1103.926,16.106
-247.833,1103.970,15.579
-247.823,1104.014,15.051
-247.813,1104.059,14.513
-247.803,1104.103,13.975
-247.784,1104.147,13.447
-247.774,1104.191,12.909
-247.764,1104.235,12.382
-247.754,1104.280,11.843
-247.744,1104.324,11.316
-247.734,1104.368,10.778
-247.724,1104.412,10.250
-247.723,1104.468,9.712
-247.713,1104.512,9.185
-247.703,1104.556,8.646
-247.693,1104.600,8.108
-247.693,1104.645,7.581
-247.683,1104.689,7.042
-247.682,1104.744,6.504
-247.672,1104.789,5.977
-247.671,1104.833,5.438
-247.661,1104.877,4.911
-247.661,1104.933,4.384
-247.660,1104.977,3.856
-247.650,1105.021,3.340
-247.650,1105.065,2.812
-247.649,1105.121,2.296
-247.649,1105.165,1.791
-247.648,1105.210,1.285
-247.648,1105.265,0.780
-247.647,1105.309,0.275
-247.647,1105.354,359.791
-247.646,1105.398,359.308
-247.646,1105.453,358.824
-247.645,1105.498,358.352
-247.645,1105.542,357.880
-247.644,1105.598,357.407
-247.653,1105.642,356.957
-247.652,1105.697,356.495
-247.652,1105.742,356.056
-247.661,1105.786,355.605
-247.660,1105.842,355.177
-247.669,1105.886,354.749
-247.669,1105.941,354.320
-247.678,1105.986,353.903
-247.677,1106.030,353.496
-247.686,1106.086,353.090
-247.695,1106.130,352.694
-247.695,1106.186,352.299
-247.704,1106.230,351.914
-247.713,1106.286,351.541
-247.722,1106.330,351.167
-247.721,1106.385,350.804
-247.730,1106.430,350.442
-247.739,1106.485,350.079
-247.748,1106.530,349.728
-247.757,1106.585,349.376
-247.766,1106.630,349.036
-247.775,1106.685,348.684
-247.784,1106.730,348.344
-247.802,1106.785,348.014
-247.811,1106.830,347.684
-247.820,1106.885,347.355
-247.829,1106.930,347.025
-247.838,1106.985,346.707
-247.857,1107.030,346.388
-247.866,1107.085,346.069
-247.875,1107.130,345.762
-247.893,1107.185,345.454
-247.902,1107.241,345.157
-247.921,1107.286,344.861
-247.930,1107.341,344.575
-247.948,1107.386,344.290
-247.957,1107.441,344.004
-247.976,1107.486,343.729
-247.985,1107.541,343.466
-248.003,1107.597,343.202
-248.022,1107.641,342.938
-248.031,1107.697,342.686
-248.049,1107.741,342.433
-248.068,1107.797,342.191
-248.086,1107.853,341.949
-248.095,1107.897,341.719
-248.114,1107.953,341.499
-248.132,1108.008,341.279
-248.151,1108.053,341.071
-248.169,1108.109,340.873
-248.188,1108.153,340.686
-248.206,1108.209,340.499
-248.215,1108.264,340.334
-248.234,1108.309,340.170
-248.252,1108.364,340.027
-248.271,1108.420,339.884
-248.299,1108.465,339.763
-248.317,1108.520,339.653
-248.336,1108.576,339.554
-248.354,1108.632,339.467
-248.373,1108.676,339.390
-248.391,1108.732,339.324
-248.409,1108.787,339.280
-248.428,1108.832,339.236
-248.446,1108.888,339.214
-248.465,1108.943,339.192
-248.493,1108.999,339.181
-248.511,1109.044,339.181
-248.530,1109.099,339.192
-248.548,1109.155,339.203
-248.567,1109.210,339.214
-248.585,1109.266,339.236
-248.613,1109.311,339.269
-248.632,1109.366,339.291
-248.650,1109.422,339.324
-248.669,1109.478,339.368
-248.687,1109.533,339.401
-248.706,1109.589,339.434
-248.734,1109.645,339.467
-248.752,1109.700,339.500
-248.771,1109.745,339.532
-248.789,1109.800,339.565
-248.808,1109.856,339.598
-248.836,1109.912,339.631
-248.854,1109.967,339.664
-248.872,1110.023,339.697
-248.891,1110.079,339.719
-248.909,1110.134,339.752
-248.928,1110.190,339.774
-248.946,1110.246,339.796
-248.965,1110.301,339.829
-248.993,1110.357,339.851
-249.011,1110.413,339.884
-249.030,1110.468,339.906
-249.048,1110.524,339.939
-249.066,1110.579,339.972
-249.085,1110.635,340.005
-249.103,1110.691,340.027
-249.131,1110.746,340.060
-249.150,1110.802,340.093
-249.168,1110.858,340.126
-249.187,1110.913,340.159
-249.205,1110.969,340.192
-249.224,1111.025,340.225
-249.242,1111.080,340.258
-249.260,1111.147,340.291
-249.288,1111.203,340.323
-249.307,1111.258,340.356
-249.325,1111.314,340.389
-249.344,1111.370,340.411
-249.362,1111.425,340.444
-249.381,1111.481,340.477
-249.399,1111.536,340.499
-249.427,1111.592,340.532
-249.446,1111.648,340.565
-249.464,1111.715,340.587
-249.482,1111.770,340.620
-249.501,1111.826,340.653
-249.519,1111.881,340.675
-249.538,1111.937,340.697
-249.556,1111.993,340.730
-249.584,1112.060,340.752
-249.602,1112.115,340.774
-249.621,1112.171,340.796
-249.639,1112.226,340.818
-249.658,1112.282,340.829
-249.676,1112.338,340.851
-249.695,1112.393,340.873
-249.713,1112.460,340.884
-249.731,1112.516,340.906
-249.750,1112.571,340.928
-249.778,1112.627,340.939
-249.796,1112.683,340.961
-249.815,1112.749,340.972
-249.833,1112.805,340.983
-249.852,1112.861,341.005
-249.870,1112.916,341.016
-249.888,1112.972,341.027
-249.907,1113.039,341.038
-249.925,1113.094,341.049
-249.944,1113.150,341.060
-249.962,1113.205,341.082
-249.990,1113.272,341.093
-250.008,1113.328,341.104
-250.027,1113.384,341.115
-250.045,1113.439,341.136
-250.064,1113.506,341.147
-250.082,1113.562,341.158
-250.101,1113.617,341.169
-250.119,1113.673,341.180
-250.137,1113.740,341.191
-250.165,1113.795,341.202
-250.184,1113.851,341.213
-250.202,1113.918,341.224
-250.221,1113.973,341.235
-250.239,1114.029,341.235
-250.257,1114.096,341.246
-250.276,1114.151,341.257
-250.294,1114.207,341.257
-250.322,1114.274,341.257
-250.341,1114.329,341.257
-250.359,1114.396,341.257
-250.377,1114.452,341.246
-250.396,1114.507,341.246
-250.414,1114.574,341.235
-250.433,1114.630,341.224
-250.451,1114.696,341.213
-250.479,1114.752,341.202
-250.497,1114.819,341.191
-250.516,1114.874,341.169
-250.534,1114.930,341.158
-250.552,1114.997,341.147
-250.571,1115.052,341.125
-250.599,1115.119,341.115
-250.617,1115.175,341.093
-250.636,1115.242,341.071
-250.654,1115.297,341.060
-250.672,1115.364,341.038
-250.700,1115.420,341.027
-250.719,1115.486,341.016
-250.737,1115.542,340.994
-250.755,1115.609,340.983
-250.783,1115.675,340.972
-250.802,1115.731,340.950
-250.820,1115.798,340.939
-250.839,1115.853,340.917
-250.866,1115.920,340.906
-250.885,1115.976,340.884
-250.903,1116.043,340.862
-250.922,1116.109,340.851
-250.949,1116.165,340.829
-250.968,1116.232,340.807
-250.986,1116.287,340.774
-251.005,1116.354,340.752
-251.032,1116.421,340.730
-251.051,1116.477,340.708
-251.069,1116.543,340.686
-251.097,1116.599,340.664
-251.116,1116.666,340.642
-251.134,1116.732,340.620
-251.162,1116.788,340.598
-251.180,1116.855,340.576
-251.199,1116.922,340.554
-251.226,1116.988,340.532
-251.245,1117.044,340.521
-251.263,1117.111,340.499
-251.291,1117.178,340.477
-251.309,1117.233,340.455
-251.328,1117.300,340.444
-251.356,1117.367,340.422
-251.374,1117.422,340.400
-251.402,1117.489,340.389
-251.420,1117.556,340.367
-251.439,1117.623,340.356
-251.466,1117.689,340.334
-251.485,1117.745,340.312
-251.513,1117.812,340.291
-251.531,1117.879,340.280
-251.559,1117.945,340.258
-251.577,1118.012,340.236
-251.596,1118.068,340.214
-251.624,1118.135,340.192
-251.642,1118.201,340.170
-251.670,1118.268,340.148
-251.688,1118.335,340.126
-251.716,1118.391,340.104
-251.734,1118.457,340.071
-251.762,1118.524,340.049
-251.781,1118.591,340.027
-251.799,1118.658,340.005
-251.827,1118.724,339.983
-251.845,1118.791,339.961
-251.873,1118.847,339.939
-251.891,1118.914,339.917
-251.919,1118.980,339.895
-251.947,1119.047,339.873
-251.966,1119.114,339.862
-251.993,1119.181,339.840
-252.012,1119.247,339.818
-252.040,1119.314,339.807
-252.058,1119.381,339.796
-252.086,1119.448,339.785
-252.104,1119.515,339.774
-252.132,1119.570,339.763
-252.150,1119.637,339.752
-252.178,1119.704,339.741
-252.206,1119.771,339.730
-252.224,1119.837,339.719
-252.252,1119.904,339.719
-252.271,1119.971,339.708
-252.299,1120.038,339.697
-252.317,1120.104,339.697
-252.345,1120.171,339.697
-252.363,1120.238,339.686
-252.391,1120.305,339.686
-252.419,1120.360,339.686
-252.437,1120.427,339.686
-252.465,1120.494,339.686
-252.483,1120.561,339.686
-252.511,1120.628,339.697
-252.539,1120.694,339.697
-252.557,1120.761,339.708
-252.585,1120.828,339.719
-252.604,1120.895,339.730
-252.631,1120.961,339.730
-252.650,1121.028,339.741
-252.678,1121.095,339.752
-252.706,1121.162,339.763
-252.724,1121.228,339.774
-252.752,1121.295,339.785
-252.770,1121.362,339.807
-252.798,1121.429,339.818
-252.816,1121.484,339.829
-252.844,1121.551,339.851
-252.863,1121.618,339.873
-252.890,1121.685,339.884
-252.918,1121.752,339.906
-252.937,1121.818,339.939
-252.964,1121.885,339.961
-252.983,1121.952,339.983
-253.011,1122.019,340.016
-253.029,1122.085,340.038
-253.057,1122.152,340.060
-253.075,1122.219,340.082
-253.103,1122.286,340.115
-253.131,1122.353,340.137
-253.149,1122.419,340.159
-253.177,1122.486,340.181
-253.195,1122.553,340.203
-253.223,1122.620,340.225
-253.242,1122.686,340.247
-253.269,1122.753,340.269
-253.288,1122.820,340.291
-253.306,1122.887,340.312
-253.334,1122.953,340.345
-253.362,1123.009,340.367
-253.380,1123.076,340.389
-253.408,1123.143,340.411
-253.426,1123.209,340.433
-253.445,1123.276,340.466
-253.473,1123.343,340.488
-253.491,1123.410,340.510
-253.519,1123.477,340.532
-253.537,1123.543,340.565
-253.565,1123.610,340.587
-253.583,1123.677,340.609
-253.611,1123.744,340.631
-253.630,1123.810,340.664
-253.657,1123.877,340.686
-253.676,1123.944,340.708
-253.704,1124.011,340.730
-253.722,1124.077,340.763
-253.740,1124.144,340.785
-253.768,1124.211,340.807
-253.786,1124.278,340.840
-253.814,1124.333,340.862
-253.833,1124.400,340.884
-253.861,1124.467,340.906
-253.879,1124.534,340.928
-253.897,1124.600,340.950
-253.925,1124.667,340.972
-253.943,1124.734,340.983
-253.962,1124.801,341.005
-253.990,1124.867,341.027
-254.008,1124.934,341.049
-254.036,1125.001,341.071
-254.054,1125.068,341.093
-254.073,1125.123,341.104
-254.100,1125.190,341.125
-254.119,1125.257,341.147
-254.137,1125.323,341.169
-254.165,1125.390,341.191
-254.183,1125.457,341.213
-254.202,1125.524,341.235
-254.230,1125.591,341.257
-254.248,1125.657,341.279
-254.276,1125.724,341.301
-254.294,1125.780,341.323
-254.312,1125.846,341.356
-254.331,1125.913,341.378
-254.359,1125.980,341.400
-254.377,1126.047,341.422
-254.395,1126.113,341.444
-254.423,1126.180,341.466
-254.442,1126.247,341.488
-254.460,1126.303,341.510
-254.488,1126.369,341.532
-254.506,1126.436,341.554
-254.524,1126.503,341.576
-254.543,1126.570,341.587
-254.571,1126.636,341.609
-254.589,1126.692,341.631
-254.607,1126.759,341.653
-254.626,1126.825,341.675
-254.654,1126.892,341.697
-254.672,1126.959,341.719
-254.690,1127.026,341.741
-254.718,1127.081,341.763
-254.737,1127.148,341.785
-254.755,1127.215,341.818
-254.773,1127.282,341.840
-254.792,1127.348,341.873
-254.819,1127.415,341.895
-254.838,1127.471,341.927
-254.856,1127.537,341.949
-254.875,1127.604,341.982
-254.902,1127.671,342.004
-254.921,1127.727,342.037
-254.939,1127.793,342.059
-254.958,1127.860,342.081
-254.976,1127.927,342.114
-254.994,1127.993,342.136
-255.022,1128.049,342.158
-255.041,1128.116,342.180
-255.059,1128.183,342.202
-255.077,1128.249,342.224
-255.096,1128.305,342.246
-255.114,1128.372,342.257
-255.142,1128.438,342.279
-255.160,1128.505,342.301
-255.178,1128.572,342.323
-255.197,1128.628,342.345
-255.215,1128.694,342.367
-255.234,1128.761,342.389
-255.252,1128.828,342.411
-255.280,1128.883,342.433
-255.298,1128.950,342.466
-255.317,1129.017,342.488
-255.335,1129.072,342.510
-255.353,1129.139,342.543
-255.372,1129.206,342.565
-255.390,1129.273,342.598
-255.408,1129.328,342.620
-255.427,1129.395,342.642
-255.455,1129.462,342.675
-255.473,1129.517,342.697
-255.491,1129.584,342.719
-255.510,1129.651,342.740
-255.528,1129.706,342.762
-255.547,1129.773,342.784
-255.565,1129.840,342.806
-255.583,1129.907,342.828
-255.602,1129.962,342.850
-255.620,1130.029,342.872
-255.638,1130.096,342.894
-255.657,1130.151,342.905
-255.685,1130.218,342.927
-255.703,1130.274,342.949
-255.721,1130.340,342.971
-255.740,1130.407,342.982
-255.749,1130.463,343.004
-255.767,1130.529,343.026
-255.785,1130.596,343.048
-255.804,1130.652,343.059
-255.822,1130.718,343.081
-255.840,1130.774,343.103
-255.859,1130.830,343.114
-255.877,1130.896,343.136
-255.896,1130.952,343.158
-255.914,1131.019,343.169
-255.933,1131.074,343.191
-255.951,1131.130,343.213
-255.969,1131.197,343.224
-255.978,1131.252,343.246
-255.997,1131.308,343.268
-256.015,1131.364,343.279
-256.034,1131.419,343.301
-256.052,1131.475,343.312
-256.070,1131.542,343.323
-256.079,1131.597,343.345
-256.098,1131.653,343.356
-256.116,1131.708,343.378
-256.125,1131.753,343.389
-256.144,1131.808,343.411
-256.162,1131.864,343.422
-256.171,1131.920,343.444
-256.190,1131.964,343.455
-256.208,1132.020,343.466
-256.217,1132.075,343.488
-256.236,1132.120,343.499
-256.244,1132.175,343.521
-256.263,1132.220,343.531
-256.272,1132.275,343.542
-256.291,1132.320,343.553
-256.299,1132.375,343.575
-256.318,1132.420,343.597
-256.337,1132.465,343.608
-256.346,1132.520,343.630
-256.364,1132.565,343.663
-256.373,1132.620,343.685
-256.392,1132.665,343.707
-256.401,1132.709,343.729
-256.410,1132.765,343.740
-256.428,1132.809,343.762
-256.437,1132.854,343.784
-256.456,1132.898,343.795
-256.465,1132.954,343.817
-256.483,1132.998,343.828
-256.492,1133.043,343.839
-256.511,1133.087,343.850
-256.520,1133.143,343.872
-256.529,1133.187,343.883
-256.547,1133.232,343.894
-256.556,1133.276,343.905
-256.575,1133.321,343.916
-256.584,1133.376,343.927
-256.602,1133.421,343.949
-256.612,1133.465,343.960
-256.621,1133.510,343.971
-256.639,1133.554,343.993
-256.648,1133.599,344.004
-256.657,1133.643,344.015
-256.676,1133.699,344.037
-256.685,1133.743,344.048
-256.694,1133.788,344.059
-256.712,1133.832,344.070
-256.721,1133.877,344.081
-256.740,1133.921,344.081
-256.749,1133.966,344.092
-256.758,1134.010,344.103
-256.777,1134.055,344.114
-256.786,1134.099,344.114
-256.795,1134.144,344.125
-256.813,1134.188,344.136
-256.822,1134.232,344.147
-256.831,1134.266,344.147
-256.850,1134.310,344.158
-256.859,1134.355,344.158
-256.868,1134.399,344.169
-256.887,1134.444,344.169
-256.896,1134.488,344.180
-256.905,1134.533,344.180
-256.914,1134.577,344.180
-256.932,1134.622,344.180
-256.941,1134.666,344.180
-256.960,1134.711,344.180
-256.969,1134.755,344.180
-256.978,1134.800,344.180
-256.997,1134.844,344.191
-257.006,1134.889,344.191
-257.015,1134.933,344.191
-257.024,1134.977,344.191
-257.042,1135.022,344.191
-257.051,1135.078,344.191
-257.070,1135.122,344.191
-257.079,1135.166,344.191
-257.097,1135.211,344.202
-257.107,1135.255,344.202
-257.115,1135.311,344.213
-257.134,1135.356,344.213
-257.143,1135.400,344.213
-257.162,1135.445,344.224
-257.171,1135.500,344.224
-257.180,1135.545,344.224
-257.198,1135.589,344.235
-257.207,1135.633,344.235
-257.226,1135.689,344.235
-257.235,1135.734,344.246
-257.253,1135.778,344.246
-257.262,1135.834,344.246
-257.281,1135.878,344.246
-257.290,1135.934,344.246
-257.308,1135.978,344.257
-257.317,1136.034,344.257
-257.336,1136.078,344.257
-257.345,1136.134,344.257
-257.363,1136.178,344.257
-257.372,1136.234,344.257
-257.391,1136.278,344.257
-257.400,1136.334,344.257
-257.418,1136.390,344.246
-257.427,1136.434,344.246
-257.446,1136.490,344.246
-257.455,1136.534,344.246
-257.473,1136.590,344.246
-257.482,1136.645,344.246
-257.501,1136.690,344.235
-257.519,1136.745,344.235
-257.528,1136.801,344.235
-257.547,1136.846,344.235
-257.555,1136.901,344.235
-257.574,1136.957,344.235
-257.583,1137.012,344.235
-257.601,1137.057,344.235
-257.610,1137.112,344.235
-257.629,1137.168,344.235
-257.647,1137.224,344.246
-257.666,1137.279,344.246
-257.675,1137.335,344.246
-257.693,1137.379,344.246
-257.702,1137.435,344.257
-257.721,1137.490,344.257
-257.739,1137.546,344.257
-257.748,1137.602,344.257
-257.766,1137.657,344.257
-257.775,1137.713,344.257
-257.794,1137.768,344.268
-257.812,1137.824,344.268
-257.831,1137.880,344.268
-257.840,1137.935,344.268
-257.858,1137.991,344.279
-257.876,1138.046,344.279
-257.885,1138.102,344.279
-257.904,1138.158,344.279
-257.922,1138.213,344.279
-257.931,1138.269,344.279
-257.950,1138.335,344.268
-257.968,1138.391,344.268
-257.986,1138.447,344.268
-257.995,1138.502,344.257
-258.014,1138.558,344.257
-258.032,1138.613,344.257
-258.041,1138.669,344.246
-258.059,1138.736,344.246
-258.078,1138.791,344.235
-258.087,1138.847,344.235
-258.105,1138.903,344.235
-258.124,1138.958,344.235
-258.142,1139.025,344.224
-258.151,1139.080,344.224
-258.169,1139.136,344.235
-258.188,1139.192,344.235
-258.206,1139.258,344.235
-258.215,1139.314,344.246
-258.234,1139.370,344.246
-258.252,1139.436,344.257
-258.270,1139.492,344.257
-258.289,1139.547,344.268
-258.298,1139.603,344.268
-258.316,1139.670,344.279
-258.335,1139.725,344.279
-258.353,1139.781,344.279
-258.362,1139.837,344.279
-258.380,1139.903,344.279
-258.399,1139.959,344.279
-258.417,1140.014,344.290
-258.426,1140.081,344.290
-258.444,1140.137,344.290
-258.463,1140.192,344.301
-258.481,1140.248,344.312
-258.490,1140.315,344.323
-258.509,1140.370,344.333
-258.527,1140.426,344.344
-258.536,1140.481,344.355
-258.554,1140.537,344.366
-258.573,1140.593,344.388
-258.582,1140.648,344.410
-258.600,1140.704,344.443
-258.619,1140.759,344.476
-258.628,1140.815,344.509
-258.646,1140.871,344.542
-258.655,1140.926,344.586
-258.673,1140.982,344.630
-258.682,1141.026,344.674
-258.701,1141.082,344.718
-258.710,1141.126,344.762
-258.728,1141.182,344.806
-258.737,1141.237,344.850
-258.756,1141.282,344.894
-258.765,1141.337,344.938
-258.783,1141.382,344.982
-258.792,1141.426,345.026
-258.801,1141.482,345.059
-258.820,1141.527,345.103
-258.829,1141.571,345.135
-258.838,1141.615,345.179
-258.847,1141.660,345.212
-258.866,1141.704,345.256
-258.875,1141.749,345.300
-258.884,1141.793,345.333
-258.893,1141.838,345.377
-258.902,1141.871,345.421
-258.911,1141.916,345.454
-258.920,1141.960,345.498
-258.939,1141.993,345.531
-258.948,1142.038,345.575
-258.957,1142.071,345.608
-258.966,1142.105,345.652
-258.975,1142.149,345.685
-258.984,1142.182,345.718
-258.993,1142.216,345.751
-259.002,1142.260,345.784
-259.002,1142.293,345.806
-259.011,1142.327,345.839
-259.020,1142.360,345.872
-259.030,1142.394,345.894
-259.039,1142.427,345.927
-259.048,1142.460,345.948
-259.057,1142.494,345.981
-259.066,1142.527,346.003
-259.066,1142.560,346.036
-259.075,1142.594,346.069
-259.084,1142.616,346.091
-259.093,1142.649,346.124
-259.093,1142.682,346.146
-259.102,1142.705,346.179
-259.112,1142.738,346.212
-259.121,1142.760,346.234
-259.120,1142.794,346.267
-259.130,1142.816,346.289
-259.139,1142.849,346.322
-259.139,1142.871,346.344
-259.148,1142.894,346.366
-259.157,1142.927,346.399
-259.157,1142.949,346.421
-259.166,1142.971,346.443
-259.175,1142.994,346.476
-259.175,1143.016,346.498
-259.184,1143.038,346.531
-259.184,1143.060,346.553
-259.194,1143.083,346.575
-259.193,1143.105,346.597
-259.203,1143.127,346.619
-259.202,1143.149,346.641
-259.212,1143.171,346.663
-259.211,1143.194,346.674
-259.221,1143.216,346.696
-259.221,1143.227,346.718
-259.230,1143.249,346.740
-259.230,1143.271,346.761
-259.239,1143.294,346.783
-259.239,1143.305,346.805
-259.248,1143.327,346.827
-259.248,1143.338,346.849
-259.248,1143.360,346.871
-259.257,1143.372,346.893
-259.257,1143.394,346.915
-259.266,1143.405,346.937
-259.266,1143.427,346.948
-259.266,1143.438,346.970
-259.275,1143.449,346.992
-259.275,1143.471,347.003
-259.275,1143.483,347.025
-259.284,1143.494,347.047
-259.284,1143.505,347.058
-259.293,1143.527,347.080
-259.293,1143.538,347.091
-259.293,1143.549,347.113
-259.293,1143.560,347.135
-259.303,1143.572,347.146
-259.302,1143.583,347.168
-259.302,1143.605,347.179
-259.312,1143.616,347.201
-259.311,1143.627,347.223
-259.311,1143.638,347.234
-259.311,1143.649,347.245
-259.321,1143.649,347.267
-259.321,1143.660,347.278
-259.320,1143.672,347.289
-259.320,1143.683,347.300
-259.330,1143.694,347.300
-259.330,1143.705,347.311
-259.330,1143.716,347.322
-259.329,1143.727,347.333
-259.339,1143.738,347.344
-259.339,1143.749,347.366
-259.339,1143.760,347.377
-259.338,1143.771,347.388
-259.348,1143.783,347.421
-259.348,1143.794,347.443
-259.348,1143.805,347.465
-259.347,1143.816,347.487
-259.357,1143.827,347.498
-259.357,1143.838,347.520
-259.357,1143.849,347.531
-259.357,1143.860,347.542
-259.366,1143.872,347.542
-259.366,1143.883,347.542
-259.366,1143.894,347.552
-259.375,1143.905,347.552
-259.375,1143.916,347.563
-259.375,1143.927,347.574
-259.375,1143.938,347.596
-259.375,1143.949,347.629
-259.384,1143.949,347.640
-259.384,1143.960,347.651
-259.384,1143.972,347.673
-259.384,1143.983,347.695
-259.393,1143.983,347.706
-259.393,1143.994,347.706
-259.393,1144.005,347.717
-259.393,1144.016,347.728
-259.393,1144.027,347.739
-259.402,1144.027,347.750
-259.402,1144.038,347.761
-259.402,1144.049,347.772
-259.402,1144.060,347.783
-259.411,1144.072,347.805
-259.411,1144.083,347.805
-259.411,1144.094,347.827
-259.411,1144.105,347.827
-259.420,1144.116,347.849
-259.420,1144.127,347.849
-259.420,1144.138,347.871
-259.420,1144.149,347.882
-259.429,1144.160,347.893
-259.429,1144.172,347.904
-259.429,1144.183,347.926
-259.429,1144.194,347.937
-259.439,1144.205,347.948
-259.438,1144.216,347.959
-259.438,1144.227,347.970
-259.448,1144.238,347.981
-259.448,1144.249,347.992
-259.447,1144.260,348.014
-259.447,1144.272,348.014
-259.457,1144.283,348.036
-259.457,1144.294,348.047
-259.456,1144.305,348.058
-259.456,1144.316,348.069
-259.466,1144.327,348.080
-259.466,1144.338,348.091
-259.466,1144.349,348.102
-259.465,1144.360,348.113
-259.475,1144.372,348.135
-259.475,1144.383,348.146
-259.475,1144.394,348.157
-259.474,1144.405,348.168
-259.484,1144.416,348.179
-259.484,1144.427,348.190
-259.484,1144.438,348.212
-259.483,1144.449,348.223
-259.493,1144.460,348.234
-259.493,1144.472,348.245
-259.493,1144.483,348.256
-259.493,1144.494,348.267
-259.502,1144.505,348.289
-259.502,1144.516,348.300
-259.502,1144.527,348.311
-259.502,1144.538,348.322
-259.511,1144.549,348.333
-259.511,1144.560,348.344
-259.511,1144.572,348.354
-259.511,1144.583,348.365
-259.520,1144.594,348.376
-259.520,1144.605,348.387
-259.520,1144.616,348.409
-259.520,1144.638,348.420
-259.529,1144.649,348.431
-259.529,1144.660,348.442
-259.529,1144.672,348.464
-259.538,1144.683,348.475
-259.538,1144.694,348.486
-259.538,1144.705,348.508
-259.538,1144.716,348.519
-259.547,1144.727,348.541
-259.547,1144.738,348.552
-259.547,1144.760,348.563
-259.547,1144.771,348.585
-259.556,1144.783,348.596
-259.556,1144.794,348.618
-259.556,1144.805,348.629
-259.565,1144.816,348.651
-259.565,1144.838,348.662
-259.565,1144.849,348.673
-259.565,1144.860,348.695
-259.574,1144.872,348.717
-259.574,1144.883,348.728
-259.574,1144.905,348.750
-259.583,1144.916,348.772
-259.583,1144.927,348.783
-259.583,1144.938,348.805
-259.583,1144.949,348.816
-259.592,1144.972,348.838
-259.592,1144.983,348.860
-259.592,1144.994,348.882
-259.601,1145.005,348.893
-259.601,1145.027,348.915
-259.601,1145.038,348.937
-259.601,1145.049,348.959
-259.610,1145.060,348.981
-259.610,1145.071,349.003
-259.610,1145.083,349.025
-259.619,1145.105,349.047
-259.619,1145.116,349.069
-259.619,1145.127,349.091
-259.619,1145.138,349.113
-259.628,1145.149,349.124
-259.628,1145.171,349.146
-259.628,1145.183,349.156
-259.628,1145.194,349.167
-259.637,1145.205,349.178
-259.637,1145.216,349.178
-259.637,1145.227,349.178
-259.637,1145.238,349.189
-259.646,1145.249,349.189
-259.646,1145.260,349.200
-259.646,1145.271,349.211
-259.646,1145.282,349.222
-259.646,1145.294,349.233
-259.655,1145.305,349.255
-259.655,1145.316,349.288
-259.655,1145.327,349.310
-259.655,1145.338,349.332
-259.664,1145.349,349.365
-259.664,1145.360,349.387
-259.664,1145.371,349.398
-259.664,1145.382,349.409
-259.664,1145.394,349.398
-259.673,1145.394,349.409
-259.664,1145.394,349.420
-259.664,1145.382,349.431
-259.664,1145.394,349.442
-259.673,1145.394,349.442
-259.664,1145.394,349.431
-259.673,1145.394,349.442
-259.673,1145.383,349.431
-259.673,1145.394,349.431
-259.673,1145.383,349.431
