x,y,heading,curvature,signed_curvature,dist_origin,p2p_distance,direction
93.664000000000001,-423.17000000000002,159.994,0.0018168240227383497,0.0018168240227383497,0,0,1
93.835109777985636,-423.63981000629383,160.00154600438191,0.0023436241458777646,-0.0023436241458777646,0.5,0.4999999981360852,1
94.005668871270998,-424.10982010433793,160.12828148385873,0.006504235320244545,-0.006504235320244545,1,0.49999989656573812,1
94.174746836501299,-424.58036481232944,160.3513883164029,0.0086068189329688433,-0.0086068189329688433,1.5,0.49999968054512978,1
94.341799469372731,-425.05163221156124,160.61946632291264,0.010108344256682935,-0.010108344256682935,2,0.49999954372777949,1
94.506677350159933,-425.52366504463157,160.8085141630429,0.0020415197783420417,0.0020415197783420417,2.5,0.49999971106919699,1
94.672082559648487,-425.99551279740206,160.45818623381558,0.022418039081640806,0.022418039081640806,3,0.49999918511984648,1
94.842712473880994,-426.46549179698007,159.59079873547091,0.026538928794035924,0.026538928794035924,3.5,0.49999482764859388,1
95.018763535858426,-426.93347207765908,159.35062453803033,0.009769017608664176,-0.009769017608664176,4,0.49999951952754718,1
95.192539648835961,-427.40229805882126,160.11993924327072,0.033703267408870113,-0.033703267408870113,4.5,0.49999593803776538,1
95.359981836813844,-427.87342612928342,160.58067807693703,0.0015349549905716692,0.0015349549905716692,5,0.49999854509009944,1
95.527785388100952,-428.34442501454777,160.03241956772678,0.035367764977938636,0.035367764977938636,5.5,0.49999798174075244,1
95.701576726754297,-428.81324709562648,159.42286149747864,0.0071882430773332132,0.0071882430773332132,6,0.49999757309200704,1
95.87705284124128,-429.28144343955199,159.62049674841631,0.020986563270711515,-0.020986563270711515,6.5,0.49999968322056554,1
96.048425014071114,-429.75115510829175,160.22070615524368,0.011031737605872992,-0.011031737605872992,7,0.49999747336432687,1
96.217239641661052,-430.22179464384863,160.2030602509769,0.012263965993836098,0.012263965993836098,7.5,0.4999999509175137,1
96.388837866161808,-430.69142379309437,159.60864272478997,0.019638319366414483,0.019638319366414483,8,0.49999748846678849,1
96.564697894016462,-431.15947567759611,159.28624622002749,0.0028700249349589034,0.0028700249349589034,8.5,0.49999931598219549,1
96.741229630099184,-431.62727516826129,159.44417829242599,0.013896066686056993,-0.013896066686056993,9,0.49999981731095416,1
96.915627518202953,-432.09587421017574,159.66004298291281,0.00035003968960279101,-0.00035003968960279101,9.5,0.4999996854580912,1
97.089943445771851,-432.5645038029831,159.46389761716395,0.014043609393149539,0.014043609393149539,10,0.49999973785892915,1
97.266519309383256,-433.03228650051602,159.25084681763374,0.00049812073057759561,-0.00049812073057759561,10.5,0.49999968772119607,1
97.442978515637733,-433.50011312788075,159.49335433688583,0.016432318466682545,-0.016432318466682545,11,0.49999960474326166,1
97.616185238908685,-433.9691526638457,159.95137554377337,0.013847995036851224,-0.013847995036851224,11.5,0.49999865528266985,1
97.786141011546434,-434.43938061922023,160.28435044981032,0.0093983463167020675,-0.0093983463167020675,12,0.49999929466810372,1
97.953988752322971,-434.91036572034278,160.44266146526496,0.00082467349177421342,-0.00082467349177421342,12.5,0.49999982956317812,1
98.121643960148191,-435.38141947599638,160.32860686396066,0.0087872789255984234,0.0087872789255984234,13,0.49999990942627065,1
98.2911525527241,-435.85180902044266,160.06010964958784,0.0053758105976668517,0.0053758105976668517,13.5,0.49999948648117803,1
98.461890826348267,-436.32175415797587,160.05620530643176,0.0051032147347631531,-0.0051032147347631531,14,0.49999999037127407,1
98.631471346087963,-436.79211782000215,160.31615928787483,0.0095851703308590802,-0.0095851703308590802,14.5,0.49999952722972785,1
98.798902576983423,-437.26325099641741,160.53782210126747,0.0058898243852893812,-0.0058898243852893812,15,0.49999968699820768,1
98.964944502554587,-437.73487583843843,160.6564270726754,0.0034443028075854375,-0.0034443028075854375,15.5,0.49999991265871979,1
99.129985669617795,-438.20685173721648,160.81647207672813,0.0077290492157444796,-0.0077290492157444796,16,0.4999998358529118,1
99.293201521505111,-438.67946159380847,161.09927463658909,0.012014332011901455,-0.012014332011901455,16.5,0.49999949085494133,1
99.453871988799364,-439.15294284282561,161.37768866872989,0.0058151648131537243,-0.0058151648131537243,17,0.49999949223112733,1
99.613166998258919,-439.62688912461022,161.42829486915804,0.002282103696548327,0.002282103696548327,17.5,0.49999997805617247,1
99.772937631398534,-440.10067516267111,161.29667760239346,0.0030577739026984279,0.0030577739026984279,18,0.49999986507525385,1
99.933343996101257,-440.57424647888467,161.31419639568014,0.0042808623297248324,-0.0042808623297248324,18.5,0.49999999337739165,1
100.09273632251109,-441.04815971208495,161.54139037332686,0.010904210327193787,-0.010904210327193787,19,0.49999966632056753,1
100.24997527645013,-441.52279174630286,161.77309399509156,0.0052718404131246992,-0.0052718404131246992,19.5,0.49999965654155271,1
100.40596267997842,-441.9978368976038,161.84344906273839,0.0003601268805115917,0.0003601268805115917,20,0.49999996583403439,1
100.56199072872866,-442.47286869749905,161.76881236343633,0.0048428057690255407,0.0048428057690255407,20.5,0.49999996290852627,1
100.71916846874728,-442.94752109161061,161.56598855476622,0.0093165809906416725,0.0093165809906416725,21,0.49999973719312751,1
100.87778865727732,-443.42169362940706,161.53355786413837,0.0085843607617119254,-0.0085843607617119254,21.5,0.49999995980962725,1
101.03437111400675,-443.89654112641114,162.0595352005717,0.028137775894680361,-0.028137775894680361,22,0.49999821116325943,1
101.18476380358641,-444.37338236024465,162.85835738101187,0.016132499137231773,-0.016132499137231773,22.5,0.49999552334282898,1
101.33140194092285,-444.851396138219,162.88959541623848,0.013950623306886263,0.013950623306886263,23,0.49999991525480808,1
101.48127454781367,-445.32840177339574,162.16284130305627,0.022099946478751926,0.022099946478751926,23.5,0.49999617427197857,1
101.63562081559635,-445.80398250659226,162.04948496658733,0.014186334320750173,-0.014186334320750173,24,0.49999980416614836,1
101.78661919906206,-446.28063142382075,162.92614307299152,0.035228125119196943,-0.035228125119196943,24.5,0.49999470207627789,1
101.93043495609335,-446.75949977464154,163.49427801898256,0.004438843283113043,-0.004438843283113043,25,0.49999786938376661,1
102.07318517333991,-447.23868833707792,163.18873508516683,0.021260905861897106,0.021260905861897106,25.5,0.49999930289329531,1
102.21975867911573,-447.71672093838288,162.78759389261421,0.0067435055769126456,0.0067435055769126456,26,0.49999896050472076,1
102.36794345415798,-448.19425758908511,162.80236543867602,0.0077749619401785985,-0.0077749619401785985,26.5,0.49999998031823029,1
102.51492868786308,-448.67216463052449,162.97730250833115,0.0029935750250560992,-0.0029935750250560992,27,0.49999979918464238,1
102.66119883346408,-449.15029122552812,162.97221344158427,0.003348627769755821,0.003348627769755821,27.5,0.4999999963439053,1
102.80796818828934,-449.62826477990035,162.9662388515319,0.011382316626162422,-0.011382316626162422,28,0.4999999621950395,1
102.95192316979153,-450.10708982378975,163.70552269389898,0.040230493111829108,-0.040230493111829108,28.5,0.49999645934244663,1
103.08651418848201,-450.58862158691022,165.01547085939274,0.026177839318337046,-0.026177839318337046,29,0.49998758105182289,1
103.21561911481908,-451.07166487422217,164.70226172929682,0.048073190303230831,0.048073190303230831,29.5,0.49999889942041614,1
103.35617089866106,-451.55146620541154,162.41948087581528,0.081077364088057782,0.081077364088057782,30,0.49996412006489394,1
103.51372244483198,-452.02598474668491,161.21974467998291,0.0027395836101783647,0.0027395836101783647,30.5,0.49999033561965378,1
103.67193020271115,-452.50028732040425,162.24684722758184,0.064178976532642235,-0.064178976532642235,31,0.4999926260355701,1
103.81857183644958,-452.97829075059173,163.42211064451647,0.017863975355316621,-0.017863975355316621,31.5,0.49999104793632343,1
103.96094005198368,-453.45759332658469,163.27057487368336,0.028445698538312796,0.028445698538312796,32,0.4999996681477431,1
104.10770630721073,-453.9355657700234,162.72234103574615,0.0049543713337929429,0.0049543713337929429,32.5,0.49999799035610965,1
104.25565564367042,-454.41317487904354,162.99191086676058,0.023771120949641053,-0.023771120949641053,33,0.49999946717758675,1
104.39917780566923,-454.89213156143808,163.47615813076638,0.0046214439638940204,0.0046214439638940204,33.5,0.49999811459163934,1
104.54385819430652,-455.37073692806894,162.65421133702961,0.052779625142937964,0.052779625142937964,34,0.49999551180395446,1
104.70041311521788,-455.84557291240702,160.92645365507809,0.03884757924769084,0.03884757924769084,34.5,0.4999786548282647,1
104.86570538439875,-456.31746055263017,160.79059773855812,0.029356379197127986,-0.029356379197127986,35,0.49999947924605681,1
105.02420812979042,-456.79165241019189,162.42529172489634,0.05753142779233783,-0.05753142779233783,35.5,0.4999810377149641,1
105.17057277595592,-457.26974516550621,163.26069469556455,0.00080861763218555583,-0.00080861763218555583,36,0.49999529230902778,1
105.31673584328254,-457.74790016025787,162.49382634160276,0.044226072094194879,0.044226072094194879,36.5,0.49999584123899465,1
105.47114156506053,-458.22345731582305,161.68253918599487,0.012410756738998944,0.012410756738998944,37,0.49999573510884171,1
105.62849692136228,-458.69805097409483,161.78261100041658,0.019395827514253245,-0.019395827514253245,37.5,0.49999984862861102,1
105.7832165359368,-459.17351008826608,162.02915146333515,0.0060338008562773743,0.0060338008562773743,38,0.49999952838238226,1
105.93937032637075,-459.64849815216053,161.43278243779903,0.035603448165877877,0.035603448165877877,38.5,0.49999766710363847,1
106.10316927624149,-460.12089921872592,160.4378792389673,0.015905870297804679,0.015905870297804679,39,0.49999286361995282,1
106.2705757466405,-460.59204095616866,160.66854194829676,0.032014853598716031,-0.032014853598716031,39.5,0.49999946309172777,1
106.43085850274768,-461.0656416288262,161.9589145542123,0.03730965214702428,-0.03730965214702428,40,0.49998815890677606,1
106.58266173460963,-461.54203814597298,162.52453757246246,0.002186051524968962,-0.002186051524968962,40.5,0.49999786274874819,1
106.73392378998504,-462.01860770566168,162.11741678328394,0.022500309715233136,0.022500309715233136,41,0.49999875461672316,1
106.88966109831313,-462.49373342572534,161.64294695783158,0.010622792041523697,0.010622792041523697,41.5,0.49999855906921092,1
107.04792017105429,-462.96802652015685,161.50878991980241,0.0012568213153980824,-0.0012568213153980824,42,0.4999998735302989,1
107.20619146943895,-463.44231563281988,161.57619223780921,0.0011801907171694055,-0.0011801907171694055,42.5,0.49999996628304966,1
107.3641868599874,-463.91669676176627,161.56880040347215,0.0016962206716065592,0.0016962206716065592,43,0.49999999893500935,1
107.52251917398326,-464.39096552294706,161.52340078454711,0.001237554502889968,-0.001237554502889968,43.5,0.49999997948723479,1
107.68051421069904,-464.86534661393404,161.67367418304258,0.0092537185518399567,-0.0092537185518399567,44,0.49999985111279954,1
107.83631101642597,-465.34045336958229,162.05525081350902,0.01764520073065446,-0.01764520073065446,44.5,0.4999990739364657,1
107.98789341643405,-465.81691972375376,162.69309511027205,0.026883334907994601,-0.026883334907994601,45,0.49999741064295211,1
108.13305752183219,-466.29537788187156,163.59488463523888,0.034623692053471107,-0.034623692053471107,45.5,0.4999948265387576,1
108.27247358891712,-466.77554735217825,163.74276496426,0.024297996428219854,0.024297996428219854,46,0.49999955997584677,1
108.41771238723878,-467.253972168779,162.20098516807221,0.083366743965242671,0.083366743965242671,46.5,0.49998461344063405,1
108.58047800466024,-467.72670551998698,160.1138033860949,0.031579911236128591,0.031579911236128591,47,0.49996946662662661,1
108.7505748167066,-468.19688107136676,160.55858420816995,0.062667058378029536,-0.062667058378029536,47.5,0.49999797457951689,1
108.90672649054837,-468.6718246560813,163.06789454442122,0.068383076172839272,-0.068383076172839272,48,0.49995475185768506,1
109.04742526848808,-469.15161560498206,163.85377085410164,0.013468072756504178,0.013468072756504178,48.5,0.49999550074057525,1
109.19133619980934,-469.63044112619372,162.33289137584381,0.076071533101818967,0.076071533101818967,49,0.49998423566885664,1
109.3497076727804,-470.10468504054154,161.0243633002506,0.01529068593121697,0.01529068593121697,49.5,0.49998881362183245,1
109.51170480573576,-470.57771297353685,161.45621035895164,0.04545102894464096,-0.04545102894464096,50,0.49999849647731054,1
109.66463558820105,-471.0537378046821,162.81165456303273,0.031479535788729002,-0.031479535788729002,50.5,0.49998746393515953,1
109.8101097930449,-471.53210614402383,163.18149434255236,0.0056538411625778624,0.0056538411625778624,51,0.4999990123585375,1
109.95657201998979,-472.01017221982244,162.71555870250378,0.015060857380340936,0.015060857380340936,51.5,0.49999835674843723,1
110.10648166985335,-472.4871697241187,162.44431584249327,0.0038749706515703729,0.0038749706515703729,52,0.49999952222685129,1
110.25733652221346,-472.96386962834731,162.47236133021073,0.0032094364113752563,-0.0032094364113752563,52.5,0.4999999851721571,1
110.40754447614809,-473.44077372782255,162.5615444608533,0.003016725562317362,-0.003016725562317362,53,0.49999994952150839,1
110.55703292185203,-473.9179038570137,162.64513327761529,0.0026330218866777305,-0.0026330218866777305,53.5,0.49999995558094323,1
110.70615191093452,-474.39514961902682,162.61660888777016,0.0046244359530065466,0.0046244359530065466,54,0.49999999026447489,1
110.85637390178132,-474.87204897330895,162.38016816917741,0.011882261911881525,0.011882261911881525,54.5,0.49999964064855529,1
111.00899153593103,-475.34818700295642,162.12941005611657,0.0024785482675917722,0.0024785482675917722,55,0.49999956552984237,1
111.16219374785435,-475.82413760620835,162.24863963272574,0.010802514871009812,-0.010802514871009812,55.5,0.49999989447406229,1
111.31307939742575,-476.30082684504964,162.60359463969343,0.0082740072080036593,-0.0082740072080036593,56,0.49999910967287969,1
111.46203812908254,-476.77812261400032,162.67659851625257,0.0031772670178317379,0.0031772670178317379,56.5,0.49999995479502102,1
111.61174512200402,-477.25518384132113,162.43627304020458,0.010297819650088819,0.010297819650088819,57,0.49999959834226171,1
111.76358530187683,-477.73157056207276,162.23856532411142,0.0035048028340161756,0.0035048028340161756,57.5,0.49999974793223811,1
111.91626014848843,-478.20769069129238,162.23545966181172,0.0032879679249137291,-0.0032879679249137291,58,0.49999998623598718,1
112.06878610639838,-478.68385854487047,162.19700573910495,0.0060508429884759806,0.0060508429884759806,58.5,0.49999999261751155,1
112.22275178698636,-479.15956219058103,161.88876734174369,0.015467960939435234,0.015467960939435234,59,0.49999938934086036,1
112.37976983201619,-479.63426706074688,161.60188453847249,0.0013779600772382734,-0.0013779600772382734,59.5,0.49999938022378326,1
112.53644505495873,-480.1090847662793,161.99261079505399,0.025901949878981995,-0.025901949878981995,60,0.49999897897012019,1
112.68730224876525,-480.58577841970691,162.8488453720777,0.018923542280275808,-0.018923542280275808,60.5,0.49999473211359508,1
112.83389877156679,-481.06380492832409,162.88359936103922,0.016497007996836587,0.016497007996836587,61,0.49999988343821794,1
112.98436382263783,-481.54062210983477,161.98849281838196,0.031402428838822313,0.031402428838822313,61.5,0.49999435614574805,1
113.14128993813452,-482.01535689606743,161.5980598786318,0.0041417802379942383,-0.0041417802379942383,62,0.49999892298308857,1
113.29723233375803,-482.49041411412838,162.22400204471251,0.036635331031961434,-0.036635331031961434,62.5,0.49999739117780667,1
113.44707091306657,-482.96743272281714,162.71243723815402,0.0025332737774465468,0.0025332737774465468,63,0.49999835288184019,1
113.59751354208777,-483.44426008544718,162.0787325316744,0.041713269812287117,0.041713269812287117,63.5,0.49999731837234546,1
113.7563434584038,-483.91835450798925,161.03278966693901,0.017123418668222569,0.017123418668222569,64,0.49999246374565948,1
113.91919413047637,-484.39109059086479,161.15544984353988,0.025688524416101952,-0.025688524416101952,64.5,0.49999974544693299,1
114.07639189459161,-484.86572823006588,162.21523457942249,0.031363248502436165,-0.031363248502436165,65,0.49999202552562355,1
114.22638624417655,-485.34269765117239,162.74933561536233,0.0059276836382654201,-0.0059276836382654201,65.5,0.49999813357459932,1
114.3749438578707,-485.82011820672892,162.58401308656923,0.012283319050461716,0.012283319050461716,66,0.49999975145434911,1
114.52605180318982,-486.29673715149585,162.23560732697189,0.012039716080085298,0.012039716080085298,66.5,0.49999922964870847,1
114.68002614816844,-486.77243785718605,161.89422087484746,0.011762539062186623,0.011762539062186623,67,0.49999926030520381,1
114.83676656317083,-487.24723443015716,161.5725873475379,0.010691815655116659,0.010691815655116659,67.5,0.49999934339980573,1
114.99604299699634,-487.72118641110268,161.28161824572715,0.0096217907242853416,0.0096217907242853416,68,0.49999946261406097,1
115.15741427947562,-488.19442958173249,161.10857941813134,0.00057456889937864395,0.00057456889937864395,68.5,0.49999978935672279,1
115.31891608968714,-488.66762828618965,161.25704916392596,0.010939975563374123,-0.010939975563374123,69,0.49999984860151014,1
115.47795457875328,-489.14165960304194,161.64808019009538,0.010965934707989334,-0.010965934707989334,69.5,0.49999893036001564,1
115.6344804825703,-489.61652742823196,161.81701503644004,0.00082820223038392504,-0.00082820223038392504,70,0.49999980996639343,1
115.79080131922373,-490.09146290152415,161.70853580689078,0.0054435251977456127,0.0054435251977456127,70.5,0.4999999077632995,1
115.94812245596627,-490.56606803150021,161.64323945899184,0.00088502462066531991,-0.00088502462066531991,71,0.49999996946555186,1
116.10523353748248,-491.04074267094342,161.75922994967937,0.0070840585011193681,-0.0070840585011193681,71.5,0.49999990526572236,1
116.26129796586419,-491.51576253341199,161.81734956638451,0.0030264906912950539,0.0030264906912950539,72,0.49999997554576964,1
116.41808094157106,-491.99054537795024,161.58582224643419,0.013137184333758664,0.013137184333758664,72.5,0.49999965093921639,1
116.57758752234179,-492.46441973813808,161.26464453221055,0.0035870745221229143,0.0035870745221229143,73,0.4999992585520483,1
116.73791735448827,-492.93801680031032,161.4136062490899,0.013987193018704071,-0.013987193018704071,73.5,0.49999983237427492,1
116.89504554500924,-493.41268355915548,161.97468759832756,0.017573540842168438,-0.017573540842168438,74,0.49999780020412277,1
117.04819322933658,-493.88865114099855,162.29049510286967,0.0044746456993554158,-0.0044746456993554158,74.5,0.49999935217994079,1
117.2002736159353,-494.36496146075001,162.23578275260593,0.0066460832369959312,0.0066460832369959312,75,0.49999996468975716,1
117.35366159636919,-494.84085205175256,162.0284768014499,0.0078265745612836144,0.0078265745612836144,75.5,0.49999972714627267,1
117.50891065773718,-495.31613865987509,161.7873562424582,0.0090067284910866456,0.0090067284910866456,76,0.49999963091612332,1
117.66596708528333,-495.79083133984329,161.64625304028081,0.00022718020862452995,-0.00022718020862452995,76.5,0.49999986184893269,1
117.82296907929235,-496.26554199933111,161.80213469289214,0.010655606307294419,-0.010655606307294419,77,0.49999983635413547,1
117.97760503716434,-496.74102790428253,162.15724019927001,0.0095274772159976828,-0.0095274772159976828,77.5,0.49999912527369944,1
118.13002271589383,-497.21723028493204,162.30425728822485,0.00073641968329326462,-0.00073641968329326462,78,0.4999998561255275,1
118.28224816335819,-497.69349423775805,162.21912491276737,0.003617021100856095,0.003617021100856095,78.5,0.49999993961716971,1
118.43514782842267,-498.1695422248381,162.19477978622595,0.0019174437398737042,-0.0019174437398737042,79,0.49999999357979885,1
118.58759098851046,-498.64573647719408,162.32898790319501,0.0074520481014257811,-0.0074520481014257811,79.5,0.49999988303440801,1
118.73864387885068,-499.12237353420699,162.4757622954682,0.0022715557918495275,-0.0022715557918495275,80,0.49999985979804273,1
118.88915540715674,-499.59918196026604,162.45875541160655,0.0034588618733083537,0.0034588618733083537,80.5,0.49999999531393408,1
119.04041871812875,-500.07575229014441,162.32347360127352,0.0035719050947938249,0.0035719050947938249,81,0.49999986856657747,1
119.19250194162154,-500.55206172711439,162.28014787099488,0.00054719262011114933,-0.00054719262011114933,81.5,0.49999998661462275,1
119.34445517556468,-501.02841262518581,162.35396077177501,0.0042398110417446464,-0.0042398110417446464,82,0.49999996339921987,1
119.49547397599926,-501.50506050590013,162.49125271462566,0.0053449926613063498,-0.0053449926613063498,82.5,0.49999988027414349,1
119.64521837867302,-501.98211022302189,162.66020715995188,0.0064502624775565039,-0.0064502624775565039,83,0.49999981873803845,1
119.79352876927628,-502.45960774190917,162.80607211956919,0.0020339343914050835,-0.0020339343914050835,83.5,0.49999985250437323,1
119.94136277282649,-502.93725310519449,162.76592528399033,0.0048367215520297704,0.0048367215520297704,84,0.49999998567364939,1
120.09033700883658,-503.41454373458157,162.54813849792447,0.006735362244046264,0.006735362244046264,84.5,0.49999966789539929,1
120.24063198415294,-503.89142045251191,162.52107672776708,0.0048460839841558126,-0.0048460839841558126,85,0.49999998370935517,1
120.38977083491049,-504.3686593887312,162.82580600838526,0.01642803999341292,-0.01642803999341292,85.5,0.49999939904864554,1
120.53575550245536,-504.84687250773834,163.14375537842054,0.0024321499821009116,-0.0024321499821009116,86,0.49999931034824341,1
120.68116123833617,-505.32526243799498,162.95799022187884,0.015401601516015811,0.015401601516015811,86.5,0.4999997533979329,1
120.83008323471924,-505.80256726186121,162.38523904262098,0.014942916765658135,0.014942916765658135,87,0.49999765588719991,1
120.98234332349215,-506.27882005303042,162.25564529621266,0.0058950418072522253,-0.0058950418072522253,87.5,0.49999985572956762,1
121.13320418856374,-506.75551660348748,162.71048455027113,0.021342585751343218,-0.021342585751343218,88,0.49999860182585815,1
121.2797471136894,-507.23355840150913,163.14481728154368,0.0089797381470188963,-0.0089797381470188963,88.5,0.49999878955869087,1
121.4241424966045,-507.71225446303163,163.22501244283535,0.0033808522949147156,0.0033808522949147156,89,0.49999994592434904,1
121.56896339440618,-508.19082190949388,163.09572636147243,0.0051413732703875408,0.0051413732703875408,89.5,0.49999989325347183,1
121.71501399082165,-508.66901543780801,162.93079410594279,0.0063730383179940158,0.0063730383179940158,90,0.49999982723480563,1
121.86252474008839,-509.14676055208412,162.76416009875231,0.0041242642181423452,0.0041242642181423452,90.5,0.49999981536388938,1
122.01101325135002,-509.62420283807523,162.70237388063404,0.00018925564527923165,0.00018925564527923165,91,0.49999997442911881,1
122.15958196068595,-510.1016201935073,162.73309422158758,0.001481008797820969,-0.001481008797820969,91.5,0.49999999266149342,1
122.3078048205001,-510.57914503050341,162.77984828114913,0.0017830447905315889,-0.0017830447905315889,92,0.49999998611964402,1
122.45560364825026,-511.0568012749024,162.83211002773794,0.00099011630983139457,-0.00099011630983139457,92.5,0.49999998129766648,1
122.60327705760737,-511.53449631225317,162.78659022831596,0.0041679544088642053,0.0041679544088642053,93,0.49999998454070643,1
122.75194556752255,-512.01188235601433,162.59331221408789,0.0093251029144852289,0.0093251029144852289,93.5,0.49999976061827323,1
122.9019758368009,-512.48884240137022,162.57409510366026,0.0087689408449326597,-0.0087689408449326597,94,0.49999996656562951,1
123.04991274800992,-512.9664540735024,163.0961987357924,0.027682024550730412,-0.027682024550730412,94.5,0.49999823905186414,1
123.19195147242995,-513.44585114048016,163.80293321960045,0.012405326398320383,-0.012405326398320383,95,0.49999654704981994,1
123.33105182061963,-513.92611254058477,163.75789770348126,0.015549571101884659,0.015549571101884659,95.5,0.49999991929692517,1
123.47367531518748,-514.40533597016395,163.05836637259421,0.023228522499822362,0.023228522499822362,96,0.49999655664851689,1
123.62166010224819,-514.88293304771776,162.56876431458147,0.010952929653524228,0.010952929653524228,96.5,0.49999846568698869,1
123.77225889578777,-515.35971378278316,162.43003671963493,0.00069666230775023287,-0.00069666230775023287,97,0.49999986594506785,1
123.92292739649285,-515.8364725833942,162.51617069403261,0.0053167654077190948,-0.0053167654077190948,97.5,0.49999995106478923,1
124.07232787478765,-516.31362999165299,162.73466843139886,0.0099371889061739341,-0.0099371889061739341,98,0.49999969517086623,1
124.2195316154484,-516.79146946655499,163.01255512122276,0.0086834742896159944,-0.0086834742896159944,98.5,0.49999950503889162,1
124.36466000643611,-517.26994354977978,163.23048763057091,0.0065311430441648581,-0.0065311430441648581,99,0.49999969818839907,1
124.50837752684826,-517.74884355674851,163.30359841052751,0.0044532748018278057,0.0044532748018278057,99.5,0.499999942348063,1
124.65318241954586,-518.22741511944685,162.95271500248731,0.020043699398648678,0.020043699398648678,100,0.49999919757204359,1
124.80273747409115,-518.70452042723946,162.20715327647662,0.021760553707286318,0.021760553707286318,100.5,0.49999618904940452,1
124.95662894615042,-519.18024854834152,162.12034492724086,0.015699858340432388,-0.015699858340432388,101,0.49999983037984219,1
125.10677879135922,-519.65716439487994,163.10696134792474,0.053179984218806042,-0.053179984218806042,101.5,0.49999370065600118,1
125.24736649485619,-520.13698732277464,163.97331864338383,0.0029452102968063371,-0.0029452102968063371,102,0.49999494448243981,1
125.38724823146596,-520.61701828232083,163.27248450610819,0.051885466854879762,0.051885466854879762,102.5,0.4999966223483856,1
125.53742560977439,-521.09391963736414,161.95593995167496,0.022846702147354445,0.022846702147354445,103,0.49998814725725038,1
125.6930098703763,-521.56909674552753,162.02633316825424,0.027762026252224164,-0.027762026252224164,103.5,0.49999974626950466,1
125.84257894617576,-522.04619185101421,163.17081840613622,0.032633609772123741,-0.032633609772123741,104,0.49999064802739485,1
125.98459258198852,-522.52559810060745,163.68863217486697,0.0035209441282257406,-0.0035209441282257406,104.5,0.49999822490266344,1
126.12573334875113,-523.0052632579135,163.40466575661077,0.018639956413814805,0.018639956413814805,105,0.49999937917538262,1
126.27106977871092,-523.48367176689339,162.76265618316421,0.026181418673110364,0.026181418673110364,105.5,0.49999737933095895,1
126.42262915118835,-523.9601434475785,161.94277855159316,0.023083036303392639,0.023083036303392639,106,0.4999955058604445,1
126.5789716999285,-524.43507158626392,161.7816743768895,0.011835118182212877,-0.011835118182212877,106.5,0.4999997294616863,1
126.73249963585504,-524.91091252440003,162.61864442534781,0.04335955787637754,-0.04335955787637754,107,0.49999542549519471,1
126.87800299301411,-525.38926901902926,163.38653497794814,0.010252543657027536,-0.010252543657027536,107.5,0.49999616288379622,1
127.0210528301803,-525.86836863582232,163.20626428063383,0.022838816848610489,0.022838816848610489,108,0.49999969872444333,1
127.16841097876257,-526.346158293597,162.58319593280305,0.012969181830527747,0.012969181830527747,108.5,0.49999738102318014,1
127.31885312747794,-526.82298852468853,162.48719444862263,0.0062668114385926472,-0.0062668114385926472,109,0.49999990939288758,1
127.46808619272856,-527.30019798925684,162.77227194880641,0.005912905753610009,-0.005912905753610009,109.5,0.4999993808372955,1
127.6159867840655,-527.77782273533239,162.75400057912088,0.0071884209730471056,0.0071884209730471056,110,0.49999998298154691,1
127.76553374571861,-528.25493374092457,162.42788276797376,0.0075241059018218053,0.0075241059018218053,110.5,0.49999920539622639,1
127.91652960903671,-528.73158891512173,162.5201914017768,0.013969166195956005,-0.013969166195956005,111,0.49999990582809728,1
128.06419872967771,-529.20928197157377,163.21137906052149,0.027745047734625328,-0.027745047734625328,111.5,0.49999682536329909,1
128.20645132169093,-529.68861818812502,163.59191872189666,0.0011762023759598801,0.0011762023759598801,112,0.49999900843116013,1
128.3489857155642,-530.16787031447222,163.14397541553703,0.030098337969949124,0.030098337969949124,112.5,0.49999865404332439,1
128.497179006202,-530.64540131343892,162.47981962396659,0.011705913291821498,0.011705913291821498,113,0.49999710635582201,1
128.64816387315278,-531.1220600197189,162.48018068143998,0.011730858539024377,-0.011730858539024377,113.5,0.4999999523206437,1
128.79680645901297,-531.59945299939682,162.91298248517307,0.01090828008068183,-0.01090828008068183,114,0.49999867537520748,1
128.9428862433162,-532.07763764451715,163.05589960324119,0.00093067797222932795,0.00093067797222932795,114.5,0.4999998582109188,1
129.08913003575825,-532.55577212450078,162.90850136283385,0.0048484448331901839,0.0048484448331901839,115,0.49999982777701363,1
129.23639720276458,-533.03359255623968,162.86359610824965,0.0017134762988466135,-0.0017134762988466135,115.5,0.49999998346522501,1
129.38325703122706,-533.51153822267804,163.00226407785007,0.006490724909275423,-0.006490724909275423,116,0.49999986928321943,1
129.5287984149239,-533.98988704317128,163.1341149210846,0.0027142141523764859,-0.0027142141523764859,116.5,0.49999988843564991,1
129.67369052295231,-534.4684330412108,163.1577780834117,0.0010622084222013319,0.0010622084222013319,117,0.49999999520855981,1
129.81872700565535,-534.946935296226,163.11734326651995,0.0013970036587974293,0.0013970036587974293,117.5,0.49999998936949958,1
129.964097506607,-535.425336182308,163.07835129667316,0.0013251468906924182,0.0013251468906924182,118,0.49999999035097781,1
130.10975311056762,-535.90365034856472,163.05999333332343,0.00085179598272505793,-0.00085179598272505793,118.5,0.49999999660699712,1
130.25519726678647,-536.38202881929328,163.13437216567354,0.004340842104271817,-0.004340842104271817,119,0.49999996383480355,1
130.39961253458281,-536.86071875003518,163.29830876259155,0.0056807554761011516,-0.0056807554761011516,119.5,0.49999981936633686,1
130.54274138186119,-537.33979498464748,163.41987688904663,0.0028063121053453132,-0.0028063121053453132,120,0.49999990549353446,1
130.68519785988744,-537.81907167026941,163.45923337923813,4.1089657945216381e-05,-4.1089657945216381e-05,120.5,0.49999998951238095,1
130.82760560936936,-538.29836284446617,163.4374831430265,0.0015595469039610787,0.0015595469039610787,121,0.4999999967754139,1
130.97038704726063,-538.77754280206659,163.36987762746449,0.0031602128881078914,0.0031602128881078914,121.5,0.49999997077224106,1
131.11387100479166,-539.25651284618289,163.28195172873205,0.0024313075834030491,0.0024313075834030491,122,0.49999994922952995,1
131.25793555644682,-539.73530861637516,163.23297704000498,0.00098777377621355649,0.00098777377621355649,122.5,0.4999999845976193,1
131.40226789060776,-540.21402374344018,163.20121444851711,0.0031618346280584313,0.0031618346280584313,123,0.49999999556521807,1
131.547403971959,-540.69249558819081,163.02008611762227,0.0094834103433386642,0.0094834103433386642,123.5,0.49999978832901909,1
131.69480102469572,-541.17027513098094,162.66936783737629,0.0115068392914567,0.0115068392914567,124,0.49999918266355042,1
131.84445380354768,-541.64735370852327,162.57838334949133,0.0051547693251442865,-0.0051547693251442865,124.5,0.49999992336791954,1
131.99287617316907,-542.12481556967327,162.96472755011001,0.021817186348229517,-0.021817186348229517,125,0.49999902865591006,1
132.13724673826928,-542.60351803945878,163.36539496307961,0.0026996248896730616,-0.0026996248896730616,125.5,0.49999891464491869,1
132.28097260846977,-543.08241513471887,163.11411536921975,0.020243709030777643,0.020243709030777643,126,0.49999955361324344,1
132.42921687667535,-543.55992962443338,162.39676678300873,0.021060368920295839,0.021060368920295839,126.5,0.49999645093052153,1
132.5823912495789,-544.03588817858645,161.99002934307472,0.0073364886037049206,0.0073364886037049206,127,0.49999893378473681,1
132.73731828516185,-544.51128022486751,161.96786536160499,0.0044794485872659603,-0.0044794485872659603,127.5,0.49999998402181034,1
132.89125885743627,-544.9869922568397,162.2053136713987,0.012097865389097764,-0.012097865389097764,128,0.49999963715515811,1
133.04231880099479,-545.46362583785128,162.66082685466517,0.019105296989270458,-0.019105296989270458,128.5,0.49999867709407941,1
133.18984004142155,-545.9413674089343,162.92438543761946,0.00070456623331653049,0.00070456623331653049,129,0.49999952511769097,1
133.33752955238964,-546.41905683528432,162.62044795932155,0.020515389540149288,0.020515389540149288,129.5,0.49999937969622577,1
133.48960609559612,-546.89536569838072,162.00288400332357,0.015602400539616047,0.015602400539616047,130,0.49999740805109066,1
133.64536358694133,-547.37048592436599,161.76600897188612,0.00093541458523451685,0.00093541458523451685,130.5,0.49999962525031616,1
133.80139839999092,-547.84551538153255,161.89961418445091,0.0050827200189812903,-0.0050827200189812903,131,0.49999984805934955,1
133.95640923330717,-548.32088010840437,161.94635537580353,0.0018196882728020026,0.0018196882728020026,131.5,0.49999998199931622,1
134.11185216874014,-548.79610357738204,161.79669918377024,0.0075790680814567619,0.0075790680814567619,132,0.49999985164317179,1
134.26867031471116,-549.27087507808892,161.67963004719908,0.00059397835618303825,0.00059397835618303825,132.5,0.49999990878924072,1
134.42562947351297,-549.74560002421845,161.76266476426571,0.0063909170205342933,-0.0063909170205342933,133,0.49999995200945213,1
134.58133647055234,-550.22073700659291,161.92362748413876,0.0025310171912025447,-0.0025310171912025447,133.5,0.49999982094690054,1
134.73644742078926,-550.69606908540527,161.89867865159576,0.0042727936855521077,0.0042727936855521077,134,0.49999999203147649,1
134.89251434830064,-551.17108791792691,161.72433836815915,0.0043112388367188611,0.0043112388367188611,134.5,0.49999977711301435,1
135.04952002069794,-551.64579752648422,161.709656580971,0.0032862327979553277,-0.0032862327979553277,135,0.49999999362155906,1
135.20574675655791,-552.1207637812746,161.90977254583046,0.0097265149669654629,-0.0097265149669654629,135.5,0.49999973618700039,1
135.35981296613303,-552.59643495451212,162.20092182035165,0.010599682036013074,-0.010599682036013074,136,0.49999946198170958,1
135.51135599687859,-553.07291588315297,162.51709730860273,0.011473654090473325,-0.011473654090473325,136.5,0.4999993655255966,1
135.660345217577,-553.55020170290311,162.7839961124028,0.0064678754476501839,-0.0064678754476501839,137,0.49999954161866939,1
135.80779069470731,-554.0279670866089,162.88635948205626,0.00067850262804433799,-0.00067850262804433799,137.5,0.49999993059371611,1
135.95507464837718,-554.50578233147326,162.82252390285026,0.0051530141677582197,0.0051530141677582197,138,0.4999999712334155,1
136.10358934889277,-554.98321613875032,162.59091837255198,0.011016267919052572,0.011016267919052572,138.5,0.49999965660019241,1
136.25471256672799,-555.45983004582808,162.21443673776037,0.011386824304075265,0.011386824304075265,139,0.49999904338788648,1
136.40828568005858,-555.93566106223773,162.07221511023684,0.0014576769332050195,-0.0014576769332050195,139.5,0.49999985731546503,1
136.56151188919276,-556.41160369651436,162.29795235388175,0.014248986392444605,-0.014248986392444605,140,0.49999966228769827,1
136.71196301010542,-556.88843029691293,162.66449546947783,0.011340597122629392,-0.011340597122629392,140.5,0.49999914663080358,1
136.85970806417208,-557.36610266284163,162.94772772484976,0.0084329044827335612,-0.0084329044827335612,141,0.49999949017281986,1
137.00542045284072,-557.84439924980495,163.15634707477039,0.0063694789210158873,-0.0063694789210158873,141.5,0.49999972531221087,1
137.14960784388316,-558.32315789281392,163.31400835652096,0.0046373186573019122,-0.0046373186573019122,142,0.49999984199139291,1
137.2927068912189,-558.80224306578464,163.4030793496095,0.0002632050915026771,0.0002632050915026771,142.5,0.49999994030877015,1
137.43592866013418,-559.28129148849723,163.2621308906559,0.0095770933448204049,0.0095770933448204049,143,0.49999986639462918,1
137.58144095754264,-559.75964816950295,162.85897189911844,0.016163712578919597,0.016163712578919597,143.5,0.4999989429587795,1
137.73018773007655,-560.23700959402163,162.59216741620725,0.0024630590694035589,0.0024630590694035589,144,0.4999995319575361,1
137.87952240598014,-560.71418779769101,162.71783706354239,0.011236528340723853,-0.011236528340723853,144.5,0.49999988348435465,1
138.02649244611743,-561.19209874007197,163.09863408323793,0.013452708202681201,-0.013452708202681201,145,0.49999906154453205,1
138.17024705457698,-561.67098669538075,163.48325390651348,0.013398829959745834,-0.013398829959745834,145.5,0.49999906119229814,1
138.31091567103289,-562.15079049752717,163.78236356424628,0.0023878730672659745,-0.0023878730672659745,146,0.49999934820935737,1
138.45109379775809,-562.6307381329932,163.5566218514623,0.018148641826282695,0.018148641826282695,146.5,0.49999964000149349,1
138.59558053991137,-563.10940253291915,162.79689463385876,0.024218111479275207,0.024218111479275207,147,0.49999602639874458,1
138.74497470914943,-563.5865618654891,162.59852470348477,0.010367637384911295,-0.010367637384911295,147.5,0.49999964646081058,1
138.89189184277919,-564.06448577732033,163.39110189782542,0.044967839636441395,-0.044967839636441395,148,0.49999590963731427,1
139.030572556653,-564.54486387113536,164.22417428278715,0.010226739771791669,-0.010226739771791669,148.5,0.49999545339724366,1
139.16679597931375,-565.02594875138675,163.97534354828437,0.027600873055114317,0.027600873055114317,149,0.49999948288763324,1
139.30877313036189,-565.50536198395389,163.0956913333751,0.019572968867885579,0.019572968867885579,149.5,0.4999945589506154,1
139.45535766087499,-565.98339206788319,162.94560802349366,0.0090938818055760658,-0.0090938818055760658,150,0.49999978572715426,1
139.59984937788676,-566.46205652277558,163.52967335367833,0.020000546437220927,-0.020000546437220927,150.5,0.49999751665627423,1
139.74013807709574,-566.94197179361856,163.77012361658001,0.0032134078331771372,0.0032134078331771372,151,0.49999958631386765,1
139.88119751514571,-567.42166028013548,163.34553550538095,0.026364104783210249,0.026364104783210249,151.5,0.49999880915845146,1
140.02669325755463,-567.90002192837153,162.93447428103809,0.0023340603037793942,0.0023340603037793942,152,0.49999887756096689,1
140.17274738360138,-568.37821399661584,163.2117823490662,0.021694287276597415,-0.021694287276597415,152.5,0.49999946186676242,1
140.31520305870743,-568.85748994262815,163.5917451005771,0.0038897816456058406,-0.0038897816456058406,153,0.49999905179501392,1
140.45672654374604,-569.33704277118989,163.4343446453596,0.014878996182451231,0.014878996182451231,153.5,0.49999981219900308,1
140.60150800244412,-569.81562032028592,162.9261145087014,0.011411154816866668,0.011411154816866668,154,0.49999814127805153,1
140.74891171205149,-570.29339861289316,162.8732453706271,0.0077197548115569585,-0.0077197548115569585,154.5,0.49999995049270257,1
140.89453506901464,-570.77172120969135,163.2972281912806,0.011764858800144721,-0.011764858800144721,155,0.4999986686992095,1
141.03789362883427,-571.25072877637126,163.2524641729234,0.014890900747284167,0.014890900747284167,155.5,0.49999992561016293,1
141.18476487516944,-571.72866701201576,162.5052861707311,0.02660199005922026,0.02660199005922026,156,0.49999612007597011,1
141.33722828210819,-572.2048537995588,162.10905914355465,0.0010620199153204945,0.0010620199153204945,156.5,0.49999894708482506,1
141.48996207702413,-572.68095428886443,162.41722240019351,0.01625132288913235,-0.01625132288913235,157,0.49999928802597243,1
141.63946737010247,-573.15807849167379,162.73813949811927,0.0061527049862840025,-0.0061527049862840025,157.5,0.49999933756447085,1
141.78750434184582,-573.63566098927754,162.76974827988795,0.0039459700255838415,0.0039459700255838415,158,0.49999998702037612,1
141.93623933674982,-574.11302642353144,162.62753898739297,0.003443750067981176,0.003443750067981176,158.5,0.49999985652948564,1
142.08578850391552,-574.59013755652416,162.58388351721612,0.00039602246789801482,-0.00039602246789801482,159,0.49999998662555001,1
142.23524996757143,-575.06727615863019,162.6418050459136,0.0022061291124994987,-0.0022061291124994987,159.5,0.4999999747378705,1
142.38428484393916,-575.54454820131673,162.65967466172489,0.00095859510610833492,0.00095859510610833492,160,0.49999999710412096,1
142.53354844763319,-576.0217487184176,162.5868815504856,0.0041140894998712178,0.0041140894998712178,160.5,0.49999995690906546,1
142.68369380937528,-576.4986724824256,162.45996045992746,0.0047466516936464026,0.0047466516936464026,161,0.49999990632821906,1
142.83497062709614,-576.97523852284644,162.31492014645957,0.0053790343758312329,0.0053790343758312329,161.5,0.49999986646212385,1
142.9874655002441,-577.45141622563744,162.19670813427223,0.00017611328786651896,-0.00017611328786651896,162,0.49999989097171937,1
143.1398604187041,-577.92762583508886,162.36748058348562,0.011746444043775671,-0.011746444043775671,162.5,0.49999980330626309,1
143.28945537753248,-578.40472093641836,162.86969845301144,0.022980144130853017,-0.022980144130853017,163,0.49999838741686459,1
143.43488221452893,-578.8831039219416,163.20415271661773,0.0003702757166332595,-0.0003702757166332595,163.5,0.49999924575635124,1
143.58022051692416,-579.36151390385771,162.89090886316706,0.022240173785616959,0.022240173785616959,164,0.49999933293966081,1
143.73021254961839,-579.838483085137,162.25360197240792,0.013934571856413272,0.013934571856413272,164.5,0.49999720975419459,1
143.88349236805698,-580.3144086847235,162.13631404080024,0.0057456175680045424,-0.0057456175680045424,165,0.49999987908232546,1
144.03542902230114,-580.79076365080448,162.5473843091014,0.01574007902019485,-0.01574007902019485,165.5,0.49999880061148078,1
144.18423547592405,-581.26810669573467,162.73688972385048,0.0025099728372620497,0.0025099728372620497,166,0.49999974318299067,1
144.33364075613488,-581.7452621507216,162.40356178747942,0.020760912506832308,0.020760912506832308,166.5,0.49999926597811961,1
144.48663527333312,-582.22127880845574,162.05166797946038,0.0027614831686279808,0.0027614831686279808,167,0.49999918073242738,1
144.64028705643815,-582.69708429272339,162.24577556286238,0.016313350489619228,-0.016313350489619228,167.5,0.49999972931045861,1
144.7904863420741,-583.17398926870305,162.75600509054416,0.011704926242606134,-0.011704926242606134,168,0.4999981815164069,1
144.93793838661117,-583.65175259666421,162.86496339101012,0.0040978463876404844,0.0040978463876404844,168.5,0.49999990298266966,1
145.08629050503279,-584.12923670399118,162.58467061859045,0.009937974236844508,0.009937974236844508,169,0.49999942378968842,1
145.23686106566078,-584.60602625193883,162.39452133737797,0.0033369548543034384,0.0033369548543034384,169.5,0.49999976675989188,1
145.38822700217807,-585.08256412919059,162.39347548975971,0.0032639447492141338,-0.0032639447492141338,170,0.49999999519336896,1
145.53914357535697,-585.55924448169969,162.46246619476005,0.0015097985537387622,-0.0015097985537387622,170.5,0.4999999705282685,1
145.68970026871162,-586.03603865098012,162.47997715978229,0.00028730161387711316,0.00028730161387711316,171,0.49999999777369442,1
145.84011583639102,-586.51287734526147,162.5282936526732,0.0041716360574159455,-0.0041716360574159455,171.5,0.49999998336426421,1
145.98953626496956,-586.99002858016365,162.71964614778173,0.0091872503987011755,-0.0091872503987011755,172,0.49999976544521452,1
146.13723331184568,-587.46771616971216,162.86448249849479,0.00073261993188849302,0.00073261993188849302,172.5,0.49999985086456888,1
146.28510622623077,-587.94534925124549,162.67470391350435,0.012516670478689417,0.012516670478689417,173,0.49999975938370378,1
146.43569869855713,-588.42213106431711,162.29450572816179,0.0085617797968640611,0.0085617797968640611,173.5,0.49999898999621323,1
146.58829112547394,-588.89827758386252,162.22576427637364,0.0037625673916625267,-0.0037625673916625267,174,0.49999995682756748,1
146.7400374270722,-589.37469404142462,162.46612145088258,0.0086110909584041218,-0.0086110909584041218,174.5,0.4999995810845877,1
146.88987939976207,-589.85171313205262,162.62853048443139,0.0027272127284504936,-0.0027272127284504936,175,0.49999982960313161,1
147.03906921422509,-590.32893676555545,162.6253386444989,0.0020962215702028035,0.0020962215702028035,175.5,0.49999999711315724,1
147.18864610361183,-590.80603919293401,162.55899320211108,0.0025355662818845248,0.0025355662818845248,176,0.49999997204911983,1
147.33882773176791,-591.28295159475351,162.48006129859363,0.0029749211941177151,0.0029749211941177151,176.5,0.49999996044485678,1
147.48963719580226,-591.75966585009905,162.4185222156666,0.0012762530300791716,0.0012762530300791716,177,0.49999997569198229,1
147.64075083960424,-592.23628379514832,162.40695114869692,0.00046843004429137128,-0.00046843004429137128,177.5,0.49999999888609992,1
147.7916834580401,-592.71295906451792,162.47716843973859,0.0050361672673572009,-0.0050361672673572009,178,0.49999996773647837,1
147.94141380929247,-593.19001305557777,162.6978488585778,0.010370333780543693,-0.010370333780543693,178.5,0.49999968847219073,1
148.08877739527364,-593.66780310560216,163.00268179017519,0.0073058472477346521,-0.0073058472477346521,179,0.49999935837513215,1
148.23444122631196,-594.1461147248001,163.07761031072889,0.0020747532791895013,0.0020747532791895013,179.5,0.49999995673251235,1
148.38059685442647,-594.62427609335225,162.89258814281118,0.0079372859633660715,0.0079372859633660715,180,0.49999976200515694,1
148.52819653996866,-595.10199388585943,162.82003335994455,0.0028719959994691793,-0.0028719959994691793,180.5,0.49999995645008283,1
148.67510996442437,-595.57992283326871,163.05714668803671,0.013681698293558779,-0.013681698293558779,181,0.49999963305691147,1
148.81927923753861,-596.0586864052716,163.3670446802239,0.0038515976674676493,-0.0038515976674676493,181.5,0.49999933718681677,1
148.96253445648205,-596.53772487397248,163.26326240786167,0.011097261339460754,0.011097261339460754,182,0.49999991224980678,1
149.10835667799839,-597.01598672706712,162.80493308242438,0.014104913739908319,0.014104913739908319,182.5,0.49999852041128712,1
149.25734553465438,-597.49327280015166,162.58359328742665,0.0013478983458686321,0.0013478983458686321,183,0.49999967496801651,1
149.40665637622291,-597.970458431932,162.72639755469061,0.010252097371019349,-0.010252097371019349,183.5,0.49999985458748925,1
149.55397842375061,-598.44826149517075,162.99171503067123,0.0082704277046720433,-0.0082704277046720433,184,0.49999955292788789,1
149.69932345684595,-598.92666984065181,163.20025438474255,0.0062883500247576203,-0.0062883500247576203,184.5,0.49999972367133116,1
149.84335260737834,-599.40547623436589,163.26190585530475,0.0040496957765665418,0.0040496957765665418,185,0.49999995886456322,1
149.98835753947972,-599.88398743650498,162.95848915670834,0.017133400364586521,0.017133400364586521,185.5,0.49999940090596456,1
150.13730852035656,-600.36128329541998,162.39206635534481,0.013763794064477383,0.013763794064477383,186,0.49999773163643224,1
150.28934169484165,-600.83760863327029,162.30699851343704,0.0078244900335231252,-0.0078244900335231252,186.5,0.49999991362222285,1
150.43954508828563,-601.31451245659639,162.79474327584114,0.018015634271762268,-0.018015634271762268,187,0.49999831610229895,1
150.58605404357297,-601.79256551218407,163.03625785733567,0.001154259074504781,0.001154259074504781,187.5,0.49999959793594451,1
150.73282880249451,-602.27053681668303,162.74589437747073,0.01453301515516328,0.01453301515516328,188,0.49999939778055508,1
150.8825249413558,-602.74760129362699,162.45300564108808,0.0059144770953703883,0.0059144770953703883,188.5,0.49999944915148031,1
151.03363139384879,-603.22422149897261,162.40701275642152,0.002703498885070463,-0.002703498885070463,189,0.49999998012872393,1
151.18432402356879,-603.70097266007133,162.49840174076962,0.0012518129565939535,-0.0012518129565939535,189.5,0.49999993826090094,1
151.33472560142724,-604.17781577633627,162.46771789528228,0.0033939749234853118,0.0033939749234853118,190,0.49999999215157392,1
151.48592347207224,-604.65440684687417,162.31867965729484,0.004714023005368417,0.004714023005368417,190.5,0.49999984460401475,1
151.63810377373474,-605.1306852719174,162.27106069247878,0.0013895631925305112,-0.0013895631925305112,191,0.49999998237575111,1
151.78995310466144,-605.60706922917052,162.39829457074131,0.0074930037693239915,-0.0074930037693239915,191.5,0.49999989403101563,1
151.94045534810346,-606.08388047805772,162.52078413823619,0.00064228577851859273,0.00064228577851859273,192,0.49999989234644276,1
152.09111179170884,-606.56064295500096,162.35818534200149,0.010709475013469796,0.010709475013469796,192.5,0.49999982342084093,1
152.24423295697432,-607.03661865694221,161.96893665631643,0.012180802655513112,0.012180802655513112,193,0.49999896008964279,1
152.40016636813272,-607.51168115558005,161.72124823155363,0.0051113144512299532,0.0051113144512299532,193.5,0.4999996063273674,1
152.55731437354447,-607.98634365354701,161.6737475858659,0.00076092676301394531,-0.00076092676301394531,194,0.49999998258112766,1
152.71450728152473,-608.46099130111418,161.67038500795098,0.00099569717535561353,0.00099569717535561353,194.5,0.49999999966033615,1
152.87193646776112,-608.93556061403001,161.61669794870613,0.0027523608650802727,0.0027523608650802727,195,0.49999998144045549,1
153.0300023572571,-609.4099181952987,161.52012563708541,0.0038519565724506964,0.0038519565724506964,195.5,0.499999940329237,1
153.18898124096097,-609.88397053154745,161.39652023653451,0.0047773221349009382,0.0047773221349009382,196,0.49999990296661284,1
153.34905429804158,-610.35765450785846,161.27564939850041,0.0013406003291632968,0.0013406003291632968,196.5,0.49999989301692843,1
153.50938947753991,-610.83124988536326,161.35748830540763,0.0070541454153808065,-0.0070541454153808065,197,0.4999999513786812,1
153.66805373893396,-611.30540702050973,161.67720940269461,0.01353818851597105,-0.01353818851597105,197.5,0.49999933665358753,1
153.82408982286603,-611.78043587882178,161.89916542142791,0.0019574699113753661,-0.0019574699113753661,198,0.49999967571799298,1
153.97966096709729,-612.25561745562948,161.78936907090309,0.0096228401701598538,0.0096228401701598538,198.5,0.49999991185486731,1
154.13731939648764,-612.73010985609017,161.44562625874556,0.011844400020514059,0.011844400020514059,199,0.49999921845216977,1
154.29777510675169,-613.20366376974562,161.12417204065576,0.010597281424666871,0.010597281424666871,199.5,0.49999934409430324,1
154.46071960801191,-613.67636728089792,160.85980029593713,0.0045385004639505238,0.0045385004639505238,200,0.49999951994642994,1
154.62453551970069,-614.14876991153733,160.97010146642975,0.012239765850387213,-0.012239765850387213,200.5,0.49999989835744618,1
154.78545647927456,-614.62216425379404,161.56116078632542,0.029024357111352643,-0.029024357111352643,201,0.49999775850581529,1
154.94064639434944,-615.09746811620391,162.14920165974715,0.0066841949787828855,-0.0066841949787828855,201.5,0.49999767135727152,1
155.0942519289238,-615.57328842893321,161.93209986997795,0.021841364578952562,0.021841364578952562,202,0.4999996302575424,1
155.25182076698118,-616.04780958702395,161.43314661706029,0.0052301684077971002,0.0052301684077971002,202.5,0.49999826819953097,1
155.4106194749539,-616.52192201875346,161.65551981184922,0.020755691162646521,-0.020755691162646521,203,0.49999962757413519,1
155.56537803665074,-616.99736670381174,162.21409721792858,0.010530818788162415,-0.010530818788162415,203.5,0.49999786096406368,1
155.71764921989683,-617.47361606134666,162.22906035988288,0.0094860363665115882,0.0094860363665115882,204,0.49999996379959089,1
155.87180329126167,-617.949258364255,161.86818654661116,0.0093356873671814142,0.0093356873671814142,204.5,0.49999907803345689,1
156.02813934158934,-618.42418880257685,161.73632362694661,0.00012980366454692487,-0.00012980366454692487,205,0.49999988187662414,1
156.18446656576722,-618.89912215624634,161.86125623343631,0.007784802767734131,-0.007784802767734131,205.5,0.49999989144689527,1
156.33895528708973,-619.37465618727651,162.17305929060063,0.013983397714825999,-0.013983397714825999,206,0.49999937968329,1
156.49017016705233,-619.85124062820114,162.61305071647973,0.011581539838725242,-0.011581539838725242,206.5,0.499998669251769,1
156.63880652153887,-620.3286368288741,162.72638905477126,0.0036688165868825192,0.0036688165868825192,207,0.49999989829201186,1
156.78830643874309,-620.80576272977487,162.42094548188652,0.013525761529020011,0.013525761529020011,207.5,0.49999935055402289,1
156.94061995900321,-621.28199807258,162.14461602788691,0.00576570605076127,0.00576570605076127,208,0.49999951019050631,1
157.0943059389935,-621.75779277179379,162.09048335002049,0.0018739912508677213,-0.0018739912508677213,208.5,0.49999997624551779,1
157.2476110404524,-622.23371022757419,162.22698626923892,0.0076558368786450032,-0.0076558368786450032,209,0.49999987884980146,1
157.39909309350125,-622.71021060041971,162.52913808558395,0.013438375339279307,-0.013438375339279307,209.5,0.49999941771747697,1
157.54776305590315,-623.18759579619007,162.83747606814629,0.0066726855633041388,-0.0066726855633041388,210,0.49999938286089857,1
157.69484043276026,-623.66547465823385,162.90888663120342,0.0016871863182251843,0.0016871863182251843,210.5,0.4999999615714264,1
157.84222797147027,-624.14325788754093,162.78857908736222,0.0052802869878334499,0.0052802869878334499,211,0.4999999007740844,1
157.99086904067087,-624.62065252666366,162.61515121778746,0.0068272315973573567,0.0068272315973573567,211.5,0.49999980891619011,1
158.14106395932609,-625.09756057026573,162.44818251377194,0.0017087602197149744,0.0017087602197149744,212,0.49999979564215535,1
158.29161521327592,-625.57435637022786,162.5565999811792,0.0092779076801461271,-0.0092779076801461271,212.5,0.49999991492738888,1
158.44000773517834,-626.05182750585925,162.92859617001716,0.011028852465212154,-0.011028852465212154,213,0.49999902591674156,1
158.58598463712943,-626.53004358695352,163.05992871102001,0.0018598888339814894,0.0018598888339814894,213.5,0.49999987612038738,1
158.73239136039149,-627.00812802502435,162.84350549232289,0.0086848300688997168,0.0086848300688997168,214,0.49999965854171174,1
158.88045646351605,-627.48570175830048,162.76141852091075,0.0029540834847346237,-0.0029540834847346237,214.5,0.49999994547858634,1
159.02781745515355,-627.96349285222141,163.00838603281829,0.012214378762515863,-0.012214378762515863,215,0.49999959128637661,1
159.17274594035291,-628.44202741541028,163.26004774972367,0.0053549482574223933,-0.0053549482574223933,215.5,0.49999959398838134,1
159.31639274048493,-628.92094867555556,163.31520778638514,0.0015039736706277216,0.0015039736706277216,216,0.49999997660731471,1
159.46034859412316,-629.39977706363402,163.20246616851867,0.0052478555817545586,0.0052478555817545586,216.5,0.49999991302651581,1
159.60555134502309,-629.87822868872593,163.02351309082462,0.0072454490812982816,0.0072454490812982816,217,0.49999979642195125,1
159.75247390533286,-630.3561548638728,162.79973083809762,0.0068549236997338036,0.0068549236997338036,217.5,0.49999966761839215,1
159.90096580397628,-630.83359600782956,162.6691177020013,0.002263623720559388,0.002263623720559388,218,0.49999988990544669,1
160.04999818127379,-631.31086883201908,162.66956915787239,0.0020735846482466901,-0.0020735846482466901,218.5,0.49999999819279584,1
160.19858823762775,-631.788279488885,162.76621565149111,0.0046736353515506495,-0.0046736353515506495,219,0.49999994013641041,1
160.34606222800738,-632.26603594955748,162.9373497785175,0.007273782326709396,-0.007273782326709396,219.5,0.49999981355275447,1
160.49204323135652,-632.74425075999,163.08396881101336,0.002119179087384486,-0.002119179087384486,220,0.49999985825581,1
160.6375179229795,-633.22261997550527,163.05729837663515,0.0039811188914004748,0.0039811188914004748,220.5,0.49999999225549774,1
160.78386890515375,-633.70072165486988,162.89575486997117,0.0059945973059025975,0.0059945973059025975,221,0.499999825794602,1
160.9316445157491,-634.17838490291876,162.72255434997493,0.0060970961768217922,0.0060970961768217922,221.5,0.49999980962340107,1
161.08085350061972,-634.6556023663419,162.56255323429053,0.0039182813016922415,0.0039182813016922415,222,0.49999982856210018,1
161.23097336649434,-635.13253423752826,162.51500940285806,0.00059909189426873984,-0.00059909189426873984,222.5,0.49999998388354061,1
161.38095865445919,-635.60950842426212,162.58825871427069,0.0033819104275010403,-0.0033819104275010403,223,0.49999996141632097,1
161.53019255836676,-636.08671822144288,162.67823671638513,0.0028997350579785734,-0.0028997350579785734,223.5,0.49999994860079616,1
161.67873441926864,-636.5641439001879,162.7544011649677,0.0024175458228946549,-0.0024175458228946549,224,0.49999996316533407,1
161.82680610604484,-637.04171564513763,162.772818518767,0.0015629377559462237,0.0015629377559462237,224.5,0.49999999599907863,1
161.97525123459377,-637.51917136758732,162.66398136467762,0.0060353870507801272,0.0060353870507801272,225,0.49999992308985769,1
162.12495042123996,-637.99623531624911,162.53178245809511,0.00092182193259076446,-0.00092182193259076446,225.5,0.4999998575952927,1
162.27439650755943,-638.47337842855416,162.74996489343411,0.014309780366545097,-0.014309780366545097,226,0.49999968233624931,1
162.42044454598172,-638.95157060432723,163.32652735578304,0.021600982495936883,-0.021600982495936883,226.5,0.49999778649268678,1
162.56162578791577,-639.43122279059583,163.83362685322669,0.01380459255537983,-0.01380459255537983,227,0.49999836286360322,1
162.69949282603045,-639.91183923047913,164.11919468051354,0.0078545095797675456,-0.0078545095797675456,227.5,0.49999948248434978,1
162.83449124313648,-640.39326788880066,164.65659699686012,0.029645847646584064,-0.029645847646584064,228,0.49999812567089313,1
162.96234255195171,-640.87663677519595,165.81521531274797,0.051163722359670871,-0.051163722359670871,228.5,0.49999143742746405,1
163.07602940984629,-641.36350066306738,168.27967776498937,0.12678938767476708,-0.12678938767476708,229,0.49996114546155745,1
163.15857435280481,-641.85648920288372,173.11005039467312,0.21050637947956213,-0.21050637947956213,229.5,0.49985134590022895,1
163.19019749322732,-642.35520709265791,179.71460492278845,0.23493761406607025,-0.23493761406607025,230,0.49971947789834764,1
163.1631355275608,-642.8541797615228,186.52354537891165,0.24106121267143057,-0.24106121267143057,230.5,0.49970598781672743,1
163.07612621913083,-643.34622835679431,193.61096033019288,0.25734025815871203,-0.25734025815871203,231,0.49968233895358999,1
162.92652252391827,-643.82292216478913,201.37173588100035,0.28558693161908788,-0.28558693161908788,231.5,0.49961810635910292,1
162.71076477496433,-644.27346438213556,209.83988279973224,0.29117790454859488,-0.29117790454859488,232,0.49953948376990276,1
162.43219544913291,-644.68818747246837,217.82161879166085,0.26675503908961629,-0.26675503908961629,232.5,0.49959594769110638,1
162.10075042620093,-645.06208072261438,225.26876393886829,0.26539413781209481,-0.26539413781209481,233,0.49965184451888495,1
161.72230736861368,-645.38821032885642,233.41381900899992,0.3050753576476809,-0.3050753576476809,233.5,0.4995794910758139,1
161.29879512774986,-645.6529457686263,242.66905015499955,0.31310488576640888,-0.31310488576640888,234,0.49944716560578578,1
160.839940090461,-645.85064933617252,250.25319083627269,0.21727956877450591,-0.21727956877450591,234.5,0.49963451228459327,1
160.36209225095314,-645.99729531027504,255.21888464143021,0.13419395537651876,-0.13419395537651876,235,0.49984357497401477,1
159.87525963357342,-646.11103992826918,258.18379477459621,0.072335974094032071,-0.072335974094032071,235.5,0.49994383231261202,1
159.38459038356137,-646.20713711353699,259.35273482495819,0.009247462844183256,-0.009247462844183256,236,0.49999098184245311,1
158.89327375734237,-646.29991320546208,259.08560154876204,0.027646255335596615,0.027646255335596615,236.5,0.49999943043179179,1
158.40329722386161,-646.39947154137496,257.76793510566472,0.064364430812326706,0.064364430812326706,237,0.49998886548758548,1
157.91642970335189,-646.51322859919651,256.04388194746093,0.046574940814643681,0.046574940814643681,237.5,0.49998065035708722,1
157.43232629035754,-646.63828250196116,255.12710575264992,0.017443636213953954,0.017443636213953954,238,0.49999459304022081,1
156.94940765848639,-646.76785577719932,254.85370929458406,0.012059996315927208,0.012059996315927208,238.5,0.49999963866411001,1
156.46732029658881,-646.90048286979652,254.31896590281173,0.025274323877629717,0.025274323877629717,239,0.49999817018881104,1
155.98694899350087,-647.03918452386017,253.41754589106753,0.033792794539462753,0.033792794539462753,239.5,0.49999473764270147,1
155.50880857565295,-647.18539629217776,252.63921807153477,0.020547149506300818,0.020547149506300818,240,0.49999614035944651,1
155.03219290380721,-647.3365137143519,252.24010070032347,0.007318940530672358,0.007318940530672358,240.5,0.49999897393246562,1
154.55620542410523,-647.48960136464791,252.11669546868814,0.0031668932276585817,0.0031668932276585817,241,0.49999990950619427,1
154.08046216264262,-647.64344648834515,252.05170242628733,0.0013703291964840159,0.0013703291964840159,241.5,0.49999997291250003,1
153.60481783690022,-647.79759730476871,252.05120234268978,0.0020444369026276477,-0.0020444369026276477,242,0.49999999881498863,1
153.12901317838461,-647.95125219401939,252.17675957940367,0.0067210289989042757,-0.0067210289989042757,242.5,0.49999989805578637,1
152.65271219276678,-648.103360822843,252.39518443316493,0.0053019595522265086,-0.0053019595522265086,243,0.4999996638629986,1
152.1760334674272,-648.25428258994782,252.42859228471247,0.0029699262110021245,0.0029699262110021245,243.5,0.49999998697740961,1
151.69957643732221,-648.40590200338079,252.2356189816866,0.0090670383300825684,0.0090670383300825684,244,0.49999974806616665,1
151.22378845377375,-648.55960715186131,251.94889812243667,0.010947728745442061,0.010947728745442061,244.5,0.49999947795825511,1
150.74884559912621,-648.71590359545723,251.62835818947082,0.0055196925533111136,0.0055196925533111136,245,0.49999929346098509,1
150.27406894575273,-648.87270336515246,251.99346906773118,0.031029942235073674,-0.031029942235073674,245.5,0.49999903836407456,1
149.79692658476338,-649.0221100234204,253.40617368016024,0.065936730032003787,-0.065936730032003787,246,0.49998718202097975,1
149.31529400994768,-649.1562779586551,255.54358196683526,0.083126807528081381,-0.083126807528081381,246.5,0.49997097112607336,1
148.82852286840651,-649.27034150417012,258.15612085584894,0.098963871859976113,-0.098963871859976113,247,0.49995663477220764,1
148.33604813907579,-649.35598135225803,262.74071879650319,0.22676247700872804,-0.22676247700872804,247.5,0.49986552452623623,1
147.83735878115067,-649.3851078087763,271.24699026087217,0.36698764698309039,-0.36698764698309039,248,0.49953921385320199,1
147.34119506735988,-649.3289152991124,281.47143107944697,0.33545952942674978,-0.33545952942674978,248.5,0.49933558758113711,1
146.86132828086986,-649.19034696889833,290.59297641657383,0.30428176084424147,-0.30428176084424147,249,0.49947303722480868,1
146.4083066384087,-648.97987922239372,299.25367377859004,0.30428239901459608,-0.30428239901459608,249.5,0.49952505528444413,1
145.9925245749728,-648.70306053797469,308.10735582150215,0.31501527093006221,-0.31501527093006221,250,0.49950306137049272,1
145.6248363937693,-648.36496697774885,316.91090487277336,0.28207496739104476,-0.28207496739104476,250.5,0.4995016056660152,1
145.30814586857525,-647.97847689642686,324.151862662795,0.22465483074970322,-0.22465483074970322,251,0.49966736105929899,1
145.03694577926248,-647.5586675805331,329.93124882093582,0.1842503958422638,-0.1842503958422638,251.5,0.49978930576237834,1
144.80555791099485,-647.11559773077067,334.77209014361722,0.15369183177251952,-0.15369183177251952,252,0.49985121521302261,1
144.60884991957906,-646.65602591692527,338.72071298046325,0.11664324393618096,-0.11664324393618096,252.5,0.4999002760231151,1
144.43870606466734,-646.18590702972608,341.19921563835317,0.056355974511202625,-0.056355974511202625,253,0.49996069792097136,1
144.28186941464926,-645.71114566175709,341.95195978071024,0.0037735920585308742,0.0037735920585308742,253.5,0.49999609128940659,1
144.12646021405936,-645.23591105811749,341.86951308771154,0.0013337784307231285,-0.0013337784307231285,254,0.49999994812446946,1
143.97136862899748,-644.7605728330343,342.0310421793356,0.0099427186961573398,-0.0099427186961573398,254.5,0.49999982798221665,1
143.81835369325751,-644.28456239770196,342.30049324330116,0.0056566540638217826,-0.0056566540638217826,255,0.49999950510454888,1
143.66667512871189,-643.80812394750433,342.33993485866415,0.0029025483469803681,0.0029025483469803681,255.5,0.49999998376934257,1
143.51435896586793,-643.33188914536959,342.17226132089593,0.0062341266032405447,0.0062341266032405447,256,0.49999980022778329,1
143.36060748371852,-642.85611574227312,342.01832347078954,0.0045126441822837468,0.0045126441822837468,256.5,0.49999984935711006,1
143.20578305679354,-642.38069032513329,341.91408903505396,0.0026341871242831676,0.0026341871242831676,257,0.49999993043522933,1
143.0503536184242,-641.90546229550887,341.87655861033852,1.4046820099187747e-05,-1.4046820099187747e-05,257.5,0.49999999045251475,1
142.89492751710756,-641.43023317487905,341.91489347603738,0.002662240666958156,-0.002662240666958156,258,0.4999999900650805,1
142.74003200913714,-640.95483087292234,341.98576302644096,0.0017608850250106878,-0.0017608850250106878,258.5,0.49999996709514904,1
142.58555458392962,-640.47929252571214,342.01448187144217,0.00024407034881250507,-0.00024407034881250507,259,0.49999999456615651,1
142.43116255411752,-640.00372644113213,342.02100324846475,0.0019165633956107944,-0.0019165633956107944,259.5,0.49999999967226127,1
142.27726790329254,-639.52799928775346,342.15236701088577,0.0072544347427268736,-0.0072544347427268736,260,0.49999988801430345,1
142.12509374186263,-639.0517194077205,342.42746885520995,0.009964195464722915,-0.009964195464722915,260.5,0.49999949953085898,1
141.97510923645567,-638.57474522389384,342.63508053469633,0.004529882177860477,-0.004529882177860477,261,0.499999723899199,1
141.82620536553006,-638.09743231023776,342.68701588681938,0.00090407608897374642,0.00090407608897374642,261.5,0.49999998031948456,1
141.6771365812119,-637.62017090043923,342.60496881478474,0.0045441859809644929,0.0045441859809644929,262,0.49999995574097239,1
141.5269841679318,-637.14324946904685,342.42739363874608,0.0078528535306719802,0.0078528535306719802,262.5,0.49999979893515695,1
141.37529510475923,-636.66681446763255,342.30328975752207,0.001540579724934811,-0.001540579724934811,263,0.49999988245880361,1
141.22397708358613,-636.19026170441543,342.52332339920326,0.013820912329542847,-0.013820912329542847,263.5,0.49999967966150616,1
141.07554235985893,-635.71280370292823,342.91055558544235,0.010122405508995477,-0.010122405508995477,264,0.49999901039115063,1
140.92952011902489,-635.23460155974385,343.09268733670774,0.0025929884240207274,-0.0025929884240207274,264.5,0.49999978456427918,1
140.78413626439067,-634.75620472811772,343.07283760882081,0.0029433222044387281,0.0029433222044387281,265,0.49999999369822135,1
140.63807175453397,-634.27801538681126,342.94009197612758,0.00632402052456654,0.00632402052456654,265.5,0.49999988717877214,1
140.49052598141705,-633.80028119320912,342.74215931648229,0.0032184978804102701,0.0032184978804102701,266,0.49999971490127998,1
140.3424285784773,-633.32271755623276,342.874180111805,0.012435719679693534,-0.012435719679693534,266.5,0.49999986811956737,1
140.19729859496286,-632.84424586702403,343.4417043847468,0.022116996067821509,-0.022116996067821509,267,0.49999786948461877,1
140.05650804281555,-632.36447777488775,343.73595943625111,0.0015729773372007599,0.0015729773372007599,267.5,0.49999940180567465,1
139.91534027110328,-631.88482094568053,343.35156164229068,0.025264459592243063,0.025264459592243063,268,0.49999901357435578,1
139.76925848199548,-631.40663923315731,342.75188319650363,0.012157949781372631,0.012157949781372631,268.5,0.49999763929500479,1
139.62027469299215,-630.92935131941806,342.66365390396044,0.0059978564189456839,-0.0059978564189456839,269,0.49999992198734339,1
139.4725473052207,-630.45167373396373,342.9853232018998,0.010749282409850996,-0.010749282409850996,269.5,0.49999925674270401,1
139.32731729984087,-629.97323053241746,343.21885001451227,0.005553921594412657,-0.005553921594412657,270,0.49999965156834852,1
139.18341653482142,-629.49438554509084,343.30377325068503,0.00043014642898075767,-0.00043014642898075767,270.5,0.49999995206101661,1
139.03962456708283,-629.01550784994606,343.24619471986216,0.0044499269436601456,0.0044499269436601456,271,0.49999997689330766,1
138.89476752948732,-628.53695149032399,343.04880814860678,0.0093302793156443391,0.0093302793156443391,271.5,0.49999975067561514,1
138.7478750476059,-628.05901615001858,342.79841882078892,0.006726854574624368,0.006726854574624368,272,0.49999959074596229,1
138.59937833355613,-627.58157650293208,342.66817345679453,0.002366048461788926,0.002366048461788926,272.5,0.49999989069364753,1
138.45030366152542,-627.1043168876364,342.65056380357402,0.00022242424441124744,0.00022242424441124744,273,0.49999999823324282,1
138.30112342294183,-626.62709026225605,342.62458939075458,0.0015909330087531866,0.0015909330087531866,273.5,0.49999999555577923,1
138.15156362132691,-626.14998247714061,342.55941041866663,0.0029594026747672745,0.0029594026747672745,274,0.49999997287684844,1
138.00120230730295,-625.67312679044926,342.41736531555341,0.0071978140012774914,0.0071978140012774914,274.5,0.49999987068487783,1
137.84912583766152,-625.19681567773011,342.14668886765867,0.011698934999481044,0.011698934999481044,275,0.49999952871812847,1
137.6948782767997,-624.72120290013129,341.99094192988605,0.0025521866726596486,-0.0025521866726596486,275.5,0.49999982424706013,1
137.54123856267984,-624.24539387625703,342.29543581631424,0.018705708812836844,-0.018705708812836844,276,0.49999938895463802,1
137.39105942887912,-623.76848156282597,342.65161752415048,0.0019947876684212485,-0.0019947876684212485,276.5,0.49999912693053544,1
137.24135287391198,-623.29142023660768,342.40107002943506,0.019487014092833561,0.019487014092833561,277,0.49999956157309106,1
137.08789173410432,-622.81555460826701,341.9135905291389,0.0097318854418042954,0.0097318854418042954,277.5,0.499998417664624,1
136.93212169786912,-622.3404381445788,341.8560099694119,0.0057117830128241807,-0.0057117830128241807,278,0.49999995825630239,1
136.77737757335078,-621.86498688415986,342.08334606192301,0.0067110475529952324,-0.0067110475529952324,278.5,0.4999996451067778,1
136.62421938889071,-621.38902213541246,342.22503275657238,0.0031805333022149906,-0.0031805333022149906,279,0.49999987151726449,1
136.47178246161371,-620.91282577186985,342.24592219047452,0.0024365343317836012,0.0024365343317836012,279.5,0.49999999344885987,1
136.31876050920866,-620.4368172596769,342.08009981941927,0.0091401377470185369,0.0091401377470185369,280,0.49999982159796685,1
136.1636762109261,-619.96147707749435,341.79481468523642,0.0067069581332773022,0.0067069581332773022,280.5,0.4999994283708063,1
136.00705616123724,-619.48664012182883,341.74262868744893,0.003063627744439482,-0.003063627744439482,281,0.49999997443024075,1
135.85112456165243,-619.011576898827,341.93690588837501,0.0073256159250986224,-0.0073256159250986224,281.5,0.49999972959788908,1
135.69683551043391,-618.53597757395835,342.1005537319204,0.0040991592949368881,-0.0040991592949368881,282,0.49999982914139868,1
135.54351889390199,-618.06006373384923,342.16826854723627,2.9989131797872966e-05,2.9989131797872966e-05,282.5,0.49999996811220038,1
135.39014391992728,-617.58416872801615,342.07345731558274,0.006589156837982702,0.006589156837982702,283,0.49999993921860653,1
135.23520330332497,-617.10878162502809,341.79453202915084,0.010947455468459596,0.010947455468459596,283.5,0.49999949236023439,1
135.07815453734003,-616.63408641940953,341.64870535307591,0.00076670400334276291,-0.00076670400334276291,284,0.49999985313461676,1
134.9212877868849,-616.15933113277913,341.83846039567737,0.012480765157224172,-0.012480765157224172,284.5,0.49999975958180304,1
134.76691955161758,-615.68375812473209,342.1842091974197,0.010862068367364978,-0.010862068367364978,285,0.49999923804187424,1
134.61513624166719,-615.20735352434622,342.4600946009121,0.0083984978656596876,-0.0083984978656596876,285.5,0.49999951644808882,1
134.46535545857662,-614.73031532025766,342.66574441620276,0.0059655895853309984,-0.0059655895853309984,286,0.49999973114318658,1
134.31699821882697,-614.25283232452978,342.80192696386223,0.0035417412390708566,-0.0035417412390708566,286.5,0.49999988179539645,1
134.16949707944809,-613.77508408454901,342.87486183299512,0.0018375759311955245,-0.0018375759311955245,287,0.49999996692278809,1
134.02243798662644,-613.29719956369274,342.90995176291131,0.00061216328022147622,-0.00061216328022147622,287.5,0.49999999205554779,1
133.87553835682496,-612.819265992645,342.92145749977686,0.0013407703872002222,-0.0013407703872002222,288,0.49999999957025992,1
133.72899769248528,-612.34122228908336,343.01031153222027,0.0048624372854839627,-0.0048624372854839627,288.5,0.49999994882004062,1
133.58360936306971,-611.86282703411314,343.18635007630229,0.0048664534702049442,-0.0048664534702049442,289,0.499999786308229,1
133.43918639138832,-611.38413924710812,343.19096161237121,0.0045444696393757648,0.0045444696393757648,289.5,0.499999992177043,1
133.29367784313402,-610.90578079024976,342.93113997939622,0.010717648234914241,0.010717648234914241,290,0.49999955086278247,1
133.14642007212998,-610.42795748480205,342.90576547091598,0.0089462551423388371,-0.0089462551423388371,290.5,0.49999996235005506,1
133.00130178873519,-609.94948197517033,343.44377615459166,0.028614378454543638,-0.028614378454543638,291,0.49999812948928829,1
132.86137924298754,-609.46946102457218,343.93098896786933,0.0040647250386148101,-0.0040647250386148101,291.5,0.4999984318191919,1
132.72243230042008,-608.98915562531283,343.67611119801307,0.021859490998598859,0.021859490998598859,292,0.49999952940630699,1
132.57912366474602,-608.51013574937645,343.04445944728189,0.018150966753492901,0.018150966753492901,292.5,0.49999740659414688,1
132.43147674215618,-608.03243357240501,342.64548662210342,0.0097032556258035592,0.0097032556258035592,293,0.49999898363246503,1
132.28158654015166,-607.55542957165721,342.5248586323163,0.002257699647345558,-0.002257699647345558,293.5,0.49999988938634632,1
132.13223918959571,-607.07825566247482,342.78023961035569,0.015571818745146666,-0.015571818745146666,294,0.49999957072231033,1
131.98636158318209,-606.60001090376568,343.2730759020485,0.012799421699312112,-0.012799421699312112,294.5,0.49999832528292432,1
131.84349292588365,-606.1208571627393,343.46171035522804,0.00037032108596762962,-0.00037032108596762962,295,0.49999976077777597,1
131.70074187612104,-605.64166828235875,343.31453628406155,0.0092996465393683329,0.0092996465393683329,295.5,0.49999984528866576,1
131.55578933274063,-605.16314148098479,342.94722067252832,0.016344262417817366,0.016344262417817366,296,0.49999913946490293,1
131.40698567039584,-604.68579922370975,342.42465803991945,0.015641628563406378,0.015641628563406378,296.5,0.49999816050426943,1
131.25459607515018,-604.2095882559164,342.14003313284763,0.0042293812280574782,0.0042293812280574782,297,0.49999947458554023,1
131.10119477475249,-603.73370169265127,342.17754136370621,0.0062662061732336339,-0.0062662061732336339,297.5,0.49999998006000312,1
130.94925979330111,-603.25734556905434,342.48452334051694,0.015165486357226116,-0.015165486357226116,298,0.49999939507655683,1
130.80090961637453,-602.77986221160722,343.00633016164898,0.014300884619044558,-0.014300884619044558,298.5,0.49999813162962564,1
130.65548499068296,-602.30147783923712,343.05607139264697,0.010828246846671464,0.010828246846671464,299,0.49999992948546124,1
130.50749369643333,-601.82388408282816,342.42008943424457,0.024909276350291946,0.024909276350291946,299.5,0.49999721932677538,1
130.35454103247412,-601.34785395353981,342.07860458245176,0.0010676750264069614,-0.0010676750264069614,300,0.4999992014018621,1
130.20183602520024,-600.87174459544292,342.46644517292123,0.020579168323231076,-0.020579168323231076,300.5,0.49999894011282681,1
130.05308478764667,-600.39438506507622,342.84925932162673,0.0061463292571272768,-0.0061463292571272768,301,0.49999905190473382,1
129.90580156476818,-599.91656958955559,342.82039022298125,0.0071604632605719058,0.0071604632605719058,301.5,0.4999999763884776,1
129.7570963023087,-599.43919521079727,342.55531834120461,0.011345183638207223,0.011345183638207223,302,0.4999995525778434,1
129.60568606062418,-598.96267239056647,342.17224138054786,0.013895652874915744,0.013895652874915744,302.5,0.49999905948679252,1
129.45159387643682,-598.48700927583081,342.0049953859384,0.0022194697402701212,-0.0022194697402701212,303,0.49999979994761495,1
129.29802967333441,-598.01117583519419,342.29856579354964,0.017039616660740033,-0.017039616660740033,303.5,0.49999942770223327,1
129.1475486038326,-597.53435845993658,342.61252287398969,0.0048788196368757582,-0.0048788196368757582,304,0.49999936162555725,1
128.99823098219983,-597.05717481863542,342.57821995618951,0.0068789068481636467,0.0068789068481636467,304.5,0.49999997965550902,1
128.8480896476203,-596.58024972080932,342.51834526157609,0.0026989310328189168,-0.0026989310328189168,305,0.49999996928575363,1
128.69859213531987,-596.10312270017857,342.73286227759507,0.012277189703031684,-0.012277189703031684,305.5,0.49999969999989924,1
128.55120605213662,-595.62533917206781,342.92356539291285,0.00081074737446747483,-0.00081074737446747483,306,0.49999975725000889,1
128.40401363472347,-595.14749583143737,342.77928220296292,0.010883700060162345,0.010883700060162345,306.5,0.49999986592877105,1
128.25485191782292,-594.67026383900691,342.52961568808678,0.0063252245562108525,0.0063252245562108525,307,0.49999959238770159,1
128.10418154827798,-594.19350566429978,342.41691501689684,0.0015428061707761832,0.0015428061707761832,307.5,0.49999991740887539,1
127.95297693938686,-593.71691657819792,342.37861422831668,0.0013175823769654817,0.0013175823769654817,308,0.4999999907413164,1
127.80145838027933,-593.24042721814055,342.34130937650622,0.0012867833500155529,0.0012867833500155529,308.5,0.49999998400190498,1
127.64976432634775,-592.76399367737417,342.35461410829959,0.002395160732699382,-0.002395160732699382,309,0.50000000476538575,1
127.49864099969234,-592.28737890508535,342.47867571456783,0.0062659862305530327,-0.0062659862305530327,309.5,0.49999990102331732,1
127.34869206141144,-591.81039333741148,342.59146263933326,0.0010884711168223531,-0.0010884711168223531,310,0.49999991586072079,1
127.19900264796186,-591.33332619305236,342.54058795595057,0.0046401815840924794,0.0046401815840924794,310.5,0.49999998072584928,1
127.04834707701623,-590.85656342575896,342.38095735860782,0.0061375374229097066,0.0061375374229097066,311,0.49999983733418252,1
126.89622928038307,-590.38026525964221,342.18942940496879,0.0072336618763422459,0.0072336618763422459,311.5,0.49999976709865218,1
126.74252959716736,-589.90447515072628,342.02219342763766,0.0040429408269547122,0.0040429408269547122,312,0.49999982036280899,1
126.58786853565661,-589.42899651917844,341.95837113365189,0.00041271784389285588,0.00041271784389285588,312.5,0.4999999730062421,1
126.43317643365258,-588.95352799092666,342.0263640932468,0.0054454077255387387,-0.0054454077255387387,313,0.49999996778034039,1
126.27977979544083,-588.4776403063463,342.27097725007434,0.011631852219123245,-0.011631852219123245,313.5,0.4999996169497718,1
126.12872810849859,-588.00100312753693,342.5095807448875,0.0025347113030002194,-0.0025347113030002194,314,0.49999961235130053,1
125.97827738535557,-587.52417558703189,342.40926045574975,0.0095384598861832561,0.0095384598861832561,314.5,0.49999992347834016,1
125.82598055325776,-587.04793483756418,342.16537664606494,0.0030374040631963432,0.0030374040631963432,315,0.49999957652040994,1
125.6729738415726,-586.57192130666579,342.25531467273981,0.0093163216878942492,-0.0093163216878942492,315.5,0.49999993541906429,1
125.52182595951379,-586.09531473158199,342.51464972693992,0.0033766056833791679,-0.0033766056833791679,316,0.49999950966372564,1
125.3714561004273,-585.61846168517434,342.4162120042605,0.01024898037316155,0.01024898037316155,316.5,0.49999992238994756,1
125.21891683792713,-585.14229892661785,342.08391506602305,0.0064655917823944102,0.0064655917823944102,317,0.49999919923957487,1
125.06489559376577,-584.66661264635934,342.10087641581345,0.0076497426501704177,-0.0076497426501704177,317.5,0.49999998087919389,1
124.9125526629727,-584.19038699366024,342.42405683580319,0.0086846748345513064,-0.0086846748345513064,318,0.49999924085072872,1
124.76217181645339,-583.71353739947506,342.51740755398765,0.0021674656126084127,0.0021674656126084127,318.5,0.49999993447443369,1
124.61133397611144,-583.23683232322469,342.34795738821799,0.0055141303745169972,0.0055141303745169972,319,0.49999978380184656,1
124.45929480115906,-582.76050885005907,342.27489362299013,0.00041331262117128595,-0.00041331262117128595,319.5,0.49999996180875866,1
124.3073397702013,-582.28415853127433,342.3555583813046,0.0028413860445965838,-0.0028413860445965838,320,0.49999995763969618,1
124.1559259035333,-581.80763588769048,342.36561386273581,0.0021393812891765396,0.0021393812891765396,320.5,0.49999998886749253,1
124.00400694704533,-581.33127413192267,342.2412787109609,0.0041767610748020545,0.0041767610748020545,321,0.49999989169857589,1
123.85140089394378,-580.85513194675013,342.26449338923391,0.0057974573113902111,-0.0057974573113902111,321.5,0.49999998794410916,1
123.70017540414632,-580.37855011927911,342.57113836658579,0.013540241214496785,-0.013540241214496785,322,0.49999938703972391,1
123.55119820239753,-579.90126015927751,342.65942347878052,0.0073766006820567423,0.0073766006820567423,322.5,0.49999991255922066,1
123.40046202027605,-579.42452447939331,342.14845120779177,0.028296243145206089,0.028296243145206089,323,0.49999830507233695,1
123.2446101412868,-578.94943645087073,341.66954777999479,0.0015832780526828401,0.0015832780526828401,323.5,0.49999844302752611,1
123.08838288915737,-578.47447120157187,342.06184078131514,0.028972735894517994,-0.028972735894517994,324,0.49999894234832243,1
122.93787077349735,-577.99766680158461,342.79378927393299,0.01249362733244962,-0.01249362733244962,324.5,0.49999633279421712,1
122.79031902181723,-577.51993424798707,342.74222521659078,0.016093641175569683,0.016093641175569683,325,0.49999991219069984,1
122.63936545140039,-577.04326843737385,342.1220784541876,0.016897609740362529,0.016897609740362529,325.5,0.49999727542171707,1
122.48447852556492,-576.56786378166328,341.86102122375945,0.0013282734228378939,0.0013282734228378939,326,0.4999995464658486,1
122.32922520869475,-576.09257834993798,342.00755885138022,0.0086107049295162611,-0.0086107049295162611,326.5,0.49999983400946452,1
122.17595239864514,-575.6166509691036,342.30795099061822,0.012360654420134369,-0.012360654420134369,327,0.49999942612804671,1
122.02560098647291,-575.13979305696375,342.68851078044895,0.0098566903557104624,-0.0098566903557104624,327.5,0.49999901551158965,1
121.87732585077065,-574.66228447213291,342.73022372567902,0.0069445830079453629,0.0069445830079453629,328,0.49999996445467837,1
121.72739689534284,-574.18529383250927,342.29864750375367,0.019604774297886741,0.019604774297886741,328.5,0.49999876196270759,1
121.57357988410811,-573.70954235984095,341.9333153992992,0.0059005183536310615,0.0059005183536310615,329,0.49999913669051355,1
121.41835963684132,-573.23424597458768,341.96054780362829,0.0078015730812983006,-0.0078015730812983006,329.5,0.49999997899639292,1
121.26456319363815,-572.7584874017648,342.22201584215139,0.010281407830384819,-0.010281407830384819,330,0.49999956555622166,1
121.11321458841778,-572.28194472976554,342.54959560799955,0.012587994801070224,-0.012587994801070224,330.5,0.49999931853787849,1
120.96464496914858,-571.80452824584609,342.8441795599407,0.0063708531509172892,-0.0063708531509172892,331,0.49999943088748566,1
120.81759392690599,-571.32664127359112,342.90927557402949,0.0018262246020249488,0.0018262246020249488,331.5,0.49999996727564933,1
120.67017780163997,-570.84886688071015,342.78072657465253,0.0054009025298005211,0.0054009025298005211,332,0.49999988448121685,1
120.5214879978908,-570.37148740064129,342.6150385182417,0.0061662664181644598,0.0061662664181644598,332.5,0.4999998257297516,1
120.37137111299246,-569.89455475324053,342.46222469804576,0.0016045421978799353,0.0016045421978799353,333,0.49999982928824799,1
120.22094632598348,-569.41771904172242,342.57261300364416,0.0093113556391711226,-0.0093113556391711226,333.5,0.49999991232566993,1
120.072732497,-568.94019254567945,342.97926248669705,0.01543887163390314,-0.01543887163390314,334,0.49999889352379384,1
119.92786028695572,-568.46164117558612,343.29229840409698,0.0064153292385417887,-0.0064153292385417887,334.5,0.49999937106092079,1
119.78452369392943,-567.98262698461531,343.3467533991336,0.0026911468369211276,0.0026911468369211276,335,0.49999997405180868,1
119.64051000977138,-567.503816229932,343.12532274220843,0.012768010170560425,0.012768010170560425,335.5,0.49999968002507317,1
119.49344291158035,-567.0259359015198,342.61518664906725,0.022845784695863302,0.022845784695863302,336,0.49999833965092333,1
119.34189764066689,-566.54945616419843,342.21904928953808,0.00061693100189157764,0.00061693100189157764,336.5,0.49999890921288531,1
119.19020862259059,-566.07302200236359,342.58882627414806,0.026434852558791629,-0.026434852558791629,337,0.49999906876735556,1
119.044235754867,-565.5948095010981,343.41688079869743,0.020738672234291537,-0.020738672234291537,337.5,0.49999527445571179,1
118.90316203041353,-565.1151245611602,343.70389890310094,0.00069899098583485573,0.00069899098583485573,338,0.49999943733408292,1
118.76201065831808,-564.63546240209132,343.4450964496508,0.012049675589943113,0.012049675589943113,338.5,0.49999949668679455,1
118.61809709129639,-564.15662200776546,343.09858542842818,0.012141192072397233,0.012141192072397233,339,0.49999923801046664,1
118.47128734505216,-563.67866160475717,342.7613521265875,0.0087957226474187286,0.0087957226474187286,339.5,0.49999924843558358,1
118.32262379986095,-563.20127379861754,342.71188327357447,0.0053421082408212101,-0.0053421082408212101,340,0.49999996711962907,1
118.17523618572034,-562.72349134654178,343.06743967822842,0.019337612481422798,-0.019337612481422798,340.5,0.49999918031291379,1
118.03139761969882,-562.24462851462772,343.4312207074359,0.0060592559892991048,-0.0060592559892991048,341,0.4999991448631449,1
117.88901029155184,-561.76533128770632,343.41462779159843,0.0072176095028609272,0.0072176095028609272,341.5,0.49999998295138293,1
117.74518973593426,-561.28646261915128,343.15812020434953,0.0075101618480241765,0.0075101618480241765,342,0.49999955394162476,1
117.59958199610776,-560.80813404558273,342.99910068301062,0.0035915040034792925,0.0035915040034792925,342.5,0.49999983818947685,1
117.45308094330497,-560.3300781765131,342.92628989979994,0.0034872991697329847,0.0034872991697329847,343,0.49999997242424948,1
117.30570097511136,-559.8522926761317,342.76792722114942,0.0075684639210363211,0.0075684639210363211,343.5,0.49999983939942788,1
117.15651834040443,-559.37506728988797,342.50160670086359,0.0079667064946972871,0.0079667064946972871,344,0.49999952777335716,1
117.00592916765243,-558.89828340759163,342.52572482450802,0.0096506813359471047,-0.0096506813359471047,344.5,0.49999996936769464,1
116.85764301663706,-558.42078009303668,343.05459613079609,0.027271700481505918,-0.027271700481505918,345,0.49999819799067069,1
116.71464086352402,-557.94166790610814,343.58577814333961,0.00527729966968644,-0.00527729966968644,345.5,0.49999810345481999,1
116.5729004171563,-557.46217940251438,343.34860339125049,0.021836869980953248,0.021836869980953248,346,0.49999957921492366,1
116.42630877888391,-556.98415575626666,342.57292669009189,0.019504789396296018,0.019504789396296018,346.5,0.49999571476498805,1
116.27523130119421,-556.50752666995447,342.37224369351145,0.005493104864458519,-0.005493104864458519,347,0.49999969018377471,1
116.12544433723649,-556.0304918508923,342.857411965952,0.021439587979565505,-0.021439587979565505,347.5,0.49999835316663643,1
115.98008300607447,-555.55208933826657,343.2742820629602,0.0076635595332809172,-0.0076635595332809172,348,0.49999888068255832,1
115.83655560689223,-555.07313227748216,343.29652377488759,0.0061107266793690345,0.0061107266793690345,348.5,0.49999998039125643,1
115.69209403336406,-554.59445630397295,343.13867035323074,0.0029609126513381002,0.0029609126513381002,349,0.49999983384120061,1
115.54692508332514,-554.11599421243864,343.1305109734954,0.0023912839126545089,-0.0023912839126545089,349.5,0.49999999709079063,1
115.40223998279663,-553.63738564744688,343.21673288943833,9.6961362024138514e-05,-9.6961362024138514e-05,350,0.49999993679841104,1
115.25752228888052,-553.15878697990433,343.09266426343214,0.0087586823624144147,0.0087586823624144147,350.5,0.4999998955058817,1
115.11071774299035,-552.68082512184151,342.72897556184427,0.012466063232777779,0.012466063232777779,351,0.49999911245610301,1
114.96150448603547,-552.20360890788481,342.63123909673328,0.0056425982395834334,-0.0056425982395834334,351.5,0.49999991091423668,1
114.81363854517433,-551.72597462306396,343.05201177825006,0.022889332745824144,-0.022889332745824144,352,0.4999988465017452,1
114.66985363939021,-551.24709576631119,343.43045666852282,0.0035316696572684574,-0.0035316696572684574,352.5,0.49999905857530258,1
114.52691442099326,-550.76796305966639,343.2543812598708,0.015824458085264212,0.015824458085264212,353,0.49999977073265406,1
114.38064117147123,-550.28983916621416,342.77181221710384,0.008756376795788343,0.008756376795788343,353.5,0.49999832101282832,1
114.23234119809159,-549.81233831364989,342.82128985330115,0.012210785289992573,-0.012210785289992573,354,0.49999994630400846,1
114.0867957659823,-549.33399269229187,343.34483674903549,0.014202311203254195,-0.014202311203254195,354.5,0.49999800627629121,1
113.9444022668941,-548.85469741754503,343.46853328685421,0.005566276568602287,0.005566276568602287,355,0.49999986897721893,1
113.80070380151591,-548.37579285332538,343.06141974652644,0.016623122167359762,0.016623122167359762,355.5,0.49999883058109029,1
113.65347586380864,-547.89796101008403,342.74046163132311,0.0057841656921913892,0.0057841656921913892,356,0.49999933605651853,1
113.50486606730186,-547.42055644622701,342.72878126750322,0.0041614669339088729,-0.0041614669339088729,356.5,0.499999989209298,1
113.35697360118128,-546.94292929714868,342.86898168481343,0.0056263740409126656,-0.0056263740409126656,357,0.49999987507190496,1
113.21042539698566,-546.46488807187154,343.05114816882542,0.007091215038206854,-0.007091215038206854,357.5,0.49999978921738597,1
113.06554924668615,-545.9863375388752,343.26342579163594,0.0074103391267517915,-0.0074103391267517915,358,0.49999971155660128,1
112.92244584320242,-545.50725389840238,343.47397832776932,0.0072890459690871622,-0.0072890459690871622,358.5,0.49999971865723813,1
112.78105475721685,-545.02766205814623,343.65799976764271,0.0041786081700598823,-0.0041786081700598823,359,0.49999977243640725,1
112.64064411730452,-544.54778203145406,343.69646299891974,0.001493370586596855,0.001493370586596855,359.5,0.49999998781866983,1
112.49989027293719,-544.06800263464822,343.58649818567937,0.0046058834158934428,0.0046058834158934428,360,0.49999991430354801,1
112.35809434792597,-543.58853018728996,343.46888396439238,0.0036051335932681598,0.0036051335932681598,360.5,0.49999991212550193,1
112.21543550005315,-543.10931373972119,343.3822225402987,0.001713038092497333,0.001713038092497333,361,0.4999999504968346,1
112.07247642148181,-542.63018673127806,343.41887414900447,0.0042718363643006307,-0.0042718363643006307,361.5,0.49999998836562781,1
111.93054112883138,-542.15075571983084,343.62698471260848,0.01025706617514264,-0.01025706617514264,362,0.49999972203698873,1
111.7907720506272,-541.67068885352569,343.87311928707675,0.00445011751354668,-0.00445011751354668,362.5,0.49999959134592753,1
111.65206586104775,-541.19031338992374,343.87253403524107,0.0044909481712426943,0.0044909481712426943,363,0.49999999305843418,1
111.51228988008839,-540.71024853058532,343.62961702828864,0.0090154613711834995,0.0090154613711834995,363.5,0.49999959402460903,1
111.37073730212633,-540.2307041661926,343.53304155023972,0.0022731620481635829,-0.0022731620481635829,364,0.49999992974852053,1
111.22972994442603,-539.75099947838146,343.75986507953996,0.01356224133950246,-0.01356224133950246,364.5,0.4999996624334867,1
111.09143661930126,-539.27050567513356,344.07020277693766,0.0041339316948470041,-0.0041339316948470041,365,0.49999933873325392,1
110.95412938819054,-538.78972853501443,343.98325338305142,0.010204282049160086,0.010204282049160086,365.5,0.49999993417641958,1
110.81455998825116,-538.30960423114573,343.59646706086551,0.01183116206634874,0.01183116206634874,366,0.49999896456377502,1
110.67220236576841,-537.83029856534154,343.35100971631869,0.0053051634492072329,0.0053051634492072329,366.5,0.49999961395079012,1
110.52856065887529,-537.3513757842569,343.28095279179865,0.00076282594805099639,0.00076282594805099639,367,0.49999997020100867,1
110.38469556724159,-536.87252002815171,343.28267884805734,0.00088333436666647653,-0.00088333436666647653,367.5,0.49999999974584625,1
110.24104873417789,-536.39359877258494,343.33825104161701,0.0038190386962824148,-0.0038190386962824148,368,0.49999998168288551,1
110.09835366639514,-535.9143932838906,343.52226155074896,0.009027368289935972,-0.009027368289935972,368.5,0.49999978276425222,1
109.95781938454498,-535.43455016405414,343.84698540739714,0.010510586504482106,-0.010510586504482106,369,0.49999930402904424,1
109.81925173878331,-534.95413475174576,343.88756075130345,0.0076779274514774173,0.0076779274514774173,369.5,0.49999996083536907,1
109.67884394461336,-534.47425542269627,343.41532544508289,0.02107030850408987,0.02107030850408987,370,0.49999851911045717,1
109.53446870672967,-533.99555384283815,343.12160183363318,0.00056377140060294678,-0.00056377140060294678,370.5,0.49999941187229208,1
109.39022781343743,-533.51681189578801,343.44462606584023,0.01942587609800607,-0.01942587609800607,371,0.4999992871625919,1
109.24948376891388,-533.03703032289184,343.78530062504063,0.0043578243574723891,-0.0043578243574723891,371.5,0.49999924375900245,1
109.10978529264291,-532.55694255644528,343.69432073890397,0.010709604257297813,0.010709604257297813,372,0.49999992776406976,1
108.96821049979749,-532.07740506428524,343.46297830965557,0.0019125519135732795,0.0019125519135732795,372.5,0.49999962835621975,1
108.8261807386105,-531.59800186833718,343.59350509034141,0.011024806618088098,-0.011024806618088098,373,0.4999998773480383,1
108.68650845002105,-531.1179072543132,343.91689481381701,0.002531040109213966,-0.002531040109213966,373.5,0.49999918661399079,1
108.54733325226742,-530.63766799792893,343.64456306513466,0.021545586997135421,0.021545586997135421,374,0.49999947904200337,1
108.40308888586254,-530.15893181115871,342.77879061096564,0.026592621237487471,0.026592621237487471,374.5,0.49999477373552165,1
108.25306785237245,-529.68196965694472,342.44283195719674,0.0031354149229350261,-0.0031354149229350261,375,0.49999920704125916,1
108.10379431015436,-529.2047740471761,342.95460736555623,0.029011934886846308,-0.029011934886846308,375.5,0.49999824038568141,1
107.95967663647541,-528.72599573117475,343.41805785017436,0.0033433918607579569,-0.0033433918607579569,376,0.49999857973770645,1
107.81635935518666,-528.24697628403624,343.14660157769436,0.021175067159130249,0.021175067159130249,376.5,0.49999947385260618,1
107.66966545672085,-527.76898023960939,342.82737227345149,0.0011114654667621143,0.0011114654667621143,377,0.4999993183343443,1
107.52270586688533,-527.29106557192233,343.08291641902076,0.018952013773106471,-0.018952013773106471,377.5,0.49999955063485435,1
107.37888140315246,-526.81219826432061,343.38658702223779,0.00047070892666715172,-0.00047070892666715172,378,0.49999937465737443,1
107.23516944717555,-526.33329707666337,343.10864806740614,0.019875191049978293,0.019875191049978293,378.5,0.49999947382995086,1
107.0876561912869,-525.85555413514874,342.62389354981053,0.011354020736133112,0.011354020736133112,379,0.499998478827613,1
106.93743366015451,-525.3786547608928,342.46181523512178,3.8443094702795449e-05,-3.8443094702795449e-05,379.5,0.49999982202549215,1
106.78711034663084,-524.90178703948902,342.56273362778683,0.0043562592881060559,-0.0043562592881060559,380,0.49999992230556112,1
106.6378024021754,-524.42460045428913,342.6886554028992,0.004434708791864422,-0.004434708791864422,380.5,0.49999989937222999,1
106.48954471412037,-523.9470865159085,342.80817196066084,0.0027425586295339696,-0.0027425586295339696,381,0.49999990341520067,1
106.34188283619955,-523.46938790029481,342.81351510793081,0.0023695196281817146,0.0023695196281817146,381.5,0.49999999755034058,1
106.19365516890866,-522.99186467566403,342.67267731326729,0.0069597293580517623,0.0069597293580517623,382,0.49999987141225105,1
106.04428449542418,-522.514697652633,342.60826857845171,0.0024631241521257136,-0.0024631241521257136,382.5,0.49999996596550178,1
105.89550167816805,-522.03734725986419,342.81380849754072,0.011886368325403995,-0.011886368325403995,383,0.49999972418713556,1
105.74918608594551,-521.55923520799979,343.11133526214604,0.0047941781909772588,-0.0047941781909772588,383.5,0.49999938666504201,1
105.60400353652837,-521.08077726579791,343.06920962350205,0.00773516598029897,0.00773516598029897,384,0.49999997511132299,1
105.45705776391991,-520.60285871317569,342.73343715580637,0.010635228541527804,0.010635228541527804,384.5,0.499999203027374,1
105.30769062679491,-520.12569080019568,342.54064764687701,0.0028241433369887103,0.0028241433369887103,385,0.49999975883055581,1
105.15763558555793,-519.64873851939512,342.55802576042953,0.0024610286239231411,-0.0024610286239231411,385.5,0.49999999356148889,1
105.00810259572812,-519.17162235138994,342.64415474305997,0.0035519093856365026,-0.0035519093856365026,386,0.49999995281938819,1
104.85941705082494,-518.69424145384369,342.76099072292357,0.0042281939114144906,-0.0042281939114144906,386.5,0.49999991260521343,1
104.71160607612256,-518.21658898407145,342.83294283999913,0.00079502136744534946,-0.00079502136744534946,387,0.49999996612198538,1
104.56398497763335,-517.73887776813172,342.80654254223771,0.0026381077655202321,0.0026381077655202321,387.5,0.49999999455378108,1
104.41582413656801,-517.26133372609581,342.71517289612689,0.0036761279266776972,0.0036761279266776972,388,0.49999994690917565,1
104.26678580243193,-516.7840628547267,342.59594138890935,0.0046478013023000392,0.0046478013023000392,388.5,0.49999990969948344,1
104.11676184154392,-516.3071008554565,342.5134047053491,0.00093309849220843193,-0.00093309849220843193,389,0.49999993758835026,1
103.96697200549347,-515.83006535858487,342.66273286470562,0.0094919626596108378,-0.0094919626596108378,389.5,0.4999998602595549,1
103.81923522965707,-515.35239045287528,342.92737625465315,0.0026661288083877385,-0.0026661288083877385,390,0.49999947047892318,1
103.67206328682796,-514.87454089673133,342.75243696860286,0.014879768915657598,0.014879768915657598,390.5,0.49999977906301546,1
103.52149989620271,-514.39775116082194,342.19660876513399,0.014364157435868965,0.014364157435868965,391,0.499997786860222,1
103.3677408750579,-513.92198016087491,342.0833567471069,0.0064572049017787812,-0.0064572049017787812,391.5,0.49999988097399278,1
103.21545241306792,-513.44573761880417,342.50111108760916,0.01484565201836497,-0.01484565201836497,392,0.49999873453166965,1
103.06636287440163,-512.96848304128127,342.74028895561457,0.0018523385990966994,-0.0018523385990966994,392.5,0.49999962230614503,1
102.91772074299419,-512.49108865796723,342.61441645791569,0.0092890144095118324,0.0092890144095118324,393,0.49999988044913435,1
102.76696897544917,-512.0143569664607,342.26033951821125,0.015430482806699203,0.015430482806699203,393.5,0.49999920110398544,1
102.6125473826277,-511.53880234104082,341.73900725071928,0.017345905699208242,0.017345905699208242,394,0.49999823008462729,1
102.45473726845856,-511.06435977189187,341.57563600245231,0.0059399945950630341,-0.0059399945950630341,394.5,0.49999978355468394,1
102.29833751471968,-510.58945192876843,342.07939712021812,0.029230182663677974,-0.029230182663677974,395,0.49999834242699936,1
102.14756660289294,-510.11272808858968,342.6855684639138,0.0060095260336605425,-0.0060095260336605425,395.5,0.49999748764152852,1
101.99822068890559,-509.6355538919484,342.40556627850623,0.025559068807989048,0.025559068807989048,396,0.49999941596461805,1
101.84362821224191,-509.16005714735445,341.65234187630654,0.014294119722322451,0.014294119722322451,396.5,0.49999598794436201,1
101.68570311797893,-508.68565269027624,341.66361272007396,0.015081130702116084,-0.015081130702116084,397,0.49999992429363416,1
101.5312187590511,-508.21012057498331,342.3894776683772,0.022567224405144814,-0.022567224405144814,397.5,0.49999620981395126,1
101.38165629145517,-507.73301422387658,342.68258268749088,0.0021032175264249298,0.0021032175264249298,398,0.49999940197940063,1
101.23161899261476,-507.25605744134543,342.30595329793789,0.016846763323338804,0.016846763323338804,398.5,0.49999896344471784,1
101.0781822823524,-506.78018284770877,342.01661855707221,0.0033526425634565929,0.0033526425634565929,399,0.49999945292469161,1
100.92394583831805,-506.30456635711039,342.10907679490987,0.0080091885935866663,-0.0080091885935866663,399.5,0.49999992679747929,1
100.77129079325836,-505.82844020930759,342.33662515022775,0.0078766904769473987,-0.0078766904769473987,400,0.49999967140360307,1
100.62051206666047,-505.3517165389348,342.56028821409353,0.0075339271560032383,-0.0075339271560032383,400.5,0.49999968228808711,1
100.47127514764544,-504.87450772085418,342.67361484754326,0.00037777790522464675,-0.00037777790522464675,401,0.49999991405098437,1
100.32212836019319,-504.39727069588321,342.58193221468434,0.0067784920743938146,0.0067784920743938146,401.5,0.49999994221047134,1
100.17159920343231,-503.9204681138857,342.37579018172244,0.0071541823997643746,0.0071541823997643746,402,0.49999972923455516,1
100.01936554310574,-503.44420699809274,342.17250891698194,0.0070374519176093523,0.0070374519176093523,402.5,0.49999973775271805,1
99.865821815304542,-502.96836638624268,342.13564893494805,0.0071630495109357983,-0.0071630495109357983,403,0.49999996423292514,1
99.713988672534626,-502.49197857399361,342.59213193851178,0.02470639434497551,-0.02470639434497551,403.5,0.49999865090102724,1
99.567438071793362,-502.01394087531361,343.22828427158021,0.0092795543158754445,-0.0092795543158754445,404,0.49999711992859908,1
99.423045620019792,-501.53524415792333,343.05480797377049,0.021391503181171358,0.021391503181171358,404.5,0.49999972736933601,1
99.274049673366932,-501.057964178654,342.31145805936796,0.015609543414166122,0.015609543414166122,405,0.49999597071407542,1
99.121498611031015,-500.58180444695034,342.30773635952784,0.015349759825656565,-0.015349759825656565,405.5,0.4999999167159116,1
98.972383858080406,-500.10456120071188,343.0178206046516,0.020343112876471347,-0.020343112876471347,406,0.49999632561424218,1
98.827790463853873,-499.62592525444609,343.24510585108771,0.0044744554014478294,0.0044744554014478294,406.5,0.49999961871155901,1
98.68219927576439,-499.14759278953795,342.83118677946447,0.016247150362634234,0.016247150362634234,407,0.49999874103281455,1
98.533069159673573,-498.67035118573472,342.51086320593424,0.0061157263036346211,0.0061157263036346211,407.5,0.49999933992550971,1
98.382477273742964,-498.193568143557,342.4769650297917,0.0030511004966359925,-0.0030511004966359925,408,0.49999998541637403,1
98.232560183536862,-497.7165727022815,342.65941234685135,0.0096862796497901339,-0.0096862796497901339,408.5,0.49999978493343267,1
98.084950494083657,-497.23885886494156,343.02244414586971,0.01259451690579538,-0.01259451690579538,409,0.49999913080576092,1
97.939888322012621,-496.76036456616254,343.17849109412617,0.0017001505835190088,0.0017001505835190088,409.5,0.49999982772996887,1
97.794420068921156,-496.28199382767536,342.92736655255214,0.014092897717236774,0.014092897717236774,410,0.49999957609806506,1
97.646258774247386,-495.80445043863335,342.63648765913206,0.0062142760156447012,0.0062142760156447012,410.5,0.49999945765684373,1
97.496614236630109,-495.32736922959947,342.57130841932718,0.0016638355463356649,-0.0016638355463356649,411,0.49999996765191984,1
97.347109309948351,-494.85024423553932,342.61626301838987,0.00051478141840574339,0.00051478141840574339,411.5,0.4999999830590135,1
97.197477727502843,-494.37315897531744,342.53478535959835,0.0051734410061489841,0.0051734410061489841,412,0.49999995598612751,1
97.046788158156033,-493.89640690318947,342.40976887840918,0.00091488143145861166,0.00091488143145861166,412.5,0.49999988458822214,1
96.895893546918629,-493.41971962515896,342.49826183416099,0.0070928598886218705,-0.0070928598886218705,413,0.4999999447366219,1
96.746496913312953,-492.9425610265551,342.70501801150851,0.0027334727236629055,-0.0027334727236629055,413.5,0.49999968235421149,1
96.597711935779316,-492.46521108372525,342.61568046727194,0.0089705531156931417,0.0089705531156931417,414,0.49999993745933868,1
96.446830215681601,-491.98852073258331,342.23571834334143,0.011586235415670191,0.011586235415670191,414.5,0.49999898433043966,1
96.29348675256189,-491.51261562482489,342.11546283810821,0.0031906003751447773,-0.0031906003751447773,415,0.49999988927208894,1
96.140902702426715,-491.03646700693423,342.4174162206121,0.0165087488307516,-0.0165087488307516,415.5,0.4999993986744759,1
95.991335594007651,-490.55936207445899,342.71180743452533,0.0040437080086455201,-0.0040437080086455201,416,0.49999943651272805,1
95.842733295534345,-490.08195520557319,342.64911419980729,0.0084204765271690234,0.0084204765271690234,416.5,0.49999996157088578,1
95.692336333284459,-489.60511132743153,342.32978440964439,0.011748591853967172,0.011748591853967172,417,0.49999933037472805,1
95.539146811898462,-489.12915732029779,341.98518442779789,0.012309096608462074,0.012309096608462074,417.5,0.49999924636856413,1
95.383100148344838,-488.65413229579644,341.67696845002655,0.005207175473185683,0.005207175473185683,418,0.49999933510828315,1
95.225907362084442,-488.17948466460075,341.74946942083756,0.010268935696739567,-0.010268935696739567,418.5,0.49999994585198704,1
95.071060755788679,-487.7040678293352,342.18419726098648,0.012127868770553406,-0.012127868770553406,419,0.49999863873337153,1
94.91884074436183,-487.22780216975713,342.28444690916632,0.0051288489899047546,0.0051288489899047546,419.5,0.4999999103721211,1
94.765402975116842,-486.75192839384488,341.89844220495354,0.01790102249319403,0.01790102249319403,420,0.49999899963085809,1
94.608647960219258,-486.27713640295468,341.64681025441462,0.00033343526012760607,-0.00033343526012760607,420.5,0.49999956930883255,1
94.451971824684094,-485.80231844260493,341.91584830218034,0.016729248032279997,-0.016729248032279997,421,0.49999950691668998,1
94.298348072770764,-485.32650436935069,342.24830386806678,0.0064805144405978539,-0.0064805144405978539,421.5,0.49999928945821603,1
94.146266697430534,-484.8501943478575,342.28716436977089,0.0037674503847547271,0.0037674503847547271,422,0.49999998130021989,1
93.993606120384214,-484.37406971857246,342.1804894117526,0.0006778641867506935,0.0006778641867506935,422.5,0.49999991439592339,1
93.840791957637151,-483.89799431855192,342.2608178507686,0.0062858894860291807,-0.0062858894860291807,423,0.49999995484079518,1
93.689293791694354,-483.42149871488607,342.44975154968938,0.0044202480222368451,-0.0044202480222368451,423.5,0.49999975459685703,1
93.53883817602275,-482.94467265736324,342.50015377581849,0.00090147246996805032,0.00090147246996805032,424,0.49999998141988444,1
93.388149977400388,-482.46792011648722,342.38816506605423,0.0073035512559749003,0.0073035512559749003,424.5,0.4999999184357875,1
93.235718890380667,-481.99172251958055,342.07860223784633,0.014307867193105587,0.014307867193105587,425,0.49999938758932855,1
93.079936982767549,-481.51661144094192,341.62167730541802,0.010701708617796348,0.010701708617796348,425.5,0.4999985397826156,1
92.921942182291076,-481.04223016855343,341.64823542258557,0.012556627255550332,-0.012556627255550332,426,0.49999994857051527,1
92.766930083736369,-480.56686909079315,342.34127518069511,0.035828594927236071,-0.035828594927236071,426.5,0.49999690493817256,1
92.619175351638077,-480.08920389955068,343.1693686181037,0.016344538148507365,-0.016344538148507365,427,0.49999549576185098,1
92.475323750873073,-479.61034421278202,343.26564869611747,0.0096213714014985133,0.0096213714014985133,427.5,0.49999988265481737,1
92.329486494120601,-479.13208697746887,342.81067293997552,0.012788467907046604,0.012788467907046604,428,0.49999848858418106,1
92.180700007070413,-478.6547376806293,342.62614633618676,9.3831204925291447e-05,9.3831204925291447e-05,428.5,0.49999976992192158,1
92.031804710094264,-478.17742219321491,342.74764522242532,0.0051412334374312764,-0.0051412334374312764,429,0.49999988398723627,1
91.884083168954291,-477.69974213593377,342.87873004214299,0.0040102269879682389,-0.0040102269879682389,429.5,0.4999998908408641,1
91.737308197584341,-477.22177032367949,342.96757788285242,0.00124781822850705,-0.00124781822850705,430,0.49999994553028915,1
91.590801473482628,-476.74371617464715,342.93160991174449,0.0037588484384226029,0.0037588484384226029,430.5,0.49999998961405545,1
91.443396605656162,-476.26593840357867,342.75221466360955,0.0087651703725590401,0.0087651703725590401,431,0.49999979358605512,1
91.294579239495434,-475.78859854249907,342.68007312864574,0.0041388959225133557,-0.0041388959225133557,431.5,0.49999995144650494,1
91.146750245633129,-475.31095226595824,342.98951429578904,0.017464726766700633,-0.017464726766700633,432,0.49999937691928009,1
91.002755362620761,-474.83213737792141,343.49760321235726,0.011763214457597071,-0.011763214457597071,432.5,0.49999822333630406,1
90.861538761032008,-474.35249401344316,343.61985118336963,0.0032282445628864444,0.0032282445628864444,433,0.49999988565227832,1
90.719558699774836,-473.87307658182721,343.33022120650901,0.012448645437917252,0.012448645437917252,433.5,0.49999941153148481,1
90.575125162824307,-473.39439220923731,343.14742342223303,0.00031305793478047627,0.00031305793478047627,434,0.499999775157772,1
90.430616692578539,-472.91573041135194,343.31228647142342,0.011822774553115806,-0.011822774553115806,434.5,0.49999981472758814,1
90.288160078796253,-472.43645410486243,343.53986413429533,0.0036958038519583616,-0.0036958038519583616,435,0.49999966477242969,1
90.14658927459044,-471.95691505586586,343.52394598101341,0.0048070906705899568,0.0048070906705899568,435.5,0.49999999211601642,1
90.003924598728617,-471.47770063907319,343.30425050936572,0.008011156788610474,0.008011156788610474,436,0.49999966700058918,1
89.859384830785245,-470.99904838076566,343.09765048820509,0.0064122626204637396,0.0064122626204637396,436.5,0.4999997288999522,1
89.713311384669709,-470.52086182267175,342.93763631088484,0.0043025620960935101,0.0043025620960935101,437,0.49999983600174186,1
89.566344980352454,-470.04294879083642,342.90569128159075,0.0020723978417505119,-0.0020723978417505119,437.5,0.49999998999597794,1
89.419873911215717,-469.56488385980759,343.05637728612925,0.0084474628892247435,-0.0084474628892247435,438,0.49999985237363265,1
89.275046906097472,-469.08631836635021,343.23058302133563,0.0017499829243778524,-0.0017499829243778524,438.5,0.49999979293958408,1
89.130636571652488,-468.60762680726498,343.15166886923942,0.0072593232035267456,0.0072593232035267456,439,0.49999995343396264,1
88.984543738288934,-468.12944662590326,342.85947059800111,0.0090284256081324087,0.0090284256081324087,439.5,0.49999940180696267,1
88.836415734901124,-467.65189249185835,342.71176052514846,0.0012837817878220041,0.0012837817878220041,440,0.49999985633102068,1
88.687976409297136,-467.17443492263902,342.77713818864214,0.003334394779441269,-0.003334394779441269,440.5,0.49999996379059219,1
88.540003136015201,-466.69683268076409,342.75504527066118,0.0048768365216974863,0.0048768365216974863,441,0.49999999104973242,1
88.390865822197796,-466.21959308106318,342.49771087580837,0.013088476929861289,0.013088476929861289,441.5,0.49999957389517308,1
88.239322691826402,-465.74311186819227,342.27327777123548,0.0018205216059915359,0.0018205216059915359,442,0.49999966658158179,1
88.087345870355307,-465.26676856670485,342.39383979453538,0.010237466008970093,-0.010237466008970093,442.5,0.49999989513637938,1
87.937650087037127,-464.78970437288808,342.75200520644239,0.0081648958399477261,-0.0081648958399477261,443,0.4999990725644306,1
87.789795213868402,-464.31206547812792,342.77872903652894,0.0062992192820949377,0.0062992192820949377,443.5,0.49999997730744827,1
87.640465756442893,-463.83488643958628,342.42616955835092,0.012485002900995064,0.012485002900995064,444,0.4999991216777448,1
87.488547760163613,-463.35852446001309,342.26202917505469,0.0010256410137600821,-0.0010256410137600821,444.5,0.49999981317637282,1
87.336874098145771,-462.88208477956141,342.48492561526047,0.01453528386162305,-0.01453528386162305,445,0.49999966885868846,1
87.187802371129308,-462.4048247164115,342.73605564657248,0.00082098490184551317,0.00082098490184551317,445.5,0.49999954767332511,1
87.038531685192567,-461.92762702975728,342.42952450846951,0.020580281641545222,0.020580281641545222,446,0.4999993698277691,1
86.884546172438021,-461.45193311418188,341.70186811794531,0.018585939332415268,0.018585939332415268,446.5,0.49999623943958577,1
86.726427994800972,-460.97759310560679,341.556050653169,0.0084048215659999013,-0.0084048215659999013,447,0.49999980183424619,1
86.570279659208865,-460.50260333489757,342.1443931460941,0.023950746214805065,-0.023950746214805065,447.5,0.49999758498074515,1
86.418987248208509,-460.02604313107207,342.5292825117287,0.0029203815823774836,-0.0029203815823774836,448,0.49999902149554476,1
86.268390850973375,-459.5492618533691,342.31270537875895,0.016568378816764814,0.016568378816764814,448.5,0.49999966162816334,1
86.115076552877539,-459.07334773534734,342.04334853942589,0.0022362389539441014,0.0022362389539441014,449,0.49999952173282225,1
85.961230126814144,-458.59760501835785,342.18458285221845,0.012096558777842541,-0.012096558777842541,449.5,0.49999985558099797,1
85.809994902811923,-458.12102681240691,342.58408764628859,0.0097473724066949371,-0.0097473724066949371,450,0.4999988793651659,1
85.66103431704758,-457.64373166755701,342.6938366586142,0.0020852060281137093,0.0020852060281137093,450.5,0.49999991140853933,1
85.511587767145357,-457.1665887041874,342.48221229976832,0.0087056263000672846,0.0087056263000672846,451,0.49999967877069929,1
85.360457675631935,-456.68997605220426,342.38004916619565,0.0015733033380657578,-0.0015733033380657578,451.5,0.49999992459125725,1
85.209702619735879,-456.21324481844164,342.57236042568371,0.011852636124170937,-0.011852636124170937,452,0.49999975612299413,1
85.061447712990159,-455.73573073771956,342.92109924478643,0.010857685836449858,-0.010857685836449858,452.5,0.49999921466141245,1
84.915785636233196,-455.2574190212373,343.19048583686595,0.0079491785337878398,-0.0079491785337878398,453,0.49999953872915126,1
84.772008914286502,-454.77853693356371,343.36344047954753,0.0030512086198447802,-0.0030512086198447802,453.5,0.49999979966830554,1
84.628935736918621,-454.29944397836977,343.34726082897691,0.0041808400184702391,0.0041808400184702391,454,0.49999999379861193,1
84.48486173028769,-453.82065137184765,343.12500736185734,0.010553700098628362,0.010553700098628362,454.5,0.49999967944683221,1
84.338547560532007,-453.3425387276439,342.85497758839824,0.0082979255156810042,0.0082979255156810042,455,0.49999953681857973,1
84.190250921978972,-452.86503706399202,342.64956920654271,0.0060423481478371656,0.0060423481478371656,455.5,0.4999997317963692,1
84.040635981388903,-452.38794659325345,342.57093521393716,0.0022654068749416913,-0.0022654068749416913,456,0.49999994771732137,1
83.891569249647546,-451.91068482272362,342.78906213398,0.012963111652646514,-0.012963111652646514,456.5,0.49999968812121248,1
83.745547302723736,-451.43248398634967,343.26201901310685,0.013714637355693832,-0.013714637355693832,457,0.49999844888976674,1
83.602523813264213,-450.95337636974443,343.41517530057388,0.0030218369417306752,0.0030218369417306752,457.5,0.49999982682629573,1
83.458781441836976,-450.47448447615744,343.09821941188841,0.016151759536301751,0.016151759536301751,458,0.49999931508638973,1
83.311613051432104,-449.99663474889468,342.68148500006981,0.012941820386573741,0.012941820386573741,458.5,0.49999889697824262,1
83.161355492729257,-449.51974692589209,342.3566991591681,0.0097327248645465766,0.0097327248645465766,459,0.49999932967503496,1
83.008936603123672,-449.04354497450322,342.19274870105448,0.0007018321205720286,0.0007018321205720286,459.5,0.49999981641513636,1
82.856352073919382,-448.56739599540299,342.31953924117136,0.0095536665315472599,-0.0095536665315472599,460,0.49999988885067426,1
82.705955911455689,-448.09055208506101,342.67234091217711,0.0097036019185344335,-0.0097036019185344335,460.5,0.49999912051326578,1
82.557745803935958,-447.61302337620856,342.78815803299091,0.0016178411724419093,0.0016178411724419093,461,0.49999990374928543,1
82.409168826260952,-447.13560885017631,342.6027967917297,0.0075598374739695023,0.0075598374739695023,461.5,0.49999974796157215,1
82.259031839043331,-446.65868245501832,342.48050445704075,0.00097776397623261947,0.00097776397623261947,462,0.49999990132916844,1
82.108661684375448,-446.18182945360689,342.54677294998049,0.0056041073362007813,-0.0056041073362007813,462.5,0.49999996836992894,1
81.959000327443619,-445.70475350031836,342.56813711797338,0.0046355806310884821,0.0046355806310884821,463,0.49999998696483949,1
81.808233718089454,-445.22802622409256,342.28092011384462,0.015416201710838894,0.015416201710838894,463.5,0.49999946639353832,1
81.654267011554083,-444.7523233228838,341.89158680784658,0.0086270500008794292,0.0086270500008794292,464,0.49999899693877692,1
81.498254285617264,-444.27728652214302,341.7963820653556,0.001980294722047843,-0.001980294722047843,464.5,0.49999993271226928,1
81.342661683214246,-443.80211210134019,341.96895852649175,0.0075952534190307048,-0.0075952534190307048,465,0.49999978810780377,1
81.188827119699525,-443.32636574288767,342.19680022526677,0.0083110538809858941,-0.0083110538809858941,465.5,0.49999967051248145,1
81.036968377513304,-442.84998507980157,342.43972790574827,0.0067458224027644566,-0.0067458224027644566,466,0.49999961374058804,1
80.886399791393032,-442.37319467947327,342.44616457665916,0.0062965246014429245,0.0062965246014429245,466.5,0.49999998497147613,1
80.734331104334487,-441.89688150114199,342.0789422157186,0.019340684647460145,0.019340684647460145,467,0.49999912943499902,1
80.578405774606139,-441.42181721442353,341.65211153166388,0.0067448422855369283,0.0067448422855369283,467.5,0.49999878496474037,1
80.420882387665188,-440.94727918411678,341.70147222673438,0.01019097940403791,-0.01019097940403791,468,0.49999995964075367,1
80.265590576217789,-440.47200742614206,342.11391635107248,0.011886716277122672,-0.011886716277122672,468.5,0.49999879062953645,1
80.113033381484883,-439.99584982917281,342.30673898418746,0.0015750461550973422,-0.0015750461550973422,469,0.49999975481623937,1
79.960867415370728,-439.51956686811957,342.22588893358738,0.0031138605694174832,0.0031138605694174832,469.5,0.4999999402330958,1
79.808282161498823,-439.04341803998085,342.28755526284579,0.0074191874065909474,-0.0074191874065909474,470,0.49999996623702769,1
79.65746455406358,-438.5667072247,342.65099303175992,0.017953578703421093,-0.017953578703421093,470.5,0.49999915211750806,1
79.510102000721176,-438.08891703131701,343.00405746102967,0.0057068862674811731,-0.0057068862674811731,471,0.49999919101989027,1
79.364103126220968,-437.61070754917233,342.97734953471485,0.0075714844235808994,0.0075714844235808994,471.5,0.4999999801684078,1
79.216536760994416,-437.13297999217173,342.69459650426427,0.0084358152745529439,0.0084358152745529439,472,0.49999945086364139,1
79.066975795074541,-436.65587275518817,342.51700362979824,0.0039625120463098844,0.0039625120463098844,472.5,0.49999979810892875,1
78.916497127483126,-436.17905396587696,342.49129871430864,0.0045028078024788943,-0.0045028078024788943,473,0.49999998724029532,1
78.767169090793118,-435.70187430825138,342.82212830629578,0.018594181178051131,-0.018594181178051131,473.5,0.49999928819285511,1
78.622273311667911,-435.22333293639554,343.53424889917324,0.024030947556873898,-0.024030947556873898,474,0.49999663137462269,1
78.482084574094955,-434.74338840551422,343.73905994163965,0.0097310432441782904,0.0097310432441782904,474.5,0.49999963486504834,1
78.339562879105827,-434.26413505139317,342.97651994246814,0.04350757677173548,0.04350757677173548,475,0.49999621096449948,1
78.188806825506973,-433.78740917057343,342.10340305612948,0.011363694064021754,0.011363694064021754,475.5,0.49999495311458902,1
78.035344890119617,-433.31154262856558,342.33408513718121,0.027470918143415214,-0.027470918143415214,476,0.49999953141512216,1
77.887678654628417,-432.83385175820956,343.2683270695569,0.023383571278037252,-0.023383571278037252,476.5,0.4999938846882318,1
77.745509453845557,-432.35449043108656,343.57043667915292,0.0022901317643619001,0.0022901317643619001,477,0.49999936359195729,1
77.602924862386288,-431.87525270933486,343.23641795097456,0.013570801977644837,0.013570801977644837,477.5,0.49999915967066155,1
77.457257524734956,-431.39694283061482,342.90784795003219,0.0093674433085637124,0.0093674433085637124,478,0.49999931333913528,1
77.309360206519315,-430.91931732905044,342.71127832545517,0.0022122840345612182,0.0022122840345612182,478.5,0.4999997364799304,1
77.161098989667721,-430.44180455766042,342.86256192969631,0.012774312173793568,-0.012774312173793568,479,0.49999983526287028,1
77.015890298799675,-429.96335677276784,343.43874053700642,0.024081235789334902,-0.024081235789334902,479.5,0.49999784676759207,1
76.875121949949872,-429.48358214465475,343.7217116007476,0.0043247091637374181,0.0043247091637374181,480,0.49999942181862073,1
76.733316725677071,-429.00411429355916,343.19089936237486,0.032734870475706009,0.032734870475706009,480.5,0.49999814186183134,1
76.585304334681027,-428.52652742457872,342.50886635866675,0.0086105431588313353,0.0086105431588313353,481,0.49999688530120284,1
76.435240165733447,-428.04957836577745,342.70963831471647,0.022628467758462736,-0.022628467758462736,481.5,0.49999965949322656,1
76.289865567265423,-427.57118260446975,343.44456813179397,0.018590094836456638,-0.018590094836456638,482,0.49999627830305726,1
76.148896886951292,-427.09146671798607,343.71693902506945,0.000426096673801672,-0.000426096673801672,482.5,0.49999950057408971,1
76.008188383381039,-426.61167412159813,343.56658506363294,0.0059931997890554835,0.0059931997890554835,483,0.49999981852562547,1
75.866102585001428,-426.13228753680528,343.424651890051,0.0039155096160927412,0.0039155096160927412,483.5,0.49999987178050614,1
75.723069814159956,-425.6531825608111,343.33524698116298,0.0029322134732042184,0.0029322134732042184,484,0.49999995155696642,1
75.579318165687212,-425.17429278971116,343.24587872818461,0.0033068833895343428,0.0033068833895343428,484.5,0.49999994930278513,1
75.434778893491682,-424.69564016182034,343.15008379445408,0.0027784038519914609,0.0027784038519914609,485,0.49999993939360154,1
75.289606898305294,-424.21717900577227,343.1039746808932,0.00044061579810701174,0.00044061579810701174,485.5,0.49999998603325185,1
75.144331374151889,-423.73874926341142,343.12766731407601,0.0027243805539466518,-0.0027243805539466518,486,0.49999999629351105,1
74.999768698126459,-423.26010381534689,343.28882676257524,0.0085267965787014718,-0.0085267965787014718,486.5,0.49999983225249628,1
74.857244030441777,-422.78084809278937,343.60870726577349,0.011656920626653527,-0.011656920626653527,487,0.49999932850231377,1
74.717232246697648,-422.30085186130628,343.83074679098564,0.0038444249350806513,-0.0038444249350806513,487.5,0.4999996818250747,1
74.578143814199763,-421.82058693153567,343.83014644651149,0.0034503905370037932,0.0034503905370037932,488,0.49999999482229024,1
74.438305980852689,-421.34053984136676,343.6665670329283,0.0079697213703870343,0.0079697213703870343,488.5,0.49999982841481155,1
74.296556434139134,-420.86105415940966,343.37350852245015,0.012489670449017784,0.012489670449017784,489,0.49999945319506556,1
74.152100989519184,-420.38237674607359,343.08861039345248,0.0041139242425397684,0.0041139242425397684,489.5,0.49999944151814862,1
74.00667247707608,-419.90399352465084,343.15388660430568,0.0086710204774331553,-0.0086710204774331553,490,0.49999995877021625,1
73.863239207716788,-419.42500923282279,343.51301670199246,0.0087714429814539138,-0.0087714429814539138,490.5,0.49999905457622534,1
73.7216309613204,-418.94548126686493,343.49151296181549,0.010273022326518604,0.010273022326518604,491,0.49999996558313831,1
73.577562740333974,-418.46668874462432,342.92795571556087,0.026110013229378594,0.026110013229378594,491.5,0.49999793164744089,1
73.428538003497977,-417.98941481489322,342.49648571039705,0.0040134576474150684,0.0040134576474150684,492,0.49999877618850536,1
73.278555449809801,-417.51244004239038,342.69796615480027,0.018080176924442189,-0.018080176924442189,492.5,0.49999970001487476,1
73.132216806054416,-417.03433636268119,343.22699393784274,0.013315176884453554,-0.013315176884453554,493,0.49999812720412862,1
72.989052135506043,-416.55527104724746,343.44028010988086,0.0015753992508984534,-0.0015753992508984534,493.5,0.49999969934475225,1
72.846342238148452,-416.07606979385076,343.37343338298786,0.0022333378973274885,0.0022333378973274885,494,0.49999995606077607,1
72.703180024648347,-415.59700343207516,343.37102695630176,0.0020653802818512913,-0.0020653802818512913,494.5,0.49999999835916747,1
72.560509412113419,-415.11779052986606,343.48699493218351,0.0049887528007490824,-0.0049887528007490824,495,0.49999990932475091,1
72.418936016619739,-414.63825233832,343.61022636177955,0.0036144427346536758,-0.0036144427346536758,495.5,0.49999990346286172,1
72.278229471128171,-414.15845902525666,343.6940882729117,0.0022402374584657961,-0.0022402374584657961,496,0.49999995520446455,1
72.137955631070341,-413.67853898190049,343.69988413381122,0.00191955072097083,0.00191955072097083,496.5,0.49999999821956131,1
71.997221260822641,-413.19875387339579,343.58406874155457,0.00616586453660897,0.00616586453660897,497,0.49999991331187577,1
71.855244496893832,-412.71933497214258,343.46037218119892,0.00026256877694880328,-0.00026256877694880328,497.5,0.49999988437452014,1
71.713340304000326,-412.23989462740809,343.61258022305941,0.010363732594098311,-0.010363732594098311,498,0.49999984411985465,1
71.573790337550108,-411.75976451536104,343.96677105003067,0.0092024472205140297,-0.0092024472205140297,498.5,0.49999911762979105,1
71.43637068921204,-411.27901951769968,344.07732270174239,0.0014843293698376216,0.0014843293698376216,499,0.49999991252577253,1
71.298619542376585,-410.79836953119673,343.90805281178109,0.0068063590325220481,0.0068063590325220481,499.5,0.49999978797972783,1
71.159411432249229,-410.31813937523646,343.78427106291656,0.0018352225735257159,0.0018352225735257159,500,0.49999990061884653,1
71.019762669722411,-409.83803707490608,343.80286460647267,0.003120556620626741,-0.003120556620626741,500.5,0.49999999565778686,1
70.880861096648715,-409.35771823298643,343.96215676032983,0.0080002346362957766,-0.0080002346362957766,501,0.49999983690535865,1
70.743882054808068,-408.87684800890577,344.26096016817843,0.012344140815071738,-0.012344140815071738,501.5,0.49999943031064226,1
70.609365007154267,-408.39528300861508,344.4808387891739,0.0030063309979737139,-0.0030063309979737139,502,0.49999968561436509,1
70.475571916747597,-407.91351606599852,344.43321542905818,0.006331040919263212,0.006331040919263212,502.5,0.49999997803867402,1
70.340476136187419,-407.43211312003842,344.20468752952149,0.0090530299374419736,0.0090530299374419736,503,0.49999966630411424,1
70.203202905225737,-406.95132675131617,343.91528403038814,0.011151127772401537,0.011151127772401537,503.5,0.49999947228750757,1
70.063634548088075,-406.47120132461288,343.7306396510059,0.00057153915056497339,-0.00057153915056497339,504,0.49999975168106636,1
69.924206541977838,-405.99103521344085,343.95468289423479,0.015069877878415025,-0.015069877878415025,504.5,0.49999966320582817,1
69.788186372727267,-405.5098941204796,344.44599912764875,0.00958909105451697,-0.00958909105451697,505,0.49999823777579677,1
69.654300040341894,-405.02815314460298,344.37532780172768,0.014523482012153834,0.014523482012153834,505.5,0.49999991783815695,1
69.516939967592975,-404.54739476841917,343.64856133023244,0.026946053029687663,0.026946053029687663,506,0.49999640584356853,1
69.374234010081082,-404.06819302717577,343.33834443889748,0.0052867123303229242,-0.0052867123303229242,506.5,0.49999929911960211,1
69.232794902566738,-403.58861768472053,343.94677099342596,0.033022511540553127,-0.033022511540553127,507,0.49999753021940985,1
69.097343560118148,-403.10731625961887,344.47930453127071,0.0041567982030716556,-0.0041567982030716556,507.5,0.49999812797251203,1
68.96289261435922,-402.6257331191922,344.18498139391363,0.024705754667308712,0.024705754667308712,508,0.49999937795829191,1
68.82399517640323,-402.14541508523541,343.61349425499606,0.014063119084661435,0.014063119084661435,508.5,0.49999791201049593,1
68.681723314101788,-401.66608392813282,343.37967994428027,0.0022607044167817589,0.0022607044167817589,509,0.49999964097190169,1
68.538784603710198,-401.18695084215875,343.40408821335654,0.00038981912742379847,0.00038981912742379847,509.5,0.49999998900344594,1
68.395692977915203,-400.70786345368589,343.30863061711511,0.0062743197956419052,0.0062743197956419052,510,0.49999993916639862,1
68.251156562964965,-400.22921025410943,343.09913073115422,0.0020843376163883248,0.0020843376163883248,510.5,0.49999966071133117,1
68.106377401876344,-399.75063048235438,343.33701328082111,0.018692679258813159,-0.018692679258813159,511,0.49999960341848426,1
67.966060668229019,-399.27072746789884,344.1373540374384,0.027790093061608193,-0.027790093061608193,511.5,0.49999568900638813,1
67.831182827947103,-398.78926358540565,344.37801759472717,0.010986592919328847,0.010986592919328847,512,0.49999950194428006,1
67.693663074218577,-398.30855225711792,343.50946227801302,0.046904174993609674,0.046904174993609674,512.5,0.49999506378533748,1
67.547142884664538,-397.83050862406463,342.53208665509419,0.021330826840339732,0.021330826840339732,513,0.49999388101229741,1
67.395530245143746,-397.35404963341892,342.28702113440249,0.0042193197098585079,-0.0042193197098585079,513.5,0.49999956222939912,1
67.24401071925459,-396.87756066195624,342.39915958988706,2.1688944878944296e-05,2.1688944878944296e-05,514,0.49999990665123456,1
67.092483530521605,-396.40107413261859,342.27853338575403,0.0083996271360718376,0.0083996271360718376,514.5,0.49999990156554985,1
66.939068869654037,-395.9251924973297,341.97162454188435,0.011804204944236717,0.011804204944236717,515,0.49999938897396173,1
66.782852134358507,-395.45022355961515,341.607906084516,0.013588177775590946,0.013588177775590946,515.5,0.49999916017937651,1
66.623625919318741,-394.97625479314593,341.31780618955929,0.0013752159075555129,0.0013752159075555129,516,0.49999937914386489,1
66.464121771531765,-394.5023793144789,341.57515870054181,0.019343307914259165,-0.019343307914259165,516.5,0.49999954244294265,1
66.309184626826934,-394.02699522645275,342.38684054024384,0.028079658969015653,-0.028079658969015653,517,0.49999554993793377,1
66.159980832990428,-393.54977687169031,342.73808819386261,0.0035548268217888454,0.0035548268217888454,517.5,0.49999913021662218,1
66.009929216635612,-393.07282564697857,342.18307627346485,0.035197073608546015,0.035197073608546015,518,0.49999795832055344,1
65.85260383477592,-392.59822832832629,341.23026594930769,0.02127923338888869,0.02127923338888869,518.5,0.49999389061191296,1
65.690260349372139,-392.12531797038378,341.00436708798463,0.0055056987107395252,-0.0055056987107395252,519,0.49999961390221154,1
65.529162055950678,-391.65198332848865,341.47862402223785,0.01729141563649312,-0.01729141563649312,519.5,0.49999834335854532,1
65.371544057350278,-391.17747695834328,341.66985336746734,0.0039414394372766027,0.0039414394372766027,520,0.4999997287912642,1
65.212991523147863,-390.70328295678507,341.253573154626,0.023658400616771949,0.023658400616771949,520.5,0.49999885721448289,1
65.050266804324821,-390.23050434474567,340.85318824504873,0.0042944941434381202,0.0042944941434381202,521,0.49999895011684298,1
64.886526933950705,-389.75807543874441,341.00748512551456,0.015066742980950501,-0.015066742980950501,521.5,0.49999981637564128,1
64.725793772745959,-389.28461642256838,341.47106245630664,0.013645755557867316,-0.013645755557867316,522,0.49999858910726069,1
64.568289025904122,-388.81007279638618,341.77818607556992,0.0077957333370830394,-0.0077957333370830394,522.5,0.49999939842749769,1
64.412677252819094,-388.33490460544016,341.9455147570157,0.0054768837542154315,-0.0054768837542154315,523,0.49999983360955336,1
64.258390586775121,-387.85930450921086,342.11067868619324,0.006053693779255174,-0.006053693779255174,523.5,0.49999982685225391,1
64.105538204403246,-387.38324154262187,342.28460202767462,0.0046866012298703618,-0.0046866012298703618,524,0.49999979895422153,1
63.953697904706928,-386.90685461134382,342.32725444580041,0.0017088622349089233,0.0017088622349089233,524.5,0.49999998490439157,1
63.801450649486092,-386.43059770133118,342.18668874779661,0.0081045790260812194,0.0081045790260812194,525,0.49999987105704669,1
63.647274879027599,-385.95496216555125,341.86289390916534,0.014500410726851782,0.014500410726851782,525.5,0.49999933109268319,1
