x,y,heading,curvature,signed_curvature,dist_origin,p2p_distance,direction
-341.637,1121.989,162.46600000000001,0.016554101014565999,-0.016554101014565999,0,0,1
-341.48807081749391,1121.5116959153936,162.843729779141,0.0098162187349126705,-0.0098162187349126705,0.5,0.49999909058308911,1
-341.34148588717289,1121.0336659605116,163.02843145899107,0.0030785304379690299,-0.0030785304379690299,1,0.49999977956165809,1
-341.19568261711754,1120.5553967851176,163.0463561794474,0.00073482768092171145,0.00073482768092171145,1.5,0.49999999769085424,1
-341.04971333484912,1120.0771782660793,162.99565919815853,0.0028044956165680958,0.0028044956165680958,2,0.49999998331720519,1
-340.90307850264588,1119.5991634617747,162.89152994161788,0.0035055102466943601,0.0035055102466943601,2.5,0.49999992714965019,1
-340.75566887620784,1119.1213869710355,162.82705200141328,0.00099591089946437215,0.00099591089946437215,3,0.49999997306965782,1
-340.60802134809575,1118.6436839183484,162.83446804704309,0.0015136487267889884,-0.0015136487267889884,3.5,0.49999999910413412,1
-340.46060573441554,1118.1659092526093,162.86336435731425,0.00021958197117116502,-0.00021958197117116502,4,0.49999999437888043,1
-340.31324250752186,1117.6881184224555,162.84672057144869,0.0013815377384695795,0.0013815377384695795,4.5,0.49999999801948602,1
-340.16557506760279,1117.2104215400209,162.79920546391656,0.0012906226177924187,0.0012906226177924187,5,0.49999998430004389,1
-340.01760542029143,1116.7328181683481,162.77846518159885,0.00015732279585681312,0.00015732279585681312,5.5,0.49999999715865978,1
-339.86959622141887,1116.2552270500457,162.78791625588281,0.00046944330888745847,-0.00046944330888745847,6,0.49999999923220551,1
-339.72167833561736,1115.7776076421821,162.79446121041076,1.2519372750885044e-05,1.2519372750885044e-05,6.5,0.49999999970795311,1
-339.57375745764563,1115.2999891522318,162.78719562945349,0.00052259216398093972,0.00052259216398093972,7,0.50000000808240164,1
-339.42558188510617,1114.8224496679543,162.7173629662243,0.0043526670025239387,0.0043526670025239387,7.5,0.49999995934140162,1
-339.27636742421595,1114.3452339528126,162.53780427292332,0.0081829161606387351,0.0081829161606387351,8,0.49999979411693102,1
-339.12527899184062,1113.8686084427527,162.2869393282545,0.0083122852531224128,0.0083122852531224128,8.5,0.49999959123730459,1
-338.97221513526688,1113.392613538455,162.0670838745105,0.0070365489517314247,0.0070365489517314247,9,0.49999969310655534,1
-338.81750341554402,1112.9171515510197,161.9052976646291,0.0023077831198937047,0.0023077831198937047,9.5,0.4999998177154098,1
-338.66229976228431,1112.4418497614668,161.9711229930048,0.0069033964954666217,-0.0069033964954666217,10,0.49999996513743322,1
-338.50873477149526,1111.9660166965189,162.29413890070663,0.013293849711298562,-0.013293849711298562,10.5,0.49999931209327275,1
-338.35794359971544,1111.4892971168542,162.56325038525648,0.005493795621933209,-0.005493795621933209,11,0.49999953512213702,1
-338.20846238217047,1111.0121646959421,162.60891942135885,0.0023054268373914281,0.0023054268373914281,11.5,0.49999998148415437,1
-338.05862956444247,1110.535142616857,162.51026661574042,0.0039902506868757289,0.0039902506868757289,12,0.49999993720302199,1
-337.90784558312663,1110.0584203862293,162.38120255706502,0.0050201144501840064,0.0050201144501840064,12.5,0.49999989419612195,1
-337.75592887028733,1109.5820579106319,162.2584813126025,0.002128357576057548,0.002128357576057548,13,0.49999989579716747,1
-337.6035168319994,1109.1058535770176,162.2707825789243,0.0029871229049125599,-0.0029871229049125599,13.5,0.49999999676812729,1
-337.45177727101748,1108.6294346572724,162.39429121257371,0.0019008006291105037,-0.0019008006291105037,14,0.49999988145808816,1
-337.30035535577082,1108.1529146303237,162.29871082785672,0.0085737253915864429,0.0085737253915864429,14.5,0.49999993250016994,1
-337.14689635875015,1107.6770476867873,161.91240943743438,0.014846379130056273,0.014846379130056273,15,0.4999990117162893,1
-336.99055256436827,1107.2021199355206,161.72399285286247,0.0016920554335562359,-0.0016920554335562359,15.5,0.49999975096491156,1
-336.83461073396813,1106.7270603550674,162.00936351834571,0.018230979890450118,-0.018230979890450118,16,0.49999945944868285,1
-336.68206316781544,1106.2509004338767,162.39276206242948,0.005789774758599168,-0.005789774758599168,16.5,0.49999903048643546,1
-336.53089334315632,1105.7743003461803,162.33699260044656,0.0096832827394799665,0.0096832827394799665,17,0.49999995947968118,1
-336.37772221275543,1105.2983404599916,162.00304483704159,0.0078379466350305179,0.0078379466350305179,17.5,0.49999920844849249,1
-336.22272532284131,1104.8229712137918,161.92960817688834,0.0027110321768803263,-0.0027110321768803263,18,0.49999995611557635,1
-336.06833453526076,1104.3474050134971,162.12310053661341,0.0070144202845304907,-0.0070144202845304907,18.5,0.49999972615238741,1
-335.9154729243001,1103.8713449059151,162.24827373145513,0.0017243324900917676,-0.0017243324900917676,19,0.49999989813650308,1
-335.76302214504506,1103.3951529769504,162.22313729067679,0.0027394141823585336,0.0027394141823585336,19.5,0.49999999330657535,1
-335.61014395853454,1102.9190980969945,162.18193874245782,0.00013678129139254466,0.00013678129139254466,20,0.49999998864055439,1
-335.45723321348066,1102.4430536700806,162.21530026977706,0.0024658488090622539,-0.0024658488090622539,20.5,0.49999999234867482,1
-335.30488540697337,1101.9668288437756,162.31254027036178,0.004153603908126165,-0.004153603908126165,21,0.49999993933684789,1
-335.15352669271448,1101.4902887985586,162.45273541036829,0.0056338815417423718,-0.0056338815417423718,21.5,0.49999987507751587,1
-335.00349405629908,1101.0133296630113,162.623246254614,0.0054407845107223417,-0.0054407845107223417,22,0.49999980897175161,1
-334.85474340626945,1100.5359690683817,162.75280134796424,0.0036038657073816037,-0.0036038657073816037,22.5,0.4999998931892975,1
-334.70685396424886,1100.0583408922864,162.83168692213337,0.0026763338343430017,-0.0026763338343430017,23,0.49999996166130284,1
-334.55975207122128,1099.5804696626976,162.96888100814647,0.0069016903483733469,-0.0069016903483733469,23.5,0.49999987900099502,1
-334.41430020772469,1099.1020939415159,163.22712870583308,0.011127422232979314,-0.011127422232979314,24,0.49999957521055388,1
-334.2712027165295,1098.6230086589235,163.47178990050642,0.003950501112309858,-0.003950501112309858,24.5,0.49999959998288607,1
-334.12904872388634,1098.1436421701271,163.44736841421172,0.0056554469080302922,0.0056554469080302922,25,0.4999999882053407,1
-333.98560287840775,1097.6646611215219,163.19994194041209,0.0068481802521086106,0.0068481802521086106,25.5,0.49999955550780079,1
-333.84065886019397,1097.1861308678647,163.1444466792762,0.0029738488396519381,-0.0029738488396519381,26,0.49999997208123143,1
-333.69642662926736,1096.7073859134407,163.37023347748834,0.012408100274251096,-0.012408100274251096,26.5,0.4999996678243675,1
-333.55435085154397,1096.2279964692725,163.55735817619637,0.00065580080941771634,-0.00065580080941771634,27,0.49999976579553923,1
-333.41243225076886,1095.7485603871601,163.40780798163644,0.011096546869993664,0.011096546869993664,27.5,0.49999984607727138,1
-333.26808886730106,1095.2698495055251,163.05488041226954,0.0080113427416745511,0.0080113427416745511,28,0.49999912054584539,1
-333.12187764286733,1094.7917049212713,162.99586769205959,0.0038913876505170049,-0.0038913876505170049,28.5,0.49999996560171367,1
-332.97659404016633,1094.3132781594434,163.27091444711158,0.012812935570200431,-0.012812935570200431,29,0.49999949164665791,1
-332.83394721580862,1093.83405858368,163.54538324468044,0.0063486061681020615,-0.0063486061681020615,29.5,0.4999995182939696,1
-332.69282218764909,1093.3543882049721,163.63466830469764,0.000115251462925095,0.000115251462925095,30,0.49999994578276036,1
-332.55173847798892,1092.8747056427296,163.57392554564848,0.0030897829933889359,0.0030897829933889359,30.5,0.49999997365099114,1
-332.40991907660532,1092.3952401274239,163.46389756759561,0.0045916215371184371,0.0045916215371184371,31,0.49999992297617563,1
-332.26700144326423,1091.9161008951553,163.31398333227253,0.0051958024472444743,0.0051958024472444743,31.5,0.49999985381874645,1
-332.12290291255721,1091.437315426333,163.19630612457337,0.0030196273971283827,0.0030196273971283827,32,0.49999991170726005,1
-331.97808164807805,1090.9587480000371,163.14097068650523,0.00084352414186043541,0.00084352414186043541,32.5,0.49999998015688929,1
-331.83300093101866,1090.4802591461939,163.12067342982127,0.0011816738181605678,0.0011816738181605678,33,0.49999999771459319,1
-331.68763566292449,1090.0018566767872,163.07048605165488,0.0023220646856702493,0.0023220646856702493,33.5,0.4999999839025881,1
-331.54173680802887,1089.5236166843665,162.99826826126323,0.0024515912453486753,0.0024515912453486753,34,0.49999996621034598,1
-331.39525285902369,1089.0455555749797,162.93140622812649,0.002216261481042116,0.002216261481042116,34.5,0.49999997162426463,1
-331.24823972096578,1088.5676569402924,162.87205216383074,0.0017405089213558616,0.0017405089213558616,35,0.49999996779764944,1
-331.10083094798415,1088.0898801546714,162.8410361143263,0.00042481882691458746,0.00042481882691458746,35.5,0.50000000323030291,1
-330.95332270567161,1087.6121340737916,162.85097631390818,0.001919377289197646,-0.001919377289197646,36,0.49999999934614042,1
-330.80636024245661,1087.1342199534986,162.99129349301268,0.0078766124150158098,-0.0078766124150158098,36.5,0.49999987196964457,1
-330.66127770466136,1086.6557322836384,163.2939136296913,0.0099690294234305622,-0.0099690294234305622,37,0.49999939298099866,1
-330.51795611887746,1086.1767136102726,163.2980921465001,0.0096774982736164365,0.0096774982736164365,37.5,0.49999996638471322,1
-330.37232077067279,1085.6983953672741,162.74598249907945,0.024980325281256398,0.024980325281256398,38,0.49999799622786606,1
-330.22188713169811,1085.2215635131249,162.33662239126261,0.0035994058310242936,0.0035994058310242936,38.5,0.49999889686527954,1
-330.07059523245732,1084.7450024363729,162.53932209166607,0.016833952372071335,-0.016833952372071335,39,0.49999969865079841,1
-329.9221481211971,1084.2675479726392,162.86667673215885,0.0060194842904502562,-0.0060194842904502562,39.5,0.49999930978025764,1
-329.77513850329717,1083.7896482340532,162.88421555472507,0.004795012146526164,0.004795012146526164,40,0.49999998789572064,1
-329.62734443709019,1083.3119906479637,162.73454130343299,0.0046786003351933624,0.0046786003351933624,40.5,0.49999985555475995,1
-329.47843371459874,1082.8346799423414,162.61752122869598,0.0034909435515223406,0.0034909435515223406,41,0.49999991297463153,1
-329.32869519953977,1082.3576282306603,162.53701131183934,0.0020696246085592069,0.0020696246085592069,41.5,0.49999995850987633,1
-329.17846330883572,1081.8807316278576,162.49923846295735,0.0005674192340080382,0.0005674192340080382,42,0.49999999074932044,1
-329.02804393970155,1081.4038941190058,162.47304144284288,0.0027383737744279451,0.0027383737744279451,42.5,0.49999999645867266,1
-328.87695600863697,1080.9272681630171,162.32811425186412,0.007379474180588967,0.007379474180588967,43,0.49999986483556208,1
-328.72415179105116,1080.4511899545055,162.08715150428276,0.0056255766974181417,0.0056255766974181417,43.5,0.4999995895314393,1
-328.57014270343967,1079.9754997296782,162.08676507458952,0.0055986426922514376,-0.0055986426922514376,44,0.49999998906317245,1
-328.41746151285412,1079.4993823050168,162.39893650099717,0.013365803898688371,-0.013365803898688371,44.5,0.49999934802442447,1
-328.26755123317616,1079.0223849926842,162.67014775141413,0.0055683952542452623,-0.0055683952542452623,45,0.4999995279253418,1
-328.118969472478,1078.544971711988,162.71799068145359,0.0022282446743452926,0.0022282446743452926,45.5,0.49999998019735353,1
-327.96988145339924,1078.0677164518941,162.55197989127896,0.0093386372618719481,0.0093386372618719481,46,0.49999982072009097,1
-327.81856681923824,1077.5911631885276,162.18293783074216,0.016425056041134863,0.016425056041134863,46.5,0.49999913133572588,1
-327.66377555211943,1077.11572784747,161.83293613048852,0.0014725667656905392,0.0014725667656905392,47,0.4999990999020108,1
-327.50866662092267,1076.6403957766809,162.13808237732354,0.022778109741723854,-0.022778109741723854,47.5,0.49999935805727891,1
-327.35880492060505,1076.1633880995062,162.99068399739119,0.023356273481345398,-0.023356273481345398,48,0.49999485327919801,1
-327.2141299752945,1075.684776851464,163.22693685364953,0.0068602889873184423,0.0068602889873184423,48.5,0.49999956655290856,1
-327.06782426374042,1075.2066637840603,162.61956932182153,0.027231068538299305,0.027231068538299305,49,0.49999746644908494,1
-326.91653198735395,1074.7301032393898,162.31212057539346,0.0057660169965532276,-0.0057660169965532276,49.5,0.49999930563038031,1
-326.76661507939139,1074.2531103214694,162.95003150552157,0.038770407931034971,-0.038770407931034971,50,0.49999732303207828,1
-326.62383219558791,1073.7739344890754,163.67442243231673,0.0046287802650868742,-0.0046287802650868742,50.5,0.49999643024502333,1
-326.48215463617146,1073.2944285928147,163.2030089376683,0.037544555185306729,0.037544555185306729,51,0.49999843538849437,1
-326.33294050101296,1072.8172198076275,162.20617242399862,0.016882054535391704,0.016882054535391704,51.5,0.49999308274315019,1
-326.17974716941092,1072.3412664503473,162.30462235323296,0.023756402654076903,-0.023756402654076903,52,0.49999979515349358,1
-326.03194215138586,1071.8636202734974,163.34378612594043,0.029549298811633512,-0.029549298811633512,52.5,0.49999219355180058,1
-325.89068543651132,1071.3839893809889,163.65830587925012,0.007588313156324392,0.007588313156324392,53,0.49999925254515387,1
-325.74761538035392,1070.9048992927503,162.92287813755206,0.036962070346232473,0.036962070346232473,53.5,0.49999635360399303,1
-325.59735777927415,1070.4280141445988,162.21768954681892,0.012270279261809522,0.012270279261809522,54,0.49999679119942569,1
-325.44417601591425,1069.9520569044294,162.21971954306633,0.012411582574912924,-0.012411582574912924,54.5,0.49999994709577733,1
-325.29330357125662,1069.4753637986946,162.64236377498287,0.012556627696710882,-0.012556627696710882,55,0.49999881161059062,1
-325.14541909403005,1068.9977345763443,162.92439837486455,0.0071330354047901791,-0.0071330354047901791,55.5,0.49999949264725885,1
-324.99923574644203,1068.5195815393695,163.04930485215817,0.0015209511146525025,-0.0015209511146525025,56,0.49999989788029753,1
-324.85341553815198,1068.0413175382957,163.01103006484294,0.0041930654861971513,0.0041930654861971513,56.5,0.4999999878688145,1
-324.70660407720828,1067.5633571306093,162.82142512123511,0.0072223797878267978,0.0072223797878267978,57,0.4999997563801088,1
-324.55817128198356,1067.085897684062,162.65226292982715,0.0045873726942463732,0.0045873726942463732,57.5,0.499999817795445,1
-324.40864369545693,1066.6087798321894,162.55858671820721,0.0019524898960662292,0.0019524898960662292,58,0.49999994370806017,1
-324.25884238272306,1066.1317478172152,162.61179150201951,0.0058263247281308004,-0.0058263247281308004,58.5,0.49999997660709428,1
-324.11043153951414,1065.6542818853272,162.89248994039039,0.013770142050883803,-0.013770142050883803,59,0.49999949449539544,1
-323.96507224887682,1065.1758785983204,163.26077871917613,0.0058123200038364938,-0.0058123200038364938,59.5,0.49999902839256288,1
-323.82104454632173,1064.6970718092873,163.1704616818952,0.012118117478074657,0.012118117478074657,60,0.49999992032749369,1
-323.67414020626256,1064.2191420226709,162.5949973983171,0.02260374875768701,0.02260374875768701,60.5,0.49999776605843982,1
-323.52227686611116,1063.7427641350316,162.08887526634186,0.012730767376318782,0.012730767376318782,61,0.49999836591092828,1
-323.36738374762086,1063.2673613618319,161.86535813149533,0.0029926586426181358,0.0029926586426181358,61.5,0.49999967492148445,1
-323.21173835942147,1062.7922040207188,161.90104289979035,0.0054841785866031568,-0.0054841785866031568,62,0.49999998568142584,1
-323.05739665439586,1062.3166221250815,162.17959036942347,0.013962109629561768,-0.013962109629561768,62.5,0.49999950136796473,1
-322.90603996157478,1061.8400822006281,162.52860103181075,0.0054610279435102571,-0.0054610279435102571,63,0.49999914805905321,1
-322.75596135050563,1061.3631373791166,162.46342987766343,0.010010941672940352,0.010010941672940352,63.5,0.49999995226712818,1
-322.60354459757042,1060.8869360959113,162.00661608730303,0.014499035503196245,0.014499035503196245,64,0.49999852869945366,1
-322.44808154572269,1060.4117192462111,161.84927534849413,0.0035142437716594184,-0.0035142437716594184,64.5,0.49999981472880245,1
-322.29345145543738,1059.9362313917159,162.200830401953,0.017618414677904856,-0.017618414677904856,65,0.49999916459340621,1
-322.14220829189554,1059.4596552433618,162.52490287930772,0.0050062557658448886,-0.0050062557658448886,65.5,0.49999931969768008,1
-321.99215836563599,1058.9827013702966,162.48768118721739,0.0076048122486721157,0.0076048122486721157,66,0.49999997740240476,1
-321.84066064190102,1058.5062057370665,162.2653060320302,0.0037512778483384927,0.0037512778483384927,66.5,0.49999964878412029,1
-321.68828354949153,1058.0299902300571,162.29299280209648,0.0056842197242255518,-0.0056842197242255518,67,0.49999998740732343,1
-321.5372320328168,1057.5533531181625,162.55850284423099,0.0079875856982510336,-0.0079875856982510336,67.5,0.49999949712476582,1
-321.38780223083694,1057.0762046003526,162.60121493090386,0.0050056782015482663,0.0050056782015482663,68,0.4999999737678652,1
-321.23718005494703,1056.5994318448911,162.27585219218059,0.015207079893012648,0.015207079893012648,68.5,0.49999930021969546,1
-321.08370210558616,1056.1235703684301,162.03845523021681,0.0013665975006432248,0.0013665975006432248,69,0.49999962571950113,1
-320.92989896871433,1055.6478136891972,162.19754893067869,0.012473676233304551,-0.012473676233304551,69.5,0.49999982274636884,1
-320.7784736507827,1055.1712953464698,162.5110828478094,0.0071708453828708239,-0.0071708453828708239,70,0.49999935786588401,1
-320.62875626688361,1054.6942370223016,162.60414243468892,0.00067394844641751705,0.00067394844641751705,70.5,0.49999993969973866,1
-320.47889000876251,1054.2172254900679,162.48232403070352,0.0069319697086118797,0.0069319697086118797,71,0.49999989720719812,1
-320.32739783200446,1053.7407281714454,162.223781491094,0.011117781987435885,0.011117781987435885,71.5,0.49999957427311936,1
-320.17326506876952,1053.265078931775,161.85610706734906,0.011368564962262845,0.011368564962262845,72,0.49999910790074281,1
-320.01686119207159,1052.7901707812321,161.76505693760123,0.005011956535113762,-0.005011956535113762,72.5,0.49999992409820354,1
-319.86164823047449,1052.3148729742102,162.14329278511929,0.021394218903723807,-0.021394218903723807,73,0.49999906880669265,1
-319.7103806040123,1051.8383050268064,162.55226391125944,0.0053255665863445505,-0.0053255665863445505,73.5,0.49999890330691171,1
-319.56038201962946,1051.3613350843036,162.44687841296712,0.012683114424524015,0.012683114424524015,74,0.49999990136798983,1
-319.40775200491777,1050.8852018373548,162.03251592855676,0.0094557165327315892,0.0094557165327315892,74.5,0.4999987902394798,1
-319.25291264395975,1050.4097812711432,161.9507936987352,0.0037502358104635992,-0.0037502358104635992,75,0.49999994247884016,1
-319.09867982608563,1049.9341636980735,162.08759223617108,0.00033930528935766265,0.00033930528935766265,75.5,0.49999983792208746,1
-318.94431880931569,1049.4585878422342,161.88294918418387,0.013947662730079163,0.013947662730079163,76,0.49999971815538102,1
-318.78690373211975,1048.9840152556969,161.45472111999939,0.0069360564795223024,0.0069360564795223024,76.5,0.49999864641947894,1
-318.6279641553831,1048.5099498003158,161.58575501203325,0.016084758817838076,-0.016084758817838076,77,0.49999984503894163,1
-318.47262557417702,1048.034695094653,162.22553789358614,0.018937426555083632,-0.018937426555083632,77.5,0.49999711005739333,1
-318.32162560790988,1047.5580418200914,162.54430966846968,0.003317995712640106,-0.003317995712640106,78,0.49999933396254131,1
-318.17142300901889,1047.0811361032461,162.42686220419179,0.0085687546561049668,0.0085687546561049668,78.5,0.49999988347331686,1
-318.01952780952723,1046.6047669637564,162.21276452008078,0.0063779405863887608,0.0063779405863887608,79,0.49999970868662141,1
-317.86611422303304,1046.1288844932496,162.06143788837113,0.0041866156248330103,0.0041866156248330103,79.5,0.49999985425664972,1
-317.71181334494753,1045.6532888420534,162.02641023270593,0.0031005521907494869,-0.0031005521907494869,80,0.49999998441476468,1
-317.55825529382457,1045.1774531443825,162.24617696943758,0.012242277783083936,-0.012242277783083936,80.5,0.49999968624248253,1
-317.40743099283657,1044.7007445814907,162.62363511582413,0.0098290271828052143,-0.0098290271828052143,81,0.4999990237020015,1
-317.25891395288613,1044.2233112988472,162.77327522532113,0.00061801693936073285,-0.00061801693936073285,81.5,0.49999985053132662,1
-317.1105651196367,1043.7458256404377,162.68057124534818,0.0042497170764339443,0.0042497170764339443,82,0.49999993031319451,1
-316.96134165396467,1043.2686125625764,162.60668837389539,0.00090825465158995446,0.00090825465158995446,82.5,0.49999996438900757,1
-316.81189886449033,1042.7914680882914,162.62474023924895,0.0013674473500178892,-0.0013674473500178892,83,0.49999999666664535,1
-316.66270989762205,1042.3142441912219,162.65031958169416,0.00041832949624440245,-0.00041832949624440245,83.5,0.49999999576943227,1
-316.51362075344423,1041.8369891023308,162.64870881143776,0.00053078248470571853,0.00053078248470571853,84,0.4999999927840984,1
-316.36444719811237,1041.3597603768421,162.63572062931769,0.00033272244370191991,0.00033272244370191991,84.5,0.500000006041875,1
-316.21519425494211,1040.8825564735187,162.62966948909892,8.9726765995486185e-05,8.9726765995486185e-05,85,0.50000000639214337,1
-316.06592408831466,1040.4053579711449,162.63232147184016,0.00029389421146773959,-0.00029389421146773959,85.5,0.49999999331275147,1
-315.91672406144852,1039.9281375315375,162.64655101888468,0.00069951560016824838,-0.00069951560016824838,86,0.49999999599597111,1
-315.76765017600331,1039.4508776665189,162.65325664561098,0.00063708999659382165,0.00063708999659382165,86.5,0.50000000207929807,1
-315.61842313336217,1038.9736656836358,162.60828431416428,0.0025025700140391682,0.0025025700140391682,87,0.49999998686263308,1
-315.46870553277887,1038.4966073818223,162.56715823627863,0.0016054225499983164,-0.0016054225499983164,87.5,0.49999998325358747,1
-315.31938376156813,1038.0194251660366,162.71422427016608,0.0086617084658722667,-0.0086617084658722667,88,0.49999985841960415,1
-315.17194550396357,1037.5416579200432,162.94734909930253,0.0015483744990088461,-0.0015483744990088461,88.5,0.4999995811494034,1
-315.02479976421489,1037.063800383035,162.73791875402196,0.016169843360105008,0.016169843360105008,89,0.49999969440170905,1
-314.87395812029877,1036.5870989034968,162.14975689207566,0.014043064700211187,0.014043064700211187,89.5,0.49999750212696753,1
-314.72005559876601,1036.1113742461944,162.12062275811837,0.01200926218700385,-0.01200926218700385,90,0.4999999356996298,1
-314.56900497219578,1035.634739750293,162.81873460712484,0.029784396996334721,-0.029784396996334721,90.5,0.49999673445978277,1
-314.42386565448982,1035.1562703358202,163.31183013820933,0.0046419771460816861,-0.0046419771460816861,91,0.49999840212752933,1
-314.27983703855864,1034.6774641320706,163.08476337469648,0.02045007610718641,0.02045007610718641,91.5,0.499999622956038,1
-314.1325140558007,1034.1996618261853,162.71438116961738,0.0054070718768056084,0.0054070718768056084,92,0.4999991047571421,1
-313.98389960131135,1033.7222587459883,162.77496193225403,0.0096365214181072939,-0.0096365214181072939,92.5,0.49999995706480876,1
-313.83721617226007,1033.2442594517715,163.07476919226173,0.005444743897820974,-0.005444743897820974,93,0.49999935362950204,1
-313.69180342569791,1032.7658714130725,163.05031932461156,0.0071516435568747174,0.0071516435568747174,93.5,0.49999998243302124,1
-313.54486143009933,1032.2879514334279,162.78145935607193,0.0051493165622468907,0.0051493165622468907,94,0.499999457013731,1
-313.39678005507722,1031.8103827201312,162.82901501101958,0.0084694666040470296,-0.0084694666040470296,94.5,0.49999996954831005,1
-313.2506408579103,1031.3322171024031,163.19933327163187,0.011305808230355633,-0.011305808230355633,95,0.49999902292494081,1
-313.10703018421475,1030.8532851751741,163.36434721344801,0.00021455355911820871,-0.00021455355911820871,95.5,0.49999981651857922,1
-312.96349420912264,1030.3743307972049,163.23754872329118,0.0052744800471783669,0.0052744800471783669,96,0.49999987232139592,1
-312.81891019237889,1029.8956916485129,163.17598938276262,0.00097685261295075727,-0.00097685261295075727,96.5,0.49999997255843709,1
-312.67455889763687,1029.4169823275811,163.29110509816002,0.0061938173572288549,-0.0061938173572288549,97,0.49999991024066065,1
-312.53154214836962,1028.9378727234566,163.46714266979632,0.0060959136226866346,-0.0060959136226866346,97.5,0.49999980333522864,1
-312.389986355134,1028.4583294334725,163.6402668401492,0.0057336695139635586,-0.0057336695139635586,98,0.49999980956732615,1
-312.24946577026219,1027.9784815910386,163.67027211478896,0.0036389083191449372,0.0036389083191449372,98.5,0.49999998666114109,1
-312.10807243509527,1027.4988905609614,163.43176249405445,0.013012432440264513,0.013012432440264513,99,0.49999963136004305,1
-311.96381553705447,1027.0201536908723,163.05762797572814,0.0088408171530155785,0.0088408171530155785,99.5,0.49999904341409795,1
-311.8174681767029,1026.5420508027109,162.95330705456132,0.0015576062513986617,-0.0015576062513986617,100,0.49999992155014006,1
-311.67145184026805,1026.0638468316524,163.11961887487379,0.0084714513940251524,-0.0084714513940251524,100.5,0.49999980844195735,1
-311.52743865135113,1025.5850361927107,163.41985447642986,0.012489077532369367,-0.012489077532369367,101,0.49999942654544471,1
-311.38636645357911,1025.1053512050823,163.79224200418633,0.0095763088695172052,-0.0095763088695172052,101.5,0.4999990523393768,1
-311.2474753341275,1024.6250292528023,163.89467992453928,0.0024246581955960447,0.0024246581955960447,102,0.4999999209046489,1
-311.10801377756525,1024.1448729058725,163.6696399487048,0.0099839333197182488,0.0099839333197182488,102.5,0.49999964325559904,1
-310.96644129813626,1023.6653346373806,163.45971370106312,0.0046716945759509576,0.0046716945759509576,103,0.49999971787976738,1
-310.82374839251889,1023.1861283030245,163.40017035033418,0.00039934355821604888,0.00039934355821604888,103.5,0.49999997620058373,1
-310.68072619315154,1022.7070201443473,163.34151471520877,0.0036956125014328519,0.0036956125014328519,104,0.49999997722288275,1
-310.53681897384126,1022.2281772029171,163.18842642670324,0.0069919622043824172,0.0069919622043824172,104.5,0.49999985032714894,1
-310.39147345478455,1021.7497688831555,163.03076494007593,0.0036076325053650835,0.0036076325053650835,105,0.49999984032693001,1
-310.2452652314459,1021.2716233622789,162.98210177606342,0.00021028812135540193,-0.00021028812135540193,105.5,0.49999998370623427,1
-310.0990183257577,1020.7934896577607,163.00284139093617,0.00053995102427542184,-0.00053995102427542184,106,0.499999996819671,1
-309.95289911873959,1020.3153169097515,163.01054025472683,2.4696779082074216e-06,2.4696779082074216e-06,106.5,0.49999999959829639,1
-309.80678534627481,1019.8371425008381,163.0059891021441,0.00019615248795532564,0.00019615248795532564,107,0.49999999984350657,1
-309.66062551776395,1019.3589821675648,163.00018648744629,0.00020894647165793903,0.00020894647165793903,107.5,0.49999999978636561,1
-309.51441256836375,1018.8808380753014,162.98970287587767,0.0013632723006821305,0.0013632723006821305,108,0.49999999953868685,1
-309.36780500289899,1018.4028149010611,162.88849577489958,0.0057023129363173346,0.0057023129363173346,108.5,0.49999993336229176,1
-309.21983551020043,1017.9252118173869,162.66448697892059,0.0086445458076736693,0.0086445458076736693,109,0.49999967630450814,1
-309.07038902747689,1017.4480685272277,162.62147334425751,0.0056416083744804174,-0.0056416083744804174,109.5,0.49999997054230438,1
-308.92228936713201,1016.9705063621742,162.98775070307832,0.019929749749230743,-0.019929749749230743,110,0.49999913088414016,1
-308.77804773753815,1016.4917650842225,163.40476427795076,0.006677830612045705,-0.006677830612045705,110.5,0.49999885892143042,1
-308.63540421825508,1016.0125440548231,163.36679586262755,0.0093284146242440819,0.0093284146242440819,111,0.49999996861203577,1
-308.49078959710874,1015.5339150631652,163.00014907821503,0.012835540599737133,0.012835540599737133,111.5,0.49999910030399947,1
-308.34312041399954,1015.056219517748,162.6499890523412,0.011610315382411576,0.011610315382411576,112,0.49999922175096084,1
-308.1927504449464,1014.5793669455297,162.38172656948854,0.0043162194426672193,0.0043162194426672193,112.5,0.49999950322397074,1
-308.0413956267987,1014.1028255664186,162.43710015076977,0.0081821724129365111,-0.0081821724129365111,113,0.49999996698168142,1
-307.89194746438147,1013.6256837720783,162.80398739125616,0.01123768122199543,-0.01123768122199543,113.5,0.49999904515519988,1
-307.74487405651843,1013.1478037458985,162.91189810951846,0.0037038830692908259,0.0037038830692908259,114,0.49999990672207878,1
-307.59691996295436,1012.6701962409129,162.60088702005802,0.014526946431896578,0.014526946431896578,114.5,0.49999934262050155,1
-307.44613968477228,1012.1934731521741,162.35219096160688,0.0028354390631106872,0.0028354390631106872,115,0.49999959562518581,1
-307.29468357899373,1011.7169639823049,162.43842176801829,0.0088555362960358909,-0.0088555362960358909,115.5,0.49999994094696926,1
-307.14465174050207,1011.2400045803863,162.60231300834889,0.0018828867062130321,-0.0018828867062130321,116,0.49999982363973683,1
-306.99506891118665,1010.7629040125477,162.54590802120413,0.005820732498330059,0.005820732498330059,116.5,0.49999997465796525,1
-306.84436076703537,1010.286157861902,162.39562622650342,0.0016642020660115448,0.0016642020660115448,117,0.4999998368689712,1
-306.69326621403229,1009.8095339015974,162.46518088735581,0.0065199916740134589,-0.0065199916740134589,117.5,0.49999996348359205,1
-306.54357644949039,1009.3324671903755,162.67140893050333,0.0023427415156592199,-0.0023427415156592199,118,0.49999967256461858,1
-306.39436564764878,1008.8552502572586,162.5351310551373,0.011857133300693103,0.011857133300693103,118.5,0.49999986463968898,1
-306.2423748983378,1008.3789130659429,162.04158033114777,0.015774999465492708,0.015774999465492708,119,0.49999830770375975,1
-306.08698506822822,1007.9036724139909,161.82409083908152,0.00059081435473369061,-0.00059081435473369061,119.5,0.49999967656918953,1
-305.93173312139407,1007.428386799131,162.06877986329766,0.013591578432007397,-0.013591578432007397,120,0.49999958268836958,1
-305.77909458326928,1006.9522555218715,162.34319831354802,0.0055663755010750193,-0.0055663755010750193,120.5,0.49999951650537294,1
-305.62778166550891,1006.475700821178,162.38771334839203,0.0024585873755171238,0.0024585873755171238,121,0.49999998183428246,1
-305.47631655190622,1005.9991944580971,162.37694655813164,0.0031263556113108396,-0.0031263556113108396,121.5,0.49999999469519329,1
-305.3255972484979,1005.5224519148637,162.56921024206565,0.01029617419166429,-0.01029617419166429,122,0.49999976094848264,1
-305.17704419891618,1005.0450301459342,162.81799049225606,0.0026486227653226609,-0.0026486227653226609,122.5,0.49999955398760609,1
-305.0291010767238,1004.5674186739868,162.69400214928515,0.011304950984996009,0.011304950984996009,123,0.49999988553977459,1
-304.87855954704361,1004.0906211823874,162.24671604823112,0.013770286155807041,0.013770286155807041,123.5,0.49999860015200004,1
-304.7248889137731,1003.6148218966308,162.00654148551195,0.0029974023351554899,0.0029974023351554899,124,0.49999962385608876,1
-304.57049729664595,1003.139255712776,162.06316166815697,0.0043873924535692624,-0.0043873924535692624,124.5,0.49999996666531993,1
-304.41691016655972,1002.6634291147586,162.14376526196378,0.0012397552678503438,-0.0012397552678503438,125,0.49999995790895635,1
-304.26361800746162,1002.1875073643438,162.13422780953931,0.0017985109047285043,0.0017985109047285043,125.5,0.4999999985588835,1
-304.11008211714278,1001.7116641906209,162.10875353372214,2.006625533795187e-05,-2.006625533795187e-05,126,0.49999999559464586,1
-303.95655100049919,1001.2358194770464,162.13537721075778,0.0018386108709866037,-0.0018386108709866037,126.5,0.49999999521460187,1
-303.80348377120168,1000.7598253899486,162.22598632263225,0.0046936206550621034,-0.0046936206550621034,127,0.4999999476369642,1
-303.65153448641217,1000.2834734081624,162.40503950533849,0.0078066698915576927,-0.0078066698915576927,127.5,0.49999979569958275,1
-303.50136291970159,999.80655813985447,162.61982517239875,0.0042386671682514291,-0.0042386671682514291,128,0.49999967259344613,1
-303.35216140757484,999.32933816391437,162.61450403564197,0.0046101682494478465,0.0046101682494478465,128.5,0.49999999665718059,1
-303.2018852377393,998.85245590167381,162.38164879482127,0.0082070396491428742,0.0082070396491428742,129,0.49999961925997288,1
-303.04982291646633,998.37613991887724,162.23772028036325,0.0018411153918092887,0.0018411153918092887,129.5,0.4999998650183648,1
-302.89732169301317,997.89996414859513,162.27458638370132,0.0034585959306032811,-0.0034585959306032811,130,0.49999998735847184,1
-302.74534745721104,997.42361992526696,162.31654715637382,0.00052919198737801381,0.00052919198737801381,130.5,0.49999998744575785,1
-302.59324719296296,996.94731595186511,162.24426512257151,0.0045170596552711545,0.0045170596552711545,131,0.4999999654627284,1
-302.44023255638859,996.47130499746379,162.12527300392784,0.0030272529476596238,0.0030272529476596238,131.5,0.49999990771603092,1
-302.28649825117111,995.99552590451037,162.07258439268298,0.00065111846636185637,0.00065111846636185637,132,0.4999999818922779,1
-302.13267745132089,995.51977477044522,162.12661022304655,0.0059441143287123979,-0.0059441143287123979,132.5,0.49999998003083734,1
-301.98028374342965,995.04356516947303,162.42544934222175,0.014918793323035124,-0.014918793323035124,133,0.49999942626260929,1
-301.83135659584161,994.56626118911959,162.89964878848974,0.009527956421454516,-0.009527956421454516,133.5,0.49999838494733873,1
-301.68438917767645,994.08834861579362,162.78317356418833,0.017660829966196102,0.017660829966196102,134,0.49999984974515777,1
-301.53321916891042,993.61175385808394,161.91145757729549,0.034489105726234683,0.034489105726234683,134.5,0.49999493460100886,1
-301.37536468680963,993.13732731201287,161.46005333225835,0.0029708556104224787,-0.0029708556104224787,135,0.49999858513423334,1
-301.21821558908965,992.6626678691307,162.08172522046959,0.040434401989779989,-0.040434401989779989,135.5,0.49999742562478927,1
-301.0683918812349,992.18564733708399,162.88850873066932,0.011469499283120578,-0.011469499283120578,136,0.49999573141124959,1
-300.92130454607877,991.70777176038155,162.73450786988786,0.022221488919388289,0.022221488919388289,136.5,0.49999975097196392,1
-300.76974290480956,991.23129967822263,162.04274133351348,0.013073812953774347,0.013073812953774347,137,0.49999657616935178,1
-300.61513680371922,990.75580321891869,162.06649566700912,0.014732495091180933,-0.014732495091180933,137.5,0.49999992930493437,1
-300.46381780074864,990.27925369506124,162.71940704562877,0.017940979614275029,-0.017940979614275029,138,0.49999688933909026,1
-300.316481248608,989.80145488265168,162.89037411874406,0.0060044219295979188,0.0060044219295979188,138.5,0.49999976473662316,1
-300.16773230011574,989.3240953577058,162.40680858818286,0.020837201157714563,0.020837201157714563,139,0.49999836573143897,1
-300.01467386934377,988.84809946076825,162.00863099868673,0.0069611285001968965,0.0069611285001968965,139.5,0.49999897713071439,1
-299.85995926253059,988.37263823865976,162.00788030518328,0.0067011587852765951,-0.0067011587852765951,140,0.49999998329025558,1
-299.70643698347681,987.8967910431877,162.24457763374494,0.009823440680985061,-0.009823440680985061,140.5,0.49999964360436361,1
-299.55525386180716,987.42019583984506,162.57071700042735,0.012945161094524526,-0.012945161094524526,141,0.49999932412653486,1
-299.40672016820258,986.9427679423676,162.78328339922217,0.0021616818002930345,0.0021616818002930345,141.5,0.4999996554254561,1
-299.25766034615515,986.46550455341435,162.43020055188748,0.022489379173230489,0.022489379173230489,142,0.49999917298326718,1
-299.10359910108235,985.98983498769951,161.72284742998414,0.014492025869452023,0.014492025869452023,142.5,0.49999640296778453,1
-298.94626108188055,985.51523550617719,161.73810177706892,0.015557066926591855,-0.015557066926591855,143,0.49999992014759376,1
-298.79254328300709,985.03945567984886,162.52478531294022,0.025698415331238258,-0.025698415331238258,143.5,0.49999560481220379,1
-298.64413423584227,984.56198920317809,162.78251748119493,0.0077034414226802815,0.0077034414226802815,144,0.49999948162449975,1
-298.4938904431578,984.08509967461328,162.09277894400924,0.034427841435988538,0.034427841435988538,144.5,0.49999681968486998,1
-298.33742364763344,983.61021390698681,161.59904446629832,4.399392937902587e-05,4.399392937902587e-05,145,0.49999835039311097,1
-298.18094644186999,983.135331553024,162.09027799728264,0.034341939580503134,-0.034341939580503134,145.5,0.49999836602612907,1
-298.03105586530057,982.65833207694482,162.89266908956415,0.013380641558087757,-0.013380641558087757,146,0.49999568510551251,1
-297.88435024288844,982.18033902449042,162.83611307310005,0.017329085992906848,0.017329085992906848,146.5,0.49999989784198873,1
-297.73397483471507,981.70349095099721,162.17310515984678,0.016951958328116652,0.016951958328116652,147,0.49999684856756849,1
-297.57967776948942,981.22789434982985,161.97299101471154,0.0029807044566641078,-0.0029807044566641078,147.5,0.49999971137910354,1
-297.4260265466113,980.75208915949793,162.28566013258757,0.012558228376144389,-0.012558228376144389,148,0.49999927743822103,1
-297.27513104636273,980.27540258489705,162.55312652967692,0.0061144380422351527,-0.0061144380422351527,148.5,0.49999954239977235,1
-297.12569364051592,979.79825647051803,162.63646956394783,7.3142532933872744e-05,7.3142532933872744e-05,149,0.49999995273322367,1
-296.97629068092289,979.32109955058377,162.57041126941976,0.0045386197496580473,0.0045386197496580473,149.5,0.49999997057630574,1
-296.8258053544842,978.84428310163605,162.37642640592955,0.0090039980961394046,0.0090039980961394046,150,0.49999975946040903,1
-296.67367644019089,978.3679883598727,162.25226754291867,0.0016107845742378126,-0.0016107845742378126,150.5,0.49999988759547004,1
-296.52193165149356,977.89157131085426,162.47041103998848,0.013618824585826484,-0.013618824585826484,151,0.49999968549213375,1
-296.3731456387797,977.41422282630515,162.87809960770892,0.0096229510630535166,-0.0096229510630535166,151.5,0.49999885327930577,1
-296.22662497196677,976.93617302877885,162.98558243762105,0.0021189879461412041,0.0021189879461412041,152,0.4999999147182318,1
-296.07963211617584,976.45826841844621,162.78622793982692,0.0089036715992345458,0.0089036715992345458,152.5,0.49999971623068773,1
-295.93060761300688,975.98099355778595,162.53365778064534,0.0087290469746799434,0.0087290469746799434,153,0.49999959516286108,1
-295.77950451206232,975.50437267063649,162.29158783437612,0.0066425901235999379,0.0066425901235999379,153.5,0.4999996171820611,1
-295.62701207522093,975.02819409931226,162.24020791137917,0.003055597144921836,-0.003055597144921836,154,0.49999997508220428,1
-295.47524742805854,974.5517833959774,162.46666655029472,0.012754286840611024,-0.012754286840611024,154.5,0.49999966638023435,1
-295.32593207075945,974.07459955934416,162.74855368697354,0.0062529817594903087,-0.0062529817594903087,155,0.49999948986910353,1
-295.17810917904791,973.59695078508071,162.82452536635984,0.00094908047586780245,0.00094908047586780245,155.5,0.49999995886934356,1
-295.03020879672528,973.11932598206738,162.76856196655592,0.0009550881254675156,0.0009550881254675156,156,0.49999997554469999,1
-294.88208889499953,972.64176918640214,162.78086766698618,0.0018141956210414017,-0.0018141956210414017,156.5,0.49999999837329429,1
-294.73439394298106,972.16408084378861,162.86634390014495,0.0036970556283127801,-0.0036970556283127801,157,0.49999995152059934,1
-294.58757236682624,971.68612338314199,162.98576817998389,0.0046403284315239528,-0.0046403284315239528,157.5,0.49999990941234418,1
-294.4418551327343,971.20782812142477,163.12433614351977,0.0031731303466437755,-0.0031731303466437755,158,0.49999986969253146,1
-294.29670323831095,970.72936087536186,163.07744049323966,0.006447135015127981,0.006447135015127981,158.5,0.49999997800970764,1
-294.15000991358897,970.2513646406311,162.75508635146389,0.015551297137711277,0.015551297137711277,159,0.49999933193433277,1
-294.00056125930394,969.77422233524578,162.53839121004796,0.00042277787798721054,-0.00042277787798721054,159.5,0.4999996798559187,1
-293.85121350200853,969.29704851273925,162.77931435902218,0.016397293502368619,-0.016397293502368619,160,0.49999960949450645,1
-293.70528381973645,968.81881937880166,163.23341602342867,0.0091220910853012215,-0.0091220910853012215,160.5,0.49999857671270159,1
-293.56151275278842,968.33993541532948,163.2699096400795,0.0065742183271043936,0.0065742183271043936,161,0.49999997016220449,1
-293.41627456927932,967.8614951775254,162.93217836243628,0.01184102129406811,0.01184102129406811,161.5,0.49999919109839086,1
-293.268305942442,967.38389196690753,162.66396161351449,0.0068840466495079826,0.0068840466495079826,162,0.49999954132041258,1
-293.11869931963406,966.90679893671177,162.54466998744471,0.00012910904746770406,0.00012910904746770406,162.5,0.49999990104935949,1
-292.96916594421202,966.42968302946906,162.7078165005604,0.011519299537737454,-0.011519299537737454,163,0.49999981930910542,1
-292.82238347513169,965.9517151138466,163.20423533688955,0.02215546887516218,-0.02215546887516218,163.5,0.49999842159130486,1
-292.67975370250872,965.47249079292999,163.55100908484741,0.0020547402094063965,-0.0020547402094063965,164,0.49999920179583263,1
-292.53761624982599,964.99311977108914,163.32197434344249,0.018045161801503475,0.018045161801503475,164.5,0.49999963203573911,1
-292.39174405936819,964.51487361471675,162.78614911776415,0.01407788300164008,0.01407788300164008,165,0.49999808203024354,1
-292.24252166705008,964.03766058829058,162.536653851094,0.0033406678161724259,0.0033406678161724259,165.5,0.49999959495980034,1
-292.09248468079659,963.56070264430195,162.58309334771178,0.0059009328284307227,-0.0059009328284307227,166,0.49999997757788578,1
-291.943845379506,963.08330779450705,162.86656738657575,0.013889569869116493,-0.013889569869116493,166.5,0.49999948449858789,1
-291.79849455843907,962.60490253700323,163.34315043873488,0.013807333927687824,-0.013807333927687824,167,0.49999845158973155,1
-291.65610607691718,962.12560578744717,163.47936138711194,0.0042976127423828081,0.0042976127423828081,167.5,0.49999985380508932,1
-291.51268843712643,961.64661682639087,163.09839927947797,0.020571490317208018,0.020571490317208018,168,0.49999904421603308,1
-291.36541964214155,961.16879790711005,162.70832847759385,0.0066607326737365396,0.0066607326737365396,168.5,0.49999901759802612,1
-291.21656002022496,960.69147118910689,162.71674711136268,0.0072484149224997059,-0.0072484149224997059,169,0.49999998275681223,1
-291.06900776645989,960.21373904346342,162.93800144474079,0.0053722218376001402,-0.0053722218376001402,169.5,0.49999967057215877,1
-290.92273480050966,959.73561335011482,163.01572469659993,5.3882090909397696e-05,-5.3882090909397696e-05,170,0.49999995920795731,1
-290.77650348603856,959.25747489814603,162.95943870656637,0.0029919914248297849,0.0029919914248297849,170.5,0.49999997658305362,1
-290.62957038620425,958.77955168759138,162.85528584303052,0.0042792470518709788,0.0042792470518709788,171,0.49999993101377982,1
-290.48162534864133,958.30194080988906,162.72635834674222,0.0028044438468205223,0.0028044438468205223,171.5,0.49999988463905926,1
-290.33313084085415,957.82450037378396,162.75691541206231,0.0049377665063395472,-0.0049377665063395472,172,0.49999998887118235,1
-290.18581540273743,957.34669523257651,163.00797248921447,0.011374607086310889,-0.011374607086310889,172.5,0.49999959127162996,1
-290.04061775606687,956.8682420444643,163.17623734722531,0.00037261542757972794,-0.00037261542757972794,173,0.4999998098133745,1
-289.89550924167082,956.38976177155018,163.02932295736349,0.010629271040289805,0.010629271040289805,173.5,0.49999985251816786,1
-289.74808887319261,955.91198944023711,162.67126370286402,0.012452937205714554,0.012452937205714554,174,0.49999916560988655,1
-289.59770071405399,955.43514289040422,162.32305457595288,0.011856665223285859,0.011856665223285859,174.5,0.49999923049603962,1
-289.44463631671312,954.95914828767877,162.08486666456488,1.3768198182858688e-05,-1.3768198182858688e-05,175,0.49999957155689917,1
-289.291634714819,954.48313364257365,162.37442626174317,0.020202320194357717,-0.020202320194357717,175.5,0.49999943253640156,1
-289.14336819778458,954.00562681081965,163.1537869780617,0.021835741530143546,-0.021835741530143546,176,0.49999573442706324,1
-288.99966435984754,953.52672284312757,163.27118315064752,0.013639396461316093,0.013639396461316093,176.5,0.49999980330900967,1
-288.85269920543669,953.04881489420188,162.37491807855989,0.045477628342314266,0.045477628342314266,177,0.49999476422995176,1
-288.69713014924531,952.57363753791071,161.51754609327139,0.014380945935229452,0.014380945935229452,177.5,0.49999525115359084,1
-288.53814633184845,952.09958684967842,161.5506949726676,0.016694527901966051,-0.016694527901966051,178,0.49999990920758308,1
-288.38223081647641,951.62452004512011,162.08319185253828,0.014811164511263851,-0.014811164511263851,178.5,0.49999811672342659,1
-288.22982919163707,951.1483129788985,162.38241598202973,0.0060785670604531277,-0.0060785670604531277,179,0.499999425172729,1
-288.07893132158631,950.67162671694132,162.46894055821252,0.0022104830854441158,-0.0022104830854441158,179.5,0.499999959524566,1
-287.92859588924222,950.19476276507055,162.53674884102645,0.0025233894245932538,-0.0025233894245932538,180,0.49999997081189135,1
-287.77885164999901,949.71771283977978,162.59966595697807,0.00067822761098408559,0.00067822761098408559,180.5,0.49999996840645555,1
-287.62875240240436,949.24077473700629,162.4017746111943,0.01313775287889115,0.01313775287889115,181,0.49999973800558661,1
-287.47552390845294,948.76483455042376,161.8468921913904,0.025600229224066812,0.025600229224066812,181.5,0.4999980325589658,1
-287.31748583247094,948.29046895580461,161.41229836563468,0.0035171046028737085,0.0035171046028737085,182,0.49999875081690776,1
-287.15861353567345,947.81638120085074,161.64599554385259,0.019833184745296599,-0.019833184745296599,182.5,0.49999960608675392,1
-287.00387273165916,947.34093114411291,162.2455763383937,0.012501088296099777,-0.012501088296099777,183,0.49999747287260737,1
-286.85205327188191,946.86453761621408,162.30088943062793,0.0086392318280111621,0.0086392318280111621,183.5,0.49999994179094931,1
-286.69826875490168,946.38877639566715,161.83311508455421,0.01530232220473997,0.01530232220473997,184,0.49999841663664135,1
-286.54116201110514,945.91410056610641,161.61290198358648,7.1783066048690836e-05,7.1783066048690836e-05,184.5,0.49999967211541646,1
-286.38403700093818,945.43943076756182,161.82470114039273,0.012225548436057419,-0.012225548436057419,185,0.49999968647023807,1
-286.22899414763606,944.96407664654691,161.98227350984823,0.0012248910655351364,0.0012248910655351364,185.5,0.49999982672588328,1
-286.0736602351065,944.48881773741493,161.75451412266662,0.014675862840383965,0.014675862840383965,186,0.49999965509094108,1
-285.91541005660071,944.01452244498364,161.40294166670111,0.0048837130579737738,0.0048837130579737738,186.5,0.49999914341886831,1
-285.75601343847154,943.5406103827878,161.49418140368783,0.011253743777582651,-0.011253743777582651,187,0.4999999245657194,1
-285.59917990553913,943.06584550509808,161.96409840929743,0.014730707071997527,-0.014730707071997527,187.5,0.4999984461373837,1
-285.44567682096817,942.58999220515329,162.22405313485854,0.0034179256074964573,-0.0034179256074964573,188,0.4999995600409492,1
-285.29298825423086,942.11387649914991,162.16335740400092,0.0059748849214521565,0.0059748849214521565,188.5,0.49999996391539353,1
-285.13928940776219,941.63808601624714,162.05144119720842,0.0018382718085967701,0.0018382718085967701,189,0.49999991902664154,1
-284.9851532894474,941.16243692787475,162.05803402987715,0.0022985467905335968,-0.0022985467905335968,189.5,0.49999999823864094,1
-284.83143035126733,940.6866541730891,162.12163829107482,0.0009636025742610991,-0.0009636025742610991,190,0.49999997147413866,1
-284.67793389527606,940.21079827449898,162.10861313000845,0.0018729239991496739,0.0018729239991496739,190.5,0.49999999822488378,1
-284.52401897585202,939.7350776025678,162.03618463754322,0.0013006579608971058,0.0013006579608971058,191,0.49999996012396536,1
-284.36984557103779,939.25944060538029,162.06737116680159,0.0034779109385591127,-0.0034779109385591127,191.5,0.49999999184556138,1
-284.21649897887556,938.78353657897378,162.23348874542677,0.0069858759036833893,-0.0069858759036833893,192,0.49999981967766322,1
-284.06448442777651,938.3072052779421,162.33366406365178,7.697916020309702e-06,-7.697916020309702e-06,192.5,0.49999993208837423,1
-283.9124717156443,937.83087338944244,162.23393257312338,0.0069701901924011525,0.0069701901924011525,193,0.49999993265143455,1
-283.75913043515527,937.35496762343519,162.09387808151843,0.00094137616849517968,-0.00094137616849517968,193.5,0.49999984642094741,1
-283.60602583778586,936.87898581458569,162.30594957008398,0.013864502165273622,-0.013864502165273622,194,0.49999970009119687,1
-283.45615538739844,936.40197744893896,162.82387277740148,0.015250290101447782,-0.015250290101447782,194.5,0.49999813279280286,1
-283.30965777834422,935.92392078075261,163.02170403442142,0.0014384663089997782,0.0014384663089997782,195,0.49999972745596793,1
-283.16281644359208,935.44596984204441,162.74153280358632,0.017746603378976329,0.017746603378976329,195.5,0.49999947740357042,1
-283.01272271753135,934.96903068058077,162.36445269162152,0.0085783766388731891,0.0085783766388731891,196,0.49999909033960016,1
-282.86058442767063,934.49273891038013,162.25001993748845,0.00058929138512787038,-0.00058929138512787038,196.5,0.49999990960260016,1
-282.70850827786262,934.0164272821919,162.35378825579232,0.0048736605328687224,-0.0048736605328687224,197,0.49999992248774283,1
-282.55757846861457,933.5397512618531,162.51460441638977,0.0063534355872963879,-0.0063534355872963879,197.5,0.49999983568566359,1
-282.40816143143837,933.06259899002271,162.71458398214838,0.0069467938100398292,-0.0069467938100398292,198,0.49999974151134852,1
-282.26034508554835,932.58494833994052,162.88486624546064,0.0049411480930269258,-0.0049411480930269258,198.5,0.4999998156361759,1
-282.11370923239195,932.10693385748675,162.99769173731113,0.0029355806604005044,-0.0029355806604005044,199,0.49999991886644618,1
-281.96762288468926,931.62875107461389,162.99079093809485,0.004016727185424035,0.004016727185424035,199.5,0.49999999482114815,1
-281.8205761468792,931.15086308335844,162.76635949825365,0.011651683602849867,0.011651683602849867,200,0.49999967528663686,1
-281.67085446466547,930.67380703737547,162.3990265019616,0.0088218720230214473,0.0088218720230214473,200.5,0.49999905313292681,1
-281.51912877492441,930.19738361978659,162.33324673145111,0.0042294537446403591,-0.0042294537446403591,201,0.49999995775446193,1
-281.36840949659501,929.72064146002867,162.63664930958774,0.014634486033702839,-0.014634486033702839,201.5,0.49999938775040648,1
-281.22061396706732,929.24298478519415,162.93806591901298,0.006408392617916597,-0.006408392617916597,202,0.49999941756200006,1
-281.07434955784134,928.76485646635808,163.00383152192754,0.0018169985889205664,0.0018169985889205664,202.5,0.49999996667923013,1
-280.92779586863412,928.28681677505688,162.90336212520663,0.0035941917286206977,0.0035941917286206977,203,0.4999999302795945,1
-280.7803885805294,927.80903959831051,162.80549573386543,0.0032381597132789359,0.0032381597132789359,203.5,0.49999993920611702,1
-280.63221049945201,927.3315008992173,162.72029599902663,0.002424085714244649,0.002424085714244649,204,0.49999995284340304,1
-280.4834654982966,926.85413844734194,162.67340178985324,0.00084975153928698425,0.00084975153928698425,204.5,0.49999998582918548,1
-280.33451768281765,926.37683921428209,162.67159921864601,0.0006963366358769946,-0.0006963366358769946,205,0.50000000961547419,1
-280.18569132791777,925.89950211935559,162.69680424630505,0.0010633066597983336,-0.0010633066597983336,205.5,0.49999998610565316,1
-280.03711877021379,925.42208596232979,162.73252222107453,0.0014302786115100957,-0.0014302786115100957,206,0.49999999189198341,1
-279.88893127660316,924.94455016556174,162.80221517588564,0.0042459181908124817,-0.0042459181908124817,206.5,0.49999997045749944,1
-279.74176324586659,924.46669938839557,162.98154232021653,0.0082734214766529666,-0.0082734214766529666,207,0.49999979450914733,1
-279.59655214628935,923.98825061141429,163.25043131659766,0.0061724068381033056,-0.0061724068381033056,207.5,0.49999949563506019,1
-279.45252560697907,923.509443442053,163.18641987507576,0.010641655170634421,0.010641655170634421,208,0.49999994945746595,1
-279.30595389923838,923.03141120495604,162.6406596041042,0.027459726853335777,0.027459726853335777,208.5,0.49999808521027478,1
-279.15420045359775,922.55499835084754,162.13451504189479,0.0058296166988182881,0.0058296166988182881,209,0.49999831582077453,1
-279.00105869209199,922.07902843560578,162.30824918832019,0.01795943505694576,-0.01795943505694576,209.5,0.49999975933228119,1
-278.85185304735421,921.60181282918427,162.95252596398998,0.01672815668108989,-0.01672815668108989,210,0.49999705942521772,1
-278.70652547638173,921.12339921778675,163.16376116899579,0.0019803588774993256,0.0019803588774993256,210.5,0.4999996864550752,1
-278.56073152696615,920.64512790581853,162.85245657196162,0.015822949656373118,0.015822949656373118,211,0.49999932353754467,1
-278.41168887059558,920.16785914909656,162.49373091919256,0.0092206928333483148,0.0092206928333483148,211.5,0.4999991795602563,1
-278.26044722825395,919.69128199970044,162.32414493827281,0.0026187831445956484,0.0026187831445956484,212,0.49999981370469188,1
-278.10857881417166,919.2149040205685,162.34250025584669,0.0038867043492599555,-0.0038867043492599555,212.5,0.49999999419769942,1
-277.95763653629649,918.7382320576985,162.54681067320371,0.010376938026333975,-0.010376938026333975,213,0.49999973143641302,1
-277.80908680488017,918.26080958149078,162.87491846454418,0.0078267151063378775,-0.0078267151063378775,213.5,0.49999924349160169,1
-277.66230071154894,917.78284115642782,162.92223426223111,0.0045233640186759169,0.0045233640186759169,214,0.49999997255260464,1
-277.51443519329536,917.30520616775982,162.61939847557011,0.014426358002196573,0.014426358002196573,214.5,0.49999939388791431,1
-277.36379777577179,916.82843793500263,162.36523289020136,0.0033178684573045725,0.0033178684573045725,215,0.49999957932441175,1
-277.21236950755173,916.35191989459781,162.42929218603803,0.0077901115002807974,-0.0077901115002807974,215.5,0.49999996324736712,1
-277.06253591471034,915.87489845029381,162.6811133336156,0.0063423418736229774,-0.0063423418736229774,216,0.49999956386944361,1
-276.91420141524014,915.39740832663483,162.7739854381561,0.0001413930725247622,-0.0001413930725247622,216.5,0.49999994192493918,1
-276.76591282608803,914.91990392439084,162.70101280317454,0.0038390764088518394,0.0038390764088518394,217,0.49999995983511786,1
-276.61676719582908,914.44266656222158,162.58795294036196,0.0040539953131265441,0.0040539953131265441,217.5,0.49999991887560624,1
-276.46665451590053,913.96573250690165,162.46873577006397,0.0042689362909756326,0.0042689362909756326,218,0.49999990979923847,1
-276.31568454198481,913.48906906379443,162.40304294610445,0.00018442864840850567,0.00018442864840850567,218.5,0.4999999710189364,1
-276.16467061511861,913.01241953529563,162.45822892065928,0.0040371139375825959,-0.0040371139375825959,219,0.49999997912567451,1
-276.01450480016285,912.53550220821444,162.56451593045003,2.5740971661717115e-06,2.5740971661717115e-06,219.5,0.49999990885159057,1
-275.86430008456421,912.05859717518831,162.42440105111879,0.0097794561765565738,0.0097794561765565738,220,0.49999986711370509,1
-275.71177541334862,911.58243004898327,162.02124988258953,0.013866834382768419,0.013866834382768419,220.5,0.49999890740659708,1
-275.55648474879064,911.10715681777651,161.87330345817514,0.0035378767739247881,-0.0035378767739247881,221,0.49999983480054305,1
-275.40203529351226,910.63161022795691,162.22397238461809,0.020943949380585327,-0.020943949380585327,221.5,0.49999919332418968,1
-275.25174069625268,910.15473504004638,162.70800590508554,0.0073392846626417919,-0.0073392846626417919,222,0.4999984108076016,1
-275.10318828656062,909.67731268548357,162.62746805170866,0.012962216809065509,0.012962216809065509,222.5,0.49999992306160368,1
-274.9516602649814,909.20082869703515,162.06385833561393,0.016902139024928719,0.016902139024928719,223,0.49999773256628843,1
-274.79641017087823,908.72554238583098,161.84621611011249,0.001707195541762534,-0.001707195541762534,223.5,0.49999966933700213,1
-274.64156589285636,908.25012405618111,162.16110009552051,0.019180110541623371,-0.019180110541623371,224,0.49999933860274853,1
-274.49014532543106,907.77360439471909,162.5179884941725,0.0057353949651214814,-0.0057353949651214814,224.5,0.49999917599860128,1
-274.34009167931345,907.29665169001089,162.48972528422331,0.0077085557868186499,0.0077085557868186499,225,0.49999997924165335,1
-274.18842616050063,906.82020968691586,162.20041662005212,0.0079175176659586847,0.0079175176659586847,225.5,0.49999941190962099,1
-274.03490860677039,906.34436070895799,162.07063572571639,0.0011429483102762534,0.0011429483102762534,226,0.49999988912685095,1
-273.88111323939472,905.86860135937536,162.12632575167038,0.0031969321320290509,-0.0031969321320290509,226.5,0.4999999737415034,1
-273.72791124818758,905.39265058999297,162.17360164132202,0.00010353679683551404,-0.00010353679683551404,227,0.49999998498552478,1
-273.57473389599471,904.91669188685034,162.13225827085319,0.0029898277598493193,0.0029898277598493193,227.5,0.49999998832202641,1
-273.42108697503937,904.44088455781684,162.10642973414838,0.0025833576533248258,-0.0025833576533248258,228,0.49999999068104989,1
-273.26805655528761,903.96487879555434,162.28412099119379,0.0098219342973151387,-0.0098219342973151387,228.5,0.49999979507646347,1
-273.11730031403999,903.48814848833024,162.61448364062625,0.0082116048158524246,-0.0082116048158524246,229,0.49999923010050468,1
-272.96835269317046,903.01084923421615,162.65971737676711,0.005053621223377801,0.005053621223377801,229.5,0.49999997174055733,1
-272.81819972899456,902.5339285270968,162.32533576711683,0.017410604101865516,0.017410604101865516,230,0.49999927352950063,1
-272.66493495316757,902.05799849050015,162.04803115210947,0.0019492578629180491,0.0019492578629180491,230.5,0.49999949124392612,1
-272.51120629075501,901.58221775997993,162.21364863958883,0.013511973292116944,-0.013511973292116944,231,0.49999980518147885,1
-272.36044367886223,901.10549021810994,162.67643835590081,0.012657197541746136,-0.012657197541746136,231.5,0.49999851431993203,1
-272.21264527668149,900.62783412405702,162.88581069635228,0.0019600955068416609,-0.0019600955068416609,232,0.49999971187298681,1
-272.06531847786727,900.15003212693875,162.79493481482416,0.0065878557422159641,0.0065878557422159641,232.5,0.49999993409904181,1
-271.91663572124213,899.67265050630476,162.60615561276694,0.0065914005146431491,0.0065914005146431491,233,0.49999977383673422,1
-271.76638047046129,899.19576149069417,162.41727643460973,0.0065948352945539822,0.0065948352945539822,233.5,0.49999977359720593,1
-271.6146694997974,898.71933347227753,162.28067294254288,0.0020225012489873601,0.0020225012489873601,234,0.49999987535216978,1
-271.46247862431727,898.24305841423643,162.30470629760595,0.0037003542986767833,-0.0037003542986767833,234.5,0.49999999349145841,1
-271.31115309669349,897.76650791189263,162.4769381098865,0.0064532917640846652,-0.0064532917640846652,235,0.49999979659470123,1
-271.16128634816641,897.28949658003944,162.62888022519473,0.0041542799571574985,-0.0041542799571574985,235.5,0.49999985303041106,1
-271.01241071406548,896.8121748875858,162.71496181153549,0.001855363374239468,-0.001855363374239468,236,0.49999995251576229,1
-270.86403961298544,896.33469608747862,162.75806771659887,0.0012028763706254883,-0.0012028763706254883,236.5,0.49999998818749553,1
-270.71595571200851,895.85712813000634,162.78390286466981,0.00060075585963900052,-0.00060075585963900052,237,0.49999999573278481,1
-270.56800995769294,895.37951735389004,162.78899810870351,0.00044645063514672567,0.00044645063514672567,237.5,0.49999999968242514,1
-270.41995459628185,894.90194055080212,162.75593862086566,0.0018615314041094311,0.0018615314041094311,238,0.49999999289023772,1
-270.27145538776028,894.42450160086457,162.6840493098469,0.0023196214233070461,0.0023196214233070461,238.5,0.49999996584900236,1
-270.12260735138358,893.94717125903344,162.70729779315303,0.003942694180010484,-0.003942694180010484,239,0.49999999316582849,1
-269.97470067403179,893.46954865618068,162.90995382184968,0.010205448032301981,-0.010205448032301981,239.5,0.49999973596102204,1
-269.82904382110746,892.99123544188865,163.19507609608323,0.0068239623860631522,-0.0068239623860631522,240,0.4999994497698908,1
-269.685005136651,892.51243193002438,163.2834392712704,0.00065495777249682818,0.00065495777249682818,240.5,0.49999994559350425,1
-269.54082146093282,892.03367209941814,163.17240800940732,0.0044920490355796856,0.0044920490355796856,241,0.49999990774570946,1
-269.39574930761648,891.5551806676425,163.11973892500436,0.0008150685109833064,-0.0008150685109833064,241.5,0.49999997995053719,1
-269.25087218355264,891.07663019610072,163.21910915272281,0.0061222981004181295,-0.0061222981004181295,242,0.49999993488986494,1
-269.10721295825891,890.59771279075756,163.36824002087644,0.0032142507737360423,-0.0032142507737360423,242.5,0.49999985415260612,1
-268.96432271648524,890.11856524508687,163.40095605475193,0.0009302243740456354,0.0009302243740456354,243,0.49999999171637904,1
-268.82121331493357,889.63948315059588,163.31799732342216,0.0045799635706779045,0.0045799635706779045,243.5,0.49999995407434966,1
-268.67701566966434,889.16072763273405,163.14386216897503,0.0075769571239036795,0.0075769571239036795,244,0.49999980678430023,1
-268.53100538581231,888.68252206264344,162.88391729425243,0.010345063586788696,0.010345063586788696,244.5,0.49999957025605118,1
-268.383167338318,888.20487801703973,162.78608720008231,0.0035150746508602355,-0.0035150746508602355,245,0.49999992258760173,1
-268.23616919002313,887.7269753497294,163.08533650424638,0.017377065254592042,-0.017377065254592042,245.5,0.49999941502410788,1
-268.09308897987705,887.24788667070266,163.63042299458567,0.012698873364246048,-0.012698873364246048,246,0.4999979089026656,1
-267.9529493872426,886.76792750001243,163.72664757273353,0.0059806655434815458,0.0059806655434815458,246.5,0.49999991095338864,1
-267.81138101564193,886.28838900633139,163.30034986509958,0.019082980498596511,0.019082980498596511,247,0.49999877075804261,1
-267.66608484479298,885.8099661844808,162.99231049928949,0.0024225752578255965,0.0024225752578255965,247.5,0.49999937373045283,1
-267.52020913489497,885.33171931159586,163.16154034243272,0.01423745126261361,-0.01423745126261361,248,0.49999979416242729,1
-267.3773440717647,884.85256565819009,163.60228710341343,0.010183880834170983,-0.010183880834170983,248.5,0.49999864983349462,1
-267.23688596239674,884.37269959604032,163.70486092208603,0.0030226504431735482,0.0030226504431735482,249,0.49999991809033828,1
-267.09572162747543,883.8930411990109,163.45279586185057,0.010395594736090787,0.010395594736090787,249.5,0.49999954729440943,1
-266.95236787767237,883.41403236510462,163.26046634903457,0.0030315447781477881,0.0030315447781477881,250,0.49999976054279138,1
-266.80828815247946,882.93524115186244,163.27909906010916,0.0043323530632751036,-0.0043323530632751036,250.5,0.49999999308957843,1
-266.66495973846622,882.45622456964941,163.38716494254555,0.0016554315604132709,-0.0016554315604132709,251,0.49999992029860152,1
-266.52202607288876,881.97708997105451,163.36985705684839,0.0028637583985040194,0.0028637583985040194,251.5,0.49999999632610148,1
-266.37842908565079,881.49815386772514,163.24298403182306,0.0039687033521203716,0.0039687033521203716,252,0.49999988581613392,1
-266.23395179736303,881.01948248740166,163.18474177253205,9.7384131107200361e-05,9.7384131107200361e-05,252.5,0.49999997717176592,1
-266.08945120006786,880.5408181378765,163.23740421552029,0.0037739234481926225,-0.0037739234481926225,253,0.49999998212500829,1
-265.9456136376258,880.06195415187392,163.31379205454311,0.0014970753941396535,-0.0014970753941396535,253.5,0.49999996145955045,1
-265.80213455227283,879.58298259631658,163.32317133825282,0.0008422760261338081,0.0008422760261338081,254,0.49999999896673819,1
-265.65846330869056,879.10406866255357,163.27172061960601,0.0024008217018883339,0.0024008217018883339,254.5,0.49999998218483832,1
-265.51422230346321,878.62532604946136,163.1896495105687,0.0033288256585021188,0.0033288256585021188,255,0.4999999571793487,1
-265.36918516924345,878.14682405870246,163.08227736155632,0.0035986459789429954,0.0035986459789429954,255.5,0.49999992546290661,1
-265.22341135150231,877.66854591932304,163.03509012012876,0.00030435141869916471,-0.00030435141869916471,256,0.49999998454707439,1
-265.07771032152789,877.19024561403614,163.09971548067077,0.0042073540130386066,-0.0042073540130386066,256.5,0.49999997217314107,1
-264.93289676535875,876.71167593090422,163.21246212070412,0.001487144509225268,-0.001487144509225268,257,0.49999990766333319,1
-264.78842510970304,876.23300284204322,163.16965983013839,0.0044753197201946177,0.0044753197201946177,257.5,0.49999998528763256,1
-264.64289227637329,875.75465159147291,162.9694844048787,0.0067408693333147378,0.0067408693333147378,258,0.49999972449909202,1
-264.49598898844442,875.27671918349904,162.89961797181684,0.0018632338031286939,-0.0018632338031286939,258.5,0.49999996259600854,1
-264.3495310710536,874.79865028257768,163.07624343350233,0.010467658281835735,-0.010467658281835735,259,0.49999979559456892,1
-264.205213997393,874.31993103141792,163.33842503622648,0.0052093558037360939,-0.0052093558037360939,259.5,0.49999953918070822,1
-264.06213955780032,873.84083845824875,163.3659262890335,0.0032893385810033706,0.0032893385810033706,260,0.49999998893061476,1
-263.91829184765044,873.36197776970971,163.16386585107392,0.0091775930659840285,0.0091775930659840285,260.5,0.49999972274337534,1
-263.77231763867519,872.88376127286972,162.87975041050134,0.010657451478344996,0.010657451478344996,261,0.49999948753559964,1
-263.62379727703245,872.4063295757461,162.55323820224612,0.012137369536537957,0.012137369536537957,261.5,0.49999932324037211,1
-263.47288734518804,871.92964730916185,162.38066195142747,0.0011521598529468599,-0.0011521598529468599,262,0.49999979080513707,1
-263.32225235900961,871.4528782686682,162.6204448658855,0.015588336724088695,-0.015588336724088695,262.5,0.49999961703406548,1
-263.1751884151771,870.97499740330102,163.16112712163496,0.013595625913953129,-0.013595625913953129,263,0.49999792505535301,1
-263.03118208894966,870.49618421009245,163.26595529992105,0.0062768411450039082,0.0062768411450039082,263.5,0.499999895984097,1
-262.88567437629882,870.01782649495806,162.80334679522139,0.024057227601149336,0.024057227601149336,264,0.49999859806751146,1
-262.73550707135149,869.54091121240288,162.30462526695027,0.010760112562666086,0.010760112562666086,264.5,0.49999840620729441,1
-262.58277558579704,869.06480934317517,162.18680274570085,0.0025340968423095073,-0.0025340968423095073,265,0.4999998965617744,1
-262.4305016468706,868.58856107326415,162.3669051991013,0.0067110529362827921,-0.0067110529362827921,265.5,0.499999767069364,1
-262.27979885010996,868.11181326976771,162.54390122343381,0.005645560041772202,-0.005645560041772202,266,0.4999998010901166,1
-262.13044202573292,867.63464201834006,162.68967303606945,0.004316890294408425,-0.004316890294408425,266.5,0.49999986417700293,1
-261.98208487454764,867.15715892340086,162.77772471752507,0.001830264875457941,-0.001830264875457941,267,0.49999995026052918,1
-261.83416473378281,866.679540216036,162.79454048344752,0.00065626091560407193,0.00065626091560407193,267.5,0.49999999766875991,1
-261.68598877738572,866.20200087812896,162.69332010603503,0.0074293819300082697,0.0074293819300082697,268,0.49999993330289022,1
-261.53603707961702,865.72501681590552,162.36429700640102,0.015541183712445603,0.015541183712445603,268.5,0.49999930727840708,1
-261.38241434291535,865.24920363547892,161.83806032001894,0.015806014649844765,0.015806014649844765,269,0.49999812789587877,1
-261.22535696798144,864.77451144438896,161.62810370540217,0.0011477136484691296,-0.0011477136484691296,269.5,0.49999969530282351,1
-261.06857209390574,864.29972939346931,161.90382181014922,0.018101555249687647,-0.018101555249687647,270,0.49999949261415072,1
-260.91541400900081,863.8237660979446,162.39351693212171,0.013967933235694348,-0.013967933235694348,270.5,0.49999845765610673,1
-260.76558253853068,863.34674416156872,162.70074834976128,0.0074811990668038654,-0.0074811990668038654,271,0.49999939732667031,1
-260.6175385504485,862.86916392879198,162.8239395627981,0.0012701402041837345,-0.0012701402041837345,271.5,0.49999990114635667,1
-260.46980189760518,862.39148844907459,162.77616181943898,0.0046057546087688393,0.0046057546087688393,272,0.499999982516587,1
-260.32096569553926,861.91415472349956,162.56016172371267,0.010183038926995127,0.010183038926995127,272.5,0.49999970061664895,1
-260.17010723165117,861.43745626232555,162.34323974077398,0.0049610350193241082,0.0049610350193241082,273,0.49999969901225105,1
-260.01806668160367,860.9611332206764,162.27591052723079,0.00026051742274339404,-0.00026051742274339404,273.5,0.4999999688646462,1
-259.8660249870037,860.48481052868715,162.32008105653895,0.0010409420899021909,-0.0010409420899021909,274,0.49999998380072003,1
-259.71421218627182,860.00841481806617,162.31843971558285,0.0011555314524326634,0.0011555314524326634,274.5,0.49999999956412194,1
-259.56212591750199,859.53210636651784,162.25757666800467,0.0018304266863482072,0.0018304266863482072,275,0.49999997416470182,1
-259.40980713057127,859.05587221122562,162.30198139573292,0.0049304893672846755,-0.0049304893672846755,275.5,0.49999998351893848,1
-259.2586629541899,858.57926432814531,162.54007739000048,0.011691785493149975,-0.011691785493149975,276,0.49999963626815885,1
-259.11000225537305,858.10187618287819,162.82364427160775,0.0044999689870841818,-0.0044999689870841818,276.5,0.4999994446139952,1
-258.96240299041671,857.62415824073571,162.77992382750401,0.0075523267370099711,0.0075523267370099711,277,0.49999997526049378,1
-258.81303064093231,857.14699262872841,162.4243310091187,0.012288026511944829,0.012288026511944829,277.5,0.49999912007201275,1
-258.66101721752722,856.67066116296587,162.22844308364358,0.001387720158506399,0.001387720158506399,278,0.49999974617076326,1
-258.50867326354035,856.19443514159786,162.34481512304512,0.0095120889724939015,-0.0095120889724939015,278.5,0.49999990374434583,1
-258.35829028313196,855.71758677582989,162.64958058486792,0.010695243846617538,-0.010695243846617538,279,0.49999940473174448,1
-258.21045886341295,855.23994122042245,162.95571217622654,0.010676749402010348,-0.010676749402010348,279.5,0.49999940525626152,1
-258.06511615906982,854.76153237013068,163.21290573512408,0.0034529257141574484,-0.0034529257141574484,280,0.49999952974304945,1
-257.92050779244312,854.28290066804675,163.0915075807622,0.011928676632849114,0.011928676632849114,280.5,0.49999988593818917,1
-257.77304836627968,853.80514163333964,162.5323155253806,0.024536499654073358,0.024536499654073358,281,0.49999797760462511,1
-257.6209390337994,853.32884152351073,162.15322503892392,0.0019303274722280493,0.0019303274722280493,281.5,0.49999904364971548,1
-257.46836988447563,852.85268802629218,162.4216977587256,0.020674338576019961,-0.020674338576019961,282,0.49999949823857937,1
-257.32024173212687,852.37513685189856,163.06412836833866,0.013624613402064284,-0.013624613402064284,282.5,0.49999707367442475,1
-257.17528684664944,851.89660993050438,163.1189199528992,0.0097991506640118086,0.0097991506640118086,283,0.49999993332276027,1
-257.02801658490341,851.4187928546171,162.54170657693606,0.022213762249321096,0.022213762249321096,283.5,0.49999768799887667,1
-256.87619918342597,850.94239939819045,162.20653912101119,0.0011862620512364487,0.0011862620512364487,284,0.49999924871692886,1
-256.72409915152906,850.46609583022496,162.47373281941353,0.019840824989013354,-0.019840824989013354,284.5,0.49999950855945263,1
-256.57595611843442,849.98854816059918,163.00260683239947,0.011840903933425816,-0.011840903933425816,285,0.49999813501601326,1
-256.43063420005728,849.5101326406525,163.13565129334717,0.0025522326286798146,0.0025522326286798146,285.5,0.4999998696866455,1
-256.28475817295885,849.03188606200081,162.90392980866432,0.0091308010866593698,0.0091308010866593698,286,0.49999960527391785,1
-256.13683951774112,848.55426717083071,162.69964271638767,0.0051310812926231575,0.0051310812926231575,286.5,0.49999973376390022,1
-255.98769593545305,848.07702913664366,162.60994039507011,0.00113685231422885,0.00113685231422885,287,0.4999999494124403,1
-255.83817370417819,847.59990955093497,162.59574195265319,0.00014561637487637465,-0.00014561637487637465,287.5,0.49999999671224632,1
-255.68868621175088,847.12277908005694,162.61828370169161,0.0014280957372672881,-0.0014280957372672881,288,0.49999999663249006,1
-255.53949776241348,846.64555502693554,162.65254753791035,0.00019944036014643877,0.00019944036014643877,288.5,0.49999999029331882,1
-255.39024940807866,846.16834971770629,162.59575646655992,0.0037653158956706795,0.0037653158956706795,289,0.49999997842823252,1
-255.2401069564869,845.69142510273821,162.44409505367963,0.0047680802709426963,0.0047680802709426963,289.5,0.49999984413241538,1
-255.08909220489849,845.21477582164744,162.44148473295363,0.0045858682171179433,-0.0045858682171179433,290,0.49999999236165771,1
-254.9391709291553,844.73778194686838,162.70685503243976,0.013940607528917012,-0.013940607528917012,290.5,0.49999954549699749,1
-254.79219436453974,844.25987290482203,163.05598637402829,0.0061271162371315958,-0.0061271162371315958,291,0.49999916301514929,1
-254.64666796630632,843.78151942753504,163.03727359363432,0.0074335245068536168,0.0074335245068536168,291.5,0.49999998181534205,1
-254.49941113356894,843.30369675778786,162.67698353867246,0.011756942669470279,0.011756942669470279,292,0.4999990785113228,1
-254.34962623212871,842.82665974496717,162.5191198756055,0.00073580604916722691,-0.00073580604916722691,292.5,0.49999982830031431,1
-254.20001687408063,842.34956774908721,162.71914250940566,0.013228549629909015,-0.013228549629909015,293,0.4999997325482109,1
-254.05276567556976,841.87174282552837,162.97479348388259,0.0035723728454372106,-0.0035723728454372106,293.5,0.49999957303671916,1
-253.90636799031145,841.39365529092618,162.92308413726192,0.0071824302220082712,0.0071824302220082712,294,0.49999997299099541,1
-253.75835851326039,840.91606487328499,162.63683791656723,0.0078441732567923854,0.0078441732567923854,294.5,0.49999941231926148,1
-253.60857026909309,840.43902879720451,162.54217268377994,0.0012352139345140427,-0.0012352139345140427,295,0.49999993597297976,1
-253.45907584789691,839.96190068160934,162.70471411497181,0.0084258179276541119,-0.0084258179276541119,295.5,0.4999998206601548,1
-253.31109274603739,839.48430157589951,162.82341815111016,0.00013868811726160818,0.00013868811726160818,296,0.4999999042107845,1
-253.16307652658699,839.00671274582135,162.69676647429219,0.0087033363758000186,0.0087033363758000186,296.5,0.49999989183580373,1
-253.01320892260284,838.52970199989829,162.44347669752412,0.0051542262803192891,0.0051542262803192891,297,0.49999955044981492,1
-252.86213450876249,838.0530716269119,162.42673663590011,0.0039855287070283338,-0.0039855287070283338,297.5,0.49999999097035197,1
-252.71200154407904,837.57614424917972,162.6583369329116,0.0091056944552596209,-0.0091056944552596209,298,0.4999996307150007,1
-252.5637351840993,837.09863304994155,162.80447569289743,0.00109676858569586,-0.00109676858569586,298.5,0.49999985889949372,1
-252.41573068146349,836.62104052738812,162.72117821815647,0.0069120729348514272,0.0069120729348514272,299,0.49999995039942702,1
-252.26634261231669,836.14387917924728,162.52627224952647,0.0048087965857969064,0.0048087965857969064,299.5,0.49999974736292718,1
-252.11581082890112,835.6670771812087,162.45184845781881,0.00038698539242555105,0.00038698539242555105,300,0.49999996315185524,1
-251.9651753781306,835.19030790050851,162.49281192613233,0.0018715879464784454,-0.0018715879464784454,300.5,0.49999998604820745,1
-251.81492551528822,834.71341695693695,162.5247060712033,0.00035504061748206346,-0.00035504061748206346,301,0.49999999334472578,1
-251.66476031072929,834.23649934319917,162.51315414466808,0.0011615185993740565,0.0011615185993740565,301.5,0.49999999895356645,1
-251.51436698712146,833.75965362387944,162.47739055562147,0.0012106275307594474,0.0012106275307594474,302,0.49999999181935662,1
-251.36368508868566,833.28289901363553,162.44395605006014,0.001123539919827237,0.001123539919827237,302.5,0.49999999290504638,1
-251.21275217581044,832.8062238071617,162.42602859308857,0.00091598909388434027,-0.00091598909388434027,303,0.4999999966558657,1
-251.06206309902066,832.32947151105031,162.51362588078649,0.0051994878447325418,-0.0051994878447325418,303.5,0.49999994971123018,1
-250.91261403479203,831.8523292943994,162.72389478300278,0.0092918788973246572,-0.0092918788973246572,304,0.49999971770928642,1
-250.76493191819245,831.37463710182692,162.88095823057904,0.0016732729453543651,-0.0016732729453543651,304.5,0.4999998384080066,1
-250.61764947238311,830.89682139221043,162.81976778854352,0.0059452118631673099,0.0059452118631673099,305,0.49999997119989287,1
-250.46900861115924,830.419426894053,162.58244970518652,0.0079396657200690359,0.0079396657200690359,305.5,0.49999961249620084,1
-250.31852009207628,829.94261142311257,162.39991751948745,0.0048035101901119136,0.0048035101901119136,306,0.49999978770388676,1
-250.16688678343985,829.46615860871282,162.30733279820959,0.0015662956052166067,0.0015662956052166067,306.5,0.49999994463747116,1
-250.01492413162103,828.989810681069,162.32721175627142,0.0029541335496088769,-0.0029541335496088769,307,0.49999999571836495,1
-249.86366528939351,828.51323894537938,162.47659413857269,0.0074747433736790355,-0.0074747433736790355,307.5,0.49999985661020391,1
-249.71409019602007,828.03613627425614,162.69388080801747,0.0045284647861994149,-0.0045284647861994149,308,0.49999966735050161,1
-249.56555633881581,827.55870807380552,162.70266817412494,0.0039149781921905529,0.0039149781921905529,308.5,0.49999999332148953,1
-249.41608914446016,827.08157160617247,162.47243723648614,0.010463386464542873,0.010463386464542873,309,0.49999965093376791,1
-249.26463650911916,826.60506145858926,162.30842966877992,0.0009865809622939183,0.0009865809622939183,309.5,0.49999982150147765,1
-249.1129488024778,826.12862598704271,162.41590938125967,0.0084901625978886005,-0.0084901625978886005,310,0.49999991889389189,1
-248.96311275292655,825.65160542895853,162.69283679937209,0.0062608125710135187,-0.0062608125710135187,310.5,0.49999945457976863,1
-248.81472465330026,825.17413191798437,162.73241539512307,0.0034976657153089896,0.0034976657153089896,311,0.49999998179269617,1
-248.665503734059,824.69691839350992,162.49738780772867,0.010721107829764136,0.010721107829764136,311.5,0.49999963068039677,1
-248.51420180903997,824.22036040830415,162.31657797468296,0.0019018732097709995,0.0019018732097709995,312,0.49999978577780274,1
-248.36244671911496,823.74394635185854,162.38841688348163,0.006917251334751592,-0.006917251334751592,312.5,0.49999996049710549,1
-248.21218883299792,823.26705834647862,162.62746584664353,0.006405501965495543,-0.006405501965495543,313,0.49999960201543858,1
-248.06343171431342,822.78969972623349,162.72821895694028,0.00062844220936440515,-0.00062844220936440515,313.5,0.49999993268164133,1
-247.91482467781532,822.31229432275916,162.66365326809262,0.0050751598780839988,0.0050751598780839988,314,0.49999997056324191,1
-247.76501661015254,821.8352647348147,162.44170845457217,0.010419642843866938,0.010419642843866938,314.5,0.49999968491121421,1
-247.61272551582687,821.35902264575952,162.0666480718404,0.015764387640772724,0.015764387640772724,315,0.49999910479774939,1
-247.45697595956014,820.88390045117671,161.6949456694293,0.0048515182946693783,0.0048515182946693783,315.5,0.49999902406151475,1
-247.30010785075447,820.40914550740752,161.82597887663667,0.014000294305934503,-0.014000294305934503,316,0.49999986019354231,1
-247.14655792220211,819.9333098315974,162.47802924116246,0.025756617311216284,-0.025756617311216284,316.5,0.4999971709241039,1
-246.99834445212755,819.45578355002147,162.94549287787066,0.0068797239041437303,-0.0068797239041437303,317,0.49999858230526784,1
-246.85177421901668,818.97774892593429,162.87226880877887,0.01199182201761465,0.01199182201761465,317.5,0.49999993506033719,1
-246.70271588079049,818.50048548408176,162.45230366701603,0.011440643648894529,0.011440643648894529,318,0.49999878112218749,1
-246.55096041757005,818.02407177586031,162.25343893631347,0.0024428050936537112,0.0024428050936537112,318.5,0.49999974199850356,1
-246.39861948084237,817.54784471591302,162.30580403347997,0.0042713111046494886,-0.0042713111046494886,319,0.49999997362910809,1
-246.24706336488066,817.07136733492609,162.3933226489695,0.0018386234922178782,-0.0018386234922178782,319.5,0.49999995087755272,1
-246.0959453292518,816.59475078383161,162.41114898579855,0.00059411181596106784,0.00059411181596106784,320,0.49999999746952112,1
-245.94472778389729,816.11816579939477,162.38087589679841,0.00088121361184912165,0.00088121361184912165,320.5,0.49999999341370743,1
-245.79330345598004,815.64164647238442,162.36452841214577,0.00026005655717506058,0.00026005655717506058,321,0.49999999609959006,1
-245.64181995418889,815.16514594693581,162.36742400778104,0.00050671633545344653,-0.00050671633545344653,321.5,0.50000000206771411,1
-245.49045742230624,814.68860698792696,162.39384174218668,0.0013375877864521576,-0.0013375877864521576,322,0.49999999551116486,1
-245.33947581352834,814.21194724398902,162.47674002038906,0.0054935976597404205,-0.0054935976597404205,322.5,0.49999995768014643,1
-245.18981011774508,813.73487302008948,162.71544213500988,0.011170870227059879,-0.011170870227059879,323,0.49999963560349725,1
-245.04256193108017,813.25704725805656,162.98014927254405,0.0023267315751343133,-0.0023267315751343133,323.5,0.4999994873381835,1
-244.89583407188746,812.77906113760173,162.81147235827751,0.014103257555903755,0.014103257555903755,324,0.49999979601069261,1
-244.74574823610271,812.30212123348815,162.19008981861612,0.022938758021766176,0.022938758021766176,324.5,0.49999743023247278,1
-244.59125657129326,811.82658795610882,161.95441801355852,0.0064844183661408048,-0.0064844183661408048,325,0.49999957239053833,1
-244.43830326004561,811.35055970074984,162.54799301519512,0.028618594626192161,-0.028618594626192161,325.5,0.49999761531604892,1
-244.29072078999644,810.87283791407356,162.99166690206079,0.0023569859915078587,-0.0023569859915078587,326,0.49999869092928229,1
-244.14370449310931,810.39494090055484,162.6919435313672,0.019134136247568604,0.019134136247568604,326.5,0.49999934708008431,1
-243.99308259834072,809.91816839095554,162.29311121431192,0.0087094094806915833,0.0087094094806915833,327,0.49999898109225699,1
-243.8403855253504,809.4420554519188,162.19263800750377,0.0015524778806525338,-0.0015524778806525338,327.5,0.49999992681800737,1
-243.68802231082609,808.96583570224777,162.3673479848311,0.010644831124869412,-0.010644831124869412,328,0.49999979911688164,1
-243.53819454983861,808.4888132294077,162.7972989882596,0.016506514613813337,-0.016506514613813337,328.5,0.49999879755553617,1
-243.39151797594755,808.01081144255636,162.99250488982995,0.0028781346262756547,0.0028781346262756547,329,0.4999997255614142,1
-243.24415569492351,807.53302120659362,162.63834623586342,0.018582552590692331,0.018582552590692331,329.5,0.49999915144922324,1
-243.09326230767385,807.05633428573651,162.2945414145359,0.0054197382829501506,0.0054197382829501506,330,0.49999923483131625,1
-242.9410765872,806.58005759610296,162.32481096530475,0.0057491735738687795,-0.0057491735738687795,330.5,0.49999997860443857,1
-242.78971906352348,806.10351708842541,162.40577669199405,9.6764616604904218e-05,9.6764616604904218e-05,331,0.49999995543106929,1
-242.63833902654412,805.62698373758337,162.32129437689736,0.0044765393276901266,0.0044765393276901266,331.5,0.4999999500606061,1
-242.48633696795991,805.15064838677063,162.32675415256512,0.0048576906204555693,-0.0048576906204555693,332,0.49999999224773745,1
-242.33549175606672,804.67394591787354,162.59686792842379,0.012063255169007414,-0.012063255169007414,332.5,0.49999952180345419,1
-242.18681783231966,804.19656146087289,162.73832284350971,0.00218762988683087,0.00218762988683087,333,0.49999985538813246,1
-242.03762189772331,803.71934022946482,162.47151403037989,0.0164395874313721,0.0164395874313721,333.5,0.49999953060648888,1
-241.88480712256654,803.24326683422123,161.97030667166808,0.011092917929442853,0.011092917929442853,334,0.49999823316185049,1
-241.72942263484984,802.76802415439317,161.90153590064779,0.0062915837536254605,-0.0062915837536254605,334.5,0.49999994375313167,1
-241.57553256020262,802.29229665161131,162.32520959145484,0.020270233618997383,-0.020270233618997383,335,0.49999881197658563,1
-241.42565350102399,801.8152901367464,162.72988977600883,0.0079818786123930438,-0.0079818786123930438,335.5,0.49999894760273234,1
-241.27767908359959,801.33768827213612,162.78256006590649,0.0043046004224276948,0.0043046004224276948,336,0.49999996929130236,1
-241.12882856190257,800.86035903653408,162.56783925940397,0.0074303794457330112,0.0074303794457330112,336.5,0.4999996769698028,1
-240.97823101504414,800.38357799595792,162.3825383233654,0.0055060335448700367,0.0055060335448700367,337,0.49999978177260934,1
-240.82632220692349,799.90721300254211,162.2538215374372,0.003060562259800394,0.003060562259800394,337.5,0.49999989293667391,1
-240.67373996156903,799.4310631799558,162.23201469449526,0.0015381567628040787,-0.0015381567628040787,338,0.49999999514638299,1
-240.52152398170958,798.95479622021776,162.34195206146762,0.006136929091830624,-0.006136929091830624,338.5,0.49999992146268257,1
-240.3706043041569,798.47811700355294,162.50048795671319,0.0026648222295076059,-0.0026648222295076059,339,0.49999982467276038,1
-240.22030997357086,798.00124007162128,162.48196394818569,0.0039580553309752518,0.0039580553309752518,339.5,0.4999999940148539,1
-240.06908236520957,797.52465854729735,162.28723710278064,0.0070747920653375799,0.0070747920653375799,340,0.49999973885753296,1
-239.91637114065583,797.04855015629687,162.17611171746734,0.00068325602449249162,0.00068325602449249162,340.5,0.49999991808576233,1
-239.76349725695036,796.57249392090296,162.24808841090103,0.0057081859008339788,-0.0057081859008339788,341,0.49999996357661541,1
-239.61184197367837,796.09604829261127,162.43913307942978,0.0064636398998566026,-0.0064636398998566026,341.5,0.49999976166251026,1
-239.46172475635728,795.61911577453748,162.61407506582827,0.0057496324421440863,-0.0057496324421440863,342,0.49999980573239805,1
-239.31297234397124,795.14175576780985,162.76134689566226,0.003570978795354637,-0.003570978795354637,342.5,0.49999985621364273,1
-239.16502459709716,794.66414561724901,162.79242621235295,0.0014012384271658018,0.0014012384271658018,343,0.49999999172387438,1
-239.01674228447064,794.18663930848447,162.6810615431543,0.0063734736837678324,0.0063734736837678324,343.5,0.49999991914779124,1
-238.86734794334609,793.70947972513341,162.58718559439291,0.00077549909274953605,-0.00077549909274953605,344,0.49999993714379809,1
-238.71813890952819,793.23226223284712,162.72666695518973,0.0089621720063925402,-0.0089621720063925402,344.5,0.49999987071686497,1
-238.57098122372935,792.75440875632921,163.0298890544565,0.0061897324418031044,-0.0061897324418031044,345,0.4999993295094724,1
-238.4251426599532,792.27615038200884,162.97638603680099,0.0099251240823810937,0.0099251240823810937,345.5,0.49999995929185798,1
-238.27693296630918,791.79862323114685,162.46123602347103,0.025738750864996648,0.025738750864996648,346,0.49999829309750865,1
-238.12424442625911,791.32250839538517,162.10354445487664,0.00076545206305912716,-0.00076545206305912716,346.5,0.49999912709422745,1
-237.97173824731757,790.84633533754459,162.5051229631286,0.027272557329589199,-0.027272557329589199,347,0.49999891562742332,1
-237.82529714428105,790.36826688630379,163.39045643690471,0.020495058979361658,-0.020495058979361658,347.5,0.49999444069942628,1
-237.68358893292887,789.88876863764358,163.53287103816984,0.010551183000742436,0.010551183000742436,348,0.49999978763279479,1
-237.53935972349987,789.41002616671369,162.80114940476867,0.033955115390475625,0.033955115390475625,348.5,0.49999641831173997,1
-237.38840168977848,788.9333616507854,162.16561634682768,0.010414576993833011,0.010414576993833011,349,0.49999738868336335,1
-237.23496256803722,788.45748732038146,162.20433664491475,0.013117644744063961,-0.013117644744063961,349.5,0.49999994241812329,1
-237.08417403303503,787.98076803691345,162.67679241456824,0.013052350179699876,-0.013052350179699876,350,0.49999845751598526,1
-236.93646767658134,787.50308354748313,162.91255470975017,0.0034070371793756991,-0.0034070371793756991,350.5,0.49999963917899432,1
-236.7895879298261,787.0251438777583,162.88789530255667,0.0023922303702591354,0.0023922303702591354,351,0.49999998790356764,1
-236.6423278382961,786.54732125094597,162.87217238506989,0.001294580719756888,-0.001294580719756888,351.5,0.49999999725125577,1
-236.49537708076485,786.06940345216128,162.96206860017475,0.0049813100162790927,-0.0049813100162790927,352,0.49999994753420496,1
-236.34924135582119,785.59123577414152,163.01006149083867,0.0025814433427786506,0.0025814433427786506,352.5,0.49999997840761656,1
-236.20248833162452,785.11325743072575,162.81290007730945,0.011183208800702279,0.011183208800702279,353,0.49999974688528875,1
-236.0531517768774,784.63608073665773,162.43546056615202,0.0099930568784101417,0.0099930568784101417,353.5,0.49999900394443386,1
-235.90155417261508,784.15961659971151,162.32335834626929,0.0021666485999612241,-0.0021666485999612241,354,0.49999990741397266,1
-235.75047232786866,783.68298895612338,162.55726645628823,0.012517363291989436,-0.012517363291989436,354.5,0.49999963444422046,1
-235.60177527371167,783.205611957835,162.80266445830239,0.0046146457475108324,-0.0046146457475108324,355,0.49999961240964064,1
-235.45417997401012,782.72789277275558,162.82166991875729,0.0032877957151770869,0.0032877957151770869,355.5,0.4999999922869377,1
-235.30590672798087,782.25038372581434,162.67207805556652,0.0051444470082276702,0.0051444470082276702,356,0.49999984539875375,1
-235.15641896432231,781.77325345028817,162.54127714051253,0.0039871633889690342,0.0039871633889690342,356.5,0.49999989130731148,1
-235.0059857358811,781.296420369418,162.4510310882589,0.0008839853394281761,0.0008839853394281761,357,0.49999994323137698,1
-234.85545714847086,780.81961739191763,162.54726188101699,0.0076022738593324703,-0.0076022738593324703,357.5,0.49999993498093476,1
-234.70674225442039,780.34224631696895,162.88661643454981,0.016089061682625173,-0.016089061682625173,358,0.49999926290955599,1
-234.56120047453399,779.86389815863868,163.19024796408075,0.0020857404462051895,-0.0020857404462051895,358.5,0.49999937027007296,1
-234.41615501592378,779.38539888254434,162.99939997666593,0.015410043897755863,0.015410043897755863,359,0.49999974228618754,1
-234.26758335766789,778.90798488479993,162.42668967813989,0.015160079329838563,0.015160079329838563,359.5,0.49999766287373881,1
-234.11562019641872,778.43163729020034,162.28300724992721,0.0051285828437747571,-0.0051285828437747571,360,0.49999983325762698,1
-233.96487844617141,777.95490290037117,162.71659152790289,0.022275296730259863,-0.022275296730259863,360.5,0.49999875371186431,1
-233.81837852509577,777.47684783746865,163.134714123507,0.006915363215091749,-0.006915363215091749,361,0.49999887004061883,1
-233.6735321780703,776.99828800605519,163.11283836996361,0.0084425298324026076,0.0084425298324026076,361.5,0.49999997648910277,1
-233.52693668422086,776.52026180699033,162.79060051553046,0.009759419136591457,0.009759419136591457,362,0.49999928580884717,1
-233.37803321185694,776.04294904323456,162.58077009205988,0.0048895362938451772,0.0048895362938451772,362.5,0.49999971852612873,1
-233.22795600562472,775.56600376806784,162.50282863937082,0.0015858390848237456,0.0015858390848237456,363,0.49999996333432034,1
-233.07744792504872,775.08919426036641,162.46111802022634,0.0013261075217501053,0.0013261075217501053,363.5,0.49999998895315473,1
-232.92662372653692,774.6124846488791,162.42684845608557,0.0010663569800087049,0.0010663569800087049,364,0.49999999254110705,1
-232.77558489187493,774.1358429916387,162.41603389886137,0.00044968491372406088,-0.00044968491372406088,364.5,0.49999999899293318,1
-232.62465330741696,773.65916737031466,162.45285860807755,0.0021211643698996825,-0.0021211643698996825,365,0.49999999115164567,1
-232.47422173063433,773.18233375336411,162.53358807112693,0.0032489032569811361,-0.0032489032569811361,365.5,0.49999995754745946,1
-232.32456000421317,772.70525797125026,162.6353616605245,0.0038562376334320067,-0.0038562376334320067,366,0.49999993423489236,1
-232.17581814504527,772.22789461082925,162.75362972063971,0.0038848163274295871,-0.0038848163274295871,366.5,0.49999991854115455,1
-232.02785451553126,771.75028939549486,162.79764766509044,0.00081178130632592732,0.00081178130632592732,367,0.4999999773735701,1
-231.87969705142217,771.27274430662601,162.70711783728643,0.0055083968573880308,0.0055083968573880308,367.5,0.49999994607399229,1
-231.73037644272884,770.79556173757589,162.5615701743875,0.0021147542152661221,0.0021147542152661221,368,0.49999984838579092,1
-231.58056578047132,770.31853264995004,162.60256854141741,0.0049770136099125759,-0.0049770136099125759,368.5,0.49999998496718934,1
-231.43193005639887,769.84113652022347,162.83063143933055,0.0081168347034678585,-0.0081168347034678585,369,0.49999964314832318,1
-231.28503021260423,769.36320313988392,162.96573370263133,0.0013151368755645731,-0.0013151368755645731,369.5,0.49999988014966518,1
-231.13844464945862,768.88517317247988,162.90598475884531,0.0054864253021056032,0.0054864253021056032,370,0.49999997705902227,1
-230.99080298014238,768.4074684593927,162.76039350384343,0.0032346318443855992,0.0032346318443855992,370.5,0.49999985542416903,1
-230.8423906003749,767.93000248571275,162.72457385818308,0.00073394087402021599,-0.00073394087402021599,371,0.49999999049039351,1
-230.69413011314612,767.45248934330709,162.78233636971791,0.0013421437272479156,-0.0013421437272479156,371.5,0.49999997324343887,1
-230.54612691200535,766.97489636964417,162.76241559063931,0.0027328879160493434,0.0027328879160493434,372,0.4999999960401072,1
-230.39747127550228,766.49750618563894,162.62575235500771,0.0068080133892101883,0.0068080133892101883,372.5,0.49999988604866613,1
-230.24746402159687,766.02053903284639,162.47088331980495,0.0039820980112515551,0.0039820980112515551,373,0.49999984106725365,1
-230.0965073615649,765.54387137923254,162.3975952011734,0.0011343954636699515,0.0011343954636699515,373.5,0.49999996520973361,1
-229.94528800938548,765.06728696333789,162.41093663903087,0.0023577306784366603,-0.0023577306784366603,374,0.49999999794720884,1
-229.79463497312605,764.5905233303223,162.53614663271878,0.006383593733023228,-0.006383593733023228,374.5,0.49999989910040199,1
-229.64550391759994,764.1132817133165,162.77450264157716,0.0088496318547522032,-0.0088496318547522032,375,0.49999963272451031,1
-229.49801981674042,763.63552823700888,162.85733631463091,0.0030666586285650463,0.0030666586285650463,375.5,0.49999994413034432,1
-229.34980342811161,763.15800183398278,162.59878682627624,0.014983740307844119,0.014983740307844119,376,0.49999956344502527,1
-229.19834763020398,762.68149380641012,162.17718995845792,0.0084540654637785592,0.0084540654637785592,376.5,0.49999875905948687,1
-229.04491575599559,762.20561710342747,162.15573198295158,0.0069560051866436262,-0.0069560051866436262,377,0.49999997646473321,1
-228.89313310550958,761.72921295280969,162.56271059182586,0.01778271013586245,-0.01778271013586245,377.5,0.49999888771317202,1
-228.7451198438477,761.25162415976058,162.96244340744536,0.010123867795415135,-0.010123867795415135,378,0.49999898087285133,1
-228.59952578972357,760.77329147226362,163.14278062486716,0.0024663729762211505,-0.0024663729762211505,378.5,0.49999978852431926,1
-228.45443090007868,760.2948069695517,163.06055956622129,0.0091861346970673573,0.0091861346970673573,379,0.49999994633653644,1
-228.30713700151404,759.81699611243562,162.61185531463369,0.022139959121439835,0.022139959121439835,379.5,0.49999870773070648,1
-228.15508481437408,759.34067905285997,162.04220582645661,0.011887917699404392,0.011887917699404392,380,0.49999780885203621,1
-228.00022185871802,758.86526618815742,161.95771688879091,0.0059889826189918728,-0.0059889826189918728,380.5,0.49999992695920792,1
-227.84675794093818,758.38940094288103,162.35422444447352,0.016553890751465922,-0.016553890751465922,381,0.49999890572110567,1
-227.69689853509161,757.91238810452603,162.73218987817697,0.009833062907786282,-0.009833062907786282,381.5,0.49999908947534605,1
-227.54938599887473,757.43464358125732,162.91762734580391,0.0031130938349903246,-0.0031130938349903246,382,0.49999977785433525,1
-227.40270229546283,756.95664370149802,162.94755169553852,0.00048412200836299343,0.00048412200836299343,382.5,0.49999999389652955,1
-227.25590366911422,756.47867911848573,162.89150417057706,0.003428747310817405,0.003428747310817405,383,0.49999997931195567,1
-227.10829184867302,756.00096515485779,162.7567038841739,0.0053523961606814557,0.0053523961606814557,383.5,0.49999988057906192,1
-226.95942697357847,755.52364022169047,162.59935014442107,0.0056329625191531554,0.0056329625191531554,384,0.49999984286008053,1
-226.80921831975834,755.04673647174081,162.43395931054386,0.0059134863021686026,0.0059134863021686026,384.5,0.49999982639846968,1
-226.65792590709302,754.57017526564221,162.38929740484042,0.0036581313486986349,-0.0036581313486986349,385,0.49999997728825574,1
-226.50750584160545,754.09333841705984,162.64475145394351,0.01417617652894918,-0.01417617652894918,385.5,0.49999957626706609,1
-226.3603542077303,753.61548399181356,163.11184696511185,0.011178504753446524,-0.011178504753446524,386,0.49999845507719132,1
-226.2156953725389,753.13686747166548,163.16485221268397,0.0074779000669458117,0.0074779000669458117,386.5,0.49999995195758568,1
-226.06924837140056,752.65879658322649,162.68335948359359,0.026136967409126952,0.026136967409126952,387,0.49999849851300632,1
-225.91812287937483,752.18218380188227,162.22989597445343,0.005455896195931377,0.005455896195931377,387.5,0.49999865767888518,1
-225.76569734228781,751.70598395683612,162.37072961590124,0.015288563362903006,-0.015288563362903006,388,0.49999983677822224,1
-225.61666164633718,751.22871459287285,162.94449835023079,0.016270227768824513,-0.016270227768824513,388.5,0.4999976844400344,1
-225.471403114065,750.7502801765653,163.21116148110536,0.0023469680595509775,-0.0023469680595509775,389,0.49999953190519519,1
-225.32670695159675,750.27167502161012,163.08206243097126,0.009532087560473388,0.009532087560473388,389.5,0.49999987378269012,1
-225.1802856259574,749.79359495183496,162.8877329633786,0.0040345422609818155,0.0040345422609818155,390,0.49999975771814847,1
-225.03290011845471,749.31581100385642,162.8509027080006,0.0014633157965847259,-0.0014633157965847259,390.5,0.4999999887677829,1
-224.88577019375805,748.83794831541854,162.9204291165442,0.0015620667758643504,-0.0015620667758643504,391,0.49999996374232181,1
-224.73900090010659,748.359974703646,162.92699072562732,0.0011039736494159059,0.0011039736494159059,391.5,0.49999999910983572,1
-224.59197101186891,747.88208121925948,162.86248310631225,0.0020665671548896615,0.0020665671548896615,392,0.49999997045428046,1
-224.44459680895454,747.4042937763428,162.87728093098548,0.0030996660500650234,-0.0030996660500650234,392.5,0.49999999629350245,1
-224.29796332840647,746.92627865957195,163.04008360862679,0.0082661509738174883,-0.0082661509738174883,393,0.49999982947906141,1
-224.15317029104537,746.44770308842772,163.28750838091321,0.0077124402840354211,-0.0077124402840354211,393.5,0.4999996009641221,1
-224.01022034347159,745.96857358059572,163.47654605422252,0.0054849023656810339,-0.0054849023656810339,394,0.49999977278662922,1
-223.86857559559763,745.48905645541129,163.59184659454021,0.0011926008535839755,-0.0011926008535839755,394.5,0.49999990794540738,1
-223.72714465906463,745.00947618341775,163.50596336968886,0.0071885689779978001,0.0071885689779978001,395,0.49999994709399692,1
-223.58399103727314,744.53040796281243,163.17995644336429,0.015571158700768507,0.015571158700768507,395.5,0.49999931942550135,1
-223.43754213475711,744.05233711298331,162.7903755014392,0.0098794031206624802,0.0098794031206624802,396,0.49999901850352579,1
-223.28873446842778,743.57499438125308,162.61744622711416,0.0021936141840667982,0.0021936141840667982,396.5,0.49999980509402436,1
-223.13941976360681,743.09780983541737,162.6777975975275,0.0075126668789480908,-0.0075126668789480908,397,0.49999997186020628,1
-222.99192798041176,742.62005969195081,163.06703858849278,0.019661949071804709,-0.019661949071804709,397.5,0.49999902569141658,1
-222.84900046765682,742.14092614057495,163.69337358375026,0.01469720346493413,-0.01469720346493413,398,0.49999723394871215,1
-222.70934908822139,741.66082467537933,163.74694034864791,0.010957598366252135,0.010957598366252135,398.5,0.49999992466119197,1
-222.567070120729,741.18149838602847,163.0665809867792,0.03464736365776299,0.03464736365776299,399,0.49999699624454691,1
-222.41820926230241,740.70417503322278,162.40037056763896,0.011863884357249378,0.011863884357249378,399.5,0.49999713829697023,1
-222.26651846860341,740.22774050791543,162.38671560894321,0.010910027318575861,-0.010910027318575861,400,0.4999999537978756,1
-222.11713749991219,739.75057827674425,162.84774946245386,0.012706785545848526,-0.012706785545848526,400.5,0.49999846866103864,1
-221.97069440615996,739.27250485606908,163.02998470131467,1.564885704347476e-05,-1.564885704347476e-05,401,0.49999977526373357,1
-221.82425776615167,738.79442945086669,162.85526448304023,0.0095461699416814726,0.0095461699416814726,401.5,0.49999978259629896,1
-221.67606290514649,738.31689606901864,162.70352377956681,0.0010473582919697899,0.0010473582919697899,402,0.49999984760755473,1
-221.5276179576841,737.83944027221162,162.7952530181006,0.007451247456674452,-0.007451247456674452,402.5,0.499999940331737,1
-221.38066154877114,737.36152443251603,162.98589137742141,0.0020271417101502742,-0.0020271417101502742,403,0.49999973595245706,1
-221.23417362161075,736.88346458314493,162.89057121464458,0.0086819466025033348,0.0086819466025033348,403.5,0.49999993238446944,1
-221.0856296273796,736.40604055331653,162.51077170588314,0.01388151282167896,0.01388151282167896,404,0.49999902247877509,1
-220.93406056346373,735.92956773941307,162.23868863770207,0.0051136706230039183,0.0051136706230039183,404.5,0.49999952352518406,1
-220.78127356589857,735.45348358306444,162.21776855720947,0.0036531345463035178,-0.0036531345463035178,405,0.49999999055116595,1
-220.62909463353625,734.97720480133421,162.33737376961307,0.0033771913809477801,-0.0033771913809477801,405.5,0.4999999053813578,1
-220.47771883035242,734.50067008671704,162.40803559676817,0.0015559196113450391,-0.0015559196113450391,406,0.49999996802482238,1
-220.32670503004402,734.02402049820751,162.41910429355886,0.0014813317330788374,0.0014813317330788374,406.5,0.49999999810988777,1
-220.17531679230106,733.54748978190082,162.30967743745498,0.006158142479747465,0.006158142479747465,407,0.49999992211067507,1
-220.02246208943455,733.07142774217289,162.06626722682915,0.010835055483628663,0.010835055483628663,407.5,0.49999962585819013,1
-219.86764083523775,732.59600139588167,161.91024786236346,1.0736676753329065e-05,1.0736676753329065e-05,408,0.49999983149885729,1
-219.71281702980659,732.12057587516995,162.06565529087129,0.010860374916844391,-0.010860374916844391,408.5,0.499999836472174,1
-219.56035782973424,731.64438748803764,162.40262536366924,0.0068685968386756873,-0.0068685968386756873,409,0.49999918772571034,1
-219.40947728797559,731.16769571525469,162.40613693081764,0.0066234088956704622,0.0066234088956704622,409.5,0.49999998412032864,1
-219.257026535004,730.69150473744753,162.03773941053498,0.014504528565127451,0.014504528565127451,410,0.49999907942569999,1
-219.10179547901154,730.21621207322926,161.87101256989564,0.002864493436396619,-0.002864493436396619,410.5,0.49999979740419687,1
-218.9472455158832,729.74069804822341,162.20187919516908,0.020234887213907374,-0.020234887213907374,411,0.49999927907971786,1
-218.79676325831494,729.26388208643652,162.68970384825266,0.007683678839196054,-0.007683678839196054,411.5,0.49999837125493685,1
-218.64810064506344,728.78649402579708,162.61946253819752,0.012587682812241575,0.012587682812241575,412,0.49999993301984835,1
-218.49653555243253,728.31002180752773,162.05850132950815,0.016942708810234401,0.016942708810234401,412.5,0.49999775208167668,1
-218.34129254842759,727.83473313206525,161.86008038499028,0.0030896979477856926,-0.0030896979477856926,413,0.49999971531527643,1
-218.18678421765838,727.35920579715105,162.23551333863821,0.022843951968841328,-0.022843951968841328,413.5,0.49999907052682774,1
-218.03635619310879,726.8823723182503,162.67454157562474,0.0078060451647145928,-0.0078060451647145928,414,0.49999875716893605,1
-217.88779009537251,726.4049541634356,162.68279103379109,0.0072300279382382406,0.0072300279382382406,414.5,0.49999997994325773,1
-217.73768678453666,725.92801778303158,162.3717829219506,0.0094239614157104606,0.0094239614157104606,415,0.49999931487630761,1
-217.58538908255068,725.45177709093855,162.18992664721162,0.0032720278422592531,0.0032720278422592531,415.5,0.49999978683541407,1
-217.4323107154905,724.97578653403968,162.18186915272645,0.0021885984721777729,-0.0021885984721777729,416,0.4999999967187006,1
-217.27970565534349,724.49964410052598,162.29248688848787,0.0055340187853784696,-0.0055340187853784696,416.5,0.49999992137481541,1
-217.12841873147826,724.02308141295623,162.49894728008059,0.0088796454605960043,-0.0088796454605960043,417,0.49999972851623625,1
-216.97903081112165,723.54592004839287,162.70503961103134,0.0040079084262340508,-0.0040079084262340508,417.5,0.49999971858036135,1
-216.83059688905837,723.06846076777731,162.72378533954594,0.0026991785237792721,0.0026991785237792721,418,0.49999999386501709,1
-216.68156986807222,722.5911864098656,162.58997987677918,0.0034601863900563293,0.0034601863900563293,418.5,0.49999986570402488,1
-216.53179523115014,722.11414599856789,162.57800293174608,0.0026240540687115037,-0.0026240540687115037,419,0.49999999587622534,1
-216.38264654737208,721.63690968405115,162.73964385924648,0.0079492093656677795,-0.0079492093656677795,419.5,0.49999982976622565,1
-216.23500126753399,721.15920607328667,162.8819500066067,0.0019856453627476235,-0.0019856453627476235,420,0.49999986839587074,1
-216.08783030368588,720.68135599308823,162.85341504873915,0.0039777279602114628,0.0039777279602114628,420.5,0.49999999174563425,1
-215.93990826265335,720.20373795005605,162.75791931968746,0.00057725973277066305,-0.00057725973277066305,421,0.49999992525311332,1
-215.79214229806476,719.72607167524291,162.90756714697426,0.0098702807995172011,-0.0098702807995172011,421.5,0.49999985038464068,1
-215.64670558323184,719.24769195604551,163.28895086029686,0.011493257705923583,-0.011493257705923583,422,0.49999899375975654,1
-215.50370514961585,718.76857738118474,163.40140790090629,0.003642057187130108,0.003642057187130108,422.5,0.49999989985836807,1
-215.35983260229025,718.28972456901136,163.0802610361763,0.018778642514538871,0.018778642514538871,423,0.49999932559986243,1
-215.21238106119574,717.81196211039048,162.67179734380207,0.0083632522967385398,0.0083632522967385398,423.5,0.49999892383744976,1
-215.06293280814285,717.33481938888826,162.60218314541902,0.0035030557931381937,-0.0035030557931381937,424,0.49999995702310418,1
-214.91420392295976,716.85745219824526,162.80151986564033,0.0069940353068420787,-0.0069940353068420787,424.5,0.49999971599012211,1
-214.76710691627122,716.37957952492445,162.96911943168868,0.0047066008499756194,-0.0047066008499756194,425,0.49999982128346754,1
-214.62113534827429,715.90136175612497,163.07198891143855,0.0026747214398036355,-0.0026747214398036355,425.5,0.49999993305903057,1
-214.47582565613934,715.42294241082027,163.13258325906969,0.0015555567430450901,-0.0015555567430450901,426,0.49999997659013456,1
-214.33088810683273,714.94441017415716,163.16111572087172,0.00043638846705244447,-0.00043638846705244447,426.5,0.49999999472480638,1
-214.18596565520613,714.46587337177539,163.12069257806436,0.0036447435897468067,0.0036447435897468067,427,0.49999998821923114,1
-214.04017111510302,713.98760172455604,162.95145447790861,0.0081703719937860509,0.0081703719937860509,427.5,0.49999981645774882,1
-213.89248366220156,713.50991148420837,162.69767273035637,0.0060741489646450346,0.0060741489646450346,428,0.49999954946773395,1
-213.74342585171271,713.03264661894082,162.65828370188643,0.0033241993603702886,-0.0033241993603702886,428.5,0.49999998248658645,1
-213.59515990060194,712.55513550003263,162.88309325961293,0.0098180212957054477,-0.0098180212957054477,429,0.49999966093961162,1
-213.44859111749787,712.07710041754274,162.95550276372472,0.0047628255820506005,0.0047628255820506005,429.5,0.49999994827172767,1
-213.30088450822183,711.59941644006074,162.61017761249445,0.019345973668755283,0.019345973668755283,430,0.49999922476625014,1
-213.14908402272442,711.12301868106761,162.09782595692775,0.010510387039015669,0.010510387039015669,430.5,0.49999821216772761,1
-212.9948014445911,710.6474171273253,162.0365452242763,0.0062318577849333791,-0.0062318577849333791,431,0.49999995183755908,1
-212.84193936823681,710.17135804603026,162.39967428729184,0.013538826476335829,-0.013538826476335829,431.5,0.49999906326994104,1
-212.69211335783746,709.69433435292319,162.696549313688,0.0071869687929382101,-0.0071869687929382101,432,0.49999943717737916,1
-212.54400236207394,709.21677488476325,162.81146415877106,0.00083988851889906923,-0.00083988851889906923,432.5,0.4999999126952564,1
-212.39611625344068,708.73914566172687,162.75349214196208,0.0048871727076247196,0.0048871727076247196,433,0.49999997582503092,1
-212.24706353378772,708.26187951897646,162.53144414149403,0.010614761203343656,0.010614761203343656,433.5,0.49999968425169711,1
-212.0956480957806,707.78535798413236,162.23801392723576,0.0064495767189027674,0.0064495767189027674,434,0.49999940803671078,1
-211.94272138383073,707.30931870306972,162.18780622847805,0.0029443312954233118,-0.0029443312954233118,434.5,0.49999997634243432,1
-211.79047855797927,706.83306053544391,162.38561364424677,0.0073228876601684539,-0.0073228876601684539,435,0.49999972025345851,1
-211.63974142020561,706.35632345167528,162.4853535497495,0.00035971576432821013,0.00035971576432821013,435.5,0.49999993174440455,1
-211.48891854696097,705.87961351485581,162.36500268458346,0.008042390759109638,0.008042390759109638,436,0.49999990295618574,1
-211.33644020839949,705.40343078189051,162.12723283162433,0.0078891542117992559,0.0078891542117992559,436.5,0.49999963890463989,1
-211.18208490913838,704.9278530777832,161.91387877736526,0.0070057832230692001,0.0070057832230692001,437,0.49999971105388313,1
-211.02613275172149,704.45279647893051,161.76868908979196,0.00092071330428605759,0.00092071330428605759,437.5,0.49999984751644394,1
-210.86998934063041,703.97780264581422,161.88450333918374,0.0090062964721540194,-0.0090062964721540194,438,0.49999990632565183,1
-210.71597821088645,703.50211411638315,162.26997227303806,0.014025737971141561,-0.014025737971141561,438.5,0.49999900511631407,1
-210.56484796155121,703.02550174231749,162.4788479786211,0.00055685242466120815,-0.00055685242466120815,439,0.49999970737655686,1
-210.41385041250246,702.54884722833447,162.30188538802483,0.012911254478019244,0.012911254478019244,439.5,0.49999978551907504,1
-210.26043073357241,702.07296713798462,162.02267516123874,0.0025333141527642089,0.0025333141527642089,440,0.49999945827408437,1
-210.1064138524039,701.59727958822884,162.16859461301328,0.012720811339711676,-0.012720811339711676,440.5,0.49999984467750203,1
-209.95528095441585,701.12066944104856,162.64499581348082,0.012836970945256519,-0.012836970945256519,441,0.4999983852468679,1
-209.80704845430466,700.64314774347963,162.78990129069513,0.0027202570043384274,0.0027202570043384274,441.5,0.49999984573830503,1
-209.65816946369063,700.16582766273098,162.49626410479954,0.01468866605705459,0.01468866605705459,442,0.49999941333181247,1
-209.50644486441243,699.68940435999548,162.22315412764311,0.0043780211235604138,0.0043780211235604138,442.5,0.49999951741529602,1
-209.35367757615703,699.21331388197007,162.24541607612554,0.0059321925789138918,-0.0059321925789138918,443,0.49999998762737519,1
-209.20210387862264,698.73684236750296,162.46147650589802,0.0071383982781579886,-0.0071383982781579886,443.5,0.49999968988272886,1
-209.05222671021343,698.25983438265359,162.64622765925057,0.0057596668621842668,-0.0057596668621842668,444,0.49999978322036631,1
-208.90373810674873,697.78239225464915,162.8029596688074,0.0061724446132418133,-0.0061724446132418133,444.5,0.49999985095228322,1
-208.75675067774969,697.30448598427381,163.01740958721209,0.0087990159712106261,-0.0087990159712106261,445,0.49999970754773226,1
-208.61186626211096,696.82593820658496,163.30402231568442,0.0096190572036276758,-0.0096190572036276758,445.5,0.49999946942562701,1
-208.46887125120278,696.34682198405665,163.40005793076017,0.002914428599824524,0.002914428599824524,446,0.49999992783443081,1
-208.32517830333538,695.86791501601772,163.13702750746691,0.015448815099032055,0.015448815099032055,446.5,0.49999954730285884,1
-208.17826097699651,695.38998801960838,162.74008064692205,0.0070627135240187719,0.0070627135240187719,447,0.49999891467423352,1
-208.02967349627315,694.91257652160937,162.75699106927749,0.0082433039101844421,-0.0082433039101844421,447.5,0.49999997784937866,1
-207.8829544503084,694.43458854339292,163.13110753902882,0.010830989745635561,-0.010830989745635561,448,0.49999898576722274,1
-207.73863266819299,693.95587034359153,163.25233567263319,0.0023674899313212883,0.0023674899313212883,448.5,0.49999989161404229,1
-207.59374552859063,693.47732328640757,162.99957745762669,0.012624787824389434,0.012624787824389434,449,0.49999956916139621,1
-207.44672171816723,692.99942802163014,162.88035572903095,0.0043014017721526993,-0.0043014017721526993,449.5,0.49999988492809455,1
-207.30072634444065,692.52121836337324,163.24605909904363,0.021230184931598024,-0.021230184931598024,450,0.49999912639898209,1
-207.15914672302881,692.04168398241859,163.78622295188615,0.010076937075194178,-0.010076937075194178,450.5,0.49999801171272162,1
-207.01996730979383,691.56144544017423,163.79637589740241,0.0093679715121951397,0.0093679715121951397,451,0.49999996652542611,1
-206.87862808730139,691.08183971894016,163.32626192160762,0.015713418680928751,0.015713418680928751,451.5,0.49999842365272906,1
-206.73378789818068,690.60327849765702,163.05603784881242,0.0031520621774263386,0.0031520621774263386,452,0.49999952290031074,1
-206.58819335270064,690.12494580602834,163.14467360689343,0.00828395045636569,-0.00828395045636569,452.5,0.49999993555427197,1
-206.44396895889145,689.6461982999507,163.29664787969244,0.002325783234158837,-0.002325783234158837,453,0.49999985034516647,1
-206.30030134972083,689.1672832628409,163.27792970830242,0.0036325701113519224,0.0036325701113519224,453.5,0.49999999469468354,1
-206.15589423596512,688.68859079325762,163.15597669263144,0.0027890837694002843,0.0027890837694002843,454,0.49999989493898095,1
-206.01083107665087,688.21009661911091,163.13144063812433,0.0010761360473277718,-0.0010761360473277718,454.5,0.49999999488256675,1
-205.86602065569471,687.73152593784437,163.21269284880515,0.0039433770382262942,-0.0039433770382262942,455,0.49999995498542543,1
-205.72212185963517,687.25268041570257,163.33967819458439,0.0049218654315809586,-0.0049218654315809586,455.5,0.49999989758262564,1
-205.57940191729762,686.77348226725314,163.49469411607026,0.0059002630024218494,-0.0059002630024218494,456,0.49999984741816955,1
-205.43773274593323,686.29397228453604,163.54425093319026,0.0026691991063067218,0.0026691991063067218,456.5,0.49999997764042847,1
-205.29542379772496,685.814652040753,163.34167371939793,0.011473522608448415,0.011473522608448415,457,0.49999973284030097,1
-205.15054205238519,685.33610379387505,162.99356036877285,0.0075933485286804247,0.0075933485286804247,457.5,0.49999914472192614,1
-205.00390471433272,684.85808970471589,162.95931791913483,0.0052026614377627713,-0.0052026614377627713,458,0.4999999783457757,1
-204.85850384112658,684.37969876136322,163.27713476016496,0.012683590105577194,-0.012683590105577194,458.5,0.49999930861049657,1
-204.71554962275749,683.90057045517563,163.42456332295018,0.0023909645685260971,0.0023909645685260971,459,0.49999984233968009,1
-204.57202279502923,683.42161375924854,163.14012920495156,0.017466702700570404,0.017466702700570404,459.5,0.49999946685084184,1
-204.42496857677207,682.94372903575641,162.70850547429887,0.0083338777553052593,0.0083338777553052593,460,0.49999875205282296,1
-204.27593063120173,682.46645797429085,162.67613876443235,0.0060741030256381782,-0.0060741030256381782,460.5,0.49999997533228802,1
-204.12828852712133,681.98875405962303,163.00744360927678,0.01191668486737809,-0.01191668486737809,461,0.49999922098563565,1
-203.98331090209035,681.51023434731292,163.24854940473662,0.0049157310241912658,-0.0049157310241912658,461.5,0.49999962682883997,1
-203.83950975993585,681.03135940491541,163.28909874876194,0.0020848480862558721,0.0020848480862558721,462,0.49999997894115766,1
-203.69547831048055,680.55255367845518,163.22731836664266,0.0021063888722061704,0.0021063888722061704,462.5,0.49999998212329561,1
-203.55094267038453,680.07389991346042,163.16844361992753,0.0020038265392967013,0.0020038265392967013,463,0.4999999780016261,1
-203.40588615432546,679.59540376077575,163.08622197595332,0.005146003817305741,0.005146003817305741,463.5,0.49999996098522514,1
-203.25958027682768,679.11728844293987,162.85808215858839,0.010781350916895846,0.010781350916895846,464,0.49999966693959541,1
-203.11070059843857,678.63996896943434,162.47219897622489,0.01428913709247864,0.01428913709247864,464.5,0.49999903842391702,1
-202.95888464354655,678.16357465863553,162.23261066712345,0.0024374829558516907,0.0024374829558516907,465,0.49999962352110566,1
-202.80648809364237,677.68736544408785,162.33253505221916,0.0094136339293775552,-0.0094136339293775552,465.5,0.49999992444281044,1
-202.65612031960805,677.21051242125452,162.66036886004406,0.010019332836703573,-0.010019332836703573,466,0.49999927285278756,1
-202.50812445822737,676.73291750495639,162.88466739073291,0.0056397337443179155,-0.0056397337443179155,466.5,0.49999967905952436,1
-202.36147382675878,676.25490753649422,162.98078318854616,0.00055648958021854939,-0.00055648958021854939,467,0.49999993765934109,1
-202.21491578890277,675.77686915688639,162.89664673662855,0.00643039505232348,0.00643039505232348,467.5,0.49999995083827548,1
-202.06682720687317,675.29930317394553,162.61975726733667,0.011499003585065691,0.011499003585065691,468,0.49999949618955342,1
-201.91610548002768,674.82256186046379,162.29215930910738,0.011371706480327591,0.011371706480327591,468.5,0.49999931892311611,1
-201.76267551107043,674.34668521824744,161.96820297250864,0.011244776618112526,0.011244776618112526,469,0.49999933398088764,1
-201.60688684740057,673.87157507082429,161.78324860671725,0.00012201435762089456,-0.00012201435762089456,469.5,0.4999997599124299,1
-201.45112934059503,673.39645473086478,161.98006175780057,0.013618746042078292,-0.013618746042078292,470,0.49999973836945721,1
-201.29854054448322,672.92030897015502,162.50078318440166,0.016332832476149025,-0.016332832476149025,470.5,0.49999812613721323,1
-201.14962404457933,672.44300051682501,162.78194835926655,0.003296803589821679,-0.003296803589821679,471,0.49999948356364576,1
-201.00149446029923,671.96544679470651,162.68969917287228,0.0097370347823301177,0.0097370347823301177,471.5,0.49999993124822417,1
-200.85147564486255,671.48848370755297,162.39107664846398,0.010316318046051603,0.010316318046051603,472,0.49999943149173287,1
-200.69899870936302,671.01230071310783,162.09939129880368,0.01004719637322395,0.01004719637322395,472.5,0.49999946005777318,1
-200.54414071798445,670.5368866742989,161.82195512182341,0.0088779906943197932,0.0088779906943197932,473,0.4999995057901872,1
-200.38718224662395,670.06216178928639,161.59689236740019,0.0068343173122770934,0.0068343173122770934,473.5,0.49999967818185748,1
-200.22860248088003,669.58797587465745,161.43071351844949,0.0042855666773004668,0.0042855666773004668,474,0.49999982373585755,1
-200.06937912025487,669.11400553549356,161.49290976348644,0.0086278808683479917,-0.0086278808683479917,474.5,0.49999996097589633,1
-199.91220234910952,668.63935380756959,161.92508562214203,0.021543993256734621,-0.021543993256734621,475,0.49999880020744669,1
-199.7598464414819,668.16313432458685,162.5406478599146,0.01211392770546885,-0.01211392770546885,475.5,0.49999731855419688,1
-199.61026670719309,667.68603282042852,162.52380182686846,0.013290537894933091,0.013290537894933091,476,0.49999994218004468,1
-199.45752187808804,667.20993886905069,161.78437973225473,0.03437953221167625,0.03437953221167625,476.5,0.49999643334416805,1
-199.29812226947604,666.73603046269375,161.15241810065174,0.0097414245565831913,0.0097414245565831913,477,0.49999741283474247,1
-199.13641521980804,666.26290178784438,161.22612164258868,0.014886943935326052,-0.014886943935326052,477.5,0.49999991287703438,1
-198.97780226066993,665.78872896884877,161.77008728896686,0.014871350582408818,-0.014871350582408818,478,0.49999793307652129,1
-198.82266463051207,665.31340601724185,162.01930555227676,0.0025275899920122425,-0.0025275899920122425,478.5,0.49999959261515409,1
-198.66832454531965,664.8378230729835,162.02399136715007,0.0018602446464126999,-0.0018602446464126999,479,0.4999999987666422,1
-198.51445677301353,664.36208722837489,162.15690834829928,0.0074191218111249518,-0.0074191218111249518,479.5,0.49999988519989796,1
-198.362213041839,663.88582938610409,162.36617921182011,0.0036063740469051064,-0.0036063740469051064,480,0.4999996860062817,1
-198.21079453970006,663.40930822009398,162.33174187259746,0.0060106030393789452,0.0060106030393789452,480.5,0.49999998444563976,1
-198.05794967691855,662.93324326227946,162.03112677441874,0.012173597630216602,0.012173597630216602,481,0.49999939613726874,1
-197.90259705131965,662.45799044954742,161.80687107658022,0.0034825249257609981,0.0034825249257609981,481.5,0.49999967429008157,1
-197.74641420493194,661.98300949269958,161.82584369133087,0.0029400852599590142,-0.0029400852599590142,482,0.49999999087385971,1
-197.59064642865565,661.50789224987307,161.85081496982883,0.0011967807551083959,0.0011967807551083959,482.5,0.49999999455712923,1
-197.43459640469348,661.0328676875265,161.76175703271497,0.0034067061381838197,0.0034067061381838197,483,0.49999994481113197,1
-197.27801327482626,660.55801853550804,161.77483854780411,0.0043199814215283778,-0.0043199814215283778,483.5,0.49999999373166776,1
-197.12245630354764,660.08283259853511,162.00928106435987,0.012047333267651117,-0.012047333267651117,484,0.49999964601010033,1
-196.96954653767568,659.60678867823549,162.34908643768659,0.0078418463911986373,-0.0078418463911986373,484.5,0.49999921055262031,1
-196.8184811141337,659.13015550154671,162.43260108230686,0.0020112805199083033,0.0020112805199083033,485,0.49999994731035147,1
-196.66712290230421,658.65361524642469,162.33387566008298,0.0014785509834429123,0.0014785509834429123,485.5,0.49999992303997232,1
-196.51543398494184,658.17718008757754,162.37163489643396,0.0041146813452629452,-0.0041146813452629452,486,0.49999998823628189,1
-196.36472215264564,657.70043518890645,162.56243215613159,0.0068395046744864881,-0.0068395046744864881,486.5,0.49999975480292064,1
-196.21527614662148,657.22329174061201,162.60396437187651,0.0039399452720653644,0.0039399452720653644,487,0.4999999789668842,1
-196.06489425273858,656.74644288402044,162.34569343217254,0.010414623738883392,0.010414623738883392,487.5,0.49999954604029068,1
-195.91276000256349,656.2701497666194,162.31530528233367,0.0082932152883910242,-0.0082932152883910242,488,0.49999996375993977,1
-195.76259882789574,655.79323259597629,162.81096958974354,0.021971967244454559,-0.021971967244454559,488.5,0.49999836602915165,1
-195.61675188967874,655.31497769018949,163.18506409550363,0.0041454492327548838,-0.0041454492327548838,489,0.4999990842955756,1
-195.47189638886604,654.83642075734622,163.04851128100961,0.013678983243434117,0.013678983243434117,489.5,0.49999985408803915,1
-195.32413517736882,654.35875435008063,162.59580263338154,0.011322501328660946,0.011322501328660946,490,0.49999857225110372,1
-195.1737135119196,653.88191772516836,162.44577119324194,0.00084810197657861049,-0.00084810197657861049,490.5,0.4999998442942129,1
-195.02336704341343,653.4050573472955,162.57326321472055,0.005302510289091295,-0.005302510289091295,491,0.49999988057731692,1
-194.87426379984396,652.92780681428246,162.72776709149588,0.0054838688423857248,-0.0054838688423857248,491.5,0.49999984850413931,1
-194.72646795526009,652.45014979425514,162.88383530729755,0.0042039732665493318,-0.0042039732665493318,492,0.49999984045761559,1
-194.57948686779235,651.97224127372954,162.88616556774929,0.004041302248190895,0.004041302248190895,492.5,0.49999999406416845,1
-194.43154048246421,651.49463106235203,162.65227909633921,0.012287164081021153,0.012287164081021153,493,0.49999964694360727,1
-194.28094849879341,651.01784878999592,162.33316965589063,0.0050795816722101761,0.0050795816722101761,493.5,0.49999928077844152,1
-194.12917471491079,650.54144069075403,162.39400540350465,0.0093267647335657893,-0.0093267647335657893,494,0.49999995849732015,1
-193.97930965637482,650.06442937328336,162.69926241983347,0.0062995016678256913,-0.0062995016678256913,494.5,0.49999933276464692,1
-193.83091193733966,649.58695884655128,162.7155474585029,0.0051625790284758697,0.0051625790284758697,495,0.49999998691264497,1
-193.6812913848961,649.10987071382556,162.41937046759267,0.011174396701487933,0.011174396701487933,495.5,0.49999939610087263,1
-193.52954355460392,648.63345439291106,162.31826364484078,0.0041156947467234648,-0.0041156947467234648,496,0.49999991483208051,1
-193.37876841720433,648.15673000342758,162.64001272144009,0.013986074614158756,-0.013986074614158756,496.5,0.4999992855857513,1
-193.23075585824171,647.67914026873643,162.86255096109963,0.0015502353618227834,-0.0015502353618227834,497,0.49999967229291925,1
-193.08311347952167,647.20143575638838,162.72883752079977,0.010885400715508838,0.010885400715508838,497.5,0.49999987311178729,1
-192.93312314303384,646.72446404518007,162.36670921471364,0.010637290561190699,0.010637290561190699,498,0.49999911433192945,1
-192.78061653416773,646.24829032562241,162.14203583085458,0.0050479917741844517,0.0050479917741844517,498.5,0.49999967694511588,1
-192.62690857398337,645.77250273240725,162.07767490799952,0.00060218703162154036,-0.00060218703162154036,499,0.49999997088151066,1
-192.47334881373021,645.29666732798808,162.17884295070556,0.0064607668144257601,-0.0064607668144257601,499.5,0.49999993206776011,1
-192.32132711138254,644.82033872315435,162.44785334595718,0.012319652374070554,-0.012319652374070554,500,0.4999995377673121,1
-192.17190739480165,644.34318757765448,162.72421189752311,0.003275634323952397,-0.003275634323952397,500.5,0.49999946735467343,1
-192.0232571987784,643.86579567284002,162.61805447428145,0.010687066021907107,0.010687066021907107,501,0.49999991156011636,1
-191.87208624094288,643.38919750376863,162.14737357853761,0.015832255045536387,0.015832255045536387,501.5,0.49999847325278235,1
-191.71760889594714,642.91365943046799,161.94325681183312,0.0015817019727812824,-0.0015817019727812824,502,0.49999970927533377,1
-191.56350778826726,642.43799960354443,162.23800759767715,0.018996427608086605,-0.018996427608086605,502.5,0.49999942233678374,1
-191.41320346305244,641.96112740129479,162.713837767136,0.0095400010304894992,-0.0095400010304894992,503,0.49999848745441355,1
-191.26516828528557,641.48354437612954,162.77047711573658,0.0055856047027859589,0.0055856047027859589,503.5,0.49999995978245476,1
-191.11584539551802,641.00636318431316,162.43994995861203,0.011599982896211799,0.011599982896211799,504,0.49999921523122043,1
-190.96403344439108,640.52996742836592,162.26005248251687,0.00095930286998959543,0.00095930286998959543,504.5,0.49999978478946328,1
-190.81199297067121,640.0536444439615,162.3849843119018,0.0096812487579472101,-0.0096812487579472101,505,0.49999989112088139,1
-190.66158495965044,639.57680354841898,162.55240047090842,0.00057084822015810474,-0.00057084822015810474,505.5,0.49999980944098377,1
-190.51131271313491,639.09991978466576,162.41607943078594,0.010087884764654841,0.010087884764654841,506,0.49999987220424547,1
-190.3587564370639,638.62376258163101,162.06450927688513,0.0075738733732223134,0.0075738733732223134,506.5,0.49999909936971471,1
-190.20455372159262,638.14813510812564,162.08998476469628,0.0093526681825386489,-0.0093526681825386489,507,0.49999997101181826,1
-190.05257703101938,637.6717934140795,162.59810537356242,0.023960305948498573,-0.023960305948498573,507.5,0.49999832396153132,1
-189.90524731432188,637.19399362298179,163.04909614354676,0.0075253371471346161,-0.0075253371471346161,508,0.49999868579345264,1
-189.75971615608984,636.71564160190906,163.02931603001088,0.0089061929998650365,0.0089061929998650365,508.5,0.49999997408073282,1
-189.6122801756016,636.2378741750133,162.66727473189371,0.011017359901956748,0.011017359901956748,509,0.49999908254427516,1
-189.46226184222485,635.76091067624645,162.44381175607339,0.0045833175329424349,0.0045833175329424349,509.5,0.49999967950494939,1
-189.31115104290612,635.28429184211905,162.40511817308186,0.0019916785905138268,-0.0019916785905138268,510,0.49999998671571422,1
-189.1605267370789,634.80751919691875,162.56337931028241,0.0090572381069633692,-0.0090572381069633692,510.5,0.49999983671719594,1
-189.01206331618624,634.33006995072924,162.9240723720726,0.016123944725966018,-0.016123944725966018,511,0.49999917002938971,1
-188.86697113337502,633.85158544272917,163.27629789643515,0.0052789393356304729,-0.0052789393356304729,511.5,0.49999916590829474,1
-188.72313730923472,633.37272033682189,163.21666636371748,0.0094420157689204167,0.0094420157689204167,512,0.49999995862242064,1
-188.57713389093513,632.89451345394741,162.81408901149317,0.010648906610142636,0.010648906610142636,512.5,0.49999882098229464,1
-188.42886152259956,632.41700401443757,162.7737820309797,0.0078349678862347297,-0.0078349678862347297,513,0.49999996003284319,1
-188.28246137948886,631.93891882362311,163.26242808201619,0.024993074124671437,-0.024993074124671437,513.5,0.49999845157652778,1
-188.14051626600971,631.45949142147833,163.63948525709765,0.0013316735128271852,-0.0013316735128271852,514,0.49999904916699722,1
-187.99889032426879,630.97996929475676,163.33873214566501,0.022329523513685366,0.022329523513685366,514.5,0.49999937738920042,1
-187.85243134500433,630.50190405173578,162.64686704331899,0.014745839707025591,0.014745839707025591,515,0.49999660918039457,1
-187.70254035697187,630.02490026568967,162.583944261238,0.010352637345927789,-0.010352637345927789,515.5,0.49999992019566752,1
-187.55508111263529,629.54714174008927,163.18981566195805,0.023274764629233131,-0.023274764629233131,516,0.4999974375176085,1
-187.41258210941331,629.06787888483166,163.61068022824878,0.0061078450329067361,-0.0061078450329067361,516.5,0.49999885034762037,1
-187.27154718067541,628.58818201030624,163.53980849337921,0.011055700915054379,0.011055700915054379,517,0.49999994255355268,1
-187.12844785677419,628.10909758467051,163.21113564149101,0.010023240077504622,0.010023240077504622,517.5,0.49999930338722287,1
-186.98295013968874,627.63073575496901,162.96858022432056,0.0069103172377052826,0.0069103172377052826,518,0.49999962579230212,1
-186.83581937503516,627.15287342604881,162.8275929901726,0.0022267865149605175,0.0022267865149605175,518.5,0.49999986730856372,1
-186.6881669119617,626.6751719040858,162.8492409862088,0.0037381298364408105,-0.0037381298364408105,519,0.49999999393743716,1
-186.54140528603995,626.19719618190993,163.03695881092634,0.0077850702874006543,-0.0077850702874006543,519.5,0.49999976583268679,1
-186.39626043367895,625.71872693143405,163.18865113279679,0.0028050822083182515,-0.0028050822083182515,520,0.49999985181782702,1
-186.25178675877373,625.24005443944259,163.19768005262043,0.0021747378730495328,0.0021747378730495328,520.5,0.49999999732993222,1
-186.10692802872913,624.76149837067362,163.12272086188767,0.0022108808445313855,0.0022108808445313855,521,0.49999996262574198,1
-185.96154156484366,624.28310234156106,163.07351799601082,0.0012241245402140018,0.0012241245402140018,521.5,0.49999998455178646,1
-185.81588066603092,623.80478978578265,163.06628466631116,0.0017499570532882847,-0.0017499570532882847,522,0.49999999845821436,1
-185.67066133917817,623.32634308218655,163.18969593191667,0.0068657804535176212,-0.0068657804535176212,522.5,0.49999990107352343,1
-185.527083607245,622.84740156745011,163.45476691765842,0.0094062556186090239,-0.0094062556186090239,523,0.49999953964490262,1
-185.38525402552975,622.36793902942031,163.51957722926275,0.0048815787905384387,0.0048815787905384387,523.5,0.49999995562349342,1
-185.24225475356167,621.88882480796008,163.17504874979647,0.01917155988066056,0.01917155988066056,524,0.49999922898825438,1
-185.09526637946223,621.41092018931749,162.68539268081304,0.010748791380103867,0.010748791380103867,524.5,0.49999840663776973,1
-184.94571853731046,620.9338087275828,162.57327809937479,0.0029213234384571603,-0.0029213234384571603,525,0.49999990401085953,1
-184.79679026368308,620.4565037821078,162.79200271047884,0.0073619370475692444,-0.0073619370475692444,525.5,0.49999964166039312,1
-184.64949374914266,619.97869247710923,162.91112657075246,0.00095443303680385182,-0.00095443303680385182,526,0.4999999063801801,1
-184.50242601649506,619.50081063745222,162.84848245494538,0.0046351459322323983,0.0046351459322323983,526.5,0.49999997066007879,1
-184.35438022605615,619.02323100569367,162.70039899393029,0.0057030562658788586,0.0057030562658788586,527,0.49999986073729052,1
-184.20497322359256,618.54607553322569,162.5217199866367,0.006771112066049881,0.006771112066049881,527.5,0.49999979729125971,1
-184.05406427194745,618.0693929100762,162.36317620210858,0.0034152944639646841,0.0034152944639646841,528,0.49999983489927291,1
-183.90234322552612,617.59296797893251,162.32918397776331,0.0010421781491696087,-0.0010421781491696087,528.5,0.49999999094245945,1
-183.7508625149712,617.11646662270698,162.41703102890935,0.0046651597481946264,-0.0046651597481946264,529,0.49999994815498694,1
-183.60048476169678,616.63961618441658,162.59013504009354,0.0074197732470475545,-0.0074197732470475545,529.5,0.49999980917757297,1
-183.45187476249217,616.16221208969057,162.83664509416454,0.0077194532764789658,-0.0077194532764789658,530,0.4999996015245981,1
-183.30473377189952,615.68435279434163,162.87267445382076,0.0052041426411170441,0.0052041426411170441,530.5,0.49999997726396556,1
-183.15635001821948,615.2068786712374,162.5384489131967,0.018129566069743051,0.018129566069743051,531,0.4999992765898077,1
-183.00426313211025,614.730571739222,162.09625038858189,0.0095444313433041741,0.0095444313433041741,531.5,0.49999871441067667,1
-182.84990781080913,614.25499381474515,161.99956735590155,0.0027943812942178379,-0.0027943812942178379,532,0.4999999274636785,1
-182.69614248884722,613.77922504215417,162.20388626106504,0.0080106403448165463,-0.0080106403448165463,532.5,0.49999969921068971,1
-182.54422100762793,613.30286426591329,162.41175115694597,0.0065010216457701093,-0.0065010216457701093,533,0.4999997255966025,1
-182.39384676638156,612.82601269791019,162.57288761259824,0.003784407925890936,-0.003784407925890936,533.5,0.49999983033740597,1
-182.24425351499727,612.34891537634667,162.57376911451581,0.0037228894578346995,0.0037228894578346995,534,0.49999999510280729,1
-182.09377250900062,611.87209762207533,162.35957655599242,0.011230647776155752,0.011230647776155752,534.5,0.49999970395403859,1
-181.94102814372255,611.39600023686057,162.10123681334883,0.0050163607966423277,0.0050163607966423277,535,0.4999995613323362,1
-181.78709136287958,610.9202866071181,162.07599451637725,0.003254050266306457,-0.003254050266306457,535.5,0.49999999001905404,1
-181.63387584024335,610.44434040362739,162.25161096753368,0.0067797893145317778,-0.0067797893145317778,536,0.49999978499386488,1
-181.48223792404465,609.96788922461599,162.43624959153911,0.0061104453303507502,-0.0061104453303507502,536.5,0.49999978361039404,1
-181.33205297752974,609.4909780038879,162.59616582043171,0.0036813167050045096,-0.0036813167050045096,537,0.49999983061600967,1
-181.18259528097894,609.01383820443687,162.57752419761511,0.0049827107682448865,0.0049827107682448865,537.5,0.49999999127844696,1
-181.03194948688221,608.53707265791206,162.31069105503101,0.013645171615952738,0.013645171615952738,538,0.49999954163191868,1
-180.87894726171734,608.06105782890256,162.15866952781275,0.0062087193743706002,-0.0062087193743706002,538.5,0.4999997983423044,1
-180.72742592588187,607.58457114135706,162.67222680707727,0.029647314988903696,-0.029647314988903696,539,0.49999827861848722,1
-180.58256119010179,607.10602308862065,163.59282516914968,0.02103151188975393,-0.02103151188975393,539.5,0.49999403041481316,1
-180.44256585727047,606.62602195312536,163.73415213914785,0.011162949885380979,0.011162949885380979,540,0.49999978329126848,1
-180.29992629338145,606.1468036133175,163.00194681501739,0.028835816077744429,0.028835816077744429,540.5,0.49999626238067946,1
-180.1514968451277,605.66934407939846,162.60190507367918,0.00090601847019559196,-0.00090601847019559196,541,0.49999890763791177,1
-180.00328384113791,605.19181760654715,163.05388144699708,0.030650003661992029,-0.030650003661992029,541.5,0.49999862682360152,1
-179.86106930004732,604.71247321782016,163.84215036348135,0.021641255370350908,-0.021641255370350908,542,0.49999601868580562,1
-179.72404859521126,604.23161561304994,164.29090646709909,0.0096894065098742186,-0.0096894065098742186,542.5,0.49999870961746073,1
-179.58939209277477,603.75008936995357,164.41665198827772,6.5811431290799892e-05,6.5811431290799892e-05,543,0.49999989643891934,1
-179.45472790218517,603.26856527366249,164.2947102881447,0.0084475888833147952,0.0084475888833147952,543.5,0.49999989953608626,1
-179.31805415747948,602.78760839882204,163.95952737537669,0.010666569478160547,0.010666569478160547,544,0.49999922794756679,1
-179.17908945557204,602.30730778213012,163.82372565414596,0.0011854877489722378,-0.0011854877489722378,544.5,0.49999987077084607,1
-179.04040949714258,601.82692502477141,164.02744252256463,0.013036609447895912,-0.013036609447895912,545,0.49999972443748036,1
-178.90441472953086,601.34577587813567,164.40856001032103,0.013453488691818824,-0.013453488691818824,545.5,0.49999907812522043,1
-178.77165961946451,600.86372285517507,164.79826620753656,0.013753355099978989,-0.013753355099978989,546,0.49999903619324954,1
-178.64205564196516,600.38081277991444,165.11490027465027,0.0062112523251841205,-0.0062112523251841205,546.5,0.49999933177143829,1
-178.51394302517315,599.89750424182284,165.14263504084641,0.0042748623781727986,0.0042748623781727986,547,0.49999998557352765,1
-178.38489205729195,599.4144457185397,164.94480349661484,0.0031112236175538897,0.0031112236175538897,547.5,0.49999968922747334,1
-178.25526514461592,598.93154124474927,165.07757513188415,0.012381072107740341,-0.012381072107740341,548,0.49999986729671081,1
-178.12862379848838,598.44784725645434,165.63987806372131,0.022041847438868681,-0.022041847438868681,548.5,0.49999790485726303,1
-178.00654005581347,597.96298162867788,166.00652603120619,0.0035558472965577063,-0.0035558472965577063,549,0.49999911722379092,1
-177.88531848074561,597.47789902567683,165.84365201592391,0.014926564140360058,0.014926564140360058,549.5,0.49999980199616556,1
-177.76167412063697,596.99342850352946,165.60999132489479,0.0012521713166611713,-0.0012521713166611713,550,0.49999961461627812,1
-177.63833390207432,596.50888071965096,165.9185406334048,0.020289590171784899,-0.020289590171784899,550.5,0.49999936437624015,1
-177.51950358482395,596.02320948023032,166.56375938988415,0.018489301035262553,-0.018489301035262553,551,0.49999719709034784,1
-177.40513492611987,595.53646631935635,166.93934414800498,0.0077324314410927835,-0.0077324314410927835,551.5,0.49999909475053511,1
-177.29272074733521,595.04926720253684,167.05925589423464,0.0045443935007163276,-0.0045443935007163276,552,0.49999992702153584,1
-177.18150129358042,594.56179415015094,167.259407495522,0.0094287636974227582,-0.0094287636974227582,552.5,0.49999974369586797,1
-177.0725805484783,594.07380282100848,167.59853677832857,0.014073359532918123,-0.014073359532918123,553,0.49999926603128819,1
-176.96708282523613,593.58506067785174,168.05916248638957,0.018085076593335019,-0.018085076593335019,553.5,0.49999865210490901,1
-176.86600873786151,593.09538535030538,168.63356831795201,0.021179580741869521,-0.021179580741869521,554,0.49999789754183349,1
-176.76981508122395,592.60472756200772,169.15295695788257,0.015080462536973524,-0.015080462536973524,554.5,0.49999828479150643,1
-176.6773236545485,592.11335745827307,169.49763024412701,0.0089826980496176215,-0.0089826980496176215,555,0.49999924285209052,1
-176.58730670703216,591.62152773536343,169.77147642038136,0.010962791647826762,-0.010962791647826762,555.5,0.49999952717731277,1
-176.49998749302853,591.12921223543299,170.12711639977522,0.013865723436836284,-0.013865723436836284,556,0.49999919660532655,1
-176.41587291151833,590.63633906083032,170.46851903815784,0.0077493865123662228,-0.0077493865123662228,556.5,0.49999922906494881,1
-176.33366125393806,590.14314418834363,170.56075288377878,0.0013098972184353286,0.0013098972184353286,557,0.49999993888926181,1
-176.25137451710762,589.64996180008882,170.53988348773558,0.0069508538800298926,-0.0069508538800298926,557.5,0.49999997514291838,1
-176.17088580396552,589.15648433477713,171.02970024288877,0.027247646965387097,-0.027247646965387097,558,0.49999844171128838,1
-176.09697844924585,588.66198311940877,171.99150687341637,0.031438614694698788,-0.031438614694698788,558.5,0.49999374904336835,1
-176.03064995721499,588.16640531932103,172.69706232389291,0.01782099758698143,-0.01782099758698143,559,0.49999682478481461,1
-175.96877485099347,587.67024934731876,173.0474918534677,0.011190729501226404,-0.011190729501226404,559.5,0.49999927732292015,1
-175.90990662442755,587.17372800110832,173.46022701156107,0.017624223248868073,-0.017624223248868073,560,0.49999891534047058,1
-175.85541596909266,586.67670838011975,174.05623387685981,0.022984092668005187,-0.022984092668005187,560.5,0.49999773516131496,1
-175.80611902217257,586.17914628490325,174.58362956247089,0.013835228972132232,-0.013835228972132232,561,0.49999822756872903,1
-175.76026513706705,585.68125375919874,174.84897244980021,0.0046899176205941386,-0.0046899176205941386,561.5,0.49999954593148455,1
-175.71618914608007,585.18320058346342,175.07950357521855,0.012649871532233868,-0.012649871532233868,562,0.49999965884140762,1
-175.67526467016421,584.6848797827821,175.5752029019979,0.021956993661679997,-0.021956993661679997,562.5,0.49999843311819731,1
-175.63934641256145,584.18617355042909,176.108082731195,0.0084250563416277367,-0.0084250563416277367,563,0.49999802741306681,1
-175.60549323225507,583.6873210051931,176.01638306736021,0.014825967907778338,0.014825967907778338,563.5,0.49999989970527253,1
-175.56836818914567,583.18870310895727,175.51733973108841,0.006182433525414404,0.006182433525414404,564,0.49999807526881312,1
-175.52989275972487,582.69018632066593,175.81392376555033,0.026893143189176145,-0.026893143189176145,564.5,0.49999934687700121,1
-175.4980458611515,582.19121075961334,176.97261049573871,0.041146636935449302,-0.041146636935449302,565,0.49999083539249894,1
-175.4756883524783,581.69171503606378,177.77686323971997,0.015006984783838748,-0.015006984783838748,565.5,0.49999583602102937,1
-175.45709111859185,581.19206108907895,177.85111790028873,0.004992802783640839,0.004992802783640839,566,0.49999992384574671,1
-175.43784416212495,580.69243173614461,177.75103201008997,0.0019940772264344544,0.0019940772264344544,566.5,0.49999993564681666,1
-175.41809908973693,580.19282175819808,177.73687794730785,0.001005938869716628,-0.001005938869716628,567,0.49999999794734429,1
-175.39872674199677,579.69319727592483,177.85290739785131,0.0072765866447260658,-0.0072765866447260658,567.5,0.49999991114376868,1
-175.38117236771575,579.19350610615845,178.15396122301047,0.013741242766469805,-0.013741242766469805,568,0.49999942119855534,1
-175.36699133937537,578.69370855928582,178.59504598861798,0.013330141121183114,-0.013330141121183114,568.5,0.49999868942296977,1
-175.35604274526554,578.19382888002474,178.85481559049683,0.0048054032707254418,-0.0048054032707254418,569,0.49999956545095797,1
-175.34629743259279,577.69392386774064,178.87468132617875,0.0019962472335206638,0.0019962472335206638,569.5,0.49999999242585841,1
-175.33628513088797,577.19402413313924,178.83702574512449,0.00063258572294954828,0.00063258572294954828,570,0.49999999083997776,1
-175.32611471586304,576.69412758135661,178.83843732983991,0.00073112817419680157,-0.00073112817419680157,570.5,0.4999999998259394,1
-175.31603233852758,576.19422924773096,178.83183635788714,0.00265703295457377,0.00265703295457377,571,0.49999999829443786,1
-175.30527745694147,575.69434508371171,178.67684352707511,0.0081636090220199003,0.0081636090220199003,571.5,0.49999984491513111,1
-175.29251160981315,575.19450863641612,178.38902002069332,0.0093749007320978947,0.0093749007320978947,572,0.4999994408976709,1
-175.27749590851911,574.69473440365675,178.1934486980021,0.0042785968194095341,0.0042785968194095341,572.5,0.4999997550155027,1
-175.26141045826691,574.19499323035495,178.14176533682019,0.00068093377757075235,0.00068093377757075235,573,0.49999998200287538,1
-175.24468805785403,573.69527312989442,177.97640918055666,0.010863373489172339,0.010863373489172339,573.5,0.49999981747982319,1
-175.22525163343448,573.19565238308451,177.51958331637923,0.020532289790144275,0.020532289790144275,574,0.49999866523532766,1
-175.20124160705475,572.69623092953952,176.99769063305277,0.015903163596908191,0.015903163596908191,574.5,0.49999826962474442,1
-175.17326107003063,572.19701541918914,176.60836393078461,0.011277590572413539,0.011277590572413539,575,0.49999903622562158,1
-175.14267841465866,571.69795180675067,176.43073526198276,0.00066685472751688152,0.00066685472751688152,575.5,0.49999978806969769,1
-175.11192945685539,571.19889833607965,176.57068664618888,0.010436532205817448,-0.010436532205817448,576,0.49999986499475463,1
-175.08286660989381,570.69974380774977,176.64944846427682,0.010210404780475203,0.010210404780475203,576.5,0.49999989222572749,1
-175.0512483768878,570.2007475167751,175.9704497257903,0.037197197841819227,0.037197197841819227,577,0.49999701105597005,1
-175.01131929559989,569.7023512728814,174.96373816326539,0.022483795879588209,0.022483795879588209,577.5,0.4999931474128812,1
-174.96582694658636,569.20442553742794,174.73376156262509,0.0064248936465328152,-0.0064248936465328152,578,0.49999959184547499,1
-174.92140775502966,568.7064032980602,175.04314353692888,0.0033171672011529938,-0.0033171672011529938,578.5,0.49999921548279602,1
-174.87770721780564,568.20831704443253,174.8238453593531,0.018628616747447639,0.018628616747447639,579,0.49999965300638755,1
-174.82956116512958,567.71064407234553,174.10520726718767,0.022903579182327598,0.022903579182327598,579.5,0.49999642952144807,1
-174.77588600634297,567.2135348999783,173.62980412156924,0.010287394873612122,0.010287394873612122,580,0.49999855192030418,1
-174.71961286503523,566.71671178359918,173.48102704720338,0.003538791580518369,0.003538791580518369,580.5,0.49999987540128493,1
-174.66234211630012,566.2200026497527,173.35709170482005,0.005113469953164561,0.005113469953164561,581,0.49999990230719032,1
-174.60380063002475,565.72344176574939,173.18686849461693,0.006971579616888858,0.006971579616888858,581.5,0.49999981713745051,1
-174.54351424074409,565.22708987794931,172.95062707692063,0.0095212421918760264,0.0095212421918760264,582,0.49999964525507107,1
-174.48086573008032,564.73103085248374,172.64158748921193,0.011950187488525133,0.011950187488525133,582.5,0.49999939263386967,1
-174.41527632491199,564.23535235189252,172.27480866966079,0.013656029228601064,0.013656029228601064,583,0.49999914601797252,1
-174.34630399577478,563.74013349004963,171.85923644428948,0.015193965310768168,0.015193965310768168,583.5,0.49999890331037267,1
-174.27373416807933,563.24542890833516,171.46301580496942,0.012467392275511422,0.012467392275511422,584,0.49999900306004419,1
-174.19808187175266,562.75118596481946,171.14490441981732,0.0097411031857667051,0.0097411031857667051,584.5,0.49999935715414884,1
-174.11984607559253,562.25734534938135,170.83499463221744,0.012546335304027581,0.012546335304027581,585,0.49999939325672527,1
-174.03851351491591,561.7640057648814,170.4247915397051,0.01609141607775243,0.01609141607775243,585.5,0.49999893105965765,1
-173.95337327329142,561.27130921537446,169.98532136317783,0.013053365114679544,0.013053365114679544,586,0.49999875063836485,1
-173.86502354771818,560.77917737735402,169.68358349010623,0.008012090901487693,0.008012090901487693,586.5,0.49999942000190778,1
-173.77458035243822,560.28742568235407,169.45729482155622,0.010718158955140687,0.010718158955140687,587,0.49999970110768155,1
-173.68147553946949,559.79617177211708,169.04386835761386,0.018144984600196427,0.018144984600196427,587.5,0.49999891051989026,1
-173.5840220299819,559.3057630242638,168.49120757707496,0.015225035044703192,0.015225035044703192,588,0.49999792647817104,1
-173.48294655992683,558.81608623670945,168.24733031138982,0.0018013705743755869,0.0018013705743755869,588.5,0.49999960691624057,1
-173.38138592522495,558.32650953436848,168.34275407391308,0.0023902043350419603,-0.0023902043350419603,589,0.49999990999609895,1
-173.2800968315469,557.83687660748058,168.21694876069967,0.011173447873881305,0.011173447873881305,589.5,0.49999988359092545,1
-173.17608064777809,557.34781733987779,167.71351447709526,0.021042717297637147,0.021042717297637147,590,0.49999833371122065,1
-173.06728651343022,556.85979892457976,167.17197848161334,0.016764392066168352,0.016764392066168352,590.5,0.49999813733503351,1
-172.95440538514089,556.37270885570047,166.7533381518156,0.012068812891256124,0.012068812891256124,591,0.49999888432346612,1
-172.83879682985315,555.88625802076149,166.55996521913738,0.0014306649833414214,0.0014306649833414214,591.5,0.49999975286848519,1
-172.72284026264535,555.39988986189678,166.67135293301055,0.0092060657125976469,-0.0092060657125976469,592,0.49999991143605466,1
-172.60791187517276,554.91327769409133,166.63249584201921,0.0139238542962922,0.0139238542962922,592.5,0.49999993610336169,1
-172.48959859826653,554.427481195165,165.87153910013524,0.039205109120275701,0.039205109120275701,593,0.49999626984746082,1
-172.36282071189424,553.94382786841879,164.86492686315398,0.020967607639245087,0.020967607639245087,593.5,0.49999317289908729,1
-172.23100553946296,553.46151621633658,164.71368464905365,0.010405944965446232,-0.010405944965446232,594,0.4999997694173145,1
-172.10150401204388,552.97858065227626,165.3013090357727,0.016499986458963639,-0.016499986458963639,594.5,0.49999740463139114,1
-171.9755881694596,552.49469525624613,165.40323881019657,0.0093843464270578648,0.0093843464270578648,595,0.49999987590493084,1
-171.8474323962443,552.01140072861131,164.79983974392485,0.026261926217276566,0.026261926217276566,595.5,0.4999975026439431,1
-171.71342049845947,551.52969748781004,164.13610590184561,0.020076459701514376,0.020076459701514376,596,0.49999720093850003,1
-171.5745797525106,551.04936245657882,163.6504061437189,0.013301268079870688,0.013301268079870688,596.5,0.49999849496127075,1
-171.43270076320263,550.56991480724776,163.43582370331819,0.0016789278814760243,0.0016789278814760243,597,0.49999969605604133,1
-171.29041930987029,550.09058622751627,163.55422197314803,0.009944687505400172,-0.009944687505400172,597.5,0.49999989930975813,1
-171.14976526924841,549.61077767893528,163.72749873572769,0.0016717289207220712,-0.0016717289207220712,598,0.49999980243461994,1
-171.00951228423315,549.13085157578132,163.64983833316506,0.0070934916331207177,0.0070934916331207177,598.5,0.49999996429422999,1
-170.86773573847216,548.65137374134576,163.39882757684842,0.0092302580775913672,0.0092302580775913672,599,0.49999958264275479,1
-170.72374980108461,548.1725548056196,163.12478790913337,0.0099012215076348525,0.0099012215076348525,599.5,0.49999952337508513,1
-170.57767548158094,547.69436854318974,162.97425560307317,0.0035376818190329591,-0.0035376818190329591,600,0.49999980839506042,1
-170.43246771927431,547.21591920752655,163.35222213453881,0.022850440187033673,-0.022850440187033673,600.5,0.49999906102975955,1
-170.2923992973256,546.73594296358056,164.06218272726267,0.01384226302986131,-0.01384226302986131,601,0.49999635756644345,1
-170.15546012855481,546.25506091943441,163.99180146770266,0.018756749606434853,0.018756749606434853,601.5,0.49999987632579301,1
-170.01419536414534,545.77543704626987,163.13970683353364,0.025840100537039029,0.025840100537039029,602,0.49999479334591029,1
-169.86722863732689,545.29752490011117,162.80983812611387,0.002808475126548921,-0.002808475126548921,602.5,0.49999923823716369,1
-169.72089131837089,544.81942033631924,163.2460839090362,0.017714128935326166,-0.017714128935326166,603,0.49999858483589965,1
-169.57804533107793,544.34025991120257,163.4534170872204,0.0032395598712482532,0.0032395598712482532,603.5,0.49999968908359554,1
-169.43442934869663,543.86133042338429,163.07328555014095,0.018674523756252594,0.018674523756252594,604,0.49999900469623426,1
-169.28714346845325,543.38351656211273,162.72525704145636,0.0056227719527442025,0.0056227719527442025,604.5,0.49999921654168583,1
-169.13851451642171,542.90611797011218,162.75057285631371,0.0065781127526199782,-0.0065781127526199782,605,0.49999998102610632,1
-168.99078050151292,542.42844172272612,162.84780843127243,0.00021011747764425993,-0.00021011747764425993,605.5,0.49999993647789293,1
-168.84309666168886,541.95074994566937,162.76260896096181,0.0061581681370102715,0.0061581681370102715,606,0.49999995041280831,1
-168.69427316320119,541.47341207689078,162.62361572662752,0.0028186380862940622,0.0028186380862940622,606.5,0.49999987467218171,1
-168.54477722709902,540.99628425268213,162.60195387295801,0.0013063447876138006,-0.0013063447876138006,607,0.4999999955451454,1
-168.39546289851569,540.51909957131954,162.64184826804802,0.00065512781191879872,-0.00065512781191879872,607.5,0.49999998884740421,1
-168.24630370558293,540.04186636335828,162.6370310599244,0.00099143384498392171,0.00099143384498392171,608,0.49999999961734898,1
-168.09696283090196,539.56468998258572,162.61212151760031,4.8229270067436061e-05,4.8229270067436061e-05,608.5,0.49999999521767924,1
-167.94761322728144,539.08751633354029,162.6379735593782,0.0018530393385362282,-0.0018530393385362282,609,0.49999999544493418,1
-167.79867890368968,538.61021292904275,162.6965602821162,0.00035070807055966616,-0.00035070807055966616,609.5,0.49999997268868385,1
-167.64977657634796,538.13289955076914,162.62447228279098,0.0053834268764952871,0.0053834268764952871,610,0.49999996416674147,1
-167.49959289248019,537.65598812321775,162.39435818831373,0.0084187880260766772,0.0084187880260766772,610.5,0.49999964862907026,1
-167.34779371165089,537.17958813013581,162.31029357602779,0.0025499011866024586,-0.0025499011866024586,611,0.49999994470891695,1
-167.19660213950169,536.70299526209885,162.54046145169588,0.01351895852899806,-0.01351895852899806,611.5,0.49999965335252206,1
-167.04800574630141,536.22558706736572,162.81786000849914,0.0025339587376442996,-0.0025339587376442996,612,0.49999947247019949,1
-166.90001070089596,535.74799171378004,162.6772161612474,0.012352924117921178,0.012352924117921178,612.5,0.49999985523117557,1
-166.74962411911386,535.27114458074527,162.3607068022107,0.0053380223297469593,0.0053380223297469593,613,0.4999993122631079,1
-166.59797400417901,534.79469707624867,162.38725317289112,0.0071913226247191557,-0.0071913226247191557,613.5,0.49999998190079598,1
-166.44800608642166,534.3177182840036,162.73437210895202,0.010858583810045695,-0.010858583810045695,614,0.49999914460730316,1
-166.30023334074977,533.84005400907154,162.80496232491339,0.0059304055233940752,0.0059304055233940752,614.5,0.49999994390978247,1
-166.15106311595434,533.36282532568055,162.42028670019801,0.015596075199904882,0.015596075199904882,615,0.49999897221555972,1
-165.99864522232676,532.88662340606038,162.13791180842506,0.0041176109427413449,0.0041176109427413449,615.5,0.49999948254753374,1
-165.84524706223911,532.41073583597552,162.18435054629197,0.0073595596846632114,-0.0073595596846632114,616,0.49999997487955194,1
-165.69314755796688,531.93443179885571,162.34861976976748,0.0001474783618671551,0.0001474783618671551,616.5,0.49999979497643854,1
-165.5410019732881,531.4581425207183,162.15827080069985,0.013141830042660497,0.013141830042660497,617,0.4999997554058469,1
-165.38611181304768,530.98273944501693,161.78723359355558,0.0075639255760790777,0.0075639255760790777,617.5,0.4999990461247133,1
-165.22944685298017,530.50791730043204,161.7538064977096,0.0052298133792571906,-0.0052298133792571906,618,0.49999997870114693,1
-165.07386904389344,530.03273822723543,161.9679732890624,0.00042953705617764746,-0.00042953705617764746,618.5,0.49999960628406692,1
-164.91817572362888,529.55759739522478,161.62934667190092,0.024073082530854585,0.024073082530854585,619,0.49999922021816973,1
-164.75691725214503,529.08432173129233,160.71358750704536,0.027296114744576522,0.027296114744576522,619.5,0.49999414866176128,1
-164.58963182452135,528.61313752215233,160.32433162505674,0.00011770857353136788,-0.00011770857353136788,620,0.49999897323707659,1
-164.42236161736719,528.14194789109501,160.69657445609619,0.018855595720700506,-0.018855595720700506,620.5,0.49999899061630448,1
-164.25859339386719,527.66952918327229,160.97875105146136,0.00084382152823437792,-0.00084382152823437792,621,0.49999946652895549,1
-164.0950244158019,527.19704128478918,160.7449039548315,0.017169938070491789,0.017169938070491789,621.5,0.49999962479816606,1
-163.9278008819123,526.72583616840404,160.1963359595365,0.015549021154184446,0.015549021154184446,622,0.49999797198994167,1
-163.75694313218719,526.25593510512601,159.88569096194215,0.0061387078334101059,0.0061387078334101059,622.5,0.49999937991056892,1
-163.58454793076586,525.78659530723428,159.79479841394021,0.0016682708260810594,0.0016682708260810594,623,0.49999995135815078,1
-163.41175417898671,525.31740204460834,159.78130940747059,0.00072655645859405959,-0.00072655645859405959,623.5,0.49999999834748599,1
-163.23907199704149,524.84816771225871,159.78864393548082,0.004268009749453361,0.004268009749453361,624,0.49999999461696393,1
-163.06528347547771,524.37934272041684,159.4661902840686,0.018244594160836906,0.018244594160836906,624.5,0.49999932320239598,1
-162.88731241814494,523.9120917991836,158.81659179618293,0.020393253572117416,0.020393253572117416,625,0.49999712063316848,1
-162.70477933143223,523.4466020809773,158.42382387550578,0.0070279249541034773,0.0070279249541034773,625.5,0.49999900549966059,1
-162.52054250977611,522.98178300483005,158.3501363346208,0.00483283896433131,0.00483283896433131,626,0.49999998000433515,1
-162.33494729585505,522.51750547216534,158.00167440695276,0.019496075218237111,0.019496075218237111,626.5,0.49999921076701231,1
-162.14484105930353,522.05505992341318,157.24397692233157,0.029581036352482756,0.029581036352482756,627,0.49999626672252689,1
-161.94852492179868,521.59521520648423,156.58018831790227,0.016760882025103587,0.016760882025103587,627.5,0.49999718952439631,1
-161.74836093217624,521.13702986775661,156.28355731737585,0.0039492403506556336,0.0039492403506556336,628,0.49999942736618497,1
-161.54656884697951,520.67955892825466,156.07031410411838,0.011797252925161249,0.011797252925161249,628.5,0.49999970613675015,1
-161.34208213574891,520.22328728074262,155.60705114752705,0.020544976555740078,0.020544976555740078,629,0.49999863139138495,1
-161.13304402198787,519.76908421826363,154.97989869945434,0.018124753333758573,0.018124753333758573,629.5,0.49999735496307562,1
-160.91997209255879,519.31675738329363,154.63042375235528,0.006274164803070751,0.006274164803070751,630,0.49999921274398262,1
-160.70537070719294,518.86515334125306,154.53974450911215,0.0051598775581306114,0.0051598775581306114,630.5,0.49999996538832453,1
-160.4895224164832,518.41414442551854,154.26850872689488,0.013776019609602697,0.013776019609602697,631,0.49999952667412056,1
-160.27061325551358,517.96461442424265,153.78121779342064,0.018073725262559761,0.018073725262559761,631.5,0.49999844280109723,1
-160.04769182637028,517.51706069463967,153.26432545486486,0.018012731548596748,0.018012731548596748,632,0.49999830444995924,1
-159.82074868216682,517.07153277709074,152.74956873980787,0.017572796519504334,0.017572796519504334,632.5,0.49999831601360245,1
-159.59003757831348,516.62794379009358,152.31560706334727,0.012723347363433411,0.012723347363433411,633,0.49999880282495551,1
-159.35650889305597,516.18583091001312,152.02063655767734,0.0078030010986827455,0.0078030010986827455,633.5,0.49999944557083176,1
-159.12128925099097,515.74461486881432,151.8820292113553,0.0018735075202813652,0.0018735075202813652,634,0.4999998750243142,1
-158.88565627958886,515.30361929789615,151.91273729883133,0.0031774945598242138,-0.0031774945598242138,634.5,0.49999999078123608,1
-158.65008202068898,514.86259245735505,151.80236711373419,0.010883134455880855,0.010883134455880855,635,0.49999990553387963,1
-158.41211204435652,514.42285548875509,151.28913215819634,0.024947873543321921,0.024947873543321921,635.5,0.4999983111863035,1
-158.16965625985563,513.9855759284726,150.76213610069544,0.011602391418040457,0.011602391418040457,636,0.49999822127562693,1
-157.92466693604183,513.54970886763363,150.62435392385359,0.0019827886560830521,-0.0019827886560830521,636.5,0.49999986350712805,1
-157.67973597696792,513.11380889111274,150.6840676131973,0.0018361723948609081,0.0018361723948609081,637,0.49999996424377435,1
-157.4343948440951,512.6781398531715,150.50181718681688,0.010887611030711621,0.010887611030711621,637.5,0.4999997820999173,1
-157.18671594832961,512.24379663351192,150.09552705990444,0.012582945579214411,0.012582945579214411,638,0.49999886787058156,1
-156.93654215245752,511.81088456142487,149.92014128228976,0.00033829841558467372,-0.00033829841558467372,638.5,0.49999979029970698,1
-156.68642086167509,511.37794215795384,150.08498972350708,0.0056604248723727477,-0.0056604248723727477,639,0.49999978482589647,1
-156.43714482942457,510.94451231842447,150.03617793756541,0.0090684942750921,0.0090684942750921,639.5,0.49999996604901442,1
-156.18590674672097,510.512218436414,149.56574921159054,0.022969873746221961,0.022969873746221961,640,0.49999857462222808,1
-155.93056430262428,510.08233629195337,149.06881610830726,0.011722896562909278,0.011722896562909278,640.5,0.49999842188085875,1
-155.67270574386765,509.65395706877825,148.89403917714938,0.00047925738685236868,0.00047925738685236868,641,0.49999979517211501,1
-155.4145442612876,509.22576011180308,148.93685263739349,0.0012747475026153587,-0.0012747475026153587,641.5,0.49999998505072563,1
-155.15665029997442,508.79740196506827,148.95762845570223,0.0001756707808794677,-0.0001756707808794677,642,0.49999999715588711,1
-154.89863347463876,508.36911788469871,148.8595873715829,0.0091890502637604829,0.0091890502637604829,642.5,0.49999993565429174,1
-154.63864494964946,507.94202921980758,148.42004650911824,0.021497535542802277,0.021497535542802277,643,0.49999876080306238,1
-154.37438045257289,507.51757456217558,147.81490527803081,0.013635426501856241,0.013635426501856241,643.5,0.49999748079428097,1
-154.1072750876819,507.09489903549689,147.69426752898949,0.0052127086306527079,-0.0052127086306527079,644,0.49999987680664265,1
-153.84099490475467,506.67170355924026,147.93830705736619,0.0050331727366661376,-0.0050331727366661376,644.5,0.49999954694363735,1
-153.57573280561073,506.24786867611738,147.9286492355277,0.0057074939298524079,0.0057074939298524079,645,0.49999998939403351,1
-153.30928158567716,505.82478103397602,147.63330587431562,0.012066183675926953,0.012066183675926953,645.5,0.49999940553646577,1
-153.04040284268658,505.40323202238267,147.31274553866729,0.010313314564469057,0.010313314564469057,646,0.49999934760710441,1
-152.7693540395359,504.98307481032703,147.04324695173551,0.0080759276801972268,0.0080759276801972268,646.5,0.49999953653156942,1
-152.4967029062087,504.56395524051857,146.89318782453611,0.00240008456343015,0.00240008456343015,647,0.49999985430101346,1
-152.22354892912892,504.14516304740783,146.90573157406445,0.003275720189883799,-0.003275720189883799,647.5,0.49999999620499391,1
-151.95068004195656,503.72618505662422,146.88926863722745,0.0066248449175712728,0.0066248449175712728,648,0.49999998634776111,1
-151.67642346853577,503.3081151371797,146.52095081476426,0.019089008735930873,0.019089008735930873,648.5,0.49999912560809345,1
-151.39864250701325,502.892379485579,146.02884214854646,0.011270421243868957,0.011270421243868957,649,0.4999983945936578,1
-151.1185290050511,502.47821009015695,145.88922326334688,0.0015228344300923296,-0.0015228344300923296,649.5,0.49999986208574587,1
-150.83852800151325,502.06396457931709,146.00467016848907,0.0040199584170697135,-0.0040199584170697135,650,0.49999990523317123,1
-150.55935328405658,501.64916172316833,146.10788137413846,0.0031854905778910102,-0.0031854905778910102,650.5,0.49999993233617018,1
-150.28094089799418,501.23384687044614,146.24638250402083,0.0081873000068951284,-0.0081873000068951284,651,0.4999998836045994,1
-150.00423847605535,500.81739155659955,146.58704938540174,0.015595935661384751,-0.015595935661384751,651.5,0.49999925873733636,1
-149.73069294447313,500.39885688500135,147.0763937551927,0.01609638763697287,-0.01609638763697287,652,0.49999842917593806,1
-149.46050720082928,499.97814489405249,147.48961787407927,0.012752416585332589,-0.012752416585332589,652.5,0.49999891539535735,1
-149.19303341274156,499.55570309163312,147.82344243072683,0.011317652996452343,-0.011317652996452343,653,0.49999930374484064,1
-148.9279616450188,499.13174991010357,148.145400116372,0.01115925768614524,-0.01115925768614524,653.5,0.49999934217226732,1
-148.66525966758485,498.70632420432543,148.46304123491504,0.011046627955897321,-0.011046627955897321,654,0.49999936008412493,1
-148.40491286533654,498.27945313682619,148.77918726422141,0.011024512317070195,-0.011024512317070195,654.5,0.4999993657084531,1
-148.14692306689477,497.8511534379852,149.09495911294647,0.01129316392716494,-0.01129316392716494,655,0.49999936812690654,1
-147.89149311099766,497.42132257408787,149.48474996549476,0.015919820993177739,-0.015919820993177739,655.5,0.49999903392739903,1
-147.63949304989202,496.98947279038725,150.00711663529162,0.020548328082419461,-0.020548328082419461,656,0.49999826647650442,1
-147.39177131699608,496.55515510587333,150.57803663687048,0.017930385208837937,-0.017930385208837937,656.5,0.49999790802613109,1
-147.14795065611042,496.11863455847134,151.02983833379682,0.013611980098837878,-0.013611980098837878,657,0.49999870297716487,1
-146.90710923250231,495.68046253999313,151.35956888068466,0.0094525923570906428,-0.0094525923570906428,657.5,0.49999930910237816,1
-146.66834137408034,495.24115669798044,151.57167145130498,0.0053548185255518823,-0.0053548185255518823,658,0.49999971304180479,1
-146.43100705102083,494.80107480298324,151.81391002251178,0.016425462073831325,-0.016425462073831325,658.5,0.49999965520633094,1
-146.19732394095701,494.35904677799533,152.54590263733422,0.034680508545565543,-0.034680508545565543,659,0.49999657079204946,1
-145.97114122087117,493.91313974933132,153.6626550789328,0.035736734357344514,-0.035736734357344514,659.5,0.49999170100851809,1
-145.75286338634797,493.46330619447644,154.50908936983188,0.023359426093511205,-0.023359426093511205,660,0.49999544009672298,1
-145.53990514681294,493.01092686880293,155.04240850057778,0.017022702261158627,-0.017022702261158627,660.5,0.49999826607967912,1
-145.33087311175944,492.55671978418388,155.53383337908801,0.017284961562606477,-0.017284961562606477,661,0.49999846739438758,1
-145.125773385174,492.10072359297448,156.03101202224715,0.016932615401746995,-0.016932615401746995,661.5,0.49999842424042834,1
-144.92448033498439,491.64303390115941,156.47540046351057,0.014091566102230635,-0.014091566102230635,662,0.49999874604682926,1
-144.72641695964174,491.18393689380753,156.83885006533114,0.011775237156047412,-0.011775237156047412,662.5,0.49999916281088269,1
-144.53134466302174,490.72356133590029,157.26298142869211,0.017835609143049831,-0.017835609143049831,663,0.49999885522569348,1
-144.34038613277468,490.26146549249154,157.86080090730837,0.023900505986040807,-0.023900505986040807,663.5,0.49999772876459964,1
-144.15468375039669,489.79723278532504,158.49289322872499,0.016845528143372979,-0.016845528143372979,664,0.49999738121714515,1
-143.97288561612947,489.33145516473712,158.80917753735588,0.0052360457868602999,-0.0052360457868602999,664.5,0.49999935346316021,1
-143.79247597176467,488.86513732454586,158.89433139843689,0.0051793116135228729,-0.0051793116135228729,665,0.4999999678604799,1
-143.61331717527972,488.39833788369879,159.14636616742135,0.012415902023172569,-0.012415902023172569,665.5,0.49999959233290781,1
-143.43704385675164,487.93044213990572,159.59363978951987,0.017935462100591968,-0.017935462100591968,666,0.49999870988290124,1
-143.26495578194616,487.46099176945211,160.16102472647535,0.02167649093612747,-0.02167649093612747,666.5,0.49999795580511602,1
-143.0979294719958,486.98971742318889,160.79563024780094,0.017037724073228077,-0.017037724073228077,667,0.49999729765415102,1
-142.93462943911507,486.51713637127494,160.97703715388855,0.0043727515613576108,0.0043727515613576108,667.5,0.49999975136687891,1
-142.77030981624779,486.04490984527462,160.56975642343497,0.016770208746785531,0.016770208746785531,668,0.49999883031621506,1
-142.60301639627136,485.57372752880906,160.45843452008836,0.008998374068571376,-0.008998374068571376,668.5,0.4999998637172417,1
-142.4378456051046,485.10179950735812,161.0851497975097,0.033797622872761272,-0.033797622872761272,669,0.49999744767873316,1
-142.27880095398501,484.62777174025871,161.7030641027001,0.0093422119271149989,-0.0093422119271149989,669.5,0.49999752502488232,1
-142.12197173637651,484.15300390080489,161.6205146006528,0.015105433386630441,0.015105433386630441,670,0.49999990487533308,1
-141.96248159753392,483.67912432160682,161.22538075912752,0.0081036202712619805,0.0081036202712619805,670.5,0.49999895996788463,1
-141.80107627466938,483.2058925739845,161.1663508165509,0.0039824605795874424,-0.0039824605795874424,671,0.4999999652066815,1
-141.64050217243698,482.73237846740079,161.39376713740208,0.0099025503229831207,-0.0099025503229831207,671.5,0.49999965144138675,1
-141.48226251722198,482.25807947432156,161.72012108970702,0.012881403130934352,-0.012881403130934352,672,0.49999932331807573,1
-141.32700773436085,481.78279527493248,162.08063611098035,0.0089588415101234387,-0.0089588415101234387,672.5,0.49999911778939848,1
-141.17382395928269,481.30683871472553,162.18901959934072,0.0013921469376205972,0.0013921469376205972,673,0.49999991615122463,1
-141.02032544430296,480.8309836956326,162.0209624693438,0.007011724368976467,0.007011724368976467,673.5,0.49999979329687527,1
-140.865379724749,480.35559782176688,161.90043536970717,0.0014026537236534885,0.0014026537236534885,674,0.49999990507915537,1
-140.71010052594326,479.88032068419182,161.94026436404738,0.0039661775027810446,-0.0039661775027810446,674.5,0.49999998708329846,1
-140.55569106511206,479.4047604264029,162.09843965158569,0.0070766037077991187,-0.0070766037077991187,675,0.49999984038241541,1
-140.4029653206031,478.92865701531758,162.34572736599051,0.01018736655135657,-0.01018736655135657,675.5,0.49999961108273977,1
-140.25244546472797,478.45185162046261,162.59098408225179,0.0060240681165327535,-0.0060240681165327535,676,0.49999961157533079,1
-140.10336170287516,477.97459490902526,162.68901637532235,0.00081992788649653051,-0.00081992788649653051,676.5,0.49999993666017339,1
-139.95456883030121,477.49724736200841,162.68980847036272,0.0010876936915204863,-0.0010876936915204863,677,0.49999999957180924,1
-139.80604836350693,477.01981502719383,162.76491581981037,0.0041558000540821947,-0.0041558000540821947,677.5,0.49999996338329095,1
-139.65849922023975,476.5420817277847,162.91005368444689,0.0042869639128820698,-0.0042869639128820698,678,0.49999985504318673,1
-139.51192192213486,476.06404923379131,162.97774785354198,0.00043899694084759215,-0.00043899694084759215,678.5,0.49999996963327442,1
-139.36545092358966,475.58598413941644,162.93815638061511,0.0021787369423491112,0.0021787369423491112,679,0.49999998787448013,1
-139.21862816276877,475.10802695003002,162.9258911107494,0.0013224631044497243,-0.0013224631044497243,679.5,0.49999999798123229,1
-139.07212148831246,474.62997282747727,163.01392780160671,0.004823642691401067,-0.004823642691401067,680,0.49999994974992146,1
-138.92670234014122,474.15158689168982,163.17624441370779,0.0063288657690783031,-0.0063288657690783031,680.5,0.49999983221406319,1
-138.78279770302518,473.67274328329955,163.37629330647678,0.007637207805667838,-0.007637207805667838,681,0.49999974587964219,1
-138.64062073637996,473.19338383541202,163.56003531343438,0.003416414132000627,-0.003416414132000627,681.5,0.49999977012342373,1
-138.49925201351155,472.71378516971134,163.56003591129479,0.0034163743801736675,0.0034163743801736675,682,0.49999999594731498,1
-138.3570999522789,472.23441830046494,163.39577142039525,0.0048363512998884891,0.0048363512998884891,682.5,0.49999980384375287,1
-138.21390058391711,471.75536305927125,163.3503030675144,0.0016620479860330994,-0.0016620479860330994,683,0.49999998321436179,1
-138.07109778332759,471.27618956971259,163.48722343532563,0.0064480421467022478,-0.0064480421467022478,683.5,0.49999987295201914,1
-137.92957143811964,470.79663748429334,163.60573167791424,0.0018254047017544264,-0.0018254047017544264,684,0.49999990901785668,1
-137.7884828160368,470.31695633994156,163.59181204796676,0.0027971826323221756,0.0027971826323221756,684.5,0.49999999952787222,1
-137.64692809284506,469.83741256640218,163.52850518456543,0.00085677535077660735,0.00085677535077660735,685,0.49999997039827537,1
-137.50516841570996,469.35792931153605,163.54417102485479,0.0019504509172249809,-0.0019504509172249809,685.5,0.49999999775846055,1
-137.3638034370554,468.87832956245308,163.59739510910407,0.00014623407218421501,0.00014623407218421501,686,0.49999997651046152,1
-137.22238437314223,468.39874577802419,163.51830089531546,0.005375630011636344,0.005375630011636344,686.5,0.49999995792520213,1
-137.07969547404369,467.91953854084028,163.30920265619824,0.0065019807589560353,0.0065019807589560353,687,0.49999969809530354,1
-136.93559086773618,467.44075486271595,163.22239947514251,0.00044193071786283812,-0.00044193071786283812,687.5,0.49999994799730113,1
-136.79159202126502,466.96193939899018,163.33414114156565,0.0066845550714629736,-0.0066845550714629736,688,0.49999991608793914,1
-136.64853284796706,466.48284227178823,163.35883996956377,0.0049602614560631695,0.0049602614560631695,688.5,0.49999998435785914,1
-136.50428602818303,466.00410201069275,163.04992224014012,0.016606573950217911,0.016606573950217911,689,0.49999938261119492,1
-136.35649507065216,465.52644466560025,162.61488739311957,0.0086302104492544003,0.0086302104492544003,689.5,0.49999870644703054,1
-136.20666284670631,465.04942236188344,162.58148851205084,0.0062983757262506448,-0.0062983757262506448,690,0.49999997357584935,1
-136.05824640915611,464.57195843729914,162.9061685475333,0.010483131948256005,-0.010483131948256005,690.5,0.4999992382139522,1
-135.91217886902186,464.09377011126026,163.08001215583417,0.0016535109200724195,-0.0016535109200724195,691,0.49999980144070783,1
-135.76650729494648,463.61546085290502,163.00263481491879,0.0062255696810509988,0.0062255696810509988,691.5,0.49999995412193526,1
-135.61954674439636,463.13754626916563,162.80531914675777,0.0075497106580375639,0.0075497106580375639,692,0.4999997527687286,1
-135.47078321298886,462.6601899448678,162.57006599037311,0.0088740837695608973,0.0088740837695608973,692.5,0.49999964862384055,1
-135.32005521688558,462.18345019116941,162.36365422318516,0.0045223928738464527,0.0045223928738464527,693,0.4999997215656285,1
-135.16825108609345,461.70705173652516,162.31410828513123,0.0010634010620380512,-0.0010634010620380512,693.5,0.49999998171298726,1
-135.01668465534124,461.23057765590943,162.41353932259636,0.0051399251425528853,-0.0051399251425528853,694,0.49999993242956614,1
-134.86632954842693,460.75372010467578,162.59847832900343,0.007771270781417621,-0.007771270781417621,694.5,0.49999978234371734,1
-134.71782534876263,460.27628311503292,162.85234980145296,0.0078634922976056603,-0.0078634922976056603,695,0.49999957639698595,1
-134.57088184299764,459.79836306628283,162.91023206142114,0.003822519358464227,0.003822519358464227,695.5,0.49999996688379716,1
-134.42302529251444,459.32072518878766,162.63332599838634,0.015509325074024699,0.015509325074024699,696,0.49999950153863248,1
-134.27214390039634,458.8440344430681,162.30036600638562,0.0048979092535821724,0.0048979092535821724,696.5,0.4999992615416245,1
-134.12009741691369,458.36771330281726,162.35861239798493,0.0089643626480043342,-0.0089643626480043342,697,0.49999996178929085,1
-133.97000653169871,457.89077316552243,162.6978696821148,0.0084053738597721899,-0.0084053738597721899,697.5,0.49999916838673797,1
-133.82183545831253,457.41323228962767,162.76975117333217,0.0033869881695227826,0.0033869881695227826,698,0.49999995513874596,1
-133.67286524354546,456.93594051615952,162.51983185657531,0.0097935825805389645,0.0097935825805389645,698.5,0.49999956190793116,1
-133.52207183283036,456.45922121584567,162.44180337831261,0.0043461324172564654,-0.0043461324172564654,699,0.49999994400681125,1
-133.37231495226621,455.98217595539131,162.76886480290312,0.018487374480949784,-0.018487374480949784,699.5,0.49999930379779067,1
-133.2261783596617,455.50400966027524,163.17460939375155,0.0066164778672643549,-0.0066164778672643549,700,0.49999890948189313,1
-133.08162194575652,455.02536217491593,163.14145582352086,0.0089310205899776774,0.0089310205899776774,700.5,0.49999997204192265,1
-132.93509429356976,454.54731544937636,162.77471884053688,0.0097162738922577426,0.0097162738922577426,701,0.49999902465351903,1
-132.78636183817636,454.06994915559164,162.67351874290688,0.0026510846247717853,-0.0026510846247717853,701.5,0.49999992172909569,1
-132.63825829753804,453.5923877128684,162.91819674099114,0.011658077564803804,-0.011658077564803804,702,0.49999959032534275,1
-132.49251098303392,453.11410185401928,163.15420397142975,0.0048183679207709513,-0.0048183679207709513,702.5,0.499999642460075,1
-132.34791627970273,452.63546591980725,163.19427324989948,0.0020209749992268771,0.0020209749992268771,703,0.4999999857504645,1
-132.20293879113484,452.15694586213596,163.08214731593978,0.0051712766002929107,0.0051712766002929107,703.5,0.49999991778517999,1
-132.05672545829634,451.67880210763019,162.89987782897273,0.0075534637065697591,0.0075534637065697591,704,0.499999788672567,1
-131.9087861963848,451.20118961104782,162.70608199696341,0.0020193902641812578,0.0020193902641812578,704.5,0.49999972210649718,1
-131.76044336138125,450.72370215319069,162.84081498743916,0.011425981030946719,-0.011425981030946719,705,0.49999986910774363,1
-131.61482879328707,450.24537728597369,163.3535335632773,0.020881950188608358,-0.020881950188608358,705.5,0.49999828103645644,1
-131.4733759830437,449.76580420056189,163.69265469024799,0.0027939111863875253,-0.0027939111863875253,706,0.49999924177656868,1
-131.33259315359771,449.28603346035646,163.51363457865673,0.015292221347759665,0.015292221347759665,706.5,0.49999976822402348,1
-131.18879425083983,448.807158978362,163.11277366770236,0.0070287156911867515,0.0070287156911867515,707,0.49999889393861563,1
-131.04332625883782,448.32878774189737,163.13312818935339,0.0084498148319377148,-0.0084498148319377148,707.5,0.49999997657379069,1
-130.89978667774702,447.84983543414182,163.51939432766855,0.011527445796167782,-0.011527445796167782,708,0.49999892444293309,1
-130.75880643096187,447.37012258026863,163.66433565134969,0.0014084150456624563,0.0014084150456624563,708.5,0.49999985215474502,1
-130.61748926833644,446.89050906513438,163.4417771542175,0.012078950558681132,0.012078950558681132,709,0.49999966435181714,1
-130.47398424299047,446.4115455283594,163.25232976639256,0.001147010002538392,0.001147010002538392,709.5,0.49999976185949307,1
-130.33020451337197,445.93266424680172,163.37605745114291,0.0097848941864424992,-0.0097848941864424992,710,0.49999989247548005,1
-130.18841855873453,445.45318927344863,163.63950873799914,0.0040199950139836703,-0.0040199950139836703,710.5,0.49999950700415596,1
-130.04757742452077,444.97343543983459,163.58149612335581,0.0080701520419932376,0.0080701520419932376,711,0.49999996595398521,1
-129.90485520701344,444.49423873703284,163.22701966455563,0.011081215895122698,0.011081215895122698,711.5,0.49999911134548186,1
-129.75970075898439,444.0157724074441,163.07531924687561,0.00049033913473314349,-0.00049033913473314349,712,0.49999984233271427,1
-129.61466360109088,443.53727057240508,163.25476687420837,0.011408451692608259,-0.011408451692608259,712.5,0.49999978330549577,1
-129.47172910719704,443.0581366013995,163.49461647442959,0.0053361710974325575,-0.0053361710974325575,713,0.49999963171613138,1
-129.33007340050654,442.5786226495614,163.56050906763545,0.0007359671597287024,0.0007359671597287024,713.5,0.49999996924537632,1
-129.18829727045321,442.09914430073661,163.48352195385104,0.0034514313983359524,0.0034514313983359524,714,0.49999995804463865,1
-129.04570310047129,441.61990863450927,163.37206558828871,0.0043296687737667669,0.0043296687737667669,714.5,0.49999992109718783,1
-128.90206814538595,441.14098392518787,163.23140908729988,0.0060739418846246541,0.0060739418846246541,715,0.4999998775209421,1
-128.75694694587526,440.66250768121301,163.00674429374203,0.0096107414743744051,0.0096107414743744051,715.5,0.49999967859560368,1
-128.60952826748249,440.18473466214908,162.68074865950237,0.013148069274006033,0.013148069274006033,716,0.49999932448407808,1
-128.45948065589164,439.7077804059881,162.45077821991441,0.0018590661676328045,0.0018590661676328045,716.5,0.49999964821406817,1
-128.30898990854635,439.23096553303651,162.57537050863328,0.010557320734218875,-0.010557320734218875,717,0.49999988810437423,1
-128.16078425474998,438.75343621806172,162.91468290472972,0.0065080541810093595,-0.0065080541810093595,717.5,0.4999991624767976,1
-128.01406165684108,438.27544829605307,162.88442620962451,0.0086205596414831338,0.0086205596414831338,718,0.49999997432328613,1
-127.86529144175552,437.79809508927468,162.43831282125234,0.018277712680598364,0.018277712680598364,718.5,0.49999866091642281,1
-127.71261721997053,437.32197577000539,162.04768980589355,0.008993148187773305,0.008993148187773305,719,0.49999902417814995,1
-127.55780332452684,436.84654696180723,161.92302105714316,0.0002893880820772382,-0.0002893880820772382,719.5,0.49999989388715843,1
-127.40289791340929,436.37114789234533,161.99880582902398,0.0044089766562981948,-0.0044089766562981948,720,0.49999996163873783,1
-127.24904059342747,435.89540875366646,162.17453873083144,0.0078594839071084287,-0.0078594839071084287,720.5,0.49999980298286895,1
-127.09697572575026,435.41909380709279,162.39751874005088,0.0047313994255993985,-0.0047313994255993985,721,0.49999965231104115,1
-126.94599382551819,434.94243411886362,162.41041443112067,0.0038310840740373828,0.0038310840740373828,721.5,0.49999999258042188,1
-126.79410669404625,434.46606245128584,162.18946255195038,0.0089931346925496199,0.0089931346925496199,722,0.49999966637749738,1
-126.64033565085967,433.99029541469008,162.01636810656854,0.0030911622479367173,0.0030911622479367173,722.5,0.4999998068337585,1
-126.48582939143763,433.51476643274111,162.01234982819534,0.00281062569236439,-0.00281062569236439,723,0.49999999687401214,1
-126.33162248358178,433.03914029445548,162.02880557708912,0.0028471657651125497,0.0028471657651125497,723.5,0.49999999385096772,1
-126.17673815204486,432.56373454091704,161.84727908094348,0.0098256997234145178,0.0098256997234145178,724,0.49999978665304401,1
-126.01970581921978,432.08903429920025,161.58182752788011,0.0028298898800222546,0.0028298898800222546,724.5,0.49999947303818776,1
-125.86207277389521,431.61453284924335,161.74622738505383,0.014307911307278584,-0.014307911307278584,725,0.49999980298946417,1
-125.70780532378525,431.13892903766032,162.35858666165677,0.020849074369118072,-0.020849074369118072,725.5,0.49999743174913597,1
-125.55795728013693,430.66191234164398,162.66607420305598,0.00061872533134811722,-0.00061872533134811722,726,0.49999936446316534,1
-125.40825680677628,430.18484917688818,162.39405144762478,0.019610213207063753,0.019610213207063753,726.5,0.49999949489097262,1
-125.25506015373541,429.70889779617482,161.98801511156586,0.0071697704095366093,0.0071697704095366093,727,0.49999893130472955,1
-125.10015805644902,429.23349762479234,161.98437425289615,0.0069155565161336642,-0.0069155565161336642,727.5,0.49999998269422374,1
-124.94668452338188,428.75763491872152,162.26957228131369,0.0092523992856955763,-0.0092523992856955763,728,0.4999994403808356,1
-124.79539184593885,428.28107409562074,162.4894353432087,0.0060969532452142374,-0.0060969532452142374,728.5,0.49999969236228026,1
-124.64553801721878,427.80405865050011,162.60473976844816,0.00027528375149623511,-0.00027528375149623511,729,0.49999990486568563,1
-124.49567867904682,427.32704497715775,162.46444071630447,0.010070189249244417,0.010070189249244417,729.5,0.49999986579288869,1
-124.34342132016489,426.85079243527019,162.03297769635739,0.017031092906302177,0.017031092906302177,730,0.49999878698659128,1
-124.18799807143215,426.37556264229806,161.84720705149206,0.0040612640181715729,-0.0040612640181715729,730.5,0.49999974237490746,1
-124.03354052123403,425.9000190427422,162.26570923294906,0.025156903684270402,-0.025156903684270402,731,0.49999884989042792,1
-123.88406756841154,425.42288645088598,162.85497316733921,0.010143860631354298,-0.010143860631354298,731.5,0.49999767383149663,1
-123.73700873238519,424.94500189040565,162.83084284749953,0.011828171872200586,0.011828171872200586,732,0.49999995439890343,1
-123.58748842927298,424.46788318303311,162.3937798057101,0.0086943526580327384,0.0086943526580327384,732.5,0.49999858196560032,1
-123.43599931172851,423.99138448799505,162.42726208130239,0.011032231444476201,-0.011032231444476201,733,0.49999995910737549,1
-123.28708019290225,423.51407842404274,162.96069018434565,0.017325330677241089,-0.017325330677241089,733.5,0.49999798263356787,1
-123.14184407421413,423.03563704545473,163.17173460399573,0.0025909056251332031,0.0025909056251332031,734,0.49999968291667629,1
-122.99599146192085,422.55738379429107,162.82071060810847,0.017921024161054001,0.017921024161054001,734.5,0.49999915676067874,1
-122.84679360795674,422.08016324992207,162.53140526866764,0.0022764694015285193,0.0022764694015285193,735,0.49999944759503961,1
-122.69705254077324,421.60311248597736,162.69027478374636,0.0133679170434747,-0.0133679170434747,735.5,0.49999981858144504,1
-122.54990877329082,421.12525488868215,163.04411328062807,0.0080861128001132841,-0.0080861128001132841,736,0.49999917160098745,1
-122.40469430904038,420.64680668092024,163.14503069977229,0.0010406247794817506,0.0010406247794817506,736.5,0.49999992813812633,1
-122.25935942470477,420.16839502698281,163.05700215770463,0.0022171508762841114,0.0022171508762841114,737,0.49999993922798724,1
-122.11351810819417,419.69013745212101,163.04159480495065,0.0011415273337727575,-0.0011415273337727575,737.5,0.49999999751423474,1
-121.96794563489649,419.21179801695689,163.11890182335887,0.0039269361486928139,-0.0039269361486928139,738,0.49999996021512694,1
-121.82330258441762,418.73317680893933,163.26027155714161,0.0059425180611248187,-0.0059425180611248187,738.5,0.49999987281600455,1
-121.68007805904897,418.25412932648248,163.45159883401615,0.0051841729214686322,-0.0051841729214686322,739,0.49999975511526079,1
-121.5378015470654,417.77479919262748,163.42614483677073,0.0069613214031954531,0.0069613214031954531,739.5,0.499999983083663,1
-121.39385772729479,417.29596803341877,163.0527988573844,0.018759163467477132,0.018759163467477132,740,0.49999910227850541,1
-121.24633347518495,416.81822782235537,162.68167561518158,0.0071502687913755541,0.0071502687913755541,740.5,0.49999911422668819,1
-121.09710188293909,416.34101727056805,162.64309972249356,0.0044570309391392419,-0.0044570309391392419,741,0.49999997886139791,1
-120.94870807097843,415.86354576723738,162.83240071913019,0.0066723813256621047,-0.0066723813256621047,741.5,0.49999975992100021,1
-120.80190273363938,415.38558344971329,163.01686251769974,0.0062054384633861278,-0.0062054384633861278,742,0.49999978404418216,1
-120.65650201754799,414.90719185442055,163.13973318173876,2.3816054824911677e-05,-2.3816054824911677e-05,742.5,0.49999988668661643,1
-120.51108014738122,414.42880671951514,162.99474769263219,0.010145880777572138,0.010145880777572138,743,0.49999985762124732,1
-120.36329118217979,413.95114848395247,162.61280906093663,0.010348121217938239,0.010348121217938239,743.5,0.49999896823508905,1
-120.21327910056131,413.47418273637481,162.54543732806297,0.0056445480023606474,-0.0056445480023606474,744,0.499999948993816,1
-120.06460817075657,412.99679821079008,162.92346610745366,0.016261732585689848,-0.016261732585689848,744.5,0.49999903063583184,1
-119.91907254430883,412.51844789847843,163.15379658744769,0.00018129809674249147,0.00018129809674249147,745,0.49999963985405677,1
-119.77349356339148,412.04011081114976,162.91307757090721,0.016624405596183757,0.016624405596183757,745.5,0.49999960879885524,1
-119.62497842491,411.56267748863689,162.59115743289578,0.004591968115417038,0.004591968115417038,746,0.49999932380339168,1
-119.47536738816599,411.08558577874919,162.6508005514201,0.0087558274165515648,-0.0087558274165515648,746.5,0.499999961959186,1
-119.32733756099532,410.60800138653366,162.86077792909816,0.0015780740894345401,-0.0015780740894345401,747,0.49999968141995843,1
-119.17967486506969,410.13030315881542,162.72467383889699,0.011080101325840135,0.011080101325840135,747.5,0.49999986853315165,1
-119.02956153761083,409.65337027064504,162.35190924303217,0.0078359954909922678,0.0078359954909922678,748,0.49999899089829236,1
-118.87768233107896,409.17699575001819,162.35797294568354,0.008259369580889929,-0.008259369580889929,748.5,0.49999997727921036,1
-118.72773089142187,408.70001219594718,162.78369103653046,0.016274492782410787,-0.016274492782410787,749,0.49999874510787229,1
-118.58142789561215,408.22189657815426,163.15729750077043,0.0098083085198978764,-0.0098083085198978764,749.5,0.49999911055961643,1
-118.43747072673737,407.74306873289754,163.34443899334607,0.0027659965703051258,-0.0027659965703051258,750,0.49999977186357969,1
-118.29408162197544,407.26407027186627,163.27598623433914,0.0075451607285938341,0.0075451607285938341,750.5,0.49999996103475058,1
-118.14888667595733,406.78561695317217,162.91211490820851,0.017857905041636545,0.017857905041636545,751,0.49999915051788502,1
-118.00018608481643,406.30824154602266,162.55081864377831,0.0055365722741629536,0.0055365722741629536,751.5,0.49999914515608024,1
-117.85016477525824,405.83127868031193,162.5971751189922,0.0087728234722318135,-0.0087728234722318135,752,0.49999996858854945,1
-117.70200359724839,405.35373548898338,162.93398909301172,0.011233293980445917,-0.011233293980445917,752.5,0.49999923425293435,1
-117.55650945126041,404.87537272390114,163.21966418620678,0.0087106437991215421,-0.0087106437991215421,753,0.499999481533628,1
-117.41307358447403,404.39638848822403,163.41393650548054,0.0034940657813045282,-0.0034940657813045282,753.5,0.49999974590787327,1
-117.27044687844042,403.91716242881643,163.40008667089865,0.0044610199130441829,0.0044610199130441829,754,0.49999999328934236,1
-117.12676005202795,403.43825352607564,163.17062109320949,0.0088998549053799364,0.0088998549053799364,754.5,0.49999964120874224,1
-116.98119189785727,402.9599129136368,163.00822835071833,0.0024373643961273545,0.0024373643961273545,755,0.49999982901699475,1
-116.83504083986742,402.48174990654826,163.03083190751573,0.0037459439700145486,-0.0037459439700145486,755.5,0.49999999309950877,1
-116.68949062018294,402.0034037031503,163.11312721476929,0.0019993364808593714,-0.0019993364808593714,756,0.49999995675544284,1
-116.54441864931476,401.52491220228541,163.14538506300528,0.00025268605795890424,-0.00025268605795890424,756.5,0.49999999313151189,1
-116.39949652432657,401.04637529273765,163.1700961877516,0.0024315536350547722,-0.0024315536350547722,757,0.49999999611061258,1
-116.2551593492893,400.56766171560832,163.28914508015242,0.0058796421386526519,-0.0058796421386526519,757.5,0.49999990902568536,1
-116.11215327531224,400.08854892944498,163.45440777112145,0.0023336328207284401,-0.0023336328207284401,758,0.49999979905949227,1
-115.96964913309412,399.60928644856853,163.37972174600043,0.0075477095745424194,0.0075477095745424194,758.5,0.49999995612517539,1
-115.82535994988399,399.13055909716513,163.05144700583975,0.0098789464999949686,0.0098789464999949686,759,0.49999924537258555,1
-115.67913205419583,398.6524196091064,163.02349318650192,0.0079274850881444481,-0.0079274850881444481,759.5,0.49999996751844961,1
-115.53480104918182,398.17370564668499,163.5057019856942,0.025737470827276281,-0.025737470827276281,760,0.49999849682330094,1
-115.39515220074495,397.69360477871146,163.96189347544833,0.0058988202800089977,-0.0058988202800089977,760.5,0.49999864429684804,1
-115.25691972783713,397.21309290591898,163.84370401725124,0.014150069808947459,0.014150069808947459,761,0.49999987646072797,1
-115.11593105858337,396.73338348207403,163.45688457872606,0.0057349766415838652,0.0057349766415838652,761.5,0.49999893618246949,1
-114.97359085301947,396.25407232632034,163.54913391911072,0.012175650460641951,-0.012175650460641951,762,0.49999991814990563,1
-114.83403691665194,395.77394432297882,164.05326029694731,0.015259292842391735,-0.015259292842391735,762.5,0.49999820074515067,1
-114.69797115294077,395.2928147126114,164.30143668151362,0.0020672198527408648,-0.0020672198527408648,763,0.49999959402644345,1
-114.56240712433593,394.81154318983033,164.18009932826359,0.0080107076365241899,0.0080107076365241899,763.5,0.49999988449156985,1
-114.42527167801276,394.33071717157884,163.99881985069322,0.0046449091876348764,0.0046449091876348764,764,0.49999979046579496,1
-114.28701986457898,393.85021078306085,163.91396748297132,0.0012788962331301008,0.0012788962331301008,764.5,0.49999995332433345,1
-114.14838058353649,393.36981600029935,163.89436017883776,0.00027807039275304666,0.00027807039275304666,765,0.49999999755244001,1
-114.0096744595272,392.88944051067477,163.89780232524561,0.00051837477461257433,-0.00051837477461257433,765.5,0.49999999986973309,1
-113.87111995399356,392.40902127896339,163.94007232576155,0.0031604529461768255,-0.0031604529461768255,766,0.49999998920182642,1
-113.73333231549184,391.92838167296122,164.08567261493292,0.0070044096695777254,-0.0070044096695777254,766.5,0.4999998641817846,1
-113.59721766563629,391.44726587827637,164.32953630622666,0.0083995152398018049,-0.0083995152398018049,767,0.49999960580038011,1
-113.46304042743942,390.9656060045574,164.52147474155294,0.0050003464579297862,-0.0050003464579297862,767.5,0.49999976520105643,1
-113.33006779870718,390.4836119981041,164.61603828425291,0.0016094867619843966,-0.0016094867619843966,768,0.49999994224887001,1
-113.19752829818167,390.00149865133079,164.62992767886459,0.00063983493785212608,0.00063983493785212608,768.5,0.49999999833650727,1
-113.06483457102571,389.51942774563537,164.57937801477476,0.0028892001579153459,0.0028892001579153459,769,0.49999998334454349,1
-112.93152786928843,389.03752600771179,164.50546613329919,0.001173010543120089,0.001173010543120089,769.5,0.49999996174183703,1
-112.79794321352499,388.55570120780078,164.51818887401845,0.002061216226083682,-0.002061216226083682,770,0.49999999806472217,1
-112.66485252006436,388.07373980045793,164.62111424688828,0.0048597175106080632,-0.0048597175106080632,770.5,0.49999993085372835,1
-112.53292335858377,387.59145926664041,164.79076867118317,0.0069844381567375395,-0.0069844381567375395,771,0.49999981694824475,1
-112.40267899748119,387.10872117064645,165.02018021583029,0.0082203435712177378,-0.0082203435712177378,771.5,0.49999966292278614,1
-112.27410911346,386.62553416002424,165.14064235223043,0.00018952085501055291,-0.00018952085501055291,772,0.49999990231123315,1
-112.14558501590297,386.142334952125,165.03104034018631,0.0078411623176594617,0.0078411623176594617,772.5,0.49999991816730288,1
-112.01548909580974,385.65955674100826,164.84600193666842,0.0012939154107956805,0.0012939154107956805,773,0.49999974955391785,1
-111.88509467340607,385.17685893105352,164.97589705937756,0.010362567476630172,-0.010362567476630172,773.5,0.49999988112907756,1
-111.75713942592678,384.69350989568738,165.385242934448,0.012887158568572067,-0.012887158568572067,774,0.49999883534550066,1
-111.63212550876113,384.20939090398866,165.60741464288111,0.0026236321890103997,-0.0026236321890103997,774.5,0.4999996776083821,1
-111.50774695772915,383.72510799660392,165.53669615895501,0.0065828603636103418,0.0065828603636103418,775,0.49999995834182842,1
-111.38223116506374,383.24111866338001,165.40519737465331,0.0025974269167161976,0.0025974269167161976,775.5,0.49999988888294589,1
-111.25608689037432,382.75729264229381,165.38787587293623,0.0013881606242170418,-0.0013881606242170418,776,0.49999999671702638,1
-111.13023092134213,382.27339157968868,165.46231739660794,0.0032967528574567471,-0.0032967528574567471,776.5,0.49999996333140123,1
-111.00517111849456,381.78928418880815,165.57436579308137,0.0045257022060815914,-0.0045257022060815914,777,0.49999992019341627,1
-110.88120637568611,381.30489528968826,165.7209854448522,0.0056467006966693855,-0.0056467006966693855,777.5,0.49999986305012861,1
-110.75860757329922,380.82015893055382,165.89659365159778,0.0066130851511762853,-0.0066130851511762853,778,0.49999980421357854,1
-110.63761194515124,380.33501998534177,166.09872089856231,0.0067194395133632241,-0.0067194395133632241,778.5,0.49999973819230942,1
-110.51797437661087,379.84954412647994,166.17501884609186,0.0013928253840066877,0.0013928253840066877,779,0.49999995734388358,1
-110.3979987707372,379.36415181747708,166.01891660320908,0.0095051875797506537,0.0095051875797506537,779.5,0.49999983964385614,1
-110.27603894452471,378.87925449519059,165.78517582146748,0.0029341673475344332,0.0029341673475344332,780,0.49999961237023416,1
-110.15338263548458,378.3945325427149,165.87074528642131,0.0089082090714328894,-0.0089082090714328894,780.5,0.49999994135919662,1
-110.03282858727351,377.90928441877566,166.24646031037844,0.012577532703549055,-0.012577532703549055,781,0.49999902032567045,1
-109.91517413935868,377.42332451690305,166.49739148330383,0.0049409463633860009,-0.0049409463633860009,781.5,0.49999959534201111,1
-109.79872073687092,376.93707499924773,166.53040013243782,0.0020338852163398992,0.0020338852163398992,782,0.49999998837101212,1
-109.68200279118486,376.45088892580958,166.47000562498386,0.0021824358039296194,0.0021824358039296194,782.5,0.49999997685037834,1
-109.56475438243037,375.96483050944528,166.40535647457466,0.0023309127797660279,0.0023309127797660279,783,0.49999997347403197,1
-109.4470137753859,375.47889106884708,166.37119844955663,0.00073128585772684704,-0.00073128585772684704,783.5,0.49999999047609273,1
-109.32945338068285,374.99290803228291,166.45089589069295,0.0048326706440498836,-0.0048326706440498836,784,0.49999995823086046,1
-109.2130364147346,374.50664998899953,166.62192616902598,0.0046077409247655878,-0.0046077409247655878,784.5,0.49999979461833954,1
-109.09765985440445,374.02014383921687,166.66590007963023,0.0015377564665497387,0.0015377564665497387,785,0.49999998444996008,1
-108.9819109940567,373.53372623104093,166.53817152334551,0.0054877773812902269,0.0054877773812902269,785.5,0.49999988821539382,1
-108.86523912687055,373.04752908465076,166.52022751029463,0.0042350657863311544,-0.0042350657863311544,786,0.49999998975064658,1
-108.74959718241681,372.56108638353157,166.78083361820012,0.013958869240624804,-0.013958869240624804,786.5,0.49999956078898095,1
-108.63690661561972,372.07395184597044,167.11907925366052,0.0057937508542992835,-0.0057937508542992835,787,0.49999922152934073,1
-108.52561822831841,371.58649428161459,167.09757824214734,0.0072946643800563538,0.0072946643800563538,787.5,0.49999998219586483,1
-108.4127027307748,371.09941169244973,166.8060254042876,0.0058633379520654479,0.0058633379520654479,788,0.49999935825264968,1
-108.29850177397623,370.61262827086557,166.86292186192543,0.0098358379916321809,-0.0098358379916321809,788.5,0.49999995806289294,1
-108.18669036662675,370.12529205529864,167.35713282059635,0.020580048770619079,-0.020580048770619079,789,0.49999837781393375,1
-108.07925620839001,369.63697164864686,167.76746172016976,0.008066760085498708,-0.008066760085498708,789.5,0.49999891790742679,1
-107.97379235259098,369.1482208487048,167.81935646604106,0.0044436472144043851,0.0044436472144043851,790,0.49999996932400881,1
-107.86768472580297,368.65960949015573,167.68975540654748,0.0029012735969606682,0.0029012735969606682,790.5,0.49999988816573226,1
-107.76086955795132,368.17115221275685,167.65649298701527,0.00057914862822633264,-0.00057914862822633264,791,0.49999999192710187,1
-107.65415017178091,367.68267400398673,167.69523167451382,0.00072461333167592754,-0.00072461333167592754,791.5,0.49999998782785243,1
-107.54759042743432,367.19416093398604,167.68348174022395,0.0015449051555944053,0.0015449051555944053,792,0.49999999867671374,1
-107.44066102298896,366.70572867741606,167.61622884093407,0.0014685561114643156,0.0014685561114643156,792.5,0.49999996679307857,1
-107.33349722769729,366.21734777536022,167.66033228005614,0.0045475913141890915,-0.0045475913141890915,793,0.49999998451418792,1
-107.22744425372959,365.72872474456028,167.87678934513659,0.010563957207348923,-0.010563957207348923,793.5,0.49999969951542644,1
-107.12338927515886,365.23967224487222,168.05738265995558,0.001841151976937272,-0.001841151976937272,794,0.49999978601644646,1
-107.01978451916303,364.75052399353751,167.98224144175924,0.0070870455547477158,0.0070870455547477158,794.5,0.49999995724876006,1
-106.91463662321914,364.26170548158393,167.74454113093333,0.0069092144601491214,0.0069092144601491214,795,0.49999961764979439,1
-106.8078126769515,363.77325025036322,167.60123216238455,0.0030956734471856745,0.0030956734471856745,795.5,0.49999986840305327,1
-106.70023820074393,363.28495963584714,167.57175950804887,0.0014881516864836011,-0.0014881516864836011,796,0.49999999215581964,1
-106.59304213358133,362.79658590278899,167.69555454766797,0.0071543868530142933,-0.0071543868530142933,796.5,0.49999989995627353,1
-106.48759234139031,362.30783256737647,167.97725415494551,0.01022772082980283,-0.01022772082980283,797,0.49999948154972984,1
-106.38403562022943,361.81867414872841,168.03925059933351,0.0058994763609470291,0.0058994763609470291,797.5,0.49999995303186179,1
-106.27903659664345,361.32982430791839,167.63920720690186,0.022029395225359051,0.022029395225359051,798,0.49999896181291131,1
-106.16955357546539,360.84195975798769,167.13943449681005,0.0090580078769369795,0.0090580078769369795,798.5,0.49999835100263335,1
-106.05786472609245,360.35459380304331,167.12837464789925,0.0082856946020975434,-0.0082856946020975434,799,0.49999997311309785,1
-105.94800160431689,359.86681399732589,167.49350260858463,0.010798744577626284,-0.010798744577626284,799.5,0.49999904439108567,1
-105.84068798034845,359.3784662062842,167.67731880561507,0.0020341183338757904,-0.0020341183338757904,800,0.49999977890448843,1
-105.73388163647817,358.89000701988112,167.62285975139287,0.0036545652489385233,0.0036545652489385233,800.5,0.49999997187249035,1
-105.62633652388961,358.40170996974712,167.54416338378326,0.0018394653801632409,0.0018394653801632409,801,0.49999996041126032,1
-105.51834234758481,357.91351200660978,167.51746689663489,2.2223022649098035e-05,2.2223022649098035e-05,801.5,0.49999999332719808,1
-105.41034808928626,357.42531405806255,167.54480072348849,0.0019304846518265533,-0.0019304846518265533,802,0.49999999679117146,1
-105.30282511966475,356.93701213643646,167.62807563413088,0.0038832013685475742,-0.0038832013685475742,802.5,0.49999995565995814,1
-105.1961389281436,356.44852671808616,167.71426398358261,0.00083284420013074662,-0.00083284420013074662,803,0.49999994740215997,1
-105.08965131352579,355.95999793381264,167.66924471623648,0.0039757927697431916,0.0039757927697431916,803.5,0.49999998513074601,1
-104.98221501873377,355.47167707897324,167.50411808220213,0.0060033490179238888,0.0060033490179238888,804,0.49999981470968752,1
-104.8733575133609,354.98367103523373,167.35316446997376,0.0045352144329995521,0.0045352144329995521,804.5,0.49999985520227858,1
-104.76339425112781,354.49591289229426,167.24537368693402,0.0026540747868136969,0.0026540747868136969,805,0.49999992504469865,1
-104.65283213178864,354.00829007377661,167.22204859350205,0.001025683191567927,-0.001025683191567927,805.5,0.49999999537186468,1
-104.54252010983048,353.52061065667186,167.30414140917247,0.0047054779468205018,-0.0047054779468205018,806,0.49999995605611935,1
-104.43320272010327,353.03270738245385,167.4307906532303,0.0035895787602248223,-0.0035895787602248223,806.5,0.49999989668941747,1
-104.32476085043805,352.54460870183539,167.50880189535641,0.0018566418662334389,-0.0018566418662334389,807,0.49999996111797074,1
-104.21676921909659,352.05641017396084,167.53554561190543,5.5533015728153092e-05,5.5533015728153092e-05,807.5,0.49999999505866294,1
-104.10876345771523,351.56821477326417,167.50507013557623,0.0020720524642779902,0.0020720524642779902,808,0.49999999375294824,1
-104.00024926663579,351.08013217918295,167.41414181683049,0.0046145789675648653,0.0046145789675648653,808.5,0.49999994831067485,1
-103.89059323617971,350.59230501391471,167.23190793141123,0.0081077855888981101,0.0081077855888981101,809,0.49999978818898938,1
-103.77896068984184,350.10492665160342,166.95033364017894,0.010643942192967533,0.010643942192967533,809.5,0.49999949345085576,1
-103.66535082866592,349.6180049746888,166.85146772344382,0.0037417045450262401,-0.0037417045450262401,810,0.49999992000574944,1
-103.55265227822021,349.13087214270678,167.16472905111749,0.018128249200988218,-0.018128249200988218,810.5,0.49999935926698102,1
-103.44364412157169,348.64290073719206,167.56695284760752,0.004141474440434007,-0.004141474440434007,811,0.49999887081463668,1
-103.3356340389507,348.15470655216467,167.38059307268577,0.017152582866116491,0.017152582866116491,811.5,0.49999974024228966,1
-103.22372302037607,347.66739430897161,166.76757853232505,0.01479116160022664,0.01479116160022664,812,0.49999729843696467,1
-103.10838148495077,347.18087995192059,166.6648252881011,0.0076171486178359367,-0.0076171486178359367,812.5,0.49999988941102247,1
-102.99487338160247,346.69393629915993,167.17267191268974,0.020668841734314165,-0.020668841734314165,813,0.49999821048641718,1
-102.88567240424248,346.20600763141789,167.51297299300927,0.003089190623379381,-0.003089190623379381,813.5,0.49999923826031839,1
-102.77722512866792,345.7179103128455,167.34968756022738,0.014488950772258667,0.014488950772258667,814,0.4999998039770599,1
-102.66613078658862,345.23040926107427,167.00173085657619,0.0093411796217981683,0.0093411796217981683,814.5,0.49999922831949456,1
-102.55276062751156,344.74343186725417,166.81461341331013,0.0037221698220945513,0.0037221698220945513,815,0.49999977506092291,1
-102.43842922590986,344.25667904133581,166.7615163883498,0.00070983106139035749,0.00070983106139035749,815.5,0.49999998293171755,1
-102.32392191926813,343.76996754986948,166.76994019899774,0.0012979291793532208,-0.0012979291793532208,816,0.49999999919972921,1
-102.20971747074417,343.28318492688754,166.82478449164878,0.0014368082944815688,-0.0014368082944815688,816.5,0.49999997809983421,1
-102.09582605447085,342.79632894759271,166.83013155876347,0.0010635095259448853,0.0010635095259448853,817,0.49999999927587069,1
-101.98167663911595,342.30953342267213,166.76557268462227,0.0028867560724789841,0.0028867560724789841,817.5,0.49999997210856878,1
-101.86691067081078,341.82288288435865,166.70165283983408,0.0015756900515242268,0.0015756900515242268,818,0.49999997392182466,1
-101.75176132791623,341.33632289394438,166.67529225979598,0.00026462661795212031,0.00026462661795212031,818.5,0.4999999954409764,1
-101.63648349724799,340.84979332613136,166.66051425933128,0.0010335007988871228,0.0010335007988871228,819,0.4999999985999003,1
-101.52095406688682,340.36332345268562,166.61551628928694,0.0021079515940261003,0.0021079515940261003,819.5,0.4999999870498944,1
-101.4049629043176,339.87696346951526,166.57044916163221,0.00047588096839479863,-0.00047588096839479863,820,0.49999998302363047,1
-101.28910541815858,339.39057166055102,166.65809976223863,0.0056432677933992512,-0.0056432677933992512,820.5,0.499999948926592,1
-101.17460002495923,338.9038600436939,166.86942995043341,0.0051852152810204907,-0.0051852152810204907,821,0.49999968305531112,1
-101.06110019471959,338.41691265379256,166.8253846363022,0.0082603300474803961,0.0082603300474803961,821.5,0.49999997199614721,1
-100.94559038030093,337.93043932697037,166.3961260538531,0.021707565822017164,0.021707565822017164,822,0.49999881493508025,1
-100.82608664313368,337.44493133732811,166.03699166568589,0.0032049940084640902,0.0032049940084640902,822.5,0.49999915120268562,1
-100.70580484728522,336.95961487985016,166.21248928756461,0.015457556688775088,-0.015457556688775088,823,0.49999977431142539,1
-100.58885028842063,336.47348738047981,166.70864830251108,0.012970595818747727,-0.012970595818747727,823.5,0.49999831448044441,1
-100.47501980515372,335.98661744910856,166.91868647687534,0.00169320553878527,-0.00169320553878527,824,0.49999970899413471,1
-100.361634454252,335.49964342445492,166.83480170858445,0.0044879660635595295,0.0044879660635595295,824.5,0.49999993848647484,1
-100.24726894795357,335.01289866815233,166.72755841060692,0.0029989821648781093,0.0029989821648781093,825,0.49999992681895278,1
-100.13217385222127,334.52632586542546,166.66357166731188,0.0010654995857422905,0.0010654995857422905,825.5,0.49999997341510705,1
-100.01696231672381,334.03978061888267,166.72217389662228,0.005156732465935638,-0.005156732465935638,826,0.49999997484506675,1
-99.903005740848073,333.55294025550654,166.95903503294841,0.011379341155973725,-0.011379341155973725,826.5,0.49999964059739654,1
-99.791497919587314,333.06553332892111,167.22934238433578,0.0047496735475965101,-0.0047496735475965101,827,0.49999950628553808,1
-99.681141382019476,332.57786394784284,167.22052416577395,0.0053653361203885265,0.0053653361203885265,827.5,0.49999999062521744,1
-99.56954993808391,332.09047609373414,166.97487033680815,0.0078661000669440206,0.0078661000669440206,828,0.49999957069212747,1
-99.456129124434312,331.60351040508891,166.82933345758062,0.002294318662940352,0.002294318662940352,828.5,0.49999986288663856,1
-99.342150187781655,331.11667491141304,166.84447237210878,0.0037499764746823346,-0.0037499764746823346,829,0.49999999590309768,1
-99.229157779092162,330.62960985196997,167.07492893535493,0.01233935021887788,-0.01233935021887788,829.5,0.49999965655161538,1
-99.119172837623353,330.14185800425258,167.5514914433175,0.020931122409909107,-0.020931122409909107,830,0.49999855229953039,1
-99.013597540708901,329.65313254915185,167.99331110989345,0.0071745600023878616,-0.0071745600023878616,830.5,0.49999871378034044,1
-98.909774008390272,329.16403067725133,167.95710899149185,0.0097019700743478411,0.0097019700743478411,831,0.499999966959705,1
-98.803726582306766,328.67540741681159,167.53415772825991,0.013968594711723199,0.013968594711723199,831.5,0.49999874722012716,1
-98.694364848973279,328.18751458177695,167.22952215504387,0.0072991190540602846,0.0072991190540602846,832,0.49999940719549424,1
-98.583222829217519,327.70002369416312,167.11546136077885,0.00078679963891176185,0.00078679963891176185,832.5,0.49999991406190297,1
-98.471874550664822,327.21257981737176,167.17795286482229,0.0051496219599802898,-0.0051496219599802898,833,0.49999997215803899,1
-98.361781796035743,326.7248511642494,167.41051744666271,0.011086440259295187,-0.011086440259295187,833.5,0.49999965369825039,1
-98.254041926380253,326.23659747612612,167.67685951609045,0.0065683404234350585,-0.0065683404234350585,834,0.49999954347915815,1
-98.147905735492969,325.74799228646549,167.78553244289662,0.0010185444366183109,-0.0010185444366183109,834.5,0.49999992237935798,1
-98.042089073360614,325.25931771961433,167.77576797417044,8.4971425854704768e-05,-8.4971425854704768e-05,835,0.49999999827200126,1
-97.936310905676606,324.7706348235584,167.80652724881517,0.002062433070710181,-0.002062433070710181,835.5,0.49999999365620101,1
-97.831036496161261,324.28184320123961,167.89364568325891,0.0039710825289141572,-0.0039710825289141572,836,0.49999995134783293,1
-97.726729495274711,323.79284429824321,168.03239351869348,0.0057153631151379688,-0.0057153631151379688,836.5,0.49999987756561426,1
-97.623820341199774,323.30354941810407,168.22105521482121,0.0072718495122290486,-0.0072718495122290486,837,0.49999977372274435,1
-97.522354351377345,322.81395307869332,168.32832517195223,0.00021702634590305321,-0.00021702634590305321,837.5,0.49999992265504817,1
-97.420941484675225,322.32434571654488,168.23348900183782,0.0068378960854453726,0.0068378960854453726,838,0.49999993860268532,1
-97.318032914148617,321.83505078699773,168.02477420097324,0.0051818128751069019,0.0051818128751069019,838.5,0.49999970196829813,1
-97.213869529077073,321.3460211836566,167.95172853067282,8.2219080287981904e-05,-8.2219080287981904e-05,839,0.49999996373353778,1
-97.109721021796418,320.85698841283011,168.02526889160953,0.0046705796514604787,-0.0046705796514604787,839.5,0.49999996251102907,1
-97.006703503630376,320.36771633324651,168.2122581150482,0.0083838080994119192,-0.0083838080994119192,840,0.4999997769091013,1
-96.905736425468419,319.8780173383837,168.50191504733897,0.010282508397666966,-0.010282508397666966,840.5,0.49999945644191002,1
-96.806961440476115,319.38787111438211,168.66769859190759,0.0012914465858967238,-0.0012914465858967238,841,0.49999981856321535,1
-96.70850295620923,318.89766109164344,168.57591169772218,0.0076994253909071645,0.0076994253909071645,841.5,0.49999993951757171,1
-96.608436506702347,318.40777707698618,168.34097784413186,0.0073338328577819802,0.0073338328577819802,842,0.49999964213350384,1
-96.506575738054337,317.91826285505039,168.15907067991759,0.0053657041907172265,0.0053657041907172265,842.5,0.4999997896669231,1
-96.403433436559439,317.42901691725962,168.05408120683146,0.00073065105853329661,0.00073065105853329661,843,0.49999992200242832,1
-96.300132403112329,316.93980443439614,168.13240493336394,0.0061987607613706273,-0.0061987607613706273,843.5,0.49999995690068899,1
-96.198342021643455,316.45027584271696,168.40035111284561,0.010587921917199721,-0.010587921917199721,844,0.49999952383074847,1
-96.098961560697319,315.96025225716835,168.65407703011297,0.0071255096854848645,-0.0071255096854848645,844.5,0.49999959041161762,1
-96.001327519165102,315.46987746037394,168.80861663453436,0.0036634706299276212,-0.0036634706299276212,845,0.499999847397053,1
-95.904421471716006,314.97935813173689,168.80148997381684,0.0043647400768820404,0.0043647400768820404,845.5,0.49999999379874771,1
-95.806445193082865,314.48905183167517,168.5583884720337,0.012607142262210916,0.012607142262210916,846,0.49999961905486517,1
-95.705535766543932,313.99934146397163,168.16377169070699,0.011687315701698415,0.011687315701698415,846.5,0.49999895659966165,1
-95.601792206800809,313.51022299549669,167.91444013422557,0.0057195114596570694,0.0057195114596570694,847,0.49999960239128949,1
-95.496657072034665,313.02140138779276,167.84251143135299,0.0014534104487214127,-0.0014534104487214127,847.5,0.49999996072054465,1
-95.391909577241407,312.53249673014045,168.01586908766183,0.010649545441169346,-0.010649545441169346,848,0.49999980193954968,1
-95.28976599732195,312.04304246754634,168.44891656611935,0.017259359940026704,-0.017259359940026704,848.5,0.4999987860888313,1
-95.191099377879212,311.5528747032738,168.71174455425529,0.0010899936517245487,-0.0010899936517245487,849,0.49999953892398763,1
-95.092699894094949,311.06265305532571,168.51137615717138,0.015078695433699895,0.015078695433699895,849.5,0.49999972252587338,1
-94.991269806566606,310.57305018515996,168.13389900462687,0.0066773423226501247,0.0066773423226501247,850,0.49999903312961674,1
-94.888213513930651,310.08378606143935,168.14393657421834,0.0073780833245507575,-0.0073780833245507575,850.5,0.49999998221195596,1
-94.786813799308092,309.59417664243534,168.45557863727066,0.0078205843001509772,-0.0078205843001509772,851,0.49999928530247151,1
-94.687209334473692,309.10419815074158,168.50471000564335,0.0043905290086104377,0.0043905290086104377,851.5,0.49999997173744032,1
-94.586545129989545,308.61443680943415,168.22582670571182,0.010519780792124381,0.010519780792124381,852,0.49999945350337871,1
-94.483723424103047,308.12512343371537,168.09752290526148,0.0015623723705206021,-0.0015623723705206021,852.5,0.49999988285870356,1
-94.381284041180464,307.63573007551952,168.31534667166949,0.013644708994932017,-0.013644708994932017,853,0.4999996862196775,1
-94.281328531546279,307.14582346624047,168.56526984436618,0.0028341037729034866,-0.0028341037729034866,853.5,0.49999958972135344,1
-94.182067211908816,306.65577537780615,168.47711913510659,0.0089882866489748164,0.0089882866489748164,854,0.49999993855429903,1
-94.080846638475833,306.16612880908701,168.17336161924524,0.0083600465717595749,0.0083600465717595749,854.5,0.49999936674412637,1
-93.977601996001297,305.67690452837815,168.02293149929451,0.0021420410769501744,0.0021420410769501744,855,0.49999985303478223,1
-93.873816114659817,305.18779463559764,168.03532218286401,0.0013842400609187719,-0.0013842400609187719,855.5,0.49999999638158454,1
-93.770308207501657,304.69862584388727,168.06694210304823,0.00082324138532643564,-0.00082324138532643564,856,0.49999999362764525,1
-93.667001800207004,304.20941445334671,168.08288238265138,0.00047969084682435929,-0.00047969084682435929,856.5,0.49999999842275789,1
-93.563859772143303,303.72016838433416,168.11333331537571,0.0016461846464114267,-0.0016461846464114267,857,0.49999999399732775,1
-93.461120477725913,303.2308376052315,168.17720179222584,0.0028126751452104523,-0.0028126751452104523,857.5,0.49999997399459734,1
-93.358939626271905,302.741389896307,168.21974373619042,0.0006100926600264518,0.0006100926600264518,858,0.4999999861753095,1
-93.256608429280703,302.25197362750589,168.14003843841067,0.0049544016949111345,0.0049544016949111345,858.5,0.49999995804484865,1
-93.153137319967982,301.76279722626288,167.98297430388595,0.003188726088902603,0.003188726088902603,859,0.49999982199544013,1
-93.048931966758886,301.27377653183697,167.99203062963846,0.0038209731722521414,-0.0038209731722521414,859.5,0.49999999521422528,1
-92.94564801806321,300.78456066445057,168.18462428208443,0.0063059296613164938,-0.0063059296613164938,860,0.49999973896073646,1
-92.843633806599655,300.29507820008808,168.22253533169493,0.0036592273335609806,0.0036592273335609806,860.5,0.49999998225889858,1
-92.740724269795663,299.80578357551263,167.97496153074974,0.013624706949134443,0.013624706949134443,861,0.49999960240348479,1
-92.635440445175931,299.31699418152232,167.78738868639448,0.001176919294414053,-0.001176919294414053,861.5,0.49999975540391961,1
-92.530444329372159,298.82814309845082,168.04264220015096,0.016643175017500483,-0.016643175017500483,862,0.49999956575386412,1
-92.428916195254345,298.33856078101672,168.44814540336085,0.0038660526886961041,-0.0038660526886961041,862.5,0.49999880756016574,1
-92.32830092960117,297.84878920749759,168.22151791958424,0.019689082159132811,0.019689082159132811,863,0.49999962590972902,1
-92.223018570121894,297.36000360493949,167.44779176986441,0.021464001353166094,0.021464001353166094,863.5,0.49999574046746065,1
-92.112940615413919,296.87227157059232,167.2572553513337,0.0081604857473667417,-0.0081604857473667417,864,0.49999969344103112,1
-92.004846012467766,296.38409866652557,167.89631981558904,0.029090913612241445,-0.029090913612241445,864.5,0.49999722744335756,1
-91.902457222176295,295.89469574858998,168.34114064492556,0.0019649001168143441,-0.0019649001168143441,865,0.49999868045948193,1
-91.800549214911612,295.40519192455389,168.00891307186595,0.025160354104100321,0.025160354104100321,865.5,0.49999923569003168,1
-91.69370543546718,294.91674344551677,167.39599929062325,0.012012043862719897,0.012012043862719897,866,0.49999750987344316,1
-91.583934486624244,294.42894196894741,167.33366855380575,0.007660122519679095,-0.007660122519679095,866.5,0.49999994175312218,1
-91.475791676133724,293.94077785694395,167.69490863456531,0.011221163165101598,-0.011221163165101598,867,0.49999906770804609,1
-91.370323438337735,293.45202829770329,167.91771451371591,0.0043336475141006227,-0.0043336475141006227,867.5,0.49999968084162832,1
-91.265919257068148,292.96305001751415,167.94910562141669,0.0011260501114360325,0.0011260501114360325,868,0.49999999156330588,1
-91.161312545021573,292.47411503958244,167.88913383007343,0.0030607790258500864,0.0030607790258500864,868.5,0.4999999768502722,1
-91.055957718736252,291.98534078109986,167.77383892190713,0.0048069740011608946,0.0048069740011608946,869,0.4999999151767977,1
-90.949607291231402,291.49678215731041,167.6791434915302,0.0018040212736952026,0.0018040212736952026,869.5,0.49999994230951078,1
-90.842816208714737,291.00831960661145,167.67047557970506,0.0011988817193069722,-0.0011988817193069722,870,0.49999999874041035,1
-90.736225884650636,290.51981321566478,167.70402013493748,6.4643939689840125e-05,-6.4643939689840125e-05,870.5,0.4999999911798288,1
-90.629647316034919,290.03130425952725,167.66873403694291,0.0025280850355310089,0.0025280850355310089,871,0.49999999151476071,1
-90.522471435542798,289.54292605679774,167.57514978149379,0.0025997870677883224,0.0025997870677883224,871.5,0.49999993826056111,1
-90.414700966892937,289.05467866096581,167.54514460722379,0.00050502355405712283,-0.00050502355405712283,872,0.49999999344967555,1
-90.307051867122212,288.56640450690708,167.6000304023473,0.0019158140084206078,-0.0019158140084206078,872.5,0.49999997820321451,1
-90.199632151340666,288.07807983312659,167.55417383302483,0.0051172470838664955,0.0051172470838664955,873,0.49999998236140253,1
-90.09096342076414,287.59003197231232,167.30682939245969,0.012150662376269151,0.012150662376269151,873.5,0.49999960745035088,1
-89.979866839614417,287.10253102450895,167.069736942502,0.0025982903858895695,0.0025982903858895695,874,0.4999996244521992,1
-89.868137909856202,286.61517429515646,167.16110547064562,0.0089771400212574973,-0.0089771400212574973,874.5,0.49999993539006254,1
-89.75843040355042,286.12735924393513,167.48740426130564,0.0094867586416760193,-0.0094867586416760193,875,0.49999926113735832,1
-89.65099410423808,285.63903840944681,167.66512979437525,0.0029209324933954723,-0.0029209324933954723,875.5,0.49999979580525833,1
-89.54427688267414,285.15055971859852,167.66088730626896,0.0023671875728088847,0.0023671875728088847,876,0.49999999679119278,1
-89.437027358208681,284.66219769514981,167.55370929124555,0.0051152734176031309,0.0051152734176031309,876.5,0.49999992644497143,1
-89.328529213741874,284.17411170605965,167.36809951184571,0.007514118715634845,0.007514118715634845,877,0.49999978009881757,1
-89.21839769836923,283.68639163801117,167.19797085316657,0.0043631167710142102,0.0043631167710142102,877.5,0.49999981545544958,1
-89.107202420782016,283.1989128498513,167.11810978096594,0.0012122602732620611,0.0012122602732620611,878,0.49999995866351749,1
-88.995638947675033,282.71151815507903,167.09458675907666,0.0011942678908568951,0.0011942678908568951,878.5,0.4999999970238399,1
-88.883782013527906,282.22419073813131,167.04615037832104,0.0021872271203950328,0.0021872271203950328,879,0.49999998502573273,1
-88.771412864275447,281.73698118705664,166.98457444845107,0.00093644132569256893,0.00093644132569256893,879.5,0.49999997236210236,1
-88.658843078161027,281.24981793144309,167.01100727732182,0.0027818063492191041,-0.0027818063492191041,880,0.49999999436584164,1
-88.546950475093141,280.76249880327612,167.14242931338464,0.0056527159161741097,-0.0056527159161741097,880.5,0.49999988729871386,1
-88.436253557156562,280.27490665637976,167.26142651953882,0.0026548633995171459,-0.0026548633995171459,881,0.49999990935565208,1
-88.326203964911869,279.78716791534407,167.29454236205635,0.00034293785041783557,0.00034293785041783557,881.5,0.49999999226029762,1
-88.216196087298727,279.29941975655032,167.2952976334895,0.0011861137747585819,-0.0011861137747585819,882,0.49999999954364088,1
-88.106478684696256,278.81160620580766,167.36489669915028,0.0036728010091795662,-0.0036728010091795662,882.5,0.49999996872199109,1
-87.997599852426461,278.3236048521801,167.46532844521866,0.0005264571715665493,-0.0005264571715665493,883,0.49999992125876558,1
-87.888792554697758,277.83558754930328,167.35489919823434,0.0082360095386118364,0.0082360095386118364,883.5,0.49999991594617421,1
-87.777981674299838,277.34802203694886,167.00330686310974,0.013137478291150306,0.013137478291150306,884,0.49999918005131999,1
-87.664456977811298,276.8610806699246,166.81128758957192,0.00026823947972024961,0.00026823947972024961,884.5,0.49999975163220645,1
-87.550866962586241,276.37415449889392,166.98793647704252,0.012600870912357955,-0.012600870912357955,885,0.49999978759339109,1
-87.439865825881441,275.88663222614497,167.33360110075546,0.0090682408286284679,-0.0090682408286284679,885.5,0.49999921877544634,1
-87.331073528955528,275.39861167933259,167.50127959331977,0.0026380509923437157,-0.0026380509923437157,886,0.49999981798143622,1
-87.222976268764342,274.91043652508262,167.51896517257941,0.00073517490039965187,-0.00073517490039965187,886.5,0.49999999888782587,1
-87.115095269472164,274.42221355090049,167.57083003563301,0.0028856818456783825,-0.0028856818456783825,887,0.49999998252751549,1
-87.007917576370019,273.9338357655526,167.68156021269783,0.0038398969772403995,-0.0038398969772403995,887.5,0.49999991912000386,1
-86.901497342385994,273.44529229346614,167.71528732837601,0.001485282358475505,0.001485282358475505,888,0.49999999031951053,1
-86.794714341761136,272.95682806887316,167.5964593556954,0.0068104916015713397,0.0068104916015713397,888.5,0.49999990792965537,1
-86.68658454107927,272.46866026038424,167.45395456180773,0.0017116142198245986,0.0017116142198245986,889,0.49999986304036048,1
-86.578038234148266,271.98058477352816,167.50163046616927,0.0050400356496290068,-0.0050400356496290068,889.5,0.49999998161815468,1
-86.470642885862816,271.49225498177464,167.6887231897833,0.0045058626477154692,-0.0045058626477154692,890,0.49999974634733363,1
-86.364283531947081,271.00369825069652,167.71284170107154,0.0028220672124873326,0.0028220672124873326,890.5,0.49999999164711084,1
-86.25723939172137,270.51529131417203,167.5341085698538,0.0079095478369027097,0.0079095478369027097,891,0.4999997836018461,1
-86.148460124462545,270.0272679022309,167.34803897126486,0.0050805592469723333,0.0050805592469723333,891.5,0.49999977958797864,1
-86.038441457830615,269.53952224894817,167.24301272078912,0.0022516849417272018,0.0022516849417272018,892,0.49999992930365944,1
-85.927955006729732,269.05188227822134,167.25099116092278,0.0030666243247083626,-0.0030666243247083626,892.5,0.49999999692733327,1
-85.818216561676735,268.56407361542352,167.4191476039982,0.0086729672922773449,-0.0086729672922773449,893,0.49999981782321157,1
-85.710483968286951,268.07581834111932,167.68004424205509,0.0060203363771573464,-0.0060203363771573464,893.5,0.49999952456414021,1
-85.604176100913534,267.58725041660688,167.72662000538924,0.002768678761459629,0.002768678761459629,894,0.49999997952787478,1
-85.497202148202618,267.0988281430993,167.53426153218498,0.0083165940563744937,0.0083165940563744937,894.5,0.49999974381684592,1
-85.388378187082736,266.61081472130547,167.33781972899655,0.005397636185172569,0.005397636185172569,895,0.49999975436467742,1
-85.278237525076918,266.12309661311707,167.22499834152012,0.002478808401848144,0.002478808401848144,895.5,0.4999999184819483,1
-85.167460992419549,265.6355224660561,167.18415227455259,0.00041318797277103666,0.00041318797277103666,896,0.49999998906981957,1
-85.056583727127162,265.14797120739627,167.20129595868914,0.0016100466090409533,-0.0016100466090409533,896.5,0.49999999777950754,1
-84.94610978525256,264.6603284419927,167.28223908219883,0.0042589465864879029,-0.0042589465864879029,897,0.4999999584837464,1
-84.836676196064673,264.17245128887095,167.44698632873013,0.007242529800189689,-0.007242529800189689,897.5,0.49999982698070466,1
-84.728983198010113,263.68418715041292,167.66828044789941,0.0040554468927011906,-0.0040554468927011906,898,0.49999965073401104,1
-84.62204669946378,263.19575651568033,167.55708847083733,0.011818575939601936,0.011818575939601936,898.5,0.49999989966662495,1
-84.512226376004918,262.70796819796874,166.99262618451928,0.025610023870242842,0.025610023870242842,899,0.49999794633629518,1
-84.397573363052899,262.22129200344898,166.61284147407088,0.00090538124998158179,0.00090538124998158179,899.5,0.49999903169027293,1
-84.28269998310958,261.73466753708294,166.94074727101776,0.023799022756465043,-0.023799022756465043,900,0.49999926468509281,1
-84.172834992044415,261.24689026101396,167.60205990466801,0.013382368941264709,-0.013382368941264709,900.5,0.49999698730194875,1
-84.066203573948258,260.75839289871152,167.66329737635715,0.009106739631134347,0.009106739631134347,901,0.49999993230163353,1
-83.957506864868947,260.27035248621337,167.19871926500159,0.013953057115957733,0.013953057115957733,901.5,0.49999841879353751,1
-83.845636921860319,259.78302827777776,167.0160343921747,0.0011989947257705386,-0.0011989947257705386,902,0.49999976827609316,1
-83.734050357629826,259.29563927584212,167.25100826516444,0.01030604495379105,-0.01030604495379105,902.5,0.49999960052442505,1
-83.62428580176028,258.80783634580786,167.30622641616492,0.0064511648973762624,0.0064511648973762624,903,0.49999995627524912,1
-83.512948542442885,258.32039112355648,166.88134972101227,0.023211212890157547,0.023211212890157547,903.5,0.49999883000663814,1
-83.397029777525248,257.83401543268536,166.40226930090103,0.0064183350130608352,0.0064183350130608352,904,0.49999847272805126,1
-83.279552586681945,257.34801236463102,166.52058648641633,0.014678817773689129,-0.014678817773689129,904.5,0.49999987252665345,1
-83.16528474197311,256.86124655455421,167.03884234912107,0.012890525732518344,-0.012890525732518344,905,0.49999809419049734,1
-83.054076821751778,256.373770768236,167.18476290248239,0.0027029904320709204,0.0027029904320709204,905.5,0.49999984376649081,1
-82.942250498790784,255.88643682150672,166.92524252335431,0.0099195738457027813,0.0099195738457027813,906,0.49999950214146477,1
-82.82828736569013,255.399597794914,166.76654987325412,0.001159273820135997,0.001159273820135997,906.5,0.49999983351983579,1
-82.71404142075032,254.91282494846047,166.85675162504629,0.0062266985350591178,-0.0062266985350591178,907,0.49999993997966163,1
-82.600931167943713,254.42578697986232,166.97332277371652,0.0019114960270128188,-0.0019114960270128188,907.5,0.49999991214617417,1
-82.488286434157203,253.93864104483015,166.96627278725208,0.0024036675941114878,0.0024036675941114878,908,0.49999999806820511,1
-82.375126573155853,253.45161457786747,166.86488137494376,0.0043049108754630748,0.0043049108754630748,908.5,0.49999993366398587,1
-82.260919101310535,252.96483277763491,166.7205773558066,0.0057694254622608692,0.0057694254622608692,909,0.49999986766293708,1
-82.145342747172705,252.47837422374144,166.55451267644185,0.0049220815011148736,0.0049220815011148736,909.5,0.49999981829188639,1
-82.028578647172935,251.99219928517275,166.44682890541185,0.0025956703820513888,0.0025956703820513888,910,0.49999992594102505,1
-81.911193035015458,251.5061739680836,166.41534185141575,0.0016501413259736356,-0.0016501413259736356,910.5,0.49999999079318852,1
-81.794270731110402,251.02003714829914,166.57508814529245,0.0095023466346472463,-0.0095023466346472463,911,0.49999983270058951,1
-81.679655793891342,250.53335194748092,166.95094287292898,0.013327241527593112,-0.013327241527593112,911.5,0.49999906852832748,1
-81.567638565454459,250.04606145629475,167.06888750803068,0.0050929102847013172,0.0050929102847013172,912,0.49999988226712822,1
-81.454380978289819,249.55905876242204,166.659105526432,0.023516044624348597,0.023516044624348597,912.5,0.4999989048884339,1
-81.33644551128414,249.07316842901281,166.13369133118198,0.0097163814437127589,0.0097163814437127589,913,0.49999819047510641,1
-81.216152155281563,248.58785463636261,166.10827462137817,0.0079416590680192571,-0.0079416590680192571,913.5,0.4999999688348859,1
-81.097525475877802,248.10213156852848,166.45114304809266,0.011323358515889167,-0.011323358515889167,914,0.49999918769190121,1
-80.981620464238915,247.61575151861749,166.72450312777596,0.0077607708892046936,-0.0077607708892046936,914.5,0.49999952467420306,1
-80.867583202450604,247.12892985013747,166.88076098481935,0.0020042826886616702,-0.0020042826886616702,915,0.49999983397781772,1
-80.754007476034602,246.64200015673387,166.82149503887803,0.0061419143701937941,0.0061419143701937941,915.5,0.49999997194904156,1
-80.63894646407492,246.15541980613014,166.54260452624868,0.010316828767247158,0.010316828767247158,916,0.4999994740665592,1
-80.52166698463104,245.66936906898394,166.36567189068148,0.0020355120431373441,0.0020355120431373441,916.5,0.49999979537895062,1
-80.403892704810502,245.18343780831853,166.42530947261895,0.0055733123607732606,-0.0055733123607732606,917,0.49999997107912003,1
-80.287154840659326,244.69725661933759,166.56417138219877,0.0041210600061995853,-0.0041210600061995853,917.5,0.49999987744548002,1
-80.171418999246669,244.21083586032208,166.66142839202547,0.002668759557178795,-0.002668759557178795,918,0.49999993978872298,1
-80.056304282086685,243.72426768545594,166.70575985126132,0.00031321689104053661,-0.00031321689104053661,918.5,0.49999998689938535,1
-79.94126568319254,243.23768150014791,166.67914312589551,0.0021714191602446751,0.0021714191602446751,919,0.49999999496814612,1
-79.825757681799104,242.75120655696725,166.61285971345117,0.0013199423153712766,0.0013199423153712766,919.5,0.49999996872853858,1
-79.709936737000049,242.26480599347559,166.61191943747804,0.0012542909270246434,-0.0012542909270246434,920,0.49999999941914669,1
-79.594363503903821,241.77834652431744,166.6467544059839,0.0011380509629185668,0.0011380509629185668,920.5,0.49999998734194279,1
-79.478475270135434,241.29196210052902,166.51773586577394,0.0078692157169537071,0.0078692157169537071,921,0.49999989042994003,1
-79.36070474468147,240.80603050482929,166.22757134709627,0.0080863906090465187,0.0080863906090465187,921.5,0.49999941236463824,1
-79.241193769018295,240.32052345526196,166.17421589093857,0.0043614133505847155,-0.0043614133505847155,922,0.49999996848353856,1
-79.122735063203436,239.83475915308173,166.4645936643285,0.0120739207548633,-0.0120739207548633,922.5,0.49999942225564237,1
-79.006672986297417,239.34841626557949,166.63136635535488,0.00043084340449399194,0.00043084340449399194,923,0.4999998099197252,1
-78.890506152026404,238.8620984472646,166.43990625917496,0.012935779212812259,0.012935779212812259,923.5,0.4999997537950403,1
-78.772145566712425,238.37630993896082,166.22760629994303,0.0017834026733320912,0.0017834026733320912,924,0.49999970295579549,1
-78.653351787383542,237.89062696618737,166.33772530997786,0.0094710294185228732,-0.0094710294185228732,924.5,0.49999991204928379,1
-78.536195269299256,237.40454655589477,166.4922000406097,0.0022646878629940786,0.0022646878629940786,925,0.49999981499982282,1
-78.418484305007112,236.91860051020646,166.1985002913874,0.018240168062728233,0.018240168062728233,925.5,0.49999943043436551,1
-78.296733863123066,236.43365230089276,165.6515442803678,0.012952060672735716,0.012952060672735716,926,0.49999793581126373,1
-78.171890358833068,235.94948916457571,165.50544191231961,0.0027515965536609658,-0.0027515965536609658,926.5,0.49999984313174523,1
-78.047617965668834,235.46517939089085,165.74621280505684,0.010256111511184126,-0.010256111511184126,927,0.49999958458926985,1
-77.925769220543941,234.98025433178225,166.04599929772559,0.010672889827568989,-0.010672889827568989,927.5,0.4999994296396697,1
-77.806484236951903,234.49469225276741,166.33234065641494,0.0061514897904159675,-0.0061514897904159675,928,0.4999994398874536,1
-77.688546298619187,234.00880067449748,166.31742832950357,0.0071926969399118508,0.0071926969399118508,928.5,0.49999998313181326,1
-77.56887134767868,233.52333499827813,165.9363655393895,0.015103581210371362,0.015103581210371362,929,0.49999901666875507,1
-77.44606001996668,233.03865265800869,165.68767378260679,0.002258640256523389,0.002258640256523389,929.5,0.49999959318328391,1
-77.322701150495448,232.55410907383234,165.805896831806,0.0091666132050461022,-0.0091666132050461022,930,0.49999989564367359,1
-77.20061141300819,232.06924408172733,165.85685585650623,0.0056091009830001853,0.0056091009830001853,930.5,0.49999996456869045,1
-77.077162481353952,231.58472425510186,165.48449243942298,0.020387108649517361,0.020387108649517361,931,0.4999991011189428,1
-76.949681297215506,231.10125007279214,165.04633334916667,0.0072798644074152513,0.0072798644074152513,931.5,0.4999987372677987,1
-76.820442202078567,230.61824155447931,165.07225830408743,0.009089717956690925,-0.009089717956690925,932,0.49999997247456834,1
-76.692922734172598,230.13477669794196,165.34261444459884,0.0047060402774152599,-0.0047060402774152599,932.5,0.49999948220143653,1
-76.566524857394072,229.65101687913628,165.31832379703843,0.0064018240406812149,0.0064018240406812149,933,0.49999998554502378,1
-76.438816202240247,229.16760176399725,165.11751600766263,0.00087413671417480628,0.00087413671417480628,933.5,0.49999967414596863,1
-76.310971325541686,228.68422265277516,165.33408172394644,0.015993598929303403,-0.015993598929303403,934,0.49999967766382603,1
-76.186838810968311,228.19987904106313,165.90481198977568,0.012076373355612886,-0.012076373355612886,934.5,0.49999761537488113,1
-76.065280377951566,227.71488068936674,165.80565742460431,0.018999926538063094,0.018999926538063094,935,0.49999985378568046,1
-75.939182555111444,227.2310485468013,164.89472260067924,0.030287306191385158,0.030287306191385158,935.5,0.49999420307087195,1
-75.806853113651769,226.74887820080733,164.60424000053084,0.010004528820985251,-0.010004528820985251,936,0.49999932363252475,1
-75.676934021177132,226.26605712240047,165.4532011943399,0.040993599801149444,-0.040993599801149444,936.5,0.49999516432001018,1
-75.55456924041421,225.78126361972852,166.00869863893701,0.0022080620326217796,0.0022080620326217796,937,0.49999787979959909,1
-75.43166948669338,225.29660648672026,165.32666543514921,0.045410497051718603,0.045410497051718603,937.5,0.49999688603072567,1
-75.300872079057783,224.81402172331138,164.5538318848636,0.0048032352261670941,0.0048032352261670941,938,0.49999601570272295,1
-75.168915659856211,224.33175028071162,165.05392278380413,0.03972252005977011,-0.03972252005977011,938.5,0.49999824091266731,1
-75.044898808832087,223.84738205319161,166.08140714057475,0.018077564944622017,-0.018077564944622017,939,0.49999275911638352,1
-74.92523232917506,223.36191342692123,166.03672155038555,0.021196761964722487,0.021196761964722487,939.5,0.49999985344632947,1
-74.80106976668678,222.87757985288772,165.23857365935211,0.018101483956429118,0.018101483956429118,940,0.49999535283813684,1
-74.672689669699366,222.39434241492535,165.14839005685695,0.011805193253739271,-0.011805193253739271,940.5,0.49999987075091928,1
-74.546983635832277,221.9104052751303,165.77230094826268,0.019638041015168278,-0.019638041015168278,941,0.49999716221555057,1
-74.425708148334238,221.42533652750637,166.06261157415543,0.00063035531240150753,-0.00063035531240150753,941.5,0.49999943378901168,1
-74.304610470571944,220.94022317012721,165.84069932642353,0.010148805987028683,0.010148805987028683,942,0.49999961706695695,1
-74.181517242864246,220.45561205273563,165.70808129551529,0.00089041867451292384,-0.00089041867451292384,942.5,0.49999987780700034,1
-74.058638442980069,219.97094662319677,165.88758999779392,0.0094794975496768925,-0.0094794975496768925,943,0.49999977805101842,1
-73.937479801315007,219.48584821495376,166.01898042444213,0.000306629281691967,0.000306629281691967,943.5,0.49999988213000568,1
-73.816246800125825,219.00076842447072,165.87002263204448,0.010092619209311,0.010092619209311,944,0.49999984371238326,1
-73.693271414178241,218.51612744544045,165.70617070470962,0.00017750136329018978,0.00017750136329018978,944.5,0.49999982410434901,1
-73.570253193039989,218.03149732410455,165.86091021638549,0.010980470770534417,-0.010980470770534417,945,0.49999983723803981,1
-73.449421424417608,217.54631775788562,166.12028798528866,0.0030043256582456112,-0.0030043256582456112,945.5,0.49999952778458034,1
-73.329308658426399,217.06095929209076,166.01682761355448,0.010227253600714966,0.010227253600714966,946,0.49999991687279249,1
-73.206966677855249,216.57615868812121,165.68624535542972,0.0053482821434616603,0.0053482821434616603,946.5,0.49999918581864561,1
-73.08341730197553,216.09166363048652,165.78641971019053,0.012342205216306851,-0.012342205216306851,947,0.49999990915270037,1
-72.962754954891636,215.60644338661609,166.30627341729473,0.015868905488579527,-0.015868905488579527,947.5,0.49999808706181381,1
-72.845697923654043,215.12033920148357,166.54190470510929,0.00058185234586394859,-0.00058185234586394859,948,0.49999962736536957,1
-72.728801168712707,214.63419631673233,166.36558866611006,0.007644764867239506,0.007644764867239506,948.5,0.4999997557100182,1
-72.610503768272224,214.14839213836711,166.32137604694333,0.0045582349223220343,-0.0045582349223220343,949,0.499999974668076,1
-72.493313182343286,213.66232036962833,166.62324965139038,0.013835793239064913,-0.013835793239064913,949.5,0.49999939779485303,1
-72.378396299978732,213.17570549741325,166.69345998308705,0.0089339790115065681,0.0089339790115065681,950,0.49999992371328678,1
-72.261307254513071,212.68961089774126,166.11132715184712,0.031706422952705586,0.031706422952705586,950.5,0.49999780439350766,1
-72.138224207641301,212.20499928224143,165.55381227469775,0.0013494365284115592,0.0013494365284115592,951,0.49999785429998922,1
-72.014817408679122,211.72046949411688,166.04448743883282,0.035610653704397061,-0.035610653704397061,951.5,0.49999835360739969,1
-71.898969729838598,211.23408271308026,167.06976804194625,0.02265286911860627,-0.02265286911860627,952,0.49999278540786019,1
-71.78858489930677,210.74642008123871,167.27325916711624,0.0084432178845843271,0.0084432178845843271,952.5,0.49999965330604212,1
-71.676493140207455,210.25914829181852,166.81343518916461,0.010337770861608652,0.010337770861608652,953,0.49999835922004177,1
-71.562090743681907,209.77241218008177,166.84106399248725,0.012267583945482037,-0.012267583945482037,953.5,0.49999995079939308,1
-71.450581264044061,209.28500764865754,167.42717513110557,0.018370328731040424,-0.018370328731040424,954,0.49999754129593338,1
-71.343122717358739,208.79669186414475,167.65050614061261,0.0027777380278085663,0.0027777380278085663,954.5,0.49999964465993935,1
-71.234998047417193,208.30852372528855,167.28979168556336,0.015996264391168892,0.015996264391168892,955,0.49999907604343663,1
-71.123860053625549,207.82103205292992,167.12128469692223,0.0042322274525777121,-0.0042322274525777121,955.5,0.49999978428299835,1
-71.013754024448474,207.33330717631046,167.53134094683671,0.023071674568756542,-0.023071674568756542,956,0.49999889293339145,1
-70.908275720632346,206.84456136307074,168.07144954968038,0.014635185026852734,-0.014635185026852734,956.5,0.49999814253182956,1
-70.806376465647247,206.35505552004111,168.36990900974257,0.0062018110196084613,-0.0062018110196084613,957,0.49999942852634344,1
-70.706014435457334,205.86523164212554,168.43445074225005,0.0016143007373415727,0.0016143007373415727,957.5,0.49999996848008632,1
-70.605257152805422,205.37548904783588,168.27758787379065,0.0093368036832780915,0.0093368036832780915,958,0.49999983866892983,1
-70.502508392521179,204.88616062797456,168.04418741179165,0.0028916490431052846,0.0028916490431052846,958.5,0.49999961022377609,1
-70.399071321379765,204.39697691323229,168.13534590417379,0.0092558266953477897,-0.0092558266953477897,959,0.49999993445535401,1
-70.29779533763579,203.90734211630621,168.50281417266353,0.011583306804991221,-0.011583306804991221,959.5,0.49999905924327132,1
-70.19926395518182,203.4171470256037,168.73268112009748,0.0044645927578114081,-0.0044645927578114081,960,0.49999966027702092,1
-70.101840443139693,202.92673021358411,168.77031336967104,0.00062438902177338685,0.00062438902177338685,960.5,0.49999999021007935,1
-70.004307864319344,202.43633508583073,168.72272621117463,0.0026978038656166438,0.0026978038656166438,961,0.49999998525559497,1
-69.906117554207952,201.94607128615127,168.62281187393259,0.0020509149277665693,0.0020509149277665693,961.5,0.49999993027591599,1
-69.807760494593282,201.45584095958318,168.74912151338424,0.010869270068112632,-0.010869270068112632,962,0.49999988426307823,1
-69.712069201812326,200.96508480951798,169.24408412895849,0.021789897066606376,-0.021789897066606376,962.5,0.49999842233842778,1
-69.62040931953004,200.47355865301046,169.51012854579363,0.0032156466574506707,0.0032156466574506707,963,0.49999949655080261,1
-69.527959393837861,199.9821813334633,169.05983088994392,0.028221460239506682,0.028221460239506682,963.5,0.49999865892403772,1
-69.430318942760962,199.49180937397617,168.56418415052357,0.0015179700900036072,0.0015179700900036072,964,0.49999831633491765,1
-69.332308217033258,199.00151078077093,168.98011537656984,0.030558702170799069,-0.030558702170799069,964.5,0.49999881285529818,1
-69.240739864521558,198.50997209191459,169.83641650449152,0.019514030008997946,-0.019514030008997946,965,0.49999504579977033,1
-69.153945171766992,198.01756339803978,170.0579055566489,0.004049259044215609,0.004049259044215609,965.5,0.4999996404937242,1
-69.066419259876355,197.52528447858134,169.75127609364216,0.011369072974277285,0.011369072974277285,966,0.49999931979499657,1
-68.976149267749093,197.03350121622688,169.45662305152979,0.0092013542387536073,0.0092013542387536073,966.5,0.49999944861034723,1
-68.883683030974041,196.54212586294625,169.26714744005014,0.0013711669279383408,0.0013711669279383408,967,0.49999974275493897,1
-68.79092495067799,196.05080540568514,169.41165640004311,0.011460096520359384,-0.011460096520359384,967.5,0.49999985318345397,1
-68.700920255849155,195.55897442634131,169.86584584258054,0.013764591060620229,-0.013764591060620229,968,0.49999855733146242,1
-68.614039727883224,195.06658074558086,170.05143186836864,0.00080786294195760091,0.00080786294195760091,968.5,0.49999976299240029,1
-68.526997173451903,194.57421573462983,169.8584646161901,0.0071665176873927754,0.0071665176873927754,969,0.49999971029065671,1
-68.438496259577136,194.08211050446724,169.80020219059523,0.0030990129622963853,-0.0030990129622963853,969.5,0.49999996931004714,1
-68.350756825163984,193.58986927071342,170.03381616542248,0.012543993953264283,-0.012543993953264283,970,0.49999964055848972,1
-68.266010061314446,193.09710489118274,170.47750130905317,0.018431937322092928,-0.018431937322092928,970.5,0.49999874771566055,1
-68.185808408547516,192.60358152635629,171.0899308428551,0.024324071372054754,-0.024324071372054754,971,0.49999761673048304,1
-68.11066196684655,192.10926195695197,171.50791443180489,0.002403257570848799,-0.002403257570848799,971.5,0.49999882439501231,1
-68.036108659575603,191.61485196399593,171.22424547678767,0.022207147783868911,0.022207147783868911,972,0.49999943675950709,1
-67.957185275035641,191.12112192795172,170.73466362961031,0.0020108652970768095,0.0020108652970768095,972.5,0.49999824911639629,1
-67.877791510277476,190.62746674301187,171.14985175193317,0.030999773677508745,-0.030999773677508745,973,0.49999881149906394,1
-67.805618218664563,190.13271139525187,172.20875037009628,0.022464736512520518,-0.022464736512520518,973.5,0.49999183809273551,1
-67.738602800005523,189.63722304321249,172.15296406578591,0.026361840835567512,0.026361840835567512,974,0.49999977334470325,1
-67.665208802669795,189.14265119534801,170.85025823884575,0.043242887995545348,0.043242887995545348,974.5,0.49998799140079458,1
-67.58231075268057,188.6495733969667,170.28823498661023,0.0039963895211865084,-0.0039963895211865084,975,0.49999780194374177,1
-67.500346703304004,188.15634110280388,171.01008946891588,0.032711377349452876,-0.032711377349452876,975.5,0.49999620138089612,1
-67.425276463980509,187.66201109483916,171.60593997264027,0.008887184145322153,-0.008887184145322153,976,0.49999769760118601,1
-67.35241837683418,187.16734795587647,171.5410883781212,0.0086035492602670478,0.0086035492602670478,976.5,0.49999992191104053,1
-67.277910484190343,186.67293083013178,171.33136479540502,0.0060376844066446552,0.0060376844066446552,977,0.49999972029578754,1
-67.201910869477544,186.17874064326637,171.19684760153581,0.0023582563808755177,0.0023582563808755177,977.5,0.49999988223054886,1
-67.125638380394335,185.68459248603762,171.31675792698749,0.01072990922049521,-0.01072990922049521,978,0.49999989388350646,1
-67.052018370692167,185.19004367662075,171.81166749966411,0.023821673321783195,-0.023821673321783195,978.5,0.49999843072172778,1
-66.983101881187835,184.69481722956314,172.25589426057331,0.0063234604790023121,-0.0063234604790023121,979,0.49999871638925086,1
-66.915751403395518,184.19937415426335,172.17364985292994,0.012064967448812598,0.012064967448812598,979.5,0.49999992772136093,1
-66.845841037143728,183.70428681392229,171.79659473050776,0.0051426867842382443,0.0051426867842382443,980,0.49999893387430566,1
-66.774733960393561,183.20936905259089,171.95250131156854,0.016028221346489516,-0.016028221346489516,980.5,0.49999980684520906,1
-66.707505550129355,182.71391258027387,172.63140772641651,0.021656974575512702,-0.021656974575512702,981,0.49999677509707502,1
-66.645228456882691,182.21780691119841,172.96191600474339,0.0014183184948053655,-0.0014183184948053655,981.5,0.49999927123153409,1
-66.583307572503614,181.7216563433571,172.72357431016263,0.01331348275885892,0.01331348275885892,982,0.49999958189136845,1
-66.519142891188835,181.22579063823937,172.62436081312507,0.0063874686908264129,-0.0063874686908264129,982.5,0.49999990384011417,1
-66.456562242648118,180.7297238521503,173.08809564792739,0.024244321263387245,-0.024244321263387245,983,0.49999859383054224,1
-66.398872720977593,180.23306477191608,173.60000099891903,0.011493455217425449,-0.011493455217425449,983.5,0.49999832288686658,1
-66.344038238335159,179.73608083968026,173.74666717446803,0.0012534404689317667,0.0012534404689317667,984,0.49999984938721997,1
-66.289719287111254,179.239040229057,173.84985805832082,0.01125690093037366,-0.01125690093037366,984.5,0.49999991707080005,1
-66.238200729665081,178.74170340245351,174.39671829906018,0.026922273929283147,-0.026922273929283147,985,0.49999808085367814,1
-66.192723398357231,178.24377913486211,175.0876625705622,0.014049758752105851,-0.014049758752105851,985.5,0.49999676390884468,1
-66.150718738222849,177.74554673432064,175.16625633356563,0.008561830552624352,0.008561830552624352,986,0.4999999164223119,1
-66.106942361769214,177.24746778420118,174.80976831069555,0.0058099502710434112,0.0058099502710434112,986.5,0.49999901168654076,1
-66.06184736849842,176.74950564048876,174.94007441457023,0.014907822058836945,-0.014907822058836945,987,0.49999985498873456,1
-66.020318987082149,176.25123590800939,175.56094912118746,0.020986386567370733,-0.020986386567370733,987.5,0.49999733276100594,1
-65.983857921006148,175.75256850810459,176.03193769011108,0.011895727033914392,-0.011895727033914392,988,0.49999858506521383,1
-65.950398061607359,175.25368966325721,176.26940108186591,0.0070323825266082936,-0.0070323825266082936,988.5,0.49999966402713275,1
-65.918760746257433,174.75469186111587,176.47708148134126,0.0074663656454161936,-0.0074663656454161936,989,0.49999972626435579,1
-65.888994177790607,174.25557901652584,176.7042022926438,0.0091972291978982199,-0.0091972291978982199,989.5,0.49999968023293956,1
-65.861557649507063,173.75633299484957,177.02311821440111,0.013067137483534733,-0.013067137483534733,990,0.49999935324341899,1
-65.83738417551919,173.25691887043328,177.45355069026374,0.017077348977111714,-0.017077348977111714,990.5,0.49999882450975053,1
-65.817481317863454,172.75731707969891,178.00436017767879,0.021377733296776127,-0.021377733296776127,991,0.49999807304414473,1
-65.802919849840237,172.25753204772155,178.67847242710002,0.025685063813039696,-0.025685063813039696,991.5,0.49999711453126938,1
-65.794366465414839,171.75760775681783,179.30450944586795,0.015477966738205933,-0.015477966738205933,992,0.4999974570142498,1
-65.78967827761609,171.25763015817105,179.55757614019322,0.0021902426689334774,-0.0021902426689334774,992.5,0.49999957825325869,1
-65.785576319119428,170.75764706140919,179.47169229748212,0.001969174784279997,0.001969174784279997,993,0.49999992311108826,1
-65.781359318896932,170.25766503474637,179.63511181809491,0.013378937697672214,-0.013378937697672214,993.5,0.49999981007670186,1
-65.78048713576095,169.75766812491267,180.23830266604023,0.028731412874258233,-0.028731412874258233,994,0.49999767054124306,1
-65.785656280153958,169.25769705988279,180.7996696027092,0.0028134734031590833,-0.0028134734031590833,994.5,0.49999778591596838,1
-65.7915153951989,168.75773264514871,180.37460460932198,0.032492071453183675,0.032492071453183675,995,0.49999874522792681,1
-65.79063304931087,168.25773823469299,179.53419911453415,0.015546108271996156,0.015546108271996156,995.5,0.49999518899807643,1
-65.785886940020774,167.75776084121739,179.52265643827701,0.014739607673589943,-0.014739607673589943,996,0.49999991954004558,1
-65.784060494090241,167.25776595945536,180.03096597456044,0.012929781650922961,-0.012929781650922961,996.5,0.49999821768979186,1
-65.785440924051827,166.75776812277758,180.22742132237562,0.00078552741601283871,-0.00078552741601283871,997,0.49999974226927058,1
-65.787181525865549,166.25777119315418,180.15456522560686,0.0037004741336491031,0.0037004741336491031,997.5,0.4999999593274923,1
-65.78800717050683,165.75777197715036,180.02771138152085,0.005155512624619215,0.005155512624619215,998,0.49999989769350678,1
-65.787703940639773,165.25777213294367,179.9492785118469,0.0036935621791373847,-0.0036935621791373847,998.5,0.49999993615505645,1
-65.788365716588231,164.75777326916099,180.27604469793226,0.019119828517447958,-0.019119828517447958,999,0.49999930173088825,1
-65.793637914509787,164.25780403871798,180.93857608201623,0.021029239936239397,-0.021029239936239397,999.5,0.49999702745186775,1
-65.804072268549703,163.75791433821058,181.40897027204107,0.011811462885026778,-0.011811462885026778,1000,0.49999858841561146,1
-65.817494910881393,163.25809486354734,181.64204186027794,0.0065942899322208445,-0.0065942899322208445,1000.5,0.49999967457969652,1
-65.832619818001191,162.75832388394576,181.82181366891638,0.0059558974100626418,-0.0059558974100626418,1001,0.4999997948672617,1
-65.849166531378472,162.25859785961632,181.92955001160743,0.0035082285435152835,0.0035082285435152835,1001.5,0.49999989311569421,1
-65.864672220873359,161.75883943578455,181.52246853423259,0.024913307959099192,0.024913307959099192,1002,0.49999890859633001,1
-65.874039595363854,161.25893317917772,180.59739669057353,0.02541193933651922,0.02541193933651922,1002.5,0.49999401306366015,1
-65.877921949231961,160.75894846798369,180.50385877322321,0.018881637262756337,-0.018881637262756337,1003,0.49999978409928941,1
-65.886451602738987,160.25902946820941,181.58935706579092,0.040705117092319658,-0.040705117092319658,1003.5,0.49999176125638994,1
-65.903905006722553,159.75933697942244,182.23955821328042,0.0046934935437311243,-0.0046934935437311243,1004,0.49999720465290826,1
-65.922531470442152,159.25968507995501,181.85844290599618,0.031302919659404613,0.031302919659404613,1004.5,0.49999896579104619,1
-65.934165999574176,158.75982762076586,180.81568072931481,0.033894517681721505,0.033894517681721505,1005,0.49999284172390979,1
-65.937349125215135,158.25984253093705,179.94842075983613,0.026654208177136211,0.026654208177136211,1005.5,0.49999522231714472,1
-65.933776180506626,157.75985840910482,179.24515814740943,0.023535051361163229,0.023535051361163229,1006,0.49999688800854919,1
-65.924315589914727,157.2599506091785,178.59427036648344,0.021906223322074002,0.021906223322074002,1006.5,0.49999731119429075,1
-65.909443588908289,156.76017393829514,178.02252459238147,0.016899514574530958,0.016899514574530958,1007,0.49999789716877169,1
-65.890356672723513,156.26053934491827,177.63381539163737,0.010237317530604672,0.010237317530604672,1007.5,0.49999903726738604,1
-65.868442966256367,155.761020461295,177.29339533280125,0.018874194014207531,0.018874194014207531,1008,0.49999932562690852,1
-65.841774130190217,155.26173610936672,176.51101850919059,0.035752781782223339,0.035752781782223339,1008.5,0.49999609088228603,1
-65.806188257128369,154.76301425809882,175.25555562433328,0.046235329746454501,0.046235329746454501,1009,0.4999898391904154,1
-65.760624932305362,154.26509869926338,174.46572356179178,0.00891138496627851,0.00891138496627851,1009.5,0.49999592028269574,1
-65.712838074097135,153.76738812353051,174.7311816961402,0.019966120764056187,-0.019966120764056187,1010,0.49999940101339657,1
-65.667829758622872,153.26941812322292,174.75793072094748,0.018101890487900372,0.018101890487900372,1010.5,0.49999986966815407,1
-65.618318715218479,152.7718828299123,173.70154198877407,0.05102471440084818,0.05102471440084818,1011,0.49999271145555296,1
-65.55759201857434,152.27559511460228,172.39932155511912,0.039894989229962673,0.039894989229962673,1011.5,0.49998922793690942,1
-65.486976564455631,151.78061299231754,171.41555208607667,0.028427653086459937,0.028427653086459937,1012,0.49999384370399585,1
-65.409527049069666,151.28664996867383,170.84319709439384,0.01152575658892495,0.01152575658892495,1012.5,0.49999789615633633,1
-65.329231922124762,150.79313946356291,170.75490867769253,0.0043991659021368574,-0.0043991659021368574,1013,0.49999992606592719,1
-65.24830431457832,150.29973274750432,170.48333900653012,0.023361614912217523,0.023361614912217523,1013.5,0.4999994651146239,1
-65.161619129721899,149.8073118081137,169.41594833689899,0.051161097917113589,0.051161097917113589,1014,0.49999270277068958,1
-65.064924753202007,149.31675679455418,168.45478887127075,0.01551326964543721,0.01551326964543721,1014.5,0.49999402374323088,1
-64.964426110981321,148.82696104395774,168.52672083474525,0.020528516464810201,-0.020528516464810201,1015,0.49999985439051292,1
-64.865844819938943,148.33677583016197,168.51192515902653,0.023521003768302438,0.023521003768302438,1015.5,0.49999981476755162,1
-64.761505603537472,147.8477954208245,167.17735073843824,0.069660415727057182,0.069660415727057182,1016,0.49998851266315575,1
-64.643312123108075,147.36198046701583,165.70113649803983,0.027464262864829468,0.027464262864829468,1016.5,0.4999858679604206,1
-64.518453896821853,146.87782123151982,165.60882735815707,0.021014746752748052,-0.021014746752748052,1017,0.49999974198735408,1
-64.396528192737819,146.39291638769646,166.06876811612781,0.0057150425844791318,-0.0057150425844791318,1017.5,0.49999858487774029,1
-64.27598636014126,145.90766438741892,165.92906095458733,0.01546841710765586,0.01546841710765586,1018,0.49999983717906449,1
-64.152251322729484,145.42321842475266,165.40738901836716,0.018749655210539857,0.018749655210539857,1018.5,0.49999825022386851,1
-64.023981648747053,144.93995350433843,164.85915651778541,0.019525123054450168,0.019525123054450168,1019,0.49999809256289129,1
-63.891152219280698,144.45792165885402,164.35208809676743,0.015123825640412782,0.015123825640412782,1019.5,0.49999835739076931,1
-63.75468205280486,143.97690702338906,163.99444903806386,0.0098442886221776528,0.0098442886221776528,1020,0.49999918586876763,1
-63.615820908212314,143.49657663453797,163.77721323080658,0.0054861470443727557,0.0054861470443727557,1020.5,0.49999969993129828,1
-63.475642388469453,143.01662880337312,163.67960534892444,0.0013281693493152713,0.0013281693493152713,1021,0.4999999380371391,1
-63.334983345028263,142.53682153270452,163.62698439773999,0.0037885895352566274,0.0037885895352566274,1021.5,0.49999998348824271,1
-63.193412195877777,142.05728277071589,163.45676942478553,0.0080946779145303661,0.0080946779145303661,1022,0.49999981452134812,1
-63.050006697572805,141.5782895808386,163.21253687937724,0.0079019064494974724,0.0079019064494974724,1022.5,0.49999961289276557,1
-62.904712818217014,141.09986568451043,163.00864224590316,0.0063326616757203554,0.0063326616757203554,1023,0.49999973595600961,1
-62.757866465515058,140.62191594940683,162.82924644024439,0.0068822495971200296,0.0068822495971200296,1023.5,0.49999980058743582,1
-62.609371994773205,140.14447581118839,162.60953087906535,0.0084568150822471114,0.0084568150822471114,1024,0.49999969342285261,1
-62.458948490887586,139.66763993033362,162.39582012265316,0.0043105918266575722,0.0043105918266575722,1024.5,0.49999968779166876,1
-62.30751691619529,139.19112290880102,162.38114773521596,0.0032862516016306845,-0.0032862516016306845,1025,0.49999999362408964,1
-62.156815521208756,138.71437465870022,162.54910765513986,0.006412268179518215,-0.006412268179518215,1025.5,0.49999980442502168,1
-62.007613086316354,138.23715517222061,162.72445155416898,0.0058290507337492052,-0.0058290507337492052,1026,0.49999980485364792,1
-61.859776113289954,137.75951085226501,162.86223123785351,0.0020026359635328598,-0.0020026359635328598,1026.5,0.49999986697943982,1
-61.712369330515202,137.28173348122169,162.80777412407426,0.005804517512425611,0.005804517512425611,1027,0.49999997588906536,1
-61.563591574056993,136.80438170687697,162.54590923124596,0.010176803426117285,0.010176803426117285,1027.5,0.49999953728658197,1
-61.412510791707625,136.32775377464029,162.29147433762788,0.007586132914608453,0.007586132914608453,1028,0.49999958858334226,1
-61.259625715371534,135.85170130876156,162.11578620015138,0.0034477439697148155,0.0034477439697148155,1028.5,0.49999979683546403,1
-61.10607130436685,135.37586413071799,162.16256881656471,0.0067139316294658616,-0.0067139316294658616,1029,0.49999997714746941,1
-60.954115337183183,134.89951483602536,162.50013583683156,0.01614098512653683,-0.01614098512653683,1029.5,0.49999926651634702,1
-60.805192339751912,134.42220841746422,162.78364746640511,0.0036520841448665509,-0.0036520841448665509,1030,0.49999947636330389,1
-60.657141056551282,133.94463039345405,162.70939604354555,0.0088358719222772046,0.0088358719222772046,1030.5,0.49999995147481019,1
-60.507452770354135,133.46756325837546,162.47384546829588,0.0054608141011912277,0.0054608141011912277,1031,0.49999963439659389,1
-60.356464165968909,132.99090572408426,162.40133244042636,0.00039843133206734783,-0.00039843133206734783,1031.5,0.49999996365076954,1
-60.205461462319704,132.51425263159615,162.44198392153248,0.00094772388919015101,-0.00094772388919015101,1032,0.49999998708784499,1
-60.054678133014761,132.03753008417104,162.44728318238452,0.00057776674260960744,0.00057776674260960744,1032.5,0.49999999961977104,1
-59.90376511801081,131.56084858206339,162.41439300240683,0.0013699191253058152,0.0013699191253058152,1033,0.49999999254919059,1
-59.752531588487436,131.08426867936222,162.37331241691987,0.001498047499712695,0.001498047499712695,1033.5,0.49999998411074509,1
-59.600946329994628,130.60780052351276,162.33424808588796,0.00042290667266033609,0.00042290667266033609,1034,0.49999999413091689,1
-59.449303882926749,130.13135057034862,162.37253414077847,0.0030957764393267323,-0.0030957764393267323,1034.5,0.49999998962285408,1
-59.29839784689009,129.65466697915318,162.5082169512809,0.0048792005947635329,-0.0048792005947635329,1035,0.49999987782726268,1
-59.148331590554825,129.17771822827945,162.51698906427242,0.0042667983405938713,0.0042667983405938713,1035.5,0.49999999225049402,1
-58.997248264869441,128.70109110522466,162.26374210791988,0.013413210190736265,0.013413210190736265,1036,0.49999958573146347,1
-58.843599877617535,128.22528470811136,162.00817897760535,0.0018101385651169192,0.0018101385651169192,1036.5,0.49999955443885491,1
-58.689522715655926,127.7496167012953,162.16544239129206,0.012789431166410289,-0.012789431166410289,1037,0.49999982454648112,1
-58.538052641088015,127.27311285022475,162.52198457463297,0.0061998195430035619,-0.0061998195430035619,1037.5,0.49999910357386651,1
-58.388034947476335,126.79614884177745,162.48803693267416,0.0085698003009079624,0.0085698003009079624,1038,0.49999997375068028,1
-58.236108634151144,126.31979032589464,162.11459538127536,0.013201940465997349,0.013201940465997349,1038.5,0.49999904033373449,1
-58.081094332423874,125.84442747275054,161.77696808978402,0.010369044818511784,0.010369044818511784,1039,0.49999927588877296,1
-57.923630362136571,125.36987009682821,161.53291725718179,0.0052254407680737552,0.0052254407680737552,1039.5,0.49999960498077267,1
-57.76498616595449,124.89570555869994,161.51196153423632,0.0037624924032982599,-0.0037624924032982599,1040,0.49999999020064823,1
-57.607233432731661,124.42124405830569,161.74509210598379,0.010392021448063034,-0.010392021448063034,1040.5,0.49999964019551169,1
-57.451272639216356,123.94619020809137,161.83573763644404,0.0040636162292787339,0.0040636162292787339,1041,0.49999992971737112,1
-57.294347090387177,123.47145481878802,161.5122406394396,0.018521365447930215,0.018521365447930215,1041.5,0.49999931773187456,1
-57.133578251897049,122.99800811485052,161.02149083557052,0.01150573070815027,0.01150573070815027,1042,0.4999984008961883,1
-56.970095968887243,122.52548998789995,160.86788185450587,0.00078127775929392031,-0.00078127775929392031,1042.5,0.49999983715495183,1
-56.806770912379633,122.05291755399774,161.04524743648705,0.0099750628642721849,-0.0099750628642721849,1043,0.49999977936741519,1
-56.645767658653973,121.57954973885865,161.41358421821437,0.015740038071110588,-0.015740038071110588,1043.5,0.49999913611906716,1
-56.488489875589941,121.10493208877884,161.93606798718406,0.016994634447402981,-0.016994634447402981,1044,0.49999821480962808,1
-56.334651973848558,120.62918674499231,162.12675036977481,0.0036819972841109407,0.0036819972841109407,1044.5,0.49999973214668142,1
-56.179938713552858,120.15372618278521,161.7253217157793,0.02354191816180061,0.02354191816180061,1045,0.49999893912449517,1
-56.021197192478738,119.67959517116286,161.35412632976943,0.0023730918851656638,0.0023730918851656638,1045.5,0.49999908669412163,1
-55.861893022547314,119.20565235665548,161.58934788034486,0.018795564304233851,-0.018795564304233851,1046,0.49999960998056631,1
-55.706551143160922,118.73039815248713,162.17133696252836,0.013886909740498067,-0.013886909740498067,1046.5,0.49999765806550428,1
-55.554470160574439,118.25408818901839,162.33513612181392,0.002450973611694184,0.002450973611694184,1047,0.49999980656402176,1
-55.401902954438746,117.77793397208212,162.09804659439379,0.0098303128256674154,0.0098303128256674154,1047.5,0.49999959069407174,1
-55.247070759814882,117.30251149949277,161.82764629587507,0.0090470316409037976,0.0090470316409037976,1048,0.49999953593480562,1
-55.090110420629465,116.82778726484472,161.60309470005586,0.0032041377302950724,0.0032041377302950724,1048.5,0.49999964703925392,1
-54.932581995944084,116.35325102746771,161.74695548287599,0.013248262127937321,-0.013248262127937321,1049,0.49999984516776308,1
-54.778197874461995,115.87768490537478,162.35378909935741,0.025601000360600892,-0.025601000360600892,1049.5,0.49999759344251082,1
-54.629197969015692,115.40040403322402,162.91298147987638,0.01343845170638458,-0.01343845170638458,1050,0.49999800274000566,1
-54.483407990097845,114.92213111204052,163.12381218891448,0.0012810274327138154,-0.0012810274327138154,1050.5,0.49999970509018082,1
-54.338131657327473,114.44370162558225,163.08316168398889,0.0020988722597738495,0.0020988722597738495,1051,0.49999998637592941,1
-54.192358871264503,113.96542318905769,163.01220803806774,0.0028545993981399578,0.0028545993981399578,1051.5,0.49999996800093877,1
-54.045904153846102,113.48735315065134,162.9199639443103,0.003565660995272293,0.003565660995272293,1052,0.49999994587594354,1
-53.898597630918204,113.00954491621486,162.80813209120504,0.0042416519669799067,0.0042416519669799067,1052.5,0.49999992059240789,1
-53.750282069004719,112.53204895908884,162.68459850000409,0.0020470030232865332,0.0020470030232865332,1053,0.49999989497739944,1
-53.601808004860551,112.05460232732618,162.8369313703713,0.01268230133398131,-0.01268230133398131,1053.5,0.49999983390496827,1
-53.456365095548868,111.5762256473663,163.41126594830422,0.027413134110418805,-0.027413134110418805,1054,0.49999788779402193,1
-53.315852829265189,111.09637651883158,163.81911599206762,0.00095673305644944297,-0.00095673305644944297,1054.5,0.49999888313046209,1
-53.175570024232591,110.61645998194116,163.46606600301561,0.025606900225121756,0.025606900225121756,1055,0.49999914776797583,1
-53.029577155804667,110.13825403053417,162.61079163314525,0.021310052889456713,0.021310052889456713,1055.5,0.49999484956635221,1
-52.87864473468121,109.66157909815983,162.37466465430282,0.004823162065377023,-0.004823162065377023,1056,0.4999995869000966,1
-52.728788781474869,109.18456571220099,162.81554227151952,0.017504314219785662,-0.017504314219785662,1056.5,0.49999857709327483,1
-52.582755291567643,108.70636763530088,163.17286612193604,0.0074415039341673497,-0.0074415039341673497,1057,0.4999991809247798,1
-52.438501857896206,108.22762876302615,163.24191632930859,0.0026208444380318462,0.0026208444380318462,1057.5,0.49999996095288074,1
-52.294132970284274,107.74892466132196,163.21107250561042,0.00079495611100883535,-0.00079495611100883535,1058,0.49999999269871409,1
-52.149954385457356,107.27016324129308,163.28758074639182,0.0045462794153980669,-0.0045462794153980669,1058.5,0.4999999616307691,1
-52.006434370243554,106.79120395805562,163.30574609173584,0.0041393105206487032,0.0041393105206487032,1059,0.49999998976630949,1
-51.86192330970114,106.31254319234574,163.04949107028568,0.013750798994697774,0.013750798994697774,1059.5,0.49999957524887706,1
-51.714472825974674,105.83478019788899,162.69681061842326,0.005511966642116525,0.005511966642116525,1060,0.49999912402268548,1
-51.565733381337104,105.35741605515877,162.7666004916303,0.010384411442293491,-0.010384411442293491,1060.5,0.49999994715565149,1
-51.419358912584315,104.8793227990427,163.20220219807084,0.012841616745817229,-0.012841616745817229,1061,0.49999864664449412,1
-51.275880811160647,104.40035118232419,163.38418487896843,0.00013651800835440457,0.00013651800835440457,1061.5,0.49999977521003347,1
-51.132428882671,103.92137165796534,163.24456669201118,0.0047936479659248668,0.0047936479659248668,1062,0.49999984054240215,1
-50.987982254318489,103.44269101565106,163.20440379694185,0.0019897796506096921,-0.0019897796506096921,1062.5,0.49999998576881388,1
-50.843978910402548,102.96387693860113,163.32702576179679,0.0029173279145395031,-0.0029173279145395031,1063,0.49999988344013779,1
-50.700523186772472,102.48489840326818,163.28474227870478,0.0058692753395314153,0.0058692753395314153,1063.5,0.49999998195193257,1
-50.555693602298135,102.00633397954313,163.02432060155832,0.0075887809821321402,0.0075887809821321402,1064,0.49999951619406102,1
-50.409302359070104,101.528244467954,162.9862178993188,0.0049287005202367307,-0.0049287005202367307,1064.5,0.49999997718538336,1
-50.264089956486714,101.04979625486027,163.30672760694802,0.017447262427089154,-0.017447262427089154,1065,0.49999933447617861,1
-50.122300175083645,100.57032283712638,163.67298873670745,0.0047668552188258658,-0.0047668552188258658,1065.5,0.49999910042293388,1
-49.981650649419954,100.09051285073443,163.57247815256517,0.011784069298906612,0.011784069298906612,1066,0.49999991211086237,1
-49.838405809631652,99.611472585628647,163.13605915821756,0.012092634110279837,0.012092634110279837,1066.5,0.4999986597167963,1
-49.69233961306962,99.133283896679785,162.94408085802553,0.0013102437953942669,0.0013102437953942669,1067,0.49999975601666991,1
-49.545945831301886,98.655195223349011,163.0446956233057,0.0058660708407493774,-0.0058660708407493774,1067.5,0.49999991890743201,1
-49.400808649736412,98.176723658248804,163.20341921353025,0.005214896306687645,-0.005214896306687645,1068,0.49999984008218573,1
-49.256915724424303,97.697876390700671,163.33736839705006,0.0026539886524831872,-0.0026539886524831872,1068.5,0.49999987959317493,1
-49.113498845961011,97.218886232114357,163.28176797092334,0.0065356432716371492,0.0065356432716371492,1069,0.49999997305069555,1
-48.968524115061165,96.740365915491651,162.97570011876041,0.010795170978823074,0.010795170978823074,1069.5,0.49999936601977618,1
-48.821563236889631,96.262451220701109,162.92454584297772,0.0072239198634549045,-0.0072239198634549045,1070,0.49999995520968299,1
-48.676329908226229,95.784010127389791,163.38880968693866,0.023790698870064467,-0.023790698870064467,1070.5,0.49999859952161946,1
-48.535497278048169,95.304254926122994,163.80264031674341,0.0051007012341717627,-0.0051007012341717627,1071,0.49999888286416805,1
-48.395888443101647,94.824141138433475,163.68108938108327,0.013586758355943357,0.013586758355943357,1071.5,0.49999987592468559,1
-48.253425503950972,94.344867858529881,163.21852457429816,0.014071251099262298,0.014071251099262298,1072,0.49999856585894165,1
-48.10760996636359,93.866603107265774,162.89754233877758,0.0083377485715914416,0.0083377485715914416,1072.5,0.4999993433031833,1
-47.959812612569166,93.38894654249917,162.74920210210013,0.0013487734842047023,0.0013487734842047023,1073,0.49999985165324567,1
-47.811709353321703,92.911384634721841,162.83121176744345,0.0070741331462914787,-0.0070741331462914787,1073.5,0.49999995115964063,1
-47.665253765742698,92.433315397679479,163.11061220903551,0.0067019804883650469,-0.0067019804883650469,1074,0.49999943453905837,1
-47.520122595226333,91.954841883598533,163.06178382208103,0.010111176478186098,0.010111176478186098,1074.5,0.49999996033241773,1
-47.372574747601604,91.477109927514036,162.53148951096804,0.026147502951245849,0.026147502951245849,1075,0.49999818919973127,1
-47.220059853507465,91.000940215730239,162.03150911746658,0.0087582590999878661,0.0087582590999878661,1075.5,0.49999838733821,1
-47.065460613700289,90.525441478830103,162.02962746346293,0.0086267276371382526,-0.0086267276371382526,1076,0.49999997374258037,1
-46.912318490073524,90.049471891495656,162.29188988846957,0.0082466658555946266,-0.0082466658555946266,1076.5,0.49999955809604374,1
-46.761139776313073,89.57287487041863,162.50031237208105,0.0063039163532365838,-0.0063039163532365838,1077,0.49999972399368375,1
-46.611331346003404,89.095845132384142,162.59279715456341,0.00094791781596625946,0.00094791781596625946,1077.5,0.49999993676109572,1
-46.461294490730388,88.618887282013816,162.44187547870979,0.0095884815498187888,0.0095884815498187888,1078,0.49999984897007493,1
-46.309187831963307,88.142585893091379,162.16321031532544,0.0053174305966252619,0.0053174305966252619,1078.5,0.4999994487304239,1
-46.155849746663769,87.666678948446105,162.17264012541551,0.0059757787508274004,-0.0059757787508274004,1079,0.49999998836492826,1
-46.003892157964415,87.19033003646777,162.46293793518603,0.0089511224743474439,-0.0089511224743474439,1079.5,0.49999939470589849,1
-45.853823609240273,86.713382060294421,162.54839011847844,0.0029853247572556216,0.0029853247572556216,1080,0.49999994129202069,1
-45.703053931121559,86.236655619511694,162.30989316925965,0.0089556326868927005,0.0089556326868927005,1080.5,0.4999995951812235,1
-45.550703761645934,85.760431513100514,162.28808109145643,0.0074329670848845434,-0.0074329670848845434,1081,0.49999997366637833,1
-45.400124097469217,85.283645949927148,162.73218230340495,0.02090894722055393,-0.02090894722055393,1081.5,0.49999870851244821,1
-45.253515224431418,84.80562395550578,163.08396515454029,0.0036506634090454826,-0.0036506634090454826,1082,0.49999918880333816,1
-45.107779001318455,84.327334505080856,162.94137128698401,0.01360581657046462,0.01360581657046462,1082.5,0.49999984511498313,1
-44.959484055506508,83.849832969384167,162.56729041505332,0.011482550945514159,0.011482550945514159,1083,0.49999910754526838,1
-44.808450110218786,83.373190295848417,162.28429526207685,0.0082743004534559291,0.0082743004534559291,1083.5,0.49999949086422274,1
-44.655655516955591,82.897108649333518,162.18803314131392,0.0032078091381295567,-0.0032078091381295567,1084,0.49999992187879649,1
-44.503628169981219,82.420781922427352,162.47402742483047,0.016758892486634015,-0.016758892486634015,1084.5,0.49999946499292064,1
-44.355257139172046,81.943304837145789,162.96672502666621,0.011550462639618968,-0.011550462639618968,1085,0.49999832974956432,1
-44.209607891325106,81.464988857567292,163.09395978611656,0.0026673429438895968,0.0026673429438895968,1085.5,0.49999987971850185,1
-44.063405809959839,80.986841813547372,162.87084247250658,0.0094664136315382522,0.0094664136315382522,1086,0.49999964430039701,1
-43.914997302401183,80.509375134624378,162.59428268687054,0.0098411180401695927,0.0098411180401695927,1086.5,0.49999951459730557,1
-43.7642595066418,80.03263869682938,162.32492580845621,0.0068129152711434602,0.0068129152711434602,1087,0.49999951419162497,1
-43.611991099544824,79.556388451745548,162.25683272803985,0.0020590753391605435,-0.0020590753391605435,1087.5,0.49999996374225975,1
-43.460209898628634,79.079982903782749,162.43809087903986,0.0095514975446562064,-0.0095514975446562064,1088,0.49999977908124632,1
-43.310608178956777,78.6028889124361,162.75763535235251,0.012756981725030217,-0.012756981725030217,1088.5,0.49999935110743238,1
-43.164052330031254,78.124850932954502,163.16705088630351,0.014151858065934471,-0.014151858065934471,1089,0.49999892667997792,1
-43.020126754360511,77.646013468735546,163.27512507634714,0.0066067597548299922,0.0066067597548299922,1089.5,0.4999998884717814,1
-42.874620468426791,77.167655464455919,162.7884532971791,0.027370326959473477,0.027370326959473477,1090,0.49999845950224048,1
-42.723844701640147,76.690932858314227,162.2048464959619,0.010138715176648428,0.010138715176648428,1090.5,0.49999777505167697,1
-42.570654397897862,76.214978350913029,162.21179359561603,0.010623447047454274,-0.010623447047454274,1091,0.49999996227616933,1
-42.419808076789678,75.738277428863185,162.69215517646745,0.016115736358987713,-0.016115736358987713,1091.5,0.49999838167242527,1
-42.272710963289164,75.260405489833801,163.05708144337552,0.0093610522052061801,-0.0093610522052061801,1092,0.49999915091116592,1
-42.127848728395314,74.781850638195735,163.22534184384665,0.0020052203797121422,-0.0020052203797121422,1092.5,0.49999981312473718,1
-41.983449834550598,74.303155611725742,163.16260440997803,0.0063852637791217163,0.0063852637791217163,1093,0.49999996891068349,1
-41.837529374975553,73.824922775113293,162.86962569492044,0.0113621844930581,0.0113621844930581,1093.5,0.49999942653665269,1
-41.689220671622834,73.347424876166514,162.6598201062352,0.0032851395916797949,0.0032851395916797949,1094,0.49999971498867246,1
-41.540127709826379,72.870170981319731,162.68105227055051,0.0041863483255806504,-0.0041863483255806504,1094.5,0.49999999140366302,1
-41.391493274820611,72.392774082984161,162.69701326959114,0.003072110302845535,0.003072110302845535,1095,0.4999999938099064,1
-41.242125766222443,71.915606283470581,162.50502849292974,0.010331009256157283,0.010331009256157283,1095.5,0.49999976151739928,1
-41.090662797656236,71.43909965490198,162.25689468459291,0.0054488188513104807,0.0054488188513104807,1096,0.49999959791654031,1
-40.937903202320321,70.963006724163364,162.19604846568183,0.001200879316666713,-0.001200879316666713,1096.5,0.49999997266647683,1
-40.785383493883259,70.486836940189747,162.30195524113907,0.0054811130456729482,-0.0054811130456729482,1097,0.49999992463120191,1
-40.634165743428902,70.010252291325017,162.50571823030958,0.0087442491144226614,-0.0087442491144226614,1097.5,0.4999997355859242,1
-40.484957133596851,69.533034970186435,162.74871162025318,0.0045039034554752982,-0.0045039034554752982,1098,0.49999958084252211,1
-40.33675160865765,69.055504759696802,162.71155269396934,0.0070981179962718794,0.0070981179962718794,1098.5,0.49999997955277642,1
-40.186893944232203,68.57849121456718,162.38614708933179,0.0096069531581815977,0.0096069531581815977,1099,0.49999924182360561,1
-40.035054415594836,68.102104064451851,162.32917842187788,0.0056297401264950968,-0.0056297401264950968,1099.5,0.49999995925182122,1
-39.884553196137347,67.625293345404785,162.69980642433546,0.016543313370893268,-0.016543313370893268,1100,0.49999907885552269,1
-39.737250415179417,67.147484349694281,162.96171531844539,0.001741675750011387,-0.001741675750011387,1100.5,0.49999954565961352,1
-39.590363726103497,66.669546995239017,162.7996063715637,0.013059142949282782,0.013059142949282782,1101,0.49999981421134826,1
-39.440932994702116,66.192399654938612,162.4293400784365,0.012112841951636172,0.012112841951636172,1101.5,0.49999912784214168,1
-39.288615201060146,65.716165861383274,162.10602611028861,0.010458809956781605,0.010458809956781605,1102,0.49999933638362526,1
-39.13402611188517,65.240664025226053,161.93310905445651,0.00063179114750462606,-0.00063179114750462606,1102.5,0.49999978268079037,1
-38.979593904608819,64.765111324231796,162.1522750805951,0.014669350519028332,-0.014669350519028332,1103,0.49999967806707513,1
-38.828378573331349,64.288527191468475,162.61042758949705,0.010006492108942847,-0.010006492108942847,1103.5,0.49999851201290779,1
-38.679476307170489,63.811213797142671,162.65845367668226,0.0066533085252572814,0.0066533085252572814,1104,0.4999999612706591,1
-38.529075300184786,63.334371451145898,162.30938684866805,0.0091741920069598054,0.0091741920069598054,1104.5,0.49999908583718317,1
-38.376800843563458,62.858123136002867,162.31955148348669,0.0098840613082201729,-0.0098840613082201729,1105,0.49999996781589595,1
-38.226882522988383,62.381129946787162,162.87558168988843,0.02822941244112875,-0.02822941244112875,1105.5,0.49999800539824168,1
-38.081813347631339,61.90263858453109,163.24568094973836,0.0023894990979401853,0.0023894990979401853,1106,0.49999904939154083,1
-37.936172702481535,61.424321650407911,162.73862093782679,0.03301301666934562,0.03301301666934562,1106.5,0.49999828698571364,1
-37.783930455153616,60.948067721057413,161.92538983646037,0.014067778176098561,0.014067778176098561,1107,0.49999550707305868,1
-37.628358627465957,60.472886374074989,161.96621100559344,0.016917473147048882,-0.016917473147048882,1107.5,0.49999990609010087,1
-37.476255430215083,59.996586193781326,162.58699568129384,0.015022549296977005,-0.015022549296977005,1108,0.49999724435412035,1
-37.327649964779248,59.519180460700788,162.74032506201979,0.0043176870713788947,0.0043176870713788947,1108.5,0.49999981833553392,1
-37.178133861142236,59.042059697432073,162.4378767559632,0.0080000271536764742,0.0080000271536764742,1109,0.49999928798840804,1
-37.026961969365523,58.565460247581726,162.44354424841225,0.0083958216597294997,-0.0083958216597294997,1109.5,0.49999997646100336,1
-36.877755791933744,58.088243102154301,162.87370501944861,0.014001584975065149,-0.014001584975065149,1110,0.49999868727197971,1
-36.731373618656512,57.610150904697591,162.98144553404654,0.0064796073899235588,0.0064796073899235588,1110.5,0.49999988992233985,1
-36.583445297110906,57.132536282617373,162.50825514766029,0.023032293246644509,0.023032293246644509,1111,0.49999851553792574,1
-36.43110938777216,56.656308735796358,162.09801792504601,0.0056081823616723273,0.0056081823616723273,1111.5,0.49999890562402677,1
-36.277438311513912,56.180509278207957,162.18689971892644,0.011813441791599828,-0.011813441791599828,1112,0.49999992351977951,1
-36.125770020017924,55.704068052336346,162.46115608589633,0.0057277540493187468,-0.0057277540493187468,1112.5,0.49999951235511708,1
-35.975466355063062,55.227194079787992,162.51338819404646,0.002081259022346411,0.002081259022346411,1113,0.4999999773929113,1
-35.824885204819083,54.750407667881603,162.44881855851355,0.00023052413364667716,-0.00023052413364667716,1113.5,0.49999996538736735,1
-35.674368884274735,54.273600808364947,162.54014515826162,0.0061452434210881764,-0.0061452434210881764,1114,0.49999994403234271,1
-35.525164690347957,53.796381894321108,162.7071044629875,0.00095976002168897368,-0.00095976002168897368,1114.5,0.49999978340647316,1
-35.376137933327868,53.319107492869797,162.54983272804131,0.011939726952106188,0.011939726952106188,1115,0.49999982858860215,1
-35.224329508108923,52.842711984353336,162.08481824803442,0.013382230203985948,0.013382230203985948,1115.5,0.49999847849979867,1
-35.069628287849191,52.367246534002419,161.95236354293581,0.004134775297084922,-0.004134775297084922,1116,0.49999986202723151,1
-34.915899133396223,51.891466653981524,162.3031915494102,0.015865979096789006,-0.015865979096789006,1116.5,0.49999914716079397,1
-34.765468194324725,51.414633544268455,162.63814505067268,0.0075182603040933361,-0.0075182603040933361,1117,0.4999992819480536,1
-34.616830622012841,50.937237683603399,162.73397376269,0.00076839305314587445,0.00076839305314587445,1117.5,0.49999993568289525,1
-34.468306131714421,50.45980656905612,162.70172624435773,0.0014829108079685096,0.0014829108079685096,1118,0.499999993356263,1
-34.319427691953486,49.982485720471544,162.64900936420804,0.0021974144150009038,0.0021974144150009038,1118.5,0.49999998231914949,1
-34.170063219624147,49.505316740840371,162.59688384427642,0.00066834484675716143,0.00066834484675716143,1119,0.4999999807164765,1
-34.020544866919934,49.028195939454335,162.61654144173835,0.0020407000293067496,-0.0020407000293067496,1119.5,0.49999999691063463,1
-33.871486165076973,48.550931379079103,162.69149210632747,0.001209838994728461,-0.001209838994728461,1120,0.49999995718527063,1
-33.722660026863593,48.073594216214147,162.64974105140573,0.004124630203245965,0.004124630203245965,1120.5,0.49999998646747307,1
-33.572860142780371,47.596561965012341,162.46872822404404,0.0059982205379514961,0.0059982205379514961,1121,0.49999977395795825,1
-33.421822855110761,47.119919851282461,162.40170900102697,0.0013193669577932908,-0.0013193669577932908,1121.5,0.49999996684747977,1
-33.271099811526319,46.643178379624075,162.54316928074226,0.0076211519326133811,-0.0076211519326133811,1122,0.49999986666634327,1
-33.121796878171573,46.165990253507786,162.68282044387553,0.0021283470146544695,-0.0021283470146544695,1122.5,0.49999987361469128,1
-32.973001806249705,45.688643396428425,162.66511555262758,0.0033643819468847447,0.0033643819468847447,1123,0.49999999539177764,1
-32.823670545247815,45.211464036141528,162.5952704659102,0.00080955505932035537,0.00080955505932035537,1123.5,0.49999996739622571,1
-32.674146369804902,44.734345061237306,162.61969306146511,0.0025145767127095829,-0.0025145767127095829,1124,0.49999999525553879,1
-32.525155288940816,44.257059393851684,162.70479813798943,0.0023809790026840293,-0.0023809790026840293,1124.5,0.49999995046878515,1
-32.376727047767716,43.779598354348693,162.74961647256919,0.00074793350997040802,-0.00074793350997040802,1125,0.49999998702101656,1
-32.228481497385481,43.302080546664392,162.75045812254086,0.00051518549213303249,0.00051518549213303249,1125.5,0.49999999986375243,1
-32.080115839821921,42.824600048054982,162.72231164288786,0.0014498098682374945,0.0014498098682374945,1126,0.49999999489655778,1
-31.931407844634219,42.347226070371711,162.67199828677968,0.0012858054645397184,0.0012858054645397184,1126.5,0.49999998240189392,1
-31.782445743028301,41.869931306606475,162.67551554506957,0.00153135596519055,-0.00153135596519055,1127,0.49999999923256461,1
-31.633849152434845,41.392522668688891,162.75973846732663,0.0043485069634426896,-0.0043485069634426896,1127.5,0.49999995429432015,1
-31.486015403278703,40.914877238223077,162.81923193838355,0.00066263219782376011,0.00066263219782376011,1128,0.49999997463443235,1
-31.338023349570381,40.437280872451154,162.72134622238815,0.006171113128174659,0.006171113128174659,1128.5,0.49999993655935132,1
-31.188669418879545,39.960108849578944,162.52245194684627,0.0060473683892587511,0.0060473683892587511,1129,0.49999973602469056,1
-31.037881551851086,39.48338786353326,162.38489514621693,0.0035559263922803337,0.0035559263922803337,1129.5,0.49999987937934737,1
-30.886280412959653,39.006924772512164,162.34074906276356,0.0016902951979756431,-0.0016902951979756431,1130,0.49999998241855587,1
-30.735098922305944,38.530328507228411,162.49551996753837,0.0091148829974849379,-0.0091148829974849379,1130.5,0.49999984319867435,1
-30.586054773106373,38.053060154441638,162.82693789111909,0.0096282654403096659,-0.0096282654403096659,1131,0.4999992389818444,1
-30.439115563540149,37.575138843144323,162.93731734635568,0.0019221747009012416,0.0019221747009012416,1131.5,0.49999991110008402,1
-30.291722120445037,37.097357655254697,162.72687197458026,0.0095075073058752766,0.0095075073058752766,1132,0.4999996905685582,1
-30.142554402436001,36.620127213775,162.60947149536435,0.0013113755664147997,-0.0013113755664147997,1132.5,0.49999990237092085,1
-29.99369967705557,36.142799211702012,162.80198303371128,0.011924878604131455,-0.011924878604131455,1133,0.49999975083101111,1
-29.846787567301792,35.664869661035411,162.96406747485256,0.0006091264248904197,0.0006091264248904197,1133.5,0.4999998233926547,1
-29.699729921105295,35.186984958624727,162.76707899993221,0.013143476674708342,0.013143476674708342,1134,0.49999974010293452,1
-29.549967268224808,34.709941706285782,162.40093654069403,0.0095055648968722026,0.0095055648968722026,1134.5,0.49999911679913894,1
-29.397943377635471,34.233613510351724,162.23160640432252,0.0023160751472248086,0.0023160751472248086,1135,0.49999981355167916,1
-29.2453118438081,33.757479481399713,162.23594353446697,0.0012776732241795742,-0.0012776732241795742,1135.5,0.49999999864457001,1
-29.092972705975445,33.281251840492708,162.29338152900038,0.0027322531954297922,-0.0027322531954297922,1136,0.49999997887944791,1
-28.941266257285594,32.804822304237383,162.37813768438585,0.0019783173227065705,-0.0019783173227065705,1136.5,0.49999994959054694,1
-28.789999611345184,32.328252896459034,162.38592057018658,0.0014349625644206052,0.0014349625644206052,1137,0.49999999860426803,1
-28.638396148771076,31.851790577203214,162.30292126372262,0.002973741648147352,0.002973741648147352,1137.5,0.49999995153509147,1
-28.486199676136962,31.375517308648725,162.27181504043836,0.00080211754888725897,-0.00080211754888725897,1138,0.49999999262184336,1
-28.33419423910814,30.899183075031811,162.34884003630233,0.0044295780997148631,-0.0044295780997148631,1138.5,0.49999995500173405,1
-28.182942964394918,30.422608811485901,162.41494574149101,0.00018547615634355945,-0.00018547615634355945,1139,0.49999997677670011,1
-28.031735886434813,29.946020521157251,162.35946710977851,0.004058619639218549,0.004058619639218549,1139.5,0.49999997890361814,1
-27.879757417693934,29.469677695773363,162.26802896553858,0.0010451429923281641,0.0010451429923281641,1140,0.4999999422555243,1
-27.727531949315853,28.993413696527952,162.303509577922,0.0035221625732322621,-0.0035221625732322621,1140.5,0.49999999020015901,1
-27.576080084413448,28.51690323458077,162.42925809280572,0.0032173754005204907,-0.0032173754005204907,1141,0.49999988772752069,1
-27.425370526123505,28.040157370598923,162.46682173020997,0.00059493444300061978,0.00059493444300061978,1141.5,0.49999998978374754,1
-27.274539347429656,27.563449983993554,162.41396977385017,0.0010174990572067765,0.0010174990572067765,1142,0.49999997691029635,1
-27.123545696516896,27.086794023940787,162.45562080241126,0.0039252726790052804,-0.0039252726790052804,1142.5,0.4999999868697893,1
-26.973486470709933,26.6098432759776,162.63474038640933,0.0065434901749098981,-0.0065434901749098981,1143,0.49999978723238331,1
-26.824487096260764,26.132560163767604,162.62446022383244,0.0072612700089759522,0.0072612700089759522,1143.5,0.49999998278710273,1
-26.673756121194536,25.655822173219445,162.21867371538229,0.021068256467584558,0.021068256467584558,1144,0.49999893847518556,1
-26.518951599534073,25.180391467757403,161.7908847100399,0.0062197350783424034,0.0062197350783424034,1144.5,0.49999879562120902,1
-26.362669787042346,24.705443120866818,161.86593063572394,0.011459033321963658,-0.011459033321963658,1145,0.49999993712979496,1
-26.208858467730661,24.229690305132287,162.30865590276625,0.014465111921165381,-0.014465111921165381,1145.5,0.49999866362594964,1
-26.058457276844091,23.75284787256755,162.65799996863183,0.0099238215246130138,-0.0099238215246130138,1146,0.49999922371375172,1
-25.91040177574515,23.275271393782827,162.85725236722953,0.0018664687703162188,-0.0018664687703162188,1146.5,0.49999972449399765,1
-25.76271473427315,22.797580698239674,162.71883132204704,0.011530564444380944,0.011530564444380944,1147,0.49999986282723463,1
-25.61228212493732,22.320749166011726,162.20892737391949,0.019615064767852696,0.019615064767852696,1147.5,0.49999828007548069,1
-25.457943125601616,21.845166442749775,161.92430727684388,0.00025601607943242155,0.00025601607943242155,1148,0.49999945338090079,1
-25.303543221750868,21.369603434605498,162.19425340494018,0.01910251300372055,-0.01910251300372055,1148.5,0.4999995050241095,1
-25.152782848713283,20.892875055658639,162.6509535366522,0.0096592475630997519,-0.0096592475630997519,1149,0.49999863736987521,1
-25.004324659840595,20.415423384073552,162.74226718246763,0.0032841071475847037,0.0032841071475847037,1149.5,0.49999993254274744,1
-24.855218552486509,19.938173885149144,162.54332554082205,0.0069706701633691281,0.0069706701633691281,1150,0.49999971547380589,1
-24.704486582992146,19.461435281362146,162.37652156632015,0.0046744256854607345,0.0046744256854607345,1150.5,0.49999982296839462,1
-24.552636983921381,18.985051369694091,162.27154919068587,0.0031796213574094281,0.0031796213574094281,1151,0.4999999320341047,1
-24.400004158697978,18.508917809151061,162.1800002397357,0.0032116858039229882,0.0032116858039229882,1151.5,0.49999994681105797,1
-24.246606991867562,18.033029949468283,162.08789661474404,0.0027799358475767248,0.0027799358475767248,1152,0.49999994578505141,1
-24.092833078182178,17.557263655710621,162.12948513938892,0.0056834205033904897,-0.0056834205033904897,1152.5,0.49999998280602159,1
-23.940411951350576,17.081062771831142,162.41354394710345,0.014147799890250549,-0.014147799890250549,1153,0.49999948171194308,1
-23.79103228768691,16.603899490905366,162.78422083880326,0.0083865967607354465,-0.0083865967607354465,1153.5,0.49999908057927561,1
-23.643644977978166,16.126116156545926,162.87935449927852,0.0017448337731116894,0.0017448337731116894,1154,0.4999999336548015,1
-23.49588853501287,15.648446971466251,162.72150963579011,0.0062180894069011269,0.0062180894069011269,1154.5,0.4999998168124038,1
-23.346724878231605,15.171215302355829,162.5745376162152,0.0040424708512897369,0.0040424708512897369,1155,0.4999998625062595,1
-23.196596045895628,14.694286275699925,162.4881405582932,0.002563871049211879,0.002563871049211879,1155.5,0.49999996276551067,1
-23.045767562323249,14.217578087528329,162.3889808999117,0.0043587847353247205,0.0043587847353247205,1156,0.49999992812658406,1
-22.893900525532569,13.741199814555708,162.23840060644733,0.0061536911676833865,0.0061536911676833865,1156.5,0.49999985582393791,1
-22.740812069922409,13.265212573335369,162.13834442500368,0.00029762112566397676,-0.00029762112566397676,1157,0.49999992904564861,1
-22.587795431989004,12.789202266308392,162.25802084455427,0.0080574537131053517,-0.0080574537131053517,1157.5,0.49999990388035015,1
-22.436619880784061,12.312604559536037,162.55093893523104,0.009843962026390228,-0.009843962026390228,1158,0.49999942138245068,1
-22.28775973350227,11.835278383560039,162.79488726947679,0.0071868891189844622,-0.0071868891189844622,1158.5,0.49999962172048279,1
-22.140612691500266,11.357421111469078,162.95776049630922,0.0029621773762484645,-0.0029621773762484645,1159,0.49999982446012392,1
-21.994039751692693,10.879387278003119,162.90287684185697,0.0067939380103336083,0.0067939380103336083,1159.5,0.49999997262199419,1
-21.845843970304365,10.401854773881842,162.56848382115152,0.016551124733437537,0.016551124733437537,1160,0.49999928211311845,1
-21.694433586772966,9.9253317429574146,162.24346438230117,0.0042505135994399673,0.0042505135994399673,1160.5,0.49999930324204295,1
-21.542011187769205,9.4491307879128907,162.32746826602221,0.010115212764781965,-0.010115212764781965,1161,0.4999999373033745,1
-21.39176911778619,8.97223834414363,162.68540373122747,0.0085514165251367683,-0.0085514165251367683,1161.5,0.49999908251615705,1
-21.243501531185579,8.4947274260887031,162.7578507554623,0.0034935601664977563,0.0034935601664977563,1162,0.4999999540980265,1
-21.094416162458909,8.0174716170403233,162.50820843880609,0.0091386061768895677,0.0091386061768895677,1162.5,0.49999955443859223,1
-20.943578439577518,7.5407663246863601,162.43969225487149,0.0043552383606519198,-0.0043552383606519198,1163,0.49999995440231881,1
-20.793779349880172,7.0637342697903005,162.75774967146901,0.017849231776413989,-0.017849231776413989,1163.5,0.49999934867208656,1
-20.64699037722669,6.5857671510720532,163.00646039008984,0.00087225428783637099,0.00087225428783637099,1164,0.49999956906830212,1
-20.499992987243456,6.1078642643183274,162.70769501569669,0.01998629349833456,0.01998629349833456,1164.5,0.49999940182906966,1
-20.348639906835146,5.631325046799093,162.10399750473806,0.011442312212585744,0.011442312212585744,1165,0.49999738077606815,1
-20.194666177294806,5.1556234398863454,162.14915995922865,0.014595526222255366,-0.014595526222255366,1165.5,0.49999992820792677,1
-20.044096892162841,4.6788369887726331,162.85949457966248,0.023160901920881882,-0.023160901920881882,1166,0.49999642957801149,1
-19.898388221830551,4.2005395061682345,163.12072824376486,0.0049218832440654954,0.0049218832440654954,1166.5,0.49999949847545749,1
-19.751503237620511,3.7226034645925989,162.57744236791274,0.033008254879697892,0.033008254879697892,1167,0.49999805841960149,1
-19.598841473547683,3.246481504588195,161.98733228475135,0.008011605663969721,0.008011605663969721,1167.5,0.49999773500313294,1
-19.444272887762931,2.7709729469896809,162.11835605623375,0.017159418873271336,-0.017159418873271336,1168,0.4999998360608906,1
-19.293332797082023,2.2943026642692246,162.71963064507315,0.015699895420185163,-0.015699895420185163,1168.5,0.49999746939715667,1
-19.146073853778983,1.816480054239906,162.9499308735526,0.00037867544621409386,-0.00037867544621409386,1169,0.49999964303783079,1
-18.998942676846969,1.3386179547185026,162.77941697632087,0.0073989697699794977,0.0073989697699794977,1169.5,0.49999976938434998,1
-18.850275733240025,0.86123127950589262,162.65451710243033,0.0013206116941620507,0.0013206116941620507,1170,0.49999989779196985,1
-18.701293577536205,0.38394279421926014,162.70375228464849,0.0047578480881707965,-0.0047578480881707965,1170.5,0.49999998090536485,1
-18.552838285623054,-0.093509841321620712,162.70749073631669,0.0045271797786925402,0.0045271797786925402,1171,0.49999999288195224,1
-18.403302744130155,-0.57062479068374228,162.44436125361011,0.013842648302108119,0.013842648302108119,1171.5,0.49999955307419452,1
-18.25088015623,-1.0468249640736944,162.12247743933654,0.002805340825786594,0.002805340825786594,1172,0.49999925043823906,1
-18.097816111887049,-1.5228198443458707,162.31706858057549,0.016391351656887918,-0.016391351656887918,1172.5,0.4999997277158702,1
-17.948584011629233,-2.0000269896678478,162.98555752382907,0.020658364992932384,-0.020658364992932384,1173,0.49999687928397046,1
-17.803840865445903,-2.4786175541709374,163.25132424560729,0.0021030141052308269,0.0021030141052308269,1173.5,0.49999950679819177,1
-17.658595398962053,-2.9570553930445218,162.86833695556038,0.021914650366962943,0.021914650366962943,1174,0.49999901119915929,1
-17.509303326166116,-3.4342459160960175,162.45936540885259,0.0066369222410675452,0.0066369222410675452,1174.5,0.49999891828869736,1
-17.358428180689319,-3.9109393867843827,162.48805259605979,0.0086396739368799214,-0.0086396739368799214,1175,0.49999997451956302,1
-17.209241615624389,-4.3881634461369705,162.77421999765741,0.0070119394241873242,-0.0070119394241873242,1175.5,0.49999943402051461,1
-17.061713781857765,-4.865903414173756,162.86848871258826,0.00043070924387582902,0.00043070924387582902,1176,0.49999993879565774,1
-16.914123417678983,-5.3436240694531723,162.78262405481837,0.0026108029439716423,0.0026108029439716423,1176.5,0.49999994007901682,1
-16.765993858022174,-5.8211778686947877,162.77298353284939,0.0019377685804645821,-0.0019377685804645821,1177,0.49999999761422126,1
-16.618325810529004,-6.2988744827164469,162.89021185421728,0.004690969574128805,-0.004690969574128805,1177.5,0.49999990729819449,1
-16.471430738128575,-6.7768094474668672,162.89737248245444,0.0041910669473897181,0.0041910669473897181,1178,0.49999999282651286,1
-16.323534564230009,-7.2544351657814463,162.65007685672117,0.013073447659152417,0.013073447659152417,1178.5,0.49999960504919655,1
-16.173046836839674,-7.7312505739765518,162.37765185447449,0.0026446510936712774,0.0026446510936712774,1179,0.49999948958711221,1
-16.02193322964602,-8.2078683992667099,162.50829405065599,0.011765495859221597,-0.011765495859221597,1179.5,0.49999987366338167,1
-15.873474189209269,-8.6853184389983404,162.95491519304852,0.014226175322339517,-0.014226175322339517,1180,0.49999862712525189,1
-15.728345892916755,-9.1637922189290038,163.26637616940519,0.0075181434158779186,-0.0075181434158779186,1180.5,0.49999938046552067,1
-15.585016550809259,-9.6428085087114219,163.38475237520103,0.00051021848384473869,-0.00051021848384473869,1181,0.49999990618587237,1
-15.441782719715548,-10.121853390460434,163.28338501353562,0.0075871720291474506,0.0075871720291474506,1181.5,0.49999992909970137,1
-15.296732797037643,-10.600350839803459,162.95003349933006,0.015684985577116589,0.015684985577116589,1182,0.49999928909614216,1
-15.148823898130702,-11.077972623227767,162.70864010930603,0.00089738281272922155,0.00089738281272922155,1182.5,0.4999996103771282,1
-15.000700662246629,-11.555528125924958,162.89866064423569,0.014163684051309832,-0.014163684051309832,1183,0.49999975116507384,1
-14.855570316563409,-12.034000664034204,163.31286526483024,0.007976140256064794,-0.007976140256064794,1183.5,0.49999878696136357,1
-14.712308591373002,-12.51303725496086,163.31021654297757,0.0081609347927504433,0.0081609347927504433,1184,0.49999997735116319,1
-14.567170941000501,-12.991507668642734,162.91798663883512,0.010999733057435164,0.010999733057435164,1184.5,0.49999887432328705,1
-14.41973141704854,-13.469274915581741,162.87072681743041,0.0077004785514598311,-0.0077004785514598311,1185,0.49999995547085629,1
-14.274130489784053,-13.947604130044706,163.3518854653926,0.022280971029381744,-0.022280971029381744,1185.5,0.49999846742668708,1
-14.132978006147468,-14.427265235497856,163.78349483155833,0.0078513508034333563,-0.0078513508034333563,1186,0.49999879971987393,1
-13.993709357242263,-14.907477920926754,163.80177317465487,0.0065748972481087459,0.0065748972481087459,1186.5,0.499999979814714,1
-13.853094642091762,-15.387297612919426,163.50676730494527,0.012592983071094965,0.012592983071094965,1187,0.4999994349404801,1
-13.709463658630103,-15.866222457690787,163.08441378678356,0.016893033793087209,0.016893033793087209,1187.5,0.49999886634815077,1
-13.561945959522033,-16.34396416170669,162.63394864434159,0.009749636565425655,0.009749636565425655,1188,0.49999860730421841,1
-13.412158762802902,-16.821000589510135,162.5756233117803,0.0056775449940269845,-0.0056775449940269845,1188.5,0.49999995775244471,1
-13.263694171374112,-17.298449450559637,162.91951590678792,0.011667638968201589,-0.011667638968201589,1189,0.49999914982486182,1
-13.117566900295927,-17.77661964910482,163.01489262648084,0.00500903368656471,0.00500903368656471,1189.5,0.49999991812949007,1
-12.970242775389881,-18.254421543592564,162.63313026102875,0.020541919061423226,0.020541919061423226,1190,0.49999904815450319,1
-12.819066154315186,-18.731018425317536,162.23086898812301,0.0075414351540643767,0.0075414351540643767,1190.5,0.49999895842844483,1
-12.66609313385184,-19.207042830876304,162.20101433444205,0.0054570954013514091,-0.0054570954013514091,1191,0.49999997967725696,1
-12.514124941086708,-19.683388688565909,162.41002360579927,0.0067507020994535512,-0.0067507020994535512,1191.5,0.4999997077502602,1
-12.363760465023224,-20.160243323385025,162.57906305763271,0.0050504073095295485,-0.0050504073095295485,1192,0.49999981841028523,1
-12.214532573324576,-20.637455000886465,162.65344579534133,0.0026660203331669435,0.0026660203331669435,1192.5,0.49999994880455978,1
-12.064623142456076,-21.114452601541903,162.39107122342278,0.015651882570938944,0.015651882570938944,1193,0.49999954849415751,1
-11.911013072060783,-21.590269287916481,161.79294492245265,0.019249467243745995,0.019249467243745995,1193.5,0.49999757275343953,1
-11.753365025973531,-22.064765535676113,161.55371598595724,0.0025471840525592613,-0.0025471840525592613,1194,0.49999959557293439,1
-11.596321494952681,-22.53946159332915,161.93782439421193,0.022608557206108382,-0.022608557206108382,1194.5,0.49999901778586808,1
-11.443251865833464,-23.015453957504882,162.3202493487409,0.0040899883737607716,-0.0040899883737607716,1195,0.49999904211137908,1
-11.291155752359256,-23.491759115319194,162.17217756703238,0.014427664834960961,0.014427664834960961,1195.5,0.49999983109444796,1
-11.136194529020061,-23.967138829114383,161.76626367954657,0.0076160852621733072,0.0076160852621733072,1196,0.49999885302545949,1
-10.979444249859799,-24.441932815976966,161.76560938687197,0.0075704022915065138,-0.0075704022915065138,1196.5,0.49999997997768603,1
-10.824390693984757,-24.917282664572173,162.12679651005698,0.012595942526555604,-0.012595942526555604,1197,0.4999990837481425,1
-10.672235454891755,-25.393568556376295,162.41586908076656,0.0075852223477427504,-0.0075852223477427504,1197.5,0.49999946751481195,1
-10.521885294970025,-25.870427754770265,162.55826181726567,0.0017339149431943124,-0.0017339149431943124,1198,0.49999986568141225,1
-10.371896808728652,-26.347400939043162,162.48997506472332,0.0065013597465180557,0.0065013597465180557,1198.5,0.49999996452040385,1
-10.220358784741347,-26.823883503318417,162.1857550098928,0.014737121217113472,0.014737121217113472,1199,0.49999940677194743,1
-10.066155094439599,-27.299510306004439,161.95042194920524,0.001642457029390253,0.001642457029390253,1199.5,0.49999963353587157,1
-9.9115607773307008,-27.775010522146278,162.09164604079285,0.011501965028336742,-0.011501965028336742,1200,0.49999985843328215,1
-9.7593624899126095,-28.251282345087258,162.44047225437612,0.0084645160841033528,-0.0084645160841033528,1200.5,0.49999916801983191,1
-9.6091634844438616,-28.72818922372732,162.55327131547796,0.00058952750756944032,0.00058952750756944032,1201,0.49999991213799971,1
-9.4588816718864219,-29.20507001819551,162.4513971348826,0.0029429790048525481,0.0029429790048525481,1201.5,0.49999991531815463,1
-9.3079854143440315,-29.681756830046229,162.44346788953357,0.0023894365777078616,-0.0023894365777078616,1202,0.49999999713270221,1
-9.1576552481326559,-30.158622335472437,162.58196235749324,0.0055366778460540327,-0.0055366778460540327,1202.5,0.49999986913851518,1
-9.0084281693100188,-30.635834275050929,162.66242406226132,8.0635289307342029e-05,-8.0635289307342029e-05,1203,0.49999995633020189,1
-8.8592203298618095,-31.113052235275017,162.5865826835053,0.0053753805547562148,0.0053753805547562148,1203.5,0.49999996091324056,1
-8.7089951884789247,-31.589950862427209,162.45835310341323,0.0029317988602435437,0.0029317988602435437,1204,0.49999989368314163,1
-8.5580712798310525,-32.066628912395863,162.41942401698276,0.00021402880727571289,-0.00021402880727571289,1204.5,0.49999998952347041,1
-8.4071819913625578,-32.54331792045361,162.46159392895152,0.0023984645884221464,-0.0023984645884221464,1205,0.49999998777760707,1
-8.2568620942924884,-33.020186742776374,162.55434670521413,0.0040769052642017183,-0.0040769052642017183,1205.5,0.49999994515865331,1
-8.1075095070940613,-33.497359336222736,162.69050724255356,0.0049237295074807284,-0.0049237295074807284,1206,0.49999987923917605,1
-7.9593132082321167,-33.974892310741616,162.82525873381206,0.0044837030187871657,-0.0044837030187871657,1206.5,0.4999998847492147,1
-7.8121877104691313,-34.452756301158317,162.94689832222053,0.0036389271283299167,-0.0036389271283299167,1207,0.49999990542896999,1
-7.6657915474559113,-34.930844321186505,162.97847061631666,0.0014347692049124778,0.0014347692049124778,1207.5,0.49999999143946677,1
-7.5190524679793098,-35.408827122302327,162.86469052319308,0.0065086161181710771,0.0065086161181710771,1208,0.49999991560816032,1
-7.3709091625625787,-35.88637640526705,162.67079397759267,0.0060956575336101248,0.0060956575336101248,1208.5,0.49999975659985713,1
-7.2213123221609079,-36.363472451474969,162.5181694808465,0.0045595405371936341,0.0045595405371936341,1209,0.49999985196536961,1
-7.0706937356638138,-36.84024703266202,162.45285325716168,0.0025142386198095299,-0.0025142386198095299,1209.5,0.4999999598644691,1
-6.9207125058156231,-37.31722214239862,162.6921968764149,0.014195512477477041,-0.014195512477477041,1210,0.49999962461487624,1
-6.7740965565689777,-37.795240736179096,163.23266795244078,0.016932037743693316,-0.016932037743693316,1210.5,0.49999801256940873,1
-6.6309830715101272,-38.274321437317852,163.39550179770637,0.0055634693731648754,0.0055634693731648754,1211,0.49999978780924653,1
-6.4865377382073115,-38.753000901659455,162.91385953828367,0.028062573141583658,0.028062573141583658,1211.5,0.49999848389302692,1
-6.336934302048447,-39.230092991459266,162.36589965158009,0.0086127309418103405,0.0086127309418103405,1212,0.49999805025628885,1
-6.1852771174412737,-39.7065382037745,162.42121766024965,0.012474672693825089,-0.012474672693825089,1212.5,0.49999994198107911,1
-6.0361348023302286,-40.183775370856914,162.84360459338188,0.0098905683158803989,-0.0098905683158803989,1213,0.49999874379995241,1
-5.8893172903221966,-40.661734092974889,162.94399501443604,0.0028819036181867621,0.0028819036181867621,1213.5,0.49999992188087045,1
-5.7418565524504936,-41.139494453501669,162.71995647772206,0.0082792697559177387,0.0082792697559177387,1214,0.49999963130420993,1
-5.5925866587954047,-41.616692893256868,162.56890141903341,0.0022663902590325247,0.0022663902590325247,1214.5,0.49999985205657588,1
-5.4427756445513129,-42.093721879991314,162.5887319717186,0.002865133478458075,-0.002865133478458075,1215,0.49999999417373564,1
-5.2934190632560405,-42.570893331592671,162.6405068717163,0.00074942855388739386,-0.00074942855388739386,1215.5,0.49999998259955764,1
-5.1442412893006493,-43.048120734134713,162.6316709074909,0.0013662941852882612,0.0013662941852882612,1216,0.50000000197930961,1
-4.9948391888733026,-43.525277945812327,162.60665321195228,0.00028121305757721502,-0.00028121305757721502,1216.5,0.49999999226805841,1
-4.8455051689167936,-44.002456463922698,162.64980398926065,0.0027312853503756091,-0.0027312853503756091,1217,0.49999998766238046,1
-4.6968121072384044,-44.479835034550483,162.75590709515649,0.0042457447154592804,-0.0042457447154592804,1217.5,0.49999992628591483,1
-4.5491260912829983,-44.957526075101661,162.88781602495482,0.0049632167722943304,-0.0049632167722943304,1218,0.49999988953163593,1
-4.4026195486600725,-45.435580144364366,163.03046016815523,0.002769472974048916,-0.002769472974048916,1218.5,0.49999986016993403,1
-4.2565548620645091,-45.913769486531976,162.94295796616325,0.0088784519474525824,0.0088784519474525824,1219,0.49999993963294836,1
-4.1083691211017808,-46.391304666890136,162.52175048222142,0.020527137034517362,0.020527137034517362,1219.5,0.49999886230307888,1
-3.956513570384999,-46.867686098451891,162.21867478574882,9.1289340720326681e-05,-9.1289340720326681e-05,1220,0.49999937661993571,1
-3.804679802194721,-47.344074451649085,162.52722693734978,0.021450810166438197,-0.021450810166438197,1220.5,0.49999935622437924,1
-3.6574310569627038,-47.821897622481295,163.15991661217197,0.012687056902587653,-0.012687056902587653,1221,0.49999717554857298,1
-3.5131491349496784,-48.300627895794918,163.18245180529675,0.011113603446257992,0.011113603446257992,1221.5,0.49999994760670613,1
-3.3663068950549548,-48.778576672422041,162.61295825702751,0.018778266145787221,0.018778266145787221,1222,0.49999767649126448,1
-3.2153599326653945,-49.255246867577284,162.32882244641553,0.0010588010621626197,0.0010588010621626197,1222.5,0.49999946040368204,1
-3.0641588022021078,-49.731836710574221,162.54722493163285,0.013844390902997147,-0.013844390902997147,1223,0.49999966030110538,1
-2.9156631273363121,-50.209276074002048,162.87621067554062,0.0091229494312755968,-0.0091229494312755968,1223.5,0.49999931120374225,1
-2.7693466853700364,-50.687388256151038,163.06993072168621,0.0044013523501484466,-0.0044013523501484466,1224,0.49999975990888229,1
-2.6239090564272733,-51.165768733877336,163.05220664096359,0.0068147685119424681,0.0068147685119424681,1224.5,0.49999998538213297,1
-2.4768405832692411,-51.643649420667742,162.67572449838909,0.019469032734484183,0.019469032734484183,1225,0.49999908660347131,1
-2.325390952899637,-52.12015828070745,162.10599718111422,0.011061761434986338,0.011061761434986338,1225.5,0.49999768423006874,1
-2.1714331150228441,-52.595865039700762,162.14545410941292,0.013816881632135704,-0.013816881632135704,1226,0.49999993639561335,1
-2.0207288878755105,-53.072609029735162,162.84772733971562,0.025840480272842539,-0.025840480272842539,1226.5,0.49999659610240882,1
-1.8754652884901466,-53.551041192031882,163.26573380544176,0.0033434527400631325,-0.0033434527400631325,1227,0.49999884722497745,1
-1.7310015785813442,-54.029716308725767,163.03934053975985,0.019149280357475169,0.019149280357475169,1227.5,0.49999963082238336,1
-1.5829212125290755,-54.507283548954803,162.51635870734412,0.017193558025710497,0.017193558025710497,1228,0.49999826374713652,1
-1.430740727258454,-54.983560510704862,162.05424568516096,0.015068054899847262,0.015068054899847262,1228.5,0.49999864438923181,1
-1.2752635991578982,-55.458772435205688,161.79553787462356,0.00068856322777678084,-0.00068856322777678084,1229,0.4999995105499358,1
-1.119964810302668,-55.93404247213703,162.1132580734963,0.021494525580997032,-0.021494525580997032,1229.5,0.49999932182416029,1
-0.96965052301734411,-56.410908420150264,162.92267452313371,0.026471047853177349,-0.026471047853177349,1230,0.49999551731656106,1
-0.82544477754565926,-56.88965957527747,163.48664657886056,0.012903315324473249,-0.012903315324473249,1230.5,0.49999796555853959,1
-0.68433079845317424,-57.36933304055043,163.66286221902629,0.00031454787413523136,0.00031454787413523136,1231,0.4999997883822388,1
-0.54319121738085718,-57.848998984175012,163.48991700110261,0.011760092488612929,0.011760092488612929,1231.5,0.49999979881848916,1
-0.39923396527442195,-58.3278253681408,162.98902639998971,0.023208387594663621,0.023208387594663621,1232,0.49999839641321714,1
-0.25066606576370343,-58.805241533879375,162.53073331853022,0.0062192694290382228,0.0062192694290382228,1232.5,0.49999861607163393,1
-0.10061472099890223,-59.282194874533836,162.63629349212718,0.013588995392935449,-0.013588995392935449,1233,0.49999989522716459,1
0.046542154200428898,-59.760047635866066,163.10801853652413,0.010927423656131906,-0.010927423656131906,1233.5,0.49999840742873208,1
0.1911617001377876,-60.238676011030535,163.19021299027216,0.0051889692837162153,0.0051889692837162153,1234,0.4999999345797031,1
0.33696733767736381,-60.716943660362737,162.8676609765696,0.0098537005107743238,0.0098537005107743238,1234.5,0.49999922833547777,1
0.48476257361503305,-61.194600998873355,162.82697367844048,0.0070132346151368053,-0.0070132346151368053,1235,0.49999996479891673,1
0.63088260299028964,-61.672772175613247,163.26522048684927,0.020530566824086955,-0.020530566824086955,1235.5,0.49999873724784411,1
0.77321844185631461,-62.152084108419672,163.55775403014201,0.00010712616109289253,0.00010712616109289253,1236,0.49999941995598945,1
0.91557995489771216,-62.631388392271731,163.25907909928972,0.020745168543172012,0.020745168543172012,1236.5,0.49999939691400758,1
1.0620227851706934,-63.109460302810994,162.74782593731311,0.0098309470636257761,0.0098309470636257761,1237,0.4999982541819748,1
1.2108079802575444,-63.586810207476411,162.70995945953362,0.0071871390575161866,-0.0071871390575161866,1237.5,0.4999999657611135,1
1.3580515876850585,-64.064637066664233,163.04143731688785,0.0087147215806115483,-0.0087147215806115483,1238,0.49999918728890569,1
1.5033303245591831,-64.543065784966842,163.11828893182729,0.0033494334839030077,0.0033494334839030077,1238.5,0.49999994988441626,1
1.6493750908662568,-65.021260861783688,162.88839898382867,0.0070053948055217256,0.0070053948055217256,1239,0.49999960525740089,1
1.7967718656923548,-65.499041327882836,162.88807051262745,0.006982473475898302,-0.006982473475898302,1239.5,0.49999998301505411,1
1.9424993956388028,-65.977332507627438,163.28846692865309,0.020969971634739869,-0.020969971634739869,1240,0.49999896560470597,1
2.0847516003657556,-66.456669420238327,163.53303932276759,0.0040303831802916803,0.0040303831802916803,1240.5,0.49999956554083008,1
2.2279693055892991,-66.935717642047507,163.05747550326339,0.029172308769630881,0.029172308769630881,1241,0.49999850990581435,1
2.3771023798763062,-67.412955278154342,162.32821662519933,0.014361825245270054,0.014361825245270054,1241.5,0.49999643515042602,1
2.5296476322027162,-67.889116874375745,162.25843968166004,0.0094896170245130744,-0.0094896170245130744,1242,0.49999991972343538,1
2.6801232101699242,-68.365934914881962,162.73439821273956,0.014242725972392255,-0.014242725972392255,1242.5,0.49999834331400889,1
2.8273857237901323,-68.843756499274321,162.93998760860478,0.00011023565214624363,-0.00011023565214624363,1243,0.49999971442888469,1
2.974597188469644,-69.321593876441639,162.76893189976468,0.0077737473394445377,0.0077737473394445377,1243.5,0.49999977435117865,1
3.123411777162771,-69.79893451873005,162.62768864477459,0.0020868833362704953,0.0020868833362704953,1244,0.49999987058820033,1
3.2727244206311652,-70.276119733002588,162.64916082905654,0.0031601313868380725,-0.0031601313868380725,1244.5,0.4999999942198477,1
3.4217841144264729,-70.753384017547859,162.62235916930726,0.0050312852649931593,0.0050312852649931593,1245,0.49999998961685999,1
3.572043852324152,-71.230271395706112,162.36088058241279,0.013223492117721964,0.013223492117721964,1245.5,0.49999956027953824,1
3.7250841044275553,-71.706273443055125,162.02811799760232,0.0074327529982859296,0.0074327529982859296,1246,0.49999926784378917,1
3.8798882879267684,-72.181705469956398,161.94333194014922,0.0015134364266268089,-0.0015134364266268089,1246.5,0.49999994743230874,1
4.0344035435221492,-72.657231410873521,162.06799029592054,0.0044828773933255238,-0.0044828773933255238,1247,0.49999988469680778,1
4.1878927936251564,-73.133089568488202,162.16809506219238,0.0025057412541162026,-0.0025057412541162026,1247.5,0.49999993606561799,1
4.3407801181158696,-73.609141510954657,162.21779943554824,0.0018656595247376214,-0.0018656595247376214,1248,0.49999998591601352,1
4.4931734065806186,-74.085351801232264,162.3016994192015,0.0039916372090103742,-0.0039916372090103742,1248.5,0.49999995493538035,1
4.6446163115605712,-74.561865089160136,162.44490823153234,0.0047881731500902767,-0.0047881731500902767,1249,0.49999986704058069,1
4.7954039253689373,-75.038586240565422,162.38487479312317,0.0089794620632409391,0.0089794620632409391,1249.5,0.49999996067520108,1
4.948330026981397,-75.514624348480453,161.93039769801248,0.022749061059897231,0.022749061059897231,1250,0.49999867273994508,1
5.1057365264055807,-75.989199731507938,161.47944647811028,0.0034965034920925258,0.0034965034920925258,1250.5,0.49999860023470033,1
5.2639665972354717,-76.46350210716534,161.74419137966828,0.021980719411013167,-0.021980719411013167,1251,0.49999949886883632,1
5.4174366067945927,-76.939362641926607,162.46636223610679,0.016467903652993384,-0.016467903652993384,1251.5,0.49999629236360932,1
5.5670997258493875,-77.416437913376768,162.57996485650824,0.0085360497569366405,0.0085360497569366405,1252,0.49999986383443606,1
5.7187207148459596,-77.892892615617498,162.05591446266226,0.017879526569504176,0.017879526569504176,1252.5,0.49999800758763158,1
5.8741112033852101,-78.368133002250033,161.82532537440682,0.0017809674794595789,-0.0017809674794595789,1253,0.49999962901497086,1
6.0290821056614536,-78.843510007188982,162.14883043828036,0.017199184376661562,-0.017199184376661562,1253.5,0.49999927737651612,1
6.1806471365233335,-79.319983685857693,162.51878499530682,0.0086285367683786602,-0.0086285367683786602,1254,0.49999912504349103,1
6.33015533021383,-79.797107564298187,162.64322148084167,5.8923962904459643e-05,-5.8923962904459643e-05,1254.5,0.49999989535868367,1
6.4794712220483035,-80.2742917513891,162.59455628956772,0.0028130082541197774,0.0028130082541197774,1255,0.49999998396393919,1
6.6294577415204428,-80.751265508436532,162.48322096995341,0.0049596460865977054,0.0049596460865977054,1255.5,0.49999992093530282,1
6.7805880773859295,-81.227878003347399,162.33107968562712,0.004954436846095975,0.004954436846095975,1256,0.49999984872395337,1
6.9328941194524889,-81.704116144902756,162.20431383311575,0.0038955151856409618,0.0038955151856409618,1256.5,0.49999989792206967,1
7.0861202341538609,-82.180059107190388,162.11395951172889,0.001852053395872998,0.001852053395872998,1257,0.49999994557760191,1
7.2397703345211903,-82.65586541811696,162.10880010365673,0.0014918489397919173,-0.0014918489397919173,1257.5,0.49999999886044411,1
7.3930643690820883,-83.131786509188672,162.20132286785028,0.0054646852861535136,-0.0054646852861535136,1258,0.49999994595884323,1
7.5449985120313992,-83.608143123655793,162.44876636162269,0.011810368858914601,-0.011810368858914601,1258.5,0.49999960794016585,1
7.6941167923366844,-84.08538788858796,162.87801753471209,0.018156948813466984,-0.018156948813466984,1259,0.49999882717498878,1
7.8397009569875582,-84.563723156166972,163.18371144120974,0.001977628575705844,-0.001977628575705844,1259.5,0.49999937720659049,1
7.9848123091374772,-85.042202447003177,162.99035022016125,0.015477356310251053,0.015477356310251053,1260,0.49999973628182592,1
8.1333762186402794,-85.519619173230438,162.4574023713069,0.012579449528706875,0.012579449528706875,1260.5,0.49999796568417409,1
8.2848072816087477,-85.9961362859014,162.3765993947159,0.0069379840266279701,-0.0069379840266279701,1261,0.4999999255000247,1
8.434619852068062,-86.473163386285975,162.80993702361593,0.015519961775046274,-0.015519961775046274,1261.5,0.49999866076714883,1
8.5812757349465905,-86.951171565197541,162.98880364166678,0.0030324151631987116,0.0030324151631987116,1262,0.4999997670891777,1
8.7286545710646699,-87.428956731598561,162.64159957030054,0.017744604994743857,0.017744604994743857,1262.5,0.49999918656770842,1
8.8791303476152503,-87.905776100982834,162.42664111054319,0.0027373001006895503,-0.0027373001006895503,1263,0.49999967034840759,1
9.0289531798763445,-88.382800424495642,162.79844747710061,0.023220019646585478,-0.023220019646585478,1263.5,0.499999086288753,1
9.1745404062254199,-88.861134106059751,163.2239359754472,0.0016236963209447109,-0.0016236963209447109,1264,0.4999987513931326,1
9.3197422924995159,-89.33958536605472,162.88238442500221,0.025469856767686334,0.025469856767686334,1264.5,0.49999919596768277,1
9.4702928838271792,-89.816377491452371,162.15565291626757,0.012094433485108618,0.012094433485108618,1265,0.49999621137596478,1
9.6236432874239899,-90.29228027678532,162.28036439058997,0.020802530761701927,-0.020802530761701927,1265.5,0.49999980737092609,1
9.7722352236253034,-90.769684349460206,163.17967421999418,0.026575326541141614,-0.026575326541141614,1266,0.49999421207712347,1
9.9149306651815454,-91.248889135857254,163.51328527369503,0.0032820931264379736,0.0032820931264379736,1266.5,0.49999921634615729,1
10.058382832976323,-91.727867018589336,163.03351496960406,0.021464114922843648,0.021464114922843648,1267,0.49999833658876169,1
10.206186552357009,-92.205520808857273,162.65842744949134,0.0047219853404337191,0.0047219853404337191,1267.5,0.49999908281924932,1
10.355117874818944,-92.682825080293114,162.7628734933142,0.011631514869206177,-0.011631514869206177,1268,0.49999990634115132,1
10.502306120072145,-93.160669611020751,162.94716073621026,0.0012340752921085145,-0.0012340752921085145,1268.5,0.49999977508698151,1
10.649199529437505,-93.638604998945766,162.83358011836191,0.0091634889422336427,0.0091634889422336427,1269,0.49999990874600564,1
10.797767521603193,-94.116022322122305,162.64619409479758,0.00061000465923805166,0.00061000465923805166,1269.5,0.49999974876513259,1
10.946476277592424,-94.593395891452928,162.80865549910635,0.011952199439867013,-0.011952199439867013,1270,0.49999981880329158,1
11.092540782409349,-95.07158420527432,163.20185409241986,0.0091954783357873042,-0.0091954783357873042,1270.5,0.4999989030415557,1
11.236477766856455,-95.550418307201056,163.27242389316825,0.0042686155675181175,0.0042686155675181175,1271,0.49999995265970815,1
11.381396837535416,-96.028955573784188,162.99667416421505,0.010082262792873564,0.010082262792873564,1271.5,0.49999945255500938,1
11.528503885118122,-96.506825129943024,162.81979643432027,0.0022661802512850561,0.0022661802512850561,1272,0.49999979615190226,1
11.676154185909262,-96.984527307546344,162.86299530802248,0.0039811481613741002,-0.0039811481613741002,1272.5,0.49999998181066718,1
11.823062146096776,-97.462458259244443,162.95733252262028,0.0026048246429678937,-0.0026048246429678937,1273,0.49999994335750342,1
11.9693475300045,-97.940580175869712,163.01224057676842,0.0012284792888871867,-0.0012284792888871867,1273.5,0.49999998070245122,1
12.115307796073523,-98.418801459202413,163.0400808422971,0.00079697698943937724,-0.00079697698943937724,1274,0.49999999510331544,1
12.261077459098582,-98.897080878883258,163.05801507854,0.00045506861671523925,-0.00045506861671523925,1274.5,0.49999999794868527,1
12.406806590688523,-99.375372646430179,163.03135834342024,0.0033307016459228366,0.0033307016459228366,1275,0.4999999946971162,1
12.553336970589244,-99.853419361144176,162.86110669669998,0.0085551783654595152,0.0085551783654595152,1275.5,0.49999981368266078,1
12.701858077625021,-100.33085097366491,162.58353181740597,0.007181964280917599,0.007181964280917599,1276,0.49999946386899158,1
12.851994471758827,-100.80777761844671,162.51384116807466,0.0023165676260839827,-0.0023165676260839827,1276.5,0.4999999613463238,1
13.001583216554476,-101.284876087176,162.70860722033984,0.0095145040480891681,-0.0095145040480891681,1277,0.49999974143330911,1
13.149078965586412,-101.76262555331293,162.97536970660633,0.0091090310899122028,-0.0091090310899122028,1277.5,0.49999954837640714,1
13.294397285154554,-102.24104187080914,163.23051673507391,0.0087036075698791477,-0.0087036075698791477,1278,0.4999995868485741,1
13.438072760721342,-102.71995449579914,163.31195973848099,0.0033076938529046792,0.0033076938529046792,1278.5,0.49999994465415404,1
13.582540005057213,-103.19862843055439,163.0408787658173,0.015617661210672536,0.015617661210672536,1279,0.49999952049984353,1
13.730323268991272,-103.67628824188029,162.61893671480374,0.0089930186825379795,0.0089930186825379795,1279.5,0.49999878845342338,1
13.880236264467426,-104.15328514773114,162.54947883327208,0.0041437107056340634,-0.0041437107056340634,1280,0.49999995440391931,1
14.029251535371483,-104.63056287537502,162.78510053715644,0.0064624691886281237,-0.0064624691886281237,1280.5,0.49999958026733921,1
14.176871557680737,-105.1082744109989,162.82143267268285,0.0039260332592118818,0.0039260332592118818,1281,0.49999998225471237,1
14.325417598710176,-105.58569839208224,162.57840549222232,0.0086167618313933332,0.0086167618313933332,1281.5,0.49999958401880601,1
14.475545479995873,-106.06262773015533,162.54771508022526,0.0064741265667608138,-0.0064741265667608138,1282,0.49999997425416864,1
14.624128403112124,-106.54003957695157,162.94935320082772,0.021565218992827897,-0.021565218992827897,1282.5,0.49999895650208109,1
14.768872664767427,-107.01862953208277,163.27981393585426,0.00076013363995021811,0.00076013363995021811,1283,0.49999924643405352,1
14.913799169185943,-107.49716412578294,162.90367868766899,0.02550108624748584,0.02550108624748584,1283.5,0.49999904904985737,1
15.064233842911507,-107.97399247597103,162.13529260174019,0.016812022084002735,0.016812022084002735,1284,0.4999958665849239,1
15.218594843031871,-108.44956848933874,162.02351531645661,0.0090074323690945476,-0.0090074323690945476,1284.5,0.49999986284886849,1
15.370890059810087,-108.92580791938077,162.57514800235452,0.020469728331931929,-0.020469728331931929,1285,0.49999782777556101,1
15.518687418055544,-109.40346355136374,162.97677946193548,0.0075697154830288629,-0.0075697154830288629,1285.5,0.49999896186830822,1
15.664675984980487,-109.88167617914766,163.00953649617151,0.0046416084693740129,0.0046416084693740129,1286,0.49999997904479859,1
15.811437850009689,-110.35965188212005,162.84028918106179,0.0071740950103784231,0.0071740950103784231,1286.5,0.49999981765876372,1
15.959913228065179,-110.83709789008553,162.59849335899804,0.0097063297557313556,0.0097063297557313556,1287,0.49999962841075873,1
16.110429760908062,-111.31390448409667,162.41440399012208,0.00026065150876007957,0.00026065150876007957,1287.5,0.49999975475148356,1
16.260999674320189,-111.79069424396104,162.59667355485567,0.012985835289277797,-0.012985835289277797,1288,0.49999977393641204,1
16.408566088049131,-112.26842064660819,163.07779275791259,0.013063924363845502,-0.013063924363845502,1288.5,0.49999836224432587,1
16.553239722544753,-112.74703261572458,163.20063229066727,0.0044877428766919164,0.0044877428766919164,1289,0.49999987749962221,1
16.69898342662831,-113.22531897571753,162.82861877028839,0.018312776383792403,0.018312776383792403,1289.5,0.49999906943443517,1
16.848488958284019,-113.7024426292384,162.41030926599109,0.01089073876496474,0.01089073876496474,1290,0.4999988847435225,1
17.000590663942379,-114.17874589170717,162.20461074367478,0.0034699963571155246,0.0034699963571155246,1290.5,0.49999972670249326,1
17.153542757648179,-114.65477703943412,162.20014462949135,0.0029195831496785043,-0.0029195831496785043,1291,0.49999999657523142,1
17.305800377416062,-115.13103057385966,162.37086452858739,0.0089989222353268044,-0.0089989222353268044,1291.5,0.49999981183016345,1
17.456025462181334,-115.60792878508273,162.63931934651777,0.0049748584718722405,-0.0049748584718722405,1292,0.49999947996022925,1
17.605143933362314,-116.08517469049181,162.59487699295252,0.0080776254412453317,0.0080776254412453317,1292.5,0.49999997267708213,1
17.756186047706006,-116.56181413857757,162.18323292769804,0.017384617575230753,0.017384617575230753,1293,0.49999888377566754,1
17.910575887262102,-117.037380465303,161.9253864053475,0.00061691734013295959,0.00061691734013295959,1293.5,0.49999955367307414,1
18.065112450162943,-117.51289924743,162.14788415690722,0.016150641689221354,-0.016150641689221354,1294,0.49999966142863339,1
18.216507095225261,-117.98942686376263,162.5547932616841,0.0088073236873204945,-0.0088073236873204945,1294.5,0.49999890768001221,1
18.365805370585051,-118.46661651468905,162.64426827611055,0.0025605975109292104,0.0025605975109292104,1295,0.49999993797668196,1
18.515636939425899,-118.9436387970036,162.4614163791129,0.0068151694708562215,0.0068151694708562215,1295.5,0.49999975684583342,1
18.667034752743763,-119.42016637459112,162.29799119718416,0.004594049175656814,0.004594049175656814,1296,0.49999983007883009,1
18.81952718944796,-119.89634490499861,162.19752565862308,0.0025930032936684363,0.0025930032936684363,1296.5,0.49999993607302085,1
18.972656874284251,-120.3723189365169,162.14024854374787,0.0014056831154807279,0.0014056831154807279,1297,0.49999997905783633,1
19.126121060878525,-120.84818524114077,162.11698598051402,0.00021835882050712059,0.00021835882050712059,1297.5,0.49999999644341403,1
19.279347833592858,-121.32412793739663,162.24100562332691,0.0095397740624216954,-0.0095397740624216954,1298,0.49999989399573314,1
19.430302170653125,-121.80079515995416,162.66438042991143,0.020017155070167204,-0.020017155070167204,1298.5,0.49999885293670593,1
19.576855551800975,-122.2788330832834,163.1654877984075,0.005047457707767951,-0.005047457707767951,1299,0.49999814966337497,1
19.722300839260317,-122.75721055167718,162.8627919636848,0.026183062524833888,0.026183062524833888,1299.5,0.49999933391052287,1
19.873863510483456,-123.23367751779,161.79813589894411,0.031261352508984541,0.031261352508984541,1300,0.49999201304126073,1
20.032074939282772,-123.70798592449246,161.51119780568757,0.011224899598809132,-0.011224899598809132,1300.5,0.49999932087088833,1
20.187620452119788,-124.18317004777793,162.437454006412,0.048797192996484169,-0.048797192996484169,1301,0.49999435755447658,1
20.334417146078327,-124.66113114847488,163.20611340643751,0.0048711428948585468,-0.0048711428948585468,1301.5,0.49999608312124982,1
20.480049703215489,-125.13945057166616,162.71664939322574,0.039048249923665679,0.039048249923665679,1302,0.49999831229749947,1
20.633361060980537,-125.61535882169873,161.70534803658762,0.018674659629533533,0.018674659629533533,1302.5,0.49999303482031648,1
20.791086493948406,-126.08982965470204,161.69266917004239,0.017788931298442272,-0.017788931298442272,1303,0.49999988357574221,1
20.944876565883447,-126.56558557742707,162.53283473531559,0.029962146961654126,-0.029962146961654126,1303.5,0.49999508420956346,1
21.091681494217703,-127.04354451338575,163.28218453991803,0.022352372332354115,-0.022352372332354115,1304,0.49999643143324685,1
21.233163675130879,-127.52310796032965,163.77985510583943,0.0067366733414275298,-0.0067366733414275298,1304.5,0.49999830715779714,1
21.373413606595658,-128.00303426293718,163.47356140886723,0.028127230042495021,0.028127230042495021,1305,0.49999929920991282,1
21.520396716040882,-128.48093074091034,162.17013792671841,0.059201562573311564,0.059201562573311564,1305.5,0.49998907800204828,1
21.678289612235755,-128.95534043160029,161.28222720421661,0.0028034989275385197,0.0028034989275385197,1306,0.4999947212614767,1
21.836848205310883,-129.42952978366503,162.00936792265182,0.053583325177725044,-0.053583325177725044,1306.5,0.49999636903635886,1
21.984860465552671,-129.9071067835157,163.37591222733263,0.026464211776096234,-0.026464211776096234,1307,0.49998741980998762,1
22.126568289054177,-130.38660511052501,163.47662354128565,0.019429331682774116,0.019429331682774116,1307.5,0.49999975284619974,1
22.272337058412006,-130.8648792417097,162.62427944086028,0.022212711104436553,0.022212711104436553,1308,0.49999467865224989,1
22.423202117519804,-131.34157548008386,162.38491891433523,0.0055014329283080551,-0.0055014329283080551,1308.5,0.499999569739488,1
22.572861104096944,-131.81865055573988,162.83615656013194,0.013714777863241689,-0.013714777863241689,1309,0.49999844007305827,1
22.719770661839878,-132.29658101082475,162.87101168649855,0.011281609927419008,0.011281609927419008,1309.5,0.49999993805385479,1
22.869367428983615,-132.77367413008227,162.2047860025323,0.028418385893621934,0.028418385893621934,1310,0.49999703717394728,1
23.024215162032132,-133.24909119877512,161.87474511632286,0.0053748200419049125,-0.0053748200419049125,1310.5,0.49999920963414096,1
23.177783870242038,-133.72492096746095,162.51284741644173,0.039176766607190362,-0.039176766607190362,1311,0.4999973169016681,1
23.323985516347214,-134.20306384089514,163.33806966779872,0.013158755608635933,-0.013158755608635933,1311.5,0.49999552871977881,1
23.46704077686109,-134.68216202047159,163.25964442575349,0.018633999219004542,0.018633999219004542,1312,0.49999987323414868,1
23.613985269491302,-135.16007834992848,162.56937951129325,0.019851882695100607,0.019851882695100607,1312.5,0.49999670186501821,1
23.765610084446539,-135.63653293547716,162.18682568608506,0.0068560654475890307,0.0068560654475890307,1313,0.49999905659968458,1
23.918896132867115,-136.11245664180558,162.15546964728111,0.0031272682941185627,-0.0031272682941185627,1313.5,0.4999999868857713,1
24.071470467772588,-136.58860876591572,162.34291705587444,0.0099592343397525377,-0.0099592343397525377,1314,0.49999977296639747,1
24.221680834710625,-137.06551120803036,162.71265639664134,0.012981035637137027,-0.012981035637137027,1314.5,0.49999909362974143,1
24.369056813082153,-137.543297691741,162.96071422836246,0.0043368891270739217,-0.0043368891270739217,1315,0.49999960301738988,1
24.515396458108718,-138.02140301676454,162.96130415402271,0.0041220280922501891,0.0041220280922501891,1315.5,0.49999999352236058,1
24.662613924244241,-138.49923852365586,162.76543917071598,0.00955199267439223,0.00955199267439223,1316,0.49999975398139201,1
24.812111675746841,-138.97636495973103,162.41401869731089,0.014981487571694322,0.014981487571694322,1316.5,0.49999921370550576,1
24.964525571513001,-139.45256830463043,162.19407186483826,0.003952779579645742,-0.003952779579645742,1317,0.49999962131585418,1
25.11599101239366,-139.92907310777051,162.65392476604515,0.028152469596919454,-0.028152469596919454,1317.5,0.49999860719479328,1
25.261353042243933,-140.40747176073074,163.45238541993203,0.012895928077130898,-0.012895928077130898,1318,0.49999539085511674,1
25.403757979058195,-140.88676341357385,163.26800930583977,0.025770797183297604,0.025770797183297604,1318.5,0.4999996545140275,1
25.552121476663711,-141.36423537977424,162.15994947985945,0.032047264193469538,0.032047264193469538,1319,0.49999120585167828,1
25.707411341750067,-141.83950826320125,161.8565034896377,0.010858040182257115,-0.010858040182257115,1319.5,0.4999992559190094,1
25.860134744898378,-142.31560712334723,162.74536633855695,0.039089023787541602,-0.039089023787541602,1320,0.49999456247193769,1
26.005401513589227,-142.79403748450122,163.27947919583266,0.0017970320971794484,0.0017970320971794484,1320.5,0.49999804455598712,1
26.151097949758856,-143.27233637383395,162.64237503548259,0.042684917941978345,0.042684917941978345,1321,0.49999727904205443,1
26.304103422624088,-143.74834659076097,161.90441602830674,0.0063002754460015275,0.0063002754460015275,1321.5,0.49999640133267387,1
26.458608519320833,-144.22387486091273,162.28254585701075,0.032702132098590957,-0.032702132098590957,1322,0.49999896061771149,1
26.606562067262619,-144.7014773548575,163.17738491469186,0.015478948992609161,-0.015478948992609161,1322.5,0.49999439453940725,1
26.750865402536746,-145.18020106893138,163.09982298429426,0.020894697437376031,0.020894697437376031,1323,0.49999984698790345,1
26.899779200202914,-145.65750528628584,162.2366288892116,0.02385697540778773,0.02385697540778773,1323.5,0.49999463501092917,1
27.054130343489895,-146.13308393459906,161.92525195155741,0.0021167220557358844,-0.0021167220557358844,1324,0.49999932616497045,1
27.20801932384888,-146.60881189506108,162.31037909078248,0.017543927464534297,-0.017543927464534297,1324.5,0.49999891064009827,1
27.358158335623745,-147.08573671545497,162.70492583400579,0.010000404255736754,-0.010000404255736754,1325,0.4999990071634916,1
27.50591109422361,-147.56340701541819,162.88295566907644,0.0021748453247068902,-0.0021748453247068902,1325.5,0.49999979314078158,1
27.653224933812012,-148.04121301876231,162.79729097210887,0.0081555921358494338,0.0081555921358494338,1326,0.49999994416594967,1
27.802485718294438,-148.5184134846667,162.41565624154248,0.018487610205065133,0.018487610205065133,1326.5,0.49999906644280323,1
27.955439095807865,-148.99444320638659,162.03554086018158,0.0047935889401334274,0.0047935889401334274,1327,0.49999903165254955,1
28.109530548429248,-149.47010665577704,162.1482962539356,0.012665632557849546,-0.012665632557849546,1327.5,0.49999989285698038,1
28.260947016115889,-149.94662715243243,162.57015458609987,0.0093844187715499943,-0.0093844187715499943,1328,0.49999873041778004,1
28.410184501835101,-150.42383584183224,162.62717790030047,0.0054033162946104029,0.0054033162946104029,1328.5,0.49999996038248085,1
28.56062994710193,-150.90066443794643,162.32853476008233,0.0090868823929414234,0.0090868823929414234,1329,0.49999934207332952,1
28.713046820326685,-151.37686714949879,162.22859580109429,0.0021097616779767658,-0.0021097616779767658,1329.5,0.49999992573342655,1
28.864965396861038,-151.85322881340622,162.4412243803813,0.010216516616283953,-0.010216516616283953,1330,0.49999968873677841,1
29.014807754302527,-152.33024765453649,162.65517678315905,0.0047202087181318709,-0.0047202087181318709,1330.5,0.49999970687680673,1
29.163523953076997,-152.80761906416356,162.71167530808407,0.00077585356022791556,0.00077585356022791556,1331,0.49999997050726053,1
29.312171809438112,-153.28501179653082,162.70485015058136,0.00050347016319383193,-0.00050347016319383193,1331.5,0.50000000611783679,1
29.460699473324599,-153.76244192204794,162.74061252333718,0.0019931949105034918,-0.0019931949105034918,1332,0.49999999169086695,1
29.608923804750763,-154.23996631068584,162.73455047375342,0.0045437649004253945,0.0045437649004253945,1332.5,0.49999999417073626,1
29.75824060112453,-154.71714975551492,162.46927725880184,0.013975980562786903,0.013975980562786903,1333,0.49999954569806676,1
29.910726057902679,-155.19332923902502,162.04627962643039,0.0082977951565449907,0.0082977951565449907,1333.5,0.49999871504312959,1
30.065058611900376,-155.66891458071035,162.0898868070837,0.011342389626082821,-0.011342389626082821,1334,0.49999995444940348,1
30.216734976110214,-156.14535149664158,162.64283472850514,0.018505104399049965,-0.018505104399049965,1334.5,0.49999785431737415,1
30.364572026148917,-156.62299558732738,162.85534467443009,0.0036683352367307986,0.0036683352367307986,1335,0.49999967073110224,1
30.513284282135938,-157.10036702572467,162.43501395868566,0.023154182085595665,0.023154182085595665,1335.5,0.49999882527686179,1
30.666083075258804,-157.57644652042234,162.07917595671699,0.0016885442569421732,0.0016885442569421732,1336,0.4999991564506831,1
30.819283881511858,-158.05239719746478,162.33826348149796,0.019776984039085697,-0.019776984039085697,1336.5,0.49999953401353314,1
30.968762752220126,-158.52952884132026,162.81064766292531,0.0097218001474597519,-0.0097218001474597519,1337,0.4999985383543078,1
31.115922839922103,-159.00738222111693,162.88911675469586,0.0042433927118274168,0.0042433927118274168,1337.5,0.49999994399555109,1
31.263853514115905,-159.48499739071698,162.70131613750289,0.0039117317168121035,0.0039117317168121035,1338,0.49999973459945329,1
31.412681871247528,-159.9623338702167,162.70265609012426,0.0040052710473733122,-0.0040052710473733122,1338.5,0.49999999454767724,1
31.560650835198892,-160.43993725047585,162.8589828143792,0.0015954974156640288,-0.0015954974156640288,1339,0.49999980312777142,1
31.708354065275547,-160.91762292735419,162.71342666640999,0.011757515308798287,0.011757515308798287,1339.5,0.49999985006977016,1
31.858840092810475,-161.39443763988604,162.21777806502013,0.015998474201183742,0.015998474201183742,1340,0.49999831456723109,1
32.012519873775709,-161.87023421313961,162.09305220852667,0.0072905498866349273,-0.0072905498866349273,1340.5,0.49999985419734583,1
32.164464463731591,-162.34658590235995,162.63142726426491,0.026840155564249932,-0.026840155564249932,1341,0.49999809023628239,1
32.311533779751272,-162.8244661454174,163.03490152447716,0.0013288757872451375,-0.0013288757872451375,1341.5,0.49999891041796285,1
32.458285613518747,-163.30244434877281,162.70757986949533,0.024181322424156822,0.024181322424156822,1342,0.49999926359643576,1
32.609510485291906,-163.77902504586169,162.17565850363872,0.00831046261239465,0.00831046261239465,1342.5,0.49999812267700461,1
32.76271237279056,-164.25497579637761,162.23979962103797,0.012788618845057961,-0.012788618845057961,1343,0.49999993524981395,1
32.913082613292502,-164.73182675414148,162.76182340940258,0.01457228444217217,-0.01457228444217217,1343.5,0.49999804514511303,1
33.060125918681173,-165.20971586099907,162.95927179284527,0.00078733270387983708,0.00078733270387983708,1344,0.49999973211269805,1
33.207318040059064,-165.68755910435175,162.75823472983296,0.0076297568504267235,0.0076297568504267235,1344.5,0.49999968581343396,1
33.35604633904974,-166.16492672392653,162.67810077257093,0.0020353965233303418,-0.0020353965233303418,1345,0.49999995113914775,1
33.504288678528731,-166.64244526283017,162.87485671007113,0.01170071991046521,-0.01170071991046521,1345.5,0.49999974621080512,1
33.650562803992905,-167.12057043361307,163.04743281732564,0.00010032054599751336,-0.00010032054599751336,1346,0.49999979871644845,1
33.796812953494239,-167.59870295171456,162.88056195355068,0.011750311521922761,0.011750311521922761,1346.5,0.49999981109519787,1
33.945595071367364,-168.07605291627905,162.52384900799018,0.0077761564434244016,0.0077761564434244016,1347,0.49999910726774122,1
34.096194965672517,-168.55283341475388,162.474644709865,0.0043409451303836619,-0.0043409451303836619,1347.5,0.49999997189062378,1
34.245851546121813,-169.02991046682934,162.70824485245163,0.0077429427556982445,-0.0077429427556982445,1348,0.4999996056886305,1
34.393736768711811,-169.50753983167741,162.86135768662368,0.0029463661048228719,-0.0029463661048228719,1348.5,0.49999984922564172,1
34.540917254683336,-169.98538698401723,162.8787406336595,0.0012917688648598784,0.0012917688648598784,1349,0.49999999645008897,1
34.688354183920382,-170.46315504747801,162.81109818897545,0.0034305720578169476,0.0034305720578169476,1349.5,0.49999997056591844,1
34.836610167739252,-170.94066950553633,162.68302780914695,0.0049248731496831051,0.0049248731496831051,1350,0.49999989439282405,1
34.985831488909774,-171.41788325575629,162.61221843352422,1.8567642641969936e-05,1.8567642641969936e-05,1350.5,0.4999999660908731,1
35.135057240864228,-171.89509562147356,162.68196389519886,0.0048877310909039686,-0.0048877310909039686,1351,0.49999996703983901,1
35.283291442081577,-172.37261683055323,162.81398279778907,0.0030083055703939801,-0.0030083055703939801,1351.5,0.49999988353144048,1
35.430809714358638,-172.85035980553855,162.84975640804322,0.00051083132587878544,0.00051083132587878544,1352,0.4999999908034316,1
35.578378280690053,-173.32808725077783,162.82229147942104,0.00021016520204251919,0.00021016520204251919,1352.5,0.49999999370396014,1
35.725990244216057,-173.80580129121887,162.84553051674027,0.0018325525231163739,-0.0018325525231163739,1353,0.49999999621050872,1
35.873186520087188,-174.2836435517622,162.9064886999999,7.5723565722872905e-05,-7.5723565722872905e-05,1353.5,0.49999996959148546,1
36.020458043345648,-174.76146257070596,162.79551332092723,0.007823319730405516,0.007823319730405516,1354,0.49999991642723979,1
36.169577032055301,-175.23870763996194,162.48597413662702,0.0083782273146671641,0.0083782273146671641,1354.5,0.49999932892248977,1
36.320252135781118,-175.71546435479405,162.53190250692495,0.01158477159371785,-0.01158477159371785,1355,0.49999995202028574,1
36.468188685941421,-176.19307555774242,163.10948421673095,0.019555819729567325,-0.019555819729567325,1355.5,0.49999768404975437,1
36.612365233986253,-176.67183745791849,163.22275370805463,0.011647781952587375,0.011647781952587375,1356,0.49999983406629511,1
36.759319799825199,-177.14975006050307,162.45969414332865,0.034157652504685193,0.034157652504685193,1356.5,0.499996100114872,1
36.912881730704065,-177.62558275085934,161.91168865673535,0.0041030542491236862,0.0041030542491236862,1357,0.4999980158229948,1
37.067422121011298,-178.10109991775568,162.21768829952691,0.021494178298320447,-0.021494178298320447,1357.5,0.4999993082489535,1
37.218015349485619,-178.57788117799419,162.6699590891007,0.010079755185392864,-0.010079755185392864,1358,0.49999869057522683,1
37.36620409414671,-179.05541650136917,162.79522170510592,0.0013345675815890068,0.0013345675815890068,1358.5,0.49999988911506427,1
37.514612701887131,-179.53288349952038,162.64934155405172,0.0066236324393137321,0.0066236324393137321,1359,0.4999998491749596,1
37.664583370246213,-180.00986201460859,162.43392252482036,0.0084154363864100152,0.0084154363864100152,1359.5,0.49999970522373249,1
37.816454115483644,-180.48623894832875,162.22990265036108,0.0029962424564422625,0.0029962424564422625,1360,0.49999970623950907,1
37.969009917855651,-180.96239721673174,162.28847420753442,0.0070853535688356313,-0.0070853535688356313,1360.5,0.4999999694059068,1
38.120012049814932,-181.43904999059444,162.54808037434555,0.006058098861599367,-0.006058098861599367,1361,0.49999951068701126,1
38.269641964406432,-181.91613580504611,162.57760561509781,0.0039968266195771303,0.0039968266195771303,1361.5,0.4999999856916722,1
38.420147334337223,-182.39294586461327,162.37241472272359,0.006950373669114278,0.006950373669114278,1362,0.4999996992823495,1
38.572250994668188,-182.86924864047194,162.22326934221604,0.0034619477746913973,0.0034619477746913973,1362.5,0.49999985777673206,1
38.725176776939314,-183.34528822842105,162.17682216400505,0.00071032097639049554,-0.00071032097639049554,1363,0.49999998417800068,1
38.877897872741308,-183.82139346241587,162.28186598353139,0.0066232043388590326,-0.0066232043388590326,1363.5,0.499999926940214,1
39.029041328226789,-184.29800145106114,162.55630884242515,0.012536521070610993,-0.012536521070610993,1364,0.49999951897635025,1
39.177654770510394,-184.77540444958649,162.80590725430926,0.0025570394178086818,-0.0025570394178086818,1364.5,0.4999995782281989,1
39.325660150109769,-185.25299665892422,162.69707806065884,0.010154869224023234,0.010154869224023234,1365,0.49999991081044037,1
39.475770024072368,-185.72993094196579,162.36696045962418,0.010445060299509165,0.010445060299509165,1365.5,0.49999928460093418,1
39.628364038659306,-186.20607654773653,162.10721641782828,0.0076885409085322206,0.0076885409085322206,1366,0.49999957118235905,1
39.782715415050859,-186.68165568397578,161.97286339785478,0.00084730623725954614,-0.00084730623725954614,1366.5,0.49999986222001624,1
39.936830616291779,-187.15731123829991,162.18425085080861,0.013910846929613124,-0.013910846929613124,1367,0.49999970161284013,1
40.087687732042596,-187.63400840121861,162.7119985824653,0.015067493163567784,-0.015067493163567784,1367.5,0.49999805450360513,1
40.23535212078086,-188.11170610925222,162.82840860242212,0.0069399689346382482,0.0069399689346382482,1368,0.49999987196199913,1
40.384630052044081,-188.5889005843498,162.36762703694831,0.016091845955083322,0.016091845955083322,1368.5,0.49999846782353069,1
40.537110061360821,-189.06508298560433,162.2279472991961,0.0063401004843175743,-0.0063401004843175743,1369,0.49999983250573837,1
40.688079447658438,-189.54174491641714,162.72943475494424,0.026592256619880319,-0.026592256619880319,1369.5,0.49999835188255909,1
40.834275437708172,-190.01989293519836,163.15646052323439,0.0032209117887770965,-0.0032209117887770965,1370,0.49999879536956904,1
40.979701378487725,-190.49827654202466,162.91400100313928,0.020148875049805216,0.020148875049805216,1370.5,0.49999957953157992,1
41.129437133448675,-190.97532617430164,162.27873874009458,0.013934969358295548,0.013934969358295548,1371,0.49999714796120043,1
41.282418945046473,-191.4513476839507,162.19366977613009,0.007995563216464871,-0.007995563216464871,1371.5,0.49999991232830482,1
41.433601643218417,-191.92794216819706,162.64414296047093,0.01416749263804408,-0.01416749263804408,1372,0.49999851063838713,1
41.581717243129923,-192.40550008216081,162.81461881099634,0.0022657718249211455,0.0022657718249211455,1372.5,0.49999979212651058,1
41.730354580376144,-192.88289551458001,162.54260326108175,0.010572959237737651,0.010572959237737651,1373,0.4999994569180673,1
41.880937187042377,-193.35968145314922,162.48342840344242,0.0064418241529430788,-0.0064418241529430788,1373.5,0.49999995264771568,1
42.029982956986608,-193.83694885132633,162.91133527057761,0.022470984729760099,-0.022470984729760099,1374,0.49999881089959769,1
42.174996274531964,-194.31545721878146,163.27671659051816,0.0030381085287926935,-0.0030381085287926935,1374.5,0.49999911998931379,1
42.319282678844843,-194.79418591912778,163.08542479344251,0.016393265477235863,0.016393265477235863,1375,0.49999973500474937,1
42.466994158038908,-195.27186743360028,162.59852503246802,0.0090372405577673742,0.0090372405577673742,1375.5,0.49999831035157882,1
42.616812040803786,-195.7488942284235,162.6252112428179,0.010900415370551459,-0.010900415370551459,1376,0.49999996097546134,1
42.764210390635228,-196.22667256200936,163.0949164391775,0.013424907411086057,-0.013424907411086057,1376.5,0.4999984095745838,1
42.908554103103675,-196.70538401909258,163.27967685096806,0.00052584626723414178,0.00052584626723414178,1377,0.49999976647186056,1
43.053019545950434,-197.18405869211364,163.07371754115513,0.010704532762831178,0.010704532762831178,1377.5,0.49999970676864369,1
43.199516116150939,-197.66211573462945,162.89416477752889,0.0018305798603482338,0.0018305798603482338,1378,0.49999978097943076,1
43.346450240748005,-198.14003865813507,162.96883183176271,0.0070433037101280283,-0.0070433037101280283,1378.5,0.49999995778325979,1
43.49217199543893,-198.61833255289218,163.09573400344351,0.00088905606934101486,0.00088905606934101486,1379,0.49999987955211811,1
43.638109655336308,-199.09656050143386,162.91045545739576,0.012045963323185707,0.012045963323185707,1379.5,0.49999977134264673,1
43.786757697816931,-199.57395201656152,162.52270974445707,0.0072717971067181404,0.0072717971067181404,1380,0.49999889924799612,1
43.936998780177582,-200.05084565870629,162.59903842221365,0.012600843160489896,-0.012600843160489896,1380.5,0.499999928747002,1
44.084253998591386,-200.52866711895717,163.20936368211198,0.021709440412494882,-0.021709440412494882,1381,0.49999744721986339,1
44.227173600721621,-201.00780548786474,163.44322187311758,0.0053818907065790334,0.0053818907065790334,1381.5,0.49999958923230259,1
44.371381747950835,-201.48655602864804,162.90093129062711,0.032479262174302359,0.032479262174302359,1382,0.49999807002385566,1
44.521756785866117,-201.96340417251432,162.19954008290841,0.013139733225449656,0.013139733225449656,1382.5,0.49999680432652421,1
44.675261833833808,-202.43925723812751,162.1517068299633,0.0097996593282332779,-0.0097996593282332779,1383,0.4999999398050341,1
44.826824382760584,-202.9157314250528,162.55574479043418,0.011894273415916876,-0.011894273415916876,1383.5,0.49999885704198871,1
44.975587665349444,-203.39308782275313,162.79078912461205,0.0045148947056645426,-0.0045148947056645426,1384,0.49999964467192554,1
45.123261420662409,-203.87078275997138,162.82486345491986,0.0010502277327856283,0.0010502277327856283,1384.5,0.49999999105217718,1
45.27114742809934,-204.34841200535814,162.75380330928911,0.0039107217791245095,0.0039107217791245095,1385,0.49999996724436585,1
45.419966269450335,-204.82575130213982,162.60249057317583,0.0060630866245578122,0.0060630866245578122,1385.5,0.49999985179305834,1
45.570134215209933,-205.30266789593912,162.44851391620404,0.0046865114935540674,0.0046865114935540674,1386,0.49999984937476366,1
45.721419306559753,-205.77923136255279,162.3339727767721,0.0033099817336032654,0.0033099817336032654,1386.5,0.49999991657555409,1
45.873322403197037,-206.25559828460277,162.32693746509159,0.0033239193171556462,-0.0033239193171556462,1387,0.49999999519136429,1
46.024433298319906,-206.73221683590663,162.52519242929611,0.010516953813728228,-0.010516953813728228,1387.5,0.49999974607175851,1
46.173309167488867,-207.2095379857536,162.79067530807302,0.0040405868181326151,-0.0040405868181326151,1388,0.49999950451180364,1
46.321239419240314,-207.6871535289221,162.73333636554651,0.0080436389734743902,0.0080436389734743902,1388.5,0.49999996645938372,1
46.470826357145171,-208.16425232247724,162.47356042196117,0.0048955482329002577,0.0048955482329002577,1389,0.49999951080328536,1
46.621544357746217,-208.64099551509602,162.49138188379419,0.0061397249797090483,-0.0061397249797090483,1389.5,0.49999998741352764,1
46.770859822209282,-209.1181792587814,162.76909368400914,0.0072649662533235881,-0.0072649662533235881,1390,0.49999943316508727,1
46.918660192518274,-209.59583502728364,162.77705638245686,0.0067090910436797199,0.0067090910436797199,1390.5,0.49999998264694562,1
47.068056773609754,-210.07299295312288,162.39600257890376,0.01572617530538432,0.01572617530538432,1391,0.49999902463207413,1
47.220468089548,-210.54919721386366,162.1907402754411,0.0013957724751495317,-0.0013957724751495317,1391.5,0.49999970717362069,1
47.372546934295364,-211.02550749423108,162.47598427618863,0.018518585502405194,-0.018518585502405194,1392,0.4999994582030845,1
47.521012790448104,-211.50295542377236,162.93627132928918,0.011626334433419499,-0.011626334433419499,1392.5,0.49999863586456456,1
47.666701551433057,-211.98125921376919,163.1395640973488,0.0025665442713638815,-0.0025665442713638815,1393,0.49999973060258912,1
47.81178357811708,-212.45974764104255,163.07945126096968,0.0069029967805449175,0.0069029967805449175,1393.5,0.49999996950127795,1
47.958517050250101,-212.93773149186376,162.7430025102118,0.016585803722014632,0.016585803722014632,1394,0.49999927348955125,1
48.109119157240741,-213.41450921442387,162.20962526481313,0.012297539103189859,0.012297539103189859,1394.5,0.49999799135559547,1
48.262356135708359,-213.89044867867221,162.21630332341743,0.012764031792671968,-0.012764031792671968,1395,0.49999994519888041,1
48.412560351689528,-214.36735052096336,162.92080383168837,0.028995195142939818,-0.028995195142939818,1395.5,0.4999966736681381,1
48.5571443468775,-214.84598857343397,163.31851628848264,0.0012274336746301321,0.0012274336746301321,1396,0.4999989169362053,1
48.702021315564323,-215.32453762826501,162.85385508591253,0.027986387166736272,0.027986387166736272,1396.5,0.49999853393341026,1
48.851944859408455,-215.80152952376946,162.3477299244442,0.0073480321102657844,0.0073480321102657844,1397,0.49999833737295146,1
49.003620431017175,-216.27796885682213,162.43280702625981,0.013287717667437148,-0.013287717667437148,1397.5,0.49999991710249558,1
49.152799239774907,-216.75519492878581,162.80830805728351,0.0078365933632165465,-0.0078365933632165465,1398,0.49999904074334378,1
49.30011685321211,-217.23299979372112,162.86413437276389,0.0039391194252324018,0.0039391194252324018,1398.5,0.49999996818468007,1
49.448270435600492,-217.71054580549114,162.65805394579991,0.0051744114632301238,0.0051744114632301238,1399,0.49999967733185546,1
49.597554072957678,-218.18774009160276,162.64329722935113,0.0041442128494019962,-0.0041442128494019962,1399.5,0.49999999108017601,1
49.745856071978992,-218.66523995884361,162.88284226404954,0.0093727277926563927,-0.0093727277926563927,1400,0.4999996061285934,1
49.892282121075283,-219.14331871330282,163.01369632184594,0.00023730170051606091,0.00023730170051606091,1400.5,0.4999998833192002,1
50.038764888137628,-219.62138006764661,162.8692451963359,0.0098473938263689189,0.0098473938263689189,1401,0.49999985956324378,1
50.187253145919478,-220.09882193278679,162.58966125929896,0.008459949808300218,0.008459949808300218,1401.5,0.49999949728736903,1
50.337759051802138,-220.57563186362975,162.38667361994158,0.005711300086316008,0.005711300086316008,1402,0.49999973785596091,1
50.48957785691011,-221.05202559113042,162.29365209629029,0.0009553127054237777,-0.0009553127054237777,1402.5,0.4999999331863848,1
50.641144632528778,-221.52849943712289,162.46126643833321,0.010746686124987007,-0.010746686124987007,1403,0.49999981338626381,1
50.790154112758003,-222.00577809150792,162.89827178240154,0.016159470249191069,-0.016159470249191069,1403.5,0.49999873912818038,1
50.935850327821477,-222.48407945895553,163.14793725523782,0.0012709216237472877,-0.0012709216237472877,1404,0.49999958518590715,1
51.081242609945832,-222.96247350846244,162.97109885588696,0.013616836104965528,0.013616836104965528,1404.5,0.49999978230489406,1
51.229033495823074,-223.44013168089364,162.68584728345655,0.0055518876853822416,0.0055518876853822416,1405,0.49999947563842412,1
51.378149889779245,-223.91737824984654,162.65335503968834,0.0032834551560453717,-0.0032834551560453717,1405.5,0.4999999865237999,1
51.526586462547641,-224.39483652852562,162.80520632819133,0.0032948866431183515,-0.0032948866431183515,1406,0.4999998240143867,1
51.674297476068702,-224.87251994977433,162.7938537546928,0.0040874814176021139,0.0040874814176021139,1406.5,0.4999999944512945,1
51.822968801955398,-225.34990506211761,162.58920782774209,0.0073429208383004015,0.0073429208383004015,1407,0.49999970862783383,1
51.973215233961852,-225.82679698783681,162.46512856402163,0.0013194844362264745,0.0013194844362264745,1407.5,0.49999989914682802,1
52.123776288905553,-226.30358976323495,162.51360462689243,0.0047037290523953244,-0.0047037290523953244,1408,0.4999999819376193,1
52.273333584241499,-226.78069816436013,162.68510011553747,0.0066997302206013888,-0.0066997302206013888,1408.5,0.49999981101239199,1
52.421292288445649,-227.25830463319579,162.89613136208396,0.008033070031212881,-0.008033070031212881,1409,0.49999971722335934,1
52.567348807262476,-227.73649615385219,163.12836004384963,0.0061308994463246452,-0.0061308994463246452,1409.5,0.49999963711643419,1
52.71202815683273,-228.21510648726778,163.19675936061353,0.0013556879621000797,0.0013556879621000797,1410,0.49999996544425102,1
52.857028818720238,-228.69361946707545,163.05465898335814,0.0078343796526389037,0.0078343796526389037,1410.5,0.4999998637922175,1
53.003847145334198,-229.17157750176779,162.7754385362914,0.011659009609210597,0.011659009609210597,1411,0.49999950395643711,1
53.153449085915042,-229.64867109272018,162.38664435556439,0.015483842285047145,0.015483842285047145,1411.5,0.49999903515247252,1
53.305930159599924,-230.12485304343903,162.18987720020948,0.0023993553769043482,-0.0023993553769043482,1412,0.49999972802243298,1
53.457839640908603,-230.60121715764063,162.52443041778685,0.020957637174550472,-0.020957637174550472,1412.5,0.49999925980999999,1
53.605571809382781,-231.07889219625815,163.04043706745864,0.010592908793164865,-0.010592908793164865,1413,0.49999823611722038,1
53.750777396200846,-231.55734310956845,163.11966906597382,0.0050610768366321007,0.0050610768366321007,1413.5,0.49999993889063243,1
53.897082740481657,-232.03545829590516,162.82709116433182,0.010381716201924622,0.010381716201924622,1414,0.49999938517053438,1
54.045778968407731,-232.51283558634299,162.59132186507415,0.0060780624908041174,0.0060780624908041174,1414.5,0.4999996456250807,1
54.195926991803461,-232.98975852345373,162.47716724936154,0.0021069412184402466,0.0021069412184402466,1415,0.4999999168719752,1
54.346587603641794,-233.46651986638,162.46491655161918,0.001251688045389505,-0.001251688045389505,1415.5,0.49999999806835815,1
54.496951501008098,-233.94337482753298,162.54590175728748,0.0036009701983835225,-0.0036009701983835225,1416,0.49999995560739324,1
54.646553884869725,-234.42046924661952,162.62707418784518,0.0020659392427254076,-0.0020659392427254076,1416.5,0.49999995798060348,1
54.795663374647951,-234.89771797869253,162.66427159818548,0.00053093162850308389,-0.00053093162850308389,1417,0.49999999220721653,1
54.944608170828268,-235.37501814227716,162.67130200885396,3.1390833053387797e-05,3.1390833053387797e-05,1417.5,0.49999999846711052,1
55.093560458617219,-235.85231596904919,162.66247420169191,0.00058490416613448803,0.00058490416613448803,1418,0.49999999947886581,1
55.242521286046127,-236.32961112255398,162.69516169885924,0.0037308914827574192,-0.0037308914827574192,1418.5,0.49999999166747361,1
55.390590105024884,-236.80718353389929,162.87890962829908,0.0090971487503848994,-0.0090971487503848994,1419,0.49999978323188771,1
55.536632880207385,-237.28537916944632,163.12606980199786,0.0037443451624516629,-0.0037443451624516629,1419.5,0.49999955803903362,1
55.681830957783404,-237.76383237135795,163.04919611591282,0.0091113163248752529,0.0091113163248752529,1420,0.49999994815126386,1
55.829152540530941,-238.24163490595345,162.65572060096594,0.012427136586562354,0.012427136586562354,1420.5,0.49999891080793446,1
55.979199580536324,-238.71858948378431,162.47677739239384,6.5721781611698178e-05,6.5721781611698178e-05,1421,0.4999997835281505,1
56.129265471134737,-239.1955381459577,162.64492645545238,0.0092767700578600398,-0.0092767700578600398,1421.5,0.49999979787003529,1
56.277551801767267,-239.67304308058522,162.8216501438605,0.0030608306552549498,-0.0030608306552549498,1422,0.4999997984460498,1
56.425107234200446,-240.15077458571542,162.82030009041478,0.0031550558774259534,0.0031550558774259534,1422.5,0.49999999663451677,1
56.573304446203217,-240.6283072734677,162.68426307850777,0.0061010229702156138,0.0061010229702156138,1423,0.49999988151728991,1
56.722957582216885,-241.10538551616048,162.4710102471451,0.0087868478355257254,0.0087868478355257254,1423.5,0.49999971076947664,1
56.874576594675339,-241.58184259039274,162.25311148100258,0.0036116150974931076,0.0036116150974931076,1424,0.49999966852472999,1
57.027033570989751,-242.05803252660453,162.28654663539115,0.0059458769491250807,-0.0059458769491250807,1424.5,0.49999998497632697,1
57.178117895009414,-242.53465923632524,162.55422779703446,0.0085958680455223285,-0.0085958680455223285,1425,0.4999994933834071,1
57.327300982527824,-243.01188484795389,162.68991048154712,0.00087664984948482695,-0.00087664984948482695,1425.5,0.49999987799585355,1
57.476274345079972,-243.48917604448863,162.60616337387364,0.0058128608825165047,0.0058128608825165047,1426,0.49999994903965134,1
57.626389534421939,-243.96610925558389,162.4565988855,0.0046287017523606198,0.0046287017523606198,1426.5,0.49999985791678803,1
57.777608128730321,-244.44269382493931,162.34095835217693,0.0034445344403673936,0.0034445344403673936,1427,0.49999991501229085,1
57.929604153745366,-244.91903108128946,162.2775160112779,0.00076370808239839137,0.00076370808239839137,1427.5,0.49999997340756108,1
58.081781841992019,-245.39531035634946,162.29774885889304,0.0021762290186268349,-0.0021762290186268349,1428,0.49999999665176903,1
58.233493708839632,-245.87173817935818,162.37114881984439,0.001563006025746351,-0.001563006025746351,1428.5,0.49999996107921457,1
58.384846907710532,-246.3482801065725,162.37462870635852,0.0013200635334702706,0.0013200635334702706,1429,0.49999999920159988,1
58.536508328408907,-246.8247239932484,162.30306157269789,0.0024445938161612988,0.0024445938161612988,1429.5,0.49999996367908123,1
58.688671962621612,-247.30100775628756,162.2758064145732,0.00054182346280295718,-0.00054182346280295718,1430,0.49999999451156352,1
58.840706597258162,-247.77733268758749,162.3338269638175,0.0031889228764616063,-0.0031889228764616063,1430.5,0.49999997030694932,1
58.99217828305877,-248.25383695780695,162.38324240197846,0.00026092710241301133,-0.00026092710241301133,1431,0.49999999113666288,1
59.143587801245054,-248.73036098607832,162.34877701076016,0.0026670670239908431,0.0026670670239908431,1431.5,0.49999999171737658,1
59.295532544764839,-249.20671459471436,162.27879610316529,0.0010736355624903369,0.0010736355624903369,1432,0.49999996554386172,1
59.447729090160088,-249.68298784556166,162.29282267351545,0.0020528759045461086,-0.0020528759045461086,1432.5,0.49999999790290256,1
59.599467067445836,-250.15940734336525,162.37468569339933,0.0021724570268339023,-0.0021724570268339023,1433,0.49999995163819305,1
59.750716253436998,-250.6359822903193,162.39634076234779,0.00066064674972614388,0.00066064674972614388,1433.5,0.49999999632725367,1
59.902121671713687,-251.11250760635349,162.33904549400245,0.0026896340928079816,0.0026896340928079816,1434,0.49999997750501762,1
60.054080141046569,-251.58885685043703,162.28138422980194,0.0013358802440018144,0.0013358802440018144,1434.5,0.49999997874094865,1
60.206356755095378,-252.06510450701165,162.26250513703678,1.7868609888218818e-05,-1.7868609888218818e-05,1435,0.49999999757899499,1
60.358766534879479,-252.54130955930214,162.2301871924617,0.0024666823382589638,0.0024666823382589638,1435.5,0.4999999928008183,1
60.511763522490533,-253.01732620348159,162.12102824052886,0.0051540619769364204,0.0051540619769364204,1436,0.49999992375391866,1
60.665904535466019,-253.49297356373998,161.97985294146159,0.0030858422555215836,0.0030858422555215836,1436.5,0.49999986320186729,1
60.820768095461958,-253.96838630278413,161.9561360996168,0.0014300804486133232,-0.0014300804486133232,1437,0.49999999466007222,1
60.975297058588453,-254.44390783918359,162.05679617888222,0.0050540424737006151,-0.0050540424737006151,1437.5,0.49999993202465692,1
61.128644284791818,-254.91981164189423,162.23358604994496,0.0072882383206438863,-0.0072882383206438863,1438,0.49999980121866755,1
61.280256770983804,-255.39627075543515,162.4723316180511,0.0081091346299785472,-0.0081091346299785472,1438.5,0.49999963284538562,1
61.430339078679673,-255.87321442368719,162.53670660266664,0.0036148819965171205,0.0036148819965171205,1439,0.49999996176902167,1
61.581283072101918,-256.34988562181707,162.26520683125824,0.015339464839206791,0.015339464839206791,1439.5,0.49999952027659855,1
61.735226357889196,-256.82559639346448,161.93903480576608,0.0036379212624925621,0.0036379212624925621,1440,0.4999992734998337,1
61.890030190417228,-257.30102845614948,162.06726306628997,0.012590322928442798,-0.012590322928442798,1440.5,0.49999987279426611,1
62.042038339775424,-257.77736027282339,162.53319441868285,0.013218949413093987,-0.013218949413093987,1441,0.49999847704484712,1
62.190982294254042,-258.25466037144747,162.75186214354244,0.002047297144639108,-0.002047297144639108,1441.5,0.49999968572219067,1
62.339429508415776,-258.73211545531399,162.66076458543603,0.0066118510919142915,0.0066118510919142915,1442,0.49999993250235752,1
62.48932638915511,-259.2091171411667,162.43749486359741,0.0089753616544213776,0.0089753616544213776,1442.5,0.49999968316161186,1
62.64136231268018,-259.68544112770968,162.14660239326849,0.011057706275509662,0.011057706275509662,1443,0.49999946219802816,1
62.795554326890283,-260.16107190485542,161.9795492002273,0.00060490883270731838,0.00060490883270731838,1443.5,0.4999998134143932,1
62.949890212461483,-260.63665608636711,162.11194308937601,0.0098478542266759762,-0.0098478542266759762,1444,0.49999987927917833,1
63.102149961353021,-261.11290849067763,162.41524800655358,0.0083568174112213563,-0.0083568174112213563,1444.5,0.49999938374368025,1
63.252428250968443,-261.58979030802965,162.57667698621987,0.0029131385937459816,-0.0029131385937459816,1445,0.49999983205067661,1
63.402013370219876,-262.06689018146875,162.58101280596696,0.0026944910143277103,0.0026944910143277103,1445.5,0.49999999713707222,1
63.552242869634021,-262.54378737393336,162.42103135369149,0.0084742476308048674,0.0084742476308048674,1446,0.49999983467482007,1
63.704479019900674,-263.02004729576402,162.11553144968687,0.0080318421519446764,0.0080318421519446764,1446.5,0.49999935858974626,1
63.85811628884224,-263.49585766139535,162.19880321101567,0.013845973924679148,-0.013845973924679148,1447,0.49999991445003789,1
64.008454728859078,-263.97271729654409,162.90892915528178,0.035729708071480348,-0.035729708071480348,1447.5,0.4999967581703782,1
64.152354064457896,-264.45156051183858,163.47821313479102,0.0030721001181682086,-0.0030721001181682086,1448,0.49999784361469568,1
64.295517957923039,-264.93062524547156,163.08473354029394,0.030546158026722271,0.030546158026722271,1448.5,0.49999891940177038,1
64.445201187012728,-265.4076878399909,162.13890361564307,0.022186116118974405,0.022186116118974405,1449,0.49999378812165191,1
64.600091934788111,-265.8830912814455,161.90172695126336,0.0056254659808697921,-0.0056254659808697921,1449.5,0.49999957589311728,1
64.753775527445185,-266.35888517637028,162.35919549475818,0.018080109764062071,-0.018080109764062071,1450,0.4999984770973564,1
64.903354646486775,-266.8359856312988,162.80133856086232,0.012787095673043373,-0.012787095673043373,1450.5,0.49999875694471185,1
65.049882030191455,-267.31403289996581,163.08887829346574,0.006328928754666798,-0.006328928754666798,1451,0.49999946525504307,1
65.19504136912073,-267.79249789689044,163.10047883957395,0.0055192085778923749,0.0055192085778923749,1451.5,0.49999998696046916,1
65.341520367773896,-268.27055982662472,162.77263334808595,0.017368877731160814,0.017368877731160814,1452,0.49999930570721662,1
65.49130250161349,-268.74759704154792,162.41860847944378,0.0066648421119324189,0.0066648421119324189,1452.5,0.49999919203857274,1
65.64267374325587,-269.22413322180358,162.39105326795135,0.0047409471659469338,-0.0047409471659469338,1453,0.49999998388901423,1
65.793058623592017,-269.70098125309636,162.61689569260093,0.0088991296632961753,-0.0088991296632961753,1453.5,0.49999965718139527,1
65.941330525587603,-270.1784903897065,162.88828724792461,0.010047622241343328,-0.010047622241343328,1454,0.49999953246732909,1
66.087226331278103,-270.65673078663116,163.17368099161695,0.0083868052673649832,-0.0083868052673649832,1454.5,0.49999946336845014,1
66.2311510997814,-271.13556841393773,163.34472270658918,0.0035541965411158829,-0.0035541965411158829,1455,0.49999981231328283,1
66.374225696098719,-271.61466094281252,163.37589718802298,0.0016945570112879462,0.0016945570112879462,1455.5,0.49999999133500261,1
66.517736706574254,-272.09362279610582,163.2332063323621,0.0082672828971330457,0.0082672828971330457,1456,0.49999986703784327,1
66.663226192971038,-272.57198678964778,162.90222807373397,0.014686466238331201,0.014686466238331201,1456.5,0.49999930096892503,1
66.811507678797298,-273.04949301091762,162.65201636825395,0.0027817684202083057,0.0027817684202083057,1457,0.49999959039007164,1
66.9604532957174,-273.52679285226816,162.74283746832637,0.0091223524332052133,-0.0091223524332052133,1457.5,0.49999993535295945,1
67.107540323860135,-274.00466822152663,163.02581785918028,0.0075885778059750974,-0.0075885778059750974,1458,0.4999994623914919,1
67.252821274973272,-274.48309618890016,163.1648553991902,0.0021181267424927337,-0.0021181267424927337,1458.5,0.49999987472149321,1
67.397540166794514,-274.96169460238616,163.18244149491414,0.0010165759450979988,-0.0010165759450979988,1459,0.49999999904128195,1
67.541990047555132,-275.44037425230266,163.24425948085525,0.003299108316360707,-0.003299108316360707,1459.5,0.49999997529593981,1
67.685670082570127,-275.91928547883742,163.34991034788248,0.0010564291815531154,-0.0010564291815531154,1460,0.49999991536293376,1
67.829258622482584,-276.39822410702038,163.21795154865652,0.010269162835145312,0.010269162835145312,1460.5,0.49999987835995147,1
67.975302773719093,-276.8764183963637,162.76610643558041,0.018497326677546697,0.018497326677546697,1461,0.49999867246919399,1
68.124905742814704,-277.35351218381328,162.50293871278473,0.00012419956288778109,-0.00012419956288778109,1461.5,0.49999953038498268,1
68.274479084944929,-277.83061523518882,162.77321865064363,0.018745300610485318,-0.018745300610485318,1462,0.4999995063076092,1
68.420619465033113,-278.30878050243382,163.15403176051709,0.0041254173583663142,-0.0041254173583663142,1462.5,0.49999903349087049,1
68.565775504572358,-278.78724632118946,163.00290078569481,0.014676757551506646,0.014676757551506646,1463,0.49999981553218725,1
68.714003240874533,-279.26476810038275,162.54406371082817,0.0097092487058794922,0.0097092487058794922,1463.5,0.49999851141098217,1
68.864501536958585,-279.74158067029498,162.49852973390921,0.0065302147631969244,-0.0065302147631969244,1464,0.49999996395050367,1
69.013552369002042,-280.218846874615,162.83222736309739,0.0097882348369611773,-0.0097882348369611773,1464.5,0.49999918031821128,1
69.160439479812197,-280.69678419937594,162.94318363650086,0.0020419410414909845,0.0020419410414909845,1465,0.49999990972179492,1
69.307801447296029,-281.17457508994278,162.7321599164674,0.0095825470751937404,0.0095825470751937404,1465.5,0.49999968456925747,1
69.457215533881495,-281.65172823064927,162.51120424850734,0.0058430878489106148,0.0058430878489106148,1466,0.49999968895614105,1
69.608023087381994,-282.1284430283589,162.39732121128958,0.0021646396399017157,0.0021646396399017157,1466.5,0.49999991654813514,1
69.759380163175706,-282.60498372084527,162.3742798705232,0.00055606400850347841,-0.00055606400850347841,1467,0.49999999598820943,1
69.910604734524725,-283.08156646208658,162.4291814525273,0.0032767786197817651,-0.0032767786197817651,1467.5,0.49999998022878117,1
70.061266526491579,-283.55832741863406,162.47104801881369,0.0013466140674972637,0.0013466140674972637,1468,0.4999999852467315,1
70.212250101732735,-284.03498648319106,162.34980262371994,0.0071179565956230933,0.0071179565956230933,1468.5,0.4999999038169447,1
70.364791716239196,-284.51114900313507,162.13695273683447,0.0052348338319722944,0.0052348338319722944,1469,0.49999968955557283,1
70.518563357946732,-284.98691601411235,162.06735534413244,0.00037598165524802875,-0.00037598165524802875,1469.5,0.49999996652768391,1
70.672264359771361,-285.46270584129758,162.14343838350143,0.0036571835091779867,-0.0036571835091779867,1470,0.49999995761483829,1
70.825128922058013,-285.93876502577626,162.25462387239196,0.0041050368690486181,-0.0041050368690486181,1470.5,0.49999992152959505,1
70.977020372723373,-286.4151355682896,162.37299901655678,0.0031327864191533689,-0.0031327864191533689,1471,0.49999990655966947,1
71.128242251232138,-286.89171917927843,162.3958072371868,0.0015404585679932453,0.0015404585679932453,1471.5,0.4999999948028675,1
71.279830739080651,-287.36818623020946,162.28643236423795,0.0048131952815079057,0.0048131952815079057,1472,0.49999992027111012,1
71.432059943195554,-287.84444902553156,162.31932690042487,0.0071097689243771224,-0.0071097689243771224,1472.5,0.49999998079347685,1
71.582594813588102,-288.32124914136682,162.69381445345627,0.019034667889484533,-0.019034667889484533,1473,0.49999909766380468,1
71.729331892322222,-288.79923146660366,163.10805733786185,0.007267456608773472,-0.007267456608773472,1473.5,0.49999887351296801,1
71.874332846771395,-289.27774448042015,163.10557549421412,0.0074405860224248345,0.0074405860224248345,1474,0.49999998118291694,1
72.020893117464993,-289.75578154873477,162.79799690718625,0.010205740289651981,0.010205740289651981,1474.5,0.49999935162819731,1
72.169867908926818,-290.23307193199201,162.54667380212229,0.0073399539778532382,0.0073399539778532382,1475,0.49999959844077702,1
72.320579956761662,-290.70981684336482,162.38689253167166,0.0031903863666790321,0.0031903863666790321,1475.5,0.4999998318824076,1
72.472040938738147,-291.18632452126474,162.37234983994369,0.0021751157340828041,-0.0021751157340828041,1476,0.49999999615885221,1
72.622986368503177,-291.662995639717,162.50834873570534,0.0068468044617767676,-0.0068468044617767676,1476.5,0.49999987793346262,1
72.772326354895895,-292.14017191368771,162.75018025954517,0.010036274340600023,-0.010036274340600023,1477,0.49999962797621161,1
72.919272562715904,-292.61809043644797,163.07697561180197,0.010297794124308781,-0.010297794124308781,1477.5,0.49999930238954587,1
73.064220878773398,-293.09661936521974,163.14323646468415,0.0056718968235803541,0.0056718968235803541,1478,0.49999994999935465,1
73.210525467132172,-293.57473438673026,162.75197865677433,0.021643229719453459,0.021643229719453459,1478.5,0.49999900636784661,1
73.360774919492599,-294.05162444878971,162.36988841830896,0.0030590833400304992,0.0030590833400304992,1479,0.49999902922473533,1
73.511753582438672,-294.52828484184778,162.57840304416752,0.017616797365092023,-0.017616797365092023,1479.5,0.49999968697515851,1
73.659226811274578,-295.00604007021718,163.06375427317647,0.010667815279677081,-0.010667815279677081,1480,0.49999841145506507,1
73.804161550609166,-295.4845730719635,163.1692536925928,0.0033022533897867088,0.0033022533897867088,1480.5,0.49999991242631475,1
73.949691697501862,-295.96292517109651,162.99351973798372,0.0031323556466851961,0.0031323556466851961,1481,0.49999975439951527,1
74.095903538006056,-296.44106957362146,163.04848366227839,0.0069696687319638264,-0.0069696687319638264,1481.5,0.49999997196956153,1
74.240524507906713,-296.91969698152485,163.33163717329165,0.0075401043096461843,-0.0075401043096461843,1482,0.49999942053098795,1
74.383482632800607,-297.3988242544641,163.38784426628314,0.0036160236477832302,0.0036160236477832302,1482.5,0.4999999691473816,1
74.527294204377384,-297.87769564609249,163.14137852626385,0.01030792012180348,0.01030792012180348,1483,0.49999957783931326,1
74.673304816466882,-298.35590125980838,162.92785448428418,0.0045989054977616977,0.0045989054977616977,1483.5,0.49999970783205167,1
74.820415178435724,-298.83376998929481,162.87661756092382,0.00040661462274617843,-0.00040661462274617843,1484,0.49999998121957939,1
74.967578328972181,-299.31162248334385,162.88950891179033,0.0004933703603642709,-0.0004933703603642709,1484.5,0.49999999894470909,1
75.114623597443881,-299.78951127021764,162.90488551796534,0.00058011745658463545,-0.00058011745658463545,1485,0.50000000359961816,1
75.261437476176624,-300.2674711650925,162.95838032483138,0.0033240449134860285,-0.0033240449134860285,1485.5,0.49999997609733654,1
75.407456714198602,-300.74567432490647,163.09550504390086,0.0062490636445227113,-0.0062490636445227113,1486,0.49999987992857231,1
75.552209146535574,-301.22426249142222,163.21360709953046,0.00016299419912950536,-0.00016299419912950536,1486.5,0.49999989979636589,1
75.696926376916238,-301.70286131351673,163.09813804729558,0.0082243206304119694,0.0082243206304119694,1487,0.49999990927929572,1
75.843491401524034,-302.18089701500031,162.80962978749804,0.0092295256606472805,0.0092295256606472805,1487.5,0.49999943833086402,1
75.992238671335144,-302.65825845719951,162.59136661393421,0.0060081947425659971,0.0060081947425659971,1488,0.49999969677466422,1
76.142414661184972,-303.13517257342403,162.46901416521109,0.0022453983335462679,0.0022453983335462679,1488.5,0.49999990218158147,1
76.29311908951756,-303.61192006801656,162.46740865815599,0.0021333333374286105,-0.0021333333374286105,1489,0.49999999831930669,1
76.443319370282538,-304.0888265382402,162.58621861677977,0.0054237863629954981,-0.0054237863629954981,1489.5,0.49999990568303998,1
76.592267506594823,-304.56612546943342,162.75597662941723,0.0064275329330510268,-0.0064275329330510268,1490,0.49999981702905766,1
76.739683341336232,-305.04389981526981,162.94888782971066,0.0049027871808602847,-0.0049027871808602847,1490.5,0.49999975387184037,1
76.88632119378191,-305.5219137060331,162.86948004145978,0.010446766526130328,0.010446766526130328,1491,0.49999993953253852,1
77.035453363006965,-305.9991535467002,162.3510959395847,0.024273606401085564,0.024273606401085564,1491.5,0.49999826941473063,1
77.188863607000386,-306.47503654546261,162.04225023437991,0.0027108275739517566,-0.0027108275739517566,1492,0.4999993314727828,1
77.341628386909576,-306.95112633884924,162.50644603034235,0.029697730068202987,-0.029697730068202987,1492.5,0.49999856934557163,1
77.48876245606769,-307.42898497103619,163.13809451972048,0.0077449504064415744,-0.0077449504064415744,1493,0.49999730665535419,1
77.634051131519371,-307.9074103710542,162.93525970027008,0.021906621602781843,0.021906621602781843,1493.5,0.49999966259678419,1
77.783751589502046,-308.38447100585034,162.29148932787837,0.012078206383334863,0.012078206383334863,1494,0.49999707638377705,1
77.936284936240099,-308.86063644242995,162.30349018240136,0.012915831529495068,-0.012915831529495068,1494.5,0.49999994486015514,1
78.086143940656868,-309.33764852530038,162.78806403508577,0.0095098523611114594,-0.0095098523611114594,1495,0.49999824840610363,1
78.233855863706779,-309.81533160913932,162.73878175923826,0.012950741549051693,0.012950741549051693,1495.5,0.49999994079697929,1
78.384513545484097,-310.29209138264429,162.16630730210994,0.015910363162792495,0.015910363162792495,1496,0.49999761870535175,1
78.538628519504883,-310.76774716600471,162.03748824424858,0.0069165521979997454,-0.0069165521979997454,1496.5,0.49999984946162279,1
78.691102349110295,-311.24392986573491,162.54900518927792,0.022968910173254052,-0.022968910173254052,1497,0.49999823223375939,1
78.839318958684601,-311.72145602631235,162.84242770552768,0.0024833205718360631,0.0024833205718360631,1497.5,0.49999939738917026,1
78.988128183818645,-312.19879715044982,162.40672335724167,0.027934703575566225,0.027934703575566225,1498,0.49999873427621383,1
79.141558713817162,-312.67467310369182,161.99534673300329,0.00059582606741918258,-0.00059582606741918258,1498.5,0.49999885040828229,1
79.294847292977337,-313.15059460026498,162.44141898126367,0.03054856344110387,-0.03054856344110387,1499,0.49999865939958876,1
79.441703590621628,-313.62853605409299,163.29631946411214,0.014694034484377167,-0.014694034484377167,1499.5,0.49999480541803615,1
79.585129199035734,-314.1075234258966,163.18825552968673,0.022239466165363913,0.022239466165363913,1500,0.49999980749625084,1
79.73349322965251,-314.58499822686764,162.28223060782227,0.024382012353967922,0.024382012353967922,1500.5,0.49999407110803606,1
79.887380518560235,-315.06072730175674,162.00920341579612,0.0053188967295465352,-0.0053188967295465352,1501,0.49999945038190879,1
80.040026038146863,-315.53685468175661,162.54897490652516,0.023599866707197041,-0.023599866707197041,1501.5,0.49999793663115105,1
80.187927324231879,-316.01447814434334,162.94688954934171,0.004180179405920849,-0.004180179405920849,1502,0.49999896243786712,1
80.33482855210994,-316.49241102740535,162.79374875464393,0.012022017226255699,0.012022017226255699,1502.5,0.49999981146401157,1
80.483818864321975,-316.96969666319876,162.57560791074644,0.0032069941752352741,0.0032069941752352741,1503,0.49999969126766158,1
80.63357439813241,-317.44674306119407,162.61000239195516,0.0056082195038098621,-0.0056082195038098621,1503.5,0.49999998574714705,1
80.782254508992324,-317.92412553595545,162.78285337643044,0.0048244550298990633,-0.0048244550298990633,1504,0.4999998025745811,1
80.92978494811743,-318.40186469801995,162.8816176688037,0.0020706088943596062,-0.0020706088943596062,1504.5,0.49999993743852827,1
81.076859083191607,-318.87974459410418,162.87508658703393,0.0042105012065448187,0.0042105012065448187,1505,0.49999999628929409,1
81.224968064310133,-319.35730433226848,162.61833264528406,0.013714480481572039,0.013714480481572039,1505.5,0.49999957380334326,1
81.376213861651763,-319.83387897358318,162.19131606973082,0.0082034138173154841,0.0082034138173154841,1506,0.49999867995599656,1
81.529231139096936,-320.30988908610192,162.27361709880645,0.013949563224109429,-0.013949563224109429,1506.5,0.49999991441682551,1
81.679053679376139,-320.78691169950349,162.87882159250202,0.017464528010473313,-0.017464528010473313,1507,0.49999736726524863,1
81.825054375591648,-321.2651203860251,163.05873343670814,0.0049035037175882519,0.0049035037175882519,1507.5,0.49999975116007639,1
81.972226795376955,-321.74296857051758,162.5978516324962,0.027272637198002565,0.027272637198002565,1508,0.49999860856627854,1
82.124164096826689,-322.21932313134818,162.13960724892078,0.0035577083519983958,0.0035577083519983958,1508.5,0.4999986111940129,1
82.27694881244301,-322.69540754063331,162.39442648211525,0.021348859268804053,-0.021348859268804053,1509,0.49999953409011949,1
82.424997659058945,-323.17298229108405,163.12832819613777,0.016269934137170077,-0.016269934137170077,1509.5,0.49999610323721277,1
82.56936264115447,-323.65168748788977,163.16448376977672,0.01374542180879825,0.01374542180879825,1510,0.49999991350423661,1
82.716749336537447,-324.12946797097027,162.52258306451969,0.019468468807204521,0.019468468807204521,1510.5,0.49999702797971168,1
82.868579691691068,-324.60585737323572,162.20079741279972,0.0029972158473840992,0.0029972158473840992,1511,0.49999931933644781,1
83.021155058089676,-325.08200927635608,162.3168318730059,0.0062704674248320307,-0.0062704674248320307,1511.5,0.4999998772767888,1
83.172498230525818,-325.55855431602095,162.41944124814444,0.00089291257338951582,-0.00089291257338951582,1512,0.49999993067222392,1
83.323607924964563,-326.0351735034028,162.39124617696666,0.00056645961801952787,-0.00056645961801952787,1512.5,0.49999998953391245,1
83.474387478864415,-326.51189705589655,162.55556230028259,0.010905088619807291,-0.010905088619807291,1513,0.49999981937646881,1
83.622571767063448,-326.98943248816619,163.00233181285179,0.015752321819430384,-0.015752321819430384,1513.5,0.49999867234023671,1
83.767696374071036,-327.46790784735117,163.15105733938339,0.0053688871389141867,0.0053688871389141867,1514,0.49999982090627382,1
83.91410467499648,-327.94599073641291,162.69466206951768,0.026494915446483931,0.026494915446483931,1514.5,0.49999863939164269,1
84.065997712451278,-328.42235762651069,162.01946044537627,0.013030358298705585,0.013030358298705585,1515,0.49999690879911862,1
84.220973527496071,-328.89773372965971,161.9787656458393,0.010188813481614652,-0.010188813481614652,1515.5,0.49999994269393955,1
84.373646899218244,-329.37385227581768,162.50325224894286,0.01755230083890923,-0.01755230083890923,1516,0.49999802842471552,1
84.52238751916147,-329.85121541382495,162.82285826977534,0.0047606956643802129,-0.0047606956643802129,1516.5,0.49999933754879744,1
84.669991044980208,-330.32893203644409,162.77823429420042,0.0062808588429500633,0.0062808588429500633,1517,0.49999997236076105,1
84.818492644280497,-330.80637023365023,162.70040360763434,0.00084734366417211766,-0.00084734366417211766,1517.5,0.49999995714619128,1
84.966791928256498,-331.28387124579132,162.82678641841619,0.0079758335183495645,-0.0079758335183495645,1518,0.49999989422354901,1
85.113463927453353,-331.76187444059457,163.02110565240758,0.0021411900515854623,-0.0021411900515854623,1518.5,0.49999972959044292,1
85.259637405661877,-332.24003053827568,162.93155959998779,0.0083928190195835927,0.0083928190195835927,1519,0.49999993948119953,1
85.407765467594544,-332.71758392918582,162.58476539544029,0.011300485082272287,0.011300485082272287,1519.5,0.49999916390100713,1
85.558435182554945,-333.19434210702332,162.37809520321406,0.0031279667535718254,0.0031279667535718254,1520,0.4999997231411013,1
85.709851306651132,-333.67086403434809,162.40339904296775,0.0040095790776914705,-0.0040095790776914705,1520.5,0.49999998985762328,1
85.86048986662361,-334.14763223581491,162.5327792048526,0.0050228592852094665,-0.0050228592852094665,1521,0.49999989368048187,1
86.009930568447132,-334.62477720110167,162.6911871368192,0.0060360804129794563,-0.0060360804129794563,1521.5,0.49999984125997987,1
86.157953213373105,-335.10236393880399,162.87045537891734,0.0064789462609443765,-0.0064789462609443765,1522,0.4999997954399879,1
86.304427945745147,-335.58042765729698,163.06240369270955,0.0069215747655463839,-0.0069215747655463839,1522.5,0.49999976616275144,1
86.449409238624526,-336.05894652719377,163.1886375093971,1.4911687277268835e-05,1.4911687277268835e-05,1523,0.49999988413226254,1
86.594400941594301,-336.53746223206286,163.05203652241775,0.0095218158627555956,0.0095218158627555956,1523.5,0.49999987373642774,1
86.741595843711863,-337.01530404435306,162.69982992750835,0.010478140930349397,0.010478140930349397,1524,0.49999913678143043,1
86.891179001750942,-337.49240433157109,162.52779506821992,0.0015323425778473816,0.0015323425778473816,1524.5,0.49999980523243853,1
87.041133197382806,-337.96938828534678,162.60406165394309,0.0051717196375632166,-0.0051717196375632166,1525,0.49999995294708338,1
87.190006143818024,-338.44671072231182,162.75098331968906,0.0050853450906617808,-0.0050853450906617808,1525.5,0.49999986301052873,1
87.337664937261437,-338.92441015532927,162.89542974955097,0.0049952309230815147,-0.0049952309230815147,1526,0.49999986758633885,1
87.484142845797749,-339.40247302036585,163.03257746622469,0.0045794595059492384,-0.0045794595059492384,1526.5,0.49999988061613837,1
87.629525744871103,-339.88087004492786,163.15781222376279,0.0041635591841890267,-0.0041635591841890267,1527,0.49999990045275133,1
87.7741280623177,-340.35950368133314,163.1747439420256,0.0046290708251316278,0.0046290708251316278,1527.5,0.49999998810946561,1
87.919840846643439,-340.8377998741696,162.88679374843912,0.015473979205813932,0.015473979205813932,1528,0.49999946359753028,1
88.069014861793917,-341.31502691116054,162.43059641861072,0.0095603474872114624,0.0095603474872114624,1528.5,0.4999985316291104,1
88.22039349151585,-341.79156072981533,162.4058857204007,0.0078350801993869127,-0.0078350801993869127,1529,0.499999969858202,1
88.369952980039713,-342.26866731860395,162.82577654664107,0.01386621230863847,-0.01386621230863847,1529.5,0.49999873767143488,1
88.516613477433324,-342.74667414287086,162.97915942418115,0.0031578156940256829,0.0031578156940256829,1530,0.49999982554145062,1
88.664025014794206,-343.22444931550029,162.65340667127288,0.015949046942538701,0.015949046942538701,1530.5,0.49999927692766249,1
88.814488324608817,-343.70127245847112,162.38178697247139,0.0030137743862835211,0.0030137743862835211,1531,0.49999951727271474,1
88.965670120537524,-344.17786871101401,162.48072347135769,0.0099210037705884935,-0.0099210037705884935,1531.5,0.49999992335814997,1
89.114953566921699,-344.65506254148426,162.75835737659088,0.0076017466227114982,-0.0076017466227114982,1532,0.49999949920294767,1
89.2624235459879,-345.13282027573945,162.91257123795185,0.0031644639096681218,-0.0031644639096681218,1532.5,0.49999984736641745,1
89.409210394731616,-345.61078848849303,162.89880331665026,0.0057176594498129941,0.0057176594498129941,1533,0.4999999913669626,1
89.557375570401206,-346.08833052088107,162.57223132923184,0.017081800756044683,0.017081800756044683,1533.5,0.4999993119780306,1
89.709518518324927,-346.56461851572601,162.00427358701538,0.014003924706251213,0.014003924706251213,1534,0.49999773063118191,1
89.864700260410999,-347.03992742239512,161.94862144314061,0.010118562937645273,-0.010118562937645273,1534.5,0.49999992983585084,1
90.017479172384512,-347.51601147025269,162.57137546522068,0.027732493861809301,-0.027732493861809301,1535,0.49999741656158414,1
90.164868690914645,-347.99379276310236,163.02700974863833,0.0040781477944594868,-0.0040781477944594868,1535.5,0.4999986339677806,1
90.311283869408868,-348.4718745912316,162.80507854745798,0.019572667912653999,0.019572667912653999,1536,0.49999963888075533,1
90.46149588466109,-348.94877547052175,162.2636102582818,0.014832021727782297,0.014832021727782297,1536.5,0.49999809819024088,1
90.615238666940968,-349.42455122935263,161.9618727374577,0.0062336103957670603,0.0062336103957670603,1537,0.4999994157939141,1
90.770465311616363,-349.89984551976892,161.90551066719325,0.0022536716461435836,-0.0022536716461435836,1537.5,0.49999997371950178,1
90.925156711358852,-350.37531407540581,162.09055627954183,0.010665104090058471,-0.010665104090058471,1538,0.49999977655367495,1
91.077342207393684,-350.85158975541924,162.48051269397715,0.011212660775904182,-0.011212660775904182,1538.5,0.49999894857451738,1
91.227162286926216,-351.32861582375148,162.57038502577717,0.0049381759066218691,0.0049381759066218691,1539,0.49999992609964,1
91.378159532526539,-351.80526970974233,162.19755170324908,0.021091047555622775,0.021091047555622775,1539.5,0.49999909520824987,1
91.533132989145884,-352.28064525338664,161.74335516964805,0.010293305632784534,0.010293305632784534,1540,0.49999867974992285,1
91.690551399177636,-352.7552180263844,161.60782348492597,0.0008310073528896521,-0.0008310073528896521,1540.5,0.49999987268769236,1
91.84784840169614,-353.22983103908672,161.75134368363501,0.0079620108758306912,-0.0079620108758306912,1541,0.49999985882765968,1
92.003261180303554,-353.7050639039345,162.0562316534492,0.013323343021853009,-0.013323343021853009,1541.5,0.49999940758555694,1
92.155543956273419,-354.18130832925914,162.47665635880318,0.011582957512457978,-0.011582957512457978,1542,0.49999879650843382,1
92.305251358183511,-354.65836970798193,162.6133865244104,0.0020371231065163054,0.0020371231065163054,1542.5,0.49999986525554518,1
92.455444455899737,-355.13527809521617,162.36048857271919,0.014747604852583378,0.014747604852583378,1543,0.4999995764157727,1
92.608405771064625,-355.61130563194229,162.04915852117864,0.0069872882290273799,0.0069872882290273799,1543.5,0.49999937965812619,1
92.763029409112391,-356.08679640476697,161.96014033404091,0.00077255656229346156,-0.00077255656229346156,1544,0.49999994448453972,1
92.917608254012649,-356.5623017686118,162.02201236119487,0.0014407439986850641,-0.0014407439986850641,1544.5,0.49999997033590265,1
93.071855003268325,-357.03791499327508,162.02994251383973,0.00088712348457970099,0.00088712348457970099,1545,0.49999999913054477,1
93.226286342644698,-357.51346830105695,161.98844248305411,0.001032073870186711,0.001032073870186711,1545.5,0.49999998712385396,1
93.380948974193615,-357.98894644979123,161.98218104698452,0.00059494001840421583,-0.00059494001840421583,1546,0.49999999952141633,1
93.535470140638722,-358.4644705801494,162.02256272794676,0.0022358399056174793,-0.0022358399056174793,1546.5,0.49999998943244744,1
93.689457655289843,-358.94016774778879,162.11112705687401,0.0039471280150773762,-0.0039471280150773762,1547,0.49999994996857017,1
93.842506028986492,-359.4161678264806,162.24871712382452,0.0056584763658166322,-0.0056584763658166322,1547.5,0.49999987960578507,1
93.994333067563076,-359.89255888063764,162.3803055102303,0.0027192376580075631,-0.0027192376580075631,1548,0.49999988612377277,1
94.14551346426758,-360.36915565287899,162.40207887338909,0.0011991617463017971,0.0011991617463017971,1548.5,0.49999999565860509,1
94.296942374726726,-360.84567349294724,162.33279804792284,0.0027799466521778232,0.0027799466521778232,1549,0.49999996682615727,1
94.449026246241772,-361.32198269129191,162.2499178538157,0.0030061853271482223,0.0030061853271482223,1549.5,0.4999999564027412,1
94.60182449597626,-361.79806319411909,162.16238623641658,0.002764861852704751,0.002764861852704751,1550,0.49999995029410815,1
94.755254707869582,-362.27394043520627,162.10444932038092,0.0012798955478261608,0.0012798955478261608,1550.5,0.49999997850637135,1
94.908989413315979,-362.74971941608618,162.08917848673917,0.00037302009627605603,-0.00037302009627605603,1551,0.49999999830581499,1
95.062526142298935,-363.22556228095988,162.16744051311514,0.0050907332713822197,-0.0050907332713822197,1551.5,0.49999995919799267,1
95.21485109805424,-363.70179417496684,162.38085888635788,0.0098087015161796871,-0.0098087015161796871,1552,0.49999970901522489,1
95.365175761870788,-364.17866124654876,162.59135502219402,0.0035718021932715977,-0.0035718021932715977,1552.5,0.49999970851059033,1
95.514649483649805,-364.65579602924669,162.58294181306533,0.0041591544529978597,0.0041591544529978597,1553,0.49999999436267278,1
95.664931314331952,-365.13267674945223,162.43091418551171,0.0055006636903293122,0.0055006636903293122,1553.5,0.49999984993691204,1
95.816523155965569,-365.60914264495705,162.2701753310169,0.0057209935828981722,0.0057209935828981722,1554,0.4999998360290514,1
95.969355916085846,-366.08521203824387,162.169963836573,0.0011729244777068249,-0.0011729244777068249,1554.5,0.49999991979045705,1
96.121891861109404,-366.56137646000724,162.35578095039142,0.011799826339919243,-0.011799826339919243,1555,0.49999977107742366,1
96.27162979085611,-367.03842685275515,162.82329894976223,0.015432177959294668,-0.015432177959294668,1555.5,0.49999852482359108,1
96.418249492972492,-367.51644618180325,162.9763546244921,0.0047464279193983449,0.0047464279193983449,1556,0.4999998159922539,1
96.566002918512737,-367.99411525533304,162.5520806781318,0.023595700035287766,0.023595700035287766,1556.5,0.49999881856429462,1
96.718214739324068,-368.47038201872249,162.06317991928967,0.010535939074085508,0.010535939074085508,1557,0.49999846830181383,1
96.872933914089217,-368.94584166846238,161.94838282920483,0.002521084125371568,-0.002521084125371568,1557.5,0.49999990157077701,1
97.027211688583265,-369.42144458235225,162.13784313869047,0.0096276838111594917,-0.0096276838111594917,1558,0.49999976340331787,1
97.179199711145941,-369.89778355962005,162.49660630543633,0.015418907227061344,-0.015418907227061344,1558.5,0.49999918026637535,1
97.32758827547309,-370.37525540151415,162.9604639285493,0.011957758663308357,-0.011957758663308357,1559,0.49999852582264431,1
97.473247159340772,-370.85356842977433,163.09718248599131,0.0024126623963760625,0.0024126623963760625,1559.5,0.49999986345297892,1
97.619482607835479,-371.3317051221623,162.82355740735539,0.015335391977083983,0.015335391977083983,1560,0.49999950300391632,1
97.768645996260005,-371.80893632170694,162.50107825322277,0.0071778681658777859,0.0071778681658777859,1560.5,0.49999933426465215,1
97.919521371695197,-372.28562968780454,162.41228905274005,0.00097913430830636286,-0.00097913430830636286,1561,0.49999994419417354,1
98.070400327678428,-372.76232196087005,162.46404811643436,0.0020489174307535122,-0.0020489174307535122,1561.5,0.49999998255895184,1
98.220791024235325,-373.23916848928286,162.52892788832324,0.0024805334809897884,-0.0024805334809897884,1562,0.49999997327021395,1
98.370571991594488,-373.71620686716943,162.61737219784521,0.0042482281376038881,-0.0042482281376038881,1562.5,0.49999995215969639,1
98.519332819854512,-374.19356422981917,162.77796071019321,0.0069629967793004731,-0.0069629967793004731,1563,0.4999998357004975,1
98.666459011197844,-374.67142777716748,162.99210842679975,0.0056458669866767969,-0.0056458669866767969,1563.5,0.49999968606340334,1
98.81231078256576,-375.14968213580806,163.05499259358356,0.0012557024923628549,0.0012557024923628549,1564,0.4999999707698739,1
98.958462441272843,-375.62784484203496,162.92146308504141,0.0071664555650964475,0.0071664555650964475,1564.5,0.49999988096904713,1
99.106004322538595,-376.10558038628488,162.77203000272186,0.0032659405601803714,0.0032659405601803714,1565,0.49999985696718824,1
99.254326176097024,-376.58307448825923,162.7343375830533,0.00063450093592760156,-0.00063450093592760156,1565.5,0.49999998966329279,1
99.402531074868676,-377.06060489093818,162.79257671860273,0.0031318508353722838,-0.0031318508353722838,1566,0.49999997750263664,1
99.549988685244188,-377.53836650650561,162.91261521628576,0.0052484115904208499,-0.0052484115904208499,1566.5,0.49999990816724926,1
99.696221247419217,-378.0165044223973,163.06784803584264,0.0030642553073213352,-0.0030642553073213352,1567,0.4999998288534967,1
99.84180509233407,-378.49484042563961,163.03677972568443,0.0052332796857885921,0.0052332796857885921,1567.5,0.49999998789801398,1
99.988639497826469,-378.97279355526246,162.76990256330336,0.011974526289703977,0.011974526289703977,1568,0.49999953675236558,1
100.1377785336242,-379.45003278610574,162.56905997073079,0.0020470426393789922,0.0020470426393789922,1568.5,0.49999973545449367,1
100.28740602823926,-379.92711931913607,162.65261163574814,0.0078801003283555417,-0.0078801003283555417,1569,0.49999994714367818,1
100.4354998742993,-380.4046838776955,162.86454744564983,0.0042136378245258288,-0.0042136378245258288,1569.5,0.49999969483282952,1
100.58259264273984,-380.88255803546298,162.88443346660694,0.0028253273312889614,0.0028253273312889614,1570,0.49999999318947574,1
100.73017248242503,-381.36028193724809,162.78712819514345,0.002496130817591583,0.002496130817591583,1570.5,0.49999993541829402,1
100.87834553318004,-381.83782223527322,162.74667766385949,0.00032785243464714868,0.00032785243464714868,1571,0.499999989207978,1
101.02658788501192,-382.31534103068651,162.77407483088612,0.0025498302335649433,-0.0025498302335649433,1571.5,0.49999999484960606,1
101.17421714189389,-382.79304963103425,162.89619792795952,0.0059760096943977485,-0.0059760096943977485,1572,0.49999990433370972,1
101.32042013257339,-383.27119644960089,163.11294692680775,0.0080953982021719547,-0.0080953982021719547,1572.5,0.49999969458893806,1
101.46483431789686,-383.74988667561746,163.29465038428935,0.0045899009065614995,-0.0045899009065614995,1573,0.49999978940638962,1
101.60814959771184,-384.22890722588545,163.37593062129406,0.0010845636981669481,-0.0010845636981669481,1573.5,0.49999995700749311,1
101.75125608393272,-384.70799022629541,163.33622016430311,0.0040358936059471627,0.0040358936059471627,1574,0.49999998768029208,1
101.89532908424141,-385.18678322388132,163.1443678365215,0.0093579766161627203,0.0093579766161627203,1574.5,0.49999976395519724,1
102.04149763724102,-385.66494039579203,162.88724101909776,0.0043596995203058183,0.0043596995203058183,1575,0.49999952693542399,1
102.18866021311317,-386.14279303819109,162.93673798203361,0.0078152293797249858,-0.0078152293797249858,1575.5,0.49999997158508491,1
102.33397696530247,-386.6212092779453,163.30391430752837,0.011752263889425079,-0.011752263889425079,1576,0.49999905692651586,1
102.47697851175216,-387.10032356553666,163.3673756821043,0.0073218064052240576,0.0073218064052240576,1576.5,0.49999994286117572,1
102.62173277518379,-387.57890970306403,162.88435819489172,0.026399785980563761,0.026399785980563761,1577,0.49999848781271389,1
102.77140859875433,-388.05597934383525,162.3717397050699,0.0080495965880075446,0.0080495965880075446,1577.5,0.49999829430419246,1
102.92300386157842,-388.53244426938255,162.42381125151451,0.011684881118563462,-0.011684881118563462,1578,0.49999994898750028,1
103.07223213820956,-389.00965469656597,162.82564734187878,0.0099486067267485195,-0.0099486067267485195,1578.5,0.49999887035760682,1
103.21911769797966,-389.48759247127782,162.95460167217527,0.00094580093510728848,0.00094580093510728848,1579,0.4999998841654742,1
103.36619473499705,-389.96547130397397,162.80292129663195,0.0062720268249126339,0.0062720268249126339,1579.5,0.49999983355682287,1
103.51464502987567,-390.44292537404647,162.66936439580113,0.0030519986832221973,0.0030519986832221973,1580,0.49999987907832577,1
103.66382433767872,-390.92015228260976,162.62679473868263,0.00038301578924915182,0.00038301578924915182,1580.5,0.4999999881334779,1
103.81317654054455,-391.39732512152165,162.61248664438421,0.00061587825711601168,0.00061587825711601168,1581,0.49999999869610162,1
103.96267567616087,-391.87445194496814,162.59150746945471,0.00084874536132006038,0.00084874536132006038,1581.5,0.4999999972021727,1
104.11236964599468,-392.35151767577327,162.56676882884835,0.00086635635202932148,0.00086635635202932148,1582,0.49999999611323004,1
104.26227025422412,-392.82851851824734,162.54187922861777,0.00087126180858897119,0.00087126180858897119,1582.5,0.49999999606852935,1
104.41245678545707,-393.30542939106078,162.47818894721979,0.0045809166653896843,0.0045809166653896843,1583,0.49999997477146946,1
104.56373924558329,-393.78199350061607,162.27403831157736,0.0096716214444374157,0.0096716214444374157,1583.5,0.49999973325799224,1
104.71724722565028,-394.25784504551558,161.97628342632004,0.0079286186267871935,0.0079286186267871935,1584,0.49999939272713168,1
104.87258914375921,-394.7331016046345,161.85965183556306,0.00021392639882275561,0.00021392639882275561,1584.5,0.49999990850730724,1
105.02798300304731,-395.20834120238459,161.96285082565498,0.007257072925474695,-0.007257072925474695,1585,0.49999992677411043,1
105.18165965486406,-395.68413830230918,162.27088370728686,0.014248253663950123,-0.014248253663950123,1585.5,0.49999939360989121,1
105.33194469487299,-396.16101645513896,162.77416988560617,0.01904562354474492,-0.01904562354474492,1586,0.49999836589416019,1
105.47800212494307,-396.63920672497636,163.22487553347176,0.012419147348021308,-0.012419147348021308,1586.5,0.49999870704417043,1
105.62108762658431,-397.11829555133772,163.48574270313662,0.0057802498878382061,-0.0057802498878382061,1587,0.49999956432404258,1
105.76363260908767,-397.59754550391034,163.25298747171789,0.022032116650941205,0.022032116650941205,1587.5,0.49999958907756659,1
105.91144697728157,-398.07518984310298,162.22314626279791,0.049863750891545801,0.049863750891545801,1588,0.49999320216112325,1
106.06891602579081,-398.54974004478061,161.32663913446396,0.0021273447693514825,0.0021273447693514825,1588.5,0.49999439511927052,1
106.22688055157585,-399.02412684885701,162.12608131680568,0.057955103880174698,-0.057955103880174698,1589,0.49999563126922791,1
106.37287357789228,-399.50231977032666,163.67558294495717,0.018513325567312763,-0.018513325567312763,1589.5,0.49998243356813565,1
106.5146244977435,-399.98180170238635,162.97518690082148,0.067434270121994391,0.067434270121994391,1590,0.49999624643626533,1
106.67056451191439,-400.4568288283017,160.88336840042109,0.035973737556207988,0.035973737556207988,1590.5,0.49996805735468075,1
106.83469134203467,-400.92912179420921,161.26006806663341,0.06231851869794381,-0.06231851869794381,1591,0.49999826200802677,1
106.98465551798215,-401.40604914212327,163.93449946349932,0.079904664490339158,-0.079904664490339158,1591.5,0.49994894664949591,1
107.11665337610073,-401.88830208415595,165.06435325738784,0.00095003344769924289,0.00095003344769924289,1592,0.4999913345719858,1
107.24862673972142,-402.37056336284132,164.10707061211093,0.042005589952602243,0.042005589952602243,1592.5,0.49999290957433323,1
107.38982788498146,-402.85020563079263,163.17614344248284,0.022978905460256265,0.022978905460256265,1593,0.49999446859762292,1
107.53653411362809,-403.32819757739338,162.78592664542225,0.0056129491654209312,0.0056129491654209312,1593.5,0.49999901853793255,1
107.68476264479014,-403.80572065773958,162.77375652501777,0.0047634285805080862,-0.0047634285805080862,1594,0.49999998971378345,1
107.83185350846007,-404.28359486016763,163.05768313195892,0.014038333078291328,-0.014038333078291328,1594.5,0.49999947552112683,1
107.9760549309934,-404.76234867997357,163.39639200940209,0.009608121400231321,-0.009608121400231321,1595,0.49999927023888624,1
108.11795483981365,-405.2417901565621,163.60819809191383,0.0051788977090940665,-0.0051788977090940665,1595.5,0.49999971359650652,1
108.2586153014464,-405.7215969802802,163.69205423870756,0.00065915376009104685,-0.00065915376009104685,1596,0.49999995355318072,1
108.39911765814877,-406.20145015830599,163.64591378398183,0.0038802981832093959,0.0038802981832093959,1596.5,0.4999999847003721,1
108.54059153855141,-406.68101756076902,163.44778004278646,0.010716009342237145,0.010716009342237145,1597,0.49999975234126059,1
108.68463775028258,-407.15981768276197,163.02645519625335,0.018698418841112209,0.018698418841112209,1597.5,0.49999886793327908,1
108.83289501979162,-407.63733002990597,162.52598285440922,0.0099236509684579796,0.0099236509684579796,1598,0.49999825963422051,1
108.98346309780626,-408.11412057269843,162.51260710991608,0.0089898362304051422,-0.0089898362304051422,1598.5,0.49999996781334893,1
109.13197063090891,-408.59155542875055,162.96629339430717,0.015081099068088069,-0.015081099068088069,1599,0.49999852915958559,1
109.27713581889105,-409.07001822974809,163.21814265500868,0.0025016324810774675,-0.0025016324810774675,1599.5,0.49999958374012338,1
109.42170116002357,-409.54866295760235,163.1133651623345,0.0080567696411300155,0.0080567696411300155,1600,0.4999999133594325,1
109.56778055679476,-410.02684763782446,162.92691935877207,0.004959530987687962,0.004959530987687962,1600.5,0.49999977856010963,1
109.71504533349082,-410.50466875929095,162.82920636029979,0.0018621275414255128,0.0018621275414255128,1601,0.4999999385748321,1
109.86270496587899,-410.98236806849536,162.84086044497349,0.00288792293116771,-0.00288792293116771,1601.5,0.4999999970513806,1
110.00967445645547,-411.46028000144668,162.99512199171275,0.0078816105608404061,-0.0078816105608404061,1602,0.49999984681754917,1
110.15485975388306,-411.93873672913247,163.23369662058241,0.0061931413401867278,-0.0061931413401867278,1602.5,0.49999961085678535,1
110.29858790719621,-412.41763354477956,163.326701152325,0.00029984876933600508,-0.00029984876933600508,1603,0.49999994209172749,1
110.44223216199963,-412.89655556419228,163.26469739076197,0.0025246090161609243,0.0025246090161609243,1603.5,0.49999997261638768,1
110.5863553609563,-413.37533369277179,163.24776836854988,0.0013427448025980628,-0.0013427448025980628,1604,0.4999999928836002,1
110.73015707871248,-413.85420842457944,163.34158627816146,0.0050076753590928731,-0.0050076753590928731,1604.5,0.49999994279347265,1
110.87327224125004,-414.33328883749635,163.34788209550143,0.0045681371124147952,0.0045681371124147952,1605,0.49999999178879206,1
111.01748117007753,-414.81204067398801,163.07984274398294,0.014144678156334214,0.014144678156334214,1605.5,0.49999953609748959,1
111.1647053981268,-415.28987341785671,162.72185110657426,0.0057339813444999615,0.0057339813444999615,1606,0.49999910443699425,1
111.31327626854016,-415.76729006367998,162.7803964816527,0.0098213501614233846,-0.0098213501614233846,1606.5,0.49999995724452345,1
111.45958507027065,-416.24540345070284,163.21052853019427,0.012782205801716854,-0.012782205801716854,1607,0.49999867631252781,1
111.60308647990773,-416.72436815058921,163.36002512335335,0.0023450942435416572,0.0023450942435416572,1607.5,0.49999983830504963,1
111.74714798168,-417.20316430388885,163.08044545888166,0.01477959835042454,0.01477959835042454,1608,0.49999947270713679,1
111.89406595567448,-417.68109165938347,162.78750681631544,0.0056713849590259505,0.0056713849590259505,1608.5,0.49999944821241271,1
112.04233876892786,-418.15860098823998,162.75549164454787,0.0034362425117906588,-0.0034362425117906588,1609,0.49999998629507059,1
112.19011266266165,-418.63626490922013,162.840854200396,0.00011917752217304317,-0.00011917752217304317,1609.5,0.49999994507537066,1
112.33786254006297,-419.11393626326412,162.7540570207631,0.0061787896528672295,0.0061787896528672295,1610,0.49999994874632386,1
112.48699458643745,-419.59117764000149,162.55348216197245,0.003195775288752247,0.003195775288752247,1610.5,0.49999969892592633,1
112.6367978397347,-420.06820901024469,162.63689418646152,0.0090190827937282284,-0.0090190827937282284,1611,0.49999994289453825,1
112.78446164856776,-420.54590582464408,163.04752424419371,0.013866781822070757,-0.013866781822070757,1611.5,0.49999884692508567,1
112.92946995131665,-421.02441654287327,163.12946847952759,0.0081458366820198278,0.0081458366820198278,1612,0.49999991532632049,1
113.0764255668722,-421.50233085963924,162.58074469066324,0.030162896557797296,0.030162896557797296,1612.5,0.49999804710938739,1
113.22913400099297,-421.97843773342174,161.98501336532613,0.0063701633694338766,0.0063701633694338766,1613,0.49999762110890184,1
113.38335608856781,-422.45405849382706,162.22469822823865,0.023105395167598918,-0.023105395167598918,1613.5,0.49999956002428214,1
113.532511717652,-422.93128786191573,163.04460507148286,0.021795542637614202,-0.021795542637614202,1614,0.49999527143145461,1
113.67659081384504,-423.41007858818421,163.35537299434222,9.7991004832661348e-05,9.7991004832661348e-05,1614.5,0.49999934552006475,1
113.8206749116589,-423.88886784425785,163.06519862570289,0.014751716471198452,0.014751716471198452,1615,0.49999937897399732,1
113.96781027410195,-424.36672818738822,162.73940024866744,0.0079930328864249566,0.0079930328864249566,1615.5,0.49999932241746758,1
114.11685439734535,-424.8439972252549,162.60723395147065,0.0012339544638054665,0.0012339544638054665,1616,0.49999988517956367,1
114.26648228003039,-425.32108367606259,162.5584740438359,0.002613674263508052,0.002613674263508052,1616.5,0.4999999848210856,1
114.41673354988163,-425.79797411464642,162.45711499553914,0.0044625210536167401,0.0044625210536167401,1617,0.49999993450458985,1
114.56798377107842,-426.27454863685966,162.34081894396809,0.0019870437632152414,0.0019870437632152414,1617.5,0.49999990463484767,1
114.71969134353868,-426.75097786368775,162.35830211523913,0.0032076037294435939,-0.0032076037294435939,1618,0.49999999571779735,1
114.87064644044935,-427.22764587923228,162.51049603540289,0.0051560520024099502,-0.0051560520024099502,1618.5,0.4999998383264449,1
115.02051603703092,-427.70465643605223,162.5793320997843,0.00035037243738471216,0.00035037243738471216,1619,0.4999999672971977,1
115.17046919140815,-428.18164071115206,162.4904209779732,0.0058568131015538805,0.0058568131015538805,1619.5,0.49999994720018259,1
115.32150674124544,-428.65828266174714,162.35968646696992,0.0030188851033668548,0.0030188851033668548,1620,0.49999989052792571,1
115.47326360346074,-429.13469618241737,162.31756300781001,7.8104077083413325e-05,-7.8104077083413325e-05,1620.5,0.4999999879068398,1
115.62503534420104,-429.61110496988368,162.34583905822615,0.0012349310092681612,-0.0012349310092681612,1621,0.4999999940624627,1
115.77651751000208,-430.08760590847254,162.3834266645116,0.0013891815933902707,-0.0013891815933902707,1621.5,0.49999999103183512,1
115.92766352366621,-430.56421357687549,162.43075029883099,0.0026078877114929671,-0.0026078877114929671,1622,0.49999998702705273,1
116.07815441046402,-431.04102842535588,162.55139294616157,0.0058145017995179732,-0.0058145017995179732,1622.5,0.49999990674055783,1
116.22725840228297,-431.51827858216507,162.76382213885523,0.0087111742162737909,-0.0087111742162737909,1623,0.49999971255065956,1
116.37505359476899,-431.99593594430462,162.76874779858821,0.0083673381385809178,0.0083673381385809178,1623.5,0.49999997452809347,1
116.52484553020282,-432.47296934114303,162.28435198044906,0.025450842945599642,0.025450842945599642,1624,0.4999984856179121,1
116.68003712454383,-432.94827205328534,161.63612266691158,0.011441819922684889,0.011441819922684889,1624.5,0.49999709911552243,1
116.83791369860799,-433.4226926711425,161.67277576143698,0.014000644875653574,-0.014000644875653574,1625,0.49999993528620479,1
116.99262299083371,-433.89815258060781,162.30655505238147,0.018304211702118118,-0.018304211702118118,1625.5,0.499997090601283,1
117.14332292214965,-434.37490120181707,162.4995722821655,0.0048283967036665482,0.0048283967036665482,1626,0.49999971712347369,1
117.29516998556078,-434.85128449063069,162.03890170256156,0.022907968603260827,0.022907968603260827,1626.5,0.49999856852541613,1
117.45138681406625,-435.32625314974763,161.63234004161035,0.0054757990880715769,0.0054757990880715769,1627,0.49999892465049689,1
117.60890384610522,-435.80079324668361,161.7251351375825,0.011954272581641567,-0.011954272581641567,1627.5,0.49999991898236978,1
117.76419986681232,-436.27606416755475,162.04686440650988,0.0065540733871458706,-0.0065540733871458706,1628,0.49999930227267353,1
117.91794346367848,-436.75184025592472,162.08880246102407,0.0036262236525753402,0.0036262236525753402,1628.5,0.49999997984197359,1
118.07243923671314,-437.22737240066863,161.91042319893899,0.0048856067977217843,0.0048856067977217843,1629,0.49999976457026157,1
118.22804166954236,-437.70254380075312,161.85356313793318,0.00091601179081170442,-0.00091601179081170442,1629.5,0.49999997656062917,1
118.3834322564318,-438.17778446883358,161.95419350184636,0.0041984241340058326,-0.0041984241340058326,1630,0.49999992709140068,1
118.5380053252032,-438.65329172018261,162.00813180847609,0.00043281648237408928,0.00043281648237408928,1630.5,0.49999997967491572,1
118.69268128841399,-439.12876548938488,161.92939456047063,0.0050640935593520382,0.0050640935593520382,1631,0.49999995879459552,1
118.84824589897612,-439.60394923702546,161.8351162628764,0.0012835622498594428,0.0012835622498594428,1631.5,0.49999994208109333,1
119.00411545199793,-440.07903310149902,161.85594740452552,0.0027378357042877272,-0.0027378357042877272,1632,0.49999999584235344,1
119.15938263710719,-440.55431408756334,161.97125393281016,0.0050367140726113027,-0.0050367140726113027,1632.5,0.49999991448601566,1
119.31345269988974,-441.02998437938163,162.14378115637555,0.0070079909772520774,-0.0070079909772520774,1633,0.49999981076428029,1
119.46590740811259,-441.5061747848942,162.33970977687341,0.0049386519404329239,-0.0049386519404329239,1633.5,0.49999974036147055,1
119.61720795924563,-441.98273339750278,162.40814055951518,0.00016125219963964005,0.00016125219963964005,1634,0.49999996802458235,1
119.76853686887166,-442.45928300414573,162.34438250029601,0.001538086284325091,0.001538086284325091,1634.5,0.49999996648015055,1
119.920003355261,-442.93578887797986,162.43171184867916,0.0076349474661364129,-0.0076349474661364129,1635,0.49999994429755462,1
120.06964945680922,-443.41286880734725,162.78184051452124,0.016808535543388538,-0.016808535543388538,1635.5,0.49999921471315723,1
120.21624443455988,-443.89089542198354,163.04759279485754,0.0016873114030839689,-0.0016873114030839689,1636,0.49999953180213313,1
120.36243614170547,-444.36904579932184,162.87851684158301,0.013491489724567835,0.013491489724567835,1636.5,0.49999979858685539,1
120.51154252357239,-444.84629411873465,162.43935591918245,0.011537264989081416,0.011537264989081416,1637,0.49999867149402738,1
120.66336387802697,-445.32268687255907,162.25694695077735,0.0011976092646166189,0.0011976092646166189,1637.5,0.49999977956479708,1
120.81547813282162,-445.79898632683484,162.36309253325769,0.0076562717577473068,-0.0076562717577473068,1638,0.49999991665511373,1
120.96581105422464,-446.27585046537632,162.67128541802174,0.013860051176746567,-0.013860051176746567,1638.5,0.49999939388411346,1
121.11283573920895,-446.75374401159809,163.15566908714808,0.018606348016651703,-0.018606348016651703,1639,0.49999849951289571,1
121.25602621628775,-447.23280113646524,163.49783091488695,0.0052813035825495487,-0.0052813035825495487,1639.5,0.49999924161146425,1
121.39795133754352,-447.71223542249675,163.45828437017155,0.0080421390429904413,0.0080421390429904413,1640,0.49999997466600293,1
121.54140534125716,-448.19121409363748,163.22629403415402,0.0038492559106908446,0.0038492559106908446,1640.5,0.49999961858907499,1
121.6857672877225,-448.66992028076453,163.25782909898015,0.0060509010814036408,-0.0060509010814036408,1641,0.4999999851809746,1
121.82872103175629,-449.14904832350066,163.54071948672367,0.010999019416351468,-0.010999019416351468,1641.5,0.49999945426914072,1
121.96910817254744,-449.62893463895745,163.84168853914514,0.010012551261473143,-0.010012551261473143,1642,0.4999994250618684,1
122.10709398333375,-450.1095170462915,164.10811347628712,0.0063052775009158008,-0.0063052775009158008,1642.5,0.49999953421713589,1
122.24396329742864,-450.59041903966664,164.03287149962551,0.011558770592076615,0.011558770592076615,1643,0.49999993637298368,1
122.38360913064461,-451.07051988996693,163.44632132915257,0.028258352944068071,0.028258352944068071,1643.5,0.49999778518874033,1
122.52871952110762,-451.54899772687639,162.89840137989282,0.0099944212241201424,0.0099944212241201424,1644,0.49999806583014234,1
122.67621985589616,-452.02674621552126,162.87361697460659,0.0082639110509064723,-0.0082639110509064723,1644.5,0.49999996716518319,1
122.82240847678648,-452.50489738100976,163.1047010066481,0.0056273438986893087,-0.0056273438986893087,1645,0.49999964993569834,1
122.96725241718148,-452.98345791226166,163.19217411047902,0.00047940299420660894,-0.00047940299420660894,1645.5,0.49999994914125123,1
123.11199182954063,-453.46205008999306,163.12621638061623,0.0053449614560603428,0.0053449614560603428,1646,0.49999997007575347,1
123.25801217960561,-453.94025264159689,162.88357931814343,0.011594475047927686,0.011594475047927686,1646.5,0.49999962299337175,1
123.40672038876451,-454.4176256260107,162.52416572885949,0.0086519239970510101,0.0086519239970510101,1647,0.49999909771858836,1
123.55737947430967,-454.89438741431889,162.46521479849815,0.0045362414985671128,-0.0045362414985671128,1647.5,0.49999996284811671,1
123.70696010250992,-455.3714880181588,162.77523997989871,0.013361717836181184,-0.013361717836181184,1648,0.49999935051677258,1
123.85412840195559,-455.84933878768788,162.90483208784752,0.0043142907880208648,0.0043142907880208648,1648.5,0.49999986630124954,1
124.0023269825502,-456.326870202897,162.52801999412011,0.021992831865800491,0.021992831865800491,1649,0.49999907180101477,1
124.1549205676565,-456.80301451451174,162.01043692256235,0.0091381234263536119,0.0091381234263536119,1649.5,0.49999820769546249,1
124.30968236188741,-457.27846036405072,162.01844806426377,0.0096972907050936995,-0.0096972907050936995,1650,0.49999996879740288,1
124.46229182094008,-457.7546000351017,162.45324467669641,0.012671647745883668,-0.012671647745883668,1650.5,0.49999863333902289,1
124.6120438788119,-458.23164731923151,162.62851663046041,0.00043516059969805188,0.00043516059969805188,1651,0.49999979013242934,1
124.7618679854894,-458.70867197379636,162.46084028620058,0.0070835180397587193,0.0070835180397587193,1651.5,0.49999978400437217,1
124.91318187252953,-459.18522627490091,162.33326626829705,0.0018228183168173759,0.0018228183168173759,1652,0.49999989431243502,1
125.06493008692776,-459.66164255677842,162.35618694975869,0.0030574251448296317,-0.0030574251448296317,1652.5,0.49999999421103575,1
125.2162924225634,-460.13818157728826,162.37985034690922,0.0014054108588071855,0.0014054108588071855,1653,0.49999999471756018,1
125.36798955908949,-460.61461405746019,162.27576622040039,0.0056472307385386795,0.0056472307385386795,1653.5,0.49999992939298138,1
125.52078931253195,-461.09069401826912,162.14664052077222,0.0033674494381978771,0.0033674494381978771,1654,0.49999989373589637,1
125.67439046243176,-461.5665161073465,162.08282500528048,0.0010877213079399024,0.0010877213079399024,1654.5,0.4999999737045091,1
125.82830173662813,-462.04223799733643,162.05932792969128,0.0011576094071027703,0.0011576094071027703,1655,0.49999999694034003,1
125.98249047174414,-462.51787001955955,162.01349476877112,0.0020421396060682573,0.0020421396060682573,1655.5,0.49999998660073264,1
126.13714995675325,-462.99334916606733,161.95736102858393,2.0766066219441474e-05,-2.0766066219441474e-05,1656,0.49999997506704813,1
126.29171700285634,-463.46885831593659,162.06380864702317,0.0074107797641865892,-0.0074107797641865892,1656.5,0.49999992335041121,1
126.44452086118029,-463.94493639118821,162.38189223559374,0.014462264970836426,-0.014462264970836426,1657,0.49999935285355501,1
126.5946476236346,-464.4218657453527,162.61052969397554,0.0014998639930789046,-0.0014998639930789046,1657.5,0.4999996536686559,1
126.74441673297784,-464.89890774567965,162.46783101834728,0.011462333456861262,0.011462333456861262,1658,0.49999985618938086,1
126.89663651768691,-465.37517260237422,162.10163264075078,0.0093583792582697389,0.0093583792582697389,1658.5,0.49999907657832376,1
127.05105620009638,-465.85072957310746,161.96287051376891,0.0003292047535666856,0.0003292047535666856,1659,0.49999987072839719,1
127.2055739786102,-466.32625473366357,162.06216862360662,0.0045604684907475223,-0.0045604684907475223,1659.5,0.49999992219876099,1
127.35913833560397,-466.8020886720264,162.15149784457819,0.0016758658410959096,-0.0016758658410959096,1660,0.49999994863678421,1
127.51230393648368,-467.27805116274669,162.15818893440411,0.001203063806922672,0.001203063806922672,1660.5,0.49999999386550442,1
127.66572982096753,-467.75392979738058,162.09203566842348,0.0034153067504490865,0.0034153067504490865,1661,0.49999997693066384,1
127.81996809108607,-468.22954566037356,161.96250638326342,0.0056275312824220049,0.0056275312824220049,1661.5,0.49999989309970683,1
127.97541790531635,-468.70476691485976,161.83759837650692,0.00076381093343583066,0.00076381093343583066,1662,0.49999988545965368,1
128.13103432086177,-469.17993369067528,161.93511027451569,0.0075715363570171045,-0.0075715363570171045,1662.5,0.49999993362612172,1
128.28487792764375,-469.65567678566805,162.24335177560835,0.010344190047186265,-0.010344190047186265,1663,0.4999993477805571,1
128.43642947999456,-470.13215542550807,162.43286670962516,0.0028865647978678628,-0.0028865647978678628,1663.5,0.49999976724368611,1
128.58729320694999,-470.60885252785465,162.40901939394658,0.0041098661464482635,0.0041098661464482635,1664,0.4999999914965072,1
128.73874960826106,-471.08536163547325,162.34291649704539,0.0005049601472574772,0.0005049601472574772,1664.5,0.49999997114156919,1
128.89032631799355,-471.56183250674439,162.38008806756901,0.0031000279464620927,-0.0031000279464620927,1665,0.49999999010321472,1
129.04131908495629,-472.03848872582677,162.44419008358943,0.00058551651086687442,0.00058551651086687442,1665.5,0.49999996686496245,1
129.19245908023589,-472.51509823508167,162.33620963258716,0.0069529307375938926,0.0069529307375938926,1666,0.49999992248530961,1
129.34519482163225,-472.99119840943922,162.09769432159672,0.0046681441865831924,0.0046681441865831924,1666.5,0.49999958272301442,1
129.49888045144206,-473.46699319432184,162.16882835559105,0.0096344770993336964,-0.0096344770993336964,1667,0.4999999501315387,1
129.65027471738574,-473.94352053263043,162.64160124890608,0.019538040966685013,-0.019538040966685013,1667.5,0.49999852791392357,1
129.79790508178425,-474.42122835001584,162.91736887604105,0.00028509452336980459,0.00028509452336980459,1668,0.49999948328329979,1
129.94560352663569,-474.89891506094642,162.6252651084686,0.020108334692098249,0.020108334692098249,1668.5,0.49999942441088274,1
130.09725168869852,-475.37536150687816,162.13549954888208,0.0085526347742770469,0.0085526347742770469,1669,0.49999838089540061,1
130.25092817534437,-475.85115926509138,162.15216186973083,0.0097158494283545675,-0.0097158494283545675,1669.5,0.4999999692685354,1
130.40243369679268,-476.32765134624123,162.59583192164746,0.015389831831401623,-0.015389831831401623,1670,0.49999862642594717,1
130.55036329335999,-476.80526624087992,162.96060717626597,0.010076434043423916,-0.010076434043423916,1670.5,0.49999915312057758,1
130.69588658638509,-477.28362038237162,163.17040106071624,0.0039088682727173108,-0.0039088682727173108,1671,0.49999971349505279,1
130.8405442103525,-477.76223730914376,163.15230941814363,0.0051720617824354241,0.0051720617824354241,1671.5,0.49999999076470075,1
130.98643894795049,-478.24047807175066,162.87405335251378,0.01425390994862279,0.01425390994862279,1672,0.4999995014773671,1
131.13507973661089,-478.71787243329709,162.58563455466344,0.0049373976809430281,0.0049373976809430281,1672.5,0.49999946048961896,1
131.2848986943518,-479.19489892147703,162.59188159627865,0.0053734338736894606,-0.0053734338736894606,1673,0.49999999052386207,1
131.4335556984488,-479.67228840337089,162.8283095713212,0.0088340224219741643,-0.0088340224219741643,1673.5,0.49999962228983391,1
131.58011812190986,-480.1503250646042,163.08141329219643,0.0088359942509865837,-0.0088359942509865837,1674,0.49999959345371292,1
131.72458357522737,-480.62899964636182,163.32010251057937,0.0063566709579201833,-0.0063566709579201833,1674.5,0.49999962242291934,1
131.86757768845797,-481.1081161491764,163.41495023753112,0.00026497176233225328,-0.00026497176233225328,1675,0.49999993968787249,1
132.010507957789,-481.58725171969041,163.33612245692393,0.0054551215297978361,0.0054551215297978361,1675.5,0.49999995682283266,1
132.15468802193882,-482.06601244166052,163.12644986635357,0.0091829088829067547,0.0091829088829067547,1676,0.49999971979950386,1
132.30106467560492,-482.54410577819806,162.80997436431514,0.012911291301286355,0.012911291301286355,1676.5,0.49999936317967636,1
132.45016797567911,-483.02135592605794,162.53290441103383,0.0050238271050458841,0.0050238271050458841,1677,0.49999949772503549,1
132.60046884057985,-483.49823079621535,162.52490709954088,0.0044655052873823087,-0.0044655052873823087,1677.5,0.49999999177756438,1
132.74986173876189,-483.9753906613746,162.70333516820173,0.0049589778731926951,-0.0049589778731926951,1678,0.49999977494597447,1
132.8980917999225,-484.45291322958616,162.78695259632917,0.00087863545380990925,-0.00087863545380990925,1678.5,0.49999995418303306,1
133.04607280419447,-484.93051308420451,162.78684360143836,0.002231814833469143,-0.002231814833469143,1679,0.49999999875680701,1
133.19342473640924,-485.4083071579675,162.97497974501729,0.010902834575519155,-0.010902834575519155,1679.5,0.49999976885041097,1
133.33817411319211,-485.88689510149965,163.40179597536314,0.01554579710880454,-0.01554579710880454,1680,0.4999988017719233,1
133.47974690652248,-486.36643320722243,163.62959833834128,0.00035817290960184385,-0.00035817290960184385,1680.5,0.4999996506514347,1
133.62123382144134,-486.84599671756553,163.42232405384885,0.014828826418269081,0.014828826418269081,1681,0.49999970754576534,1
133.76559326577231,-487.32470266333479,163.03226494524174,0.011793875998380464,0.011793875998380464,1681.5,0.49999903168145482,1
133.91277320098189,-487.80254944698476,162.74687979203821,0.0081299332154487237,0.0081299332154487237,1682,0.49999948197264465,1
134.06184852407389,-488.27980868752138,162.58833202529974,0.0024458741473345432,0.0024458741473345432,1682.5,0.49999983463255515,1
134.21150589373443,-488.75688589878251,162.60902172253196,0.0038903100161128794,-0.0038903100161128794,1683,0.49999999379840809,1
134.36027982153163,-489.23423913836706,162.78134618250306,0.0063691389247996734,-0.0063691389247996734,1683.5,0.49999979693402774,1
134.50756032255805,-489.71205528318728,162.95241189495312,0.0055735241018163347,-0.0055735241018163347,1684,0.49999981423341872,1
134.65351893552855,-490.19027694146882,163.09029836446888,0.0027286201378440762,-0.0027286201378440762,1684.5,0.49999987114980332,1
134.79888728229335,-490.66867848654556,163.07412016385427,0.0038580950068095991,0.0038580950068095991,1685,0.49999999457293831,1
134.94517618087252,-491.14679906947094,162.87414521550113,0.0080686411177548437,0.0080686411177548437,1685.5,0.4999997336643463,1
135.09298078244129,-491.62445348518946,162.78506314628174,0.0018494759082409154,-0.0018494759082409154,1686,0.49999994110029727,1
135.24034355232814,-492.10224419676638,162.98011543476537,0.011767840124182831,-0.011767840124182831,1686.5,0.49999975001783847,1
135.38549254720965,-492.58071191315202,163.23349757910012,0.0051700417225149778,-0.0051700417225149778,1687,0.49999958633822794,1
135.52940437892534,-493.05955360785578,163.27582810937378,0.0022147722723225446,0.0022147722723225446,1687.5,0.49999998389453232,1
135.67368455920553,-493.53828439559032,163.17973936217106,0.0031719786160282074,0.0031719786160282074,1688,0.4999999375466217,1
135.81872102052475,-494.01678662490718,163.09898672782836,0.0024656118817105253,0.0024656118817105253,1688.5,0.49999995857320489,1
135.96435596399917,-494.49510705788492,163.03354375189761,0.0023019581101545532,0.0023019581101545532,1689,0.4999999733648085,1
136.1105430243592,-494.97325903576854,162.9654482225946,0.0024520133072051986,0.0024520133072051986,1689.5,0.49999997057071843,1
136.25729795353473,-495.45123703282439,162.90638080440607,0.00071172132085039802,0.00071172132085039802,1690,0.49999997490684495,1
136.40420294145014,-495.92916894915794,162.93885594997897,0.0029788831431020869,-0.0029788831431020869,1690.5,0.49999999212468083,1
136.55043653634107,-496.40730663956339,163.04235179805562,0.00091380037142561139,-0.00091380037142561139,1691,0.49999991526097237,1
136.69655743263897,-496.88547877220088,162.92554587206766,0.0090686365038427849,0.0090686365038427849,1691.5,0.49999990476598444,1
136.84484476519407,-497.36298251947665,162.52273923190481,0.019052593505915205,0.019052593505915205,1692,0.49999896165762309,1
136.99680115384211,-497.83933153550333,162.15579653459571,0.0060829656793578305,0.0060829656793578305,1692.5,0.49999912911979161,1
137.15020594347899,-498.31521697613692,162.17433918995675,0.0073774869489522553,-0.0073774869489522553,1693,0.49999998209056129,1
137.30217763356936,-498.79156155789656,162.43352103884536,0.0082664171130802291,-0.0082664171130802291,1693.5,0.49999955516048361,1
137.45218386095488,-499.26852891755129,162.63946707179537,0.0061112784677776451,-0.0061112784677776451,1694,0.49999973043037366,1
137.60075655294648,-499.74594492638522,162.75883052757587,0.00091674038177601237,0.00091674038177601237,1694.5,0.49999989029653624,1
137.74969352760243,-500.22324708299857,162.50556172634271,0.016765656224621322,0.016765656224621322,1695,0.49999957112723709,1
137.90256577850349,-500.6993008705997,161.86442311101771,0.01846361418278409,0.01846361418278409,1695.5,0.49999713377672284,1
138.05930393508481,-501.17409868907021,161.72903193236704,0.0090105638938799797,-0.0090105638938799797,1696,0.49999981815283107,1
138.21391993279323,-501.64958922570963,162.34516914646983,0.023862947836050509,-0.023862947836050509,1696.5,0.49999735717403537,1
138.36417676975606,-502.12647769144922,162.50245579022055,0.012881941088518147,0.012881941088518147,1697,0.49999972580945934,1
138.51748336363923,-502.60238948079098,161.6409349379984,0.037014727446000747,0.037014727446000747,1697.5,0.49999494293695335,1
138.67815674137188,-503.07586756718348,161.01483663736593,0.0066985375931499988,0.0066985375931499988,1698,0.49999743259933455,1
138.84041600916626,-503.54880675793186,161.25700176733545,0.023605950842547827,-0.023605950842547827,1698.5,0.49999954813069508,1
138.9979635275217,-504.02333348280354,161.92417124464868,0.010995330749041259,-0.010995330749041259,1699,0.49999683314737281,1
139.15295199395143,-504.49870537207454,161.82061853315685,0.018225890283211955,0.018225890283211955,1699.5,0.4999998578353011,1
139.31202792281744,-504.97272085612542,161.06168504994224,0.020587644786497675,0.020587644786497675,1700,0.49999583024718541,1
139.47564783203478,-505.44519119359654,160.8674888853671,0.007028669376457311,-0.007028669376457311,1700.5,0.49999969448227549,1
139.63763629636577,-505.9182213985161,161.42159967924357,0.02315254016128368,-0.02315254016128368,1701,0.49999783733786918,1
139.79484641714262,-506.39286210740465,161.84758145587659,0.0065872483604251207,-0.0065872483604251207,1701.5,0.49999882460752348,1
139.95049212590504,-506.86801931844337,161.80174126269793,0.0076141972969341184,0.0076141972969341184,1702,0.49999996185824974,1
140.10703615342817,-507.34288134701262,161.76929368094088,0.005349002705976511,-0.005349002705976511,1702.5,0.49999997873006208,1
140.26230959239624,-507.81815959815418,162.1081121390244,0.018300912365901652,-0.018300912365901652,1703,0.49999925685659768,1
140.41297909607414,-508.29491379952225,162.91183322094179,0.038167303183175454,-0.038167303183175454,1703.5,0.49999586784357425,1
140.55451928058054,-508.77444917986247,164.29608124527158,0.0584839522956579,-0.0584839522956579,1704,0.49998780467942189,1
140.68295343945135,-509.25765663447351,165.82182618774743,0.039698167464236205,-0.039698167464236205,1704.5,0.49998477712479233,1
140.80179347772744,-509.74332494817537,166.53854077255434,0.010349113034923228,-0.010349113034923228,1705,0.49999666562035761,1
140.91811867306771,-510.22960498868696,166.41518562771134,0.018961715345486387,0.018961715345486387,1705.5,0.49999982887087324,1
141.03904835136194,-510.71475449951583,165.45175247409952,0.048303937447865673,0.048303937447865673,1706,0.4999940349142617,1
