x,y,heading,curvature,signed_curvature,dist_origin,p2p_distance,direction
-345.43900000000002,1119.559,161.99299999999999,0.027999229656295383,-0.027999229656295383,0,0,1
-345.28731846353469,1119.0825652228771,162.63351308471792,0.016715700574094911,-0.016715700574094911,0.5,0.49999738534979887,1
-345.13962359087338,1118.6048774850333,162.95074590948431,0.0054320336814417764,-0.0054320336814417764,1,0.49999935029632497,1
-344.99318827590497,1118.1268014669211,162.92555060445105,0.007723976866722158,0.007723976866722158,1.5,0.49999998056394668,1
-344.84490557355872,1117.6492963866885,162.50511934100439,0.021628468685082679,0.021628468685082679,2,0.49999886146166056,1
-344.69155399114743,1117.1733977196175,161.77121919763658,0.019219835269604441,0.019219835269604441,2.5,0.49999624913400659,1
-344.5340933092869,1116.6988390001993,161.66463645765725,0.01177830504288519,-0.01177830504288519,3,0.49999984450775753,1
-344.37943165040525,1116.2233646990519,162.44623026985715,0.042789081043821557,-0.042789081043821557,3.5,0.49999603976396301,1
-344.23232535046503,1115.7454982060615,163.16057404109603,0.0068933063549142613,-0.0068933063549142613,4,0.49999664859382847,1
-344.08686651489114,1115.2671249549876,162.84131080029118,0.029184407559615808,0.029184407559615808,4.5,0.49999924018893788,1
-343.9361737065031,1114.7903769202733,162.16210929786368,0.014498283856691227,0.014498283856691227,5,0.4999970110949078,1
-343.78202878042754,1114.3147308609857,162.01483174899414,0.0042157424309043397,-0.0042157424309043397,5.5,0.49999983195059239,1
-343.62842502498984,1113.8389098533132,162.2119752707242,0.0075514741969497602,-0.0075514741969497602,6,0.49999974502696704,1
-343.47661742393439,1113.3625128415988,162.44323346042307,0.0085933460811665457,-0.0085933460811665457,6.5,0.49999966050853045,1
-343.32675800170279,1112.8854993613822,162.65257062970335,0.0044495218616281288,-0.0044495218616281288,7,0.49999970673981342,1
-343.17795187262749,1112.4081559585206,162.68838484354825,0.001949167036474807,0.001949167036474807,7.5,0.49999998830587178,1
-343.02870675793298,1111.9309497337633,162.55863314535989,0.0060125324853585686,0.0060125324853585686,8,0.49999988520728844,1
-342.87804586740049,1111.4541887456876,162.35779973023813,0.0080083291213621354,0.0080083291213621354,8.5,0.49999974368693301,1
-342.72548871104988,1110.978031299243,162.11214987468321,0.0074366867520790289,0.0074366867520790289,9,0.49999959975829628,1
-342.57125059811688,1110.5024153924235,161.97993580027145,0.001793628565141641,0.001793628565141641,9.5,0.49999988630084102,1
-342.41658592001193,1110.026937917557,162.00910283541188,0.0035613753957714008,-0.0035613753957714008,10,0.49999999175869853,1
-342.26263088779797,1109.5512302826421,162.1307920336746,0.0049341428493972581,-0.0049341428493972581,10.5,0.49999990586031717,1
-342.10984994964707,1109.0751443447689,162.29180860178531,0.0063069281126939001,-0.0063069281126939001,11,0.49999983530286662,1
-341.95841978786092,1108.5986269898704,162.42193884862456,0.0013725184881702435,-0.0013725184881702435,11.5,0.49999988341806112,1
-341.80731308309623,1108.122006869628,162.36467675526444,0.0053702087391397221,0.0053702087391397221,12,0.49999997524470902,1
-341.6549648023593,1107.6457824835522,162.14342326474866,0.0077296467614595184,0.0077296467614595184,12.5,0.49999966453659012,1
-341.50083446317552,1107.1701317444406,161.96052241637938,0.0050392514065316476,0.0050392514065316476,13,0.49999978707431392,1
-341.34550621354907,1106.6948706969583,161.85518294990362,0.0019233633118265919,0.0019233633118265919,13.5,0.49999992838594964,1
-341.18988438100598,1106.2197056548021,161.91459498810482,0.0060711912646838982,-0.0060711912646838982,14,0.49999997205144558,1
-341.035705846957,1105.7440708725735,162.20304496092413,0.014066467638954762,-0.014066467638954762,14.5,0.49999946642681148,1
-340.88456288889438,1105.2674631448233,162.55744947958777,0.00563883816038386,-0.00563883816038386,15,0.49999911992235957,1
-340.73473690500003,1104.7904389024552,162.49422287895351,0.010053086880846905,0.010053086880846905,15.5,0.49999995325675517,1
-340.5825350685559,1104.3141690230489,162.01048934671741,0.017414052916305791,0.017414052916305791,16,0.49999839704413251,1
-340.42677831770555,1103.8390485553289,161.77701783648638,0.0011140723943232152,-0.0011140723943232152,16.5,0.49999962428177641,1
-340.27128632312986,1103.3638416015851,162.07432316625034,0.019642272312870607,-0.019642272312870607,17,0.49999940926318154,1
-340.1195536471796,1102.8874216722606,162.49439231590696,0.0029635971911609912,-0.0029635971911609912,17.5,0.49999875400702787,1
-339.96851488679476,1102.4107805433014,162.22142388301756,0.022020915417864363,0.022020915417864363,18,0.49999947295387986,1
-339.81323417364575,1101.935505996302,161.68277888592226,0.0077708822807854901,0.0077708822807854901,18.5,0.49999799489747698,1
-339.65612261118105,1101.4608315671298,161.80397754487103,0.016233202371554716,-0.016233202371554716,19,0.49999985677001813,1
-339.50280800893859,1100.9849210338773,162.54251027413133,0.024829938984066303,-0.024829938984066303,19.5,0.4999962029070677,1
-339.35480548773029,1100.507328775813,162.90579407866713,0.00053394059765293116,-0.00053394059765293116,20,0.49999911124618496,1
-339.20696242524258,1100.0296868861813,162.61591411788885,0.012648665577478907,0.012648665577478907,20.5,0.49999934585629696,1
-339.05674333089797,1099.5527863623613,162.49756890768509,0.0043868100756087143,-0.0043868100756087143,21,0.49999988592544325,1
-338.90754952004977,1099.075564836043,162.83519133138714,0.012077540683385745,-0.012077540683385745,21.5,0.49999917837631852,1
-338.76055698685349,1098.5976598799466,162.86655374302208,0.0098879592206048764,0.0098879592206048764,22,0.49999995187694207,1
-338.61121821358535,1098.1204851760615,162.29539516028245,0.022018514962992244,0.022018514962992244,22.5,0.49999776722409212,1
-338.45772550691595,1097.6446284241833,162.09160077645188,0.0077900817219289801,-0.0077900817219289801,23,0.49999965930860907,1
-338.30608347660967,1097.1681811905164,162.72862321174179,0.030715282500103774,-0.030715282500103774,23.5,0.49999727181683851,1
-338.16043999539181,1096.6898655189975,163.29751421839728,0.0090019657321094831,-0.0090019657321094831,24,0.49999790523743121,1
-338.01695053669386,1096.2108971311234,163.24505016202463,0.01175133900930136,0.01175133900930136,24.5,0.4999999413401886,1
-337.87144516606554,1095.7325379274851,162.92272617838424,0.010750871151403251,0.010750871151403251,25,0.49999934058673562,1
-337.72337051122145,1095.2549676716153,162.62908190533363,0.0097492171036527523,0.0097492171036527523,25.5,0.49999945269839707,1
-337.57346491167561,1094.7779684568945,162.54806814900076,0.0044804633229783494,-0.0044804633229783494,26,0.49999993961941641,1
-337.42462854433131,1094.3006352477732,162.88598367832697,0.019111043439824088,-0.019111043439824088,26.5,0.49999925677373225,1
-337.27964614496062,1093.8221180575867,163.34933061314246,0.010257122236667726,-0.010257122236667726,27,0.49999859742929248,1
-337.13711723287747,1093.3428630027822,163.46749446519078,0.0020072611390006918,0.0020072611390006918,27.5,0.49999989833528502,1
-336.9941642452572,1092.8637344590277,163.2611203169613,0.011811245338188772,0.011811245338188772,28,0.49999971810983074,1
-336.84838624686614,1092.3854590365452,162.79339098528339,0.020842714275234753,0.020842714275234753,28.5,0.49999860456377954,1
-336.69801098443418,1091.9086096119222,162.27136013840567,0.008510662631736653,0.008510662631736653,29,0.49999809331110362,1
-336.54565371559818,1091.4323878450416,162.35620494593599,0.014434361254081412,-0.014434361254081412,29.5,0.49999990861803595,1
-336.39648195978111,1090.955161025377,162.92884710552948,0.015621714560390883,-0.015621714560390883,30,0.49999765013517988,1
-336.25089057371997,1090.4768276053505,163.13217569825343,0.0014260684906601123,0.0014260684906601123,30.5,0.49999971240937141,1
-336.1050409066396,1089.9985729556363,162.92100858091169,0.0056616904537061512,0.0056616904537061512,31,0.4999996353606167,1
-335.95810824081212,1089.5206495756147,162.97054735200271,0.009120264878557563,-0.009120264878557563,31.5,0.49999996545843256,1
-335.81332736016526,1089.042071290557,163.40327736527297,0.013206557812680901,-0.013206557812680901,32,0.49999867832787021,1
-335.67105865272606,1088.5627388836385,163.41067160872996,0.012690735541502863,0.012690735541502863,32.5,0.49999994143870158,1
-335.52575825498531,1088.0843202854674,162.69100882647842,0.031633317420803449,0.031633317420803449,33,0.49999656064786402,1
-335.37403953362309,1087.6078971430807,162.07828077844943,0.011144593962170705,0.011144593962170705,33.5,0.49999758100754521,1
-335.21966744683505,1087.1323246268923,162.05236877919612,0.009335334007299044,-0.009335334007299044,34,0.49999995933298547,1
-335.06665935502599,1086.6563118687811,162.29601765322849,0.007134264490218434,-0.007134264490218434,34.5,0.49999962204354714,1
-334.91535013551584,1086.1797561565754,162.46093192594986,0.0043788166303462862,-0.0043788166303462862,35,0.49999982674463228,1
-334.7649781121408,1085.7029037273951,162.50183052914727,0.002071870314901528,0.002071870314901528,35.5,0.49999998462908157,1
-334.61411166638067,1085.2262076536492,162.34085485998935,0.0091663324901435951,0.0091663324901435951,36,0.49999983118099395,1
-334.46130259242312,1084.750130990539,162.10873434902248,0.0022319287405598728,0.0022319287405598728,36.5,0.49999960224177875,1
-334.30799630005896,1084.2742139405364,162.24886664454888,0.012015451124324757,-0.012015451124324757,37,0.49999985776163747,1
-334.15743728531413,1083.7974220729614,162.71169545981462,0.013967232177016287,-0.013967232177016287,37.5,0.49999850190434797,1
-334.0100738007423,1083.3196317180993,162.95300751821716,0.0028799256949058822,-0.0028799256949058822,38,0.49999961978417073,1
-333.86340225933583,1082.8416281465047,162.88051067405306,0.0074809388037613885,0.0074809388037613885,38.5,0.49999995551576942,1
-333.71496419281436,1082.3641709449982,162.53583059020934,0.016583009604329915,0.016583009604329915,39,0.49999923886243913,1
-333.562576749865,1081.8879611650634,161.939641809433,0.021404715830886323,0.021404715830886323,39.5,0.49999768726887922,1
-333.40578416034964,1081.4131819279019,161.60095501579215,0.0022408456131891479,0.0022408456131891479,40,0.49999924016606456,1
-333.24845951775558,1080.9385782570596,161.81122462391889,0.016920611152192924,-0.016920611152192924,40.5,0.49999968754421031,1
-333.09429243201373,1080.4629404865705,162.24925889739882,0.013000264970398969,-0.013000264970398969,41,0.49999877904051276,1
-332.9432201079585,1079.9863100693085,162.55581992520939,0.0084019845642900517,-0.0084019845642900517,41.5,0.49999940175440072,1
-332.7942782699464,1079.5090093321637,162.78792504264806,0.0088128851918300981,-0.0088128851918300981,42,0.4999996647892655,1
-332.64744310307543,1079.0310564595372,163.06439278693045,0.010487480181139364,-0.010487480181139364,42.5,0.49999951468168935,1
-332.50282458022599,1078.5524279610947,163.21752191122522,0.0074036037613403162,0.0074036037613403162,43,0.49999975667242103,1
-332.35636058145514,1078.0743635702283,162.57065749063409,0.037764928482657098,0.037764928482657098,43.5,0.49999726474292311,1
-332.2011111557664,1077.5990897174102,161.23578469248588,0.037968649721474138,0.037968649721474138,44,0.49998761919604567,1
-332.03740858631511,1077.1266495106379,160.73795249810837,0.0032039753798750953,-0.0032039753798750953,44.5,0.49999828021701415,1
-331.87444426651302,1076.6539554588651,161.38609430692196,0.033285573048214896,-0.033285573048214896,45,0.49999703610116336,1
-331.71833147535745,1076.1789555842126,162.1703624979599,0.021466016453060646,-0.021466016453060646,45.5,0.49999608446688737,1
-331.56732505851238,1075.7023049895458,162.61597625774786,0.0095548932392507963,-0.0095548932392507963,46,0.49999872732298684,1
-331.4185424451158,1075.2249543043476,162.69690294679395,0.0039056407043083999,0.0039056407043083999,46.5,0.49999994270829273,1
-331.26882807986175,1074.7478956037012,162.39219121622614,0.017366762028434575,0.017366762028434575,47,0.49999939502555385,1
-331.11589872286015,1074.2718578213696,162.09688627058057,0.0018923527176365937,-0.0018923527176365937,47.5,0.49999935843965926,1
-330.96342607018107,1073.795674108743,162.51439095908023,0.02725744250487706,-0.02725744250487706,48,0.49999883798450445,1
-330.81696240998849,1073.3176120933465,163.36178429436018,0.018117197107406922,-0.018117197107406922,48.5,0.49999489429591948,1
-330.6746879040445,1072.8382814630056,163.42124446727331,0.013965207135735737,0.013965207135735737,49,0.49999988822458113,1
-330.5293169292018,1072.359884218509,162.74299258528811,0.020083097387533597,0.020083097387533597,49.5,0.49999664385738618,1
-330.37943310244066,1071.8828786325521,162.47067730835536,0.0010710014399871331,-0.0010710014399871331,50,0.49999949055841919,1
-330.22979113461292,1071.4057973177805,162.7802259638031,0.013953545476376833,-0.013953545476376833,50.5,0.49999929943903271,1
-330.08266371008773,1070.9279339530513,162.90108427672519,0.0055161519233819789,0.0055161519233819789,51,0.49999987439778387,1
-329.93421993804685,1070.4504790276751,162.46764088560445,0.022110643688298664,0.022110643688298664,51.5,0.49999875922213011,1
-329.78153615808111,1069.9743629837424,162.04046348112126,0.0077123187008509807,0.0077123187008509807,52,0.49999882395340106,1
-329.62701710442605,1069.4988381760922,162.02572355877317,0.0066830836182131589,-0.0066830836182131589,52.5,0.49999998063313772,1
-329.47349124755266,1069.0229919227056,162.17386543282345,0.00090965118069275192,-0.00090965118069275192,53,0.49999984559078137,1
-329.32017944546465,1068.5470765751595,162.0716184979818,0.0080479923525809613,0.0080479923525809613,53.5,0.49999992668939958,1
-329.16511423231441,1068.0717300904942,161.80298382660408,0.0071992049235794844,0.0071992049235794844,54,0.4999995008127866,1
-329.00836646207131,1067.5969353476378,161.68709801071057,0.00089128349359305769,0.00089128349359305769,54.5,0.49999991132022703,1
-328.85142559305513,1067.1222043483044,161.76638426812363,0.0075989538956855026,-0.0075989538956855026,55,0.49999995809560349,1
-328.69631884765005,1066.6468718419133,162.14199813917043,0.018624667689795517,-0.018624667689795517,55.5,0.49999909410144566,1
-328.54560535190933,1066.1701301759113,162.78671273290308,0.019174686905714194,-0.019174686905714194,56,0.49999717389276194,1
-328.39903258845715,1065.6920966451994,163.01278153272102,0.0033911699176965666,0.0033911699176965666,56.5,0.49999963147071597,1
-328.25165219687005,1065.2143123157377,162.59976218164059,0.021776291683294837,0.021776291683294837,57,0.49999884530215538,1
-328.09998906043961,1064.7378703582738,162.13976123342331,0.010337799973217369,0.010337799973217369,57.5,0.49999864578219039,1
-327.94586484514616,1064.2622175397501,162.00742567919355,0.0010986990526069213,-0.0010986990526069213,58,0.49999987750935898,1
-327.79182094470269,1063.786538686041,162.13380038541135,0.00746594581858895,-0.00746594581858895,58.5,0.49999989512977405,1
-327.63955394767356,1063.3102885599101,162.43500432892853,0.013562118117989361,-0.013562118117989361,59,0.49999942102366579,1
-327.49018097264553,1062.8331229412845,162.75373930162479,0.0055434094429490715,-0.0055434094429490715,59.5,0.49999931326658215,1
-327.34212295248,1062.3555469695534,162.73970149892978,0.00652327056167525,0.00652327056167525,60,0.49999998611022789,1
-327.19278165407587,1061.8783710560947,162.54172202535395,5.5613525619634566e-05,5.5613525619634566e-05,60.5,0.49999967579409105,1
-327.04349934560491,1061.4011768297519,162.80307372524277,0.018301962565088509,-0.018301962565088509,61,0.49999953727712421,1
-326.89841596757424,1060.9226919411283,163.44871310954136,0.014354326176846642,-0.014354326176846642,61.5,0.49999697521277958,1
-326.75642292441194,1060.4432778473431,163.40219671910694,0.017602889020862603,0.017602889020862603,62,0.49999989762634683,1
-326.61026119441937,1059.9651239510174,162.50105367149033,0.033144487100979662,0.033144487100979662,62.5,0.4999943998545015,1
-326.45721328084255,1059.489125359956,162.00013048181353,0.0018302349962011277,0.0018302349962011277,63,0.49999832253983761,1
-326.30372815677265,1059.0132669327254,162.39054238783496,0.025028753577069889,-0.025028753577069889,63.5,0.49999892607598534,1
-326.15467457313491,1058.5360020382807,162.82841319205511,0.0055399941276625458,-0.0055399941276625458,64,0.49999875026301566,1
-326.00694327609716,1058.0583250147126,162.70796948882821,0.013948683489782598,0.013948683489782598,64.5,0.49999987496927084,1
-325.85695185191128,1057.5813531973765,162.44769110480257,0.0016718572188360575,0.0016718572188360575,65,0.49999954186200873,1
-325.70656239848967,1057.1045064565781,162.61536906273497,0.013378182751123626,-0.013378182751123626,65.5,0.49999980191052934,1
-325.55880517979716,1056.6268381561954,162.95370910320651,0.0049552084119550074,-0.0049552084119550074,66,0.49999920086557914,1
-325.41221789992335,1056.1488087511138,162.87727250378126,0.010291632164548967,0.010291632164548967,66.5,0.49999994274341408,1
-325.26339310949646,1055.6714722263509,162.49933911905364,0.0094158190612906086,0.0094158190612906086,67,0.49999897611728511,1
-325.11240005525224,1055.1948161359892,162.40538704082604,0.0028565859994068117,-0.0028565859994068117,67.5,0.49999993090895045,1
-324.96203284890879,1054.717962517361,162.6178250249032,0.0079643260353309923,-0.0079643260353309923,68,0.49999967034221704,1
-324.81345217781194,1054.2405490723154,162.78869044807107,0.0039643211086311213,-0.0039643211086311213,68.5,0.49999981333387666,1
-324.66581514047419,1053.7628427978741,162.84110613646783,0.0010245126766629973,0.0010245126766629973,69,0.49999997943444219,1
-324.51787779815731,1053.2852295487787,162.70246423798201,0.008654666393896903,0.008654666393896903,69.5,0.49999987296321491,1
-324.367876255601,1052.8082612839401,162.34864538430156,0.01404158573340689,0.01404158573340689,70,0.49999918843181673,1
-324.21512588917966,1052.3321656729875,162.13893085715935,0.0005994835182486901,0.0005994835182486901,70.5,0.49999970521009535,1
-324.0622327913664,1051.85611579136,162.31429440904549,0.012842337412662448,-0.012842337412662448,71,0.49999978915638338,1
-323.91162255959841,1051.3793389940311,162.5743970486443,0.0038005301162114232,-0.0038005301162114232,71.5,0.49999955638427568,1
-323.76191819043629,1050.9022765455627,162.53048277738569,0.0068663509666903669,0.0068663509666903669,72,0.49999997788485478,1
-323.61094917324965,1050.4256130060669,162.35143314277568,0.002425016267496216,0.002425016267496216,72.5,0.49999977403491574,1
-323.4594095416864,1049.9491303555108,162.40393174810089,0.0060901007241690626,-0.0060901007241690626,73,0.4999999762153266,1
-323.30915283001957,1049.4722418621225,162.59775575040317,0.0025201226411438074,-0.0025201226411438074,73.5,0.49999971452699715,1
-323.15944235330767,1048.9951813836115,162.49989873099867,0.0093520197315717299,0.0093520197315717299,74,0.49999992699446399,1
-323.00758190066972,1048.5188018956821,162.12545942330547,0.011318564319966161,0.011318564319966161,74.5,0.49999901359421839,1
-322.85317527723288,1048.043240768505,161.94800537567943,0.0010702829835697333,0.0010702829835697333,75,0.49999979104309189,1
-322.69850409253002,1047.5677654892002,162.05182074485685,0.0062626585890268819,-0.0062626585890268819,75.5,0.49999991660742799,1
-322.54518511092976,1047.0918526047328,162.23642391807633,0.0066250644533483579,-0.0066250644533483579,76,0.49999978372090931,1
-322.39344283141378,1046.61543467858,162.42959189485481,0.0059554099435496256,-0.0059554099435496256,76.5,0.49999975975244421,1
-322.24289457624923,1046.1386378689049,162.48508679908483,0.0020811179469954122,0.0020811179469954122,77,0.49999997484942393,1
-322.09185031435629,1045.6619981395756,162.31035009907708,0.01011785604479512,0.01011785604479512,77.5,0.49999980062578875,1
-321.93876249212263,1045.1860110839357,162.04760807998926,0.0074617883920387812,0.0074617883920387812,78,0.49999955845284938,1
-321.78389995914841,1044.710598185236,161.88365899203762,0.0039840799275532319,0.0039840799275532319,78.5,0.49999982836920148,1
-321.62816090594663,1044.23547153257,161.85210883008628,0.0024432107130056922,-0.0024432107130056922,79,0.49999998876573781,1
-321.4730041523211,1043.7601546020433,162.02638954158206,0.0097239267034457209,-0.0097239267034457209,79.5,0.49999980264098243,1
-321.3199876766966,1043.2841447249994,162.30126067880576,0.0039437694974559998,-0.0039437694974559998,80,0.49999944485558978,1
-321.16784213558873,1042.8078552736804,162.19442094106233,0.011402751274559617,0.011402751274559617,80.5,0.4999999071167161,1
-321.01307951045879,1042.3324112778421,161.73353225036277,0.011931600797422106,0.011931600797422106,81,0.49999846331344067,1
-320.85579138128873,1041.8577952259145,161.69813173979799,0.0094602350031041792,-0.0094602350031041792,81.5,0.49999995232513117,1
-320.70073415739336,1041.382447786734,162.2488300851571,0.022502898114747889,-0.022502898114747889,82,0.49999793061331133,1
-320.550341215299,1040.9056031166167,162.66545772666933,0.0065838894417112239,-0.0065838894417112239,82.5,0.4999988764498261,1
-320.40151859109528,1040.4282648773089,162.62612186678587,0.0091522696027906119,0.0091522696027906119,83,0.49999996818030779,1
-320.25121123806889,1039.9513923986503,162.39523477075403,0.0069665409583405348,0.0069665409583405348,83.5,0.49999966127568857,1
-320.09924368662428,1039.4750462186296,162.22697354323128,0.0047802679537641878,0.0047802679537641878,84,0.49999981991240444,1
-319.94628044837145,1038.9990186681812,162.18445967354648,0.0028119280060867613,-0.0028119280060867613,84.5,0.49999998104270038,1
-319.7939883889851,1038.5227762401139,162.39133697957013,0.01163089109972903,-0.01163089109972903,85,0.49999972164347817,1
-319.64418146791866,1038.0457466529297,162.68968970534382,0.0029181740715518685,-0.0029181740715518685,85.5,0.49999934064813295,1
-319.49502068846402,1037.5685141902388,162.50833327733955,0.015579595988910865,0.015579595988910865,86,0.49999976157341663,1
-319.34229354253347,1037.0924134584079,161.9207227927123,0.013807702156115025,0.013807702156115025,86.5,0.49999748794771193,1
-319.18663857346758,1036.6172593209153,161.94175235859205,0.015276420056645978,-0.015276420056645978,87,0.49999992377124347,1
-319.03460869126445,1036.1409376929046,162.77222274214921,0.033762585214071911,-0.033762585214071911,87.5,0.49999537837213531,1
-318.88903007301923,1035.6626013779605,163.19008933633455,0.0045862620074793399,0.0045862620074793399,88,0.49999876428291012,1
-318.74235536926057,1035.1846019393049,162.50972466144657,0.041638590900634383,0.041638590900634383,88.5,0.49999693206836276,1
-318.58853263526692,1034.7088546561874,161.82444667314417,0.0062054303059280551,0.0062054303059280551,89,0.49999691087739351,1
-318.43323364785044,1034.2335848108251,162.15410885222383,0.029223427215334462,-0.029223427215334462,89.5,0.49999920140273463,1
-318.28391394440666,1033.7564072385396,163.02621756417182,0.020594926606726304,-0.020594926606726304,90,0.49999480930180917,1
-318.13947745319319,1033.277724002573,163.28104718526532,0.0028025486967052254,0.0028025486967052254,90.5,0.49999954038932942,1
-317.99455115926952,1032.7991890395399,162.98613431399758,0.010590890677621747,0.010590890677621747,91,0.49999934151510655,1
-317.84720578700063,1032.3213930360316,162.7624204200919,0.0050270953092110124,0.0050270953092110124,91.5,0.4999996796974332,1
-317.69864823260519,1031.8439722369403,162.68623415959269,0.0018175891107337775,0.0018175891107337775,92,0.4999999663729332,1
-317.54958446002649,1031.3667092464584,162.61804210481716,0.0029431194009930362,0.0029431194009930362,92.5,0.49999997037912353,1
-317.39981859263179,1030.8896661448919,162.51789746675416,0.0037680083594438174,0.0037680083594438174,93,0.49999993578871899,1
-317.24929697192238,1030.4128609250984,162.45735504938668,0.00045864779293081797,0.00045864779293081797,93.5,0.49999997592332007,1
-317.09866600749945,1029.936090221137,162.49161883595187,0.0028507097600544546,-0.0028507097600544546,94,0.49999999159882375,1
-316.94862556758812,1029.4591333947212,162.58063773607608,0.0026766707015279628,-0.0026766707015279628,94.5,0.49999994787335872,1
-316.79922225691791,1028.9819765794766,162.64256104035641,0.0016463955599323634,-0.0016463955599323634,95,0.49999997557358583,1
-316.65019682195515,1028.5047015902089,162.66582565323628,0.00046698480582032121,0.00046698480582032121,95.5,0.49999999564632325,1
-316.50105489559462,1028.0274630059916,162.61136647657378,0.00333494772667163,0.00333494772667163,96,0.4999999804642381,1
-316.35113389966085,1027.5504686736999,162.494201927082,0.0017529455576561293,0.0017529455576561293,96.5,0.49999989806019068,1
-316.20098925321832,1027.0735446907249,162.61175756499216,0.0099602090134527574,-0.0099602090134527574,97,0.49999990039207481,1
-316.0532220052861,1026.5958800328297,163.06476719737333,0.02116099598258395,-0.02116099598258395,97.5,0.49999868496194366,1
-315.90949947516953,1026.116982484243,163.45208563188407,0.00587922966378783,-0.00587922966378783,98,0.49999902770451687,1
-315.76718513641833,1025.6376636002235,163.40165055252965,0.0094001212785946291,0.0094001212785946291,98.5,0.4999999635918374,1
-315.62297385750651,1025.1589127551545,163.06524714526094,0.012035748576453016,0.012035748576453016,99,0.49999926461916716,1
-315.47588670299558,1024.6810376642075,162.71772758145343,0.012225778248528727,0.012225778248528727,99.5,0.49999923356914627,1
-315.32592437917577,1024.2040569415817,162.39524985198295,0.0082556609134385121,0.0082556609134385121,100,0.49999930832153122,1
-315.17403185659674,1023.7276867489024,162.27248971013435,0.00031466841157480521,0.00031466841157480521,100.5,0.49999989888869573,1
-315.0220568113308,1023.2513428414863,162.36711135294911,0.0050126595123624286,-0.0050126595123624286,101,0.49999993251601321,1
-314.87112656071815,1022.7746668826161,162.48581588934263,0.0032744572707188472,-0.0032744572707188472,101.5,0.49999991031486973,1
-314.72097692119274,1022.2977443990251,162.554728318895,0.0015845105432564341,-0.0015845105432564341,102,0.49999996960422749,1
-314.57148079558698,1021.820616730861,162.67658063488216,0.0069224751823028109,-0.0069224751823028109,102.5,0.4999999032987702,1
-314.42363714578727,1021.3429748424523,162.95136499734053,0.012261205662660231,-0.012261205662660231,103,0.4999995183484946,1
-314.27851183965402,1020.8645002495379,163.2798604205816,0.0086025418565438411,-0.0086025418565438411,103.5,0.49999929054445824,1
-314.13544008986105,1020.3854070254351,163.43540209809098,0.0022564468641535782,-0.0022564468641535782,104,0.49999984296992805,1
-313.99290522254887,1019.9061536452012,163.40583395920521,0.0046675344234183803,0.0046675344234183803,104.5,0.49999999086531893,1
-313.84923993599091,1019.4272383100208,163.16052240091747,0.01245861627031382,0.01245861627031382,105,0.49999961283261651,1
-313.70260018885301,1018.949226375131,162.70407813581267,0.015330559038928597,0.015330559038928597,105.5,0.49999862533583284,1
-313.55295004316315,1018.4721470604014,162.56467017673981,0.0055976571226871163,-0.0055976571226871163,106,0.49999983864785613,1
-313.40463622193909,1017.9946518996811,163.02485087922386,0.026530192995829788,-0.026530192995829788,106.5,0.49999861807548812,1
-313.26154964659088,1017.5155654551313,163.63126217101438,0.011721788549619694,-0.011721788549619694,107,0.49999758939044259,1
-313.12127046667013,1017.0356470268257,163.6889770927433,0.0076920022743981976,0.0076920022743981976,107.5,0.49999994614656246,1
-312.97930222611217,1016.556226638019,163.2929230592797,0.013970147788360874,0.013970147788360874,108,0.49999889052947388,1
-312.83407974030229,1016.0777815252319,162.96039573313027,0.0092445790822800102,0.0092445790822800102,108.5,0.49999929633415285,1
-312.68665227830917,1015.6000107622142,162.77017449167545,0.0026995279108223964,0.0026995279108223964,109,0.49999975854419104,1
-312.53868778284686,1015.1224058555285,162.85855782061009,0.0088701559910364727,-0.0088701559910364727,109.5,0.49999993880762444,1
-312.39284331745353,1014.6441504200615,163.27839892513776,0.020246958229318286,-0.020246958229318286,110,0.49999886963839396,1
-312.25090177612077,1014.1647220337101,163.67679230414439,0.007566351840270537,-0.007566351840270537,110.5,0.49999897879438376,1
-312.11077478580864,1013.6847591134845,163.71194430004317,0.0051120866615786929,0.0051120866615786929,111,0.49999997820542258,1
-311.96959234736244,1013.2051059751791,163.47565342252796,0.0081865950037261388,0.0081865950037261388,111.5,0.49999961401165499,1
-311.82646892304348,1012.7260283138928,163.26574958460358,0.0064674279260718785,0.0064674279260718785,112,0.49999972013224048,1
-311.68181093021605,1012.2474116447171,163.11714117243139,0.0027222574062709167,0.0027222574062709167,112.5,0.49999985090170168,1
-311.53654052985763,1011.7689803484407,163.13370340002498,0.0038785384469571635,-0.0038785384469571635,113,0.49999999447703503,1
-311.39219809315091,1011.2902685466617,163.33832987557719,0.0094200197297668944,-0.0094200197297668944,113.5,0.49999972819686977,1
-311.24961116386891,1010.8110307850679,163.48067138948801,0.00051736563899734125,-0.00051736563899734125,114,0.49999986453940098,1
-311.107148197274,1010.3317561084293,163.3679731523593,0.0083852620018255598,0.0083852620018255598,114.5,0.49999991251807152,1
-310.96293053348808,1009.8530068478536,163.12187469472161,0.0059330020555164323,0.0059330020555164323,115,0.49999958904946346,1
-310.81730288123759,1009.3746842131777,163.04185694913048,0.00034666316638085293,-0.00034666316638085293,115.5,0.49999995594329838,1
-310.67172078639334,1008.8963477071264,163.11315473538272,0.0023770976125393143,-0.0023770976125393143,116,0.49999995936058506,1
-310.52665347031638,1008.417854793899,163.14159119175142,0.00039186374031305072,0.00039186374031305072,116.5,0.49999999420267022,1
-310.38149288001512,1007.9393901806068,163.09210997081524,0.0023449311630424565,0.0023449311630424565,117,0.49999998314946753,1
-310.23595517652871,1007.4610401258747,163.08231836509248,0.001661345784852074,-0.001661345784852074,117.5,0.49999999799831907,1
-310.09081489695808,1006.9825694079487,163.18729859878644,0.0056676671689253749,-0.0056676671689253749,118,0.4999999286663756,1
-309.94683057944627,1006.5037496122745,163.32157118260017,0.0025875472435838999,-0.0025875472435838999,118.5,0.49999988041882149,1
-309.80346451287465,1006.0247442172072,163.33255044972503,0.0018210464503124232,0.0018210464503124232,119,0.49999999754785557,1
-309.65968462619793,1005.5458629414843,163.23406663883654,0.0037522098723581994,0.0037522098723581994,119.5,0.49999993205073057,1
-309.51503680899901,1005.0672431021148,163.13823299205288,0.0029382358450969746,0.0029382358450969746,120,0.49999994165845291,1
-309.36968558774851,1004.5888363830865,163.06456299590218,0.0027654498329525976,0.0027654498329525976,120.5,0.49999996633051691,1
-309.22353730004738,1004.1106726548732,162.92397617399101,0.0070494070811225494,0.0070494070811225494,121,0.49999987297680004,1
-309.07570462779961,1003.6330273268236,162.66066027907004,0.011333463689628048,0.011333463689628048,121.5,0.49999955839129584,1
-308.92564190283508,1003.1560777202038,162.47159116080869,0.00022628869774983922,-0.00022628869774983922,122,0.49999974867846864,1
-308.77563483199407,1002.6791106449438,162.67818971514129,0.014197292179199272,-0.014197292179199272,122.5,0.49999971218435679,1
-308.62887024919718,1002.2011374239763,163.17169586136629,0.011261738282925267,-0.011261738282925267,123,0.49999824272244864,1
-308.48458198459184,1001.7224090522196,163.17703012856552,0.010889523057232797,0.010889523057232797,123.5,0.4999999572276273,1
-308.33770148317205,1001.2444722052558,162.56971095787458,0.024948361773506018,0.024948361773506018,124,0.49999751137690163,1
-308.18577158557571,1000.7681150422628,162.14906435695622,0.0044194282696308033,0.0044194282696308033,124.5,0.49999884051697452,1
-308.03278906808328,1000.2920938925718,162.31645675689595,0.01610610166600061,-0.01610610166600061,125,0.49999978561147906,1
-307.88300306805337,999.81505861158882,162.79306993775731,0.013174957099323637,-0.013174957099323637,125.5,0.49999850510518895,1
-307.73635689824505,999.33704768611676,163.05959577012041,0.0054322755504095854,-0.0054322755504095854,126,0.49999954398990087,1
-307.59103198191104,998.85863296495563,163.12210138967146,0.00042209221136296695,-0.00042209221136296695,126.5,0.49999997673116653,1
-307.44584698210286,998.38017574163109,163.10942498100866,0.0013070866232617545,0.0013070866232617545,127,0.49999999872072981,1
-307.30034997928703,997.90181332910424,163.04854170697098,0.002508370329562957,0.002508370329562957,127.5,0.49999997554689618,1
-307.15431999757789,997.42361334371765,162.99487435460952,0.0012383202266627574,0.0012383202266627574,128,0.49999998158171394,1
-307.00799395607169,996.94550385046171,162.97759087377165,3.1698157086316313e-05,-3.1698157086316313e-05,128.5,0.49999999796432831,1
-306.86153884514147,996.46743388969571,162.93381791099102,0.0043154552121816309,0.0043154552121816309,129,0.49999998690438036,1
-306.71404961118947,995.98968223120858,162.72540962631945,0.010234268252160925,0.010234268252160925,129.5,0.49999972131887988,1
-306.56419954422108,995.51266624438449,162.40926924564195,0.0070999605039486274,0.0070999605039486274,130,0.4999992942556869,1
-306.41276477339687,995.03615024917224,162.3930498014891,0.0059676013054396322,-0.0059676013054396322,130.5,0.49999998350770469,1
-306.26275172667386,994.55918561662384,162.74729828603938,0.016200837441757522,-0.016200837441757522,131,0.49999917488847351,1
-306.11573754573135,994.08128763935156,162.97546056435166,0.00027171817043398816,0.00027171817043398816,131.5,0.4999996460790051,1
-305.96865843835099,993.60340968881678,162.7317230504741,0.016744970143050295,0.016744970143050295,132,0.49999959943496164,1
-305.81801805583109,993.12664372732684,162.23333016883868,0.012163636728463607,0.012163636728463607,132.5,0.49999830687830632,1
-305.66450568007417,992.65079316061394,162.06748847523883,0.00058527460201687341,-0.00058527460201687341,133,0.49999981135147903,1
-305.51108110061398,992.17491427904474,162.22372096361994,0.0063432050782153372,-0.0063432050782153372,133.5,0.4999998115060556,1
-305.35904780415581,991.69858900647853,162.35563553469433,0.0028661194857462404,-0.0028661194857462404,134,0.49999988851720395,1
-305.20769723305182,991.22204625341851,162.38793662509133,0.00060437476751108992,0.00060437476751108992,134.5,0.4999999908675235,1
-305.05633516965679,990.74550714177531,162.36890110712019,0.0007245550910492816,0.0007245550910492816,135,0.49999999916089571,1
-304.90480047749247,990.26902289873806,162.34642267447671,0.00084473560086631091,0.00084473560086631091,135.5,0.49999999679211421,1
-304.7530551661402,989.79260569229803,162.31560570101482,0.0014592342278624004,0.0014592342278624004,136,0.49999999410952267,1
-304.6009614626866,989.31629960692476,162.26183939974828,0.0022943653036437881,0.0022943653036437881,136.5,0.49999998159383757,1
-304.44832862385761,988.84016603081227,162.19195553082079,0.0014854580399033563,0.0014854580399033563,137,0.49999996579066275,1
-304.29540093839302,988.36412704101019,162.20846876350078,0.0026382888144783861,-0.0026382888144783861,137.5,0.49999999679333912,1
-304.14310138034551,987.88788684102076,162.3431162664254,0.0067618000550837727,-0.0067618000550837727,138,0.4999998834674268,1
-303.99185747380687,987.41131024062361,162.39007812120508,0.0038826180436244253,0.0038826180436244253,138.5,0.49999997531117474,1
-303.83968876451723,986.93502858858881,162.1204859965741,0.014938813418694026,0.014938813418694026,139,0.49999952815165033,1
-303.68419726838016,986.45982233628479,161.6699651648338,0.010528971061474369,0.010528971061474369,139.5,0.49999858759778226,1
-303.52626353215715,985.9854207598114,161.57130356817339,0.003640796407336006,-0.003640796407336006,140,0.49999992079778571,1
-303.36917576563906,985.51073890180874,161.85416419041826,0.011450353683492228,-0.011450353683492228,140.5,0.49999943270618519,1
-303.21443896712105,985.0352851355276,162.04510103025393,0.0018795847355059841,-0.0018795847355059841,141,0.49999976068645902,1
-303.06014901128714,984.55968597909157,161.96185827811058,0.0076910630010299059,0.0076910630010299059,141.5,0.49999994807389553,1
-302.90448560572912,984.08453473122586,161.79061066395647,0.0025397614512797937,0.0025397614512797937,142,0.49999980417822293,1
-302.74821994143957,983.60958101511983,161.8196175172269,0.0045648378721873765,-0.0045648378721873765,142.5,0.49999999027878023,1
-302.59298601195053,983.1342893553591,162.01521385812782,0.0066790729662093741,-0.0066790729662093741,143,0.49999973470264658,1
-302.43929697582416,982.65849577874826,162.17000943200088,0.0041277164584401062,-0.0041277164584401062,143.5,0.49999984736956365,1
-302.2865901816707,982.18238592577086,162.251666795771,0.0015574185768425224,-0.0015574185768425224,144,0.49999995708278833,1
-302.13425184926894,981.70615800597238,162.25822082491123,0.0010998687858741376,0.0010998687858741376,144.5,0.4999999991145348,1
-301.98165165442651,981.23001396347718,162.18864864835416,0.0037571852922769055,0.0037571852922769055,145,0.49999996866962138,1
-301.82835350302435,980.75409417055573,162.12947003063778,0.00095791570731977008,-0.00095791570731977008,145.5,0.49999997251771267,1
-301.67528543976749,980.27810039354904,162.24774136098603,0.0072989600085343175,-0.0072989600085343175,146,0.49999990773829256,1
-301.52389418255939,979.8015710229098,162.49388362218164,0.0045271390294652396,-0.0045271390294652396,146.5,0.49999955384068262,1
-301.37340324270883,979.32475617770376,162.39761602817015,0.01124822383098433,0.01124822383098433,147,0.49999991958595319,1
-301.22023517157214,978.84879649280231,161.85517393641985,0.023041535329781378,0.023041535329781378,147.5,0.49999807966353815,1
-301.06271982930963,978.37425650012904,161.53160781555192,0.00045106496823006686,-0.00045106496823006686,148,0.4999992876939181,1
-300.90531158340872,977.89968108844812,161.88103373158557,0.023945207397042825,-0.023945207397042825,148.5,0.49999917724903614,1
-300.75301414682497,977.42344381897578,162.5974485864225,0.016347009446090553,-0.016347009446090553,149,0.4999964460118167,1
-300.60455841719312,976.94599151866294,162.75436085936536,0.0053914063511562582,0.0053914063511562582,149.5,0.4999998027345155,1
-300.45484800101019,976.46893229673378,162.32836928087085,0.017386612682192017,0.017386612682192017,150,0.49999870993964979,1
-300.30148962003301,975.9930325788506,162.00779838217014,0.0049934852831104489,0.0049934852831104489,150.5,0.49999933449679018,1
-300.14694329623393,975.51751663491655,162.04225363908768,0.0073989006334932352,-0.0073989006334932352,151,0.49999997913530636,1
-299.99371112664608,975.04157588776002,162.26187104960167,0.0072888600917196573,-0.0072888600917196573,151.5,0.49999969260042015,1
-299.84221441375001,974.56507982441667,162.459372909124,0.0064993791828178785,-0.0064993791828178785,152,0.49999975239995798,1
-299.69226111557481,974.08809573563724,162.63021527775402,0.0051666905881725166,-0.0051666905881725166,152.5,0.49999981258233167,1
-299.54353589100634,973.61072720583581,162.75194584602451,0.0033317058466144356,-0.0033317058466144356,153,0.49999990566770502,1
-299.39560567916573,973.13311164706306,162.82023458932767,0.0011273950418136717,-0.0011273950418136717,153.5,0.49999996955701925,1
-299.24789290978856,972.65542876896643,162.79421253168692,0.0029440938877726554,0.0029440938877726554,154,0.49999999426375114,1
-299.09947716187332,972.17796396904134,162.65154847160278,0.0070157689090719145,0.0070157689090719145,154.5,0.49999986939672592,1
-298.94952122208838,971.70098077790453,162.45717009031432,0.0049807631397443619,0.0049807631397443619,155,0.4999997485037776,1
-298.79838340580199,971.22437054397415,162.37399595797109,0.00082592352021580555,0.00082592352021580555,155.5,0.49999995459899582,1
-298.64705195146115,970.74782172164487,162.41300835809346,0.0039362727831393192,-0.0039362727831393192,156,0.49999998913633342,1
-298.49667592464561,970.27097079814178,162.60923796516008,0.0097632545840410593,-0.0097632545840410593,156.5,0.49999975268651864,1
-298.34862966953256,969.79339204400458,162.97240354950026,0.015590303730622795,-0.015590303730622795,157,0.4999991600555338,1
-298.20349607431916,969.31491959027142,163.19828344980078,0.00067016879091086042,0.00067016879091086042,157.5,0.49999964944087472,1
-298.05820212070495,968.83649593216978,162.93350927289674,0.017815241696850812,0.017815241696850812,158,0.49999952958797628,1
-297.90893526539759,968.3592988712054,162.35736049259071,0.012765679591395806,0.012765679591395806,158.5,0.49999762908077489,1
-297.75675245007915,967.88302129146496,162.30811511418693,0.0093274424530145564,-0.0093274424530145564,159,0.49999994224165445,1
-297.60678207147652,967.40604462342924,162.86997763219858,0.023140493185374762,-0.023140493185374762,159.5,0.49999785630407667,1
-297.46136582600093,966.92765842235406,163.20510160255523,0.00025657291875706521,-0.00025657291875706521,160,0.49999924182678573,1
-297.31601093964628,966.44925351016468,162.88468043928447,0.022627164237974142,0.022627164237974142,160.5,0.49999930299361273,1
-297.16613892835358,965.97224602710162,162.31260151072428,0.0098206683235741374,0.0098206683235741374,161,0.49999775866205304,1
-297.01394227175803,965.49597286438814,162.35045787501821,0.012463811413743735,-0.012463811413743735,161.5,0.49999994779996437,1
-296.86461782724865,965.01879389918702,162.93893803426332,0.019746102317052826,-0.019746102317052826,162,0.49999755455246431,1
-296.71970847951025,964.540253989495,163.29789341015447,0.0053143888901538558,-0.0053143888901538558,162.5,0.49999916422931567,1
-296.57607121546482,964.06132988311197,163.24442405820321,0.0080266100590304403,0.0080266100590304403,163,0.49999996329724034,1
-296.43109095739152,963.58281080670122,163.05932634528651,0.0048955155406816093,0.0048955155406816093,163.5,0.49999978171994963,1
-296.28493979743507,963.10464788483716,162.96393564191152,0.0017639868507501846,0.0017639868507501846,164,0.49999994140218124,1
-296.13836249377158,962.62661536192013,162.95585650686962,0.0011159029108718953,-0.0011159029108718953,164.5,0.49999999891568309,1
-295.9920513803375,962.14850133256732,163.02726846896113,0.0038695981558314195,-0.0038695981558314195,165,0.49999996697829868,1
-295.84665868421712,961.67010732303856,163.16838103047365,0.0042603829073191157,-0.0042603829073191157,165.5,0.49999986443813504,1
-295.70215106517333,961.19144508683451,163.2051844617618,0.001691013253196349,0.001691013253196349,166,0.49999998832957615,1
-295.55723881348064,960.712905304993,163.07149195281715,0.0076425064226828031,0.0076425064226828031,166.5,0.49999988349554642,1
-295.41076560518434,960.23484114356393,162.87116489171365,0.0057367099552771885,0.0057367099552771885,167,0.49999974319142931,1
-295.26292185183468,959.75719889183347,162.74352771687606,0.0031740732379804152,0.0031740732379804152,167.5,0.49999989604264716,1
-295.1142950951849,959.27979962667882,162.67283053079686,0.0027051942887817821,0.0027051942887817821,168,0.49999997116242595,1
-294.96500887434274,958.80260620008528,162.57743926791804,0.0039543737596869832,0.0039543737596869832,168.5,0.49999994211741822,1
-294.8147803316208,958.32570864650586,162.44839018032607,0.0041957537700474156,0.0041957537700474156,169,0.49999989165838388,1
-294.66371984888389,957.84907386221266,162.40820430520631,0.0013902394415125439,-0.0013902394415125439,169.5,0.49999998704292975,1
-294.51299074624848,957.37233426477326,162.52804543801008,0.0069762577306004062,-0.0069762577306004062,170,0.49999990614795287,1
-294.36381682424911,956.89510601678842,162.75682799364085,0.0079099126658032769,-0.0079099126658032769,170.5,0.49999965967923621,1
-294.21652840226164,956.41729243970758,162.97651619478452,0.00742725595094809,-0.00742725595094809,171,0.49999969369425035,1
-294.07100086592038,955.93893954889904,163.16909086181278,0.0045840913488758833,-0.0045840913488758833,171.5,0.49999975197838031,1
-293.92651646582294,955.46027030492394,163.20746558787113,0.0019050432339043541,0.0019050432339043541,172,0.49999998699921555,1
-293.78157622170284,954.98173902709766,163.0599380772685,0.0083943391928122928,0.0083943391928122928,172.5,0.49999985822362647,1
-293.63506765427115,954.50368563052814,162.88829232819558,0.0033046205803227801,0.0033046205803227801,173,0.49999981030250346,1
-293.48776934272115,954.02587478622195,162.87069777652277,0.002076272886552529,-0.002076272886552529,173.5,0.4999999955220768,1
-293.34088869588351,953.54793544328675,162.96026760516176,0.0019951592626636489,-0.0019951592626636489,174,0.49999993994077307,1
-293.19446179510072,953.06985682900836,162.96422673332003,0.0017187648780563744,0.0017187648780563744,174.5,0.49999999870319545,1
-293.04762758984612,952.59190322094139,162.86634548052942,0.0042733242579298565,0.0042733242579298565,175,0.49999993529698111,1
-292.89983677648041,952.11424456519831,162.75125836816053,0.003761274032840651,0.003761274032840651,175.5,0.49999991592157944,1
-292.75114791604665,951.63686467583739,162.65084014571025,0.0032492451054796554,0.0032492451054796554,176,0.49999993598333009,1
-292.6016687485353,951.15973164947422,162.55877029219823,0.0032553896461060597,0.0032553896461060597,176.5,0.49999994636635214,1
-292.45141307318937,950.68284258985875,162.46412738392306,0.003351940471852504,0.003351940471852504,177,0.49999994315458929,1
-292.30037009858904,950.20620229886231,162.37486280618884,0.0023548991850951572,0.0023548991850951572,177.5,0.49999994717728657,1
-292.14877523675392,949.72973720255152,162.33614542175252,0.00034808680477259009,0.00034808680477259009,178,0.49999999013725965,1
-291.99709761295912,949.25329843858117,162.35557090767523,0.0021558025272489386,-0.0021558025272489386,178.5,0.49999999737363071,1
-291.84609502292494,948.77664548980749,162.52372340384068,0.0095836591740924449,-0.0095836591740924449,179,0.49999981577163793,1
-291.69737845260295,948.29927513477242,162.90468974456201,0.017012939373050654,-0.017012939373050654,179.5,0.49999907415379535,1
-291.55240512996511,947.82075503960311,163.33037782007972,0.0074300303094178687,-0.0074300303094178687,180,0.49999874575591891,1
-291.40918085167402,947.34170726219907,163.29644789178826,0.0097989407663196682,0.0097989407663196682,180.5,0.49999996692775994,1
-291.2636774071733,946.86334838172468,162.82947490579792,0.016202942429707146,0.016202942429707146,181,0.49999847088794591,1
-291.11455275532938,946.38610504386088,162.51562267373674,0.0057083808131839515,0.0057083808131839515,181.5,0.4999993653225458,1
-290.96406634294686,945.90928869659513,162.50239135710046,0.0047846079698103386,-0.0047846079698103386,182,0.49999998933161732,1
-290.81420735924775,945.43227482538896,162.5885260574033,2.1653259893382689e-06,-2.1653259893382689e-06,182.5,0.4999999483184247,1
-290.664348541881,944.95526090214526,162.50097770835356,0.0061142297114699894,0.0061142297114699894,183,0.49999994811090737,1
-290.51310059840387,944.47868590306337,162.28027184089066,0.0072213233822837437,0.0072213233822837437,183.5,0.49999967015585639,1
-290.36015685576803,944.00265226651481,162.1081776693419,0.0047931667304142974,0.0047931667304142974,184,0.49999981153705997,1
-290.20607266437099,943.52698642295047,162.00565710028479,0.0023590674283844051,0.0023590674283844051,184.5,0.49999993277225091,1
-290.05142824582543,943.05150235732924,161.97334302534361,0.00010313323089884836,-0.00010313323089884836,185,0.49999999284698882,1
-289.89680834762294,942.57601032029629,162.01156630188751,0.0025653443993950403,-0.0025653443993950403,185.5,0.49999999020189495,1
-289.7426452705763,942.10036998087537,162.05059201368255,0.0011045487782919625,0.0011045487782919625,186,0.49999998680893393,1
-289.5882168709465,941.62481578384677,161.94358049178913,0.0063663169960980594,0.0063663169960980594,186.5,0.4999999249237348,1
-289.43230664165634,941.14974564713111,161.7134447319813,0.0068904975736986378,0.0068904975736986378,187,0.4999996343962097,1
-289.2748565362819,940.67518333356088,161.60743162471709,0.00051066343788875842,0.00051066343788875842,187.5,0.49999992514354663,1
-289.11728520445126,940.20066122184198,161.68391658392633,0.005567206148056455,-0.005567206148056455,188,0.49999995912504142,1
-288.96087586332771,939.72575501000949,161.86485999265261,0.0070650673669913301,-0.0070650673669913301,188.5,0.49999979202774536,1
-288.80614515490595,939.25029934471934,162.08871701847346,0.008563120420663645,-0.008563120420663645,189,0.4999996817851049,1
-288.65335595683837,938.77421620857808,162.30048699179599,0.0039410970392686666,-0.0039410970392686666,189.5,0.49999969156413254,1
-288.50148508719809,938.29783901259145,162.29513350495088,0.0043148494068813307,0.0043148494068813307,190,0.49999999390137706,1
-288.3485943335412,937.82178853644461,162.06318572397069,0.0099999893148632734,0.0099999893148632734,190.5,0.49999963839327277,1
-288.19347261588297,937.34646044290639,161.79511158601039,0.0087151433324894056,0.0087151433324894056,191,0.49999954379571454,1
-288.03628105906574,936.87181270521774,161.56384212953236,0.0074305705308200208,0.0074305705308200208,191.5,0.49999966042746657,1
-287.87754718891966,936.39767825257866,161.4577143124236,0.00068086809525586727,-0.00068086809525586727,192,0.49999992071090382,1
-287.7189750397585,935.92348975507571,161.60386816901953,0.009522759149111059,-0.009522759149111059,192.5,0.49999985765367455,1
-287.56257645599879,935.44858061481227,161.94216514159305,0.0099952736599978938,-0.0099952736599978938,193,0.4999992085071715,1
-287.40847665352942,934.97291997444097,162.12018483681925,0.0024330076401213366,-0.0024330076401213366,193.5,0.49999979391949517,1
-287.25495618689376,934.49707183451471,162.08339813553977,0.0040991891890723329,0.0040991891890723329,194,0.4999999859473071,1
-287.10068231962543,934.02146748045243,161.97671629290846,0.0033485955930410158,0.0033485955930410158,194.5,0.49999992772492352,1
-286.94561235858367,933.54612206805211,161.89153825573632,0.0025979473145224326,0.0025979473145224326,195,0.49999995390751723,1
-286.78993337600701,933.07097574164118,161.83193677932678,0.001462519166860348,0.001462519166860348,195.5,0.49999997711791133,1
-286.63390734147725,932.59594324501768,161.80825113856235,0.00019105544323394784,0.00019105544323394784,196,0.4999999962994357,1
-286.47784518431871,932.12092261344731,161.82997563225001,0.0027633194837403136,-0.0027633194837403136,196.5,0.49999999731449474,1
-286.32248367408437,931.64567254076587,161.99202366720959,0.0085499181398433471,-0.0085499181398433471,197,0.49999983044597468,1
-286.16915542877149,931.16976313318742,162.31985839144471,0.01433729600420906,-0.01433729600420906,197.5,0.49999931503193379,1
-286.01872423165912,930.69292997298078,162.62393730101977,0.0067008426893355828,-0.0067008426893355828,198,0.499999407736959,1
-285.86989132196709,930.21559495515851,162.70375713118824,0.0011282417263675576,0.0011282417263675576,198.5,0.49999995424678134,1
-285.72090105723777,929.73830903263615,162.62830239987545,0.00070732180381812969,0.00070732180381812969,199,0.49999995082212662,1
-285.57178246224237,929.26106317343294,162.69825749763729,0.0055911881448788862,-0.0055911881448788862,199.5,0.49999996550000925,1
-285.42399257584157,928.78340454901047,162.93906330249575,0.0089957436169862785,-0.0089957436169862785,200,0.49999961200738174,1
-285.27812623802083,928.30515479485098,163.10784800356618,0.0027877117564234256,-0.0027877117564234256,200.5,0.49999981586281345,1
-285.13292660959252,927.82670201344126,163.09879154987465,0.0034199306627599466,0.0034199306627599466,201,0.49999999613441298,1
-284.98698279299418,927.34847586714136,162.94360380013691,0.0069784394125528091,0.0069784394125528091,201.5,0.49999984460812003,1
-284.83937185246452,926.87076190105029,162.70018245220433,0.010015605880193347,0.010015605880193347,202,0.49999962316237195,1
-284.68942758617413,926.39377537203939,162.41426198576113,0.006325597604424354,0.006325597604424354,202.5,0.49999943185090778,1
-284.5380653842351,925.91723631735022,162.3981492842654,0.0052007262488277363,-0.0052007262488277363,203,0.49999998681988084,1
-284.38794255415917,925.44030602904479,162.70994182133467,0.014740064509980434,-0.014740064509980434,203.5,0.49999936401269784,1
-284.24058088607933,924.96251510175387,162.94609842165841,0.0017470016577128026,-0.0017470016577128026,204,0.49999963142065917,1
-284.09363656472726,924.48459540735701,162.81004155395186,0.011245769616140957,0.011245769616140957,204.5,0.4999998678699899,1
-283.94431706989349,924.00741321517228,162.45982024188334,0.0085995311156418508,0.0085995311156418508,205,0.49999915607492423,1
-283.79296941808911,923.53086962105249,162.34484335624288,0.00057249755523459413,-0.00057249755523459413,205.5,0.49999990880329553,1
-283.64174341251623,923.05428744724179,162.47630181238665,0.0062563878890487656,-0.0062563878890487656,206,0.49999987315564298,1
-283.49187938434932,922.57727527219959,162.63395212125138,0.004749661206482559,-0.004749661206482559,206.5,0.49999984207688464,1
-283.34314857801348,922.09990846996959,162.74843702506234,0.0032428958026432296,-0.0032428958026432296,207,0.49999991662459103,1
-283.19503546361864,921.62234957204419,162.75884825040407,0.0028618198795841345,0.0028618198795841345,207.5,0.49999999564346836,1
-283.04623912772882,921.14500331102761,162.58406290062106,0.009340490862970079,0.009340490862970079,208,0.49999980248070192,1
-282.89536308145352,920.66831064107544,162.3168649368248,0.0044507680762348048,0.0044507680762348048,208.5,0.49999948292552943,1
-282.74348814541116,920.19193477891304,162.38111221312505,0.0089363304152255251,-0.0089363304152255251,209,0.49999995824883881,1
-282.59373664680169,919.71488841936969,162.81564785948206,0.017474997252257683,-0.017474997252257683,209.5,0.49999874048776172,1
-282.44762190897916,919.23671503336288,163.14388534656212,0.0054405789292320469,-0.0054405789292320469,210,0.49999930369367129,1
-282.30280833030065,918.75814527550506,163.12739143861376,0.0065919168135813288,0.0065919168135813288,210.5,0.49999998570577514,1
-282.15659358594189,918.28000227304676,162.84545855283136,0.011662645006876053,0.011662645006876053,211,0.49999948226746305,1
-282.00759625237714,917.80271947178994,162.46444502278848,0.014937115216472618,0.014937115216472618,211.5,0.49999907778411196,1
-281.85511418987443,917.32653880155544,162.0513326014912,0.0084718641900471178,0.0084718641900471178,212,0.49999881008864155,1
-281.70076741515095,916.85095806350421,162.07713628373449,0.01027364148341565,-0.01027364148341565,212.5,0.49999996527289658,1
-281.54886629223785,916.3745926490775,162.63927888180899,0.027523701773510371,-0.027523701773510371,213,0.4999979592000271,1
-281.40197050846803,915.89665919357674,163.07180631982914,0.002673844569803842,-0.002673844569803842,213.5,0.49999875917470815,1
-281.25571368184825,915.41852909408624,162.79250877743658,0.022173543161254566,0.022173543161254566,214,0.49999945137138135,1
-281.10476013069018,914.9418637447975,162.1263822178359,0.01261418380098895,0.01261418380098895,214.5,0.49999682980973514,1
-280.95088378344224,914.46613062711697,162.15636358805887,0.01470775365301575,-0.01470775365301575,215,0.49999992950040556,1
-280.80045259488747,913.98930089321811,162.89870238417305,0.025687417221071079,-0.025687417221071079,215.5,0.49999613760513145,1
-280.65541658187186,913.51079935886878,163.24777306471884,0.0013157425221304445,0.0013157425221304445,216,0.49999916344543222,1
-280.51006592894566,913.03239369301957,162.82332412483152,0.02831765619995032,0.02831765619995032,216.5,0.49999879342124109,1
-280.35952619134378,912.55559645323888,162.25083837321975,0.0070633714605118194,0.0070633714605118194,217,0.49999782045498414,1
-280.20730464486064,912.07933145654431,162.42549145642664,0.019257884451920185,-0.019257884451920185,217.5,0.49999974629012861,1
-280.05941118059502,911.60170861199299,163.17138967343197,0.02119091758280767,-0.02119091758280767,218,0.49999605839424449,1
-279.91638437364497,911.12260250657232,163.4881103021375,0.00092189472452922257,-0.00092189472452922257,218.5,0.49999932775723566,1
-279.77358320458444,910.64342888227566,163.23526292677494,0.014400797568075024,0.014400797568075024,219,0.49999953610643982,1
-279.62809688929667,910.16506361401684,162.98712576822774,0.0029222015500497979,0.0029222015500497979,219.5,0.49999959781217623,1
-279.48191169466918,909.68691109013764,163.06783723772247,0.0085569806226393139,-0.0085569806226393139,220,0.49999994722032653,1
-279.33740532577616,909.20824886949936,163.30332483477551,0.0040413122452025284,-0.0040413122452025284,220.5,0.49999961211686855,1
-279.19385472201793,908.72929875380828,163.28199505832194,0.005530438280051648,0.005530438280051648,221,0.49999998915984822,1
-279.04901745394852,908.25073665101843,163.020454610885,0.009038304463042237,0.009038304463042237,221.5,0.49999952044822427,1
-278.90215791546086,907.77279096326345,162.84630351592546,0.0031197834471099221,0.0031197834471099221,222,0.49999980448835318,1
-278.75455294776498,907.29507476054812,162.84168762037717,0.0027425559617893502,-0.0027425559617893502,222.5,0.49999999682525531,1
-278.60747563872462,906.81719592596562,162.95677727654845,0.0052922460729332276,-0.0052922460729332276,223,0.49999991537647137,1
-278.4616634131466,906.33892971381431,163.14491228178846,0.007842058273094938,-0.007842058273094938,223.5,0.49999977481352975,1
-278.31762791554263,905.8601254863562,163.34855151307841,0.0039332223266421822,-0.0039332223266421822,224,0.49999971280169997,1
-278.17451184990546,905.38104534021363,163.34901801849014,0.0039006607350913726,0.0039006607350913726,224.5,0.49999999467144451,1
-278.03046994920999,904.90224306037794,163.13669096510841,0.0085158702135108948,0.0085158702135108948,225,0.49999969233172387,1
-277.88460311337292,904.42399346739387,162.96324774482775,0.0035927716176472569,0.0035927716176472569,225.5,0.49999980698651036,1
-277.73787733341709,903.94600650446853,162.93083803419762,0.0013301229977976702,-0.0013301229977976702,226,0.4999999912302393,1
-277.59139632651755,903.46794450528728,163.00879111403259,0.0037568994755289328,-0.0037568994755289328,226.5,0.4999999604434735,1
-277.4458132833638,902.98960836926699,163.14524938380291,0.0057696897949715822,-0.0057696897949715822,227,0.4999998814767127,1
-277.30158071917594,902.51086337749882,163.31598848232053,0.0042477354031684829,-0.0042477354031684829,227.5,0.4999997997152672,1
-277.15831758209214,902.03182719913173,163.35686862852123,0.0013937497566703417,0.0013937497566703417,228,0.49999998663164563,1
-277.01472111741725,901.55289091880184,163.23786464479289,0.0057219415936739966,0.0057219415936739966,228.5,0.4999999052833477,1
-276.87018044977231,901.07423866660758,163.19733505736326,0.0028924380013730139,-0.0028924380013730139,229,0.499999983133876,1
-276.72633223657243,900.59537812829319,163.40358533402571,0.011506333736710249,-0.011506333736710249,229.5,0.49999972359547035,1
-276.58483075453398,900.1158190971903,163.65327669602493,0.00050982757738808095,-0.00050982757738808095,230,0.49999953373120737,1
-276.44342867620873,899.63623070526637,163.40318039267675,0.017971257053271641,0.017971257053271641,230.5,0.49999957342269724,1
-276.29777950249337,899.15791828419458,162.68371505494383,0.023843802434405609,0.023843802434405609,231,0.49999645394295006,1
-276.14688393888599,898.6812323777433,162.27833682982114,0.0044585310457641936,0.0044585310457641936,231.5,0.49999892452451011,1
-275.99492570501428,898.20488322007395,162.42820873501358,0.014922037075615369,-0.014922037075615369,232,0.49999982485367489,1
-275.8454939947087,897.72773594831722,162.74383579390746,0.0058041239643166808,-0.0058041239643166808,232.5,0.49999935498932951,1
-275.6974473076076,897.25015646042209,162.75985176765442,0.0046860172845776624,0.0046860172845776624,233,0.49999998881978314,1
-275.54843921418768,896.77287633357435,162.5696960589828,0.0041913184164325129,0.0041913184164325129,233.5,0.49999973138836795,1
-275.3984778800268,896.29589458073985,162.56176799460252,0.0036378407648883014,-0.0036378407648883014,234,0.49999999428037312,1
-275.24937974024698,895.81864260146756,162.76958534174338,0.0084792679127077275,-0.0084792679127077275,234.5,0.49999970700504204,1
-275.10200086901818,895.34085673081586,162.91032566540855,0.0013462872681951324,-0.0013462872681951324,235,0.49999986987906081,1
-274.95494362707882,894.86297166355996,162.84672506917002,0.0057863910190784707,0.0057863910190784707,235.5,0.49999996991298556,1
-274.80693882669317,894.38537924054583,162.76851401801491,0.0031508726622793519,-0.0031508726622793519,236,0.49999994345770044,1
-274.65969098380816,893.90755332476544,163.03589454971979,0.015516015428215884,-0.015516015428215884,236.5,0.49999953302543443,1
-274.51602550747435,893.42863964791184,163.55415931307226,0.011824097654033821,-0.011824097654033821,237,0.49999807896397191,1
-274.37495495794985,892.94895323726143,163.55820810431288,0.011541800164793585,0.011541800164793585,237.5,0.49999995250580792,1
-274.23111951869646,892.47009155420039,162.8951317743759,0.032178323447113071,0.032178323447113071,238,0.49999714508111887,1
-274.08108982264361,891.99313379835553,162.28688380416244,0.010286511393198644,0.010286511393198644,238.5,0.49999761055257186,1
-273.92860807308205,891.5169518244802,162.3056623422782,0.011597245383131489,-0.011597245383131489,239,0.49999995619315524,1
-273.7785331382297,891.04000730238658,162.76169567413763,0.013979080094072545,-0.013979080094072545,239.5,0.49999856322397956,1
-273.63175733415812,890.56203630057837,163.06419371484122,0.00713927165805202,-0.00713927165805202,240,0.49999941523006497,1
-273.48668698087931,890.08354438063077,163.16895534556966,0.00011000077933489893,0.00011000077933489893,240.5,0.4999999248555746,1
-273.34157245558595,889.60506587862255,163.04864518890551,0.0082894324092260014,0.0082894324092260014,241,0.49999990233513514,1
-273.19447620659736,889.1271936263222,162.69399439434693,0.016469842215633079,0.016469842215633079,241.5,0.49999919598448361,1
-273.0441188201151,888.65033729052197,162.37023262801497,0.0042908986998445239,0.0042908986998445239,242,0.49999930866210968,1
-272.8927391435472,888.17380383433817,162.45075545593039,0.0099125595812953743,-0.0099125595812953743,242.5,0.49999994134027753,1
-272.74356422744052,887.6965766230428,162.82970575888393,0.009790520944321689,-0.009790520944321689,243,0.49999896679512695,1
-272.59661395111198,887.21865869740725,162.92547885891486,0.0031041783852787746,0.0031041783852787746,243.5,0.49999992735681764,1
-272.44892523557286,886.74096887968904,162.65891813389578,0.012814457255399803,0.012814457255399803,244,0.49999951864902409,1
-272.29867107501747,886.26407973023902,162.40126134209376,0.0051734120986082427,0.0051734120986082427,244.5,0.49999957362718395,1
-272.14718370879297,885.78758045083657,162.36249779362294,0.0024671610167877208,-0.0024671610167877208,245,0.49999998539668661,1
-271.99608951527216,885.31095639758848,162.45190878478189,0.0019282740271636507,-0.0019282740271636507,245.5,0.49999994345033544,1
-271.84545007445172,884.83418836489864,162.46526592623536,0.00099577724252505623,0.00099577724252505623,246,0.49999999812564244,1
-271.69458476154671,884.35749178286812,162.40537681358359,0.0020525777826899058,0.0020525777826899058,246.5,0.49999997395750012,1
-271.5432723687461,883.88093690385426,162.37267985608352,0.00023010396722742036,0.00023010396722742036,247,0.49999999292696024,1
-271.39190514677392,883.40439943288084,162.39218804538888,0.0015685807853303576,-0.0015685807853303576,247.5,0.49999999712932397,1
-271.24084630702538,882.92776412847161,162.43863310249952,0.0016738944879131567,-0.0016738944879131567,248,0.49999998647545379,1
-271.09018643915596,882.45100256470334,162.48809504404119,0.0017791986671367519,-0.0017791986671367519,248.5,0.49999998447319172,1
-270.93990457727995,881.97412170389237,162.51427997177959,0.0010153894466627645,0.0010153894466627645,249,0.49999999341674084,1
-270.78937164178262,881.49732009057095,162.42107899679576,0.0054912826428857595,0.0054912826428857595,249.5,0.4999999431353408,1
-270.63753922403578,881.02093094228962,162.21253315989861,0.0064011264341155083,0.0064011264341155083,250,0.49999970367897384,1
-270.48441737042481,880.54495439136656,162.16760849413458,0.0032647690533526984,-0.0032647690533526984,250.5,0.49999997908187538,1
-270.33207280936108,880.06872883024676,162.39959584709257,0.012931087002987136,-0.012931087002987136,251,0.49999965034945021,1
-270.18221214092785,879.5917159319448,162.6672576225817,0.0037493596363903947,-0.0037493596363903947,251.5,0.49999952508945711,1
-270.03324485342881,879.11442281881727,162.61100247091025,0.0076767638443698731,0.0076767638443698731,252,0.49999996858378781,1
-269.88255154105661,878.63767252050377,162.3041920087301,0.0082018463407142698,0.0082018463407142698,252.5,0.49999932133525982,1
-269.73001968260479,878.16150660361268,162.22310046080264,0.0025405155157425673,-0.0025405155157425673,253,0.49999994825149774,1
-269.57809119330608,877.68514812304693,162.44510338791895,0.0108197368165699,-0.0108197368165699,253.5,0.49999966786738859,1
-269.42825594461976,877.20812700361478,162.64134454023986,0.0028805224180118308,-0.0028805224180118308,254,0.49999975013313086,1
-269.27910782143675,876.73089034774739,162.61014789733287,0.0050584785009102247,0.0050584785009102247,254.5,0.49999998835250081,1
-269.12892524041854,876.25397842046948,162.4362413241933,0.0049160934867792331,0.0049160934867792331,255,0.49999979402118122,1
-268.97757924631526,875.7774342669436,162.3398422053757,0.0018138431494770018,0.0018138431494770018,255.5,0.49999994019080296,1
-268.82580314036488,875.301026865224,162.33440850714317,0.0017053581600195412,-0.0017053581600195412,256,0.49999999875067808,1
-268.67444628541165,874.82448618112403,162.44474337388039,0.0059975233367945205,-0.0059975233367945205,256.5,0.49999992114379876,1
-268.5245192278411,874.34749401096815,162.67804426750672,0.010289956969033402,-0.010289956969033402,257,0.49999965298166027,1
-268.37669334552862,873.86984645730911,162.9026128154768,0.0050999670483178267,-0.0050999670483178267,257.5,0.4999996769978225,1
-268.23008584672118,873.39182322591216,162.97012487016548,0.00038669144664868179,0.00038669144664868179,258,0.49999996846175138,1
-268.08343152822147,872.91381435329254,162.90794110404755,0.0026574643277877462,0.0026574643277877462,258.5,0.49999997143769992,1
-267.93615627964084,872.43599643502182,162.83042362786367,0.0027542707318153714,0.0027542707318153714,259,0.49999996186504486,1
-267.78822218362882,871.95838209092926,162.74855650759224,0.0033487728458250726,0.0033487728458250726,259.5,0.49999995844585698,1
-267.63944631259238,871.48102935636132,162.61900031566677,0.0056959616097911701,0.0056959616097911701,260,0.49999989300213238,1
-267.48931159812889,871.00410240047574,162.42220247717103,0.0080430823110811487,0.0080430823110811487,260.5,0.49999975373725342,1
-267.33755083788606,870.52769024953341,162.28620913822346,0.00051987524425972079,-0.00051987524425972079,261,0.49999986591497053,1
-267.1859170672198,870.0512377320847,162.45821917504642,0.011488968865610207,-0.011488968865610207,261.5,0.49999980178963566,1
-267.03693772897253,869.57394962660078,162.87459831910189,0.011364800318155089,-0.011364800318155089,262,0.49999877885953531,1
-266.89049593191021,869.09587568993516,162.99599021738874,0.0028897526349705729,0.0028897526349705729,262.5,0.49999988884579682,1
-266.74336397582607,868.61801415322782,162.71081613011444,0.015219796571810136,0.015219796571810136,263,0.49999946076515162,1
-266.59356325536561,868.14098225814848,162.49534088073614,0.00017659598394149063,-0.00017659598394149063,263.5,0.49999968477335605,1
-266.44380467854563,867.66393716059281,162.72094079654835,0.015573648491432569,-0.015573648491432569,264,0.49999965643292954,1
-266.29737244895318,867.18586170542517,163.17449398287692,0.0085287563092316439,-0.0085287563092316439,264.5,0.49999853869502731,1
-266.15292824326065,866.70718035067193,163.15458886329861,0.0099183858581432058,0.0099183858581432058,265,0.499999967946539,1
-266.00616037291184,866.22920810548385,162.66082238696046,0.016290267833269912,0.016290267833269912,265.5,0.4999982749338876,1
-265.85599048378617,865.75229222461314,162.47762859547595,0.0035004599078576203,-0.0035004599078576203,266,0.49999975302663474,1
-265.70665581254718,865.27511491244172,162.8614104097565,0.023293408437491406,-0.023293408437491406,266.5,0.49999903128425988,1
-265.56176414462823,864.79657054195525,163.37037632188816,0.0093352917298805283,-0.0093352917298805283,267,0.49999830995377686,1
-265.419106396963,864.31735374501125,163.39240461222738,0.0077971891890979547,0.0077971891890979547,267.5,0.49999997144218278,1
-265.27472954001468,863.83865305860547,163.0208088580724,0.012507710562927741,0.012507710562927741,268,0.49999902398668328,1
-265.12744630047735,863.36083807941509,162.74285951380458,0.0068968580813968177,0.0068968580813968177,268.5,0.4999995069870749,1
-264.97851523729747,862.88353372389076,162.62382797453188,0.0020286629206237284,0.0020286629206237284,269,0.49999990938237021,1
-264.82900149735661,862.406411484562,162.58379947637502,0.00076583768765311133,0.00076583768765311133,269.5,0.49999998969319709,1
-264.67930506704232,861.92934652198494,162.57994908089137,0.00049702716255844775,-0.00049702716255844775,270,0.49999999976749387,1
-264.52976842890729,861.45223146600176,162.63154573523431,0.0035051196873084676,-0.0035051196873084676,270.5,0.49999998279055713,1
-264.38106931910812,860.97485485462914,162.78248313855346,0.0070323395074048858,-0.0070323395074048858,271,0.49999985434064886,1
-264.23402210585897,860.49696704079861,163.01060844820751,0.006558354806062025,-0.006558354806062025,271.5,0.49999964553194359,1
-264.08846649703452,860.01862250270938,163.11135065578799,0.00047481677845863027,-0.00047481677845863027,272,0.4999999323800528,1
-263.94302445021339,859.54024339207842,163.03784893013247,0.0054898567407189016,0.0054898567407189016,272.5,0.49999996247158085,1
-263.79648791692898,859.06219854073458,162.87684353524403,0.005750429198216161,0.005750429198216161,273,0.4999998354833371,1
-263.64857751596577,858.58457700315057,162.70837439837101,0.0060109185947911222,0.0060109185947911222,273.5,0.49999981987718334,1
-263.4993419323373,858.10736778246928,162.59350091550442,0.00031859150898623745,-0.00031859150898623745,274,0.49999989972416198,1
-263.35020023881953,857.6301292662522,162.74483398675517,0.010246653462273977,-0.010246653462273977,274.5,0.49999984610641157,1
-263.20348092339464,857.15214148756297,163.14995159342789,0.012857596007412606,-0.012857596007412606,275,0.49999887409374061,1
-263.05948332720169,856.67332573408521,163.30200350422149,0.0022420531389589584,0.0022420531389589584,275.5,0.49999983348779514,1
-262.91494913950379,856.19467204987745,163.02148331522949,0.017342345620397766,0.017342345620397766,276,0.49999948081888113,1
-262.76707590610022,855.71703983153748,162.63900292059682,0.0061310528880553555,0.0061310528880553555,276.5,0.49999902915265243,1
-262.61774106157907,855.23986158814375,162.67665399318767,0.0087595663287429598,-0.0087595663287429598,277,0.49999997175647454,1
-262.47033282880614,854.76208558361463,163.02734372790925,0.0084878363617915936,-0.0084878363617915936,277.5,0.49999909759223315,1
-262.32482770104355,854.28372564609708,163.06838598774362,0.0056225751030992465,0.0056225751030992465,278,0.49999997202700369,1
-262.17798061230963,853.80577681468367,162.71097830573279,0.016575658637437016,0.016575658637437016,278.5,0.49999915291835867,1
-262.02782598403138,853.32885657887857,162.386862325077,0.0060520590381902351,0.0060520590381902351,279,0.49999932371330885,1
-261.87622863637785,852.85239227663124,162.36420612603371,0.004470265104517375,-0.004470265104517375,279.5,0.4999999871316278,1
-261.72539872931009,852.37568460496959,162.49926182996319,0.0015664582279177215,-0.0015664582279177215,280,0.49999986508711552,1
-261.57493069105789,851.89886247830941,162.43753085913531,0.0058761326085725067,0.0058761326085725067,280.5,0.49999997100820259,1
-261.42309877658596,851.422473288221,162.19830883240988,0.0065143336560261316,0.0065143336560261316,281,0.49999959068513605,1
-261.26990301892346,850.94652051287312,162.17098988855258,0.0046070957448602883,-0.0046070957448602883,281.5,0.49999998452713523,1
-261.11780423252179,850.47021660784787,162.46226862784019,0.015573205863748441,-0.015573205863748441,282,0.49999945076685781,1
-260.96865442049528,849.99298117025216,162.78581088680113,0.0070143148487348513,-0.0070143148487348513,282.5,0.49999932932426094,1
-260.82117909976142,849.51522497254075,162.86416891744599,0.0015437708644128096,0.0015437708644128096,283,0.49999995467722136,1
-260.67341869880744,849.03755692311449,162.74879816487936,0.0039640718498925179,0.0039640718498925179,283.5,0.49999990153275714,1
-260.52474162786626,848.56017334417584,162.66291236039729,0.002031870578662874,0.002031870578662874,284,0.49999995286392585,1
-260.37557826473056,848.08294144605304,162.63024630018015,0.00074579645861165501,0.00074579645861165501,284.5,0.49999999348783858,1
-260.22618621634217,847.60578108668335,162.5964259698236,0.0016153089161151154,0.0016153089161151154,285,0.49999999267549239,1
-260.07640884020066,847.12874155410668,162.5376958175988,0.0024848312605500519,0.0024848312605500519,285.5,0.49999997804480267,1
-259.92606908933061,846.65187896658517,162.46715464484402,0.0022535061121771506,0.0022535061121771506,286,0.49999996806937563,1
-259.7751923800551,846.17518598655647,162.40912353253276,0.0017978290728459271,0.0017978290728459271,286.5,0.49999997861044981,1
-259.6238796356277,845.69863122792606,162.35806272011428,0.002286298349257811,0.002286298349257811,287,0.4999999845994435,1
-259.47200835468908,845.22225420970835,162.26902952464275,0.0039294031260145587,0.0039294031260145587,287.5,0.49999994945992593,1
-259.3192015257959,844.74617653186044,162.13323600006788,0.0053304211036588603,0.0053304211036588603,288,0.49999988230143416,1
-259.16520678594486,844.27048177712902,161.99554069122416,0.0042825092270791232,0.0042825092270791232,288.5,0.49999987958076303,1
-259.01019380257429,843.79511780992561,161.8878666671956,0.0032345565591606882,0.0032345565591606882,289,0.49999992632880036,1
-258.85450592027047,843.3199743873032,161.85843805450202,0.0026021898915850432,-0.0026021898915850432,289.5,0.49999998875758633,1
-258.69944352101356,842.84462669903837,162.04557114504928,0.010462323454716569,-0.010462323454716569,290,0.49999977240197696,1
-258.54684148528474,842.36848425514086,162.42541226945769,0.011192675477250223,-0.011192675477250223,290.5,0.49999900818829474,1
-258.39662349602202,841.89158336647972,162.53747098014804,0.0033692861116043134,0.0033692861116043134,291,0.49999990190390736,1
-258.24560244524827,841.41493671221406,162.23235728975078,0.017931915446704447,0.017931915446704447,291.5,0.49999939079908823,1
-258.09131058706771,840.93933890978656,161.89453379302665,0.0038518231803746569,0.0038518231803746569,292,0.49999924717411043,1
-257.9361031313868,840.46403844288716,162.01338384356148,0.012149326816725477,-0.012149326816725477,292.5,0.4999998881337146,1
-257.78357230709258,839.98787358737638,162.45030331833752,0.01034229876669698,-0.01034229876669698,293,0.4999986219815708,1
-257.63338836660176,839.51096192208149,162.51214645356694,0.0060247533676869554,0.0060247533676869554,293.5,0.49999995247569523,1
-257.48177408335471,839.03450410106882,162.11638081346922,0.017788885732317013,0.017788885732317013,294,0.49999894608755213,1
-257.32653422769135,838.55921496764199,161.75752501157922,0.007264096065302963,0.007264096065302963,294.5,0.49999917313931924,1
-257.1695688360233,838.08449206391492,161.70016055295469,0.0032591080468028894,-0.0032591080468028894,295,0.49999996950456504,1
-257.01322408021673,837.60956457942621,161.87539256208322,0.0078111464052243824,-0.0078111464052243824,295.5,0.49999979819095619,1
-256.85873329016584,837.1340310494088,162.14367806882893,0.010918733256152578,-0.010918733256152578,296,0.49999954238114802,1
-256.70679687428543,836.65767548431586,162.46294305442817,0.0076753836332717042,-0.0076753836332717042,296.5,0.49999929886511318,1
-256.556570650141,836.18077711467436,162.50982925162884,0.0044020642174687078,0.0044020642174687078,297,0.4999999733874167,1
-256.40529530130999,835.7042110767643,162.211048602076,0.015854038394596651,0.015854038394596651,297.5,0.49999941965289962,1
-256.25083954835884,835.22866668603911,161.82395430826372,0.011170207845743763,0.011170207845743763,298,0.49999904716899135,1
-256.09373006533906,834.75399184734465,161.57103518030118,0.0064870810079010674,0.0064870810079010674,298.5,0.49999959214418294,1
-255.93512780565061,834.27981333791729,161.47711312092991,0.00077221659175935641,-0.00077221659175935641,299,0.49999993558103234,1
-255.77671396176774,833.805571926683,161.62114343259259,0.0092832152406572381,-0.0092832152406572381,299.5,0.4999998620632165,1
-255.62048781314925,833.33060616039256,161.98901870953895,0.012821875363215702,-0.012821875363215702,300,0.49999908865919818,1
-255.46704802600544,832.85473236128553,162.22442630265368,0.0036129100922754316,-0.0036129100922754316,300.5,0.49999964095517135,1
-255.31446804946006,832.37858181966942,162.19603316146626,0.005595135548537915,0.005595135548537915,301,0.49999998752390151,1
-255.16091467688702,831.90274442696409,162.05205861709476,0.0029472391749486254,0.0029472391749486254,301.5,0.49999986252514322,1
-255.00666134048956,831.42713334262226,162.03032234488779,0.0014297677885137432,-0.0014297677885137432,302,0.49999999533856448,1
-254.85272475349581,830.95141969577298,162.11823716882688,0.0037530568134088119,-0.0037530568134088119,302.5,0.49999994661391556,1
-254.69966583940172,830.4754229683515,162.23347452985513,0.0042920372423506719,-0.0042920372423506719,303,0.4999999156996216,1
-254.54762841056547,829.99909901109481,162.36310194956519,0.0042568531012123481,-0.0042568531012123481,303.5,0.49999989202379186,1
-254.39648673275039,829.52248998391156,162.42842258625802,0.00030338844119735667,-0.00030338844119735667,304,0.49999997156532716,1
-254.24541735154361,829.04585802304314,162.38048472658926,0.0036500886095283112,0.0036500886095283112,304.5,0.49999998405947182,1
-254.09360180265318,828.56946326238676,162.27896278952454,0.0020217332945188272,0.0020217332945188272,305,0.49999992886574202,1
-253.94130958080939,828.09322059552733,162.27153903764398,0.0015034544694720571,-0.0015034544694720571,305.5,0.49999999857150562,1
-253.78936661468899,827.6168664305992,162.35688370176331,0.0035436940961092135,-0.0035436940961092135,306,0.49999995539783487,1
-253.63823267993348,827.14025498664876,162.45386283926803,0.0032267301457951677,-0.0032267301457951677,306.5,0.49999993473920684,1
-253.48786788566133,826.66340031436596,162.54176113901673,0.0029025365182477605,-0.0029025365182477605,307,0.49999994983443791,1
-253.33815794899698,826.18633961680439,162.60661100521816,0.0016248344619541983,-0.0016248344619541983,307.5,0.49999997429397436,1
-253.18883562782949,825.70915743021726,162.63485725518399,0.00034712704380981962,-0.00034712704380981962,308,0.49999999479492008,1
-253.03962712196562,825.23193963790072,162.64492992889615,0.0011936073273188504,-0.0011936073273188504,308.5,0.49999999952559759,1
-252.89071200688338,824.75463024105261,162.71105534822959,0.0034228295033422993,-0.0034228295033422993,309,0.49999997181946781,1
-252.74260984999958,824.27706804832189,162.83513348089349,0.0040221177311715595,-0.0040221177311715595,309.5,0.49999989679939066,1
-252.59536157083471,823.79924179998898,162.89006446576821,0.00018720471121980048,0.00018720471121980048,310,0.49999997931292578,1
-252.44806857186816,823.32142934351577,162.82440878910447,0.004396384658335418,0.004396384658335418,310.5,0.49999997110551492,1
-252.30005935752109,822.84383825260147,162.77504481783268,0.0022818106196505813,-0.0022818106196505813,311,0.49999997765234966,1
-252.15259610117559,822.36607851150643,162.95781188011921,0.010477959679403915,-0.010477959679403915,311.5,0.49999978218317376,1
-252.00756459564508,821.88757568537687,163.32285741072121,0.011371288441909093,-0.011371288441909093,312,0.49999909220959521,1
-251.86518419365186,821.40827675194271,163.55771438788497,0.0050249476614135629,-0.0050249476614135629,312.5,0.49999964646275513,1
-251.72400817829407,820.92862134295342,163.61009328105968,0.0017408229259490632,0.0017408229259490632,313,0.49999997868498242,1
-251.58231148325856,820.44911972743864,163.41620819714444,0.011795315539122667,0.011795315539122667,313.5,0.4999997526652058,1
-251.43778963405384,819.97046332437844,162.93424707371153,0.021851887161790273,0.021851887161790273,314,0.49999851708588139,1
-251.28860819186571,819.4932388800197,162.43611341297765,0.0063828115512571957,0.0063828115512571957,314.5,0.49999827298385774,1
-251.13792691277257,819.01648430069179,162.60080184243176,0.017881384687600265,-0.017881384687600265,315,0.49999977677923235,1
-250.99143054845243,818.53843133325654,163.37191818659198,0.024117937744065291,-0.024117937744065291,315.5,0.49999582441522938,1
-250.85011595471829,818.05881732879448,163.65909912337267,0.0040669607107285087,0.0040669607107285087,316,0.49999940767803031,1
-250.70782662520097,817.57949284556696,163.13886482200041,0.032254093971442466,0.032254093971442466,316.5,0.49999821351262275,1
-250.55974311106519,817.10192726392609,162.53548425967119,0.0073757868942658199,0.0073757868942658199,317,0.49999761192108466,1
-250.40989885295545,816.6249090028715,162.7179684742099,0.02011646561862224,-0.02011646561862224,317.5,0.49999972306791807,1
-250.2644007325255,816.14655053867432,163.41265414188197,0.015583527720605568,-0.015583527720605568,318,0.49999652330565053,1
-250.12249745920869,815.66710985813586,163.48889965166313,0.010260320814413325,0.010260320814413325,318.5,0.4999999051331987,1
-249.97814558769574,815.18840354562883,162.84357540900766,0.027995746892441168,0.027995746892441168,319,0.49999719643550938,1
-249.82827392409902,814.71139504273845,162.38713922417088,0.0038709793855450122,0.0038709793855450122,319.5,0.49999862737708856,1
-249.67747891486198,814.23467660865504,162.62174620286515,0.020250665153121732,-0.020250665153121732,320,0.49999960020557799,1
-249.53063020662611,813.75672942465383,163.16192130343984,0.011903680654352284,-0.011903680654352284,320.5,0.4999980538014403,1
-249.3866204254301,813.27791728674811,163.28735904017577,0.0031460922981885048,0.0031460922981885048,321,0.49999988048595728,1
-249.24193223939346,812.79931005309152,163.04643195136839,0.0072530813307158538,0.0072530813307158538,321.5,0.49999955528678636,1
-249.09572235653681,812.32116504736553,163.00238817028108,0.0041783201228043545,-0.0041783201228043545,322,0.49999997634566412,1
-248.95051186681698,811.84271610288999,163.28572769505564,0.015165614733390724,-0.015165614733390724,322.5,0.49999947879415074,1
-248.80795931003735,811.36346834365702,163.51588388487394,0.00090264474787233066,-0.00090264474787233066,323,0.49999964617411419,1
-248.6656230260522,810.88415616715736,163.33744567830058,0.013360372635506828,0.013360372635506828,323.5,0.49999978027949404,1
-248.52036392411355,810.40572282728692,162.89246910536309,0.013389470088361395,0.013389470088361395,324,0.49999866739382592,1
-248.3719275319101,809.92826489113088,162.59717578910474,0.007226099707361479,0.007226099707361479,324.5,0.49999944332845442,1
-248.22177076272868,809.45134471459517,162.48356024249472,0.00024300774277487668,-0.00024300774277487668,325,0.49999991011785111,1
-248.07174452900995,808.97438355364648,162.64711890695352,0.011176033284216642,-0.011176033284216642,325.5,0.49999981985731795,1
-247.92438633025276,808.49659269135236,163.12392822464068,0.022111502884648301,-0.022111502884648301,326,0.49999854683060457,1
-247.78142106473942,808.0174688426398,163.56439082218105,0.0065583243311160876,-0.0065583243311160876,326.5,0.49999872954682273,1
-247.64002687183068,807.53787773969748,163.49718699337248,0.011250160372948809,0.011250160372948809,327,0.49999994380974244,1
-247.49609672912408,807.05904314833833,163.02745151719483,0.01489582772215982,0.01489582772215982,327.5,0.49999845185922792,1
-247.34871386603166,806.58125897583602,162.72793198139925,0.0060148173736253394,0.0060148173736253394,328,0.49999942382670426,1
-247.19989307698063,806.10392015189586,162.67931228376173,0.0012891016975490346,-0.0012891016975490346,328.5,0.49999998009434415,1
-247.05113641205534,805.62656132220172,162.69798297928975,1.4337996186394809e-05,-1.4337996186394809e-05,329,0.49999999764665282,1
-246.90238316851091,805.14920142613596,162.68013342987638,0.0012604634709780108,0.0012604634709780108,329.5,0.4999999978369063,1
-246.75345940449972,804.67189470027017,162.68422604925115,0.002549708006546466,-0.002549708006546466,330,0.4999999980439776,1
-246.6051462388171,804.19439803195212,162.82975694019007,0.0076103240735185965,-0.0076103240735185965,330.5,0.49999986336962393,1
-246.45862368195793,803.71634922517705,163.09421806437297,0.0078830046183361955,-0.0078830046183361955,331,0.49999952132738129,1
-246.31386643969128,803.23776250588503,163.21196553750636,0.00033738730698955365,-0.00033738730698955365,331.5,0.4999999070713404,1
-246.1691899442705,802.75915134295224,163.11374501110259,0.0067947543297718644,0.0067947543297718644,332,0.49999993361111611,1
-246.02333789089352,802.28089714387784,162.98980972127663,0.0018575159435146719,0.0018575159435146719,332.5,0.49999990040656794,1
-245.8770416878337,801.80277852166228,163.00731616753416,0.0030796337815371202,-0.0030796337815371202,333,0.49999999593902628,1
-245.73130845831403,801.32448803934267,163.06836558588245,0.0027184634740076248,0.0027184634740076248,333.5,0.49999995966375227,1
-245.58489310448175,800.8464063107017,162.81965442727233,0.014645288004551419,0.014645288004551419,334,0.49999959509800918,1
-245.43500689756655,800.36940314035019,162.26412273568528,0.017337271757249154,0.017337271757249154,334.5,0.49999789954440421,1
-245.28154531874043,799.89353622291117,162.09835163166488,0.0057635779999709669,-0.0057635779999709669,335,0.49999977928867395,1
-245.12945625889702,799.41723032331606,162.59440048863132,0.028868334857914235,-0.028868334857914235,335.5,0.49999839211056696,1
-244.9828485555968,798.93920958431954,163.191435327177,0.0086127615859309149,-0.0086127615859309149,336,0.49999764557220078,1
-244.83829851969128,798.46056027994257,163.08148777090744,0.016289007540509853,0.016289007540509853,336.5,0.49999986946083097,1
-244.69009946053177,797.98303123412086,162.43110617554618,0.017379477922095557,0.017379477922095557,337,0.49999695072985983,1
-244.5379785781918,797.50673407414683,162.24903878088747,0.0046680958801394784,-0.0046680958801394784,337.5,0.49999974744314879,1
-244.38696728403448,797.03008506525794,162.69035566168179,0.022209179085643321,-0.022209179085643321,338,0.49999868863611652,1
-244.2403236489547,796.55207422212379,163.13644068346539,0.0089334901681463047,-0.0089334901681463047,338.5,0.49999872186159355,1
-244.09581632997458,796.07341192781121,163.20223506885731,0.0043398832803475959,0.0043398832803475959,339,0.49999995723540736,1
-243.95046381462103,795.59500590764924,162.982586472203,0.0085675598607423686,0.0085675598607423686,339.5,0.49999967384671268,1
-243.80307278788212,795.11722409433662,162.72409697271956,0.0094783981657805584,0.0094783981657805584,340,0.49999957589526478,1
-243.65343623423703,794.64014084854227,162.45680414979205,0.0070008017079456067,0.0070008017079456067,340.5,0.49999952160421768,1
-243.50223127927919,794.16355190909871,162.37944884984827,0.0016003330291225464,-0.0016003330291225464,341,0.49999995560373911,1
-243.35140777168442,793.68684226814889,162.5484987785216,0.010201661301800327,-0.010201661301800327,341.5,0.49999981221766004,1
-243.20263350429013,793.20948942071686,162.82233836538214,0.0086859196359461033,-0.0086859196359461033,342,0.49999952358994704,1
-243.05593370413709,792.73149480709139,163.04608760267936,0.006934740804149811,-0.006934740804149811,342.5,0.49999968201980372,1
-242.91080184560391,792.25302157673968,163.16578813783224,0.0010673000194457815,0.0010673000194457815,343,0.49999988852448229,1
-242.76538854749464,791.77463397797248,162.96133030306225,0.013207069724590254,0.013207069724590254,343.5,0.4999997219211863,1
-242.61683087041308,791.29721516678433,162.42823954631791,0.018885945690454837,0.018885945690454837,344,0.4999981046925901,1
-242.46438789907822,790.82102124343714,162.16007584041063,0.00016374432335960475,-0.00016374432335960475,344.5,0.4999995121419461,1
-242.31198391894375,790.34481487378059,162.43761829468198,0.019213084847029126,-0.019213084847029126,345,0.49999947966202846,1
-242.1633243752479,789.86742731123172,162.90510486255982,0.008946360478383748,-0.008946360478383748,345.5,0.49999854480609396,1
-242.01679647130206,789.38937967215281,162.93866703126838,0.0066031238358034896,0.0066031238358034896,346,0.49999997186367878,1
-241.86880558757571,788.91178369010549,162.61397859719358,0.0092478823556589457,0.0092478823556589457,346.5,0.49999922373324679,1
-241.71876791258893,788.43482601308347,162.5181142513641,0.0025552372412583377,-0.0025552372412583377,347,0.49999992958568218,1
-241.56933947573108,787.95767744231046,162.75860683528401,0.012630800440892268,-0.012630800440892268,347.5,0.49999961633235901,1
-241.42216193084627,787.47982962525373,162.9452303796898,0.0003981261434028624,-0.0003981261434028624,348,0.49999976598414519,1
-241.27507949460448,787.0019524719371,162.78141709650441,0.01183464387646524,0.01183464387646524,348.5,0.49999981671278865,1
-241.12549299215462,786.52485391425193,162.43318601244488,0.0074231182613737224,0.0074231182613737224,349,0.49999915545973678,1
-240.97416303687709,786.04830463069209,162.38765136079746,0.0042441234403633819,-0.0042441234403633819,349.5,0.49999997502570365,1
-240.82382482767625,785.57144203989367,162.65349730381769,0.010852991818607636,-0.010852991818607636,350,0.49999950764845313,1
-240.67587186318536,785.09383390861615,162.90189929638134,0.0064887318518167085,-0.0064887318518167085,350.5,0.49999960676389127,1
-240.52946913112626,784.61574799396294,163.02527752938244,0.0021247655196305259,-0.0021247655196305259,351,0.49999990174415254,1
-240.38349170331733,784.1375319553714,162.99209826285423,0.0045768158097717988,0.0045768158097717988,351.5,0.49999998899589687,1
-240.23642036495531,783.65965154769663,162.76291782357353,0.011423127507007838,0.011423127507007838,352,0.49999966260689227,1
-240.08674550816289,783.18258068787384,162.41598309317229,0.0086200248366204921,0.0086200248366204921,352.5,0.49999916804719263,1
-239.93507043288221,782.70614118755771,162.31469956513865,0.0015489382196589997,-0.0015489382196589997,353,0.49999992592288012,1
-239.78376008015923,782.22958589471466,162.49634726329771,0.0085968627741474547,-0.0085968627741474547,353.5,0.49999976997782247,1
-239.63414464143753,781.75249568604102,162.64990668509461,0.002123598760214061,-0.002123598760214061,354,0.49999984671612346,1
-239.4850358194123,781.27524674774509,162.61802085933215,0.0043496642279772886,0.0043496642279772886,354.5,0.49999998991034234,1
-239.33505445022496,780.79827142866259,162.47637143553823,0.0040982300160522416,0.0040982300160522416,355,0.49999986611714381,1
-239.18409933999465,780.32160329914836,162.38883985105667,0.0020126331203298704,0.0020126331203298704,355.5,0.49999995099923217,1
-239.03266973559619,779.84508564958469,162.36561989833709,0.00085998703532120298,-0.00085998703532120298,356,0.49999999543396317,1
-238.88146133349096,779.36849780387445,162.44797728309197,0.0048896787447783967,-0.0048896787447783967,356.5,0.4999999555459429,1
-238.7314186248615,778.89154189827605,162.64571834092058,0.0087406245054464371,-0.0087406245054464371,357,0.49999975029799321,1
-238.58318606027746,778.41402032972894,162.84709414059236,0.0053180490134576283,-0.0053180490134576283,357.5,0.49999974163078398,1
-238.43622370749426,777.93610611348061,162.95042163968816,0.001895609353794756,-0.001895609353794756,358,0.49999993122782843,1
-238.28970086674576,777.45805689480994,162.9482395897586,0.0023280806416038206,0.0023280806416038206,358.5,0.49999999833264192,1
-238.14261958911089,776.98017931319271,162.8148735597504,0.0069826867731151883,0.0069826867731151883,359,0.49999988524302963,1
-237.99387935340766,776.5028158170478,162.55927137948078,0.0088160869332265749,0.0088160869332265749,359.5,0.49999956516854838,1
-237.8431916304524,776.02606324063629,162.38701427727202,0.003209785952988862,0.003209785952988862,360,0.49999980896442325,1
-237.69173890127928,775.54955293934552,162.37536102437451,0.0023962237446473441,-0.0023962237446473441,360.5,0.49999999641020831,1
-237.54065784015808,775.07292469626964,162.44407316591912,0.0017507137247139057,-0.0017507137247139057,361,0.49999996912710737,1
-237.38999373668426,774.59616446108657,162.47458850245096,0.00037965487657622295,-0.00037965487657622295,361.5,0.49999999392737959,1
-237.23942403907401,774.11937439639144,162.46855688802589,0.00062129682108770133,0.00062129682108770133,362,0.49999999963043595,1
-237.08870948895813,773.6426301046904,162.44140986632021,0.0012739203375626445,0.0012739203375626445,362.5,0.49999999528615663,1
-236.93769209140746,773.16598166760036,162.39767731616274,0.00082963694477861474,0.00082963694477861474,363,0.49999998694335074,1
-236.78668740261281,772.68932924241051,162.48153071916482,0.0066837479063385045,-0.0066837479063385045,363.5,0.49999995047733437,1
-236.63727662505931,772.21217533964682,162.78062829953177,0.014197027597544331,-0.014197027597544331,364,0.49999942737143316,1
-236.49082293062929,771.73410562376489,163.08246222874851,0.0014940336838852454,-0.0014940336838852454,364.5,0.49999933785519252,1
-236.34470561481652,771.25593272958633,162.83826060069197,0.01854382393705236,0.01854382393705236,365,0.49999958670725542,1
-236.19424496232608,770.77911219088935,162.10329378815649,0.022370575096892588,0.022370575096892588,365.5,0.49999623405694782,1
-236.03893075430813,770.30384706336349,161.82245299032371,0.0027624440223560378,-0.0027624440223560378,366,0.49999944465410695,1
-235.88427341257949,769.82836853805031,162.26159010149277,0.027896852287213579,-0.027896852287213579,366.5,0.49999872138292845,1
-235.73478977003219,769.3512393833513,162.87487603148671,0.01381729801512282,-0.01381729801512282,367,0.4999975896471936,1
-235.58860540720818,768.8730867811604,163.05284794028904,0.0013918145154821224,0.0013918145154821224,367.5,0.49999977891614666,1
-235.4422546342486,768.39498505761924,162.895071835485,0.0049393914217625342,0.0049393914217625342,368,0.49999980679885497,1
-235.29477379309222,767.91723056094213,162.81488500502871,0.00065862434592422667,0.00065862434592422667,368.5,0.49999995760338783,1
-235.14713317606993,767.43952538377505,162.85338547100741,0.0023845085008757498,-0.0023845085008757498,369,0.49999998808695489,1
-234.99995840455307,766.96167648446135,162.90346016992052,0.0011113751640959761,-0.0011113751640959761,369.5,0.49999998394635292,1
-234.85304918694905,766.48374586139141,162.91706297428925,0.00016171732734552159,0.00016171732734552159,370,0.49999999868504386,1
-234.70609420664707,766.00582931080396,162.89118168263997,0.0016822907741950305,0.0016822907741950305,370.5,0.49999999556096486,1
-234.55873724960645,765.52803657816071,162.82058067206296,0.0032465901304070824,0.0032465901304070824,371,0.49999996815497433,1
-234.410608558338,765.05048259264686,162.70793873157837,0.0044028373509583532,0.0044028373509583532,371.5,0.49999991825706108,1
-234.2614339074062,764.57325433937683,162.57171992172692,0.00510703047707584,0.00510703047707584,372,0.49999988219977121,1
-234.11104127050146,764.09640855751695,162.41594542014599,0.0052168945488538553,0.0052168945488538553,372.5,0.49999984491269645,1
-233.95966466944199,763.61987407978575,162.37370741131349,0.0022681197235396768,-0.0022681197235396768,373,0.49999998381487087,1
-233.80882864654254,763.1431684041753,162.54590318218303,0.0097535098429047968,-0.0097535098429047968,373.5,0.49999980696329993,1
-233.66012644138186,762.66579318872209,162.83243867683939,0.0071636466006327277,-0.0071636466006327277,374,0.49999944214833247,1
-233.51311829146997,762.18789306274675,162.93682458377037,0.00012395825343490909,-0.00012395825343490909,374.5,0.49999992654775804,1
-233.36615490474728,761.70997914637917,162.85666571093617,0.003158083974159686,0.003158083974159686,375,0.49999994849480167,1
-233.21858608704386,761.23225177752033,162.83453208106454,0.0016128841654017496,-0.0016128841654017496,375.5,0.49999999491517083,1
-233.07140260177081,760.75440563447819,162.94907778820857,0.00638390272898888,-0.00638390272898888,376,0.4999999147573661,1
-232.92535986001553,760.27620960365255,163.05341678480647,0.00027672923656292731,-0.00027672923656292731,376.5,0.49999992631679352,1
-232.77938319326742,759.79799337798693,162.96439015662591,0.0064919966989869021,0.0064919966989869021,377,0.49999994572475687,1
-232.63195198778143,759.32022387691404,162.74505867594283,0.0051586097372427328,0.0051586097372427328,377.5,0.49999965650636652,1
-232.48334314129372,758.84281901910049,162.71206959538051,0.0028555187326865339,-0.0028555187326865339,378,0.49999998751838931,1
-232.33541200142062,758.36520397055062,162.90100292843985,0.008113565994182002,-0.008113565994182002,378.5,0.49999975674538344,1
-232.18912371752072,757.88708306198942,163.04493828124509,0.0019350429345217184,-0.0019350429345217184,379,0.49999986520975748,1
-232.04329806110971,757.40882072008822,163.01187410558111,0.0042433647587189136,0.0042433647587189136,379.5,0.49999998974852072,1
-231.89663249920818,756.93081538813067,162.88027124744107,0.0035714223237514444,0.0035714223237514444,380,0.49999988442772264,1
-231.74911631212024,756.45307179097438,162.81217512701397,0.0011825871235440978,0.0011825871235440978,380.5,0.49999997007679697,1
-231.60131979201407,755.97541481361304,162.81432688322809,0.0015046684141996709,-0.0015046684141996709,381,0.49999999937745981,1
-231.45388803627097,755.49764517446772,162.90172886336609,0.0045971328069061863,-0.0045971328069061863,381.5,0.49999995069054154,1
-231.30755481714635,755.01953808215853,163.07718416945607,0.0069562802213903241,-0.0069562802213903241,382,0.49999980273567923,1
-231.16239699791427,754.54107263172091,163.11542754224996,0.0042863530862312137,0.0042863530862312137,382.5,0.4999999797466928,1
-231.01621419520077,754.06291986751671,162.83158156892972,0.015530095346691412,0.015530095346691412,383,0.49999947772501435,1
-230.86663453582054,753.58581966758834,162.39697793917333,0.0084995525650981198,0.0084995525650981198,383.5,0.49999867527024583,1
-230.71507387726487,753.10934370542964,162.39226695122761,0.0081706475034479011,-0.0081706475034479011,384,0.49999997573688748,1
-230.56543653546143,752.63226161231535,162.83230817193316,0.016469073695396113,-0.016469073695396113,384.5,0.4999986576305106,1
-230.41926564761303,752.15410516983252,163.10481189024102,0.0025556210505058552,-0.0025556210505058552,385,0.49999951194198455,1
-230.27370578771016,751.67576197763219,162.97874471743552,0.011356956570618476,0.011356956570618476,385.5,0.49999988233933002,1
-230.12602018210728,751.19807124853889,162.69482405747357,0.0061546041232726579,0.0061546041232726579,386,0.49999947076369294,1
-229.97686665390361,750.72083630265342,162.63065828514561,0.0016749420737270479,-0.0016749420737270479,386.5,0.4999999685499098,1
-229.8280647439247,750.24349169386312,162.75776129214216,0.0051097449288864021,-0.0051097449288864021,387,0.49999988395452771,1
-229.68044707346726,749.76577954046911,162.89632287105178,0.0045636831389098175,-0.0045636831389098175,387.5,0.4999998781316064,1
-229.53391951743217,749.28773186529202,163.01846705157362,0.0036599323741388036,-0.0036599323741388036,388,0.49999990441983422,1
-229.3882092870856,748.8094343608567,163.08159019757153,0.00074688939364917829,-0.00074688939364917829,388.5,0.49999997397670165,1
-229.24267767879132,748.33108245312769,163.06126104576586,0.0021661158917368798,0.0021661158917368798,389,0.499999996640699,1
-229.09662471181949,747.85288954262865,162.95587137602777,0.0052279384761159198,0.0052279384761159198,389.5,0.49999992881282079,1
-228.9493221912482,747.37508024284898,162.76154970350944,0.0083383371362595101,0.0083383371362595101,390,0.49999975952253023,1
-228.80005079024832,746.89788260704529,162.49883367612262,0.0076402387302255681,0.0076402387302255681,390.5,0.49999953477288234,1
-228.64905249990176,746.42122820274642,162.37907452425443,0.00072058113911145812,0.00072058113911145812,391,0.49999990482508666,1
-228.49788246298633,745.94462818268948,162.45754453530839,0.0061870441581640219,-0.0061870441581640219,391.5,0.49999995917928214,1
-228.34758968096463,745.46775078930102,162.51795433792608,0.001969634531542204,0.001969634531542204,392,0.49999996865279445,1
-228.19682737306627,744.99102179897159,162.34468751042851,0.010126813576245319,0.010126813576245319,392.5,0.49999980370332342,1
-228.04380847803543,744.51501284261133,162.02813189017698,0.008103560393300473,0.008103560393300473,393,0.49999930877116583,1
-227.88889768167897,744.03961558020592,161.91436275117746,0.00016083872189082802,-0.00016083872189082802,393.5,0.49999991193034204,1
-227.73402132361193,743.56420710698421,162.03146300594767,0.0066625999194564033,-0.0066625999194564033,394,0.49999990269909406,1
-227.58059423167447,743.08832910655622,162.23235847193794,0.0073625817666785462,-0.0073625817666785462,394.5,0.49999974383166862,1
-227.42892004021277,742.61188957231775,162.45330939424576,0.008062722050852655,-0.008062722050852655,395,0.49999969014082907,1
-227.27899788589855,742.13489569716455,162.6243211744945,0.003174098940995592,-0.003174098940995592,395.5,0.49999980928784682,1
-227.12983237561323,741.65766446687053,162.6337282280582,0.0025173276350733175,0.0025173276350733175,396,0.49999999662662564,1
-226.98007450784809,741.18061893671938,162.48630626286169,0.0072903685413605937,0.0072903685413605937,396.5,0.49999985679472919,1
-226.82859011948449,740.70411915559396,162.22375872240156,0.011039000438319164,0.011039000438319164,397,0.49999956133028028,1
-226.67447919461407,740.22846281263503,161.85719629645109,0.012693923059696133,0.012693923059696133,397.5,0.49999913376072797,1
-226.51786587094674,739.75362378438592,161.70604025981257,0.0021410513832094322,-0.0021410513832094322,398,0.49999983589865726,1
-226.3617610989759,739.27861767372701,161.97988377370484,0.016977331640837662,-0.016977331640837662,398.5,0.49999950499512491,1
-226.20921743147082,738.80245705432355,162.44879428308366,0.010364533681955527,-0.010364533681955527,399,0.49999850596435513,1
-226.05912490476601,738.32551664435437,162.5477902536706,0.0034529857651646456,0.0034529857651646456,399.5,0.49999992123420539,1
-225.90824841842067,737.84882407796192,162.28933672371272,0.0099812953382096073,0.0099812953382096073,400,0.49999951698549666,1
-225.75519358609867,737.37282621910583,162.08946068913644,0.0039726624424428047,0.0039726624424428047,400.5,0.49999974333263131,1
-225.60119348713559,736.89713308114676,162.06171864819368,0.0020358933496024403,-0.0020358933496024403,401,0.49999999198198519,1
-225.44742311796284,736.42136563967563,162.11028594067386,0.0010743943221807248,-0.0010743943221807248,401.5,0.49999998479951224,1
-225.29390832845147,735.94551565467884,162.12310843614421,0.00017921677046126393,0.00017921677046126393,402,0.49999999882016255,1
-225.14035810590175,735.46967710359741,162.10419752841034,0.00096423683389974888,0.00096423683389974888,402.5,0.49999999754034791,1
-224.98658009405955,734.99391212446835,162.06939568850854,0.0014653888459096904,0.0014653888459096904,403,0.49999999229181014,1
-224.83245427941159,734.51825971123424,162.02186047046754,0.0012819640316032071,0.0012819640316032071,403.5,0.49999998495633335,1
-224.67811881560715,734.04267526870478,162.03718357251375,0.0023517247110707031,-0.0023517247110707031,404,0.49999999736378292,1
-224.52434270980928,733.56690976172388,162.15660538317786,0.0059855070293095038,-0.0059855070293095038,404.5,0.49999990834714925,1
-224.37180401295001,733.09074612171162,162.29853756640631,0.0027392892961030893,-0.0027392892961030893,405,0.49999986610923031,1
-224.21991591492159,732.61437441501516,162.3100310569765,0.0019368714195938082,0.0019368714195938082,405.5,0.49999999726358457,1
-224.06761498332233,732.13813459343032,162.22489681663933,0.0010443325141661199,0.0010443325141661199,406,0.49999994142915893,1
-223.91513646069936,731.66195158102437,162.29842245548014,0.0061774575924369605,-0.0061774575924369605,406.5,0.49999996116529161,1
-223.76412956581413,731.18530033088132,162.57841992950256,0.012647053174934272,-0.012647053174934272,407,0.49999949656555703,1
-223.61546226823882,730.70791391388605,162.76923119377881,0.00067427531936682455,-0.00067427531936682455,407.5,0.49999975649987277,1
-223.46695590020212,730.23047732202815,162.61705342502611,0.011298502923626233,0.011298502923626233,408,0.49999984059230634,1
-223.31600999196036,729.75380716239511,162.25581141921174,0.0096534147701883097,0.0096534147701883097,408.5,0.49999910829872918,1
-223.1627890802306,729.27786265278075,162.09184598843984,0.0017936908699621114,0.0017936908699621114,409,0.49999982402331322,1
-223.00913393658556,728.80205799481337,162.14348009259018,0.0036774387129934736,-0.0036774387129934736,409.5,0.49999997571203958,1
-222.85622701124046,728.32601239375197,162.23895645589491,0.0029880529330393265,-0.0029880529330393265,410,0.49999994210839671,1
-222.70403147311447,727.849738857072,162.3146822553586,0.0022985975480844896,-0.0022985975480844896,410.5,0.4999999635671053,1
-222.5522778220456,727.3733243038314,162.32928643959553,0.0015275147371575028,0.0015275147371575028,411,0.49999999715217552,1
-222.40016030345939,726.89702587584861,162.22685626063355,0.0056234432789977586,0.0056234432789977586,411.5,0.49999993195969167,1
-222.24679939902524,726.42112646749024,162.06838606823433,0.002089818668291687,0.002089818668291687,412,0.49999981388467579,1
-222.09298691455359,725.94537267104351,162.14468341034075,0.0074165217752954803,-0.0074165217752954803,412.5,0.4999999552128091,1
-221.94093722823999,725.46905332181541,162.48691937973857,0.013998006291028611,-0.013998006291028611,413,0.49999922955655807,1
-221.79176277545673,724.99182535255682,162.75022263285229,0.0043841829096011673,-0.0043841829096011673,413.5,0.49999955200566354,1
-221.6436347001187,724.51427109977885,162.73812465570506,0.0052287450060505888,0.0052287450060505888,414,0.49999999104966986,1
-221.49456525211093,724.03701001265415,162.58859458719206,0.002809349289963231,0.002809349289963231,414.5,0.49999984561276878,1
-221.34483026096615,723.5599571541303,162.58573625269997,0.0026098319178617861,-0.0026098319178617861,415,0.49999999739890272,1
-221.19570461503844,723.0827136025124,162.72607614201934,0.0059183027765977812,-0.0059183027765977812,415.5,0.49999986583420908,1
-221.04794601937553,722.60504508654731,162.8973949972611,0.0060419482185536241,-0.0060419482185536241,416,0.49999981373653352,1
-220.90163110749069,722.12693238797294,163.07214016564296,0.0058319807194363704,-0.0058319807194363704,416.5,0.49999980597789251,1
-220.75617568651134,721.64855733227489,163.03469618160784,0.0084462172149320641,0.0084462172149320641,417,0.49999997340639246,1
-220.60870160621243,721.17080204705223,162.58816122137563,0.022728579578522711,0.022728579578522711,417.5,0.49999871691654357,1
-220.45620565113259,720.69462751673814,161.95309291131878,0.01331889666136099,0.01331889666136099,418,0.49999719962772221,1
-220.300602821821,720.21945629419474,161.88886748295047,0.008834663524368503,-0.008834663524368503,418.5,0.49999993122315156,1
-220.14707869600832,719.74361141605266,162.42843956543192,0.022797173427451991,-0.022797173427451991,419,0.4999980052566233,1
-219.99849261687882,719.26620129399532,162.95288089074455,0.013815774674298677,-0.013815774674298677,419.5,0.49999824755080741,1
-219.85320764607704,718.78777489708705,163.22005644572283,0.0048372080568191908,-0.0048372080568191908,420,0.49999953999929819,1
-219.7090077014719,718.30901988443645,163.2007543064268,0.0064438114520433912,0.0064438114520433912,420.5,0.49999998616219476,1
-219.56326600879197,717.83073276545542,162.85034959706411,0.01801961255939136,0.01801961255939136,421,0.49999920916776025,1
-219.41336699227736,717.35373384181185,162.27452970927163,0.014573887571753976,0.014573887571753976,421.5,0.4999976883038349,1
-219.2601520402815,716.87778740617966,162.12703769154604,0.0042762679210526216,-0.0042762679210526216,422,0.49999983110604451,1
-219.10795259069528,716.40151612843727,162.51203708688689,0.019184382578330689,-0.019184382578330689,422.5,0.4999990024557302,1
-218.95956078941882,715.9240447984306,162.90745878455468,0.0084212170655174143,-0.0084212170655174143,423,0.4999989976634015,1
-218.81318050070323,715.44595196969863,162.99455209359596,0.0023407876884664687,0.0023407876884664687,423.5,0.49999994180939683,1
-218.66649733279692,714.96795199561654,162.89482049734886,0.0019372417333782992,0.0019372417333782992,424,0.49999992696949386,1
-218.51935935327671,714.49009175074229,162.89573062533935,0.002000804391528672,-0.002000804391528672,424.5,0.4999999986485682,1
-218.37268336116415,714.01208957101232,162.99435334987095,0.0031975818760209408,-0.0031975818760209408,425,0.49999993048880192,1
-218.22670560459974,713.53387363619458,163.04029171448815,9.5353142904882331e-06,-9.5353142904882331e-06,425.5,0.49999998572518189,1
-218.08073012892388,713.05565700479906,162.99490016688668,0.0031784606278554227,0.0031784606278554227,426,0.49999998604208007,1
-217.9340646812206,712.57765159933899,162.88358745133513,0.0045714061100024473,0.0045714061100024473,426.5,0.49999992119903747,1
-217.78630705754898,712.09998273858139,162.73298104669706,0.0059429066166261733,0.0059429066166261733,427,0.49999985589053092,1
-217.63719846566462,711.62273388126732,162.58278395472757,0.0028048423045400916,0.0028048423045400916,427.5,0.49999984398129332,1
-217.48743736694851,711.14568921872865,162.58788579291053,0.0031610305223939649,-0.0031610305223939649,428,0.49999999674529449,1
-217.33842633113713,710.66840993139749,162.75685601841116,0.0068159129012480427,-0.0068159129012480427,428.5,0.49999980690888168,1
-217.19083168704447,710.1906906418609,162.88198166296019,0.0019195167882970954,-0.0019195167882970954,429,0.49999989856017807,1
-217.04369558073947,709.71282982249511,162.86683786796078,0.0029767261097675699,0.0029767261097675699,429.5,0.49999999646353743,1
-216.89612491004854,709.23510303511785,162.82998646029552,0.0019899742427929236,-0.0019899742427929236,430,0.49999998622597119,1
-216.74903164007401,708.75722918886015,162.98521143702601,0.0088468742495680184,-0.0088468742495680184,430.5,0.49999984300889838,1
-216.60398916792366,708.27872940127963,163.28688228551357,0.0081868106708447332,-0.0081868106708447332,431,0.499999365441683,1
-216.46080708577395,707.79966905096762,163.38773599613256,0.0011457807877766535,0.0011457807877766535,431.5,0.49999992788978692,1
-216.31735102821986,707.32069078757308,163.22282239106897,0.0093064987671099154,0.0093064987671099154,432,0.49999981725337628,1
-216.17203406033795,706.84227395818618,162.99989029565933,0.0062570769723375814,0.0062570769723375814,432.5,0.499999683794908,1
-216.02522099997697,706.36431390979601,162.86431731099174,0.0032077342646207856,0.0032077342646207856,433,0.4999998825496807,1
-215.87765012412487,705.88658718551017,162.82052638250104,0.00028298173205121535,-0.00028298173205121535,433.5,0.49999998649663779,1
-215.73014752630084,705.40883938699506,162.88134452607346,0.0039629381539635208,-0.0039629381539635208,434,0.49999997535087176,1
-215.58357919237073,704.93080428007033,163.03350827090469,0.0046147678634863255,-0.0046147678634863255,434.5,0.49999983996355135,1
-215.43799961263261,704.45246698640801,163.08478206006092,0.0010351624224210069,0.0010351624224210069,435,0.49999998054492234,1
-215.29217249011862,703.97420516484942,162.97419709826519,0.0066851564310202007,0.0066851564310202007,435.5,0.49999991962124496,1
-215.14509809671534,703.49632547259159,162.83725684599656,0.0021689502905672259,0.0021689502905672259,436,0.49999987746736335,1
-214.99750564982611,703.01860540177347,162.8506794753381,0.0031060041944277134,-0.0031060041944277134,436.5,0.49999999644122356,1
-214.85055783453572,702.54068673117092,162.95206407114733,0.00043786905651695135,-0.00043786905651695135,437,0.49999991612911843,1
-214.70366445425046,702.06275133694623,162.83518775720268,0.0085974882981615861,0.0085974882981615861,437.5,0.49999990622432927,1
-214.55472421595184,701.58545067402326,162.47150809526624,0.012999495254471999,0.012999495254471999,438,0.49999911741037895,1
-214.40324034627372,701.10895041592903,162.33534987673022,0.0034935766367396254,-0.0034935766367396254,438.5,0.49999985873650804,1
-214.25258927082137,700.63218683517152,162.67169162444185,0.019987978736320938,-0.019987978736320938,439,0.49999925847111726,1
-214.1059426602983,700.1541771160513,163.13575364526281,0.0064159514807831256,-0.0064159514807831256,439.5,0.49999851994911132,1
-213.96081806063563,699.67570169973783,163.01794946739724,0.014640550259327515,0.014640550259327515,440,0.49999987344358332,1
-213.81231873822526,699.19826556860858,162.40666428490005,0.01673549898467093,0.01673549898467093,440.5,0.49999730805676201,1
-213.6602226822659,698.72196035520062,162.29767126602025,0.0091260029032189296,-0.0091260029032189296,441,0.49999986655797252,1
-213.51030248169002,698.24496838340553,162.92914071409712,0.033641717832685859,-0.033641717832685859,441.5,0.49999740769095635,1
-213.36643967411192,697.76611412609998,163.49410723369166,0.0058022043524477256,-0.0058022043524477256,442,0.49999790713953024,1
-213.22396635237612,697.28684286425721,163.26164926085735,0.022032119750893486,0.022032119750893486,442.5,0.49999958983462206,1
-213.07681891475801,696.80898920401603,162.5588396629675,0.015030069757961203,0.015030069757961203,443,0.49999648899114379,1
-212.92616975777852,696.33222432850789,162.49079713967899,0.010279422261772928,-0.010279422261772928,443.5,0.49999991501691227,1
-212.77794196046065,695.85470374420902,163.1025525792067,0.023123603445113459,-0.023123603445113459,444,0.49999738832002405,1
-212.63442859398194,695.37574319197859,163.42350686664139,0.00071564046946622406,0.00071564046946622406,444.5,0.49999929695044065,1
-212.49074387727535,694.89683420127812,163.06153639801886,0.024556083393449842,0.024556083393449842,445,0.49999911918801071,1
-212.34225868527119,694.41939339851569,162.45105446996268,0.01413417402886329,0.01413417402886329,445.5,0.49999757238105264,1
-212.19040468346591,693.94301108481534,162.2589608457921,0.00072278317473312853,-0.00072278317473312853,446,0.49999974667071656,1
-212.03861625214151,693.46660781796322,162.41623681437761,0.0050298627420993659,-0.0050298627420993659,446.5,0.49999980055125309,1
-211.88792525539478,692.98985610119723,162.47359216232138,0.0010257966276863799,0.0010257966276863799,447,0.4999999759398408,1
-211.73699106588282,692.51318138693841,162.3611804563954,0.0050139025088102853,0.0050139025088102853,447.5,0.49999991277735173,1
-211.58529953691624,692.03674705732988,162.36672272906037,0.005400790966875459,-0.005400790966875459,448,0.49999999038975501,1
-211.43489530616577,691.55990539405173,162.67062640137823,0.015815607897095758,-0.015815607897095758,448.5,0.49999940446515873,1
-211.28775167010392,691.08204782606833,163.02421337118821,0.0029180976920215114,-0.0029180976920215114,449,0.49999910491170474,1
-211.14128450008465,690.60398189422415,162.80859430425676,0.017972372344842617,0.017972372344842617,449.5,0.49999966708338994,1
-210.99061966284444,690.12722574447992,162.08373550226406,0.021978597390236963,0.021978597390236963,450,0.49999631948601947,1
-210.83517835020007,689.65200214532797,161.80998718527115,0.0028657072989418273,-0.0028657072989418273,450.5,0.49999947086725399,1
-210.68041839370116,689.1765570012127,162.24794514675048,0.027711054488715609,-0.027711054488715609,451,0.49999872919671817,1
-210.53059631651539,688.69953346143416,162.78860966280641,0.0093486373021255762,-0.0093486373021255762,451.5,0.49999811231154778,1
-210.38300516638782,688.22181301942487,162.7834627576249,0.0097078223442254585,0.0097078223442254585,452,0.49999996830952453,1
-210.23342439787399,687.74471279285501,162.41962023986633,0.0080043310320760605,0.0080043310320760605,452.5,0.49999903250126321,1
-210.08200162305332,687.26819299185001,162.3896288504252,0.0059105318026420129,-0.0059105318026420129,453,0.49999997748423397,1
-209.93196964760583,686.79123430770574,162.73169851516434,0.012369955021056674,-0.012369955021056674,453.5,0.49999918003664584,1
-209.78438461507182,686.31351206890076,162.85619953693868,0.0036779288026231641,0.0036779288026231641,454,0.49999987927688527,1
-209.63592144485085,685.83606264598222,162.52094350834642,0.019728073663906588,0.019728073663906588,454.5,0.49999926435676395,1
-209.4833272581121,685.35991869296242,161.97484819065176,0.014782381877909841,0.014782381877909841,455,0.49999804981998008,1
-209.32722264484639,684.88491257929388,161.6847223941825,0.0054728111995390938,0.0054728111995390938,455.5,0.49999945830503539,1
-209.1698251827244,684.41033273586788,161.66594405238459,0.0044772253323947979,-0.0044772253323947979,456,0.49999998886868996,1
-209.01349662154567,683.93540024081506,161.94562490301166,0.015048789606614132,-0.015048789606614132,456.5,0.499999493897057,1
-208.86074599683562,683.45930667194455,162.52545099634966,0.023069761014967223,-0.023069761014967223,457,0.49999783966450345,1
-208.71242246965636,682.98181382746429,162.84959771080412,0.0004386532129545791,0.0004386532129545791,457.5,0.49999928524422793,1
-208.56399423151979,682.50435363444421,162.50030908372236,0.023947906184568726,0.023947906184568726,458,0.49999917779442254,1
-208.41053277463584,682.02848985428159,161.81379428710727,0.014951481711265407,0.014951481711265407,458.5,0.49999675600908416,1
-208.2535552209113,681.55377107919287,161.69331447700006,0.0065396076817060278,-0.0065396076817060278,459,0.49999986779505756,1
-208.09807400957516,681.07856141512377,162.13045012978836,0.016653236169518422,-0.016653236169518422,459.5,0.49999863190134597,1
-207.94621642054699,680.60218070289795,162.45783597956051,0.0062026661769746571,-0.0062026661769746571,460,0.49999931032575051,1
-207.79583679798424,680.12533066917706,162.48584814462066,0.0042469787364882196,0.0042469787364882196,460.5,0.49999998554173286,1
-207.64475210908054,679.6487036987362,162.33387300290167,0.0057162929574534954,0.0057162929574534954,461,0.49999985217273796,1
-207.49230592726622,679.17251049463357,162.15904748585683,0.0064888187164014949,0.0064888187164014949,461.5,0.49999980598325661,1
-207.338356436688,678.69680117432483,161.98807271580949,0.0040686149025695902,0.0040686149025695902,462,0.49999980307785408,1
-207.18345740251002,678.22140000365198,161.94094649340838,0.00077856678035560507,-0.00077856678035560507,462.5,0.49999998386639238,1
-207.02874069471949,677.74593950333474,162.02722475080242,0.003544747171778577,-0.003544747171778577,463,0.49999994703145684,1
-206.87462121871647,677.27028502474309,162.0353745413872,0.0029757853139970765,0.0029757853139970765,463.5,0.49999999588773958,1
-206.71979425697299,676.79486057681561,161.85672678868119,0.0094960601521811416,0.0094960601521811416,464,0.49999979376982429,1
-206.56313682646845,676.32003615917051,161.68461637221861,0.00093673491893805786,-0.00093673491893805786,464.5,0.49999977812423879,1
-206.40670902157038,675.84513620970131,161.92308931191033,0.015712533988203038,-0.015712533988203038,465,0.49999962015093796,1
-206.25391679817164,675.3690561613206,162.50028915394648,0.016755455751895132,-0.016755455751895132,465.5,0.4999976759919057,1
-206.1048826560752,674.89178427787567,162.73453358354266,0.00040130567145254696,0.00040130567145254696,466,0.49999962623735095,1
-205.95575280660583,674.4145423658324,162.4776297421038,0.016742642947204008,0.016742642947204008,466.5,0.49999955461327517,1
-205.80368453910654,673.93822879988295,162.16582477916955,0.005025224285696797,0.005025224285696797,467,0.49999937108732423,1
-205.65041975915386,673.46229824645013,162.18969989689293,0.0066918732003937442,-0.0066918732003937442,467.5,0.49999998446481092,1
-205.49866138159749,672.98588587152301,162.5023285811431,0.013518367643939679,-0.013518367643939679,468,0.49999935614182989,1
-205.35011635856267,672.50846248878634,162.95284590936592,0.017933859082369327,-0.017933859082369327,468.5,0.49999871025047882,1
-205.20584157101382,672.02973213754228,163.50526239985098,0.015390808890555437,-0.015390808890555437,469,0.49999796352037357,1
-205.06477284269363,671.55004525949983,163.60556065157715,0.0083886928298823188,0.0083886928298823188,469.5,0.49999988707598297,1
-204.92169375339137,671.07095635060023,163.02452453019617,0.032176891833450079,0.032176891833450079,470,0.49999780842136909,1
-204.7722999606529,670.59380011991334,162.29614635077462,0.015732270289350779,0.015732270289350779,470.5,0.49999657378036244,1
-204.61915690156252,670.1178305966057,162.12634983398826,0.0038769205895253416,-0.0038769205895253416,471,0.49999978366521558,1
-204.46669556651366,669.64164253199704,162.37636987058704,0.0073430236875902206,-0.0073430236875902206,471.5,0.49999953156040478,1
-204.3159232247998,669.16491660035092,162.49085621386047,0.00064946979151759177,-0.00064946979151759177,472,0.49999991292972989,1
-204.16530678247625,668.6881413425042,162.416957464581,0.0040326248729728427,0.0040326248729728427,472.5,0.49999995919301393,1
-204.01419831466717,668.21152177314377,162.4514273324948,0.0064390671609685472,-0.0064390671609685472,473,0.49999998294092302,1
-203.86462534754187,667.73441884080921,162.78589588141358,0.016911214447199088,-0.016911214447199088,473.5,0.49999928053638271,1
-203.71851078661376,667.25624566330021,163.15451213399217,0.0037591471675268353,-0.0037591471675268353,474,0.49999905260337724,1
-203.57328324651044,666.77780158267819,162.98149221931024,0.01583917379683869,0.01583917379683869,474.5,0.49999977668665385,1
-203.42436117639454,666.30049743508948,162.32955255569613,0.020620066827873269,0.020620066827873269,475,0.49999703226418418,1
-203.27086969893165,665.82464066810076,162.0036599070294,0.0021327126424147513,0.0021327126424147513,475.5,0.4999992963422103,1
-203.116870693653,665.34894747552414,162.20733157192421,0.016352257305011667,-0.016352257305011667,476,0.49999970709045916,1
-202.96558359674472,664.87238516817729,162.50603151730908,0.0039195275895056968,-0.0039195275895056968,476.5,0.49999941847435281,1
-202.81523057158657,664.39552678450809,162.43174356433664,0.0091057570852238548,0.0091057570852238548,477,0.49999995024980404,1
-202.66297478016497,663.91927312893006,162.14406430417091,0.0036132695362803974,0.0036132695362803974,477.5,0.49999937047246096,1
-202.50993539497256,663.44327021304559,162.29438094517292,0.01410795458261194,-0.01410795458261194,478,0.4999998293505557,1
-202.36023434211813,662.96620946776545,162.91679421325765,0.021570973529224061,-0.021570973529224061,478.5,0.49999735990599725,1
-202.21495263254539,662.48778212228365,163.18231892453144,0.0030325360961177871,0.0030325360961177871,479,0.49999950004089505,1
-202.06894581069659,662.00957638135037,162.74300653195894,0.027639098436019513,0.027639098436019513,479.5,0.4999987226862998,1
-201.91744050070849,661.53308597992793,162.06604284407004,0.013676165027526031,0.013676165027526031,480,0.49999696159307366,1
-201.7626860181937,661.05763781328801,161.97487050103291,0.0073104074736468861,-0.0073104074736468861,480.5,0.49999990901967462,1
-201.60952401412933,660.58167540339605,162.38072429023708,0.014001165205838818,-0.014001165205838818,481,0.49999881511777522,1
-201.45956516077058,660.10469346487582,162.67995555647161,0.0068890839543417053,-0.0068890839543417053,481.5,0.49999942737485653,1
-201.31125005546534,659.62719732114999,162.77549668702869,0.00018902351619032979,0.00018902351619032979,482,0.49999993773474,1
-201.16289876386318,659.14971242794024,162.67272638035143,0.0069858151519886762,0.0069858151519886762,482.5,0.49999992896354711,1
-201.01288070141291,658.67274910097547,162.37523137567831,0.013783272161227865,0.013783272161227865,483,0.49999943433032379,1
-200.85987903708076,658.19673471819385,162.03666953204049,0.0053542405468298936,0.0053542405468298936,483.5,0.49999920190273206,1
-200.70562540243341,657.72112376877135,162.09546694292436,0.0094592592952513124,-0.0094592592952513124,484,0.49999995901249011,1
-200.55356604403997,657.24480805051326,162.52236995960948,0.013580146053919554,-0.013580146053919554,484.5,0.49999871193308942,1
-200.40445120943318,656.76756122494055,162.70680419958433,0.00070387932157401647,0.00070387932157401647,485,0.49999976641898136,1
-200.25516847361769,656.29036700189715,162.48205069553217,0.014986794783223076,0.014986794783223076,485.5,0.49999966171843502,1
-200.10343548686072,655.81394619925936,162.26722678724303,0.0010290445744528891,-0.0010290445744528891,486,0.49999968045612442,1
-199.95194780023866,655.33744753416886,162.54156128001438,0.018124031949073905,-0.018124031949073905,486.5,0.49999949703088237,1
-199.80451464702517,654.85968088672075,163.13924123276252,0.015332431593299497,-0.015332431593299497,487,0.49999750407404442,1
-199.660650242298,654.38082520595333,163.33577972113005,0.0016106265967274626,0.0016106265967274626,487.5,0.49999972995066255,1
-199.51640551142646,653.90208423378567,163.05794569918794,0.014019624769451558,0.014019624769451558,488,0.49999946081594787,1
-199.36942058631379,653.42417734635774,162.79755357476913,0.0041590809851942759,0.0041590809851942759,488.5,0.4999995612612389,1
-199.22144202334314,652.94657674610346,162.81964710022822,0.0057015395398840873,-0.0057015395398840873,489,0.49999998846210431,1
-199.07453802576109,652.46864473307983,162.99390351375169,0.004098315042655792,-0.004098315042655792,489.5,0.4999997935783686,1
-198.92860858125502,651.99041405818889,163.04565369590784,0.00048544011807314107,0.00048544011807314107,490,0.49999998118049055,1
-198.78255898543529,651.51222009034007,162.96294926792291,0.0055378103391140179,0.0055378103391140179,490.5,0.49999995532610769,1
-198.6351799552977,651.03443451362762,162.72429458269283,0.011123565803182267,0.011123565803182267,491,0.49999963583861051,1
-198.4851461514273,650.55747660500447,162.32627236361574,0.015692992053975376,0.015692992053975376,491.5,0.49999898890096733,1
-198.33215095658826,650.08145961716741,162.11893041087762,0.0012173936950407587,-0.0012173936950407587,492,0.49999970235321012,1
-198.17944563897538,649.60534978337466,162.39603930235393,0.018129254809277996,-0.018129254809277996,492.5,0.49999948786114762,1
-198.03068823073372,649.12799345763767,162.96070079002277,0.014958433597277832,-0.014958433597277832,493,0.49999782822318128,1
-197.88546807022851,648.64954733429875,163.21133888169936,0.0025400650150545949,-0.0025400650150545949,493.5,0.49999958795503474,1
-197.74086984839437,648.1709125194086,163.12385624706775,0.0056478514645267467,0.0056478514645267467,494,0.49999993178251267,1
-197.5951275662712,647.69262486800199,162.99260928468408,0.0035148300207187679,0.0035148300207187679,494.5,0.49999989028651448,1
-197.44854494246664,647.21459400834249,162.92247404361805,0.0013815170891511399,0.0013815170891511399,495,0.49999996838822724,1
-197.30170213560211,646.73664297945527,162.94160708720108,0.0029499331654204717,-0.0029499331654204717,495.5,0.49999999594220379,1
-197.15556461090978,646.2584759806773,163.09188890842518,0.0075417622986113063,-0.0075417622986113063,496,0.49999985484350834,1
-197.01114310297552,645.77978811584876,163.31801714240524,0.0052934373782378367,-0.0052934373782378367,496.5,0.49999964388798718,1
-196.86795036902302,645.30073089249902,163.36309387695587,0.0021464548708941735,0.0021464548708941735,497,0.49999998230035608,1
-196.72424499716061,644.8218273694921,163.19882225843048,0.0075500798092163774,0.0075500798092163774,497.5,0.49999981825052031,1
-196.57914451250616,644.34334457758632,163.10053072070289,0.00068800626923302846,-0.00068800626923302846,498,0.49999993279689781,1
-196.43420865697908,643.86481195431327,163.23824387236613,0.0089262578138160145,-0.0089262578138160145,498.5,0.49999987375394145,1
-196.29111788795478,643.3857246511194,163.47813422911042,0.0052348265625465065,-0.0052348265625465065,499,0.4999996122613844,1
-196.14927527774091,642.90626594179264,163.52792479912861,0.0017587459952843533,0.0017587459952843533,499.5,0.49999998002156987,1
-196.00703283435362,642.42692581330505,163.39719826710999,0.0052241583553335209,0.0052241583553335209,500,0.4999998714792715,1
-195.86361926616007,641.94793472683739,163.276136136437,0.0032275670584756993,0.0032275670584756993,500.5,0.49999991245746672,1
-195.71943287684002,641.46917564451712,163.21223916755264,0.0013242387943741588,0.0013242387943741588,501,0.49999997376929728,1
-195.57478982480995,640.99055433105104,163.148824430346,0.0031029506955037871,0.0031029506955037871,501.5,0.49999997420456471,1
-195.42940439409193,640.51215805885954,163.03445291071989,0.0048816877758406313,0.0048816877758406313,502,0.49999991671178468,1
-195.2829248948689,640.03409567022686,162.90807561429762,0.0026349529366533741,0.0026349529366533741,502.5,0.49999989111780185,1
-195.13582376128224,639.55622408346471,162.89246737616986,0.0015452946526978476,-0.0015452946526978476,503,0.49999999693705383,1
-194.98908751643989,639.07824039315426,162.98978195956306,0.0036663315430166261,-0.0036663315430166261,503.5,0.49999993375322654,1
-194.84306704672466,638.60003749528107,163.02736759174542,0.0010423528938816561,0.0010423528938816561,504,0.49999998911017429,1
-194.69679738939757,638.12191081192941,162.93006230156783,0.0057507386886578651,0.0057507386886578651,504.5,0.49999993798743769,1
-194.54963355983307,637.64405855010273,162.88847942013408,0.0042276576769006901,-0.0042276576769006901,505,0.49999997686496733,1
-194.40348087934552,637.16589658606097,163.17435706620404,0.015730870821054642,-0.015730870821054642,505.5,0.49999946986968735,1
-194.26095413462883,636.68664271870352,163.69133327276441,0.013743373834410065,-0.013743373834410065,506,0.49999814233315093,1
-194.1215985711938,636.20645545980528,163.87056879647406,0.0012298374959579324,0.0012298374959579324,506.5,0.49999977666845125,1
-193.98194833737503,635.72635401375805,163.62326941337579,0.014067588704234139,0.014067588704234139,507,0.49999958630210622,1
-193.83977509949935,635.24699357693999,163.39556597519507,0.0018290300448999923,0.0018290300448999923,507.5,0.49999965795434853,1
-193.69716346392016,634.76776313911955,163.51847020144243,0.010409270660293684,-0.010409270660293684,508,0.49999989113612314,1
-193.55655876362701,634.28794037282739,163.76095366133418,0.0013874982733041671,-0.0013874982733041671,508.5,0.49999956879660129,1
-193.41627114870042,633.80802460624716,163.57457194037681,0.014400084207666869,0.014400084207666869,509,0.4999997579140269,1
-193.27258911800433,633.32911632328626,162.99464930204044,0.018354264318494833,0.018354264318494833,509.5,0.49999766942807772,1
-193.12489632473824,632.85142775277302,162.73156940562052,1.3084180327346541e-05,1.3084180327346541e-05,510,0.49999953158150012,1
-192.97720039019191,632.37374015085675,162.9938922261278,0.018327321961250198,-0.018327321961250198,510.5,0.49999953410581749,1
-192.83275496514386,631.8950600492625,163.36287437344603,0.0065672558248327751,-0.0065672558248327751,511,0.49999912047881917,1
-192.68988186694693,631.41590739757919,163.36980946505844,0.0060829709992771871,0.0060829709992771871,511.5,0.49999998580353411,1
-192.54565253206349,630.93716184347375,163.07399858468045,0.01183269364447802,0.01183269364447802,512,0.49999940661629855,1
-192.39862174041741,630.4592694497087,162.71758458820642,0.013049802685818481,0.013049802685818481,512.5,0.49999919370990703,1
-192.24848285101487,629.98234454582564,162.33722778381733,0.010920239648898605,0.010920239648898605,513,0.49999905005399153,1
-192.09600985212063,629.50615983642945,162.21720768673021,0.0025411977755312207,-0.0025411977755312207,513.5,0.49999989285452839,1
-191.94414215347734,629.02978210963545,162.48284095856491,0.016003840354731048,-0.016003840354731048,514,0.49999953647641082,1
-191.79552845070086,628.55237987152259,162.88059018318017,0.0073158694046800117,-0.0073158694046800117,514.5,0.49999892960695902,1
-191.64865283770857,628.07443893742322,162.88601576998548,0.0069369327178572153,0.0069369327178572153,515,0.49999998217963426,1
-191.5002532687233,627.596969702416,162.57971778263794,0.007555448180166552,0.007555448180166552,515.5,0.49999930245290697,1
-191.35019227661834,627.12001930765814,162.55399652362158,0.0057598506354015842,-0.0057598506354015842,516,0.4999999804112053,1
-191.20150574636349,626.64263948276812,162.90952661316334,0.018423820550594907,-0.018423820550594907,516.5,0.49999918149058442,1
-191.05620436771591,626.16421830804848,163.2348376659051,0.0042874907430666929,-0.0042874907430666929,517,0.49999931105653755,1
-190.91192878798927,625.68548612874599,163.15519684251495,0.0098475999276310348,0.0098475999276310348,517.5,0.4999999424051591,1
-190.76560518310694,625.20737665205627,162.83374735183344,0.0071616663424410899,0.0071616663424410899,518,0.4999992690457466,1
-190.61760357428523,624.72978320903212,162.78197167047105,0.0035469411339833787,-0.0035469411339833787,518.5,0.49999997303347526,1
-190.47040190813735,624.25194292314507,162.99122416158721,0.0056815583446405181,-0.0056815583446405181,519,0.49999966933322471,1
-190.32433153017888,623.77375527131107,162.97767686028425,0.0066274817451496097,0.0066274817451496097,519.5,0.49999998568343551,1
-190.17667756905945,623.29605511057423,162.61147572893469,0.018938392532828502,0.018938392532828502,520,0.49999913580151895,1
-190.02530311776312,622.81952107299617,162.20193174781269,0.0079933282301290383,0.0079933282301290383,520.5,0.49999891347453596,1
-189.87202531782847,622.34359472556719,162.15529630479361,0.0047373629327932144,-0.0047373629327932144,521,0.49999997212989455,1
-189.71974264234294,621.86734942037583,162.38903693237452,0.0071052957144119785,-0.0071052957144119785,521.5,0.49999960396968379,1
-189.56909437924239,621.39058427942825,162.5136626777583,0.001595206399313625,-0.001595206399313625,522,0.49999989879796564,1
-189.41882816221681,620.91369849106115,162.48381555823292,0.002654932561613501,0.002654932561613501,522.5,0.49999999112568649,1
-189.26807250217607,620.43696721556989,162.42519817899566,0.0014373330344239009,0.0014373330344239009,523,0.49999997806584445,1
-189.11697426470417,619.96034438887273,162.40146240827681,0.00021973614506401595,0.00021973614506401595,523.5,0.49999999629591174,1
-188.96579859959371,619.48374611120425,162.4014265794093,3.2146192644967165e-05,-3.2146192644967165e-05,524,0.49999999999814349,1
-188.81463026084975,619.00714550970292,162.40267563985307,5.5054522870959717e-05,-5.5054522870959717e-05,524.5,0.49999999999003913,1
-188.66346111839496,618.53054516365012,162.39281804339652,0.001845725189991759,0.001845725189991759,525,0.49999999948817064,1
-188.51181854891425,618.05409533170541,162.27572156356285,0.0063291955051814107,0.0063291955051814107,525.5,0.49999991123884358,1
-188.35866923409284,617.57812799729311,162.03114063363518,0.0098122503009501465,0.0098122503009501465,526,0.49999961605767157,1
-188.20366682839133,617.10276062872413,161.89969352042056,0.00063542492677199161,-0.00063542492677199161,526.5,0.49999988087343938,1
-188.04881548323553,616.62734410332405,162.06754823741207,0.01108311820243232,-0.01108311820243232,527,0.49999981172001001,1
-187.89628799392921,616.15117741675681,162.36894305929607,0.0045612611086628674,-0.0045612611086628674,527.5,0.49999934839008958,1
-187.74481491080289,615.67467363896719,162.29284289996411,0.0098742621287663621,0.0098742621287663621,528,0.49999994515956636,1
-187.59103468416902,615.19891080809043,161.85162726107131,0.013808354355018268,0.013808354355018268,528.5,0.499998629345555,1
-187.43437493937509,614.72408707285319,161.71633784109866,0.0043629967929442693,-0.0043629967929442693,529,0.4999998551835193,1
-187.27875166379945,614.24892349530228,162.10161220257964,0.02253415278430124,-0.02253415278430124,529.5,0.4999990293309331,1
-187.12701571805331,613.77250417011783,162.45067402284101,4.8223121556509394e-05,-4.8223121556509394e-05,530,0.49999917063999594,1
-186.97529106874254,613.29608123513185,162.10317625094581,0.024309946088559287,0.024309946088559287,530.5,0.49999918218846168,1
-186.81823281521903,612.82139352199363,161.32721453719469,0.01722059072529443,0.01722059072529443,531,0.4999957199859304,1
-186.65722634650325,612.34802601410854,161.23810552817341,0.010998791841814006,-0.010998791841814006,531.5,0.49999988048964961,1
-186.4988087869379,611.87378910940799,161.9286603737859,0.030306793561122553,-0.030306793561122553,532,0.49999676494813133,1
-186.34686687755658,611.39743789694501,162.63514536016845,0.019015629444333576,-0.019015629444333576,532.5,0.49999682143129609,1
-186.19946034259928,610.91966141053251,163.01825529642824,0.0077318330983040954,-0.0077318330983040954,533,0.49999905751589763,1
-186.05395358381298,610.44130199105666,163.09900780843279,0.0019223057148512253,0.0019223057148512253,533.5,0.4999999510537641,1
-185.90798721180582,609.9630828154983,162.90838645006801,0.011385747517414516,0.011385747517414516,534,0.49999976162860021,1
-185.75945430043825,609.48565528931476,162.5440848661539,0.0088430352571235177,0.0088430352571235177,534.5,0.49999906851618592,1
-185.60888016920035,609.00886668538396,162.45873833473627,0.0028844648631472761,-0.0028844648631472761,535,0.49999994183632673,1
-185.45898341699944,608.53186503203608,162.69321207427942,0.0098149342012018321,-0.0098149342012018321,535.5,0.4999996136168442,1
-185.31106530022248,608.05424586537947,162.84990450776428,0.001124238822057806,-0.001124238822057806,536,0.49999983762857098,1
-185.1634156629317,607.57654352708096,162.75762950399826,0.007566145992166407,0.007566145992166407,536.5,0.49999993940796361,1
-185.01464009529556,607.09919064167002,162.67988702572546,0.003528435464199777,-0.003528435464199777,537,0.499999946735599,1
-184.86670737909012,606.62157636728773,162.96131400836953,0.016119306030080976,-0.016119306030080976,537.5,0.49999948361737595,1
-184.72222554088867,606.14290771142203,163.39454484724806,0.0076804296559582564,-0.0076804296559582564,538,0.49999868367661493,1
-184.57954778000817,605.6636968789652,163.36059225957962,0.010050491399990867,0.010050491399990867,538.5,0.49999996539383962,1
-184.43467741511498,605.18514551202611,162.96903925987601,0.0071957569220403852,0.0071957569220403852,539,0.49999883342219459,1
-184.2882752645767,604.70705945578084,163.08722361906808,0.015447627656319357,-0.015447627656319357,539.5,0.49999986685837489,1
-184.14554501750391,604.22786797677713,163.81355673455016,0.025844800575793768,-0.025844800575793768,540,0.49999639696623405,1
-184.00805599555082,603.74714342839377,164.120520438873,0.0044125565486580883,0.0044125565486580883,540.5,0.49999932257554675,1
-183.86950963594896,603.26672397272694,163.5697596926656,0.028530054432762311,0.028530054432762311,541,0.49999794713793055,1
-183.72584629987148,602.78780875909126,163.17509980536761,0.00097642869651563542,-0.00097642869651563542,541.5,0.49999893598348166,1
-183.58241694484173,602.30882373236238,163.62573425292553,0.030485641920218926,-0.030485641920218926,542,0.49999863571285391,1
-183.44438736083777,601.82825585163232,164.22922617638363,0.011154942370604139,-0.011154942370604139,542.5,0.49999765404418733,1
-183.3090397867731,601.3469233345163,164.26485686776789,0.0086669885387419335,0.0086669885387419335,543,0.49999995783842854,1
-183.1722461873795,600.86600016447062,164.02845755104289,0.0017217095243173663,0.0017217095243173663,543.5,0.4999995843216743,1
-183.03505517844144,600.38518997552035,164.19216050889241,0.013150580686900148,-0.013150580686900148,544,0.49999981073180372,1
-182.9007830421842,599.9035577900529,164.65477194188821,0.015157477866745032,-0.015157477866745032,544.5,0.4999985686511827,1
-182.77014244792332,599.4209273760008,165.03496756792819,0.011385554777781975,-0.011385554777781975,545,0.49999908143609029,1
-182.642234603426,598.93756504746841,165.29575069341558,0.0060990866044630231,-0.0060990866044630231,545.5,0.49999955732801121,1
-182.51578870752618,598.45381780802768,165.37503189474634,0.0005642920319920108,0.0005642920319920108,546,0.49999995625643462,1
-182.38924683813084,597.97009567270982,165.29674879940896,0.0018401179533306794,0.0018401179533306794,546.5,0.49999994890653648,1
-182.26235212580923,597.48646593505475,165.32726433508699,0.0039703455758871679,-0.0039703455758871679,547,0.49999999115949206,1
-182.13642820108831,597.00258278928811,165.5351187872684,0.012020473818181641,-0.012020473818181641,547.5,0.49999973357406907,1
-182.01349202313898,596.51793348039359,166.05726537625992,0.024434352750919486,-0.024434352750919486,548,0.49999825645768275,1
-181.89646815781617,596.03182583335854,166.90681125268867,0.028334893185224939,-0.028334893185224939,548.5,0.49999522953829112,1
-181.78566849891899,595.54425838718032,167.37145216244068,0.0041049616223708604,-0.0041049616223708604,549,0.49999857898246158,1
-181.67587937047017,595.05646131147864,167.16082780367447,0.012908053614748057,0.012908053614748057,549.5,0.49999963978853151,1
-181.56382801516997,594.56917870967231,167.01286829978696,0.0025788307822385064,-0.0025788307822385064,550,0.49999984024772942,1
-181.45240500702582,594.0817524711257,167.30741406109442,0.016677226265683107,-0.016677226265683107,550.5,0.49999942476726683,1
-181.34426635594221,593.59358736540901,167.67479666340586,0.0089707470646240486,-0.0089707470646240486,551,0.4999991382968258,1
-181.23831830806159,593.10494141020513,167.82183674756945,0.0021123858976433139,-0.0021123858976433139,551.5,0.49999985838680433,1
-181.13377515549098,592.61599341420413,168.11959653246566,0.018676779937049099,-0.018676779937049099,552,0.49999941354245464,1
-181.0338034064244,592.12609358891689,168.89205893242442,0.035251848460901805,-0.035251848460901805,552.5,0.49999618941337842,1
-180.94076759543498,591.63482822777519,169.53487049050352,0.0092709476099613729,-0.0092709476099613729,553,0.4999973171769464,1
-180.85000982831735,591.14313433056259,169.42331523443443,0.017058705576276412,0.017058705576276412,553.5,0.49999986084827119,1
-180.75670990512538,590.65191678351675,169.17478962687105,0.0027236867403003947,-0.0027236867403003947,554,0.49999955419315745,1
-180.66407984147295,590.16057314541411,169.58244822778761,0.025737218880622064,-0.025737218880622064,554.5,0.49999889939498687,1
-180.57673804693135,589.66826370934984,170.24474661958359,0.017333276693757237,-0.017333276693757237,555,0.49999716990364829,1
-180.49366445195787,589.17521392293145,170.57054402729761,0.0054127702529142546,-0.0054127702529142546,555.5,0.49999931406857417,1
-180.41249826704663,588.68184613021799,170.77808828641167,0.010921570396965464,-0.010921570396965464,556,0.49999972845992025,1
-180.3340285892566,588.18804315540535,171.19945332819862,0.018495333653650338,-0.018495333653650338,556.5,0.49999886826500056,1
-180.25979513017444,587.69358611995324,171.70422415948065,0.015330849697965625,-0.015330849697965625,557,0.4999983663527286,1
-180.18935277969621,587.19857399701925,172.07478287501419,0.010539349592142568,-0.010539349592142568,557.5,0.49999912659174645,1
-180.12154932396848,586.70319303783094,172.33501232935328,0.010705669028032806,-0.010705669028032806,558,0.4999996033347946,1
-180.05652802073348,586.20743999880722,172.76041897340338,0.018994166099517599,-0.018994166099517599,558.5,0.4999988455743043,1
-179.99621804107699,585.71109343478611,173.42332155817289,0.027284620282732576,-0.027284620282732576,559,0.49999720525391783,1
-179.94236906199234,585.2140054625005,174.1986242336491,0.025572563776710723,-0.025572563776710723,559.5,0.49999616472477143,1
-179.89487934228356,584.71626885784406,174.88595546456463,0.022413865679999298,-0.022413865679999298,560,0.49999700108394451,1
-179.85295695992971,584.21803165786082,175.47097353118667,0.017161127308621474,-0.017161127308621474,560.5,0.49999779358448954,1
-179.81526282825519,583.71945541051275,175.84161720874664,0.0087142754572871357,-0.0087142754572871357,561,0.49999912198160862,1
-179.77974136495439,583.2207188924807,175.97026660364313,0.00026737041036395718,-0.00026737041036395718,561.5,0.49999988877374746,1
-179.74490192262056,582.72193423872011,176.0800627587048,0.0082102798220931791,-0.0082102798220931791,562,0.49999991756920203,1
-179.71211054919883,582.22301150831731,176.44131575498255,0.017010471536438539,-0.017010471536438539,562.5,0.49999916508276765,1
-179.68347013660104,581.72383447677089,176.98439916534568,0.015119565737104585,-0.015119565737104585,563,0.49999798205319829,1
-179.65845064777628,581.2244611854818,177.20996844690382,0.00062877942881725709,-0.00062877942881725709,563.5,0.4999996588738338,1
-179.63358820097667,580.72507995578042,177.02055369908629,0.013381233709457565,0.013381233709457565,564,0.49999975383886958,1
-179.60658218709963,580.22580999433501,176.86205717791373,0.0023160871345274258,-0.0023160871345274258,564.5,0.49999981918719227,1
-179.58015444460267,579.72650946879003,177.15328084143869,0.018015810753397171,-0.018015810753397171,565,0.49999944038266747,1
-179.55798227367933,579.22700380101026,177.75856871560273,0.018348363369258058,-0.018348363369258058,565.5,0.49999751730140601,1
-179.54033502142278,578.72731631435624,178.15209688008511,0.0091259217883213409,-0.0091259217883213409,566,0.49999900982982842,1
-179.52500227273373,578.22755160180282,178.30119097779544,0.0022112745370592548,-0.0022112745370592548,566.5,0.49999986109595329,1
-179.5102325777107,577.72776979694265,178.28775733742594,0.0031491972378043854,0.0031491972378043854,567,0.49999999636035547,1
-179.49468214856429,577.22801184237039,178.12870530942504,0.0064396679587288277,0.0064396679587288277,567.5,0.49999982900485723,1
-179.47764870084148,576.72830220959065,177.97802754556216,0.004079676177223524,0.004079676177223524,568,0.49999985543416819,1
-179.45959595360429,576.22862826186258,177.89495469528813,0.0017199253178001789,0.0017199253178001789,568.5,0.49999995572096184,1
-179.44111875925401,575.72896978691949,177.8817271286307,0.00083452654199658264,-0.00083452654199658264,569,0.49999999829351205,1
-179.42285013003624,575.22930366554465,177.94290111024384,0.003436167915529038,-0.003436167915529038,569.5,0.49999997566327609,1
-179.40540415159671,574.72960820635183,178.04658445361639,0.0002321156133038673,-0.0002321156133038673,570,0.49999991410162981,1
-179.38787013089143,574.22991594435143,177.87451210837568,0.012245597122471849,0.012245597122471849,570.5,0.49999979858512344,1
-179.36727695609844,573.73034199790936,177.34536140273502,0.023753949030688434,0.023753949030688434,571,0.49999820680854284,1
-179.34192537517842,573.23098623751571,176.93053553418218,0.0052069197820653708,0.0052069197820653708,571.5,0.499998878092211,1
-179.31527368405349,572.73169717149426,177.04698825582352,0.013336781569879896,-0.013336781569879896,572,0.49999988408837392,1
-179.29161592618712,572.23225867434519,177.49795682061972,0.0085276615302950186,-0.0085276615302950186,572.5,0.49999850193954315,1
-179.26997235748448,571.73272739898493,177.43909554618216,0.012637766776907996,0.012637766776907996,573,0.49999993912922502,1
-179.24518898264887,571.23334475101569,176.80001186859329,0.025239862014661107,0.025239862014661107,573.5,0.49999724475342228,1
-179.21491682442002,570.73426332434678,176.34830701398829,0.0062962093886530018,0.0062962093886530018,574,0.49999867400794767,1
-179.18307342834188,570.23527844024227,176.43920054030764,0.012641528962363922,-0.012641528962363922,574.5,0.49999991643857888,1
-179.15349639921533,569.73615451945545,176.70635233370328,0.00096109369262251836,-0.00096109369262251836,575,0.4999994889532946,1
-179.12415232000353,569.2370166903072,176.47996317063948,0.016767071901471885,0.016767071901471885,575.5,0.49999964747149483,1
-179.09072468167079,568.7381383004124,175.82471395547293,0.021802340089927801,0.021802340089927801,576,0.49999705489985752,1
-179.05207960413384,568.23963533985545,175.36436214954978,0.010337389000388761,0.010337389000388761,576.5,0.49999864370003977,1
-179.01085798833699,567.74133758121036,175.23127537918054,0.00010687289304777823,-0.00010687289304777823,577,0.49999987787961225,1
-178.96922210026611,567.2430741484593,175.20596024069988,0.0018742186244943549,0.0018742186244943549,577.5,0.49999999559232094,1
-178.92711932082295,566.74484998918513,175.12389716446845,0.0038546158402182041,0.0038546158402182041,578,0.49999995692129356,1
-178.8839025100151,566.24672147518993,174.90573311115219,0.014117562665046763,0.014117562665046763,578.5,0.49999970919138081,1
-178.83715192886498,565.74891428168087,174.29547699787963,0.028489492882755662,0.028489492882755662,579,0.4999976187415715,1
-178.78336715543074,565.25182179187652,173.32780051826759,0.031289324353725403,0.031289324353725403,579.5,0.49999374523413376,1
-178.72225354005943,564.75557303965343,172.73049417813633,0.010412936512607081,0.010412936512607081,580,0.49999769806143329,1
-178.65855647109305,564.25964699111694,172.73105204399153,0.010451529647648202,-0.010451529647648202,580.5,0.49999996221192233,1
-178.59633991202062,563.76353321575209,172.90694225873341,0.0010182346891744012,0.0010182346891744012,581,0.49999977832952552,1
-178.53386972527866,563.26745147126678,172.66874401516719,0.015611412421212915,0.015611412421212915,581.5,0.49999962144301985,1
-178.46762315253264,562.77186188778217,172.07270759968412,0.022408185132094097,0.022408185132094097,582,0.49999764365349714,1
-178.39588646373818,562.27703745834469,171.42876283796048,0.022548597701898265,0.022548597701898265,582.5,0.49999736848038767,1
-178.31857610956123,561.78305320061179,170.78167095351398,0.022371114586306515,0.022371114586306515,583,0.49999733774380567,1
-178.23577728455618,561.28995898001347,170.16109215748702,0.020953861263904729,0.020953861263904729,583.5,0.49999755580371141,1
-178.14781686637963,560.79775899049309,169.58107361102333,0.019539683191251784,0.019539683191251784,584,0.49999786484508957,1
-178.05514600738042,560.30642354109432,169.08306689558037,0.014470484548481958,0.014470484548481958,584.5,0.49999841194102668,1
-177.95892419617036,559.81577022549573,168.75481669494113,0.0084458304402293474,0.0084458304402293474,585,0.49999931305996415,1
-177.86059254010161,559.32553488765973,168.56835820918894,0.0073116064131944821,0.0073116064131944821,585.5,0.49999980104835828,1
-177.76038945151711,558.83567895756357,168.28583917430495,0.012412397677218067,0.012412397677218067,586,0.49999949121198212,1
-177.65714894407057,558.34645484556108,167.85951313877987,0.015923620274140841,0.015923620274140841,586.5,0.49999883414108454,1
-177.55046834691876,557.85796877999769,167.5508209236705,0.0056268177364437134,0.0056268177364437134,587,0.49999938605789279,1
-177.44241367717831,557.36978420634478,167.53709543594181,0.0046676272021717747,-0.0046676272021717747,587.5,0.49999998960539771,1
-177.33493794813498,556.88147188308324,167.55022790325364,0.01045315305823539,0.01045315305823539,588,0.4999999573824751,1
-177.22488586001296,556.39373646997603,166.90356032474909,0.034699579027931519,0.034699579027931519,588.5,0.49999729529155434,1
-177.10650762502996,555.90796256695239,165.67584614399181,0.037177564820751047,0.037177564820751047,589,0.49998969127024245,1
-176.97973347736792,555.42430335742279,165.1178482025696,0.001785748450068392,0.001785748450068392,589.5,0.49999791547389616,1
-176.85252675323929,554.94075705637829,165.57155866230838,0.030739196198784128,-0.030739196198784128,590,0.49999857591532504,1
-176.73047207491359,554.45588464771754,166.02883397063249,0.001184307446950763,-0.001184307446950763,590.5,0.49999859717969769,1
-176.60870424931616,553.97093974572817,165.63931854795842,0.028381041658550373,0.028381041658550373,591,0.49999896131512267,1
-176.48067142457836,553.48761597856242,164.7280260472246,0.023497895211040145,0.023497895211040145,591.5,0.49999426808478453,1
-176.34705045244647,553.00580209166139,164.37979272850481,0.00081638255023597087,0.00081638255023597087,592,0.49999918580348085,1
-176.21320260900214,552.52405089454146,164.64625785671709,0.013909025758277677,-0.013909025758277677,592.5,0.49999946112089644,1
-176.08236145004159,552.04147467979737,164.99844870579014,0.010677916447254581,-0.010677916447254581,593,0.49999921191424851,1
-175.95409846337785,551.5582064543803,165.25803715855113,0.0074446425787488774,-0.0074446425787488774,593.5,0.49999957144549106,1
-175.82720705946599,551.07457586585747,165.25832310910175,0.0085373618376253617,0.0085373618376253617,594,0.49999997454165845,1
-175.69825218630038,550.59149296948681,164.76727348455597,0.025746539758553663,0.025746539758553663,594.5,0.4999984440766046,1
-175.56328135680729,550.11005975500416,163.92109297956995,0.023492211274132743,0.023492211274132743,595,0.4999950647967919,1
-175.42286659143701,549.63018180517838,163.56505226341037,0.0013665037684500267,0.0013665037684500267,595.5,0.49999915306226489,1
-175.28212348198457,549.15039972305067,163.84092146756444,0.018741802003667755,-0.018741802003667755,596,0.49999946918886423,1
-175.14484319303253,548.66961589111816,164.24210615197347,0.0092655478739957723,-0.0092655478739957723,596.5,0.49999897078140748,1
-175.00979147891772,548.18820035337239,164.37179381236234,0.00021150440682935772,0.00021150440682935772,597,0.49999988546837515,1
-174.87471542857608,547.70679164055639,164.24345199331725,0.0083547406355127824,0.0083547406355127824,597.5,0.4999998881510474,1
-174.73763164530828,547.22595147706159,163.89545343667959,0.015940289853923269,0.015940289853923269,598,0.49999922646412409,1
-174.59686995853221,546.746175914015,163.40749952617892,0.01574400823473673,0.01574400823473673,598.5,0.49999844335829213,1
-174.45234851142325,546.26751889750551,163.00841738384628,0.012117522676106085,0.012117522676106085,599,0.49999898812720672,1
-174.30493430897283,545.78974435940358,162.71946362292846,0.0069132015374271964,0.0069132015374271964,599.5,0.49999945634230653,1
-174.15595513721436,545.31245495821281,162.65504140791705,0.0024158022520007669,-0.0024158022520007669,600,0.4999999661068858,1
-174.00755266096985,544.83498617767441,162.85787797757928,0.011744625754981157,-0.011744625754981157,600.5,0.49999973134425968,1
-173.86123250413684,544.35687511043045,163.02305918626837,0.0038647305102066203,0.0038647305102066203,601,0.49999978091674629,1
-173.71398523183149,543.87904960551828,162.62742894325504,0.023756830128641503,0.023756830128641503,601.5,0.49999897234488511,1
-173.56197744822254,543.40271842450306,162.04453733913888,0.012338449348636047,0.012338449348636047,602,0.49999776028003584,1
-173.40703782985511,542.9273305728816,161.93178313651174,0.0044658369156815765,-0.0044658369156815765,602.5,0.49999989480910106,1
-173.25307124998682,542.45162725328169,162.21958989138517,0.007090040640916246,-0.007090040640916246,603,0.49999935599430512,1
-173.10048313832527,541.9754793674166,162.15295267861691,0.011743152993768033,0.011743152993768033,603.5,0.49999994103422601,1
-172.94510245356238,541.50023787167288,161.54666947627913,0.030583822961025832,0.030583822961025832,604,0.49999763646852319,1
-172.78381631989251,541.02696815554282,160.91851319519219,0.011067815599081071,0.011067815599081071,604.5,0.49999744111345862,1
-172.61991289191425,540.55459581853927,160.91435384471282,0.010777014244851372,-0.010777014244851372,605,0.49999995846921541,1
-172.45845606158443,540.08138375148656,161.45318003512509,0.019676927419246384,-0.019676927419246384,605.5,0.49999796846032901,1
-172.30146821640264,539.60666966860595,161.91466908232815,0.012541093626057803,-0.012541093626057803,606,0.4999986440181608,1
-172.14745990838813,539.13097962538041,162.17175014277552,0.0054069283943527667,-0.0054069283943527667,606.5,0.49999957616122959,1
-171.99456081836473,538.65493146146571,162.15810878035921,0.006530906535233894,0.006530906535233894,607,0.49999998609653706,1
-171.84010822290233,538.17938592475014,161.79744069765229,0.018648717786334722,0.018648717786334722,607.5,0.49999916173447106,1
-171.68139762707767,537.70524612627446,161.22276747965429,0.010549381039817672,0.010549381039817672,608,0.49999760171982083,1
-171.52046097954863,537.23185500166937,161.37679746295805,0.021304400593426746,-0.021304400593426746,608.5,0.49999976137269858,1
-171.36436097018628,536.75685277692605,162.2649004487302,0.024799223834638253,-0.024799223834638253,609,0.49999432640183955,1
-171.21371010032982,536.28008884240126,162.50753100010877,0.0078580048074790802,0.0078580048074790802,609.5,0.49999953385185675,1
-171.06135400809924,535.80386901614054,161.95323681826642,0.018182711721281698,0.018182711721281698,610,0.49999770175827751,1
-170.90504555264965,535.32892982205783,161.70289771091024,0.00070539571016891536,-0.00070539571016891536,610.5,0.49999957132078504,1
-170.74882633102069,534.85396123240571,161.92602824522749,0.0083225696491364097,-0.0083225696491364097,611,0.4999996063623281,1
-170.59437556361698,534.37841432832522,162.04958695045269,0.00030345763273699293,-0.00030345763273699293,611.5,0.49999989753212348,1
-170.43999694342125,533.90284397127334,161.94341461158086,0.0077157119588636986,0.0077157119588636986,612,0.49999992287998285,1
-170.28426910381106,533.42771377919314,161.79877072688208,0.001160742683633085,0.001160742683633085,612.5,0.49999985945580683,1
-170.12826587781959,532.95267383589521,161.87850904470523,0.0067275443672367872,-0.0067275443672367872,613,0.49999995424824323,1
-169.97357988131009,532.47720353863258,162.07133873102558,0.0058761445132803703,-0.0058761445132803703,613.5,0.49999976109509536,1
-169.82029112036298,532.00128082789149,162.21384900423431,0.0040729700409647112,-0.0040729700409647112,614,0.49999987083182762,1
-169.66806944569916,531.52501572003428,162.3453136903976,0.0055395717043080477,-0.0055395717043080477,614.5,0.49999989119969201,1
-169.51716789024832,531.04833081510867,162.53219660691198,0.0075072824503695582,-0.0075072824503695582,615,0.49999977802136808,1
-169.36771972294858,530.57118810592624,162.63413798163796,0.0020118443265157208,0.0020118443265157208,615.5,0.49999991963519369,1
-169.21779022369589,530.09419667633563,162.41310168152259,0.013419638112606028,0.013419638112606028,616,0.49999967864895561,1
-169.06507450341022,529.61809057833614,162.04401418268634,0.0097841915451969824,0.0097841915451969824,616.5,0.49999910777387574,1
-168.91003479595855,529.14273547906475,161.86004453524788,0.0030595106623335418,0.0030595106623335418,617,0.4999997812899557,1
-168.75400789838611,528.66770333830129,161.7502156903827,0.0067504528559290461,0.0067504528559290461,617.5,0.49999992752439293,1
-168.59637415068349,528.19320246061886,161.46531153023253,0.013139867344447132,0.013139867344447132,618,0.49999948133590083,1
-168.43564091671104,527.71974339346718,161.01547291289864,0.015106029550732323,0.015106029550732323,618.5,0.49999866076958793,1
-168.27155764530423,527.24743407596588,160.71277039425621,0.0060268966282705609,0.0060268966282705609,619,0.49999941135375725,1
-168.10604293766878,526.77562387932323,160.6579459737344,0.00023177683376247708,0.00023177683376247708,619.5,0.49999998009962515,1
-167.94027145079335,526.30390384395844,160.60006155586285,0.0038093485209109209,0.0038093485209109209,620,0.49999997762545495,1
-167.77360521518042,525.83249934013975,160.44454169064997,0.0060503542997784633,0.0060503542997784633,620.5,0.49999984031390154,1
-167.60559965961764,525.36157047926542,160.29545963595291,0.0043575584751837275,0.0043575584751837275,621,0.49999985870432845,1
-167.43656767742203,524.89100898068216,160.19363526024432,0.0030550644014448623,0.0030550644014448623,621.5,0.49999993495389961,1
-167.26678439252186,524.42071802138548,160.10507570290986,0.0031275687252196099,0.0031275687252196099,622,0.49999995022768012,1
-167.09626660480936,523.95069288112131,160.0157028980517,0.002778084356769189,0.002778084356769189,622.5,0.49999994840671436,1
-166.92513514731593,523.48089078773808,159.96397573477282,0.00083313985365518473,0.00083313985365518473,623,0.49999998269109708,1
-166.75380799195028,523.01116000803029,159.96796676552168,0.0011117289249490861,-0.0011117289249490861,623.5,0.49999999957057079,1
-166.58258010950149,522.5413930386552,159.94551245525395,0.0049010919007632181,0.0049010919007632181,624,0.49999999324375016,1
-166.41019228526415,522.07205098233192,159.67481140996989,0.013997927304492848,0.013997927304492848,624.5,0.49999952777883305,1
-166.23453240105684,521.60392509713722,159.1580971539683,0.018128650746982482,0.018128650746982482,625,0.49999823930594089,1
-166.05510744149424,521.13722810784861,158.85464920809733,0.0030565381278866472,0.0030565381278866472,625.5,0.49999939592472459,1
-165.87496922942566,520.67080544504233,158.98294670462326,0.01201336875497102,-0.01201336875497102,626,0.49999987582655225,1
-165.69717702410102,520.20348418111291,159.31049594735276,0.0047371103040686991,-0.0047371103040686991,626.5,0.49999923199419882,1
-165.52046735250968,519.73575175746726,159.22133968859774,0.010961939437342985,0.010961939437342985,627,0.49999992816335437,1
-165.34120939617659,519.26899188421385,158.70222566857427,0.020516493396780019,0.020516493396780019,627.5,0.49999819418499292,1
-165.15766419668904,518.80390047498463,158.28041058233387,0.0089321700443744916,0.0089321700443744916,628,0.49999885919244347,1
-164.9720432185309,518.33963246033557,158.190413626657,0.0026488211577782531,-0.0026488211577782531,628.5,0.49999993695856537,1
-164.7867015804936,517.87525284745266,158.26813766304468,0.0008911264392135026,0.0008911264392135026,629,0.49999994765162653,1
-164.6011420282818,517.41096036215959,158.12251230609195,0.0092756758886005618,0.0092756758886005618,629.5,0.49999985931664109,1
-164.41343919093129,516.94753105805751,157.74761628427245,0.014749901726262693,0.014749901726262693,630,0.49999907504911456,1
-164.22249515535719,516.48542777950036,157.36386130835524,0.012041312567329779,0.012041312567329779,630.5,0.49999906477371353,1
-164.02877228263102,516.02448217201993,157.05769109367114,0.0093336096845006138,0.0093336096845006138,631,0.49999940447242375,1
-163.8327433935402,515.56451249305906,156.75587780802243,0.013004592745330288,0.013004592745330288,631.5,0.49999943092122923,1
-163.63372564560734,515.10582887562089,156.30805258249393,0.018259907397185273,0.018259907397185273,632,0.49999872489680447,1
-163.43054303815069,514.64897592120724,155.7260957549675,0.019979454946645912,0.019979454946645912,632.5,0.49999779392449678,1
-163.22293383745287,514.1941167302441,155.23453748596498,0.014338079460830178,0.014338079460830178,633,0.49999846381566354,1
-163.01206868288639,513.74075683698811,154.90455585602558,0.0086995018349537798,0.0086995018349537798,633.5,0.49999930622294791,1
-162.79904320747664,513.28840769079625,154.6532600011073,0.009689711879272183,0.009689711879272183,634,0.49999960323390108,1
-162.58382816935176,512.8370963856562,154.34760739165802,0.011648763586384317,0.011648763586384317,634.5,0.49999940678195981,1
-162.36598918411687,512.38704600167375,153.98667404894951,0.013463137999849013,0.013463137999849013,635,0.49999917161022561,1
-162.14512853082215,511.93847102254176,153.57803855102082,0.015065325741322423,0.015065325741322423,635.5,0.49999894007591333,1
-161.9208952926254,511.49157266341689,153.12347838933894,0.016669181636850102,0.016669181636850102,636,0.49999868849898244,1
-161.69310534890022,511.04647657081478,152.68708459863575,0.013634784896881406,0.013634784896881406,636.5,0.49999879011052856,1
-161.46228611745647,510.60294333949594,152.34234305553554,0.010432884045985202,0.010432884045985202,637,0.49999924488784159,1
-161.22912903027623,510.16063426779391,152.06939051910797,0.0098554842368671382,0.0098554842368671382,637.5,0.49999954221207615,1
-160.99377639308588,509.71948969248672,151.7620166980231,0.011603270213524808,0.011603270213524808,638,0.49999940015505312,1
-160.75586848546644,509.27971814220501,151.40462064987199,0.013308432393061169,0.013308432393061169,638.5,0.49999918894437845,1
-160.51505571686988,508.84153073523657,151.00632878679656,0.014497852217315924,0.014497852217315924,639,0.49999899314384838,1
-160.27107297689105,508.40510063087015,150.57394143124685,0.015688674874038636,0.015688674874038636,639.5,0.49999881340345737,1
-160.02369472086022,507.97058632616978,150.11983127848643,0.015548869987374486,0.015548869987374486,640,0.49999868254436564,1
-159.77294895437399,507.53800642648088,149.68663616770792,0.014693939689923094,0.014693939689923094,640.5,0.49999880902421179,1
-159.5190305680224,507.10728100516025,149.27583936669697,0.014480040505961984,0.014480040505961984,641,0.49999893549809488,1
-159.26195399121474,506.67843326053122,148.83287105383621,0.016445343302080209,0.016445343302080209,641.5,0.49999875441499553,1
-159.00136001556999,506.25171415217119,148.33357425209942,0.018412332894243568,0.018412332894243568,642,0.49999841757941488,1
-158.73691526604094,505.82737085241786,147.81155633800932,0.017447257302189642,0.017447257302189642,642.5,0.49999826159600486,1
-158.468779664994,505.40534968708602,147.33599950082703,0.01575300865949911,0.01575300865949911,643,0.49999856453478647,1
-158.19731397162565,504.98546259570912,146.89511192488766,0.016356788262480229,0.016356788262480229,643.5,0.49999879217945042,1
-157.9223867623185,504.5678344169433,146.37259384791597,0.020122588620327498,0.020122588620327498,644,0.49999826611367076,1
-157.64327204595611,504.15299414469132,145.74215784718064,0.023784331015321174,0.023784331015321174,644.5,0.49999747636578268,1
-157.35961152069385,503.74124836414637,145.16499570125015,0.016509018846943706,0.016509018846943706,645,0.4999978813841427,1
-157.07256117696537,503.33185706891226,144.79623814559642,0.0092357236160273189,0.0092357236160273189,645.5,0.49999913244735333,1
-156.78356125123858,502.92383893511908,144.59340850823014,0.0067899425572260945,0.0067899425572260945,646,0.49999975457409418,1
-156.49316237985076,502.51681530701944,144.39036431678517,0.0073851660892579208,0.0073851660892579208,646.5,0.49999973833464384,1
-156.20126410738851,502.11086568654855,144.17319913971119,0.0070711262406960591,0.0070711262406960591,647,0.49999969582681364,1
-155.90799590173344,501.70590444192777,144.02003632931655,0.0036216956554653685,0.0036216956554653685,647.5,0.4999998500929308,1
-155.61399477364969,501.30147482270024,143.96568909848486,0.00017247460459441909,0.00017247460459441909,648,0.49999998022304043,1
-155.31975059209677,500.89722201252204,143.90264799386244,0.005840283689456,0.005840283689456,648.5,0.49999997291472809,1
-155.0243254123161,500.49383203645385,143.62611128330283,0.01346534266502967,0.01346534266502967,649,0.49999950964048728,1
-154.72628118622825,500.09237415156008,143.21827042101981,0.0072899849232220017,0.0072899849232220017,649.5,0.49999879404623504,1
-154.42695773994413,499.69186782470524,143.34869964529247,0.016397533259072557,-0.016397533259072557,650,0.49999984334613262,1
-154.13093059849794,499.28892399747389,144.1566503720706,0.038034777589038789,-0.038034777589038789,650.5,0.4999957963589825,1
-153.84124530006684,498.88139649528495,144.92211049569022,0.015405139115705097,-0.015405139115705097,651,0.49999623715331115,1
-153.55470583227819,498.47164656959592,145.03947568995079,0.0072092367812964199,0.0072092367812964199,651.5,0.49999986820275288,1
-153.26714078685347,498.0626162096774,144.7925419195638,0.0001205338670759433,0.0001205338670759433,652,0.49999949068493033,1
-152.97960775532434,497.65356352434367,145.10372664572833,0.021848048112525081,-0.021848048112525081,652.5,0.49999934359864312,1
-152.69654885220527,497.24140805113734,146.01957099798219,0.03661527890277301,-0.03661527890277301,653,0.49999447669839453,1
-152.4206265578546,496.82444121945008,146.95417889294285,0.028634917912157842,-0.028634917912157842,653.5,0.49999445121625885,1
-152.15070131582053,496.40356452375181,147.66042062699012,0.020673693480661202,-0.020673693480661202,654,0.49999682925899441,1
-151.88533233331751,495.97979896216185,148.23139956668891,0.020418014906402392,-0.020418014906402392,654.5,0.49999794806013165,1
-151.6243047793206,495.55334578271152,148.83363259590621,0.021625542822600673,-0.021625542822600673,655,0.49999769820361084,1
-151.36789389383179,495.12410117386207,149.46081049435122,0.021170054472754475,-0.021170054472754475,655.5,0.49999747641709696,1
-151.116009385734,494.69218432003953,150.02572511455986,0.018269003731953434,-0.018269003731953434,656,0.49999797403152391,1
-150.86808048161413,494.25798415720072,150.50758780734685,0.015372133368524662,-0.015372133368524662,656.5,0.49999852290514563,1
-150.62358367441686,493.82184184340252,150.94176197779029,0.014990540395291393,-0.014990540395291393,657,0.49999880661348023,1
-150.38236265712564,493.383879201127,151.3664829266018,0.014660334081697295,-0.014660334081697295,657.5,0.49999885521065951,1
-150.14438361730424,492.94414655167179,151.80109299722972,0.016987974573893685,-0.016987974573893685,658,0.49999882638983439,1
-149.9101715511041,492.50239691903403,152.35797368756903,0.021890985748397797,-0.021890985748397797,658.5,0.49999802988546016,1
-149.68080904128161,492.05811125495171,153.05428142805948,0.025531884655891499,-0.025531884655891499,659,0.49999691221160286,1
-149.45651395715805,491.61124434479188,153.56562268983402,0.010165881112305434,-0.010165881112305434,659.5,0.49999832015496082,1
-149.23449252795641,491.16324163012052,153.6367861038305,0.0051966223617534776,0.0051966223617534776,660,0.49999994737764786,1
-149.01159405672459,490.71567491053599,153.45180301934118,0.00092860519510851983,-0.00092860519510851983,660.5,0.49999969695704488,1
-148.78899113693362,490.26796155730352,153.7734690420709,0.021531371895378994,-0.021531371895378994,661,0.49999930656165026,1
-148.5712212821507,489.81788268417313,154.67846009422567,0.037628098911691478,-0.037628098911691478,661.5,0.49999470166242505,1
-148.36087300558009,489.36428637263185,155.46774555307525,0.017475414496079478,-0.017475414496079478,662,0.49999601128416726,1
-148.15449499892574,488.90886591030937,155.6799223287166,0.0026597137743202427,0.0026597137743202427,662.5,0.49999967913253945,1
-147.94791437107679,488.45353715385471,155.56493116382569,0.005791454651170121,-0.005791454651170121,663,0.49999983225698746,1
-147.74276035659759,487.99756582528414,156.11435926028861,0.032571613155918076,-0.032571613155918076,663.5,0.49999802213143268,1
-147.54463413619112,487.53850331106372,157.16803847515979,0.029131451144992875,-0.029131451144992875,664,0.49999239111702959,1
-147.35309767196702,487.07664606808436,157.67396759362521,0.0061936956712808433,-0.0061936956712808433,664.5,0.49999833001717958,1
-147.16299898853515,486.61419356858664,157.5401135475297,0.0086351666645056672,0.0086351666645056672,665,0.49999982373418345,1
-146.97222395004445,486.1520198960348,157.75424895891103,0.023590611764105957,-0.023590611764105957,665.5,0.49999961891103945,1
-146.78691650427783,485.68763551506328,158.88777600838091,0.051903608520501493,-0.051903608520501493,666,0.49999170267801035,1
-146.61217126404563,485.21917572851225,160.111295788419,0.033515576672003118,-0.033515576672003118,666.5,0.49999047050842726,1
-146.44529924651812,484.74784716351058,160.8084676493599,0.015163918084177871,-0.015163918084177871,667,0.49999688641054063,1
-146.28221146803301,484.27519308291863,161.11181735572436,0.012920539126310835,-0.012920539126310835,667.5,0.49999950339118332,1
-146.12226912211423,483.80146660314841,161.6232459531318,0.022783925184154029,-0.022783925184154029,668,0.49999833165070456,1
-145.96751264402141,483.3260220706361,162.27186863166258,0.014217001603125607,-0.014217001603125607,668.5,0.49999707099896656,1
-145.81601844428772,482.8495250310815,162.34107593748365,0.0093841662848415056,0.0093841662848415056,669,0.49999992125724463,1
-145.66253276983184,482.37366716690894,161.91099772881552,0.0080429007237004958,0.0080429007237004958,669.5,0.49999855915596453,1
-145.5073915767419,481.89834517242747,162.06444677811467,0.018756952261266346,-0.018756952261266346,670,0.49999978823117536,1
-145.35647946657741,481.42166754028102,162.80003275333081,0.017351883677330388,-0.017351883677330388,670.5,0.49999602996728015,1
-145.2093219198149,480.94381342793719,162.80196806445792,0.017216513895705002,0.017216513895705002,671,0.49999989625306479,1
-145.0582528094869,480.467186502983,161.98548939642234,0.022460482087810044,0.022460482087810044,671.5,0.49999510166258465,1
-144.90242343231452,479.99208966476004,161.87304034203541,0.014609476113624745,-0.014609476113624745,672,0.49999980047933917,1
-144.74997558437013,479.51590215397181,162.71799350579914,0.029350913452959326,-0.029350913452959326,672.5,0.49999489174747719,1
-144.60370254316621,479.03777756028296,163.11215657115554,0.0018303743212316303,0.0018303743212316303,673,0.49999892967202475,1
-144.45702508995629,478.55977733739206,162.65942553674097,0.020383913152724305,0.020383913152724305,673.5,0.49999848836161115,1
-144.30629027649991,478.08304017604235,162.3353705673627,0.0022394885831807819,0.0022394885831807819,674,0.49999930499903367,1
-144.15501523371987,477.60647370275103,162.51832419892435,0.010928801787849487,-0.010928801787849487,674.5,0.49999974203335767,1
-144.00573674526629,477.12927800998847,162.693928571387,0.0013306866696284872,-0.0013306866696284872,675,0.49999979630608588,1
-143.85677622194683,476.65198282625192,162.59662030213332,0.0065169668414893824,0.0065169668414893824,675.5,0.49999992992570363,1
-143.70691972825244,476.17496813336123,162.57901051556252,0.0052876090747370754,-0.0052876090747370754,676,0.49999998593597583,1
-143.55832511244952,475.6975595286525,162.89959045344511,0.017093195848208138,-0.017093195848208138,676.5,0.49999933569511085,1
-143.41309908871045,475.2191158049306,163.29666836847338,0.010334492402365152,-0.010334492402365152,677,0.49999899473893733,1
-143.27034704087464,474.73992731672774,163.49165975469407,0.0032786991919734679,-0.0032786991919734679,677.5,0.49999975438739208,1
-143.12849665196634,474.2604708990479,163.53227228915452,5.0992049920919092e-05,-5.0992049920919092e-05,678,0.49999998928782141,1
-142.98665886273946,473.78101075220303,163.4956306933862,0.0026090511369879477,0.0026090511369879477,678.5,0.4999999908652758,1
-142.84433240736834,473.30169544728608,163.44946878941317,0.0010643688670768463,-0.0010643688670768463,679,0.49999998142613739,1
-142.70226747911622,472.82230263552719,163.56527894020644,0.0070207531569947612,-0.0070207531569947612,679.5,0.4999999118053633,1
-142.56178787041316,472.34244315385075,163.79305435625909,0.0061635730915076759,-0.0061635730915076759,680,0.49999964261602092,1
-142.4227588980921,471.86216107064138,163.89260565644599,0.00078645880359627261,-0.00078645880359627261,680.5,0.49999993459658143,1
-142.28393346320519,471.38182006275889,163.85047167255249,0.0025614331370089828,0.0025614331370089828,681,0.49999998522510303,1
-142.14452926005285,470.90164673425062,163.7684435768781,0.0031652070021007377,0.0031652070021007377,681.5,0.49999995726724938,1
-142.00436794591243,470.42169387670953,163.67294320833741,0.0026860231670448233,0.0026860231670448233,682,0.49999993944342508,1
-141.86363727847203,469.9419075964434,163.65026420337131,0.0011027265683630598,-0.0011027265683630598,682.5,0.4999999954898281,1
-141.72317101754655,469.46204388490025,163.73548364935226,0.0044026224320482766,-0.0044026224320482766,683,0.49999995211434606,1
-141.5836013125728,468.98191866301221,163.83941672399885,0.0028532764176618323,-0.0028532764176618323,683.5,0.49999993123949987,1
-141.44471670210748,468.50159476993144,163.89896457778605,0.0013039519499818901,-0.0013039519499818901,684,0.49999997728836304,1
-141.3061070864922,468.02119142503824,163.8992029843231,0.0013834856637908216,0.0013834856637908216,684.5,0.49999999932559502,1
-141.16716516978832,467.54088412459254,163.8195696143525,0.0041759621026306714,0.0041759621026306714,685,0.49999995907878547,1
-141.0273674244136,467.06082523767566,163.73846500825462,0.0012250687474783329,-0.0012250687474783329,685.5,0.4999999445197254,1
-140.88788155401116,466.58067578208386,163.90896981788836,0.010678483111775251,-0.010678483111775251,686,0.49999980774699065,1
-140.75082835921648,466.09982700021556,164.25378298439642,0.0064652722740080283,-0.0064652722740080283,686.5,0.49999912922689993,1
-140.61518522214607,465.61857771623664,164.17735218944131,0.01180147691252512,0.01180147691252512,687,0.49999993396451464,1
-140.47673870992813,465.13812957244153,163.6214822204557,0.018831463474016194,0.018831463474016194,687.5,0.49999785561688548,1
-140.33440722631488,464.65881608323343,163.41062493559684,0.0041100222654859037,-0.0041100222654859037,688,0.49999967216427998,1
-140.19306137231155,464.17921203426647,163.85699326424032,0.027053167485474643,-0.027053167485474643,688.5,0.4999986942277308,1
-140.05640911868889,463.69824968352441,164.31508978754977,0.0049086889941823376,-0.0049086889941823376,689,0.49999862124957933,1
-139.92093748104517,463.21695227615362,164.13826757318881,0.017253811209225596,0.017253811209225596,689.5,0.49999975894765619,1
-139.78193372897829,462.73666478443806,163.60787517783672,0.014289065419474343,0.014289065419474343,690,0.49999811778355097,1
-139.63951505186074,462.25737733264049,163.34149539191361,0.004308166093581884,0.004308166093581884,690.5,0.49999954104231398,1
-139.49602235635152,461.77840985660822,163.33154955404336,0.0016254914510447672,-0.0016254914510447672,691,0.49999999676122292,1
-139.35288130458696,461.29933720793008,163.40710977455777,0.003649610250448387,-0.003649610250448387,691.5,0.49999996341175224,1
-139.21061122193484,460.82000526253432,163.53576161026646,0.0043417592546356083,-0.0043417592546356083,692,0.49999989029470893,1
-139.06929675167697,460.34039064639887,163.61476892927374,0.0011740191431168509,-0.0011740191431168509,692.5,0.49999995951501519,1
-138.92826383340457,459.86069311841788,163.60302858857375,0.001993659019687477,0.001993659019687477,693,0.50000000238750109,1
-138.78712026131066,459.3810281540388,163.63437666780334,0.0043344786272517038,-0.0043344786272517038,693.5,0.49999998599621531,1
-138.64701664374871,458.9010587031616,163.85140763959691,0.010816922830841607,-0.010816922830841607,694,0.49999969742922007,1
-138.50915475760416,458.42044063791144,164.06945613700339,0.0013937191564839168,0.0013937191564839168,694.5,0.49999962429599393,1
-138.37092561390506,457.93992845966153,163.7341533254953,0.022016503532339811,0.022016503532339811,695,0.49999924961369852,1
-138.22759253647087,457.46091773596316,162.95062242553206,0.020177295043963213,0.020177295043963213,695.5,0.4999956444858179,1
-138.07978078751438,456.983265697197,162.8029496305939,0.0098663624591691056,-0.0098663624591691056,696,0.49999978326700323,1
-137.93432416117966,456.50489440416385,163.5035349266627,0.032490060671523276,-0.032490060671523276,696.5,0.49999672413215401,1
-137.79490965613041,456.02472547816268,163.95643740120099,0.00086897965962095202,0.00086897965962095202,697,0.49999860171328786,1
-137.65528650913907,455.54461749418823,163.45369483988515,0.034232997312501082,0.034232997312501082,697.5,0.49999829944888319,1
-137.50881180112057,455.06655883320906,162.58232959861959,0.017803221872188829,0.017803221872188829,698,0.49999492340053303,1
-137.35809887772106,454.58981418790279,162.46053096435139,0.0092984388681707462,-0.0092984388681707462,698.5,0.49999984210780185,1
-137.20934080706684,454.11245756877497,162.93893984520696,0.013586909616872126,-0.013586909616872126,699,0.49999830540703616,1
-137.06366346257082,453.63415023560458,163.11025002518664,0.0016272438843888243,0.0016272438843888243,699.5,0.49999979366394226,1
-136.91760384548567,453.15595974903584,162.85711837394493,0.013108620518722639,0.013108620518722639,700,0.49999955318770273,1
-136.76875156737657,452.67863150544918,162.51409394402623,0.010839005305144207,0.010839005305144207,700.5,0.49999925282324609,1
-136.61731452015459,452.20211673149902,162.2360851536809,0.0085697826742963615,0.0085697826742963615,701,0.49999950906383916,1
-136.46418387967847,451.72614304093526,162.1654740714734,0.0049953908735971388,-0.0049953908735971388,701.5,0.49999994716151247,1
-136.31224372792374,451.24978881316991,162.52497092685513,0.020102612159379019,-0.020102612159379019,702,0.49999916002445943,1
-136.16478978760622,450.77202864509718,163.12132493445017,0.01116419518884893,-0.01116419518884893,702.5,0.49999744270550994,1
-136.01986939662098,450.29349130497729,163.05215026817609,0.015994488002976738,0.015994488002976738,703,0.49999990561232321,1
-135.87115748326465,449.81612313860148,162.24892804237089,0.030487981364903112,0.030487981364903112,703.5,0.49999559942373745,1
-135.71608011621097,449.34078192765918,161.73297470572732,0.0055347066076670004,0.0055347066076670004,704,0.49999825658935765,1
-135.55968726816974,448.86587038602221,161.93172761447278,0.019411034193802329,-0.019411034193802329,704.5,0.49999969529836014,1
-135.40662927179091,448.38987445005642,162.34465515756375,0.0065644197238265995,-0.0065644197238265995,705,0.4999988813101946,1
-135.25513338031121,447.91337789959897,162.30450035672951,0.0093679403144620345,0.0093679403144620345,705.5,0.49999996773308103,1
-135.10160785801986,447.43753240766068,161.9356311623236,0.0095622517135511634,0.0095622517135511634,706,0.49999901819185716,1
-134.94589828013406,446.96239616805508,161.83136739222132,0.0022830765790689731,-0.0022830765790689731,706.5,0.49999991883192157,1
-134.79072224543347,446.48708568531453,162.05327448290046,0.010420646049695493,-0.010420646049695493,707,0.49999965674833846,1
-134.63777249773185,446.01105421114562,162.30727724056163,0.0073120948091420111,-0.0073120948091420111,707.5,0.49999958972124448,1
-134.48656409545134,445.53446650088932,162.47222895431571,0.0042037561050891929,-0.0042037561050891929,708,0.49999982648753211,1
-134.33636874477133,445.05755842268883,162.55260123775471,0.0014458077879649484,-0.0014458077879649484,708.5,0.49999995841877809,1
-134.18651819941797,444.58054184711017,162.55513532655772,0.0012688868874315804,0.0012688868874315804,709,0.49999999931949007,1
-134.03633828676365,444.10362891889741,162.46255914256579,0.0061590094702177458,0.0061590094702177458,709.5,0.49999994726132191,1
-133.88467701009392,443.62718544255182,162.19123161105307,0.012783265736795316,0.012783265736795316,710,0.49999952899314432,1
-133.72998291832934,443.1517189131884,161.74659103539244,0.013622176887097019,0.013622176887097019,710.5,0.49999868257002578,1
-133.57264673135023,442.67711881718566,161.67882045839619,0.0088908769038173515,-0.0088908769038173515,711,0.4999999268589353,1
-133.41742274761231,442.20182590110733,162.25609017909457,0.031411492055308417,-0.031411492055308417,711.5,0.49999784119705493,1
-133.26851326539526,441.7245183338315,162.9728301905825,0.011521892510184623,-0.011521892510184623,712,0.49999654766100188,1
-133.122345740725,441.24636046548136,162.89587964519484,0.016894510605607059,0.016894510605607059,712.5,0.49999989233336767,1
-132.97233610737626,440.7693980079116,162.15464966189927,0.02251078111450695,0.02251078111450695,713,0.49999607601300311,1
-132.81727868606768,440.29404926967533,161.81459314299798,0.0012309502723100536,0.0012309502723100536,713.5,0.49999922684509118,1
-132.66192806933333,439.81879598212413,162.08145512727512,0.017479698368731901,-0.017479698368731901,714,0.49999950144771638,1
-132.50960387402725,439.34256413487219,162.37561242853286,0.0030561687461439046,-0.0030561687461439046,714.5,0.49999943281231624,1
-132.35800743882032,438.86609964215063,162.25655920563852,0.011367771473659843,0.011367771473659843,715,0.49999989199185085,1
-132.20410922975452,438.3903743225344,161.9291877176201,0.0057015711297662497,0.0057015711297662497,715.5,0.49999923847704619,1
-132.04888189432202,437.91508025524496,161.96339151055395,0.0080895591567785152,-0.0080895591567785152,716,0.4999999760660116,1
-131.89554307125906,437.43917465278156,162.35318246987964,0.013394667164037881,-0.013394667164037881,716.5,0.4999989371132571,1
-131.74507571625139,436.96235257989582,162.56048342278416,0.0010779225704745262,-0.0010779225704745262,717,0.49999971411397304,1
-131.59486534611872,436.4854493432469,162.41495024809254,0.011238116233910141,0.011238116233910141,717.5,0.49999985242159001,1
-131.44263749966299,436.00918646102463,162.18872147790347,0.0018479906699011535,0.0018479906699011535,718,0.49999965021909309,1
-131.28997149596213,435.53306360163754,162.31459841882258,0.010636103186705912,-0.010636103186705912,718.5,0.4999998859169158,1
-131.13970851444472,435.05617792271607,162.70652337324367,0.010757156616496677,-0.010757156616496677,719,0.49999891437370841,1
-130.99190538515529,434.57852314059704,162.85117041851657,0.00065864319170325341,0.00065864319170325341,719.5,0.49999985590890672,1
-130.8439455219137,434.10091696650102,162.67082573635403,0.010567360363397851,0.010567360363397851,720,0.49999977866506473,1
-130.69393511926239,433.62395101518359,162.43311821080039,0.0060276980096683848,0.0060276980096683848,720.5,0.49999963961961252,1
-130.54248780824673,433.14743906711971,162.3254632791328,0.0014880698559407266,0.0014880698559407266,721,0.49999992466150878,1
-130.39066063409803,432.67104793824814,162.33504513981842,0.0017980251413071428,-0.0017980251413071428,721.5,0.49999999847750964,1
-130.23926018169902,432.19452107714278,162.42641950796298,0.0045811229316646395,-0.0045811229316646395,722,0.49999994634154271,1
-130.08893966006337,431.71765257314502,162.58456001094314,0.0046548583818161147,-0.0046548583818161147,722.5,0.49999982932985004,1
-129.93963412242758,431.24046515365552,162.64160119083104,0.00067261168310636557,0.00067261168310636557,723,0.49999997688775843,1
-129.79016812453261,430.76332800876366,162.54602274114364,0.0060000174697973675,0.0060000174697973675,723.5,0.49999993956228556,1
-129.63940389775914,430.28659967836501,162.34905763030758,0.0074907214112718392,0.0074907214112718392,724,0.49999975307923433,1
-129.48685529038033,429.81043943136461,162.11710571720209,0.0087025822106582516,0.0087025822106582516,724.5,0.49999965843657185,1
-129.33232261917377,429.33491936146197,161.90500888554752,0.0032577674376434258,0.0032577674376434258,725,0.49999968335035144,1
-129.17705152503561,428.85963959325721,161.96091882915772,0.0071611528092408337,-0.0071611528092408337,725.5,0.49999997073962743,1
-129.02347774328194,428.38380947075717,162.30430738041423,0.013474732914941013,-0.013474732914941013,726,0.49999921191990626,1
-128.87264549274863,427.90710273686375,162.52552713267116,0.0019695371331490321,-0.0019695371331490321,726.5,0.49999967794017464,1
-128.72228270675106,427.4302474689116,162.41716107260868,0.0095349747039324209,0.0095349747039324209,727,0.49999991398665755,1
-128.57010688645857,426.95396798662836,162.18446123835912,0.0032711076019994656,0.0032711076019994656,727.5,0.49999962552554722,1
-128.41715852193528,426.47793566895194,162.2415656552127,0.0072578428615583269,-0.0072578428615583269,728,0.49999996968272803,1
-128.26586829920137,426.00137442401609,162.54325478891695,0.008855127117956503,-0.008855127117956503,728.5,0.49999935166926296,1
-128.11655392421642,425.52418984566111,162.66085688144864,0.00064483330446810062,0.00064483330446810062,729,0.49999990439695763,1
-127.96708579683718,425.04705346231725,162.50688854906093,0.0092662136567517959,0.0092662136567517959,729.5,0.49999984941269321,1
-127.81606678754234,424.57040564893123,162.37878117425339,0.00032262667066782066,-0.00032262667066782066,730,0.49999987917405825,1
-127.66512467834379,424.09373350236461,162.52537430299736,0.0099115184169702737,-0.0099115184169702737,730.5,0.49999985564171034,1
-127.51626893592812,423.61640611541446,162.79625845882788,0.0037143790384331389,-0.0037143790384331389,731,0.49999946638249237,1
-127.36826436235081,423.13881364254183,162.70008852564348,0.010428605920146666,0.010428605920146666,731.5,0.49999992394438902,1
-127.21780748554185,422.66198950307336,162.24004205647552,0.015289271993291439,0.015289271993291439,732,0.49999853175680387,1
-127.06409747342201,422.18620286622087,162.02742762915477,0.00044551842237205779,-0.00044551842237205779,732.5,0.49999969163319108,1
-126.91049345807981,421.71038207526391,162.26556080253022,0.016179471008918429,-0.016179471008918429,733,0.49999961863600656,1
-126.75977311214402,421.23364025923269,162.56774924007226,0.0020743701336566221,-0.0020743701336566221,733.5,0.49999938183137099,1
-126.60954606782377,420.75674238135758,162.38012140207317,0.015173831234618927,0.015173831234618927,734,0.49999975076691217,1
-126.45591088500431,420.2809334416462,161.83981846548284,0.013569346671063636,0.013569346671063636,734.5,0.49999791650489933,1
-126.29920406129666,419.80612521820979,161.71949018465651,0.0051683871805371156,-0.0051683871805371156,735,0.4999998776393676,1
-126.14372038347273,419.33091609148016,162.12512068632597,0.019109717117730653,-0.019109717117730653,735.5,0.49999888819555349,1
-125.99206302714319,418.85447184906934,162.50552488461267,0.0074475913219761375,-0.0074475913219761375,736,0.49999906985442011,1
-125.84218066957304,418.37746529411953,162.55185435669949,0.0042130420530536667,0.0042130420530536667,736.5,0.49999997457587148,1
-125.69159360556654,417.90068087610985,162.40289238537198,0.0034361842612074,0.0034361842612074,737,0.49999984510290896,1
-125.54019442295967,417.42415356594472,162.36616245836876,0.00087198492749180137,-0.00087198492749180137,737.5,0.49999998982723598,1
-125.38898546809509,416.94756588851124,162.43691892579801,0.0023809257551441333,-0.0023809257551441333,738,0.49999996231268318,1
-125.23828274095196,416.47081786068577,162.46594470579873,0.00035452973833716785,0.00035452973833716785,738.5,0.49999999400384632,1
-125.087495516525,415.99409656175482,162.41666118067101,0.0028680928723210063,0.0028680928723210063,739,0.49999998390480332,1
-124.93652963187925,415.51743183609869,162.486755759103,0.0077617549545949942,-0.0077617549545949942,739.5,0.49999995901169547,1
-124.78741507811152,415.04018562157472,162.86140654489935,0.018394347872766937,-0.018394347872766937,740,0.49999909942200049,1
-124.64246356417026,414.56165972032449,163.40463095310616,0.01357741845685524,-0.01357741845685524,740.5,0.49999797955713376,1
-124.50070605925801,414.08217605743732,163.58592566981,0.00092004565235614456,0.00092004565235614456,741,0.49999977317458461,1
-124.3587360524615,413.6027553970921,163.36463585552161,0.011487719261430055,0.011487719261430055,741.5,0.49999965239553418,1
-124.21433653543934,413.12406107525214,163.07701501170968,0.0085919404465254912,0.0085919404465254912,742,0.49999947427776653,1
-124.06788182438788,412.64599125706093,162.87235389073885,0.0056961369335836801,0.0056961369335836801,742.5,0.49999973345447812,1
-123.92007842803552,412.16833649827015,162.75570753004988,0.0023985118275417494,0.0023985118275417494,743,0.49999991256876025,1
-123.77170231634479,411.69085924667678,162.73502624787019,0.00095468146110805547,-0.00095468146110805547,743.5,0.499999996309621,1
-123.62354840108598,411.21331303563773,162.80586749074348,0.0036126463841515389,-0.0036126463841515389,744,0.49999996628426896,1
-123.47624756581877,410.73550307663947,162.93554649910811,0.005440681647605413,-0.005440681647605413,744.5,0.49999989298831787,1
-123.33024701211059,410.2572943064705,163.11714955395519,0.006882868217828241,-0.006882868217828241,745,0.49999978954957458,1
-123.18574526507219,409.77863044546763,163.27217677343273,0.0039400584447060417,-0.0039400584447060417,745.5,0.49999984672730402,1
-123.04218674623344,409.29968272475486,163.34289882730096,0.00099729297775347681,-0.00099729297775347681,746,0.49999996750712833,1
-122.89897434878459,408.82063137057696,163.38334072876108,0.0033473427006397894,-0.0033473427006397894,746.5,0.49999999072272472,1
-122.75657102091655,408.34133905087907,163.54347966700732,0.0078325377907302856,-0.0078325377907302856,747,0.49999983550924976,1
-122.61603138963932,407.86149729136724,163.81594546171237,0.0088105247342246274,-0.0088105247342246274,747.5,0.49999950213070044,1
-122.477470758143,407.38107998915802,163.97648876119277,0.0023975788826457148,-0.0023975788826457148,748,0.49999983286261429,1
-122.33948610877376,406.90049677101331,163.95332011042481,0.0040150401292121229,0.0040150401292121229,748.5,0.4999999930238847,1
-122.20068123342654,406.42014995941736,163.80143550301042,0.0063374428538325389,0.0063374428538325389,749,0.49999985283053083,1
-122.06035504890673,405.94024551157361,163.59044581995278,0.0083924064612149411,0.0083924064612149411,749.5,0.4999997171220224,1
-121.91811395232382,405.4609051735265,163.38156431756209,0.0030315695268926792,0.0030315695268926792,750,0.4999996892361282,1
-121.77518622128218,404.98176884276614,163.45032047978216,0.0078317624224262389,-0.0078317624224262389,750.5,0.49999995975520523,1
-121.63412942430475,404.50207928034962,163.81742002601572,0.013841856181290777,-0.013841856181290777,751,0.49999909626407407,1
-121.4958280439651,404.02158733514739,163.99421793183075,0.0014987127328754651,0.0014987127328754651,751.5,0.49999978120802668,1
-121.35716669049664,403.5411993973828,163.73154182749852,0.01684000810482212,0.01684000810482212,752,0.49999954169521182,1
-121.21505299569782,403.0618222971616,163.29280188660849,0.0091780097531978227,0.0091780097531978227,752.5,0.49999870646418598,1
-121.07074978762823,402.58309843429436,163.22222678793295,0.0042507186339964722,-0.0042507186339964722,753,0.49999995273770553,1
-120.92740515114421,402.10408715005821,163.48702282673543,0.0097030068869818041,-0.0097030068869818041,753.5,0.49999949523404663,1
-120.78625054854329,401.6244256992012,163.69272020822166,0.0046573756262428111,-0.0046573756262428111,754,0.49999972927360109,1
-120.64621324698925,401.14443660741819,163.75390773124613,0.00026487378352472898,0.00026487378352472898,754.5,0.49999997405721786,1
-120.50634532646376,400.66439810457825,163.76266000106222,0.00087590136102715045,-0.00087590136102715045,755,0.49999999940092787,1
-120.36668765565993,400.18429840245585,163.80409328484149,0.0020166867664736928,-0.0020166867664736928,755.5,0.49999998899236953,1
-120.22748788010007,399.70406575212428,163.86390658622372,0.0016397835242826792,-0.0016397835242826792,756,0.49999997596040113,1
-120.08867818604469,399.22372018599185,163.89417727765658,0.00047351131608547336,-0.00047351131608547336,756.5,0.49999999406683138,1
-119.94998339808127,398.74334142327473,163.89257628127214,0.00030062545585960696,0.00030062545585960696,757,0.49999999987785121,1
-119.81123831363107,398.26297718502718,163.88775227548598,3.6153570005532437e-05,3.6153570005532437e-05,757.5,0.49999999984624011,1
-119.67248454576544,397.78261545481865,163.89050484891555,0.00022831984776814344,-0.00022831984776814344,758,0.49999999994583838,1
-119.53380140573199,397.30223333102413,163.90719312250269,0.00099251599218496116,-0.00099251599218496116,758.5,0.49999999819087793,1
-119.39535670944284,396.82178244309279,163.9474719734489,0.0018194712539171996,-0.0018194712539171996,759,0.49999998964460979,1
-119.25731397970375,396.34121591172283,163.98653701958631,0.00079519694483599587,0.00079519694483599587,759.5,0.4999999863067715,1
-119.1190471525406,395.86071387566278,163.87801565419275,0.006781104461266489,0.006781104461266489,760,0.49999992215160732,1
-118.97915305742667,395.38068351825257,163.6009807366699,0.011028241767652134,0.011028241767652134,760.5,0.49999950188287567,1
-118.83701098299397,394.90131373671926,163.40779071891529,0.0024590540599115926,0.0024590540599115926,761,0.49999975677126252,1
-118.69427954584691,394.42211887747851,163.4600830850963,0.0061097626600707224,-0.0061097626600707224,761.5,0.499999976272827,1
-118.55284440483759,393.94254011416712,163.67528475380004,0.006789082540142803,-0.006789082540142803,762,0.49999968933151767,1
-118.4130295445174,393.46248632895828,163.83784773230278,0.0045599715985552092,-0.0045599715985552092,762.5,0.49999983185965829,1
-118.27430719599066,392.9821155874173,163.93426668031847,0.0018949601744696596,-0.0018949601744696596,763,0.49999993930940234,1
-118.13602788548451,392.50161706391026,163.93956511768619,0.0015250625305507036,0.0015250625305507036,763.5,0.49999999880649926,1
-117.99738223640298,392.02122417421765,163.84688767208391,0.0049450112624902266,0.0049450112624902266,764,0.49999994447644996,1
-117.85796298631512,391.5410551855112,163.80695075316893,0.002340178644952061,-0.002340178644952061,764.5,0.49999998501044091,1
-117.71910573395505,391.06072356430428,163.98101985398719,0.0098122576385837549,-0.0098122576385837549,765,0.49999980286421208,1
-117.58248017923641,390.57975289208844,164.2935985204619,0.0084802173871816669,-0.0084802173871816669,765.5,0.49999932973348865,1
-117.44785708040747,390.09821733443965,164.43307290383873,0.0012570489897225172,-0.0012570489897225172,766,0.49999987201841456,1
-117.31354109491636,389.61659592099943,164.37288123644623,0.0036514175398374466,0.0036514175398374466,766.5,0.49999996984260636,1
-117.17854819317769,389.13516379165151,164.31627210578307,0.0003006255337721846,0.0003006255337721846,767,0.49999997868830048,1
-117.04348292588519,388.65375194847314,164.35565721615427,0.0030502258377006451,-0.0030502258377006451,767.5,0.49999998918118516,1
-116.90907187312695,388.17215709530444,164.45700055112303,0.0035742747135792015,-0.0035742747135792015,768,0.49999993370215662,1
-116.7755211639829,387.6903229518781,164.55922420563451,0.0035622841882774984,-0.0035622841882774984,768.5,0.49999993368426826,1
-116.64283739394831,387.20824936316541,164.6680141728379,0.0046486711747780419,-0.0046486711747780419,769,0.49999992776492247,1
-116.51129224557984,386.72586394410706,164.83684124193837,0.0071376982598502182,-0.0071376982598502182,769.5,0.49999981857934706,1
-116.3814693813151,386.24301235430198,165.07612605845935,0.0087330334260849619,-0.0087330334260849619,770,0.49999963386305957,1
-116.25331341705098,385.75971536073575,165.16864024997062,0.0022742576151587673,0.0022742576151587673,770.5,0.49999993516661756,1
-116.12460801508122,385.27656466593498,164.94581319494824,0.01328222390488192,0.01328222390488192,771,0.4999996743825566,1
-115.99305474274811,384.79418220766394,164.58491174447715,0.0070801132569440692,0.0070801132569440692,771.5,0.49999909950835641,1
-115.85981565984659,384.3122617471135,164.56717646339365,0.0058418580671214552,-0.0058418580671214552,772,0.49999998350958846,1
-115.72796892307764,383.82995926647493,164.90042635994755,0.014272254490724662,-0.014272254490724662,772.5,0.4999992448261647,1
-115.59935810718024,383.34678398881016,165.27882799335765,0.012145266538075745,-0.012145266538075745,773,0.49999909091139727,1
-115.473683742585,382.86283635317312,165.5963079217708,0.010019204131979837,-0.010019204131979837,773.5,0.4999993599546862,1
-115.35019105759795,382.37832693301976,165.75976718568518,0.00090399334042085325,-0.00090399334042085325,774,0.49999982146262045,1
-115.22691724663854,381.8937616850078,165.64757292416465,0.0087367318919870131,0.0087367318919870131,774.5,0.49999991204934396,1
-115.10167957187318,381.40970083349958,165.35414835147174,0.0066822263432830759,0.0066822263432830759,775,0.49999938314311437,1
-114.97489271019369,380.92604282014202,165.32015283512527,0.0043088318839411112,-0.0043088318839411112,775.5,0.49999998217952496,1
-114.84914522983753,380.44211403605431,165.5948557790976,0.01284083104251188,-0.01284083104251188,776,0.4999994968842767,1
-114.72618955027968,379.95746856518116,165.91920280324246,0.0098028620078905136,-0.0098028620078905136,776.5,0.4999993315729398,1
-114.60561072890594,379.47222595615528,166.1565225905947,0.006765295697359083,-0.006765295697359083,777,0.49999964177798989,1
-114.48656377081538,378.98660496295838,166.25611290480055,0.00087706425910732933,0.00087706425910732933,777.5,0.49999992726415809,1
-114.36730087526458,378.50103704462305,166.10167926260749,0.0099046485103710964,0.0099046485103710964,778,0.49999984157164701,1
-114.24568869886811,378.01605297563037,165.73503742401203,0.011035982561026487,0.011035982561026487,778.5,0.49999906862370863,1
-114.12156120196326,377.53170581468402,165.56515818766553,0.00082406214434466445,0.00082406214434466445,779,0.49999980780462161,1
-113.99723406846314,377.04740976946465,165.68746378551486,0.0088596720382908226,-0.0088596720382908226,779.5,0.49999989553946367,1
-113.8746574656687,376.56266796515729,165.92547199038032,0.0077564276654548993,-0.0077564276654548993,780,0.49999964039565287,1
-113.7539616918758,376.07745434238723,166.13187483454143,0.0066532297497367996,-0.0066532297497367996,780.5,0.49999972953304173,1
-113.63482645828179,375.59185506972818,166.27672118934603,0.0022860578382827576,-0.0022860578382827576,781,0.49999985749047149,1
-113.51623675511726,375.10612214359799,166.25343304418618,0.0039118736884058191,0.0039118736884058191,781.5,0.49999999322365501,1
-113.39670928506857,374.6206193685274,166.06891749489677,0.0057318954562537838,0.0057318954562537838,782,0.49999976069742419,1
-113.27606582805156,374.1353924674188,166.05674472528244,0.0048820985412340841,-0.0048820985412340841,782.5,0.49999998928047373,1
-113.15660734607881,373.64987303367025,166.34865194747056,0.015497004651380613,-0.015497004651380613,783,0.49999944946244157,1
-113.04046033518766,373.16355137835171,166.76657719768545,0.012321008429239211,-0.012321008429239211,783.5,0.49999888056945568,1
-112.92731078669443,372.6765229817974,167.05247579602712,0.007638722817171195,-0.007638722817171195,784,0.49999947937421019,1
-112.81600977466238,372.1890684220815,167.19561419751091,0.0017616641996878338,-0.0017616641996878338,784.5,0.49999986306716343,1
-112.70512641353805,371.70151856853317,167.14506829541261,0.0052905451246660785,0.0052905451246660785,785,0.49999997946922481,1
-112.59295502700981,371.21426383671502,166.8956948983421,0.010656955889531619,0.010656955889531619,785.5,0.49999959363468577,1
-112.4785242792797,370.72753467071851,166.67107586022203,0.0050244848849157189,0.0050244848849157189,786,0.49999967705762394,1
-112.3628710316442,370.24109423432873,166.60780754916735,0.00060746647271707574,-0.00060746647271707574,786.5,0.49999997184371997,1
-112.24728473266512,369.75463788236056,166.66827720550495,0.0027817650303066724,-0.0027817650303066724,787,0.49999997488186348,1
-112.13237258029967,369.26802187388762,166.76341088019757,0.0038598144353395709,-0.0038598144353395709,787.5,0.49999994246338914,1
-112.01838398925904,368.78118872583696,166.87490507740088,0.0022952601120871086,-0.0022952601120871086,788,0.49999991292834195,1
-111.90488872533112,368.29424024786272,166.85744427681792,0.0035142471454271238,0.0035142471454271238,788.5,0.4999999951354942,1
-111.79053805823189,367.8074921534606,166.67355432686341,0.0093236253781016996,0.0093236253781016996,789,0.49999978247008375,1
-111.6746012840363,367.32111927074033,166.56749225233426,0.0021496010647229207,-0.0021496010647229207,789.5,0.49999991665650234,1
-111.55918741075293,366.83462231047321,166.79677001706483,0.013857276720845203,-0.013857276720845203,790,0.49999965449529699,1
-111.44689459536598,366.34739640432412,167.21549277046336,0.0088764125974815419,-0.0088764125974815419,790.5,0.49999876000879429,1
-111.33669947506239,365.85969054177218,167.24600444225609,0.0067461972211287245,0.0067461972211287245,791,0.49999997290624709,1
-111.2248766183897,365.37235638168386,166.85327692008275,0.015278623717700316,0.015278623717700316,791.5,0.49999893486229796,1
-111.10986197672578,364.88576491282322,166.61587672164563,0.0012953093003608633,0.0012953093003608633,792,0.49999962536489262,1
-110.99453216296999,364.3992478544352,166.77905715817423,0.012687686928294205,-0.012687686928294205,792.5,0.49999981404344052,1
-110.88173787078817,363.91213729053192,167.11686096078881,0.0084102495923980489,-0.0084102495923980489,793,0.4999992538144179,1
-110.77099063675398,363.42455660588445,167.25532473722336,0.0012564567451668228,-0.0012564567451668228,793.5,0.49999987388750283,1
-110.66059803167556,362.93689539006579,167.22344073095115,0.00099294241342793264,0.00099294241342793264,794,0.49999998866973455,1
-110.55001626910169,362.44927702266642,167.23519654318508,0.0018136648925067499,-0.0018136648925067499,794.5,0.49999999843916509,1
-110.43987668495765,361.96155864339505,167.32712422013589,0.0044606218330902545,-0.0044606218330902545,795,0.49999994547451104,1
-110.3307786758663,361.47360629934553,167.47255204590502,0.0056921686713213016,-0.0056921686713213016,795.5,0.49999986565109816,1
-110.22306987699945,360.98534550092592,167.65326190937617,0.0069237589805411746,-0.0069237589805411746,796,0.49999979262665895,1
-110.11688265580858,360.49675145528232,167.79041882582678,0.00087221794212393551,-0.00087221794212393551,796.5,0.49999986738259516,1
-110.01090278452801,360.00811232160379,167.69499443667593,0.0075342127877037462,0.0075342127877037462,797,0.4999999360787481,1
-109.90311344686316,359.51986974703806,167.38791249416082,0.010391326548559803,0.010391326548559803,797.5,0.49999935293238323,1
-109.79294458489672,359.03215819272378,167.18638907045465,0.0036777697939259658,0.0036777697939259658,798,0.49999973835855732,1
-109.68187899497465,358.54464980275907,167.17718638094664,0.0030352850465129042,-0.0030352850465129042,798.5,0.49999999555072605,1
-109.57131539440883,358.05702737663648,167.27416781534316,0.0035751180908111264,-0.0035751180908111264,799,0.49999994022775102,1
-109.46162362189541,357.56920810550474,167.38196417170434,0.0039504804253181888,-0.0039504804253181888,799.5,0.49999992624463241,1
-109.35288680131511,357.08117509314087,167.49516967896983,0.0036842869728369943,-0.0036842869728369943,800,0.49999991730686116,1
-109.2450458966029,356.59294330207825,167.59029088153073,0.0029564279368848203,-0.0029564279368848203,800.5,0.49999994253335456,1
-109.13792522414244,356.10455295884049,167.66196566877736,0.0013893946784810992,-0.0013893946784810992,801,0.49999996583628636,1
-109.03106757274041,355.61610497174513,167.63566291412451,0.0032256910697120449,0.0032256910697120449,801.5,0.49999999376066095,1
-108.92342229878851,355.12783011709774,167.47714538318957,0.0078409379651809899,0.0078409379651809899,802,0.49999983868508036,1
-108.81411542005623,354.63992461585531,167.29094095793587,0.0038579471152615959,0.0038579471152615959,802.5,0.49999977188077616,1
-108.70386896079039,354.15223033736373,167.25941986842219,0.0016573374738610856,-0.0016573374738610856,803,0.499999991054071,1
-108.59400086655243,353.66445075509534,167.36595001789411,0.0041196390375282345,-0.0041196390375282345,803.5,0.49999991900939617,1
-108.48509397104809,353.17645564953614,167.46710907609599,0.0029425929023365219,-0.0029425929023365219,804,0.4999999349381325,1
-108.37690526970985,352.68830078080333,167.53485867842664,0.0019590057550958741,-0.0019590057550958741,804.5,0.49999997096479648,1
-108.26924395724504,352.20002932374001,167.59885294296495,0.0025086379673888667,-0.0025086379673888667,805,0.49999997398438278,1
-108.16219518063232,351.71162322319736,167.67859308582894,0.0030582740176453953,-0.0030582740176453953,805.5,0.49999995962155186,1
-108.05582856677601,351.22306809391807,167.74347326017033,0.00073943669705429037,-0.00073943669705429037,806,0.49999997088836123,1
-107.94963997975347,350.73447421479563,167.71736980926636,0.0025618049268374878,0.0025618049268374878,806.5,0.49999999472976525,1
-107.84283900421472,350.24601390899062,167.60987905819655,0.0032788870938230208,0.0032788870938230208,807,0.49999991872314137,1
-107.73531610130274,349.75771193770998,167.57256372904982,0.00067378035390661941,-0.00067378035390661941,807.5,0.49999998980717275,1
-107.62795771427713,349.26937379495786,167.64848395425679,0.0046264566723993933,-0.0046264566723993933,808,0.49999996493133703,1
-107.52144428123771,348.78085067814089,167.73647235927808,0.0014524757421132003,-0.0014524757421132003,808.5,0.49999994708240214,1
-107.41528564948547,348.29225028533568,167.73169661396048,0.0017858860680252597,0.0017858860680252597,809,0.49999999894491304,1
-107.30872222288731,347.8037380610624,167.65251636756875,0.0028955739093198532,0.0028955739093198532,809.5,0.49999995715276557,1
-107.20146068514731,347.31537864097754,167.57379423824068,0.0026002655773396982,0.0026002655773396982,810,0.4999999606639709,1
-107.09356655564744,346.82715858129643,167.50690152695671,0.0013050531526541394,0.0013050531526541394,810.5,0.49999996985556178,1
-106.98543120092482,346.33899186962202,167.5346268796244,0.0032406614997152199,-0.0032406614997152199,811,0.49999999332799311,1
-106.87808701560706,345.85065073296249,167.6925791889752,0.0077864996655299147,-0.0077864996655299147,811.5,0.4999998398754274,1
-106.77234098663314,345.36196106029263,167.85757866496954,0.0024210494393877078,-0.0024210494393877078,812,0.49999981881790001,1
-106.66718549546603,344.87314380079721,167.82843134816889,0.0044559219548921929,0.0044559219548921929,812.5,0.49999999050320881,1
-106.56097387993296,344.38455520523445,167.62725242928516,0.0075374171329521738,0.0075374171329521738,813,0.49999972298805823,1
-106.45297474079088,343.89635858326403,167.43113999120504,0.0061538289908602785,0.0061538289908602785,813.5,0.49999975575869687,1
-106.34347426114701,343.40849642056492,167.27561519432396,0.0041859886909159033,0.0041859886909159033,814,0.49999984483567245,1
-106.23309813732715,342.92083147090204,167.24906909471059,0.0023327393825720733,-0.0023327393825720733,814.5,0.49999999183918836,1
-106.12329092564525,342.43303826707881,167.40927338149558,0.0088516441388726361,-0.0088516441388726361,815,0.49999983343345661,1
-106.01537957029109,341.94482232830904,167.62730662771526,0.0028916975847373435,-0.0028916975847373435,815.5,0.49999966348310648,1
-105.90815891111313,341.45645393496466,167.55570432570573,0.0078905722523003388,0.0078905722523003388,816,0.49999995737233183,1
-105.79905413065879,340.96850379652471,167.21667740969704,0.010486852636117018,0.010486852636117018,816.5,0.49999919072089433,1
-105.68764599150276,340.48107368180774,167.09334641038203,0.0018765661059664959,-0.0018765661059664959,817,0.49999989020319668,1
-105.57669531208099,339.99353948274478,167.32420076939212,0.014240293375216576,-0.014240293375216576,817.5,0.49999964851999568,1
-105.46836220130842,339.50541712556213,167.60295079961912,0.0048844436943531475,-0.0048844436943531475,818,0.49999949847095215,1
-105.36122142119717,339.01703116643864,167.60398936423337,0.0048119085895420872,0.0048119085895420872,818.5,0.49999999183181959,1
-105.25305990165775,338.52887051004979,167.41510405789649,0.0045666888100448534,0.0045666888100448534,819,0.49999974075500903,1
-105.14382079506514,338.0409496103004,167.37620331142065,0.0018509059461249734,-0.0018509059461249734,819.5,0.4999999868213994,1
-105.03502979052942,337.55292872436331,167.51504419017553,0.0061668733177446594,-0.0061668733177446594,820,0.49999986777869487,1
-104.92753069536285,337.06462159620924,167.63530726664197,0.0022290849286050441,-0.0022290849286050441,820.5,0.49999990686770512,1
-104.82057588818247,336.57619486933783,167.6427621580365,0.0017086325388225088,0.0017086325388225088,821,0.49999999830130931,1
-104.7133364684712,336.08783056867821,167.59325755607875,0.00098147926407572824,0.00098147926407572824,821.5,0.49999998329876277,1
-104.60585840416461,335.59951871614379,167.58868307653913,0.00066212047653207691,-0.00066212047653207691,822,0.49999999963269171,1
-104.49853757923164,335.1111722917754,167.62788154847487,0.0018142925881353251,-0.0018142925881353251,822.5,0.49999998965768222,1
-104.39165349691083,334.62273010518646,167.68844253922038,0.0024136656470864228,-0.0024136656470864228,823,0.49999997669334539,1
-104.28535883763199,334.13415932513641,167.76562939365215,0.0025462160072751345,-0.0025462160072751345,823.5,0.49999996170992256,1
-104.17950559550785,333.64549268124807,167.76514311531707,0.0025801639240599621,0.0025801639240599621,824,0.49999999771728248,1
-104.07302205393577,333.15696313729609,167.61779840843923,0.0077063577612711855,0.0077063577612711855,824.5,0.49999985993964535,1
-103.96491307288045,332.66879078982811,167.45376983606863,0.00028254210447063125,-0.00028254210447063125,825,0.49999979261717575,1
-103.85689539147461,332.18059831221319,167.65956462502501,0.014085200304407899,-0.014085200304407899,825.5,0.49999971469600274,1
-103.75227175837036,331.69166907215765,168.21020893105623,0.017108967082621562,-0.017108967082621562,826,0.49999790638083857,1
-103.65142609446875,331.20194484100818,168.42685496395282,0.0019834571496245741,0.0019834571496245741,826.5,0.49999967050258382,1
-103.55009487023851,330.71232125189044,168.09655883885978,0.021076259119687454,0.021076259119687454,827,0.4999992760240129,1
-103.44474008460162,330.22354822734695,167.6506604502552,0.007493678769760744,0.007493678769760744,827.5,0.49999870037629818,1
-103.33755505780216,329.73517199496627,167.67029829257439,0.008864674105031339,-0.008864674105031339,828,0.499999974324355,1
-103.23237594184704,329.24636087952518,168.05300634151112,0.011395631808465199,-0.011395631808465199,828.5,0.49999895301075892,1
-103.1298757505391,328.75698017321611,168.24217663166439,0.0018110929639534408,-0.0018110929639534408,829,0.49999976492568055,1
-103.02782049641107,328.26750629993171,168.16096534881348,0.005799807796035456,0.005799807796035456,829.5,0.49999994752316362,1
-102.92468196776589,327.77825957056422,168.04833878845193,0.0020629819045320653,0.0020629819045320653,830,0.49999991828787488,1
-102.82103882509298,327.28911940908938,168.04276582378873,0.0016739216212612034,-0.0016739216212612034,830.5,0.49999999859074551,1
-102.71773356689472,326.79990780699211,168.11231075674675,0.0025783162930627878,-0.0025783162930627878,831,0.49999996799798685,1
-102.61505765049094,326.31056373613632,168.18815681004833,0.0027167297377428587,-0.0027167297377428587,831.5,0.49999996349107484,1
-102.5130268441018,325.82108474377321,168.25077877433279,0.00012798665223932572,0.00012798665223932572,832,0.49999996941721619,1
-102.41090012523864,325.33162580289911,168.14287099551638,0.0074054942154606028,0.0074054942154606028,832.5,0.49999992150734596,1
-102.30696187979483,324.84254891605718,167.82658517458398,0.014270049298864282,0.014270049298864282,833,0.49999936010852175,1
-102.2003570463251,324.35404597795883,167.61966883111245,0.00017569199977818316,0.00017569199977818316,833.5,0.49999971104974572,1
-102.09370929444464,323.86555238141659,167.8165186917106,0.013918671637046298,-0.013918671637046298,834,0.49999973684386084,1
-101.99014873766588,323.37639604305872,168.24156715966467,0.0085774553945529158,-0.0085774553945529158,834.5,0.49999871227435022,1
-101.88862344663667,322.88681194326904,168.24778447926434,0.0081434476023848641,0.0081434476023848641,835,0.49999997548543668,1
-101.7851244795395,322.39764265096846,167.80166212313179,0.017294016907059454,0.017294016907059454,835.5,0.49999863271815487,1
-101.6779354436383,321.90926785298109,167.50722107963855,0.0032622262683876385,0.0032622262683876385,836,0.49999943272631736,1
-101.56994981929512,321.42106808394198,167.61473560768059,0.010768279927527944,-0.010768279927527944,836.5,0.49999990955462292,1
-101.46415144821745,320.93239028320346,167.94697015156896,0.010723623592961898,-0.010723623592961898,837,0.49999928825681283,1
-101.36097357797443,320.44315227019462,168.22579632038142,0.0087421244208500358,-0.0087421244208500358,837.5,0.49999950628048273,1
-101.25988274564826,319.95347850289789,168.41233611764841,0.0019699740309832427,-0.0019699740309832427,838,0.49999975475890368,1
-101.15923185569228,319.46371394918941,168.30782064454399,0.0092668546825987446,0.0092668546825987446,838.5,0.49999991971819197,1
-101.05631414668436,318.97442182289751,167.88515994271023,0.018131568660868257,0.018131568660868257,839,0.49999883967734271,1
-100.94957169035786,318.48594956877332,167.50936019347802,0.0081044006590457098,0.0081044006590457098,839.5,0.49999909503096313,1
-100.84085049455234,317.99791305059517,167.42079010263924,0.0019208012221521285,-0.0019208012221521285,840,0.499999941492828,1
-100.73249977205604,317.50979424727495,167.57288606079914,0.0075801077204002377,-0.0075801077204002377,840.5,0.49999984522020857,1
-100.6259958898677,317.02126949286873,167.84959383252101,0.011737676103296962,-0.011737676103296962,841,0.49999951258861763,1
-100.52231857172153,316.53213746836269,168.20371807646515,0.0077522738835669259,-0.0077522738835669259,841.5,0.49999912369458555,1
-100.42029115832226,316.04265778124426,168.15899145804974,0.010875134675831618,0.010875134675831618,842,0.49999995718650236,1
-100.31560400583804,315.55374219885249,167.58056769352007,0.029506380932546681,0.029506380932546681,842.5,0.4999978465960993,1
-100.20547095854113,315.06602390471437,167.09088796349218,0.0044359545099773422,0.0044359545099773422,843,0.49999842254141263,1
-100.09425608526738,314.57854996244998,167.3263890693068,0.020878536958980436,-0.020878536958980436,843.5,0.49999959242391362,1
-99.987734354425058,314.09003238772516,168.05170696225065,0.018860613911062356,-0.018860613911062356,844,0.49999629994297667,1
-99.885706144130481,313.6005532702377,168.30360098420132,0.0012738503798820405,0.0012738503798820405,844.5,0.49999956215202801,1
-99.783377994303464,313.11113700457912,167.99760842703145,0.015373239329531975,0.015373239329531975,845,0.49999933133775937,1
-99.677827932781028,312.6224055085188,167.66444765487478,0.007885587712144258,0.007885587712144258,845.5,0.49999929072825028,1
-99.570351590935843,312.13409337296054,167.54579553190513,0.00039796871153692889,0.00039796871153692889,846,0.49999990578988296,1
-99.46263095300263,311.64583498224698,167.57923545412501,0.001838909629570698,-0.001838909629570698,846.5,0.4999999919389278,1
-99.355358027975186,311.15747805441191,167.64853225740256,0.0029989203463206575,-0.0029989203463206575,847,0.49999996940845121,1
-99.248797658505651,310.6689651743045,167.73597139274341,0.0018819862358978516,-0.0018819862358978516,847.5,0.49999994637231499,1
-99.1426659222479,310.18035893884411,167.7360079800861,0.0018794190988702347,0.0018794190988702347,848,0.49999999877186385,1
-99.036075319616089,309.6918526760424,167.62931813512489,0.0046708034418713558,0.0046708034418713558,848.5,0.49999992536589738,1
-98.928767520583975,309.20350338640486,167.62933851761841,0.0046722421159211902,-0.0046722421159211902,849,0.49999999242260651,1
-98.822600971749168,308.7149051858508,167.89702596298608,0.014015970008294581,-0.014015970008294581,849.5,0.49999953767595046,1
-98.719530872754319,308.22564491570898,168.26356961900638,0.0062120711014117379,-0.0062120711014117379,850,0.49999905724515864,1
-98.617949666943503,307.73607242431518,168.21802809353971,0.0093916522046095449,0.0093916522046095449,850.5,0.4999999657035118,1
-98.514102331682039,307.24697704022367,167.76194964228597,0.016581500675265513,0.016581500675265513,851,0.49999856377846869,1
-98.406586607262454,306.75867407785472,167.46144968035458,0.0043977120282694482,0.0043977120282694482,851.5,0.49999941405541515,1
-98.297997277289724,306.27060817083236,167.50996302177288,0.0077846326579147787,-0.0077846326579147787,852,0.49999997218148479,1
-98.190771299864068,305.78224115299832,167.70532913267482,0.0048773676247881115,-0.0048773676247881115,852.5,0.49999975434293736,1
-98.084736386915779,305.29361394127159,167.78844422694993,0.00092515317026762613,-0.00092515317026762613,853,0.49999995480379433,1
-97.978944566687858,304.80493399762122,167.7692770894281,0.0016347080269874072,0.0016347080269874072,853.5,0.49999999655326355,1
-97.872762870544165,304.3163386449317,167.70219173346743,0.0030487345114211992,0.0030487345114211992,854,0.49999997126574236,1
-97.765837595584728,303.82790552470578,167.59698904221469,0.0034187215041006115,0.0034187215041006115,854.5,0.49999992735877435,1
-97.658235047740206,303.33962109370094,167.57231070539891,0.0016958462273942388,-0.0016958462273942388,855,0.49999999386435551,1
-97.551046587648145,302.85124568734136,167.69415477626029,0.0068104907251899773,-0.0068104907251899773,855.5,0.49999990351378321,1
-97.445288338000424,302.36255866271733,167.85894526314516,0.0028037958428877166,-0.0028037958428877166,856,0.49999981540440075,1
-97.34021107539958,301.87372457579249,167.84772386303428,0.0035872020181030397,0.0035872020181030397,856.5,0.49999999565532827,1
-97.23428063380581,301.38507487268083,167.67491140608473,0.0060555344970787415,0.0060555344970787415,857,0.49999979080732271,1
-97.12696931966056,300.89672643975007,167.5567434047046,0.0021941624531925403,0.0021941624531925403,857.5,0.49999991008950473,1
-97.019122290558741,300.40849594433001,167.5491783626486,0.0016031892075705687,-0.0016031892075705687,858,0.49999999834420089,1
-96.911524942900456,299.92021037649766,167.59782844483266,0.0017932266124474638,-0.0017932266124474638,858.5,0.49999998497645748,1
-96.804365442417691,299.43182853522688,167.65192262585754,0.0019832583999291622,-0.0019832583999291622,859,0.4999999814267525,1
-96.697679410594418,298.94334304739311,167.70557457128996,0.001541341973637114,-0.001541341973637114,859.5,0.4999999812103928,1
-96.591368177014388,298.45477584150609,167.73853240135284,0.00075954942124816904,-0.00075954942124816904,860,0.49999999305356008,1
-96.485242161509774,297.96616836326223,167.74864464599074,0.000142036312291187,0.000142036312291187,860.5,0.49999999896271374,1
-96.379073941144995,297.47757005572959,167.72681836625526,0.001381725377241301,0.001381725377241301,861,0.4999999971391853,1
-96.27256819582918,296.9890452301421,167.6694776934209,0.0026214052150652679,0.0026214052150652679,861.5,0.49999997900056414,1
-96.165440110870875,296.50065652562228,167.58382893091203,0.0032848148638761803,0.0032848148638761803,862,0.49999995328938035,1
-96.057510095708523,296.01244443518772,167.48142369286057,0.0038644290441366227,0.0038644290441366227,862.5,0.49999993341942267,1
-95.94864335831052,295.52444038949511,167.36685847909035,0.0038323624363412285,0.0038323624363412285,863,0.49999991512402903,1
-95.838847575344545,295.03664450851471,167.2660381934457,0.0032062072296385733,0.0032062072296385733,863.5,0.49999993545855176,1
-95.72827049679951,294.54902512165393,167.18485774738932,0.0015457056917621659,0.0015457056917621659,864,0.49999995674204145,1
-95.617570476298539,294.06143365162097,167.27858832169267,0.0080894518446786769,-0.0080894518446786769,864.5,0.49999993618780758,1
-95.508843730582313,293.57339920715248,167.64835919775959,0.01772535626525152,-0.01772535626525152,865,0.49999912422094778,1
-95.404000551624961,293.08451615232917,168.07029841417562,0.0050458286376070978,-0.0050458286376070978,865.5,0.49999873346564555,1
-95.30035601167171,292.59537652524313,167.8965053442285,0.017180153014967971,0.017180153014967971,866,0.499999765447943,1
-95.192595569188711,292.10713071461811,167.16580607575474,0.023846850268095209,0.023846850268095209,866.5,0.49999628454320694,1
-95.079485830949977,291.62009351567684,166.78608638742861,0.0026642786241569778,0.0026642786241569778,867,0.4999990460360792,1
-94.965727168354718,291.1332068752115,167.01311409754553,0.01851457604774356,-0.01851457604774356,867.5,0.49999963397895641,1
-94.85547150221069,290.64551603339027,167.46858026926816,0.011598245243104271,-0.011598245243104271,868,0.49999866911139568,1
-94.748045366905146,290.15719304031887,167.67610543143428,0.0028899141911911024,-0.0028899141911911024,868.5,0.49999972010881,1
-94.641416907296929,289.66869496351484,167.68845684178444,0.00053821555544412687,-0.00053821555544412687,869,0.49999999943966206,1
-94.534948458117384,289.18016199936176,167.7318227450983,0.0024892868973457553,-0.0024892868973457553,869.5,0.4999999877348919,1
-94.429084449396896,288.69149774667903,167.8248187123819,0.0023352307134673761,-0.0023352307134673761,870,0.49999994019233357,1
-94.323585751431324,288.20275445737951,167.77448530608308,0.0058492265520044238,0.0058492265520044238,870.5,0.49999997810774555,1
-94.216658204629383,287.7143222930747,167.48967236173871,0.014034611541732907,0.014034611541732907,871,0.49999947939229228,1
-94.106687402115071,287.22656662484383,167.13451951333741,0.0082275570363053545,0.0082275570363053545,871.5,0.49999916929629906,1
-93.994714938544149,286.73926580792551,167.02627271613082,0.00067034102171176051,-0.00067034102171176051,872,0.49999991876739763,1
-93.882861779451119,286.25193760884508,167.13837044408706,0.0042004626431382747,-0.0042004626431382747,872.5,0.49999990281804974,1
-93.771951380565682,285.76439392335459,167.21508948711335,0.0011555139798092109,-0.0011555139798092109,873,0.49999996184257839,1
-93.661322805198552,285.27678617440813,167.20516942300509,0.0013610882104762869,0.0013610882104762869,873.5,0.49999999852039395,1
-93.550576847238361,284.78920507308015,167.21913054487862,0.0023357583106934105,-0.0023357583106934105,874,0.4999999975767222,1
-93.440400422472848,284.30149505364864,167.33899947905178,0.006032692895802271,-0.006032692895802271,874.5,0.4999999076279934,1
-93.331630146428708,283.81346966030401,167.53112740988075,0.0063019981821679999,-0.0063019981821679999,875,0.49999975749983888,1
-93.224391820624959,283.32510527270961,167.69298688810034,0.0049979302547704914,-0.0049979302547704914,875.5,0.49999983359161837,1
-93.118366221863084,282.83647608733975,167.80864777786115,0.0017545241068829323,-0.0017545241068829323,876,0.49999990838801811,1
-93.012690658397815,282.347771011818,167.75293996925282,0.005643752373643637,0.005643752373643637,876.5,0.49999997555442099,1
-92.905636527676407,281.8593665138041,167.4852768232833,0.013042718214856783,0.013042718214856783,877,0.49999954058450763,1
-92.795938557414573,281.37154906477571,167.20994760199355,0.0050986328158052485,0.0050986328158052485,877.5,0.49999950825589828,1
-92.684997452344689,280.88401233543402,167.19431078310612,0.0040068828667235634,-0.0040068828667235634,878,0.49999999125131372,1
-92.574988467970002,280.3962647490759,167.41013168035545,0.0093021466865929586,-0.0093021466865929586,878.5,0.49999968464122763,1
-92.467220993344483,279.90801725383739,167.70571101419847,0.011333224744968166,-0.011333224744968166,879,0.49999944519353373,1
-92.362218486016744,279.41916790169148,168.05228853064676,0.01043627510096902,-0.01043627510096902,879.5,0.49999921563796823,1
-92.259371829917058,278.92985971501849,168.13566702666293,0.0046153094053514639,0.0046153094053514639,880,0.49999993621608857,1
-92.155396397819857,278.44079088343324,167.78783066923938,0.019668581703877964,0.019668581703877964,880.5,0.49999921250734813,1
-92.047342918101563,277.95260752348128,167.32528763495742,0.0073735123360505993,0.0073735123360505993,881,0.4999985474111075,1
-91.937499710664383,277.46482230655153,167.38319286623704,0.011416316809870349,-0.011416316809870349,881.5,0.49999994807528908,1
-91.830366503176393,276.97643667431163,167.91098532486984,0.018081482461318351,-0.018081482461318351,882,0.49999804992122587,1
-91.727373445244965,276.48716000768871,168.25728351317713,0.0060951300923012455,-0.0060951300923012455,882.5,0.49999922648309791,1
-91.62587186609268,275.99757097910674,168.26025324992361,0.0057700184416030354,0.0057700184416030354,883,0.49999998747824881,1
-91.523381663978242,275.5081881582131,168.07707178843663,0.0070184555837514767,0.0070184555837514767,883.5,0.49999978691522801,1
-91.419174762836406,275.01916809993116,167.85812686534911,0.0082667313687404768,0.0082667313687404768,884,0.49999969564756136,1
-91.313061332596263,274.53055815246381,167.66527460300628,0.0028486600532371367,0.0028486600532371367,884.5,0.49999974084131182,1
-91.206270322970596,274.04209560672734,167.71320113229447,0.0061946268658741735,-0.0061946268658741735,885,0.49999997832421961,1
-91.100981891745803,273.55330754506923,168.00529686731042,0.01122075458429499,-0.01122075458429499,885.5,0.49999942296894001,1
-90.998180129456628,273.06399020261068,168.23416368107797,0.004757239014854084,-0.004757239014854084,886,0.49999966396034351,1
-90.896542503826311,272.5744294021921,168.27787196535979,0.0017057926120296575,0.0017057926120296575,886.5,0.49999998425025632,1
-90.794623060681545,272.08492722871887,168.19078472847923,0.0038396686901900597,0.0038396686901900597,887,0.49999995072594972,1
-90.691764436210065,271.59562160553713,168.05895397564251,0.0053638191365153907,0.0053638191365153907,887.5,0.49999988950541924,1
-90.587656583832953,271.10658027378742,167.92825853996365,0.00052735973074751461,0.00052735973074751461,888,0.49999986908609489,1
-90.483489027148565,270.61755167631128,168.07661671782014,0.010884932462439215,-0.010884932462439215,888.5,0.49999984901504851,1
-90.381981849892455,270.12796525834824,168.5440123222707,0.01807147939016138,-0.01807147939016138,889,0.49999856768633172,1
-90.284034305561647,269.63765317521427,168.76205301115141,0.0028486391958714922,0.0028486391958714922,889.5,0.49999966030749521,1
-90.185388544467941,269.14748172233607,168.38076325070904,0.023771826830284119,0.023771826830284119,890,0.49999903939756019,1
-90.081612762058796,268.65837268781519,167.72280208716404,0.01464390444633353,0.01464390444633353,890.5,0.49999706065593724,1
-89.974283366857264,268.17002830594583,167.57760359677917,0.0045062365534315552,-0.0045062365534315552,891,0.49999983437766021,1
-89.867995341281116,267.68145694198694,167.92315714029377,0.012475572314109739,-0.012475572314109739,891.5,0.4999991220607623,1
-89.76442778542247,267.19230101149515,168.11142321412586,0.00066783582072117752,-0.00066783582072117752,892,0.49999976296176701,1
-89.661023553616417,266.70311044497737,167.96141994003733,0.011140081803684089,0.011140081803684089,892.5,0.49999984552536003,1
-89.555751640339295,266.21431847099871,167.77410932685092,0.0019319820122628822,0.0019319820122628822,893,0.49999976955093156,1
-89.450007563978218,265.72562823608865,167.85072381297101,0.0072807501881389566,-0.0072807501881389566,893.5,0.49999995538189745,1
-89.345906985255809,265.23658570654817,168.11001554190969,0.0068731816287932422,-0.0068731816287932422,894,0.49999952618947113,1
-89.243441588720145,264.74719753681813,168.20517053030161,0.00023005086851823439,0.00023005086851823439,894.5,0.49999993815891991,1
-89.140924161044055,264.25782027679486,168.10413679774632,0.0048435722753170547,0.0048435722753170547,895,0.49999992560520518,1
-89.037471148926699,263.76863989682892,168.03780723210804,0.00021290144658514103,-0.00021290144658514103,895.5,0.49999996985977846,1
-88.934070214548058,263.27944851769911,168.11633571754328,0.0052694322054083224,-0.0052694322054083224,896,0.49999995864529645,1
-88.831746547040041,262.79003075500225,168.25148987292201,0.0030254939118858218,-0.0030254939118858218,896.5,0.49999987937547652,1
-88.730161994145419,262.30045893224133,168.28665908794034,0.00057021140033005691,0.00057021140033005691,897,0.49999999102825193,1
-88.62845239615892,261.8109130870485,168.2304827023948,0.002304050946431639,0.002304050946431639,897.5,0.49999997686812925,1
-88.526209825423948,261.32147827380885,168.17395210646134,0.0016425251480902141,0.0016425251480902141,898,0.49999997968143084,1
-88.423565310589765,260.83212758711488,168.13622675189958,0.0011741490314548402,0.0011741490314548402,898.5,0.49999999099340203,1
-88.320506980712452,260.34286391307364,168.05973690966454,0.0041658694387715529,0.0041658694387715529,899,0.49999996209343245,1
-88.216429793955115,259.85381609183162,167.89753824955267,0.0071577598144354319,0.0071577598144354319,899.5,0.49999983226486494,1
-88.110725991307831,259.36511733810789,167.71216541722268,0.0038356446144843489,0.0038356446144843489,900,0.4999997657851627,1
-88.004096011824046,258.87661959896514,167.69022125496912,0.0023036200080230741,-0.0023036200080230741,900.5,0.49999999367229864,1
-87.898010082193565,258.38800354843465,167.8224284044901,0.0034347745127671996,-0.0034347745127671996,901,0.49999986930155238,1
-87.792535187070229,257.89925512551906,167.77188684123351,0.0069633293958623931,0.0069633293958623931,901.5,0.49999997440375615,1
-87.685359421568734,257.41087763276079,167.42345258571157,0.017361805796629187,0.017361805796629187,902,0.49999922014308212,1
-87.574837511130283,256.92324633228117,167.12011964043481,0.0015675909826046535,0.0015675909826046535,902.5,0.49999937789402349,1
-87.46393410237431,256.43570135236683,167.33666028272313,0.016685910054542369,-0.016685910054542369,903,0.49999967351325486,1
-87.356907776034291,255.94729293937326,167.94461397423819,0.017318523661150092,-0.017318523661150092,903.5,0.49999741240605072,1
-87.253962918822353,255.45800584433843,168.21791186983165,0.0017621424691408457,-0.0017621424691408457,904,0.49999950499375945,1
-87.151451823588957,254.9686273906546,168.05137755655034,0.011274165420510476,0.011274165420510476,904.5,0.49999979557588203,1
-87.046562989102384,254.47975350112594,167.73071718841288,0.011112137090011949,0.011112137090011949,905,0.49999934746240848,1
-86.93895956779798,253.99146990530755,167.41469953309849,0.010950052807149535,0.010950052807149535,905.5,0.49999936622134583,1
-86.828875175167767,253.50373935833147,167.19049752039911,0.0029001800732030777,0.0029001800732030777,906,0.49999965995423479,1
-86.718088527497343,253.01616753596861,167.25617349691788,0.0074853116823303464,-0.0074853116823303464,906.5,0.49999996326429591,1
-86.60907899798049,252.5281960144504,167.57413363647123,0.0095272585736309052,-0.0095272585736309052,907,0.49999928333776378,1
-86.502179775216433,252.0397572024325,167.68012682327242,0.0021274100501636069,0.0021274100501636069,907.5,0.49999991691301376,1
-86.394761103804115,251.55143263038644,167.45226830590838,0.013593513755820763,0.013593513755820763,908,0.49999965863183254,1
-86.284676289213365,251.06370249477715,167.133137694727,0.0086859313767693926,0.0086859313767693926,908.5,0.49999935158452252,1
-86.172474216261691,250.57645462106117,166.95459757313427,0.0037786343246042622,0.0037786343246042622,909,0.49999979561534741,1
-86.059241923137606,250.0894449755566,166.85624872756034,0.0054400502092929841,0.0054400502092929841,909.5,0.49999994702062395,1
-85.944666353454437,249.60274990229632,166.62409406948422,0.010767494325298345,0.010767494325298345,910,0.49999965550393211,1
-85.827487373463086,249.11667563797209,166.25927769665194,0.010860807499150573,0.010860807499150573,910.5,0.49999910378935208,1
-85.707984580717863,248.63116663331652,166.15343489300255,0.0034714104437240344,-0.0034714104437240344,911,0.49999991107554093,1
-85.589324823022082,248.14545143417959,166.45818863077398,0.017804784811825548,-0.017804784811825548,911.5,0.49999939276868366,1
-85.4742266354191,247.65888046458198,166.86771125451054,0.0080362348488130161,-0.0080362348488130161,912,0.49999890124344021,1
-85.36108263380487,247.17185027335248,166.91357949315264,0.0048338803306612809,0.0048338803306612809,912.5,0.49999997227033105,1
-85.246855119403975,246.68507352843022,166.6580542230958,0.0080929193866111984,0.0080929193866111984,913,0.49999952444308432,1
-85.130765110064146,246.19873723455208,166.52344655307951,0.0013044763497784568,0.0013044763497784568,913.5,0.49999988101163106,1
-85.01435640075934,245.71247702980281,166.5794019711135,0.0034584377436854227,-0.0034584377436854227,914,0.49999997432481375,1
-84.898393982878488,245.22611018322871,166.56039260207871,0.0047855886415390575,0.0047855886415390575,914.5,0.49999999180720728,1
-84.781268198100918,244.74002260742324,166.30519890492144,0.013030431018614322,0.013030431018614322,915,0.49999958081202495,1
-84.66127467572953,244.25463539870464,165.96140841936267,0.0067962762539142147,0.0067962762539142147,915.5,0.4999991877980729,1
-84.539651919861228,243.76965303856824,165.94001242671885,0.0053024568909706797,-0.0053024568909706797,916,0.49999998438847243,1
-84.4192665822316,243.28436260331168,166.21887994292314,0.0087541137881600919,-0.0087541137881600919,916.5,0.49999943606738179,1
-84.300777029996254,242.79860529707122,166.31190269419832,0.0022598620615887047,0.0022598620615887047,917,0.49999993455491487,1
-84.181738730096598,242.31298244091056,166.08939379929853,0.013274313136925731,0.013274313136925731,917.5,0.49999967526853217,1
-84.060198266461413,241.82797995935448,165.8075314008077,0.0062927984468347901,0.0062927984468347901,918,0.49999949141595279,1
-83.937132267890746,241.34336184543491,165.72884705654013,0.00079951148579664524,-0.00079951148579664524,918.5,0.49999995634315125,1
-83.814162287743102,240.85871935167532,165.79645350268453,0.0013730102553611674,-0.0013730102553611674,919,0.49999996277502884,1
-83.691499245172452,240.37399904480691,165.78411028518519,0.0022347456818369122,0.0022347456818369122,919.5,0.49999999790329563,1
-83.568296773813003,239.88941564941072,165.67171681195248,0.0048130203490248571,0.0048130203490248571,920,0.49999991604276478,1
-83.44401509431404,239.40510793023967,165.54795286320331,0.0038273364625419628,0.0038273364625419628,920.5,0.49999990270774441,1
-83.318806828004327,238.92103889378703,165.45242621057724,0.0028416903894944215,0.0028416903894944215,921,0.49999994200446607,1
-83.193025442307999,238.43711840675897,165.43126315597891,0.001794483855798318,-0.001794483855798318,921.5,0.49999999475316148,1
-83.067678602288467,237.95308527920616,165.55606778804594,0.0069185677710265885,-0.0069185677710265885,922,0.4999998988714226,1
-82.943956336008824,237.46863463964763,165.78953406279714,0.0063933740337714408,-0.0063933740337714408,922.5,0.4999996213418974,1
-82.82171166329789,236.98380870158013,165.87437670997906,0.00047018654751730806,0.00047018654751730806,923,0.49999995022923399,1
-82.699353295980984,236.49901147913258,165.76371274574882,0.0064325009428859749,0.0064325009428859749,923.5,0.4999999169453152,1
-82.575756338074129,236.01452858194733,165.63012998119967,0.0028933182045921052,0.0028933182045921052,924,0.49999988566882458,1
-82.451458600895606,235.53022489120349,165.59793754030142,0.00064584933853106309,-0.00064584933853106309,924.5,0.49999999233580922,1
-82.327200671686967,235.04591098014151,165.60989142719285,0.0013435744137034911,0.0013435744137034911,925,0.49999999741936529,1
-82.202610856539565,234.56168240152289,165.51253997777542,0.0054528735146819459,0.0054528735146819459,925.5,0.4999999383894756,1
-82.07671210144845,234.07779271718843,165.30977523665979,0.0067943121853854139,0.0067943121853854139,926,0.49999972313871632,1
-81.949287897166428,233.59430231429383,165.18395291883351,0.0019897717483393354,0.0019897717483393354,926.5,0.49999989752808127,1
-81.821382708952257,233.11093882794182,165.19576798267434,0.0028146058309469154,-0.0028146058309469154,927,0.49999999711046722,1
-81.694060817619302,232.62742145006055,165.30858755746073,0.0049048379242397043,-0.0049048379242397043,927.5,0.4999999187257731,1
-81.567925099590482,232.14359338033771,165.47665760158728,0.0068286708865125554,-0.0068286708865125554,928,0.49999982041434982,1
-81.443382073556251,231.65935294557676,165.66129850333067,0.0038832264863916045,-0.0038832264863916045,928.5,0.49999976399118035,1
-81.319747578562399,231.17487951336003,165.6738882975759,0.0030042937063820873,0.0030042937063820873,929,0.49999999487624425,1
-81.195388526332806,230.69059177805951,165.49481329704639,0.0078028644674749585,0.0078028644674749585,929.5,0.49999978443389514,1
-81.069379118452574,230.20673078817981,165.33110329377837,0.0036262581409134834,0.0036262581409134834,930,0.49999982840166218,1
-80.942492572137155,229.72309891316559,165.28704243097994,0.00055020811747148464,-0.00055020811747148464,930.5,0.49999998616563002,1
-80.815702385136547,229.23944177722268,165.34630990344195,0.0033012640445469069,-0.0033012640445469069,931,0.49999997666814322,1
-80.689710150862339,228.75557624730681,165.47516184764768,0.0056943057754159842,-0.0056943057754159842,931.5,0.49999989413816553,1
-80.56507089592283,228.27136054855796,165.65076287642401,0.0043754118060063902,-0.0043754118060063902,932,0.4999997867866588,1
-80.441416217105811,227.7868922721421,165.6807481010506,0.0022820376504315153,0.0022820376504315153,932.5,0.49999999044670151,1
-80.317208913414731,227.30256554566927,165.52036696318515,0.0084019321524811605,0.0084019321524811605,933,0.49999983226606715,1
-80.191373862822118,226.81865919643789,165.35051179179555,0.0034561994750154511,0.0034561994750154511,933.5,0.4999998147840492,1
-80.064702713377002,226.33497085386765,165.32233976107378,0.0014894037554516149,-0.0014894037554516149,934,0.49999999284009916,1
-79.938295987300179,225.85121336280912,165.38385442841388,0.00089159493015114047,-0.00089159493015114047,934.5,0.49999997055270001,1
-79.812090885624485,225.36740320654209,165.35897480040694,0.0026285276884054185,0.0026285276884054185,935,0.49999999499609649,1
-79.685256215239093,224.88375780811199,165.24149699020387,0.0039779986714108912,0.0039779986714108912,935.5,0.49999990503437108,1
-79.557590604676861,224.40033100301807,165.1943477848622,0.00068635185240186207,-0.00068635185240186207,936,0.49999998400354917,1
-79.430090911336919,223.91686044667182,165.2808223887979,0.0053507313996674676,-0.0053507313996674676,936.5,0.49999995065552721,1
-79.303651769392559,223.4331115061637,165.40847082682365,0.0028188624011146633,-0.0028188624011146633,937,0.49999989405834477,1
-79.177894185149086,222.94918483582501,165.44110997420375,0.00054020979960745115,0.00054020979960745115,937.5,0.49999999225984509,1
-79.052025997049469,222.46528693210345,165.39157892754085,0.001966363088202559,0.001966363088202559,938,0.49999998200159557,1
-78.925700405602981,221.98150823361624,165.34165326269598,0.001519110793347458,0.001519110793347458,938.5,0.49999998416428731,1
-78.799007279247903,221.49782564870961,165.30420191164981,0.001271605815367547,0.001271605815367547,939,0.4999999912075847,1
-78.671959972464805,221.01423598479349,165.24997893436239,0.0025138395482289435,0.0025138395482289435,939.5,0.49999998120734462,1
-78.544304948153254,220.53080642068826,165.16017286976663,0.003755720443201199,0.003755720443201199,940,0.49999994868294512,1
-78.415989620782,220.04755166088839,165.15239692179478,0.0059792998402055878,-0.0059792998402055878,940.5,0.49999998610762864,1
-78.289129390063721,219.56391375243305,165.51615106347782,0.019416689200432064,-0.019416689200432064,941,0.49999914463221501,1
-78.166909029882149,219.07908496237721,166.2035816067721,0.020907167374458396,-0.020907167374458396,941.5,0.49999677209950677,1
-78.049406098667859,218.59308866429956,166.5174136178789,0.0010037800584713468,-0.0010037800584713468,942,0.49999934058869677,1
-77.932147104850216,218.10703323830882,166.26111904831012,0.018897139723819099,0.018897139723819099,942.5,0.49999954876596381,1
-77.811564359619993,217.62179210199318,165.90262354883262,0.004651517447523265,0.004651517447523265,943,0.49999915881943929,1
-77.689853314240722,217.13683195418093,165.99556562725616,0.011140339211006097,-0.011140339211006097,943.5,0.49999992353338391,1
-77.570580734660169,216.65126738455527,166.38942937668233,0.0098500849114576891,-0.0098500849114576891,944,0.49999889951434634,1
-77.453639046126455,216.16513515140727,166.5026107123353,0.0019483339656585301,0.0019483339656585301,944.5,0.49999990662256721,1
-77.33623102663536,215.6791155642382,166.28938193557184,0.01003570471944755,0.01003570471944755,945,0.49999968215271123,1
-77.216715202324508,215.1936099736233,166.0767792343363,0.0048067412254071615,0.0048067412254071615,945.5,0.49999971077894773,1
-77.096032807299224,214.7083927726448,166.01397432553819,0.00042210471026586112,-0.00042210471026586112,946,0.49999997259444462,1
-76.975366096261681,214.22317166077289,166.06520250677312,0.002744620238365158,-0.002744620238365158,946.5,0.49999998255882866,1
-76.855365002498559,213.73778555966632,166.17026680745829,0.0045902504249989377,-0.0045902504249989377,947,0.49999992965177836,1
-76.736466832524201,213.25212819203946,166.32014656985413,0.005315452959965287,-0.005315452959965287,947.5,0.4999998535534777,1
-76.618848667763942,212.76615923146792,166.46689535857445,0.0049295608246409054,-0.0049295608246409054,948,0.49999986332053603,1
-76.502427658560208,212.27990205835749,166.60048983326448,0.0036749306801166347,-0.0036749306801166347,948.5,0.49999988978535137,1
-76.386780475618977,211.79346016402098,166.62651439165117,0.0018580795587498872,0.0018580795587498872,949,0.4999999874879329,1
-76.270681443256393,211.30712601897449,166.49403024446838,0.0073910117000280289,0.0073910117000280289,949.5,0.49999988595362405,1
-76.153153997642008,210.82113510201171,166.36284819163529,0.00077175274106009632,-0.00077175274106009632,950,0.49999987184294664,1
-76.035818466037895,210.33509791427434,166.5465307852599,0.01205200636086909,-0.01205200636086909,950.5,0.49999977484041713,1
-75.921259555903958,209.84839976056844,166.9544248002328,0.010809545180270887,-0.010809545180270887,951,0.49999883671045586,1
-75.80924951177559,209.36110764771655,167.10051798651145,0.00061004354229527054,0.00061004354229527054,951.5,0.49999985323327623,1
-75.697102485581468,208.87384709725274,166.93353054002588,0.008666896014989026,0.008666896014989026,952,0.49999979952244589,1
-75.58301103732893,208.38703835163096,166.6867072406522,0.0085646426086011928,0.0085646426086011928,952.5,0.49999961337805532,1
-75.466836849791719,207.90072242301349,166.44494469428869,0.0074467950151568844,0.0074467950151568844,953,0.49999962427686423,1
-75.349026974769927,207.41479984838938,166.33229788049573,0.00041744361465366703,0.00041744361465366703,953.5,0.49999991518196885,1
-75.231115668912267,206.92890184499666,166.42102529741453,0.0066117443419255696,-0.0066117443419255696,954,0.49999994575008716,1
-75.11462756995229,206.44266095233468,166.64437625021023,0.0088541157627789607,-0.0088541157627789607,954.5,0.49999968289592994,1
-75.000293273055249,205.9559093148018,166.9282838528294,0.010966430808985957,-0.010966430808985957,955,0.4999994880876153,1
-74.888524208939685,205.46856230197389,167.22363851181137,0.0085591930373870567,-0.0085591930373870567,955.5,0.49999943460523721,1
-74.778838302836704,204.98074187240763,167.41368661971592,0.0047087325025470519,-0.0047087325025470519,956,0.49999976949978514,1
-74.670325026991122,204.49265907657127,167.50708330102401,0.0024074526474022443,-0.0024074526474022443,956.5,0.49999994662617669,1
-74.56240516875711,204.00444468897319,167.55695907832893,0.0010745263095903008,-0.0010745263095903008,957,0.4999999840590148,1
-74.454756235043689,203.51617047777339,167.57570443427855,0.00088780026935255188,-0.00088780026935255188,957.5,0.49999999825243152,1
-74.347344189168524,203.02784411185317,167.62025128808011,0.0022221585608098804,-0.0022221585608098804,958,0.49999998725193284,1
-74.240471668684265,202.53939941413572,167.69953690788375,0.0027821067588786135,-0.0027821067588786135,958.5,0.49999995836295247,1
-74.134246389098848,202.05081353197414,167.7630733605136,0.0016535746100970435,-0.0016535746100970435,959,0.49999997427060144,1
-74.028425779973489,201.56213982463905,167.79564427420669,0.0010672288607035427,-0.0010672288607035427,959.5,0.49999999355628888,1
-73.922936349540464,201.07339453521655,167.85425644489382,0.003024674888508242,-0.003024674888508242,960,0.49999997786576322,1
-73.818186201821874,200.58449033818559,167.96894320729183,0.0049736903563152666,-0.0049736903563152666,960.5,0.49999990732154764,1
-73.714633511800869,200.09533118287109,168.13253763632648,0.0064473738901340404,-0.0064473738901340404,961,0.49999983883855176,1
-73.612658276358445,199.60584085370374,168.33835108324115,0.0079211104996492979,-0.0079211104996492979,961.5,0.49999973099182898,1
-73.51259480611408,199.11595623026642,168.57563673891423,0.0085652487064463191,-0.0085652487064463191,962,0.49999964235754135,1
-73.414630222657905,198.62564762028279,168.82898662959559,0.0091219600293599139,-0.0091219600293599139,962.5,0.49999959263565408,1
-73.318769083073221,198.13492330704386,169.03946070664239,0.0045250162574084554,-0.0045250162574084554,963,0.49999970968620788,1
-73.224016187699547,197.6439835215786,169.08442917519756,0.0013856177514185411,0.0013856177514185411,963.5,0.4999999841343678,1
-73.129016448129093,197.15309146997402,169.00574975500706,0.0028352383453962549,0.0028352383453962549,964,0.49999995684701531,1
-73.033326823449912,196.66233342512891,168.92925022262443,0.0025054220511062635,0.0025054220511062635,964.5,0.49999996285143478,1
-72.937120577319277,196.1716763648387,168.91652954309535,0.0038213393279344656,-0.0038213393279344656,965,0.49999999260717271,1
-72.841871335821367,195.68083303246223,169.16654943629916,0.013633566657800992,-0.013633566657800992,965.5,0.49999959494420215,1
-72.749737302409628,195.18939613441904,169.54958662126936,0.0046646931462507868,-0.0046646931462507868,966,0.49999890486982906,1
-72.658622638429179,194.69776845548373,169.3350709163542,0.019640795955993946,0.019640795955993946,966.5,0.49999965668747853,1
-72.563009847520462,194.2069989521369,168.65474657448524,0.011339953191567264,0.011339953191567264,967,0.49999651118847233,1
-72.464966011812095,193.71670640616952,168.92811955333576,0.030430932988128167,-0.030430932988128167,967.5,0.49999937435119146,1
-72.37411433316818,193.22504092063252,170.17107003691771,0.035504832705974709,-0.035504832705974709,968,0.49998897705924439,1
-72.29136647808663,192.73193685899477,170.57118814273704,0.0075637658062942276,0.0075637658062942276,968.5,0.49999882312285965,1
-72.206947516290867,192.23911838913284,169.90345422153763,0.022112505069850387,0.022112505069850387,969,0.4999966053362051,1
-72.117688790078759,191.74715046532535,169.65954972170812,0.0050847747401316376,-0.0050847747401316376,969.5,0.49999955826026865,1
-72.029589507148103,191.25497467305533,170.10895179833241,0.016242679650498783,-0.016242679650498783,970,0.49999849414724823,1
-71.94505692476794,190.76217262826958,170.34900686316951,0.00051683407273565136,-0.00051683407273565136,970.5,0.49999961282872329,1
-71.860721442059727,190.26933661605892,170.20455137806806,0.0027158936673248018,0.0027158936673248018,971,0.49999980857529602,1
-71.776066885604791,189.7765553597329,170.38683625774303,0.015442839658159589,-0.015442839658159589,971.5,0.49999976051478123,1
-71.695164918399044,189.28314680031323,171.03262675445967,0.021944776733549061,-0.021944776733549061,972,0.49999713479813768,1
-71.619275076904245,188.78894066256586,171.43013554623138,0.005807617662445249,-0.005807617662445249,972.5,0.49999897462822607,1
-71.544820592090517,188.2945152581581,171.36542415900411,0.010325389267131585,0.010325389267131585,973,0.49999995083265608,1
-71.468567705898963,187.80036432100923,171.13986282350749,0.0022635117421150289,0.0022635117421150289,973.5,0.49999965133753044,1
-71.391758138364082,187.30629933382275,171.24253521721027,0.0094314895588311753,-0.0094314895588311753,974,0.49999992122846221,1
-71.317244557201107,186.81188391221269,171.65128635136426,0.016299451682035417,-0.016299451682035417,974.5,0.49999888290233391,1
-71.246669507922761,186.31689122119346,172.12068099780905,0.016470969209306172,-0.016470969209306172,975,0.49999860174114935,1
-71.180173374940495,185.82133412421979,172.59503132415603,0.016645413740108354,-0.016645413740108354,975.5,0.49999857206052734,1
-71.117488881747988,185.32527991260091,172.96497979855792,0.0091609513853679568,-0.0091609513853679568,976,0.49999912655087031,1
-71.057077118584843,184.82894306967745,173.11991466943601,0.0016556498447558026,-0.0016556498447558026,976.5,0.49999984277167758,1
-70.997160817072029,184.3325460166042,173.11024143038276,0.00020536296851010011,-0.00020536296851010011,977,0.49999999748678386,1
-70.937327173859273,183.83613900617289,173.15787165303152,0.0031198720488143732,-0.0031198720488143732,977.5,0.49999998486546404,1
-70.87826214480387,183.33964004476536,173.28038000654058,0.0034671517759344243,-0.0034671517759344243,978,0.49999989633605596,1
-70.819854413298756,182.8430632332917,173.26452878255378,0.0045737425824664973,0.0045737425824664973,978.5,0.49999999279291929,1
-70.76031128606239,182.34662167004609,173.01833002607077,0.012613872962529566,0.012613872962529566,979,0.49999960971867979,1
-70.698380810478469,181.85047212749575,172.83964145979218,0.0034186359665166503,-0.0034186359665166503,979.5,0.49999975237890243,1
-70.637301603882463,181.35421778721093,173.2216589008431,0.023252900313758127,-0.023252900313758127,980,0.49999903972899851,1
-70.581673747318789,180.85732587286762,173.97285384882906,0.018297136791063914,-0.018297136791063914,980.5,0.49999603294988898,1
-70.530438370133055,180.35995811126108,174.14781303052945,0.0060812763593377714,0.0060812763593377714,981,0.49999975416080411,1
-70.477724316443556,179.86274629843388,173.66835462643968,0.018750744615609844,0.018750744615609844,981.5,0.49999835826859762,1
-70.421094290663703,179.36596403293012,173.42202465308748,0.0015534290154094327,-0.0015534290154094327,982,0.49999957913869175,1
-70.364849389941,178.86913834468058,173.75448469195277,0.019730644643845444,-0.019730644643845444,982.5,0.49999925336138223,1
-70.31281417546262,178.37185519297026,174.28750952396322,0.017481873739477131,-0.017481873739477131,983,0.49999819651750782,1
-70.265127634503941,177.87413579450083,174.75614948083455,0.01523591647256827,-0.01523591647256827,983.5,0.4999986057994294,1
-70.221105008182292,177.37607832420051,175.09345449642424,0.0059479509742209839,-0.0059479509742209839,984,0.49999923534962915,1
-70.178547052655077,176.87789281165175,175.07982157227644,0.0068997027831196947,0.0068997027831196947,984.5,0.49999998449212529,1
-70.134274075257622,176.37985769620519,174.70719717893371,0.014683761736481334,0.014683761736481334,985,0.49999907274463934,1
-70.087473226357574,175.88205290482901,174.68339661284159,0.013022477361706541,-0.013022477361706541,985.5,0.49999992977484503,1
-70.043915096433807,175.38395767172173,175.45171928696652,0.038389266229103443,-0.038389266229103443,986,0.49999617191199563,1
-70.008332750110597,174.88523002858983,176.3039057063674,0.021105690178099008,-0.021105690178099008,986.5,0.49999536537228517,1
-69.978015433675623,174.38615085196017,176.66114973941524,0.0038367145356755596,-0.0038367145356755596,987,0.49999916422046303,1
-69.949026034940843,173.88699194603211,176.67794327234347,0.00041887031376137919,0.00041887031376137919,987.5,0.49999999860629757,1
-69.91993545871226,173.38783893262237,176.64385998133474,0.0019604265922170527,0.0019604265922170527,988,0.49999999242133386,1
-69.890618355614976,172.88869920536007,176.70976004769784,0.012529602196871647,-0.012529602196871647,988.5,0.49999995986550166,1
-69.864484230776554,172.38938585454537,177.41264347679868,0.036546361529580587,-0.036546361529580587,989,0.49999681477273072,1
-69.847184468439764,171.88969495503156,178.58996203619876,0.029000618550720583,-0.029000618550720583,989.5,0.4999902767392867,1
-69.836724912785854,171.38980483150644,178.80871722257109,0.013724752452442755,0.013724752452442755,990,0.49999953790222307,1
-69.822915410134712,170.89000148950771,177.8957419897821,0.034982456377467559,0.034982456377467559,990.5,0.49999408300155851,1
-69.801387384128589,170.39046743819762,177.30647449034555,0.0061588911320762533,0.0061588911320762533,991,0.49999772431681599,1
-69.778312136186187,169.89100059213487,177.52490181560105,0.015238111695837487,-0.015238111695837487,991.5,0.49999959738330718,1
-69.757985712450093,169.39141424695572,177.74228110418386,6.27197454912539e-05,6.27197454912539e-05,992,0.49999967979126109,1
-69.737643614798273,168.89182854975439,177.52130488552481,0.015363896457444032,0.015363896457444032,992.5,0.49999966978490185,1
-69.714888698784236,168.39234679873732,177.36718209305693,0.0056824715949719594,-0.0056824715949719594,993,0.49999980580184838,1
-69.693553243512795,167.89280371534372,177.84741324874443,0.02784537033458823,-0.02784537033458823,993.5,0.49999849381576034,1
-69.678222164523845,167.39304232141399,178.58182061635154,0.019109124884439468,-0.019109124884439468,994,0.49999649283325293,1
-69.667662736573092,166.89315463152619,178.93231172239072,0.0053611235368929708,-0.0053611235368929708,994.5,0.49999920401937437,1
-69.658699601921114,166.39323500762362,179.01316920477672,0.0038302613627345995,-0.0038302613627345995,995,0.49999996814567621,1
-69.650711449197104,165.89329898456009,179.17255393308557,0.0072967386061765765,-0.0072967386061765765,995.5,0.49999983774049034,1
-69.64437322828482,165.39333936275699,179.33206231258401,0.00071182287180057756,0.00071182287180057756,996,0.49999979647779041,1
-69.637807630201792,164.89338286790976,179.08891421465663,0.01626377605960249,0.01626377605960249,996.5,0.49999960381795472,1
-69.627277533257597,164.39349630944272,178.49021954298743,0.0154991148795725,0.0154991148795725,997,0.49999745427119457,1
-69.613283949030858,163.89369225343566,178.43029508455874,0.011315214779023216,-0.011315214779023216,997.5,0.49999991480061684,1
-69.602042135626021,163.39382147620051,179.0572008159582,0.020512783134601087,-0.020512783134601087,998,0.49999717229430135,1
-69.59521948641428,162.89386832096409,179.24625473953211,0.007313556790245708,0.007313556790245708,998.5,0.49999970597303794,1
-69.586572183892358,162.39394549566754,178.64807683836148,0.02961841571416015,0.02961841571416015,999,0.49999760708766533,1
-69.57174051859657,161.89416798118862,178.02857491084873,0.01363143832917974,0.01363143832917974,999.5,0.49999754226813453,1
-69.553502619779138,161.39450090086245,177.86697749435052,0.0023490299445578389,-0.0023490299445578389,1000,0.49999981211491107,1
-69.535559749058905,160.89482319400631,178.05997969678947,0.010925358257674515,-0.010925358257674515,1000.5,0.49999975733864177,1
-69.52034675444618,160.39505587874967,178.4928827131767,0.019296582351236616,-0.019296582351236616,1001,0.49999880460248114,1
-69.509409328661121,159.89517675633638,178.90860369613426,0.0031530947791544518,-0.0031530947791544518,1001.5,0.49999876430595785,1
-69.499233099446101,159.39528083873739,178.63904020352683,0.021974258697337889,0.021974258697337889,1002,0.49999948407290762,1
-69.483796603565665,158.89552396980497,177.81917035374016,0.021863875259283808,0.021863875259283808,1002.5,0.49999521342729403,1
-69.463232340406378,158.39594740490151,177.60334598702045,0.0067944002063275851,-0.0067944002063275851,1003,0.49999963311989459,1
-69.444354804611649,157.89630622967556,178.18581009400927,0.02566037282896512,-0.02566037282896512,1003.5,0.49999766533339529,1
-69.43040031863319,157.39650157183138,178.46300518233468,0.0063075593486995188,0.0063075593486995188,1004,0.49999942368132888,1
-69.414869380508094,156.8967455191229,177.82428060125213,0.038286836763230588,0.038286836763230588,1004.5,0.49999732225063348,1
-69.390966668847227,156.39732468098637,176.74933990703096,0.031048359009131415,0.031048359009131415,1005,0.4999925131336832,1
-69.359319231686897,155.89833029276846,176.05909233793645,0.017144352324613366,0.017144352324613366,1005.5,0.49999695974253927,1
-69.323232406242852,155.39963510765989,175.68403350638556,0.01180514741229957,0.01180514741229957,1006,0.49999914662037503,1
-69.284184958288051,154.90116279558148,175.36381075882434,0.010549945074399622,0.010549945074399622,1006.5,0.49999934910015031,1
-69.24249343084044,154.40290455814309,175.06300129455366,0.012942645106499562,0.012942645106499562,1007,0.4999994546358309,1
-69.197426485744316,153.90494144595561,174.5453904117262,0.023195473057567435,0.023195473057567435,1007.5,0.49999829063681345,1
-69.14661968973374,153.40753348395057,173.77249663858032,0.02411947196592068,0.02411947196592068,1008,0.49999601117095865,1
-69.090300346356912,152.91071641533568,173.3981113104571,0.0020186958488069336,0.0020186958488069336,1008.5,0.49999906810461897,1
-69.033430418691523,152.41396149058508,173.59593214779349,0.0047991914440538531,-0.0047991914440538531,1009,0.49999964393651825,1
-68.97689559172575,151.91716876349471,173.26242764899229,0.028089172985840724,0.028089172985840724,1009.5,0.49999920034929318,1
-68.913413019480728,151.42122543134636,172.02718569138648,0.04661920297446083,0.04661920297446083,1010,0.49998982557774135,1
-68.839914870775146,150.92666087629581,171.25446396429902,0.0073347866754404079,0.0073347866754404079,1010.5,0.49999607696010079,1
-68.764588877354853,150.43236832417222,171.57724539336053,0.018749876256067447,-0.018749876256067447,1011,0.49999913236885946,1
-68.691787958900463,149.93769695966753,171.46048835532599,0.026910115805904349,0.026910115805904349,1011.5,0.49999973258865604,1
-68.612338029809678,149.44406285811075,170.03703569139651,0.068376269180598442,0.068376269180598442,1012,0.49998691728114175,1
-68.519673364556667,148.95273378036754,168.86368682178394,0.013554736864260992,0.013554736864260992,1012.5,0.49999100274150177,1
-68.423677380276871,148.46203681013338,169.25951495813922,0.041189696500188416,-0.041189696500188416,1013,0.49999874559325164,1
-68.33426814624228,147.97009873169642,169.90745956897041,0.0019403503722835492,0.0019403503722835492,1013.5,0.49999708413839794,1
-68.244379932062628,147.4782489773003,169.14231996072726,0.051488205622592785,0.051488205622592785,1014,0.49999607193250872,1
-68.14379215354694,146.98848410946545,167.76532411126391,0.03378381161958454,0.03378381161958454,1014.5,0.49998752679642872,1
-68.034956270245885,146.50047499905386,167.23608578660998,0.0031734361395519307,0.0031734361395519307,1015,0.49999814133516979,1
-67.924729260510375,146.01277634879327,167.27383286173583,0.0033800106129167509,0.0033800106129167509,1015.5,0.49999996714123962,1
-67.8136307714136,145.52527600418463,166.98638587753155,0.01668818863757611,0.01668818863757611,1016,0.49999946027283187,1
-67.698684873138305,145.03866995814874,166.44914533014526,0.014186864938748616,0.014186864938748616,1016.5,0.49999800356500945,1
-67.580371041091254,144.55287005247038,166.24212651481443,0.00026681451394800073,0.00026681451394800073,1017,0.49999971121068026,1
-67.461921227819289,144.06710314169791,166.37206935008902,0.0030634720375697297,-0.0030634720375697297,1017.5,0.49999984986556872,1
-67.343996413924216,143.58120842109594,166.28684059498056,0.009013947557099701,0.009013947557099701,1018,0.49999994124105673,1
-67.223896207531936,143.09584794152372,165.87369889077539,0.016155248603102326,0.016155248603102326,1018.5,0.49999885470473382,1
-67.100200003155891,142.61139110742266,165.51414949475674,0.0089463154734965144,0.0089463154734965144,1019,0.49999917508357505,1
-66.974337726116474,142.12749180592814,165.3607314273749,0.0022184440021614416,0.0022184440021614416,1019.5,0.49999984676840531,1
-66.847627337043917,141.64381378802145,165.27022211319712,0.0041003362812864347,0.0041003362812864347,1020,0.49999994770506773,1
-66.71992561016441,141.16039664282195,165.1257975641476,0.0059824216896679789,0.0059824216896679789,1020.5,0.49999986732082158,1
-66.591119264530718,140.6772725481799,165.06347902106663,0.0027866923568991503,-0.0027866923568991503,1021,0.499999965499206,1
-66.462986856256421,140.1939695802736,165.28745807583488,0.012849251561305619,-0.012849251561305619,1021.5,0.49999967283709967,1
-66.337465230609482,139.70998220197214,165.54163976568162,0.0034325320403502781,0.0034325320403502781,1022,0.49999946085988406,1
-66.211064097518815,139.22622497201002,165.03550162296301,0.031908393948457986,0.031908393948457986,1022.5,0.4999983039843543,1
-66.077187179758965,138.74449076719407,163.89009921166104,0.033101773497650686,0.033101773497650686,1023,0.49999087311523338,1
-65.935749774440609,138.26491404064129,163.39816630938122,0.0012477288997256215,0.0012477288997256215,1023.5,0.49999837627163113,1
-65.793990503936911,137.78543182693605,163.78340134985157,0.019857909201806273,-0.019857909201806273,1024,0.49999888403217196,1
-65.656132688099333,137.30481303880006,164.13467013611654,0.0046644901741574925,-0.0046644901741574925,1024.5,0.49999919689616495,1
-65.519395942561857,136.82387333616484,164.05064424443762,0.010530690135958094,0.010530690135958094,1025,0.49999993515103569,1
-65.380951091495263,136.34342278895636,163.83756741840705,0.0034712181958224653,0.0034712181958224653,1025.5,0.49999970509968966,1
-65.24167254018306,135.8632129616291,163.85226478243931,0.0044972483582511689,-0.0044972483582511689,1026,0.49999999311730031,1
-65.103229659387964,135.38276165625689,163.97278519419831,0.0004978724802287732,-0.0004978724802287732,1026.5,0.4999998880766966,1
-64.96489073471264,134.90228038065015,163.86120491974373,0.0082877412865695315,0.0082877412865695315,1027,0.49999991428899276,1
-64.824588672328716,134.42236938935349,163.52171574873933,0.012917440324595421,0.012917440324595421,1027.5,0.49999922827593252,1
-64.681279840833056,133.94334766241528,163.17481270342662,0.011301085561419358,0.011301085561419358,1028,0.4999992360629365,1
-64.535266856609582,133.46514306642703,162.87546654765362,0.0088043860084130818,0.0088043860084130818,1028.5,0.49999942718579754,1
-64.387405182351586,132.98750633366669,162.7724198344813,0.0016104237144015064,-0.0016104237144015064,1029,0.49999992319634923,1
-64.239928226845166,132.50975085640309,162.96774657246834,0.01202616287983546,-0.01202616287983546,1029.5,0.49999974846074902,1
-64.094997066502572,132.03121746560583,163.29845297478681,0.0067787434442522073,-0.0067787434442522073,1030,0.49999924734560053,1
-63.951670885000631,131.55220015138897,163.33306454105281,0.0043622052425035468,0.0043622052425035468,1030.5,0.49999998162346204,1
-63.807327115357481,131.07348895483216,163.07107655536089,0.011800429083046002,0.011800429083046002,1031,0.49999953354343557,1
-63.660227261266925,130.5956178951682,162.69811632332681,0.014237382165304987,0.014237382165304987,1031.5,0.49999911673703301,1
-63.509730161308447,130.11880621225561,162.25752033259894,0.015397843552574142,0.015397843552574142,1032,0.499998758056313,1
-63.355853824859672,129.64307372167133,161.93389857547061,0.0071952154404584818,0.0071952154404584818,1032.5,0.49999932951596709,1
-63.200266778349437,129.16789731731791,161.84525640280495,0.0010067211739931952,-0.0010067211739931952,1033,0.49999994429601913,1
-63.044783295396186,128.69268700453978,161.9248337212498,0.0028689666072925653,-0.0028689666072925653,1033.5,0.49999995484196103,1
-62.88997529097103,128.21725620518811,162.00096060382526,0.0024456765049037685,-0.0024456765049037685,1034,0.49999996320626616,1
-62.735736801721579,127.74164032303541,162.05458731754777,0.0002858371914479611,-0.0002858371914479611,1034.5,0.49999997892183906,1
-62.581533588539912,127.26601300441232,161.99706670049719,0.0043015568828573096,0.0043015568828573096,1035,0.49999997717614714,1
-62.426307832987121,126.79071863620396,161.80824309344683,0.008613151086389912,0.008613151086389912,1035.5,0.4999997716374599,1
-62.269367956367446,126.31598748550287,161.62726805146588,0.0040212937747235843,0.0040212937747235843,1036,0.49999979031933484,1
-62.111473816131038,125.8415726637033,161.57783813571592,0.00057040934822909315,-0.00057040934822909315,1036.5,0.499999982664112,1
-61.953675180516825,125.36712607567176,161.63895087070034,0.0030275681016575964,-0.0030275681016575964,1037,0.49999997429647675,1
-61.796591174378896,124.89244245385714,161.74693880668454,0.0045114124655768828,-0.0045114124655768828,1037.5,0.49999992580338043,1
-61.640572026408321,124.41740783503293,161.8890689281215,0.0038535335294504008,-0.0038535335294504008,1038,0.49999986361490856,1
-61.485348753499828,123.94211242195234,161.90823336912868,0.0025155990553410025,0.0025155990553410025,1038.5,0.49999999414787094,1
-61.329527825763527,123.46701278426929,161.74493424721049,0.0088848449778571505,0.0088848449778571505,1039,0.49999982724714503,1
-61.172021118042501,122.99246939311719,161.56816829257897,0.0022503876501674819,0.0022503876501674819,1039.5,0.49999979306320541,1
-61.013980945442384,122.51810320257054,161.61775892408201,0.0057125088413855687,-0.0057125088413855687,1040,0.49999997888921194,1
-60.857209709140015,122.04331647590473,161.83956124205409,0.0067241121146016146,-0.0067241121146016146,1040.5,0.49999965634969146,1
-60.701994202778614,121.56801863382749,161.96892806798851,0.0023074253885286742,-0.0023074253885286742,1041,0.49999989209829482,1
-60.547327134842604,121.09254192950573,161.97178754562515,0.0020988968721438548,0.0020988968721438548,1041.5,0.49999999825660868,1
-60.392163297759488,120.61722720514734,161.84954189902879,0.0064355177920344918,0.0064355177920344918,1042,0.49999990353023288,1
-60.235470902597939,120.14241449880689,161.60305641625678,0.010772417117239919,0.010772417117239919,1042.5,0.49999961280366334,1
-60.076486780514152,119.66836425208012,161.35751940748722,0.0036547966160455918,0.0036547966160455918,1043,0.49999958749628598,1
-59.916644399647026,119.19460229852118,161.40572464438657,0.0070202323850668052,-0.0070202323850668052,1043.5,0.49999997536126217,1
-59.758428461037191,118.72029542155984,161.72481252126798,0.011461237812110966,-0.011461237812110966,1044,0.49999929676251248,1
-59.602790775998386,118.24513597221562,161.97783811126277,0.006203356031566994,-0.006203356031566994,1044.5,0.49999959130517202,1
-59.448627537493323,117.76949574374316,162.08024477493507,0.00094604804103568907,-0.00094604804103568907,1045,0.49999993104769558,1
-59.294929513405386,117.29370492228573,162.12274318356606,0.0023059878797517053,-0.0023059878797517053,1045.5,0.49999998839167881,1
-59.141780210931451,116.81773723459428,162.21255270132974,0.0039639070845147182,-0.0039639070845147182,1046,0.4999999485745969,1
-58.989535350242015,116.34147951502044,162.32408025843864,0.002343972602004443,-0.002343972602004443,1046.5,0.49999991306001002,1
-58.837826996693863,115.86505053430477,162.32946092902381,0.0019682947601162961,0.0019682947601162961,1047,0.49999999820206059,1
-58.685651047343931,115.38877079340874,162.21482848785746,0.0042361725159576645,0.0042361725159576645,1047.5,0.49999991114853687,1
-58.532926003830987,114.91266678806618,162.27528540048812,0.0084570541987910811,-0.0084570541987910811,1048,0.49999996281926085,1
-58.382215942120659,114.43592228443579,162.69941153104838,0.021152828231458226,-0.021152828231458226,1048.5,0.49999884444117804,1
-58.235858816570889,113.95782392414549,163.17747089958391,0.0071366012959211125,-0.0071366012959211125,1049,0.49999845030906637,1
-58.091199199078005,113.47920767693324,163.09121344177225,0.013158698882609083,0.013158698882609083,1049.5,0.49999991702871271,1
-57.943466688101601,113.00153350312341,162.49897187508708,0.018172143674339138,0.018172143674339138,1050,0.49999751111810331,1
-57.791894681398972,112.52506138488769,162.32270541630407,0.005865890538919072,-0.005865890538919072,1050.5,0.49999975267183394,1
-57.641713762133591,112.04815047750327,162.81687904417203,0.021439281739015097,-0.021439281739015097,1051,0.49999832209081219,1
-57.495277246366264,111.57007505494205,162.96901025382513,0.010817293219909548,0.010817293219909548,1051.5,0.49999976280710601,1
-57.34627112675409,111.09279798664762,162.22722142564879,0.029101350004817519,0.029101350004817519,1052,0.49999622358733942,1
-57.192607473940924,110.61699640170066,162.26764293879387,0.031928645827828998,-0.031928645827828998,1052.5,0.49999966643381705,1
-57.046568465670447,110.13882076461351,164.05810376989933,0.093068653127257622,-0.093068653127257622,1053,0.49997933141313378,1
-56.918765297660592,109.65545383002625,165.88635739913306,0.015710066555249948,-0.015710066555249948,1053.5,0.49997724268775068,1
-56.794745208112452,109.1710859998486,164.91628980744656,0.083544767645296225,0.083544767645296225,1054,0.49999317747598299,1
-56.651857887810543,108.69200462768873,161.88578165153061,0.085579680753455137,0.085579680753455137,1054.5,0.49993574332472218,1
-56.489144960342749,108.21923463094949,160.47788083649681,0.012810254580141992,0.012810254580141992,1055,0.49998696641209128,1
-56.323395506189982,107.74751031650624,161.13750645576766,0.051153949126636317,-0.051153949126636317,1055.5,0.49999671037807286,1
-56.167161382046494,107.27255633714083,162.36689565494675,0.03465512396505787,-0.03465512396505787,1056,0.4999903839694525,1
-56.019177382160834,106.79496122885234,163.12262765044645,0.018103186087734712,-0.018103186087734712,1056.5,0.49999635166993672,1
-55.875551097990389,106.31603438412067,163.41656932016156,0.0025668520633540994,-0.0025668520633540994,1057,0.49999943210892417,1
-55.732539649233743,105.83692315607432,163.2700697778954,0.012794931235543028,0.012794931235543028,1057.5,0.49999984331553116,1
-55.586543038172273,105.35871492449235,162.74941551589683,0.017117106916704698,0.017117106916704698,1058,0.49999812319067022,1
-55.436667121571055,104.88170706016676,162.41817931909006,0.0060080142303079393,0.0060080142303079393,1058.5,0.49999929300501172,1
-55.285358476487382,104.40515099609493,162.40424512396362,0.004335819311041841,-0.004335819311041841,1059,0.49999998828069037,1
-55.134804247181563,103.92835620168158,162.55681208757281,0.0063153692458019547,-0.0063153692458019547,1059.5,0.49999985194151669,1
-54.985756369032146,103.45108850767809,162.76608748056412,0.0082947367832127989,-0.0082947367832127989,1060,0.49999972172017232,1
-54.838528961242602,102.97325605292914,162.94778261369987,0.0016678799874657558,-0.0016678799874657558,1060.5,0.49999976441577937,1
-54.691684180679573,102.49530570845066,162.84361181322748,0.0089405475840801506,0.0089405475840801506,1061,0.49999992136570187,1
-54.542730495416023,102.01800934515376,162.46583196349189,0.012682986991303009,0.012682986991303009,1061.5,0.49999901876907704,1
-54.391045672957709,101.54157313893322,162.26966263636029,0.0010124592620961036,0.0010124592620961036,1062,0.49999974396196639,1
-54.239119636036257,101.06521366715215,162.40781757731423,0.010657626874889815,-0.010657626874889815,1062.5,0.49999986705017713,1
-54.089317917913455,100.58818237265935,162.70981998920593,0.0088026033483726163,-0.0088026033483726163,1063,0.49999941067767617,1
-53.941616046012037,100.11049638366273,162.90899793425061,0.0051026980226341369,-0.0051026980226341369,1063.5,0.49999974704679018,1
-53.795125198303367,99.632437412620902,162.99577839186716,0.00042448386012352104,-0.00042448386012352104,1064,0.49999994825597766,1
-53.648722164363356,99.154351524677324,162.92428051191322,0.0054160229435114291,0.0054160229435114291,1064.5,0.49999996459763851,1
-53.501025107260098,98.676664174427913,162.6855058868253,0.011030070658292795,0.011030070658292795,1065,0.49999962526512631,1
-53.351347169716433,98.199593570785495,162.53020541885746,0.0001878696037674593,-0.0001878696037674593,1065.5,0.49999984584704177,1
-53.201714061732787,97.72250893777489,162.69627279323956,0.011406091025784926,-0.011406091025784926,1066,0.49999981405967503,1
-53.054687563030313,97.24461558656418,163.106198314062,0.012646701410482951,-0.012646701410482951,1066.5,0.49999884645078096,1
-52.910615375952581,96.765822548808131,163.36572450884287,0.0054718594532980691,-0.0054718594532980691,1067,0.49999956809283952,1
-52.767853615217057,96.286636721917901,163.41996261383491,0.001409525664842854,0.001409525664842854,1067.5,0.49999997702078036,1
-52.624925598165078,95.807500467101875,163.35018744469545,0.0034617189543634888,0.0034617189543634888,1068,0.49999996873753805,1
-52.481168498787412,95.32861238924481,163.2216204740518,0.0055139329933845214,0.0055139329933845214,1068.5,0.49999989473510276,1
-52.33616628050364,94.850099889932594,163.07759068712068,0.0026753151185936901,0.0026753151185936901,1069,0.49999985530521773,1
-52.190541568686278,94.371776327488959,163.08482224265458,0.0031801694723859347,-0.0031801694723859347,1069.5,0.49999998708065901,1
-52.045593438111588,93.893247397070496,163.20914392088775,0.0031123696221416995,-0.0031123696221416995,1070,0.49999989780452514,1
-51.901364240425309,93.414501189745124,163.24007533150638,0.00095294302772095567,0.00095294302772095567,1070.5,0.4999999924936559,1
-51.756907590722271,92.935823606140332,163.15657275391635,0.0037442123290020693,0.0037442123290020693,1071,0.49999995268914688,1
-51.611876094979898,92.457319833449603,163.15530400935415,0.0036556442383183516,-0.0036556442383183516,1071.5,0.49999999523653083,1
-51.467719550539478,91.978552035725471,163.36602943978917,0.011055808156318028,-0.011055808156318028,1072,0.4999997134425358,1
-51.325979861431016,91.499063508445033,163.65532177348774,0.0035098832002116785,-0.0035098832002116785,1072.5,0.4999993872617513,1
-51.185030482733289,91.019341578807783,163.5183812627229,0.013070444672916839,0.013070444672916839,1073,0.49999985713014167,1
-51.041251939511348,90.540461242141731,163.08536326839851,0.0090720752098342686,0.0090720752098342686,1073.5,0.49999864633458224,1
-50.895384249754578,90.06221173596316,163.07357922580326,0.0082492857858670176,-0.0082492857858670176,1074,0.49999997307502353,1
-50.751255739116054,89.583436084656583,163.41353151249024,0.0082887738341013081,-0.0082887738341013081,1074.5,0.49999915186219701,1
-50.609027119992319,89.104091758694651,163.47498229773169,0.0039986598574045231,0.0039986598574045231,1075,0.49999996292974225,1
-50.465841032614328,88.625033101595733,163.18667549080388,0.014245693852383326,0.014245693852383326,1075.5,0.49999945255973643,1
-50.320073686099327,88.146753272276385,162.9810978797174,0.00010650940124224934,0.00010650940124224934,1076,0.49999971444368746,1
-50.174280685167979,87.668481238244993,163.17942202075943,0.012529741511678431,-0.012529741511678431,1076.5,0.49999973765702393,1
-50.030532406624168,87.189590593001498,163.33724911000076,0.0015112590773028287,0.0015112590773028287,1077,0.49999981768600749,1
-49.886422357196807,86.710808912677734,163.0928708960885,0.01528016239748794,0.01528016239748794,1077.5,0.49999960375944569,1
-49.739626302635173,86.23284404676231,162.81367669797817,0.0042114008437945417,0.0042114008437945417,1078,0.49999949468415672,1
-49.591823964940716,85.755188889534708,162.85155618722519,0.0067421189252693638,-0.0067421189252693638,1078.5,0.49999998025407133,1
-49.445072925604045,85.277209813542697,162.99708696318922,0.0034177140354754811,-0.0034177140354754811,1079,0.49999986463255086,1
-49.299138860865945,84.798980546620854,163.04737544866202,9.3154925391114495e-05,-9.3154925391114495e-05,1079.5,0.49999998299158749,1
-49.152854547006768,84.320858534686849,162.85953353543482,0.013874702983407415,0.013874702983407415,1080,0.49999975877701253,1
-49.00325725871437,83.843764950532616,162.25171052896107,0.028559841941876555,0.028559841941876555,1080.5,0.49999763669998537,1
-48.848028135916536,83.36847359596112,161.69857351850681,0.0058323978839749614,0.0058323978839749614,1081,0.49999795229079963,1
-48.691415399981096,82.893634613310326,161.92519545466271,0.021654593331363717,-0.021654593331363717,1081.5,0.49999960850187208,1
-48.538856865788901,82.417479359450837,162.48681716027923,0.013022689754927106,-0.013022689754927106,1082,0.49999793212858901,1
-48.389398206359481,81.940340074027844,162.66205141266363,0.00078854955062874544,0.00078854955062874544,1082.5,0.49999978857235916,1
-48.240217937509357,81.463113461686817,162.65277315944169,0.0039173265138206844,-0.0039173265138206844,1083,0.49999999214068858,1
-48.091980674750758,80.985593496519357,162.90036864638626,0.013368218579228066,-0.013368218579228066,1083.5,0.49999960320353642,1
-47.946526936721753,80.50721865243645,163.22092813370261,0.0043526675234898358,-0.0043526675234898358,1084,0.49999928135743971,1
-47.802098675799478,80.028532532319787,163.12725876053577,0.010892024536310031,0.010892024536310031,1084.5,0.49999992414537142,1
-47.655464779538434,79.55051813711033,162.81556442244661,0.0028625060844110328,0.0028625060844110328,1085,0.49999926155961139,1
-47.508204242472338,79.07269596871329,163.02338066645865,0.01737130574701028,-0.01737130574701028,1085.5,0.49999969038854841,1
-47.36475545014541,78.593717835144844,163.59945064037205,0.012365858084532024,-0.012365858084532024,1086,0.49999760845104757,1
-47.224146793513718,78.113895830845962,163.62535438878564,0.010557559763654479,0.010557559763654479,1086.5,0.49999995012916248,1
-47.081008042507513,77.634825138490697,162.99636699441658,0.031055808876429062,0.031055808876429062,1087,0.49999743030676586,1
-46.931939794120801,77.157565806132396,162.41473586197895,0.009550741451399853,0.009550741451399853,1087.5,0.49999781299539064,1
-46.780593330131289,76.681021789025934,162.44906838569244,0.011947564368316602,-0.011947564368316602,1088,0.49999995240209083,1
-46.631242280187699,76.203849251284609,162.76114659623028,0.0074975781837245464,-0.0074975781837245464,1088.5,0.49999936689334784,1
-46.483680078466875,75.726119924545415,162.87531062701106,0.00047257198710396467,-0.00047257198710396467,1089,0.4999999130033731,1
-46.336268796618604,75.248343953105532,162.80414929995788,0.005258908240348731,0.005258908240348731,1089.5,0.49999996490147264,1
-46.187601981922342,74.770957484262581,162.57441828444047,0.010779409650773496,0.010779409650773496,1090,0.49999966242616101,1
-46.036673374525201,74.294281351076208,162.32421980502608,0.0044228082017198668,0.0044228082017198668,1090.5,0.49999958048017745,1
-45.884694918618102,73.817938468752814,162.32865059958348,0.0047321068559594923,-0.0047321068559594923,1091,0.49999999260006434,1
-45.733630261583642,73.341305178194943,162.48288842646559,0.0024305633155841462,-0.0024305633155841462,1091.5,0.49999982427293194,1
-45.583124211530233,72.864495033133153,162.44419904201268,0.0051316383028874313,0.0051316383028874313,1092,0.49999998553652464,1
-45.431500886780029,72.388039256397178,162.25143347103551,0.0055180541779143114,0.0055180541779143114,1092.5,0.49999973979331924,1
-45.278591544100273,71.911994436037745,162.15389208049336,0.0012916533478599048,0.0012916533478599048,1093,0.49999993806979659,1
-45.125403066538823,71.436039315245253,162.19592191082208,0.0052719755656466067,-0.0052719755656466067,1093.5,0.49999998666618983,1
-44.97348494943936,70.959677678094167,162.46810255734584,0.013730096945406873,-0.013730096945406873,1094,0.49999952365208244,1
-44.82476044272984,70.482310289713837,162.91498006469999,0.011170766506707432,-0.011170766506707432,1094.5,0.4999986023830934,1
-44.678512887423736,70.004176842827903,162.98784476880365,0.0060836618137090279,0.0060836618137090279,1095,0.49999994046403284,1
-44.530860102799352,69.526476451304347,162.61500243188019,0.013840104221797595,0.013840104221797595,1095.5,0.49999900886811049,1
-44.380185551369323,69.049719979078887,162.35223645913106,0.0045045882504619146,0.0045045882504619146,1096,0.49999955425730808,1
-44.228425951998979,68.573307323004173,162.3421360239503,0.0011570217581748593,-0.0011570217581748593,1096.5,0.49999999486921132,1
-44.076748491325823,68.09686850846839,162.32149605382455,0.0025979904331787074,0.0025979904331787074,1097,0.49999999607251872,1
-43.92445368190058,67.620626776644244,162.19652554356765,0.004883682288955798,0.004883682288955798,1097.5,0.49999989610872209,1
-43.771225239290324,67.144684531447794,162.13939438596543,0.00089514813402645347,-0.00089514813402645347,1098,0.49999997638740151,1
-43.618209810398945,66.668673816159412,162.24755102668797,0.0063152230997669759,-0.0063152230997669759,1098.5,0.49999992254816372,1
-43.466460010423056,66.19225821059193,162.41066357484044,0.0050721880634027241,-0.0050721880634027241,1099,0.49999983102092405,1
-43.315918911007387,65.715459214105238,162.53816672168585,0.0038292256976479445,-0.0038292256976479445,1099.5,0.49999990566398672,1
-43.166303574519354,65.238368884208128,162.63472707110719,0.0029206830197098764,-0.0029206830197098764,1100,0.49999993179375513,1
-43.017385100842304,64.761060539079637,162.70551254495155,0.0020210734517768819,-0.0020210734517768819,1100.5,0.49999996813160064,1
-42.868802786382929,64.283647414901836,162.6904409467457,0.0036654781936872327,0.0036654781936872327,1101,0.49999999530731287,1
-42.719345404015606,63.806507767433487,162.4942961243942,0.010028036343944322,0.010028036343944322,1101.5,0.49999975233025085,1
-42.567853171399932,63.330010358779397,162.28063841110222,0.0016192263752367641,0.0016192263752367641,1102,0.49999967699684017,1
-42.41598330779992,62.853632970082202,162.41482684194159,0.010987474558706588,-0.010987474558706588,1102.5,0.4999998719318281,1
-42.266377099977646,62.376540414524321,162.71436116215685,0.0027143401131125042,-0.0027143401131125042,1103,0.49999932398725438,1
-42.11736620434457,61.899261176849713,162.51588865482415,0.016570411373092134,0.016570411373092134,1103.5,0.49999971773254692,1
-41.964754028621286,61.423123124327674,161.99105707195417,0.0073952441161975468,0.0073952441161975468,1104,0.49999792123415321,1
-41.810561404375633,60.947492849016093,162.23794266946811,0.024633960238997523,-0.024633960238997523,1104.5,0.49999952416450438,1
-41.661992710101238,60.470082498344027,163.20481627339637,0.026095562426413147,-0.026095562426413147,1105,0.49999329980233148,1
-41.519218108482676,59.990900959463225,163.44151630478143,0.0095678385842550423,0.0095678385842550423,1105.5,0.49999953407129549,1
-41.374244313471657,59.512383291337784,162.75307476260457,0.025307345700741279,0.025307345700741279,1106,0.4999965599362729,1
-41.223905219178704,59.03552153433597,162.36121128057727,0.0020508745205769533,0.0020508745205769533,1106.5,0.49999897856263881,1
-41.073064911880792,58.558817525314083,162.61300812313783,0.013062851957030424,-0.013062851957030424,1107,0.49999951052302832,1
-40.924460958284129,58.081411235517237,162.71691906516696,0.0058086926167956162,0.0058086926167956162,1107.5,0.49999990056213955,1
-40.774472812369339,57.604439201621652,162.28560385041263,0.020718478122064409,0.020718478122064409,1108,0.49999876503192225,1
-40.620766192266451,57.128651678691085,162.01527155504931,0.0018448685020395342,-0.0018448685020395342,1108.5,0.49999949203960009,1
-40.467498688076198,56.652722975484046,162.39132213643506,0.024409421480539917,-0.024409421480539917,1109,0.49999905837615649,1
-40.318679394006786,56.175385503911436,162.91510319318328,0.011808681071549578,-0.011808681071549578,1109.5,0.49999824405156762,1
-40.17268064495763,55.697176132844419,163.06789016638629,0.0011416413427315238,0.0011416413427315238,1110,0.49999983730020359,1
-40.026474162130505,55.219030311672206,162.87887502492694,0.011554918987030854,0.011554918987030854,1110.5,0.49999976192507117,1
-39.877508957486612,54.741738000903467,162.40758874368075,0.021346574981921333,0.021346574981921333,1111,0.49999858211154918,1
-39.724154118397145,54.265837791295674,161.98982025505944,0.00016712183076199585,0.00016712183076199585,1111.5,0.49999871617524982,1
-39.570784227065666,53.789942488851267,162.43403906168771,0.031183232492941335,-0.031183232492941335,1112,0.49999866245389418,1
-39.424305449017012,53.31188728512857,163.43565102789159,0.021435683263343844,-0.021435683263343844,1112.5,0.49999281017328218,1
-39.282745530272031,52.832345170808658,163.48217173142967,0.01818713562263569,0.01818713562263569,1113,0.4999998500014749,1
-39.136992756080254,52.354067231610792,162.53860758259566,0.032336740535629412,0.032336740535629412,1113.5,0.49999365826773967,1
-38.984080326454354,51.878025605764847,161.96232905241408,0.0078979521305667724,0.0078979521305667724,1114,0.49999784066748315,1
-38.829252978879737,51.402601172125912,162.04853713886195,0.0088758105209609736,-0.0088758105209609736,1114.5,0.49999989965788316,1
-38.676283243272657,50.926576224287338,162.3316515032638,0.010889231653107102,-0.010889231653107102,1115,0.49999949097615837,1
-38.525905706578698,50.449726285054695,162.66841485313586,0.011233311611744417,-0.011233311611744417,1115.5,0.49999926808778294,1
-38.377981492376378,49.972109131488033,162.87697669660608,0.0033272273988842584,-0.0033272273988842584,1116,0.4999997185284149,1
-38.230851988884083,49.494246283235803,162.85905850613585,0.0045781477209144699,0.0045781477209144699,1116.5,0.49999999253762223,1
-38.082786185475364,49.016672942958074,162.672334692455,0.0083781885342311974,0.0083781885342311974,1117,0.4999997774830478,1
-37.93272119467138,48.539724359292002,162.37905052136659,0.012096703060334958,0.012096703060334958,1117.5,0.49999945292577247,1
-37.780394834702051,48.063492789743606,162.23301084599152,0.0042471428398482298,-0.0042471428398482298,1118,0.4999998277760051,1
-37.629081910362814,47.586939137903734,162.62688188931634,0.023251345039629195,-0.023251345039629195,1118.5,0.49999898415297755,1
-37.482635793854378,47.108869092048302,163.24048507658307,0.012315044806299694,-0.012315044806299694,1119,0.49999743377803185,1
-37.339112972782154,46.629910699909537,163.29913335525686,0.0082201203199674302,0.0082201203199674302,1119.5,0.49999994156867689,1
-37.193812366777671,46.151489798188678,162.89826977802284,0.011730865823914237,0.011730865823914237,1120,0.49999882530729045,1
-37.045842711869419,45.673886626776941,162.72985863368936,2.6536113172348776e-05,2.6536113172348776e-05,1120.5,0.49999980811617895,1
-36.897833671526726,45.196295607599659,162.86758042440928,0.0066815665808651467,-0.0066815665808651467,1121,0.49999985762193982,1
-36.751319465288269,44.718243966370707,163.05106010918018,0.0061277192688995131,-0.0061277192688995131,1121.5,0.4999997843113328,1
-36.606264365771018,44.239747521537929,163.21029633608808,0.0033914541017787017,-0.0033914541017787017,1122,0.49999982961353862,1
-36.461893361607657,43.761044062379455,163.182856262494,0.0053071900329024809,0.0053071900329024809,1122.5,0.49999998865342604,1
-36.316253523122874,43.282725604254203,162.90894234106565,0.012228683652280331,0.012228683652280331,1123,0.4999995099369513,1
-36.168160904673108,42.805160726148237,162.67137019080943,0.0043570705166587117,0.0043570705166587117,1123.5,0.49999963643954182,1
-36.019028126933577,42.32791926912634,162.65929481417697,0.0035140458152090196,-0.0035140458152090196,1124,0.49999999369669157,1
-35.870346611772547,41.850537054784766,162.72420609596207,0.00034887004208201033,-0.00034887004208201033,1124.5,0.49999997152024356,1
-35.721748262524294,41.373128931546155,162.67866558927432,0.0035281642070270052,0.0035281642070270052,1125,0.49999998553351832,1
-35.572205685460986,40.896015997235011,162.47438577657411,0.011708211955091075,0.011708211955091075,1125.5,0.4999997344416548,1
-35.419870388285439,40.419788589613205,162.00374092760049,0.021148583194898332,0.021148583194898332,1126,0.4999985865337504,1
-35.262958690142362,39.945049762916099,161.51488427680198,0.0033735698058731064,0.0033735698058731064,1126.5,0.49999823458477194,1
-35.105319404710301,39.470551194675217,161.88558144011716,0.029258279728866448,-0.029258279728866448,1127,0.49999903557324826,1
-34.954372327935367,38.993889404975619,162.98508310004374,0.031211740300920388,-0.031211740300920388,1127.5,0.49999148167395974,1
-34.810490296793837,38.515040033038495,163.41024977155007,0.0015240291706941295,0.0015240291706941295,1128,0.4999987598884516,1
-34.666287471742926,38.036287501654684,162.94913549774435,0.022574728548053407,0.022574728548053407,1128.5,0.49999844105664099,1
-34.517194609754966,37.559035731371083,162.37887097009366,0.017236972619602439,0.017236972619602439,1129,0.49999793373032259,1
-34.363994680881,37.083085443254923,161.96340889042438,0.011085459118364551,0.011085459118364551,1129.5,0.49999889496362265,1
-34.208276192709171,36.607952238959349,161.79439724321571,0.00071368761267574321,0.00071368761267574321,1130,0.49999980938266303,1
-34.05238812467676,36.132874564519533,161.92247153204622,0.0095649028614769697,-0.0095649028614769697,1130.5,0.49999988650600907,1
-33.898661369690323,35.657093970582466,162.30045077530602,0.016823629421850408,-0.016823629421850408,1131,0.49999908876493782,1
-33.748942625312893,35.180038298809301,162.8864216438979,0.024084844382852643,-0.024084844382852643,1131.5,0.49999781638413215,1
-33.604170333017052,34.701457476539687,163.33328059057692,0.0023846079654695428,-0.0023846079654695428,1132,0.49999862005894724,1
-33.459962540054327,34.222705574654846,163.00982219406916,0.024968463048375075,0.024968463048375075,1132.5,0.49999927110900155,1
-33.310403579218573,33.745601925452149,162.23048632099847,0.018376214422657033,0.018376214422657033,1133,0.49999577483094854,1
-33.156534988588334,33.26986653202227,162.03345555962338,0.004619353062788766,-0.004619353062788766,1133.5,0.49999970774433256,1
-33.003620431148995,32.793824308925892,162.39061408201638,0.013078702769946896,-0.013078702769946896,1134,0.49999906004652722,1
-32.853679974452341,32.316836547206933,162.680022198101,0.0071256641576123532,-0.0071256641576123532,1134.5,0.49999946538377826,1
-32.705436414204605,31.839318216064679,162.79549123087347,0.00050563037987968291,-0.00050563037987968291,1135,0.4999999097317982,1
-32.557293551877855,31.361768609770941,162.69781393992264,0.0073249134926095831,0.0073249134926095831,1135.5,0.49999993412966287,1
-32.407407188825957,30.884763969023133,162.38407181030982,0.01210485083188775,0.01210485083188775,1136,0.4999993491234469,1
-32.254977183157123,30.408565735876291,162.15598187481771,0.0038189401958310747,0.0038189401958310747,1136.5,0.49999966388026201,1
-32.101638051825681,29.932659122875105,162.16523835607393,0.0043890322504349863,-0.0043890322504349863,1137,0.49999999349574192,1
-31.949153931858703,29.456478061629166,162.33787500894712,0.0076633285871946788,-0.0076633285871946788,1137.5,0.49999980993137583,1
-31.798495573802381,28.979716477924658,162.60431569086387,0.010937691512895163,-0.010937691512895163,1138,0.4999995485484543,1
-31.650077638433089,28.502252511914456,162.80302163026863,0.00050062510085596517,-0.00050062510085596517,1138.5,0.49999972237739726,1
-31.501775488117204,28.024752505029117,162.62547107339896,0.012896297230019864,0.012896297230019864,1139,0.49999978436376813,1
-31.350680150168266,27.54812995858034,162.21972301931353,0.0096981263973168232,0.0096981263973168232,1139.5,0.49999885293190438,1
-31.197316500058406,27.072231328299722,162.11312018325378,0.0022556225980229203,-0.0022556225980229203,1140,0.49999991547798056,1
-31.044423399669643,26.596181494327062,162.29933951253298,0.0070311709940144938,-0.0070311709940144938,1140.5,0.49999974457181978,1
-30.893122994156531,26.119622972330799,162.4589458881141,0.0041114385476633116,-0.0041114385476633116,1141,0.49999983759566918,1
-30.742802892196746,25.642754196454202,162.53534759253643,0.0012984237428273846,-0.0012984237428273846,1141.5,0.49999996245924233,1
-30.592797725556732,25.165786221203923,162.53603488672746,0.0012504453957445296,0.0012504453957445296,1142,0.49999999943304901,1
-30.44249478210325,24.68891203266131,162.46470158450018,0.0033106592134015864,0.0033106592134015864,1142.5,0.49999996650895528,1
-30.291488276630009,24.212260176254155,162.38236566511398,0.0024374616478996004,0.0024374616478996004,1143,0.49999995691162546,1
-30.139900966976992,23.735792688764224,162.32504559332904,0.0015642346480159214,0.0015642346480159214,1143.5,0.49999997908280647,1
-29.988154748988066,23.259375785492313,162.37408124175124,0.0052993611477738485,-0.0052993611477738485,1144,0.49999998039713961,1
-29.83767158731635,22.782558838024929,162.62892973428853,0.012492550703537391,-0.012492550703537391,1144.5,0.49999958333865607,1
-29.689912527436146,22.304891067823164,162.9670441615483,0.0083106541147698262,-0.0083106541147698262,1145,0.49999923846562883,1
-29.544130439267207,21.826615542331485,163.09198792197174,0.00041221467505161378,-0.00041221467505161378,1145.5,0.49999989551522683,1
-29.398476455011988,21.348300931974926,163.00794921530189,0.0055209270710514209,0.0055209270710514209,1146,0.49999994960996408,1
-29.251510056118075,20.870388227520749,162.78248565484336,0.010219405411907311,0.010219405411907311,1146.5,0.49999967548244451,1
-29.102165735576452,20.393213623843099,162.47497289145286,0.0062897705049143795,0.0062897705049143795,1147,0.49999932847251022,1
-28.951474370952287,19.916462032651697,162.51812967735651,0.0093028958943249616,-0.0093028958943249616,1147.5,0.49999996707582561,1
-28.802990763335568,19.43901975701008,162.98766220335642,0.018172077067932751,-0.018172077067932751,1148,0.49999850829849707,1
-28.658227935629046,18.960435203865249,163.27564674705536,0.0019335813860459517,-0.0019335813860459517,1148.5,0.49999945079412406,1
-28.513927912643215,18.481710563290822,163.09927961429048,0.013130419334701183,0.013130419334701183,1149,0.49999977812677654,1
-28.367314586055372,18.003689552790924,162.83578386343294,0.0052649454212507314,0.0052649454212507314,1149.5,0.49999955401229818,1
-28.219443260380519,17.526055742817778,162.79761927927143,0.0026005348974331407,-0.0026005348974331407,1150,0.49999998538630092,1
-28.071952490341094,17.048304319232823,162.88432148629488,0.0023268082935938559,-0.0023268082935938559,1150.5,0.49999994998427144,1
-27.925016631250223,16.570381897917741,162.9283476473081,0.00074679609259880014,-0.00074679609259880014,1151,0.49999998748244262,1
-27.778251590425878,16.092406979890733,162.92302426108313,0.0012571340233322218,0.0012571340233322218,1151.5,0.49999999947109741,1
-27.631185268722572,15.61452470617173,162.85535292667674,0.0034672222271832187,0.0034672222271832187,1152,0.49999997051418293,1
-27.483310780240291,15.136891955888538,162.73928106032236,0.0035258240564256253,0.0035258240564256253,1152.5,0.49999990848697357,1
-27.334618785665171,14.659513007760983,162.67029727359804,0.0012901574185832905,0.0012901574185832905,1153,0.49999996936609753,1
-27.185610292118565,14.182232725275638,162.65565028914205,0.0011863005799461329,0.0011863005799461329,1153.5,0.49999999919832044,1
-27.036234175072092,13.705067436317009,162.55766064776196,0.0056546727556703678,0.0056546727556703678,1154,0.49999993733084924,1
-26.885510408076001,13.228326393571063,162.33440023667649,0.0082524691832699549,0.0082524691832699549,1154.5,0.49999967577587862,1
-26.733346524046254,12.752042731744607,162.29622765221131,0.0055875022086661437,-0.0055875022086661437,1155,0.49999997412583497,1
-26.582514131654474,12.275336577046668,162.65455708989214,0.019428779485355256,-0.019428779485355256,1155.5,0.49999916852083293,1
-26.435295784098397,11.797501949684092,163.00445176672574,0.0021759427124439464,-0.0021759427124439464,1156,0.49999917296318946,1
-26.288596269271956,11.319507302371042,162.77520386195908,0.018180869557101843,0.018180869557101843,1156.5,0.49999963051010377,1
-26.138205409625058,10.842662583109639,162.28675888557501,0.0071372775335897011,0.0071372775335897011,1157,0.49999829694991799,1
-25.986151143018848,10.366344046157913,162.41508602300038,0.016097037326930495,-0.016097037326930495,1157.5,0.49999984863696306,1
-25.837714387891044,9.8888886836975836,163.05703778043608,0.019132287283919091,-0.019132287283919091,1158,0.4999970934065478,1
-25.69368721636264,9.4100823954469899,163.38728320106657,0.003924162224208873,-0.003924162224208873,1158.5,0.49999928780627551,1
-25.550618223289103,8.9309882582469644,163.30013435910297,0.0077979600287647914,0.0077979600287647914,1159,0.49999992907850777,1
-25.405779643282393,8.4524266698091015,162.99547898778971,0.013471115353104617,0.013471115353104617,1159.5,0.49999940818618016,1
-25.25772537734073,7.9748509550257394,162.53787952915391,0.014843074725243934,0.014843074725243934,1160,0.49999862901248449,1
-25.106792336956026,7.4981759102951973,162.42767871630224,0.007149287439100341,-0.007149287439100341,1160.5,0.4999998809486208,1
-24.957564804845649,7.020965907780699,162.94755253574394,0.029145398614662067,-0.029145398614662067,1161,0.49999824283655342,1
-24.813683762241396,6.5421168945462611,163.47897911814272,0.0052734157387516736,-0.0052734157387516736,1161.5,0.49999813189299186,1
-24.671065099504862,6.062888854253373,163.24735190845976,0.021445363233313197,0.021445363233313197,1162,0.4999995975635575,1
-24.524024120570378,5.5850018415611133,162.58600056419704,0.017233989255528652,0.017233989255528652,1162.5,0.49999704637721948,1
-24.372892957357369,5.1083900353085481,162.29418667485254,0.0031393785533890199,0.0031393785533890199,1163,0.49999944235313892,1
-24.220981194421952,4.6320259450327148,162.38699580387421,0.0087762754544700849,-0.0087762754544700849,1163.5,0.49999993022246347,1
-24.071153398428557,4.1550033102452781,162.78943354969579,0.019319501601383928,-0.019319501601383928,1164,0.49999896255071052,1
-23.925880816005574,3.6765756370814691,163.4282195994688,0.015910795737424942,-0.015910795737424942,1164.5,0.49999716164472263,1
-23.783905179261062,3.1971563735474939,163.42713397126215,0.015987345977683986,0.015987345977683986,1165,0.49999991167646085,1
-23.638125663888559,2.7188854059746133,162.55036567511053,0.03538786578761785,0.03538786578761785,1165.5,0.4999947854981503,1
-23.485032527158896,2.2429023325074486,161.91721560425435,0.0088173504995567101,0.0088173504995567101,1166,0.49999739473418792,1
-23.329841361908528,1.7675966021270293,162.04503019209659,0.01774114752468731,-0.01774114752468731,1166.5,0.49999983510420382,1
-23.177462612788535,1.291382568235915,162.42219116563581,0.0083927686395017347,-0.0083927686395017347,1167,0.49999908925739173,1
-23.027083293848609,0.81453250342818562,162.52586847443024,0.0011547476334993938,0.0011547476334993938,1167.5,0.49999992387196596,1
-22.876723067494606,0.33767635177544697,162.4887461784738,0.00088400111136826664,-0.00088400111136826664,1168,0.49999998703828658,1
-22.726578269565795,-0.13924762427108273,162.58484557151738,0.0058250190615665937,-0.0058250190615665937,1168.5,0.49999993927311037,1
-22.577692954033864,-0.61656614241055541,162.75086514647734,0.0031281664231098015,-0.0031281664231098015,1169,0.49999980493986679,1
-22.429535223013193,-1.0941112005231304,162.74415657166082,0.0035965202722248115,0.0035965202722248115,1169.5,0.49999999578893606,1
-22.280554850250937,-1.5714000484811934,162.57566079929938,0.0051654821524526537,0.0051654821524526537,1170,0.49999979585347426,1
-22.130438924493244,-2.0483331434881871,162.50807733831323,0.000447245588700397,-0.000447245588700397,1170.5,0.49999996827903803,1
-21.980419912090351,-2.5252967125040215,162.58832508894616,0.0027215791782872496,-0.0027215791782872496,1171,0.49999995025065969,1
-21.830860360504158,-3.0024045981611431,162.5702589811084,0.0039828587863134143,0.0039828587863134143,1171.5,0.49999999402687229,1
-21.680351158037205,-3.4792134655838822,162.36076306143093,0.0099028549744764865,0.0099028549744764865,1172,0.49999971608011284,1
-21.527939905630571,-3.9554178266478006,162.17784069503529,0.0028675810172244607,0.0028675810172244607,1172.5,0.49999978335640627,1
-21.374845962094902,-4.4314033705002247,162.19645995695942,0.0041674549470425044,-0.0041674549470425044,1173,0.4999999935037906,1
-21.222637235481439,-4.9076725210551686,162.37289803668972,0.0077466462127457206,-0.0077466462127457206,1173.5,0.49999980022757973,1
-21.072274209872159,-5.3845273296459446,162.63954140508679,0.010868404070084712,-0.010868404070084712,1174,0.4999995479463184,1
-20.924199290868543,-5.8620977534822725,162.8360975415743,0.0021730178138762721,0.0021730178138762721,1174.5,0.49999969136104194,1
-20.775577584330971,-6.3394977524038829,162.48249858162094,0.022514301290399736,0.022514301290399736,1175,0.49999917062380594,1
-20.621872352452261,-6.815282117213445,161.73988116806981,0.016962681892626206,0.016962681892626206,1175.5,0.4999960600886037,1
-20.464349480807336,-7.2898202526302933,161.67246369696193,0.012255469992282712,-0.012255469992282712,1176,0.49999989705615205,1
-20.309656478275901,-7.7652850237985165,162.35558300775182,0.023855831735074932,-0.023855831735074932,1176.5,0.49999667364317663,1
-20.160065179061309,-8.2423820274371309,162.7214923532558,0.0016906921072125099,-0.0016906921072125099,1177,0.49999910768085737,1
-20.010879994223476,-8.7196065944083596,162.46044858459317,0.016093864512377026,0.016093864512377026,1177.5,0.49999950669573184,1
-19.85876860340219,-9.1959064955499681,162.17534180751062,0.0038102172154563419,0.0038102172154563419,1178,0.49999947104481224,1
-19.705749936826194,-9.6719162079132897,162.2421402251893,0.0084737654104658951,-0.0084737654104658951,1178.5,0.49999995858490615,1
-19.553981543527861,-10.148325947543318,162.37103079922628,0.00041293494425300164,0.00041293494425300164,1179,0.49999988521869604,1
-19.402114742897624,-10.624704281996483,162.21786652828212,0.010279585027929229,0.010279585027929229,1179.5,0.49999984267001041,1
-19.248602472963064,-11.100554964609875,162.13107709671766,0.0092381645995001007,-0.0092381645995001007,1180,0.49999988916408061,1
-19.097297761283311,-11.577109579390154,162.76205224276731,0.034813076392546521,-0.034813076392546521,1180.5,0.49999741663819897,1
-18.953480849019179,-12.055973615962566,163.65723393163296,0.0089958724099486811,-0.0089958724099486811,1181,0.49999406974044575,1
-18.811663250471973,-12.535437591375025,163.12452901013131,0.046199305515089148,0.046199305515089148,1181.5,0.49999793497175149,1
-18.65951958383928,-13.011707545117412,161.49677603481877,0.036492670789514702,0.036492670789514702,1182,0.49998076376418232,1
-18.499232735452679,-13.485318876009387,161.43617427718431,0.032259487753508634,-0.032259487753508634,1182.5,0.49999956651478933,1
-18.34646959525347,-13.96138837897,163.16928603949492,0.059358242497723861,-0.059358242497723861,1183,0.49997874820104887,1
-18.205927836995276,-14.441226621561283,163.83639969765915,0.012762608802077899,0.012762608802077899,1183.5,0.49999672485666929,1
-18.062328586245492,-14.920148735272798,162.44143716434377,0.078541300780438195,0.078541300780438195,1184,0.49998713565231367,1
-17.904998662624269,-15.394740540880644,161.22006859374522,0.0067469271155624717,0.0067469271155624717,1184.5,0.4999900867185017,1
-17.746066028972141,-15.868803356792661,162.05445389894601,0.065018113484774986,-0.065018113484774986,1185,0.49999513544636864,1
-17.598523015872797,-16.346526874946409,163.36695516153631,0.01888042807738512,-0.01888042807738512,1185.5,0.49998870038394688,1
-17.455493026289165,-16.825632088697354,163.12891595230275,0.035503758615456231,0.035503758615456231,1186,0.49999938376325226,1
-17.30501874805265,-17.302441079803376,161.90161744284489,0.029341245804327464,0.029341245804327464,1186.5,0.49998932229632975,1
-17.147710826026771,-17.777049898839241,161.60405758069697,0.0085632686199550914,-0.0085632686199550914,1187,0.49999931343824694,1
-16.992164238310234,-18.252236830652716,162.20388835449063,0.021365284090501889,-0.021365284090501889,1187.5,0.49999736110959858,1
-16.841496918863239,-18.728994584080819,162.67268607598163,0.01136278166751515,-0.01136278166751515,1188,0.4999985966011854,1
-16.693536902320847,-19.206600716742795,162.85018047404748,8.5913381361597767e-05,-8.5913381361597767e-05,1188.5,0.49999978445150683,1
-16.545518770203795,-19.684188751690144,162.63931060372511,0.014808304243561806,0.014808304243561806,1189,0.49999969856020032,1
-16.393969344682191,-20.160665585536822,162.00294332852948,0.0277746789282751,0.0277746789282751,1189.5,0.499997401561732,1
-16.237274961327543,-20.635476895300982,161.6011025692153,0.0002808797360567996,0.0002808797360567996,1190,0.49999890965366145,1
-16.080513855098058,-21.110266265130267,161.98684240705768,0.027212198201902675,-0.027212198201902675,1190.5,0.49999899012816151,1
-15.928612842082998,-21.586631581987824,162.56834214720072,0.012700522667087691,-0.012700522667087691,1191,0.49999783285510507,1
-15.779739396800114,-22.063953844028017,162.71440352771077,0.0025029607608551838,0.0025029607608551838,1191.5,0.49999984454953861,1
-15.630471320906745,-22.541152763781724,162.53683994056792,0.0057261977641272638,0.0057261977641272638,1192,0.49999976749495983,1
-15.479868279758506,-23.017932203082381,162.41815973752858,0.0025591773433425069,0.0025591773433425069,1192.5,0.49999990974293868,1
-15.328636015703688,-23.494512514056332,162.37645951370078,0.0012942659784057568,0.0012942659784057568,1193,0.4999999904991736,1
-15.17707718753338,-23.970989069951322,162.33075837963619,0.0018962711810358802,0.0018962711810358802,1193.5,0.49999998671390894,1
-15.025082505662654,-24.447326763279722,162.28282581533858,0.0002550688108036246,-0.0002550688108036246,1194,0.49999998140240354,1
-14.873216782597632,-24.92370553270035,162.38510475332902,0.0068854268851578941,-0.0068854268851578941,1194.5,0.49999992979676811,1
-14.7229879657281,-25.400602552665177,162.66932230704674,0.010536645365224679,-0.010536645365224679,1195,0.49999946506906617,1
-14.574935112858752,-25.878179942159754,162.83885308266102,0.0012989474246046108,-0.0012989474246046108,1195.5,0.49999981019917195,1
-14.427192433391044,-26.355853508370551,162.74374879073298,0.0079385562525779718,0.0079385562525779718,1196,0.49999993519283409,1
-14.278004638214497,-26.833077535026508,162.55425238744908,0.004685207948073063,0.004685207948073063,1196.5,0.49999976984731181,1
-14.127699309066426,-27.309950964361171,162.47574822829046,0.00079544818410106808,0.00079544818410106808,1197,0.49999995957571064,1
-13.977295595990263,-27.786793380043452,162.54434972402166,0.0057946188753750204,-0.0057946188753750204,1197.5,0.49999996630080873,1
-13.82827426718293,-28.264069189547161,162.80801662679977,0.012612925961635307,-0.012612925961635307,1198,0.49999955477672575,1
-13.68204825980702,-28.742208456606289,163.14440949097582,0.006017184231856927,-0.006017184231856927,1198.5,0.49999920393630548,1
-13.537221500681241,-29.220774216150222,163.11334792259163,0.0081856626209288377,0.0081856626209288377,1199,0.49999997636673765,1
-13.390538150121868,-29.698773221824617,162.74169432299257,0.013909465712685592,0.013909465712685592,1199.5,0.49999905475614054,1
-13.240591855315362,-30.175758750980677,162.36229442749146,0.012577770043887066,0.012577770043887066,1200,0.49999908634965179,1
-13.0876802675233,-30.651802216712646,162.04956591747933,0.0062534511197780427,0.0062534511197780427,1200.5,0.49999933494675164,1
-12.933388504467876,-31.127400821487765,162.06877752969297,0.0075948982903753792,-0.0075948982903753792,1201,0.49999998101079018,1
-12.780897842295785,-31.603578842926233,162.47179674969848,0.016411907105926538,-0.016411907105926538,1201.5,0.49999891014954917,1
-12.631703744510384,-32.080800648018311,162.73881502718513,0.0022298897423222324,-0.0022298897423222324,1202,0.49999953006912057,1
-12.483042265646697,-32.558188985870672,162.60191113092526,0.0099114426377780208,0.0099114426377780208,1202.5,0.49999986041535865,1
-12.332805102576463,-33.035083826689878,162.47985436861273,0.0013903345580445797,-0.0013903345580445797,1203,0.49999989436735659,1
-12.182899554926545,-33.512082838702234,162.68157513462404,0.01269242832399463,-0.01269242832399463,1203.5,0.49999973067691383,1
-12.035328184949208,-33.989809016024033,162.91801255439123,0.00069477547009153982,-0.00069477547009153982,1204,0.49999960973533436,1
-11.887920175404766,-34.467585736565418,162.71447380387303,0.014904883714165377,0.014904883714165377,1204.5,0.49999971596905457,1
-11.737467186602697,-34.944411458776855,162.31124176445013,0.0073570780956988035,0.0073570780956988035,1205,0.49999887120066,1
-11.585281111391726,-35.420688035053757,162.32170961384446,0.0080876477396815347,-0.0080876477396815347,1205.5,0.49999997859816642,1
-11.434704733010108,-35.897475401675251,162.59040796448352,0.0028427160949314012,-0.0028427160949314012,1206,0.49999943869606811,1
-11.284734410288909,-36.374454103878037,162.41632208704269,0.01499696356116027,0.01499696356116027,1206.5,0.49999978005210577,1
-11.131344752340407,-36.850342025948358,161.84679682314118,0.015874615000627916,0.015874615000627916,1207,0.49999770153268303,1
-10.974384777637011,-37.32506645679004,161.64688201118236,0.0019171314047590968,-0.0019171314047590968,1207.5,0.49999971889677103,1
-10.817863922204779,-37.799935523620505,161.93700101779271,0.015087354160184221,-0.015087354160184221,1208,0.49999940881732458,1
-10.664714942795465,-38.275901933987122,162.40092903012095,0.017300961013162319,-0.017300961013162319,1208.5,0.49999863368953046,1
-10.515683121708506,-38.753173112049645,162.91579562776747,0.014451466264252408,-0.014451466264252408,1209,0.49999826110266016,1
-10.369437349218941,-39.231307095389248,162.9398591801463,0.012772022810601675,0.012772022810601675,1209.5,0.49999993199526072,1
-10.220142367091249,-39.708493976969372,162.18628813159242,0.036766180292141737,0.036766180292141737,1210,0.49999631162706726,1
-10.064224950076996,-40.183560061118108,161.64428869469108,0.0010762825057823505,0.0010762825057823505,1210.5,0.49999802523291065,1
-9.9080517481774084,-40.658542541217749,162.12460980211006,0.034612919010625125,-0.034612919010625125,1211,0.49999842539069556,1
-9.758346599133878,-41.135600330922891,162.93332075803193,0.017704779181846608,-0.017704779181846608,1211.5,0.4999957663505778,1
-9.6128683271519488,-41.613968156944352,163.13404499883939,0.0036898731033443758,0.0036898731033443758,1212,0.49999970459126009,1
-9.4667199804039601,-42.092131331169909,162.82603871919903,0.015157584173877371,0.015157584173877371,1212.5,0.49999936044222165,1
-9.3169626038416116,-42.569175172818113,162.27945131451474,0.023001406448292256,0.023001406448292256,1213,0.4999980986856985,1
-9.1620904174851194,-43.044582726856099,161.7140048472358,0.0082078552503757306,0.0082078552503757306,1213.5,0.4999977365380972,1
-9.0053364795090545,-43.519375278019091,161.87726184174795,0.019606792427588494,-0.019606792427588494,1214,0.49999976371081017,1
-8.8530126245483824,-43.9956031840062,162.67052550837144,0.024331189898629695,-0.024331189898629695,1214.5,0.49999557521136789,1
-8.7062709736803612,-44.473583969848228,163.1104749103545,0.0063848621755251073,-0.0063848621755251073,1215,0.49999874373205705,1
-8.5610813146446834,-44.952039739010331,163.06549091152607,0.005124818010310098,0.005124818010310098,1215.5,0.49999996013539455,1
-8.4149261889298739,-45.430201426172587,162.95346416538314,0.0026959692511366062,0.0026959692511366062,1216,0.49999991984256054,1
-8.2681264955756664,-45.908165690582706,162.91075046340916,0.00037665191691161237,0.00037665191691161237,1216.5,0.49999998802199513,1
-8.1212228687194301,-46.386098031709658,162.92580734288768,0.0014278097872570297,-0.0014278097872570297,1217,0.49999999827860514,1
-7.9746603593062488,-46.864135062029021,162.99212480515351,0.0029438179725653764,-0.0029438179725653764,1217.5,0.49999997152204412,1
-7.8287229989025029,-47.342363307713583,163.06290129345058,0.0019973071675462918,-0.0019973071675462918,1218,0.49999996813214576,1
-7.683263289460271,-47.820737074504549,163.1065619034423,0.0010507775509248725,-0.0010507775509248725,1218.5,0.4999999878247961,1
-7.5381107106466496,-48.299204125909633,163.14549757582836,0.0018509535499182477,-0.0018509535499182477,1219,0.49999999041651888,1
-7.3934011003950699,-48.77780531663376,163.21292251175166,0.0028561994508379549,-0.0028561994508379549,1219.5,0.49999997106171584,1
-7.249355156220501,-49.256606650405622,163.30021721478812,0.0030854152566458177,-0.0030854152566458177,1220,0.49999995125485502,1
-7.106047738952638,-49.73562954541579,163.38916737094277,0.0031244660494481745,-0.0031244660494481745,1220.5,0.49999994978790513,1
-6.9633813828356645,-50.214843794271431,163.41722604828104,0.0038020969711159737,0.0038020969711159737,1221,0.4999999854739709,1
-6.819780135861035,-50.693778249217416,163.1483174436093,0.014971369435399744,0.014971369435399744,1221.5,0.49999953026685612,1
-6.6727880213260642,-51.17168180045401,162.69385217325865,0.0076739248028447277,0.0076739248028447277,1222,0.49999848601771735,1
-6.5241348393999621,-51.649072678989654,162.83453756065472,0.017496943052404072,-0.017496943052404072,1222.5,0.49999981940575622,1
-6.3795059647732648,-52.127694322742684,163.571882133466,0.023708525534998293,-0.023708525534998293,1223,0.4999961892301153,1
-6.2402972075435246,-52.607923048963343,164.01917671934234,0.0075198928268939052,-0.0075198928268939052,1223.5,0.49999870757529508,1
-6.1028963363680973,-53.088673480139633,164.00528579548501,0.0078453895533142273,0.0078453895533142273,1224,0.49999997647595434,1
-5.9636866261267079,-53.568902198091251,163.60401288940383,0.020170002586445537,0.020170002586445537,1224.5,0.49999896496987545,1
-5.8196452281183086,-54.047701190501272,162.85991986054518,0.02672962985997682,0.02672962985997682,1225,0.49999639946010077,1
-5.6704466723100522,-54.524921464965729,162.57888685148305,0.0071079050819330214,-0.0071079050819330214,1225.5,0.49999939941484073,1
-5.5229446252440857,-55.002666218412934,163.26113712118234,0.035410924271749696,-0.035410924271749696,1226,0.49999690332539148,1
-5.3816476005004859,-55.482284458794766,163.72511463525549,0.003016046405794635,0.003016046405794635,1226.5,0.49999850570612542,1
-5.2396275694276078,-55.961687846851014,163.0882262132277,0.041452145654301789,0.041452145654301789,1227,0.49999729769844836,1
-5.0897733559147715,-56.438697244932328,162.14338430254304,0.021025092393359188,0.021025092393359188,1227.5,0.49999425113239909,1
-4.934911379099451,-56.914110011906907,161.88653165627306,0.0030908082587835159,-0.0030908082587835159,1228,0.49999953086535365,1
-4.7802074210551924,-57.389574503817983,162.04927798850116,0.0025763892304375186,-0.0025763892304375186,1228.5,0.49999979770277647,1
-4.6261002724889684,-57.865232964601496,162.00959031821895,0.0053473388115569277,0.0053473388115569277,1229,0.49999998455415345,1
-4.4707363157679465,-58.340481969155597,161.76242226168557,0.0081122703267566803,0.0081122703267566803,1229.5,0.49999957537749506,1
-4.3137535169798413,-58.815199107438843,161.69621109063121,0.0034896218340684055,-0.0034896218340684055,1230,0.49999996049517992,1
-4.1575943432033604,-59.290187385096488,161.9533534136925,0.011982684253359502,-0.011982684253359502,1230.5,0.49999955146652725,1
-4.0039746402537331,-59.766002952394103,162.2427661345065,0.0082221215304008437,-0.0082221215304008437,1231,0.49999946721679989,1
-3.8523122459713326,-60.242446346149599,162.4244494366535,0.0044618432788993212,-0.0044618432788993212,1231.5,0.49999978929268002,1
-3.7016945866843272,-60.719221231703166,162.4892281595771,0.00018130959660192731,0.00018130959660192731,1232,0.49999997078371267,1
-3.5510327123377046,-61.195982136510715,162.41275258780195,0.0051577188400543138,0.0051577188400543138,1232.5,0.49999996073454828,1
-3.3992391953729801,-61.672383795647796,162.24776805184393,0.0043241304217005953,0.0043241304217005953,1233,0.49999981262104931,1
-3.2464312490910334,-62.148461207073701,162.18073510493923,0.00035567640429315427,0.00035567640429315427,1233.5,0.49999997011689584,1
-3.0935375375611383,-62.624511097689357,162.22510370952608,0.0026922768555090958,-0.0026922768555090958,1234,0.49999998538056428,1
-2.9411657081052431,-63.100728279404109,162.28299878164643,0.0013495648192306427,-0.0013495648192306427,1234.5,0.49999997857207684,1
-2.7891155727399801,-63.577048291311471,162.30341701409276,0.00059369018431695917,-0.00059369018431695917,1235,0.49999999740802392,1
-2.6373428525017402,-64.053456739846681,162.37263162653466,0.0042383286438094471,-0.0042383286438094471,1235.5,0.49999996844423994,1
-2.4865806860412576,-64.530185777917083,162.54821854117782,0.0091412215033969593,-0.0091412215033969593,1236,0.4999998065753522,1
-2.3383229499268099,-65.007698257288865,163.02717561977801,0.024297820455390438,-0.024297820455390438,1236.5,0.49999852427139019,1
-2.1958770373866066,-65.486972564150634,163.9346538853039,0.034856253305613656,-0.034856253305613656,1237,0.49999469918914102,1
-2.0601990647252681,-65.968210564382886,164.39640051069574,0.00261576481457584,0.00261576481457584,1237.5,0.4999985251308533,1
-1.9238916982103922,-66.449269609319117,163.78460438731926,0.040104874409504762,0.040104874409504762,1238,0.49999750287494366,1
-1.7786179259095003,-66.927687551268647,162.47939950123387,0.034196635778226243,0.034196635778226243,1238.5,0.49998819595842009,1
-1.6253451605719336,-67.403613767215504,161.97726502008913,0.00086738701385452349,0.00086738701385452349,1239,0.49999830361684072,1
-1.4716901801779207,-67.87941763080569,162.29926933990495,0.013729976770459267,-0.013729976770459267,1239.5,0.49999916960654411,1
-1.3210973738949816,-68.356199718024342,162.61823464191099,0.0085372732722664452,-0.0085372732722664452,1240,0.49999935199632511,1
-1.1725409754111664,-68.833620717092359,162.7885368127715,0.0036062805346134333,-0.0036062805346134333,1240.5,0.49999981388155024,1
-1.0251002248419299,-69.311387517027356,162.91996312671608,0.0055690048596998302,-0.0055690048596998302,1241,0.49999989004853546,1
-0.87899041985724691,-69.78956290438849,163.10761707055326,0.0075316979031903285,-0.0075316979031903285,1241.5,0.49999977619058217,1
-0.7340592026623759,-70.268097041905222,163.11975735097849,0.0072598409427531594,0.0072598409427531594,1242,0.49999997848646899,1
-0.58739216412505013,-70.746100801806449,162.69134346269391,0.02264908964896627,0.02264908964896627,1242.5,0.49999881467161472,1
-0.43664598799809384,-71.222834161183329,162.32838958414806,0.00057982503082929058,0.00057982503082929058,1243,0.4999991055588644,1
-0.28576184918409936,-71.699524026626477,162.65993017106007,0.023726909210560289,-0.023726909210560289,1243.5,0.49999925116128713,1
-0.13940848320115556,-72.177623003494929,163.21726535267368,0.010144263114679251,-0.010144263114679251,1244,0.49999793941295212,1
0.0045226134866751533,-72.656458889493393,163.23012766644356,0.0092460502490275195,0.0092460502490275195,1244.5,0.49999996631369459,1
0.15003104361202266,-73.134817378101801,162.9817104290058,0.0021443491471724776,0.0021443491471724776,1245,0.49999954686105735,1
0.29603689927039056,-73.613024579896759,163.13198038807928,0.01263524845127674,-0.01263524845127674,1245.5,0.49999983773507028,1
0.43958415075012014,-74.091975010194531,163.43558819126343,0.0023236539170395994,-0.0023236539170395994,1246,0.49999932808935404,1
0.58259542614539828,-74.57108615714742,163.23556389668727,0.016288552466459098,0.016288552466459098,1246.5,0.49999971602461585,1
0.7291071497722259,-75.049136842837015,162.72548354834436,0.010505816430455599,0.010505816430455599,1247,0.49999814324494873,1
0.87805691174766709,-75.526435420734273,162.70504953152397,0.0090790805674628612,-0.0090790805674628612,1247.5,0.49999996405528441,1
1.0251706771159594,-76.00430219438762,163.04243113914532,0.0045484702215332056,-0.0045484702215332056,1248,0.49999911332190938,1
1.1713113472021714,-76.482468135985314,162.86620332281987,0.016851345375402678,0.016851345375402678,1248.5,0.4999997631572009,1
1.3211240076670381,-76.959494176059764,162.3214742286994,0.0052426509370401657,0.0052426509370401657,1249,0.49999767613927093,1
1.4719015647511882,-77.436216992906424,162.77892826432975,0.037184483096668754,-0.037184483096668754,1249.5,0.49999851582027566,1
1.6141194139633579,-77.91554992844533,164.1676721806985,0.032310915013817429,-0.032310915013817429,1250,0.4999859795303071,1
1.7494611712804384,-78.396883636990779,164.08695805290625,0.037954753291369547,0.037954753291369547,1250.5,0.49999953025557031,1
1.8937660916915875,-78.875580073735875,162.16782474953891,0.065988977611156491,0.065988977611156491,1251,0.49997418794105769,1
2.0517381146507825,-79.349964053744259,161.3553220978369,0.0092315589855622958,-0.0092315589855622958,1251.5,0.499995320504517,1
2.207571893483613,-79.825047869093822,162.60879903743017,0.057550313024407253,-0.057550313024407253,1252,0.49998879810693536,1
2.3518280260202928,-80.303778612545855,163.65061073011506,0.01518673057968959,-0.01518673057968959,1252.5,0.4999929564509647,1
2.4924421152030538,-80.783598732215012,163.49098295652925,0.020109558041933869,0.020109558041933869,1253,0.49999966931591178,1
2.6362001486056319,-81.262485960377433,163.17811972007638,0.0017303062727752458,0.0017303062727752458,1253.5,0.49999934946444002,1
2.780372537445035,-81.741248952970452,163.39183819269675,0.016510291348333136,-0.016510291348333136,1254,0.49999968078018131,1
2.9227002545187313,-82.220563787661035,163.3650710067505,0.018379112264457827,0.018379112264457827,1254.5,0.49999988980185966,1
3.0694253155111748,-82.698543873989593,162.33850457143467,0.053289727314862499,0.053289727314862499,1255,0.4999932064037384,1
3.2261076053223614,-83.173353991779592,161.39583409603978,0.0051277952047914244,0.0051277952047914244,1255.5,0.49999398786008425,1
3.3840053513919668,-83.647764436113548,162.05500828901643,0.051162982892030764,-0.051162982892030764,1256,0.49999696789780873,1
3.5313592964545117,-84.125542635816373,163.5172597546462,0.030073522601082887,-0.030073522601082887,1256.5,0.49998519301752192,1
3.671597905242022,-84.605472603507906,163.66867760312664,0.019495891563822199,0.019495891563822199,1257,0.49999964128292312,1
3.815553725578924,-85.084296698128909,162.91491331100065,0.015037446911269077,0.015037446911269077,1257.5,0.49999579178078535,1
3.9629853233053121,-85.562066343190608,162.93756445561939,0.016620116184340832,-0.016620116184340832,1258,0.49999990975052883,1
4.1067741546467253,-86.040941235934838,163.63936131597518,0.018016114581445627,-0.018016114581445627,1258.5,0.49999639090630155,1
4.2464902163780103,-86.521023760672477,163.7842627089978,0.0078989175466562637,0.0078989175466562637,1259,0.49999980846412972,1
4.3880247583206486,-87.000571471803511,163.26033197245604,0.019956072358170027,0.019956072358170027,1259.5,0.49999803381005953,1
4.5339658724823408,-87.478797492680741,162.85304514951963,0.0084781878739564037,0.0084781878739564037,1260,0.49999893584569244,1
4.6819419049709827,-87.956398832919163,162.7609678184611,0.0011401295605809301,0.0011401295605809301,1260.5,0.49999994638861389,1
4.8305194514179268,-88.433813334729223,162.63394988958112,0.0077274316663300709,0.0077274316663300709,1261,0.4999998938467301,1
4.9809379666317124,-88.910650456493983,162.32462816788623,0.010915932281652109,0.010915932281652109,1261.5,0.49999937041162379,1
5.1332853847465785,-89.386875427864339,162.2876796707306,0.008336409558484215,-0.008336409558484215,1262,0.4999999591629613,1
5.2836458434560853,-89.863729723650266,162.80232878946899,0.027593750049718917,-0.027593750049718917,1262.5,0.4999982869498909,1
5.4286495946629936,-90.342239537908895,163.39459886160904,0.011515798717238309,-0.011515798717238309,1263,0.49999773020075083,1
5.570896609437777,-90.821578384685836,163.46003020998381,0.006947335038809681,0.006947335038809681,1263.5,0.49999994324178137,1
5.7143382320320697,-91.300560695329608,163.20108220912164,0.0080772211516949612,0.0080772211516949612,1264,0.49999955300193089,1
5.8597085622192173,-91.778961391907103,163.00659824409402,0.0055002546126221453,0.0055002546126221453,1264.5,0.49999975938449481,1
6.006384832763219,-92.256963468305074,162.89093808709367,0.0023972099186160799,0.0023972099186160799,1265,0.49999991338146105,1
6.1536327528854304,-92.734789845132767,162.87053624286122,0.00097288791021497617,-0.00097288791021497617,1265.5,0.49999999637259751,1
6.300661521715778,-93.212683672986515,162.93658675811204,0.0028572149208854307,-0.0028572149208854307,1266,0.49999996956447468,1
6.4470255486198944,-93.690781492996024,163.02184067992505,0.0030946162917599332,-0.0030946162917599332,1266.5,0.4999999538694318,1
6.5926632653861406,-94.169101062314184,163.0992619432206,0.00027956190770873202,-0.00027956190770873202,1267,0.49999995493759303,1
6.7383411796551096,-94.647408336165398,162.98002573772538,0.0086039802016313408,0.0086039802016313408,1267.5,0.49999990292472851,1
6.886069543120958,-95.125085482428631,162.61672533957721,0.013749818424806704,0.013749818424806704,1268,0.49999912543371861,1
7.036681347247896,-95.601861833935416,162.37012475121122,0.0034663495979962056,0.0034663495979962056,1268.5,0.49999960489833695,1
7.1881193914267572,-96.078376780876326,162.41811028114159,0.0068091360050851566,-0.0068091360050851566,1269,0.49999997588281597,1
7.3383011332174597,-96.555288895779853,162.62790662401613,0.0078373162832278583,-0.0078373162832278583,1269.5,0.49999972090896644,1
7.4866128615173499,-97.032785773174908,162.86714804919814,0.0088647206604762826,-0.0088647206604762826,1270,0.49999963667319641,1
7.6333167601724652,-97.510779404208265,162.91602983596351,0.0085009456572846046,0.0085009456572846046,1270.5,0.49999994518906016,1
7.7820545950600337,-97.988142091619139,162.37134642955868,0.029525868452437445,0.029525868452437445,1271,0.49999807885548286,1
7.9370910955522609,-98.463494176505648,161.62131083675703,0.0089645109620696429,0.0089645109620696429,1271.5,0.49999592107418994,1
8.0941662591845454,-98.938179892220148,161.95713708639869,0.032415435837152368,-0.032415435837152368,1272,0.49999913573274923,1
8.2440211921981508,-99.41518451379288,163.14489630561602,0.030339000572450182,-0.030339000572450182,1272.5,0.49998990984844621,1
8.3869483689251201,-99.894320309710125,163.44583519416938,0.009324228191511243,0.009324228191511243,1273,0.49999928877588778,1
8.532039230421395,-100.37280182562621,162.6904070164947,0.030725790594310839,0.030725790594310839,1273.5,0.4999959191464346,1
8.6836669867007075,-100.84925410127438,162.09932678937824,0.010540042934577198,0.010540042934577198,1274,0.49999774743954534,1
8.8378087467812261,-101.32490132730319,162.07769285336411,0.0062581391243349471,-0.0062581391243349471,1274.5,0.49999996582962281,1
8.9908701669211606,-101.80089707042769,162.277756373638,0.007708875669111802,-0.007708875669111802,1275,0.4999997458078338,1
9.1420957354339016,-102.27747912712132,162.51936408055511,0.0090721395823999424,-0.0090721395823999424,1275.5,0.49999962933419456,1
9.2916212444882902,-102.7545975984777,162.62947293888914,0.0013849436797113087,0.0013849436797113087,1276,0.49999991356741247,1
9.4414770660256693,-103.23161226854546,162.44001174428888,0.011842061508455541,0.011842061508455541,1276.5,0.49999976270844043,1
9.5938693031093756,-103.70782205572627,162.08103843814317,0.010826539278758223,0.010826539278758223,1277,0.49999915532945222,1
9.7488320873164547,-104.183202040655,161.82872053843431,0.0067887196642372654,0.0067887196642372654,1277.5,0.49999959455989074,1
9.9054587017063334,-104.6580366829625,161.66322453585406,0.0058957412469575381,0.0058957412469575381,1278,0.49999983387049884,1
10.06349338991533,-105.13240450273668,161.48182832338739,0.006768034006657815,0.006768034006657815,1278.5,0.49999979111457327,1
10.223071530033291,-105.60625534885152,161.32130144108379,0.00099640782478764957,0.00099640782478764957,1279,0.49999980716722292,1
10.382809993989291,-106.08005219696864,161.47776856044382,0.011920308047273944,-0.011920308047273944,1279.5,0.49999983015270877,1
10.539742313909954,-106.55478429610889,161.97653936747906,0.017794345406157999,-0.017794345406157999,1280,0.49999831898696823,1
10.692831722056248,-107.0307705730979,162.30466693180682,0.0051137749671600983,-0.0051137749671600983,1280.5,0.4999993027679499,1
10.844702961579239,-107.507147635338,162.27230295218595,0.0057078113675922025,0.0057078113675922025,1281,0.49999997882276137,1
10.997418179723496,-107.98325477798581,162.18496214403015,0.00038962717196059569,0.00038962717196059569,1281.5,0.49999994913310314,1
11.150226149834205,-108.45933218239306,162.24998084330286,0.0049287586841764795,-0.0049287586841764795,1282,0.49999997071649793,1
11.301877905300184,-108.93577888626872,162.46054212128939,0.0097350435548035283,-0.0097350435548035283,1282.5,0.49999971656981962,1
11.451208621753068,-109.41295764756872,162.80771803988713,0.014502257056142592,-0.014502257056142592,1283,0.49999923311154182,1
11.597585528954742,-109.89105108469221,163.05768697116324,0.0015382223547937334,0.0015382223547937334,1283.5,0.49999953358226296,1
11.744340655373977,-110.36902816399792,162.70187815748437,0.023303419415524822,0.023303419415524822,1284,0.4999991554712358,1
11.896233273197488,-110.84539450300861,161.97752337653645,0.01516907767733959,0.01516907767733959,1284.5,0.49999625627770333,1
12.051604197163789,-111.3206415977811,161.95038880143591,0.013274362965868274,-0.013274362965868274,1285,0.49999992510383667,1
12.203996496161043,-111.79684909684804,162.59183820852718,0.018734677374075789,-0.018734677374075789,1285.5,0.49999699495221889,1
12.352275301162633,-112.27435625581131,162.79505677497656,0.0045464835845774026,0.0045464835845774026,1286,0.49999969087378465,1
12.50159869383487,-112.7515368042761,162.38386400788079,0.014540058534354432,0.014540058534354432,1286.5,0.49999875143074313,1
12.653662216785277,-113.22785246455439,162.32357609415311,0.010331417455265416,-0.010331417455265416,1287,0.4999999232384249,1
12.803263562684238,-113.70494437604953,162.97021644918553,0.030477274870994494,-0.030477274870994494,1287.5,0.49999725470132755,1
12.947317295011249,-114.18374216499149,163.3888456870848,0.0012491036843394561,0.0012491036843394561,1288,0.49999880049161377,1
13.091669807404262,-114.66244952921879,162.89984470298023,0.030796267934847552,0.030796267934847552,1288.5,0.4999983883970307,1
13.2413825987749,-115.13950744845415,162.37192330650586,0.0060599315481542539,0.0060599315481542539,1289,0.49999817820184383,1
13.392540762774631,-115.61611100407302,162.55258488874387,0.018672514430527445,-0.018672514430527445,1289.5,0.49999973977224704,1
13.540233262381198,-116.09379873763105,162.98245770735315,0.002082039588502259,-0.002082039588502259,1290,0.49999864523000598,1
13.687452438066668,-116.5716330930897,162.63357286508148,0.026440924204382515,0.026440924204382515,1290.5,0.49999915694538583,1
13.84028067378976,-117.04769939495542,161.84874312320471,0.01447914030241064,0.01447914030241064,1291,0.49999559338691196,1
13.996455001997596,-117.52268303944545,161.90740896250333,0.018575047812924912,-0.018575047812924912,1291.5,0.49999988332419426,1
14.148575070527556,-117.99897626175739,162.68370687833223,0.023765982756677,-0.023765982756677,1292,0.49999574885177661,1
14.295174259763058,-118.47700065011432,163.14342213264712,0.0083295322511094446,-0.0083295322511094446,1292.5,0.4999986381466674,1
14.439734666773035,-118.9556469363277,163.20470447380228,0.00080737655603780646,-0.00080737655603780646,1293,0.49999997858074657,1
14.583912225064458,-119.43440864240527,163.30050546659646,0.0058807512959308441,-0.0058807512959308441,1293.5,0.49999993952118549,1
14.726701353997107,-119.91358599129893,163.51533007932881,0.0042124184570654305,-0.0042124184570654305,1294,0.49999966703398757,1
14.868861681912122,-120.39295040685418,163.35424107554024,0.015459531784815744,0.015459531784815744,1294.5,0.49999980173349429,1
15.014716129523396,-120.87120050335416,162.64358662628632,0.028966337467411639,0.028966337467411639,1295,0.49999667467916947,1
15.166571001286826,-121.34758070077542,162.08584582003635,0.0099725315116786679,0.0099725315116786679,1295.5,0.49999799456938837,1
15.320800123263677,-121.82319960856557,162.07212202756074,0.0090142689124903495,-0.0090142689124903495,1296,0.4999999675132441,1
15.473711231510451,-122.2992435817841,162.29935497620087,0.0065425798006156794,-0.0065425798006156794,1296.5,0.49999967146282703,1
15.625064324947735,-122.77578539763923,162.44691153424685,0.0037587310850901749,-0.0037587310850901749,1297,0.49999986115151884,1
15.775582017776903,-123.2525918679636,162.48941834135286,0.0010759960026442094,0.0010759960026442094,1297.5,0.49999998599780648,1
15.92635644289625,-123.72931715646352,162.38460485232392,0.0062413408537768224,0.0062413408537768224,1298,0.49999992796539694,1
16.078299002155184,-124.20567140323315,162.27847735863099,0.0016446604324183334,-0.0016446604324183334,1298.5,0.49999990972960923,1
16.229843104197133,-124.68215234725824,162.48990882531893,0.013116249711919293,-0.013116249711919293,1299,0.49999970488264928,1
16.378569907036553,-125.15951946349375,162.85999556238096,0.0065694120853755957,-0.0065694120853755957,1299.5,0.49999902554489573,1
16.525771488018805,-125.6373600884168,162.82065048061392,0.0093162710105972411,0.0093162710105972411,1300,0.49999996827052157,1
16.675052602977431,-126.11455400608227,162.42253318367347,0.012748892797508567,0.012748892797508567,1300.5,0.49999888633897349,1
16.827283636922033,-126.59081577310302,162.16008761698762,0.0055734522680649283,0.0055734522680649283,1301,0.49999955842136978,1
16.980854296335757,-127.06664770096086,162.0920039316581,0.00027869923135441,0.00027869923135441,1301.5,0.49999997100167359,1
17.134527113226021,-127.54244667010855,162.12196758734737,0.0023705535532104393,-0.0023705535532104393,1302,0.49999999369299247,1
17.28765814822145,-128.01842023194359,162.20200664031748,0.00076164074480201027,0.00076164074480201027,1302.5,0.49999994544471016,1
17.441210044342036,-128.49425780742718,161.95251447986959,0.016656439591435947,0.016656439591435947,1303,0.4999995830441461,1
17.598691625946778,-128.9688065813838,161.29018335936331,0.019632984143637362,0.019632984143637362,1303.5,0.4999969873993933,1
17.759811628403529,-129.44213543334587,161.30550137608364,0.020703969846865827,-0.020703969846865827,1304,0.49999985729137042,1
17.916029474509923,-129.9170956922693,162.45129448149123,0.048248870924684918,-0.048248870924684918,1304.5,0.49999126292239737,1
18.063098575340181,-130.39497420041761,163.08847601718566,0.0037549067922733048,0.0037549067922733048,1305,0.49999718896117107,1
18.211064174433133,-130.87257375685371,162.23663546326009,0.053828382733931944,0.053828382733931944,1305.5,0.49999515479942358,1
18.368252174860157,-131.34721732852162,161.32770139288607,0.0096303926071893437,0.0096303926071893437,1306,0.49999458757462351,1
18.527725778655252,-131.82110253800502,161.68463842945891,0.034552480676164662,-0.034552480676164662,1306.5,0.49999902207356361,1
18.681187254818955,-132.2969652989317,162.49673440077891,0.020935553497435089,-0.020935553497435089,1307,0.49999579188539117,1
18.829660074089791,-132.77441147590099,162.88382823110598,0.006089965566919796,-0.006089965566919796,1307.5,0.49999902996388451,1
18.976552739699176,-133.25234717683929,162.8958543826256,0.0048724028287790719,0.0048724028287790719,1308,0.49999998944121804,1
19.124609041194876,-133.72992312462799,162.60522625762826,0.015417311529137572,0.015417311529137572,1308.5,0.49999945431855686,1
19.275814209473477,-134.20651115386053,162.25550301754947,0.0043222517356170179,0.0043222517356170179,1309,0.49999915252120281,1
19.428038209062503,-134.68277550956554,162.37602089755569,0.012736092836515146,-0.012736092836515146,1309.5,0.49999988256597672,1
19.577271654828021,-135.15998324898405,162.92744357570422,0.015724568884408555,-0.015724568884408555,1310,0.49999784789133622,1
19.723458756869313,-135.63813515146828,162.91941744635454,0.016285481713566176,0.016285481713566176,1310.5,0.49999991065251009,1
19.873518795941884,-136.11508020912635,162.02530784708273,0.035254829109608123,0.035254829109608123,1311,0.49999460332179796,1
20.03016452098689,-136.58990773318186,161.6811231203788,0.011222146277060249,-0.011222146277060249,1311.5,0.49999906077468248,1
20.184153890864238,-137.0655977822403,162.63900645144457,0.044359356405853104,-0.044359356405853104,1312,0.49999374876936842,1
20.329645030937964,-137.54395863597352,163.33596281156048,0.004302738158790397,-0.004302738158790397,1312.5,0.49999677821394922,1
20.474106399721162,-138.02263335841346,162.88869774840794,0.032329915505936641,0.032329915505936641,1313,0.49999857697163735,1
20.62448158276873,-138.49948141943483,162.17732652681588,0.017332078015655134,0.017332078015655134,1313.5,0.49999676896599177,1
20.778984382725454,-138.97501097857466,161.89560168466915,0.0023667369066613128,0.0023667369066613128,1314,0.49999947680991425,1
20.934234164608664,-139.45029768827311,161.97467742896799,0.0078876435767622818,-0.0078876435767622818,1314.5,0.49999995119076218,1
21.087607997691418,-139.92619218904335,162.34754895498546,0.018143638215576727,-0.018143638215576727,1315,0.49999910853705559,1
21.237383537100929,-140.40323125992012,162.74518295972621,0.0090561102357075013,-0.0090561102357075013,1315.5,0.49999898734735709,1
21.384997729843565,-140.88094450973057,162.86620763544215,0.00060676396853367152,0.00060676396853367152,1316,0.49999989894351082,1
21.532486995125041,-141.35869643909066,162.83132606016324,0.00024049430210608535,-0.00024049430210608535,1316.5,0.49999998938056345,1
21.679914830226959,-141.83646731782937,162.88725196742698,0.0036638477036952267,-0.0036638477036952267,1317,0.49999997913359706,1
21.826740673183181,-142.31442354619784,162.91865042745928,0.0035823108290125019,0.0035823108290125019,1317.5,0.49999998439601767,1
21.974426369937351,-142.79211439637825,162.67454298447547,0.013459655418646053,0.013459655418646053,1318,0.49999961337169685,1
22.124947539996509,-143.26891895548204,162.34623451878636,0.0029812198031919125,0.0029812198031919125,1318.5,0.49999921021750715,1
22.27614118065652,-143.74551122607443,162.54707058231139,0.017002955754020312,-0.017002955754020312,1319,0.49999970936435528,1
22.423632077454378,-144.22326030008202,163.1093673597486,0.012634111589175942,-0.012634111589175942,1319.5,0.49999774234824973,1
22.568201530978193,-144.70190380505304,163.18106020646439,0.0076285966327700192,0.0076285966327700192,1320,0.49999993174311053,1
22.714407669539415,-145.1800488691562,162.80386279534113,0.0099753895087927869,0.0099753895087927869,1320.5,0.49999893727806866,1
22.862836331643628,-145.65750973389117,162.72832243164066,0.0047016209731287322,-0.0047016209731287322,1321,0.49999994508751772,1
23.010245071098502,-146.13528597236905,162.99352754186521,0.0074110570998864459,-0.0074110570998864459,1321.5,0.49999947052145971,1
23.156039551373247,-146.61355779931441,163.04746049890207,0.0036457910008431934,0.0036457910008431934,1322,0.49999997092823417,1
23.302679075576108,-147.09157083054239,162.81404095317404,0.0083573124146066671,0.0083573124146066671,1322.5,0.49999960808205729,1
23.451073260897644,-147.56904237185606,162.69719664016398,0.00019998386719011929,-0.00019998386719011929,1323,0.49999990700167751,1
23.599432228009437,-148.0465248539856,162.80900001406405,0.0045425912793316987,-0.0045425912793316987,1323.5,0.49999990386306054,1
23.746941987290047,-148.52427045616932,162.84080761949269,0.0023220091914960173,0.0023220091914960173,1324,0.49999998948890534,1
23.895004090931188,-149.00184499526344,162.68101897528749,0.0069024650379231386,0.0069024650379231386,1324.5,0.49999982692557232,1
24.044358946102573,-149.47901695215305,162.5964613979227,0.00099919882143012441,-0.00099919882143012441,1325,0.49999994920511881,1
24.193475478519225,-149.95626335277259,162.73753679164508,0.0080054237648981962,-0.0080054237648981962,1325.5,0.49999986714426409,1
24.34120394370067,-150.4339412934483,162.85543140935505,0.00022519610546271277,-0.00022519610546271277,1326,0.49999991443303959,1
24.488878622909176,-150.91163586743497,162.75043962653564,0.0075550324206166974,0.0075550324206166974,1326.5,0.49999991689563228,1
24.637880550053641,-151.38891805535334,162.60531437213996,0.0017406060181023439,0.0017406060181023439,1327,0.4999998611968976,1
24.78729770496156,-151.86607054291133,162.65149420689158,0.0049645796748110319,-0.0049645796748110319,1327.5,0.49999998256355183,1
24.935739172766446,-152.34352733225865,162.8001913230384,0.0042333996144045495,-0.0042333996144045495,1328,0.49999985505789418,1
25.083171120812029,-152.82129690867166,162.89084434677829,0.0020953834140223751,-0.0020953834140223751,1328.5,0.49999994745037968,1
25.230154971661001,-153.29920458289826,162.89409472590989,0.0025703960131795807,0.0025703960131795807,1329,0.4999999974950709,1
25.377755847785309,-153.77692189192072,162.73970516562588,0.0082080314191980801,0.0082080314191980801,1329.5,0.49999984597230629,1
25.527273759916799,-154.25404225662999,162.44904346253077,0.010918526181482927,0.010918526181482927,1330,0.49999944846815753,1
25.679381949289194,-154.73034303654882,162.12515865735509,0.011693022316597424,0.011693022316597424,1330.5,0.49999933422499104,1
25.834217362336116,-155.20576428027954,161.82065735438528,0.0063849629913111418,0.0063849629913111418,1331,0.49999936412347268,1
25.990497861450226,-155.68071311155072,161.80923347560162,0.0055874746911060919,-0.0055874746911060919,1331.5,0.49999998672921292,1
26.145476651396606,-156.15608763158957,162.11372578698834,0.012113971515201303,-0.012113971515201303,1332,0.49999935963500597,1
26.297746682154447,-156.63233681940744,162.40748349391359,0.0083942607626994372,-0.0083942607626994372,1332.5,0.49999945116387395,1
26.448018943053849,-157.10922048161919,162.59082965743437,0.0034538547723898276,-0.0034538547723898276,1333,0.49999977968025783,1
26.597571758613192,-157.58633046971138,162.55718599372591,0.005802750530428764,0.005802750530428764,1333.5,0.49999998537906115,1
26.748507762977198,-158.0630040994819,162.25980502062652,0.013714712300449541,0.013714712300449541,1334,0.49999942673164199,1
26.902151648954995,-158.53881192343394,161.98922141678071,0.0051757100858622557,0.0051757100858622557,1334.5,0.49999952903211059,1
27.057026503238635,-159.0142209777249,161.96324978210518,0.0033625116187982612,-0.0033625116187982612,1335,0.49999998939120727,1
27.211473992991792,-159.48976901675536,162.03610663875122,0.00087054310444235374,-0.00087054310444235374,1335.5,0.4999999645167631,1
27.365714706447651,-159.96538419485893,162.0121024859983,0.0025463436284826131,0.0025463436284826131,1336,0.49999999532986017,1
27.520378540043378,-160.44086193881077,161.97562377836624,0.001764748776700491,-0.001764748776700491,1336.5,0.49999998641605997,1
27.67461799347555,-160.91647738605278,162.1207005381346,0.0083635576506494533,-0.0083635576506494533,1337,0.4999998626502502,1
27.826942774392567,-161.39270905602837,162.41064687431384,0.0099775048510710139,-0.0099775048510710139,1337.5,0.49999944236884536,1
27.976907657542146,-161.86968923190338,162.67558711577988,0.0085188985371273951,-0.0085188985371273951,1338,0.49999955435562699,1
28.124861433988205,-162.34729722575622,162.88212189577854,0.0046101568359113703,-0.0046101568359113703,1338.5,0.49999971575670649,1
28.271744022426816,-162.82523602170352,162.91919891509417,0.0020217084368346567,0.0020217084368346567,1339,0.49999998745797697,1
28.419102170759704,-163.30302827138598,162.77570318341859,0.0063450558061203168,0.0063450558061203168,1339.5,0.49999985773670891,1
28.567857407792573,-163.7803873767497,162.61504939684193,0.0048707027379985904,0.0048707027379985904,1340,0.49999983601832709,1
28.717774474094526,-164.25738295778825,162.4975153479057,0.002874626295809612,0.002874626295809612,1340.5,0.49999991109888114,1
28.86825678571363,-164.7342006072686,162.49949555660004,0.0030128924658766685,-0.0030128924658766685,1341,0.49999999696619757,1
29.018020565870295,-165.21124423455834,162.67014381395373,0.0089006253479313874,-0.0089006253479313874,1341.5,0.49999981218452266,1
29.166237981883732,-165.68877066193812,162.79570798382656,0.00054431183679611321,0.00054431183679611321,1342,0.49999989125579059,1
29.314585342848702,-166.16625667827745,162.63879913284961,0.010409890276609655,0.010409890276609655,1342.5,0.49999983530484388,1
29.464975377526624,-166.64310304368917,162.41491696717162,0.00016728917758209233,-0.00016728917758209233,1343,0.49999961873664611,1
29.615305280735072,-167.11996828647631,162.67601585850491,0.018061844073979309,-0.018061844073979309,1343.5,0.49999953957688875,1
29.761596903711965,-167.59808563871545,163.28214047436614,0.016104661109193355,-0.016104661109193355,1344,0.49999744145883163,1
29.904127420368717,-168.07733993305118,163.51751460694544,0.0003284272555429168,-0.0003284272555429168,1344.5,0.49999962681754168,1
30.046557822450016,-168.55662408937548,163.32359043981143,0.010794546893356837,0.010794546893356837,1345,0.49999972194045667,1
30.191415340648422,-169.03517980201369,162.98467408248413,0.012866307992354111,0.012866307992354111,1345.5,0.49999927067673644,1
30.339346806547177,-169.51279395573943,162.59076903221219,0.012587041772189096,0.012587041772189096,1346,0.49999899844110474,1
30.489805789494106,-169.98961883377811,162.46050224353431,0.0034925429261497267,-0.0034925429261497267,1346.5,0.49999986986601352,1
30.639431657205769,-170.46670518289517,162.79089720142775,0.019573881739366795,-0.019573881739366795,1347,0.49999928480180056,1
30.785269883847942,-170.94496225564248,163.256989482596,0.01256421401135809,-0.01256421401135809,1347.5,0.49999861598104545,1
30.92810104679619,-171.42412699315477,163.51068322122183,0.0051473462558342415,-0.0051473462558342415,1348,0.49999958678420192,1
31.069814139024171,-171.90362399966051,163.49131064610299,0.0084617307346791567,0.0084617307346791567,1348.5,0.49999997975678001,1
31.213565846865734,-172.38251226396673,163.01277880819896,0.024947091137823816,0.024947091137823816,1349,0.49999852319541005,1
31.362937102174101,-172.85967512832303,162.278024890317,0.014965497319160602,0.014965497319160602,1349.5,0.49999617101844679,1
31.515729474925447,-173.33575748777474,162.27826198241019,0.014982426334508902,-0.014982426334508902,1350,0.49999992215208666,1
31.664984279108126,-173.81295609366089,163.08825093865627,0.031921146690300058,-0.031921146690300058,1350.5,0.49999550601109355,1
31.807420108413378,-174.29223631029762,163.7124817064323,0.011660047296144286,-0.011660047296144286,1351,0.49999749152294121,1
31.947059737760334,-174.77234122180934,163.75644131242564,0.0085905166576426793,0.0085905166576426793,1351.5,0.49999995214182613,1
32.088151961264643,-175.25202064847329,163.44129983466809,0.013193666919304774,0.013193666919304774,1352,0.49999936789764554,1
32.232405287463962,-175.73075830455184,163.00054126829357,0.0175768369799289,0.0175768369799289,1352.5,0.49999876546562744,1
32.380402677102616,-176.20835215180776,162.63891999138787,0.0042068519962504764,0.0042068519962504764,1353,0.49999911027577265,1
32.52939807752994,-176.68563637738632,162.77150784276643,0.013463571525400472,-0.013463571525400472,1353.5,0.499999861334603,1
32.67542529243979,-177.16383549051457,163.25304844313467,0.011806103378487462,-0.011806103378487462,1354,0.49999833928821941,1
32.818736973447194,-177.64285706646641,163.35705873638574,0.0045445439145941294,0.0045445439145941294,1354.5,0.49999990814053746,1
32.963114762492644,-178.1215576595358,163.02179707826591,0.013325556819957418,0.013325556819957418,1355,0.49999920377400497,1
33.11024038412048,-178.5994213982944,162.80931587253048,0.0015085541123746177,0.0015085541123746177,1355.5,0.49999970135963578,1
33.257726935471155,-179.07717405914465,162.93326552766391,0.0084783917731192527,-0.0084783917731192527,1356,0.49999988777880305,1
33.403898155551289,-179.55533085241237,163.01727904078831,0.0026131566239050528,0.0026131566239050528,1356.5,0.49999994452777624,1
33.550693917458872,-180.03329596294833,162.78354033592484,0.01370482209689295,0.01370482209689295,1357,0.49999964260355445,1
33.700132246661113,-180.51044127515303,162.50761073901015,0.0014107823611294158,0.0014107823611294158,1357.5,0.49999946319338762,1
33.849900871868797,-180.98748326332884,162.71552465923418,0.015926686678597389,-0.015926686678597389,1358,0.49999969957924217,1
33.996067517647354,-181.46563913320185,163.2851659954253,0.015761426728090621,-0.015761426728090621,1358.5,0.49999772422698663,1
34.138589667379442,-181.94489592108795,163.51938021810994,0.00059054215588406618,-0.00059054215588406618,1359,0.49999963189902302,1
34.280958281704621,-182.42419846205289,163.334068876934,0.010909207272416968,0.010909207272416968,1359.5,0.4999997481202535,1
34.425753312630015,-182.9027730514498,162.98780004486281,0.013264931412413019,0.013264931412413019,1360,0.4999992385965305,1
34.573718781702865,-183.3803765841798,162.57577992726249,0.014078136790744201,0.014078136790744201,1360.5,0.49999891451294742,1
34.72443067110656,-183.8571215344673,162.4206560915238,0.0032481661688894205,-0.0032481661688894205,1361,0.49999982123222736,1
34.874367840323302,-184.33411008794855,162.76191919952964,0.020577541156194906,-0.020577541156194906,1361.5,0.4999992348642785,1
35.019913660825324,-184.81245526566559,163.34664167015387,0.014192741536080151,-0.014192741536080151,1362,0.49999769490544527,1
35.162082965480394,-185.29181694512681,163.54544540119417,0.00031273047059071711,0.00031273047059071711,1362.5,0.49999973092191569,1
35.304299446653808,-185.77116462929737,163.34892076545304,0.011958136847050681,0.011958136847050681,1363,0.49999972983695634,1
35.449349019320181,-186.24966147263331,162.8816198201792,0.020666364929039411,0.020666364929039411,1363.5,0.49999860761121062,1
35.599304534526944,-186.72664181540569,162.20293567559762,0.020031307389547851,0.020031307389547851,1364,0.49999690392259583,1
35.753554937946888,-187.20225345410384,161.97428810221882,0.0040676752861300213,-0.0040676752861300213,1364.5,0.49999961782021329,1
35.906837301434464,-187.67817688656501,162.4360360999068,0.028169880728288577,-0.028169880728288577,1365,0.49999859651999212,1
36.054821619801508,-188.15577318509222,163.04800744863968,0.012393668774286441,-0.012393668774286441,1365.5,0.4999975828436013,1
36.199844337595117,-188.63427953199852,163.14442693987266,0.0056617524476401948,0.0056617524476401948,1366,0.49999991270584976,1
36.345861524594937,-189.11248300242627,162.89888954782509,0.0071181590267689037,0.0071181590267689037,1366.5,0.49999957802831391,1
36.493563552534596,-189.59016907589387,162.75886448468461,0.0026573694024679077,0.0026573694024679077,1367,0.49999987384236022,1
36.641927681297844,-190.06765004940124,162.72364834377936,0.0019221516252578531,0.0019221516252578531,1367.5,0.49999999476522228,1
36.790814094771648,-190.54496833977811,162.60857781206602,0.0061113304708861338,0.0061113304708861338,1368,0.49999991444538439,1
36.941157266060991,-191.02182951529659,162.37594109164604,0.009134091877978489,0.009134091877978489,1368.5,0.49999964987008005,1
37.0934802942541,-191.49806204280748,162.1683105683955,0.0053612655255116624,0.0053612655255116624,1369,0.49999972517725177,1
37.24707944793299,-191.97388473653083,162.06876090964244,0.0015886489334268348,0.0015886489334268348,1369.5,0.49999993587302038,1
37.401047210594896,-192.44958834776668,162.08074289934029,0.0024314722408564238,-0.0024314722408564238,1370,0.49999999768193576,1
37.554436495061026,-192.92547869554153,162.20807775799915,0.0064581925772022684,-0.0064581925772022684,1370.5,0.49999989569428838,1
37.706323746571151,-193.40185033698049,162.43060288662289,0.0082698246176952893,-0.0082698246176952893,1371,0.49999967793844452,1
37.85624663666654,-193.87884378252136,162.67527487109868,0.0088114858216442153,-0.0088114858216442153,1371.5,0.49999962006336102,1
38.00410570152571,-194.35648102524237,162.90207239147702,0.0038249200710305394,-0.0038249200710305394,1372,0.49999963869503244,1
38.15115211053476,-194.83436941010518,162.83162045398154,0.0087437364594705833,0.0087437364594705833,1372.5,0.49999995478923848,1
38.3002842018142,-195.31160984955775,162.40704293412125,0.017670168430189617,0.017670168430189617,1373,0.49999881769686583,1
38.452750861912754,-195.78779631321288,162.17652144034554,0.0015763391876811729,-0.0015763391876811729,1373.5,0.49999963060984542,1
38.6048421662788,-196.2641024646793,162.49730972308214,0.020817294520221453,-0.020817294520221453,1374,0.49999931478804527,1
38.753493904896906,-196.74149342946617,162.73962678525081,0.010331829950832441,0.010331829950832441,1374.5,0.49999947265405359,1
38.904614027154501,-197.21810439809298,161.89154113546306,0.048883241070124595,0.048883241070124595,1375,0.49999530674450121,1
39.066173543162101,-197.69127035613477,160.55917967337894,0.023758395823195382,0.023758395823195382,1375.5,0.49998750090598726,1
39.233227548410014,-198.16253739571926,160.66699580672781,0.031290463712614201,-0.031290463712614201,1376,0.49999966326798506,1
39.393008877995804,-198.63630251410174,162.20899248545851,0.055253025748446385,-0.055253025748446385,1376.5,0.49998346040661773,1
39.540842196204807,-199.1139414581105,163.19743752394206,0.013767529316185901,-0.013767529316185901,1377,0.49999365076617464,1
39.685379516693565,-199.59259433659844,163.01198984749567,0.020516791723165909,0.020516791723165909,1377.5,0.49999961509870805,1
39.833424540476145,-200.07017321601361,162.60106819931354,0.0081684378102779061,0.0081684378102779061,1378,0.49999891512906319,1
39.983419048114769,-200.54714450842448,162.54403658655758,0.0041870899827348906,-0.0041870899827348906,1378.5,0.49999996610584391,1
40.13284876677632,-201.02429298646248,162.65687802322861,0.0014115303118830572,-0.0014115303118830572,1379,0.49999991091324553,1
40.281944124962891,-201.50154612949731,162.61912712556034,0.0040470233771033428,0.0040470233771033428,1379.5,0.49999998836940518,1
40.431931684071621,-201.97851947963903,162.4716636334694,0.0037413370570214231,0.0037413370570214231,1380,0.49999984463278585,1
40.582777967555963,-202.45522209869947,162.43238920389007,0.0009994752877318699,-0.0009994752877318699,1380.5,0.4999999882601141,1
40.733393957401638,-202.9319974851513,162.51942023584132,0.0035417872470773289,-0.0035417872470773289,1381,0.49999994552348542,1
40.883263839243831,-203.40900795786106,162.58450403083611,0.0010019247767407689,-0.0010019247767407689,1381.5,0.49999997255818518,1
41.032894711525152,-203.88609349274574,162.57697651747296,0.0014163384671906682,0.0014163384671906682,1382,0.50000000553586965,1
41.182820575536681,-204.36308637350587,162.52023824690741,0.0025447391687935246,0.0025447391687935246,1382.5,0.49999997299544241,1
41.333353221723712,-204.83988808489175,162.43117393698975,0.0036731141551669538,0.0036731141551669538,1383,0.49999994954857985,1
41.484577411392529,-205.31647095122042,162.39032174909687,0.0020258586335043069,-0.0020258586335043069,1383.5,0.49999998401904067,1
41.635316919253839,-205.7932071807891,162.55094656138235,0.0091879071670537583,-0.0091879071670537583,1384,0.49999983181359553,1
41.784017377229993,-206.27058297378159,162.81860460204064,0.0041219916026926148,-0.0041219916026926148,1384.5,0.49999947393724981,1
41.93180759834059,-206.74824182514411,162.72669967134976,0.010538339472012277,0.010538339472012277,1385,0.49999992774087587,1
42.082064031014255,-207.22512914740986,162.26848030447223,0.013613794511721516,0.013613794511721516,1385.5,0.49999851369540682,1
42.235123841870035,-207.70112558371602,162.1814227363478,0.0075358142943830883,-0.0075358142943830883,1386,0.49999991307536495,1
42.386389479648237,-208.17769348534355,162.69591513252749,0.025018119788281043,-0.025018119788281043,1386.5,0.49999825803108161,1
42.533037546966654,-208.65570326041478,163.08353012738962,0.002043547383214479,-0.002043547383214479,1387,0.49999900071087483,1
42.679197231234959,-209.13386310449087,162.81301501163162,0.020930070045951973,0.020930070045951973,1387.5,0.49999948979201986,1
42.829470446505916,-209.6107446242639,162.26931167743714,0.01136134811155207,0.01136134811155207,1388,0.49999802312499864,1
42.982442627874178,-210.08676924201399,162.1791399899538,0.0050658087893330353,-0.0050658087893330353,1388.5,0.49999992497667323,1
43.134404125196284,-210.56311701690541,162.43859634103265,0.0070232303297330335,-0.0070232303297330335,1389,0.499999499312135,1
43.284763188833637,-211.03997349832903,162.51997972134959,0.0013416208962422685,0.0013416208962422685,1389.5,0.49999995189361857,1
43.435426808803356,-211.51673374125104,162.37889865643703,0.0059654004305254339,0.0059654004305254339,1390,0.49999985561341509,1
43.587366382626335,-211.99308893244677,162.25540958007718,0.0026557791152976144,0.0026557791152976144,1390.5,0.49999990227261198,1
43.739938419388892,-212.46924202487193,162.22664021204915,0.00057110646494350789,-0.00057110646494350789,1391,0.49999999382792215,1
43.892407321957634,-212.94542814216274,162.27527094189236,0.0028239621024738677,-0.0028239621024738677,1391.5,0.49999998455101191,1
44.044203687371471,-213.42182900459667,162.38844105369577,0.0050767839076136349,-0.0050767839076136349,1392,0.49999991828064055,1
44.194808379610556,-213.8986078242462,162.55832770790261,0.0066764560625237092,-0.0066764560625237092,1392.5,0.4999998161907897,1
44.343820740326287,-214.37588660023223,162.77067533435917,0.0081482437908999353,-0.0081482437908999353,1393,0.499999713652722,1
44.490926171530646,-214.85375650229972,162.99988678795648,0.0064188549217207699,-0.0064188549217207699,1393.5,0.49999965119168377,1
44.63651805702851,-215.33208997070818,163.12175335918539,0.0020890610980561818,-0.0020890610980561818,1394,0.49999990412248618,1
44.781603447902206,-215.81057740869255,163.12673502119776,0.00077990380285396211,0.00077990380285396211,1394.5,0.49999999895381947,1
44.926826850295683,-216.28902297507813,163.10357853835296,0.0008367203560008552,0.0008367203560008552,1395,0.49999999659675004,1
45.072250445939893,-216.76740773018824,163.07854613180308,0.0011664884974650789,0.0011664884974650789,1395.5,0.49999999609185386,1
45.218093560903817,-217.24566469668454,162.98280451199969,0.0055175784994075912,0.0055175784994075912,1396,0.49999994018462307,1
45.36525546370666,-217.72351725182864,162.76240855275751,0.0098690055815535242,0.0098690055815535242,1396.5,0.49999969009419903,1
45.514507335195404,-218.20072112456353,162.53627369120267,0.0039237912205710721,0.0039237912205710721,1397,0.49999965729595214,1
45.664691563533829,-218.67763274214281,162.54445125648033,0.0044946549789822996,-0.0044946549789822996,1397.5,0.49999999342368973,1
45.813954424408401,-219.15483333599789,162.70178713730803,0.0020344640916415894,-0.0020344640916415894,1398,0.49999980841207337,1
45.962782158030564,-219.63216995845104,162.61675964716542,0.0079706123548184942,0.0079706123548184942,1398.5,0.49999994543008891,1
46.113482984544149,-220.10891775224852,162.27786819723082,0.010507271757121751,0.010507271757121751,1399,0.49999919800199116,1
46.266363710838995,-220.58497174944458,162.18281759255538,0.0038713354344398336,-0.0038713354344398336,1399.5,0.49999992471878135,1
46.418324509927196,-221.06131959176753,162.49423793316436,0.015429863140961409,-0.015429863140961409,1400,0.4999993513448352,1
46.567144375015673,-221.53865791338788,162.8427397443495,0.0089001737063220086,-0.0089001737063220086,1400.5,0.49999922553168658,1
46.713838732827149,-222.01665435298375,163.0041898623181,0.0023713314055877092,-0.0023713314055877092,1401,0.49999983088002115,1
46.8599187338909,-222.49483907809599,162.99925947574064,0.0024156713715895251,0.0024156713715895251,1401.5,0.49999999804145684,1
47.006575741992933,-222.97284703693589,162.86667310451935,0.0068406250343583073,0.0068406250343583073,1402,0.49999988673971063,1
47.154783705039144,-223.45037619935331,162.65972726791705,0.0048529494771055968,0.0048529494771055968,1402.5,0.49999970126930604,1
47.304114632778195,-223.92755568246614,162.61831052022973,0.0019614744669107158,-0.0019614744669107158,1403,0.49999998508322391,1
47.453000148056844,-224.40487420924558,162.75189341405243,0.0052818870902144764,-0.0052818870902144764,1403.5,0.49999987266666951,1
47.600697481575835,-224.8825617621093,162.87693058658044,0.0034473514100536382,-0.0034473514100536382,1404,0.49999990048954679,1
47.747571070910325,-225.36050330145292,162.95001155403918,0.0020338080395332879,-0.0020338080395332879,1404.5,0.49999996627414256,1
47.893835259698839,-225.83863166505671,163.0426777403041,0.0044355191295320376,-0.0044355191295320376,1405,0.49999994500439421,1
48.039038683855608,-226.31708312513425,163.2041479503232,0.0068372063942054662,-0.0068372063942054662,1405.5,0.49999983403714965,1
48.182946256766719,-226.79592604905534,163.29697729207794,0.0015489757096533681,0.0015489757096533681,1406,0.49999993533046394,1
48.327225259424935,-227.27465702466773,163.1132722295996,0.011276158701426958,0.011276158701426958,1406.5,0.49999977761879383,1
48.47407884284209,-227.75260366537918,162.71753133576283,0.013939317895067183,0.013939317895067183,1407,0.49999896632875179,1
48.624243016063254,-228.22952061862978,162.33252424071043,0.01293939128745167,0.01293939128745167,1407.5,0.49999905921614002,1
48.777436509133395,-228.70547342306284,162.01930686085561,0.0051627631651436912,0.0051627631651436912,1408,0.49999931836626488,1
48.931754743353743,-229.18106338726363,162.10410178408637,0.011083070083822701,-0.011083070083822701,1408.5,0.49999993146139327,1
49.083445167123024,-229.65749609300573,162.63711262332345,0.021941222669824536,-0.021941222669824536,1409,0.49999810776046061,1
49.230350585758977,-230.13542611542925,163.15258271727987,0.014045856909173173,-0.014045856909173173,1409.5,0.49999830835549064,1
49.37389618424384,-230.61437718231667,163.44191466999411,0.0061177137556233715,-0.0061177137556233715,1410,0.49999946331668604,1
49.516082037696286,-231.0937342203944,163.46464871532373,0.0045308877890077341,0.0045308877890077341,1410.5,0.49999998687664743,1
49.659353358996356,-231.57276742669623,163.18230472403226,0.015180247004119615,0.015180247004119615,1411,0.49999948424661861,1
49.805666807557138,-232.05088003944192,162.87336187052159,0.00029218689427415267,0.00029218689427415267,1411.5,0.49999929569576285,1
49.952031914035786,-232.52897685172113,163.192955220394,0.022605352146616332,-0.022605352146616332,1412,0.49999930630556166,1
50.093343704201502,-233.00858816900239,163.93497749997513,0.016029099246633836,-0.016029099246633836,1412.5,0.49999603768841266,1
50.230998243668182,-233.48926596544609,163.95914002662238,0.014342246036005108,0.014342246036005108,1413,0.49999991622974832,1
50.372040903273529,-233.96895620660283,163.17668178439277,0.030256536125445082,0.030256536125445082,1413.5,0.49999575927156936,1
50.519699449027101,-234.44665322138331,162.55009648764172,0.013488855297682798,0.013488855297682798,1414,0.49999748405792033,1
50.670577659479619,-234.92334558031942,162.40204812669046,0.0015921993029290101,-0.0015921993029290101,1414.5,0.49999983945739757,1
50.821842726061412,-235.39991546382268,162.34419503343327,0.0056313593313249899,0.0056313593313249899,1415,0.4999999742303039,1
50.974448913215859,-235.87605714667291,162.0794036474561,0.012853895322713329,0.012853895322713329,1415.5,0.49999955050506156,1
51.12942041940471,-236.35143445640364,161.90994871938673,0.005413759918381258,-0.005413759918381258,1416,0.49999975433720861,1
51.28309774284088,-236.82723030633511,162.40275832520638,0.02899394472310864,-0.02899394472310864,1416.5,0.49999841054799127,1
51.430307343932448,-237.30506255326429,163.30606368261013,0.022053307500124904,-0.022053307500124904,1417,0.4999943228266992,1
51.572363031039977,-237.78445772141939,163.55474218975377,0.0046896967719462276,0.0046896967719462276,1417.5,0.49999954548983616,1
51.715480838527952,-238.26353578591397,163.09911856278345,0.019329316239343489,0.019329316239343489,1418,0.49999849869779084,1
51.862861279452382,-238.74131995764401,162.64890190262622,0.012101577515499614,0.012101577515499614,1418.5,0.49999870912116956,1
52.013130614540778,-239.21820437396863,162.40470326827227,0.0054781108498635073,0.0054781108498635073,1419,0.49999961960104011,1
52.164841766108658,-239.69463236031262,162.27923798954066,0.0032809600901510809,0.0032809600901510809,1419.5,0.49999989968183378,1
52.31733430332158,-240.17081089917269,162.21671975385158,0.0010836300515740434,0.0010836300515740434,1420,0.49999997477654351,1
52.470026300696126,-240.64692553725854,162.24122135539437,0.0030281487982872363,-0.0030281487982872363,1420.5,0.49999999466184486,1
52.62199704567383,-241.12327073690892,162.39068869230033,0.0074066949735780551,-0.0074066949735780551,1421,0.49999985655901957,1
52.772305806816249,-241.60014279142257,162.60707742897566,0.0053573126241189366,-0.0053573126241189366,1421.5,0.49999968005213496,1
52.921356212259298,-242.07740995088602,162.67839663366851,0.00037824142496326187,0.00037824142496326187,1422,0.49999996486504777,1
53.070495771314256,-242.55464923584151,162.58652788214653,0.0058911732681338237,0.0058911732681338237,1422.5,0.49999994317992941,1
53.221033487485883,-243.03144900777164,162.34466472093007,0.010994231056711228,0.010994231056711228,1423,0.49999962650265567,1
53.374186978047298,-243.50741440560552,161.96305520168124,0.013217770973870308,0.013217770973870308,1423.5,0.49999905160540464,1
53.530045712005062,-243.98250157132156,161.77490094536432,8.1930389695585354e-05,-8.1930389695585354e-05,1424,0.49999975997896656,1
53.685884981564641,-244.45759511020987,161.96774880968945,0.013381557098759201,-0.013381557098759201,1424.5,0.49999974863021052,1
53.839080806666026,-244.93354700688718,162.32745917114454,0.010229091703830205,-0.010229091703830205,1425,0.4999991687785374,1
53.989841049895425,-245.4102765193077,162.55167691913829,0.0054244016361413364,-0.0054244016361413364,1425.5,0.49999967895119041,1
54.139283425873856,-245.88742106077987,162.65295225555701,0.0023351548294589537,-0.0023351548294589537,1426,0.49999993719476327,1
54.288161214211172,-246.36474212053611,162.69210281135591,0.00039805686662608929,-0.00039805686662608929,1426.5,0.49999998994702621,1
54.436954575366109,-246.84208951144413,162.6668966060891,0.0029791227826858288,0.0029791227826858288,1427,0.49999999593047967,1
54.586483489434414,-247.31920683110113,162.50579216279695,0.0082681983948876287,0.0082681983948876287,1427.5,0.49999983285909638,1
54.737983045180577,-247.79570159819525,162.194628205691,0.012511621093997134,0.012511621093997134,1428,0.4999993784589819,1
54.892150412848757,-248.27134002977138,161.91319552234529,0.0071361109080072503,0.0071361109080072503,1428.5,0.4999994948456809,1
55.048014036971971,-248.74642573266743,161.7857534915415,0.0017611127398739961,0.0017611127398739961,1429,0.49999989442104747,1
55.204315943233489,-249.22136752910782,161.80423974301931,0.0029877045991592152,-0.0029877045991592152,1429.5,0.49999999590700961,1
55.35990816103056,-249.69654214131853,161.95683448330058,0.0076654448736654425,-0.0076654448736654425,1430,0.49999985032858552,1
55.513742624167492,-250.1722884445511,162.20748540273547,0.0084815172629035471,-0.0084815172629035471,1430.5,0.4999995870879127,1
55.665568329648629,-250.64867970611493,162.43236152647597,0.0072178209987505655,-0.0072178209987505655,1431,0.4999996789391225,1
55.815693476782734,-251.1256097218145,162.60013406368435,0.0016461842004081826,-0.0016461842004081826,1431.5,0.49999979967718433,1
55.965572208452031,-251.60261726897841,162.44702289128344,0.012335679871994291,0.012335679871994291,1432,0.49999983425809702,1
56.118384692822602,-252.07869122080305,161.90572209837495,0.020340061420806577,0.020340061420806577,1432.5,0.4999980629816887,1
56.275007031675486,-252.55352713731443,161.71522441421277,0.007039832848109241,-0.007039832848109241,1433,0.49999970463686372,1
56.429956196484504,-253.0289095650167,162.30916257999212,0.034426807383454473,-0.034426807383454473,1433.5,0.49999769623781043,1
56.578135728162096,-253.50644379054276,163.06346988143343,0.0091679902841276476,-0.0091679902841276476,1434,0.49999611014183026,1
56.724138329605019,-253.98465160201428,162.80754362702342,0.027037421410444351,0.027037421410444351,1434.5,0.49999947058020205,1
56.875869169705766,-254.461067520011,161.92189626053477,0.018703288201706719,0.018703288201706719,1435,0.49999437472669028,1
57.03192057171065,-254.93609156435085,161.86608407730199,0.014805993205419447,-0.014805993205419447,1435.5,0.49999988276866097,1
57.184582995877115,-255.41221111477981,162.64001164553216,0.023707039042602289,-0.023707039042602289,1436,0.49999564203406638,1
57.332256712588887,-255.88990569404342,162.84525604163855,0.0093771889893744364,0.0093771889893744364,1436.5,0.4999996376651773,1
57.482166162438098,-256.36690000717567,162.10961112331449,0.036791823670709968,0.036791823670709968,1437,0.49999641790177068,1
57.638829508370733,-256.84172034707143,161.52802843151096,0.0038132316900766536,0.0038132316900766536,1437.5,0.49999775913250943,1
57.796398422030734,-257.31624232410485,161.89106892412897,0.029160723079312147,-0.029160723079312147,1438,0.49999906923883081,1
57.948423662337667,-257.7925664374082,162.64440107631106,0.01940693732561375,-0.01940693732561375,1438.5,0.49999633459116721,1
58.09582214600514,-258.27034554989547,162.99704852960136,0.0052137415832187624,-0.0052137415832187624,1439,0.49999919331594228,1
58.241914194014008,-258.74852658436708,162.97816585536413,0.0050481738637426629,0.0050481738637426629,1439.5,0.4999999882197716,1
58.389199108229981,-259.22634111739495,162.72069848447182,0.012926640840733396,0.012926640840733396,1440,0.49999957392806421,1
58.539495091800433,-259.70321623632509,162.29903558424607,0.010882262234957684,0.010882262234957684,1440.5,0.49999876173050972,1
58.692217932144935,-260.1793209051462,162.20285670856185,0.0041673803249335194,-0.0041673803249335194,1441,0.49999992163614326,1
58.843953831634771,-260.65574036658234,162.52721181090072,0.015369780131940491,-0.015369780131940491,1441.5,0.49999928642857944,1
58.992443169047277,-261.13318151309909,162.89665125042438,0.010421966262795252,-0.010421966262795252,1442,0.49999913171168303,1
59.138442702936231,-261.61139046840918,163.12435455633434,0.0054748948465659156,-0.0054748948465659156,1442.5,0.49999966883445424,1
59.283236751783882,-262.0899661305923,163.1681588810367,0.0027962803020514207,0.0027962803020514207,1443,0.49999998101570559,1
59.42869993504268,-262.56833856893184,162.96343414258823,0.011496194457594686,0.011496194457594686,1443.5,0.49999972744661936,1
59.576433443654153,-263.04601461708853,162.72577358348823,0.0011681998530114134,0.0011681998530114134,1444,0.49999959654909104,1
59.724437601636303,-263.52360704889878,162.91113166975799,0.014108906675126463,-0.014108906675126463,1444.5,0.49999976170237787,1
59.869249276865446,-264.002175564911,163.40138643556628,0.010430503245547881,-0.010430503245547881,1445,0.49999824579772911,1
60.011770165137726,-264.4814330526429,163.3637775697234,0.013056496403965714,0.013056496403965714,1445.5,0.49999994314100854,1
60.157361712579096,-264.95976365465634,162.71675515643761,0.022116343358682872,0.022116343358682872,1446,0.49999706350029272,1
60.307613913635919,-265.43665323044854,162.41950359181379,0.0013629770655377565,-0.0013629770655377565,1446.5,0.49999939142131361,1
60.457542213461771,-265.91364439188072,162.79001655052528,0.021152971484871552,-0.021152971484871552,1447,0.49999906317221426,1
60.603624289796791,-266.39182757917342,163.15418549560371,0.0042708862383645076,-0.0042708862383645076,1447.5,0.49999913363500542,1
60.748685089360478,-266.87032235358447,163.03473214998326,0.012610445657468107,0.012610445657468107,1448,0.49999988470872153,1
60.896216460609025,-267.34806031118387,162.6534587180596,0.011925212944221856,0.011925212944221856,1448.5,0.49999906163284402,1
61.046592552537696,-267.82491088177517,162.35547695822274,0.0088779420592797458,0.0088779420592797458,1449,0.49999943569666588,1
61.198987391285407,-268.30112053514421,162.19698372971976,0.00037692566133534831,0.00037692566133534831,1449.5,0.49999982083876948,1
61.351460128358823,-268.77730527992878,162.34676609685908,0.010833993149055183,-0.010833993149055183,1450,0.49999984671618691,1
61.501422818451417,-269.25428537943168,162.75682076116624,0.012060930447085269,-0.012060930447085269,1450.5,0.49999882374021604,1
61.648683299225006,-269.73210768294035,162.92713687187847,0.00017030290646121351,0.00017030290646121351,1451,0.49999980292796509,1
61.795975943685647,-270.20992006560607,162.76002076729708,0.0085759946304732101,0.0085759946304732101,1451.5,0.49999979614085782,1
61.945029625334257,-270.6871859891682,162.57088818104279,0.0046279133157265595,0.0046279133157265595,1452,0.49999976180656042,1
62.095187344600461,-271.16410593123226,162.49483313322986,0.00077112343412829643,0.00077112343412829643,1452.5,0.49999997179361133,1
62.245689503253651,-271.64091731481494,162.4675745651563,0.0011318835011038227,0.0011318835011038227,1453,0.49999999527330447,1
62.396461483914059,-272.11764344255238,162.4299810161267,0.001492640324571141,0.001492640324571141,1453.5,0.49999999101979264,1
62.547579149754398,-272.59426009699894,162.3868394887985,0.0014125087096645247,0.0014125087096645247,1454,0.49999998422486269,1
62.699033066462221,-273.07077001933703,162.34953813867554,0.0011916176862847268,0.0011916176862847268,1454.5,0.49999999497279807,1
62.850774768476839,-273.54718837431398,162.31607211800645,0.0012787058023467162,0.0012787058023467162,1455,0.49999999308922938,1
63.002822817730888,-274.02350904350351,162.27479680563044,0.0016028519270634796,0.0016028519270634796,1455.5,0.49999998917912641,1
63.155246042907805,-274.49970978537868,162.23151447342187,0.00035282286534463582,0.00035282286534463582,1456,0.49999998613580027,1
63.307693178526208,-274.97590286573222,162.28661331479299,0.0041994731746517692,-0.0041994731746517692,1456.5,0.49999997893484738,1
63.459140222976764,-275.4524147468627,162.47128295502449,0.0080192822761475154,-0.0080192822761475154,1457,0.49999978013126661,1
63.608956398338208,-275.92944193651738,162.6359796778089,0.0034787200566324897,-0.0034787200566324897,1457.5,0.49999982606974025,1
63.7579426705191,-276.40672914701599,162.6706007096281,0.0010616847370258837,0.0010616847370258837,1458,0.49999999060390921,1
63.906936018458488,-276.88401415628209,162.67764959061395,0.0026673115775808277,-0.0026673115775808277,1458.5,0.49999999780032633,1
64.05529172342105,-277.36149760429021,162.82591157735044,0.0076834034493583571,-0.0076834034493583571,1459,0.49999985831663718,1
64.201909858185218,-277.83951721175737,163.06184567377321,0.0064757895585590359,-0.0064757895585590359,1459.5,0.4999996225646397,1
64.346999778879891,-278.31800318662255,163.17737158374482,0.0015894982138844262,-0.0015894982138844262,1460,0.49999991322986037,1
64.491720041564193,-278.79660117657778,163.14199800511943,0.0054739938745509299,0.0054739938745509299,1460.5,0.49999999042060272,1
64.637817506704593,-279.27477989499022,162.8261146335484,0.016579329673233049,0.016579329673233049,1461,0.49999935606259638,1
64.787866234529162,-279.75173152795594,162.20765521124125,0.021019157117578596,0.021019157117578596,1461.5,0.49999748090409457,1
64.941971936719824,-280.22739018215555,162.0313020759902,0.0087064786402106572,-0.0087064786402106572,1462,0.49999972276258037,1
65.094004482295659,-280.70371269305798,162.70659531398448,0.038439049971392768,-0.038439049971392768,1462.5,0.4999970292978434,1
65.238751299759471,-281.18229869241281,163.45270023788163,0.0056276262805153073,-0.0056276262805153073,1463,0.49999619992992694,1
65.382157456450258,-281.66129064387798,163.01217891326496,0.036388203816223423,0.036388203816223423,1463.5,0.49999861534330897,1
65.533375420715942,-282.13786561719979,161.85986598944527,0.024945043402646153,0.024945043402646153,1464,0.49999057782457085,1
65.690378870431402,-282.61257570833379,161.73490476044924,0.016218462202130413,-0.016218462202130413,1464.5,0.49999975384694512,1
65.843751534321598,-283.08846575583925,162.60448616852028,0.028173557891023198,-0.028173557891023198,1465,0.49999451131339701,1
65.990865702406978,-283.56633193763133,163.05352924743249,0.0031773754927556402,-0.0031773754927556402,1465.5,0.49999866615021626,1
66.137217625829138,-284.04443299122926,162.79450687580501,0.01777603418589491,0.01777603418589491,1466,0.49999950294056433,1
66.287059629627677,-284.52145093216251,162.34960146277339,0.013283912420708583,0.013283912420708583,1466.5,0.49999874207297806,1
66.440066823528468,-284.99746370755742,162.03339714664796,0.0087914333478008519,0.0087914333478008519,1467,0.49999936372415105,1
66.594927803175594,-285.47287721791986,161.9369737576952,0.002450646718357717,-0.002450646718357717,1467.5,0.49999992885240352,1
66.749205957683586,-285.94847986952192,162.17416519505622,0.014108719165872816,-0.014108719165872816,1468,0.49999963116916596,1
66.900437128638316,-286.42505934408825,162.57818947391752,0.0084379631969164343,-0.0084379631969164343,1468.5,0.4999988626449699,1
67.049692217759855,-286.90226254080318,162.61832619980777,0.005635718514148195,0.005635718514148195,1469,0.49999997258362078,1
67.200198489052084,-287.37907198242806,162.32835779660559,0.0085601033933821822,0.0085601033933821822,1469.5,0.49999938132053734,1
67.352589992900619,-287.85528281773486,162.2305620389302,0.0017326414428832269,-0.0017326414428832269,1470,0.49999993010881455,1
67.504576418204167,-288.33162291160085,162.41491597980814,0.0079024066663511052,-0.0079024066663511052,1470.5,0.49999975850074863,1
67.655047216186659,-288.80844412469219,162.51446798229554,0.00095233211027485009,0.00095233211027485009,1471,0.4999999302993815,1
67.805745007639089,-289.28519355376318,162.36035586460014,0.0098065702688675468,0.0098065702688675468,1471.5,0.49999984246813201,1
67.957931030482186,-289.76147009571758,162.27396395137293,0.0049030284540151955,-0.0049030284540151955,1472,0.49999992996484099,1
68.108948583461355,-290.23811757196933,162.64211839595856,0.020799612062815675,-0.020799612062815675,1472.5,0.49999911792419305,1
68.255622652014196,-290.71611841191691,163.1704314409983,0.0094771464732809688,-0.0094771464732809688,1473,0.49999808537277274,1
68.400050984128441,-291.19480455174732,163.15482949737134,0.010566338443321459,0.010566338443321459,1473.5,0.49999996358304533,1
68.546853877937465,-291.6727661360066,162.679125458648,0.013976490697746606,0.013976490697746606,1474,0.49999836565566969,1
68.696798426164591,-292.14975291209123,162.48909204817613,0.00070932666544572113,-0.00070932666544572113,1474.5,0.49999975210258391,1
68.846594904380495,-292.62678614285187,162.69112071870711,0.0078679515659168999,-0.0078679515659168999,1475,0.49999968813572426,1
68.994960180086068,-293.10426674257945,162.7210420959828,0.0057791566651630346,0.0057791566651630346,1475.5,0.49999997815140407,1
69.144703287449857,-293.58131617623383,162.36388419700444,0.016627150703469255,0.016627150703469255,1476,0.49999916035221559,1
69.297566433960938,-294.0573754292061,162.10475195352501,0.0014640700980326422,0.0014640700980326422,1476.5,0.49999955390159162,1
69.450778117502622,-294.53332286872524,162.27999250510084,0.013698448291133321,-0.013698448291133321,1477,0.49999978515844878,1
69.601193673445138,-295.01016046933051,162.68093738807437,0.010820830745152842,-0.010820830745152842,1477.5,0.49999893681936536,1
69.749033708909323,-295.48780369078213,162.88813450737177,0.00364443992428307,-0.00364443992428307,1478,0.49999972308465118,1
69.895955973149114,-295.965730299276,162.91630531702856,0.00063362362227395929,0.00063362362227395929,1478.5,0.49999999483580365,1
70.043021201625734,-296.44361291878329,162.86025382845031,0.0032795133685958751,0.0032795133685958751,1479,0.49999997945402352,1
70.190865797043031,-296.92125490684282,162.73217243706711,0.0052397573805089406,0.0052397573805089406,1479.5,0.49999989315155424,1
70.339944603511853,-297.39851305710221,162.56975508303537,0.0060991304252190374,0.0060991304252190374,1480,0.49999983252715297,1
70.490476405838749,-297.8753148577859,162.38640640798792,0.0054302399340818517,0.0054302399340818517,1480.5,0.49999978064694306,1
70.642095300340543,-298.35177230166823,162.3484386540575,0.0027796013945935033,-0.0027796013945935033,1481,0.49999998500083809,1
70.793051787430187,-298.82843978145621,162.54566959865247,0.010989761739700557,-0.010989761739700557,1481.5,0.49999974728180374,1
70.941892050133319,-299.30577215033327,162.7912526699794,0.0058023957722349549,-0.0058023957722349549,1482,0.49999961417917171,1
71.089346952983192,-299.78353464489334,162.8779895535381,0.00025303500649726039,-0.00025303500649726039,1482.5,0.4999999495827217,1
71.236661613404749,-300.26134044484968,162.8446849150987,0.0016103301107694985,0.0016103301107694985,1483,0.49999999164703945,1
71.384357333422201,-300.73902858133624,162.79066059141263,0.0021612736323201893,0.0021612736323201893,1483.5,0.49999998145147867,1
71.532538799777214,-301.21656625952016,162.74073621399847,0.00018781627041560854,0.00018781627041560854,1484,0.49999998105641175,1
71.680748448986307,-301.69409519160865,162.79322314689836,0.0038521059356537491,-0.0038521059356537491,1484.5,0.49999998110025529,1
71.828045552552481,-302.1719062342824,162.95281999782361,0.0059719574426671355,-0.0059719574426671355,1485,0.49999982921993114,1
71.973994170884808,-302.6501309448492,163.09407973667243,0.003889843903220357,-0.003889843903220357,1485.5,0.49999987298979098,1
72.119012481980704,-303.12863867397755,163.17550096057292,0.0016789007642238878,-0.0016789007642238878,1486,0.49999995738867736,1
72.26366476382276,-303.60725722396995,163.17597189189831,0.001646029718305706,0.001646029718305706,1486.5,0.49999999903894543,1
72.408710890088983,-304.08575650639824,163.08119052495516,0.0049709403353062342,0.0049709403353062342,1487,0.49999994202922038,1
72.555012638324015,-304.56387312551027,162.86567545035624,0.010182334501346006,0.010182334501346006,1487.5,0.49999970300765578,1
72.703746492954878,-305.04123816265809,162.49769590521024,0.015507214246860067,0.015507214246860067,1488,0.49999913820375103,1
72.855757518449195,-305.51756992041567,162.19146166921047,0.00033261352674048651,-0.00033261352674048651,1488.5,0.49999929531976112,1
73.007659235096511,-305.99393635849731,162.55366251215042,0.024956348735443636,-0.024956348735443636,1489,0.49999911485020776,1
73.153888433456899,-306.47206991079929,163.42146560502749,0.022319094091449145,-0.022319094091449145,1489.5,0.49999467226165029,1
73.295021544806701,-306.95173754565019,163.65083056389895,0.0063041116329378352,0.0063041116329378352,1490,0.49999959504256625,1
73.43761232888383,-307.43097219578658,163.12195774074496,0.020987659648677506,0.020987659648677506,1490.5,0.49999798159100534,1
73.584632182562316,-307.9088678878889,162.75672931905618,0.0045103067402993205,0.0045103067402993205,1491,0.49999912990484413,1
73.732731087661975,-308.38643109889381,162.8592287152162,0.0094727084477562919,-0.0094727084477562919,1491.5,0.49999990619702517,1
73.879129195995574,-308.86451823703726,163.06951798617339,0.0052081545811041218,-0.0052081545811041218,1492,0.49999971778177171,1
74.024281902801832,-309.34298520648741,163.15763279499248,0.00094343750028809989,-0.00094343750028809989,1492.5,0.4999999491479945,1
74.169235787618803,-309.82151248509609,163.11298630102317,0.00413150932369375,0.00413150932369375,1493,0.49999998509616139,1
74.315177848704593,-310.29973908215419,162.92081348437608,0.0092847332698581583,0.0092847332698581583,1493.5,0.49999976332767965,1
74.463142197451901,-310.777343684708,162.68155511706999,0.004443009957334626,0.004443009957334626,1494,0.49999960488064249,1
74.612152368579999,-311.25462343673786,162.68431303382721,0.0046355204447821909,-0.0046355204447821909,1494.5,0.49999999279730761,1
74.760110626006224,-311.73222997462312,162.91037393214845,0.0089267918917311211,-0.0089267918917311211,1495,0.49999965097123239,1
74.905971108527069,-312.21048126575755,163.16829366673485,0.009079417264080597,-0.009079417264080597,1495.5,0.49999957783278204,1
75.049676912473217,-312.68938442888771,163.41086626646205,0.0050141564199639617,-0.0050141564199639617,1496,0.49999959774371511,1
75.192339451903479,-313.16859980416569,163.37159855200403,0.0077557113361178803,0.0077557113361178803,1496.5,0.49999997605951352,1
75.336855394317553,-313.64725845124372,162.97549607888087,0.016119480988859677,0.016119480988859677,1497,0.49999895803330352,1
75.48445063894404,-314.1249773592541,162.77298733432247,0.0019812606148591318,-0.0019812606148591318,1497.5,0.49999971130690679,1
75.631572445652594,-314.60284189206857,163.08901891204809,0.020082262170310925,-0.020082262170310925,1498,0.4999993377307374,1
75.775173714404332,-315.0817759727417,163.44123839227336,0.0029493414505997284,-0.0029493414505997284,1498.5,0.49999917801664689,1
75.918068827738779,-315.56092181751848,163.25697925490365,0.015813474770067372,0.015813474770067372,1499,0.49999975398165891,1
76.064111441926002,-316.03911665795215,162.83141864520974,0.0077924207413937671,0.0077924207413937671,1499.5,0.49999875057446319,1
76.212000151219868,-316.51674507785373,162.83629565627172,0.0081328616104243395,-0.0081328616104243395,1500,0.49999997783428302,1
76.358163451019152,-316.99490353449045,163.16330726983173,0.0080594032413243005,-0.0080594032413243005,1500.5,0.49999921986081675,1
76.502476825950282,-317.47362434008835,163.23066126989136,0.0033571471295550034,0.0033571471295550034,1501,0.49999995989631579,1
76.647550538227918,-317.95211494857188,163.00746095139127,0.0087424099929825257,0.0087424099929825257,1501.5,0.49999964440082251,1
76.794605016381595,-318.4300006055368,162.79793170506684,0.0058855084957195741,0.0058855084957195741,1502,0.49999972067777437,1
76.943063441765688,-318.90745216685525,162.67295052771669,0.002226772907908459,0.002226772907908459,1502.5,0.49999989747293555,1
77.091992906815193,-319.38475710793881,162.69884214239812,0.004034385325340807,-0.004034385325340807,1503,0.4999999923427122,1
77.239959361124733,-319.86236118874308,162.90309567760431,0.0092543853287068347,-0.0092543853287068347,1503.5,0.49999972960175504,1
77.386210852662742,-320.34049336621018,163.03764042466037,0.00013868578300725866,-0.00013868578300725866,1504,0.49999987790651074,1
77.532429191463706,-320.81863569698055,162.91104232690583,0.0089769619011385565,0.0089769619011385565,1504.5,0.49999989107622111,1
77.680346237894796,-321.29625505382199,162.69622413070687,0.0050848024039022201,0.0050848024039022201,1505,0.49999970265444355,1
77.829476978538111,-321.77349711394726,162.62074119070121,0.00018492858409049093,0.00018492858409049093,1505.5,0.49999996175742778,1
77.978727034444091,-322.25070190695192,162.65009881771084,0.0014603335864180214,-0.0014603335864180214,1506,0.49999999365455838,1
78.127630894612466,-322.72801482735269,162.70095123135073,0.0020898313419186122,-0.0020898313419186122,1506.5,0.49999998355456138,1
78.27603501564397,-323.20548334600363,162.77038439805395,0.0027836701725048926,-0.0027836701725048926,1507,0.49999996944185288,1
78.423774139195956,-323.68315802563296,162.86070049722309,0.0035215899254379393,-0.0035215899254379393,1507.5,0.49999994818689031,1
78.570684575125725,-324.16108820297939,162.96259263844269,0.0028540530344679559,-0.0028540530344679559,1508,0.49999993060345288,1
78.716929908516605,-324.63922237472997,163.01254893007157,0.00063355574257343433,-0.00063355574257343433,1508.5,0.49999998373422483,1
78.863026655163566,-325.11740198378101,162.99580742172608,0.0022290789842718665,0.0022290789842718665,1509,0.49999999789303157,1
79.009678614344281,-325.59541150799464,162.87272163247312,0.0063639671472519024,0.0063639671472519024,1509.5,0.4999999023704762,1
79.15785038493884,-326.07295182618117,162.632119866827,0.01005028327279063,0.01005028327279063,1510,0.49999962909467854,1
79.308344318955434,-326.54976519839551,162.32881724481609,0.01112424276156028,0.01112424276156028,1510.5,0.49999941609785858,1
79.461487955598528,-327.02573401905249,161.99489174353377,0.011756528340002695,0.011756528340002695,1511,0.49999929168137391,1
79.616703749776789,-327.50103181482621,161.9228822241877,0.0067293239544271516,-0.0067293239544271516,1511.5,0.49999993742973459,1
79.770318951373525,-327.9768479675588,162.38049871376541,0.025218980076078406,-0.025218980076078406,1512,0.49999864136100436,1
79.919021465081002,-328.45422168540654,162.91281347244927,0.0071817275432869273,-0.0071817275432869273,1512.5,0.49999810407110179,1
80.066012937198622,-328.9321268540611,162.7818041560393,0.016328312351978035,0.016328312351978035,1513,0.49999984310202239,1
80.216248076797896,-329.40902069517142,162.29055901755899,0.010714659593925457,0.010714659593925457,1513.5,0.49999833285659406,1
80.36901268584495,-329.88511197274767,162.20233107532843,0.0045549605548539989,-0.0045549605548539989,1514,0.4999999303614755,1
80.5208650062185,-330.36149462384026,162.45217587089439,0.0087502928784403706,-0.0087502928784403706,1514.5,0.49999955746464197,1
80.670668327939168,-330.83852572110357,162.66834117732722,0.0063408951472018974,-0.0063408951472018974,1515,0.49999970295469243,1
80.818932223640942,-331.3160376596997,162.83523310142965,0.0068068078836645337,-0.0068068078836645337,1515.5,0.49999983427048045,1
80.965536360116161,-331.79406155119267,163.08160661052295,0.010393257611491034,-0.010393257611491034,1516,0.49999961366957507,1
81.109689858960436,-332.27282985128579,163.39320823833305,0.0062757214602355013,-0.0062757214602355013,1516.5,0.49999931640263734,1
81.252600758761787,-332.7519711537152,163.29974519583621,0.01280133609776455,0.01280133609776455,1517,0.49999991297577689,1
81.398558888913357,-333.23019043734712,162.68517646192356,0.024028570152785284,0.024028570152785284,1517.5,0.49999745898830827,1
81.5496150765061,-333.70682513448332,162.22010970069806,0.0084400942753925286,0.0084400942753925286,1518,0.49999860632223408,1
81.70268226585803,-334.18281926516033,162.2001500744415,0.0061960618072550901,-0.0061960618072550901,1518.5,0.49999997689506032,1
81.854539084381912,-334.65920046344309,162.46852877799475,0.012540460670447246,-0.012540460670447246,1519,0.4999995394092937,1
82.003405684311687,-335.13652367268554,162.91865809139759,0.018883877215323572,-0.018883877215323572,1519.5,0.49999871065450713,1
82.148877171846749,-335.61489351152881,163.1300153637828,0.0055084840889932461,0.0055084840889932461,1520,0.49999965640047594,1
82.295665500679974,-336.09285936756464,162.60204088923481,0.031353130599410334,0.031353130599410334,1520.5,0.49999817301438354,1
82.448607434154241,-336.56889012663908,161.87294183511528,0.014626264894899104,0.014626264894899104,1521,0.49999651858770799,1
82.605024873784046,-337.04379377819242,161.7731299762996,0.0076571622267312999,-0.0076571622267312999,1521.5,0.49999989367903597,1
82.760332899429869,-337.51906114383354,161.99141626714581,0.0020500140292577409,-0.0020500140292577409,1522,0.49999965167332866,1
82.91516455770531,-337.99448416803409,161.87096581596546,0.010459093887612521,0.010459093887612521,1522.5,0.49999989434431036,1
83.072020443160966,-338.46924280635744,161.62372451543459,0.00048221493714481484,0.00048221493714481484,1523,0.4999995334645026,1
83.228963339209642,-338.94397271289432,161.87872137490234,0.018284795217462534,-0.018284795217462534,1523.5,0.49999955678046326,1
83.382075951376223,-339.41995026996568,162.38739957002804,0.0068841707851404251,-0.0068841707851404251,1524,0.49999810683650947,1
83.533623195169397,-339.89643021306233,162.19587287513014,0.020256394118258695,0.020256394118258695,1524.5,0.49999970327460591,1
83.689514335637796,-340.37150342531038,161.51147916291029,0.01435298949483056,0.01435298949483056,1525,0.4999966046606889,1
83.848674660951062,-340.8454949048828,161.49843372457616,0.013441912557183893,-0.013441912557183893,1525.5,0.49999993186107089,1
84.005002501307175,-341.32042577976546,162.05085349741148,0.012490322061766059,-0.012490322061766059,1526,0.49999772958205968,1
84.158534542508207,-341.79627014669154,162.07221661300807,0.010998885166133404,0.010998885166133404,1526.5,0.49999994921063734,1
84.314450506526484,-342.27133691334018,161.5791918965771,0.013415088956044662,0.013415088956044662,1527,0.49999822060657378,1
84.473380393454008,-342.7454056126125,161.43312462663408,0.003217323173202787,-0.003217323173202787,1527.5,0.49999984058852204,1
84.631547258845515,-343.21972884190387,161.76343333637629,0.019379481942212316,-0.019379481942212316,1528,0.49999928315265652,1
84.786203077006746,-343.69520823616222,162.14218445158252,0.0070623753743479659,-0.0070623753743479659,1528.5,0.49999907645454794,1
84.939179168602138,-344.17123165782732,162.16809304822112,0.0052535460427195358,0.0052535460427195358,1529,0.49999998257355494,1
85.092820492946132,-344.64704071955504,162.05638237925351,0.0022633062480722234,0.0022633062480722234,1529.5,0.49999991976837949,1
85.247000186337289,-345.12267568376836,162.03849255423623,0.0010143700165026524,-0.0010143700165026524,1530,0.4999999970364043,1
85.400957998378928,-345.59838248896943,162.10119553112494,0.0025270090304704037,-0.0025270090304704037,1530.5,0.49999997240325761,1
85.554328766343616,-346.07427888028525,162.17249984717384,0.0024509751675761251,-0.0024509751675761251,1531,0.49999996773349159,1
85.707116214336281,-346.55036287025797,162.24162627952185,0.0023746662354403435,-0.0023746662354403435,1531.5,0.49999996977245692,1
85.859353770083345,-347.02662299101712,162.30296573980888,0.0019076334315478232,-0.0019076334315478232,1532,0.49999997600536006,1
86.011136994812219,-347.50302811071549,162.35092553645055,0.0014405912935735617,-0.0014405912935735617,1532.5,0.49999998538391388,1
86.16255891492024,-347.97954819398325,162.39692974512212,0.0023680650399916345,-0.0023680650399916345,1533,0.49999998764671061,1
86.313408900983177,-348.45624959191281,162.49300600616215,0.0043393289774741987,-0.0043393289774741987,1533.5,0.49999994108318135,1
86.463225000859978,-348.93327683354602,162.64326404238426,0.0050009597249616004,-0.0050009597249616004,1534,0.49999985304246219,1
86.612136493471425,-349.41058738097422,162.66115746235067,0.0037517579517940092,0.0037517579517940092,1534.5,0.49999999131798001,1
86.761943001086451,-349.88761742146181,162.42830313495557,0.012504466533941333,0.012504466533941333,1535,0.49999964925128049,1
86.914332543028607,-350.36382833626959,162.14286733970613,0.002101724313168235,0.002101724313168235,1535.5,0.49999940787505209,1
87.067199978146547,-350.83988640016418,162.33720302752329,0.015669723779024806,-0.015669723779024806,1536,0.49999973291852617,1
87.216408253127284,-351.31710137258364,162.96499669224187,0.018855276243553969,-0.018855276243553969,1536.5,0.49999723921641165,1
87.361527957111349,-351.79557804489042,163.18302878343445,0.0036327206413215001,0.0036327206413215001,1537,0.49999965442607608,1
87.507511134907375,-352.27379111189123,162.76903193633925,0.020537113454547465,0.020537113454547465,1537.5,0.49999882564836701,1
87.657510328938002,-352.7507599589452,162.38348628114204,0.006379161091295717,0.006379161091295717,1538,0.49999903926890599,1
87.809030417333886,-353.2272488285646,162.40349880182245,0.0076206209251621811,-0.0076206209251621811,1538.5,0.49999998005867163,1
87.959628944046955,-353.70402972531423,162.49529240390649,0.0012123170988967734,0.0012123170988967734,1539,0.49999993975352519,1
88.110516425149228,-354.18071913808041,162.33403307055357,0.010045749056625204,0.010045749056625204,1539.5,0.49999982819672228,1
88.263388444324619,-354.65677562018857,162.10095952900187,0.0033073511656202563,0.0033073511656202563,1540,0.49999962840382256,1
88.417042612463888,-355.13258059008746,162.15417337850204,0.0070224217240137917,-0.0070224217240137917,1540.5,0.49999997276705216,1
88.569137458854996,-355.60888577140963,162.42563865921505,0.0069699411940780049,-0.0069699411940780049,1541,0.49999946805280188,1
88.71965770582527,-356.08569141547912,162.48855757761839,0.0025773177117145167,0.0025773177117145167,1541.5,0.49999996696450882,1
88.870766127787689,-356.56231076082787,162.30663395041285,0.0060248908312200413,0.0060248908312200413,1542,0.4999997555485855,1
89.023085915589988,-357.0385445935014,162.26358643563435,0.0030196081972081283,-0.0030196081972081283,1542.5,0.49999998113905558,1
89.17469107268218,-357.51500611596998,162.47139820912889,0.0092340465419806696,-0.0092340465419806696,1543,0.49999970604994137,1
89.324374256342892,-357.99207498049827,162.66626047292249,0.0043699282697798056,-0.0043699282697798056,1543.5,0.49999975697306115,1
89.4730147649137,-358.46946997167129,162.72177938698985,0.00049394534281640111,0.00049394534281640111,1544,0.49999997838527005,1
89.621701208398321,-358.94685065958186,162.66614670941854,0.0032172129360610396,0.0032172129360610396,1544.5,0.4999999796660719,1
89.771155304657754,-359.42399148553363,162.53766302366733,0.0057526471062421224,0.0057526471062421224,1545,0.49999989467865802,1
89.92191015894818,-359.90072285429881,162.37685896826372,0.0038565707100853275,0.0038565707100853275,1545.5,0.4999998240568112,1
90.073570597615415,-360.37716707527159,162.33000445956861,0.00058549120099352797,-0.00058549120099352797,1546,0.49999998435509768,1
90.225103380362967,-360.85365189238411,162.39725122285574,0.0021977925218477638,-0.0021977925218477638,1546.5,0.49999996518596795,1
90.376219219300012,-361.33026914093455,162.39893941947227,0.0020799392408165861,0.0020799392408165861,1547,0.49999999839343873,1
90.527830614541472,-361.80672888527533,162.27810422466393,0.0062134516246709209,0.0062134516246709209,1547.5,0.49999990314434045,1
90.6804628419777,-362.28286266018,162.21056440387974,0.0014982536572045139,-0.0014982536572045139,1548,0.49999996845711214,1
90.832738301690284,-362.75911052621308,162.36394907197769,0.0092100528003052854,-0.0092100528003052854,1548.5,0.49999984553171467,1
90.983032428731903,-363.23598703553409,162.62061137628757,0.004364137060407983,-0.004364137060407983,1549,0.49999952976517847,1
91.132317353343268,-363.71318090590017,162.5810873738867,0.0071235306925016648,0.0071235306925016648,1549.5,0.49999997863117907,1
91.283286975397175,-364.18984362031983,162.23220935946608,0.013130420587188014,0.013130420587188014,1550,0.49999917010032957,1
91.437020867574546,-364.66562250736456,162.00354117314166,0.0028338193121620297,0.0028338193121620297,1550.5,0.49999965896140508,1
91.591431297415582,-365.1411825815041,162.06576301827965,0.0061514455971430322,-0.0061514455971430322,1551,0.49999996495929416,1
91.744493282846918,-365.61717803325269,162.30292921960708,0.010405896844388102,-0.010405896844388102,1551.5,0.49999964146939629,1
91.89507989723532,-366.09396190725437,162.65438696521744,0.011376901646101162,-0.011376901646101162,1552,0.49999919094035922,1
92.043430021889066,-366.57144715348318,162.749698243007,0.0047227571065209866,0.0047227571065209866,1552.5,0.49999991985096232,1
92.192907090155245,-367.04857997958703,162.38376072962672,0.020825296708555121,0.020825296708555121,1553,0.49999912768254245,1
92.346863938783798,-367.52428470227676,161.80761231864921,0.011539076296290047,0.011539076296290047,1553.5,0.49999769442362968,1
92.503520492708475,-367.99910959574805,161.77302783050104,0.0091242290480707585,-0.0091242290480707585,1554,0.49999995534757818,1
92.658195935798204,-368.47458216172248,162.20966268032743,0.0147442817819566,-0.0147442817819566,1554.5,0.49999865368749846,1
92.809452786363408,-368.95115393460594,162.54346771745659,0.0085598256582098305,-0.0085598256582098305,1555,0.4999992895516841,1
92.958671634485029,-369.4283683300319,162.6976945075005,0.0019873831479771866,-0.0019873831479771866,1555.5,0.49999984383648377,1
93.107422694519826,-369.90572889107904,162.65323256808625,0.0050915055001644876,0.0050915055001644876,1556,0.49999998310471111,1
93.257375649525287,-370.38271290071782,162.42314461628905,0.0076945767852190589,0.0076945767852190589,1556.5,0.49999963416582721,1
93.408902349382601,-370.85919963504909,162.34065111449158,0.0019353406226255492,-0.0019353406226255492,1557,0.49999994876332837,1
93.559968292758967,-371.33583244582292,162.53186496811827,0.0095019168045297701,-0.0095019168045297701,1557.5,0.49999975555428561,1
93.709662514707588,-371.81289806987792,162.53753649518208,0.0091061090061482185,0.0091061090061482185,1558,0.49999996973978983,1
93.861526863312264,-372.28927546642592,162.0100732297264,0.027718122390874879,0.027718122390874879,1558.5,0.49999820431575098,1
94.018707631184569,-372.76392507618561,161.47220472155931,0.0048893995727189565,0.0048893995727189565,1559,0.49999804583013896,1
94.177045700348927,-373.23819138565824,161.73948410073274,0.023550694009955461,-0.023550694009955461,1559.5,0.4999994764472071,1
94.330392635284625,-373.71409133179071,162.48683815314638,0.016213735913582512,-0.016213735913582512,1560,0.49999604116739049,1
94.479968363289899,-374.19119403880376,162.5741412912393,0.01011815185244542,0.01011815185244542,1560.5,0.49999989144747226,1
94.631850268753681,-374.66756525601647,162.00426778132609,0.019049677331076813,0.019049677331076813,1561,0.49999764979050998,1
94.787862048193659,-375.14260187036064,161.72060037385455,0.00075462534006179272,0.00075462534006179272,1561.5,0.49999946029130177,1
94.944056989552891,-375.6175784536058,161.95119477703213,0.012715699811232384,-0.012715699811232384,1562,0.49999961433731699,1
95.098078219325799,-376.09326460490479,162.09155647368715,0.0029166329455498192,0.0029166329455498192,1562.5,0.49999985375838057,1
95.252792865632244,-376.56872517844874,161.78407251118682,0.018549885664281663,0.018549885664281663,1563,0.49999937877608952,1
95.410966196740489,-377.0430460609266,161.42178622965275,0.0026776102147410383,0.0026776102147410383,1563.5,0.49999910222764338,1
95.569771538337605,-377.5171563083158,161.63927620429388,0.01786210559263093,-0.01786210559263093,1564,0.49999966319911698,1
95.724693531615102,-377.99254740230145,162.22810966246587,0.012971564847446056,-0.012971564847446056,1564.5,0.4999975162357766,1
95.876641334785276,-378.46890000663126,162.28277482083689,0.0091547950028190977,0.0091547950028190977,1565,0.49999993854002517,1
96.030715957609559,-378.94456699759075,161.76431658428544,0.017437838208355493,0.017437838208355493,1565.5,0.49999807568320331,1
96.18833642446647,-379.41907259337268,161.59503682889994,0.0056194922715192223,-0.0056194922715192223,1566,0.49999977200049411,1
96.344622493245879,-379.89401794468068,162.08627447471753,0.028241077234664947,-0.028241077234664947,1566.5,0.49999842202111955,1
96.49579221460192,-380.37061612063849,162.62821098158787,0.0095936017733090628,-0.0095936017733090628,1567,0.4999981059775816,1
96.644674484737607,-380.8479357610106,162.63600327792614,0.0090493526970067892,0.0090493526970067892,1567.5,0.49999996944572062,1
96.795402140626535,-381.32467496603124,162.27617884996843,0.010527542060132091,0.010527542060132091,1568,0.49999909585266128,1
96.948603448970388,-381.80062568540626,162.07070246603104,0.0038174236404673254,0.0038174236404673254,1568.5,0.49999972815179433,1
97.102714787758742,-382.2762827996317,162.0558039713398,0.0025951646531456002,-0.0025951646531456002,1569,0.49999999505641357,1
97.256215734557088,-382.75213707867493,162.21527147722628,0.0085378101170413539,-0.0085378101170413539,1569.5,0.49999983555171651,1
97.407684656148788,-383.22864151265219,162.5416738170079,0.012119343607122057,-0.012119343607122057,1570,0.49999930980765983,1
97.556968568958197,-383.70583564200052,162.62823874121233,0.0060757926894115825,0.0060757926894115825,1570.5,0.49999992370819568,1
97.707701181230746,-384.18257294029712,162.19352587089543,0.0242733358676454,0.0242733358676454,1571,0.49999877198813802,1
97.863400030630515,-384.65771036889549,161.62039743428085,0.0074698017971641783,0.0074698017971641783,1571.5,0.49999770775423158,1
98.020849238357599,-385.13227276851467,161.8021349309675,0.020159160720098546,-0.020159160720098546,1572,0.49999972414611865,1
98.17371162068423,-385.60832780133677,162.61672681774047,0.024131951969415189,-0.024131951969415189,1572.5,0.49999530218375726,1
98.321121969125016,-386.08610317141853,162.98044539644539,0.0012624778554388722,-0.0012624778554388722,1573,0.49999911508341216,1
98.468224450532503,-386.56397375598158,162.70289515651035,0.01570470473808085,0.01570470473808085,1573.5,0.4999994356265523,1
98.618234036246193,-387.04093987616238,162.44285391367595,0.0024493104225349624,0.0024493104225349624,1574,0.49999955560612536,1
98.768827716991566,-387.51772225536371,162.56256715629937,0.010807004755303011,-0.010807004755303011,1574.5,0.49999989379730392,1
98.9173669645742,-387.99514826107821,162.83519706745329,0.0050222313465645048,-0.0050222313465645048,1575,0.49999949900467094,1
99.064711345320035,-388.47294489688176,162.84104212622913,0.0046141145955368324,0.0046141145955368324,1575.5,0.49999999172255694,1
99.213047316903243,-388.95043432508368,162.64647330614375,0.0041840495838362064,0.0041840495838362064,1576,0.49999971451004971,1
99.362299999318154,-389.42763829305716,162.66342273553329,0.0053673886315089084,-0.0053673886315089084,1576.5,0.4999999902576806,1
99.5102758272984,-389.90523919623934,162.9445661602179,0.011089562400344376,-0.011089562400344376,1577,0.49999946838658971,1
99.656104755980351,-390.38350041422524,163.08030224024401,0.0016132310090489453,0.0016132310090489453,1577.5,0.49999986906986771,1
99.802319359447395,-390.86164364101717,162.85212966196684,0.014316461704667572,0.014316461704667572,1578,0.49999965559390391,1
99.951365966685088,-391.33891120602004,162.50973199540684,0.0064246921116203337,0.0064246921116203337,1578.5,0.49999921973223277,1
100.10194170451088,-391.81569934922271,162.49223098608763,0.005202822737875137,-0.005202822737875137,1579,0.49999998632042897,1
100.25134193589506,-392.29285662791744,162.76185221699802,0.010572249461205647,-0.010572249461205647,1579.5,0.49999949774875674,1
100.39827390836219,-392.77077968072587,163.056519498738,0.0099993580583647278,-0.0099993580583647278,1580,0.49999944893849863,1
100.54281889981809,-393.24943014157031,163.32653375347479,0.0063464677024028587,-0.0063464677024028587,1580.5,0.49999951822135796,1
100.68619857275158,-393.72843141422726,163.26389382168145,0.010719925213234855,0.010719925213234855,1581,0.49999994981748486,1
100.83214313700901,-394.20665544952107,162.71228955413093,0.027789019784529297,0.027789019784529297,1581.5,0.49999804376515683,1
100.98356785834758,-394.6831724899821,162.16577322957417,0.0037997446710530528,0.0037997446710530528,1582,0.49999793607794607,1
101.13589011142854,-395.15940466089512,162.51247707795267,0.028008028533113443,-0.028008028533113443,1582.5,0.49999914939546425,1
101.28190468623075,-395.63760192880977,163.51289207247612,0.025716454204651667,-0.025716454204651667,1583,0.49999288304505618,1
101.4220328786956,-396.11756395409833,163.77930810146034,0.007113747195614111,0.007113747195614111,1583.5,0.49999945604226603,1
101.56385158515872,-396.59702675376599,163.13460566666643,0.028929033565318184,0.028929033565318184,1584,0.49999712175973515,1
101.71131912863193,-397.07478398817739,162.68408389966675,0.0025242260013016815,0.0025242260013016815,1584.5,0.49999865140863359,1
101.85938975978689,-397.55235537957435,162.98997367839456,0.02388081514001628,-0.02388081514001628,1585,0.49999934569103377,1
102.00299673436552,-398.03128667291554,163.49927380384852,0.0026462175448821032,-0.0026462175448821032,1585.5,0.49999814688565924,1
102.1459860076135,-398.51040359182196,163.11139564904161,0.02972416009047156,0.02972416009047156,1586,0.49999895424526591,1
102.29560196573416,-398.9874862831619,162.13162535046752,0.016303091965189365,0.016303091965189365,1586.5,0.49999282924910909,1
102.44868987164325,-399.4634726524622,162.4834904629594,0.040885776244509092,-0.040885776244509092,1587,0.49999893069416951,1
102.59201366021583,-399.94246427299032,164.45067804609346,0.082617808104889251,-0.082617808104889251,1587.5,0.49997468026586139,1
102.71940030282323,-400.42595487597879,165.63435214690696,7.5479590703648525e-05,-7.5479590703648525e-05,1588,0.4999905198030648,1
102.84676942079186,-400.9094501577502,164.45466643970926,0.082502296248616935,0.082502296248616935,1588.5,0.49999057961857857,1
102.99141737369935,-401.38803105746643,162.10421164827022,0.055717257369973565,0.055717257369973565,1589,0.49996270646272056,1
103.1492803451642,-401.86245237979693,161.37496776589239,0.0047639244495184139,-0.0047639244495184139,1589.5,0.49999630882790752,1
103.30617420374843,-402.33719331033092,162.22156726778843,0.036407160181171752,-0.036407160181171752,1590,0.49999463395692473,1
103.45513789904723,-402.81448315096338,163.0353912124686,0.020403049186191385,-0.020403049186191385,1590.5,0.49999577447018423,1
103.59922574876369,-403.29327106692915,163.39178933444811,0.0056672469379456941,-0.0056672469379456941,1591,0.49999917691007767,1
103.74138410700252,-403.7726360356304,163.58118963852988,0.0075551187177073488,-0.0075551187177073488,1591.5,0.49999977203505586,1
103.8817306305001,-404.25253443830701,163.82464347118017,0.0094406467443500178,-0.0094406467443500178,1592,0.49999962354927852,1
104.02017088350793,-404.73298646697862,163.92662304765756,0.009360075520955002,0.009360075520955002,1592.5,0.49999985550751347,1
104.16090712923668,-405.21276788410341,163.23614593580447,0.03885053543365969,0.03885053543365969,1593,0.4999968990704855,1
104.31086001732801,-405.68973748864443,161.7973942763287,0.043414740361490824,0.043414740361490824,1593.5,0.49998587210334366,1
104.46972777046101,-406.16382601090453,161.44873849411505,0.019064908601794488,-0.019064908601794488,1594,0.49999888992306279,1
104.62406226230196,-406.63939653587397,162.89106560215419,0.081654315879351499,-0.081654315879351499,1594.5,0.49998645940816866,1
104.7626578985294,-407.11978336254083,164.62519535419378,0.028375271002362642,-0.028375271002362642,1595,0.49998025322640716,1
104.8944298319789,-407.60210658430879,164.50183335611592,0.036988991852012917,0.036988991852012917,1595.5,0.49999953270142189,1
105.03449944801406,-408.08206753884997,162.91153835739379,0.048458440939296119,0.048458440939296119,1596,0.49998201489685856,1
105.18572608776351,-408.55864463930777,162.05542048879425,0.011319568849226776,0.011319568849226776,1596.5,0.49999522922791717,1
105.33965053488797,-409.03436186108928,162.25910395120343,0.022588129138219254,-0.022588129138219254,1597,0.49999961052193348,1
105.48950416771228,-409.51137523666807,162.83793256643477,0.017820016401585054,-0.017820016401585054,1597.5,0.49999787174719001,1
105.63510209164322,-409.98970566852461,163.28005825832867,0.013045728390188622,-0.013045728390188622,1598,0.49999875749151323,1
105.77769541587767,-410.46894124110503,163.52484672480517,0.002239745890784121,-0.002239745890784121,1598.5,0.49999959014254852,1
105.91976124324935,-410.94833375461474,163.39735903902954,0.011140450774599998,0.011140450774599998,1599,0.49999988131594209,1
106.06448557726935,-411.42692882087357,162.90355036688371,0.018407508721820814,0.018407508721820814,1599.5,0.49999837030217303,1
106.21295470589568,-411.90437665277631,162.6351101746005,0.00033381321651858775,0.00033381321651858775,1600,0.49999951434345014,1
106.36150356532102,-412.38179974981739,162.88441248284965,0.017738690644390116,-0.017738690644390116,1600.5,0.49999957722468752,1
106.50650326189256,-412.86031172306474,163.32967493103291,0.0066953623815009721,-0.0066953623815009721,1601,0.49999862054501037,1
106.64991852751187,-413.33930230419099,163.23983627962906,0.01296794043823409,0.01296794043823409,1601.5,0.499999915220317,1
106.79640206949543,-413.8173608934739,162.62922832065595,0.022218604876982122,0.022218604876982122,1602,0.49999744285267489,1
106.94765976111431,-414.29393207613236,162.23344704032584,0.0054131395364211791,0.0054131395364211791,1602.5,0.49999898141331872,1
107.10021743866166,-414.77008971294561,162.30565706758193,0.0080211088311379544,-0.0080211088311379544,1603,0.49999994007420778,1
107.25104608186415,-415.24679733860307,162.60222012531477,0.012683094379554234,-0.012683094379554234,1603.5,0.49999943996997054,1
107.39884845969841,-415.72445127306923,163.03234762873859,0.017345260979463348,-0.017345260979463348,1604,0.49999882400308465,1
107.5429724806794,-416.20322826560357,163.38704180355217,0.0039179146845638394,-0.0039179146845638394,1604.5,0.49999914200321349,1
107.68616497934475,-416.68228541517504,163.24481338418096,0.01384806536110895,0.01384806536110895,1605,0.49999984422954996,1
107.83262721811425,-417.16035059828778,162.64195943058999,0.021096728264178861,0.021096728264178861,1605.5,0.49999750668376874,1
107.98371745567121,-417.63697493370955,162.25231301329592,0.0061065716027244674,0.0061065716027244674,1606,0.49999901700030008,1
108.13626263087473,-418.11313660794394,162.29204122819013,0.0088802148086521444,-0.0088802148086521444,1606.5,0.49999997048756756,1
108.28695008735924,-418.58988860695507,162.64812657744491,0.014293388976092759,-0.014293388976092759,1607,0.49999917810220512,1
108.43422896754471,-419.06770405370196,163.10580006842844,0.017657303510533004,-0.017657303510533004,1607.5,0.49999866969684381,1
108.57786122162558,-419.54662904595642,163.39207294691431,0.0031362799682361775,0.0031362799682361775,1608,0.49999937261789529,1
108.72225868737591,-420.02532288052259,162.90310353804389,0.031005785932710334,0.031005785932710334,1608.5,0.49999841536427281,1
108.87397089012076,-420.50174045368652,161.71662991004766,0.03600862614129715,0.03600862614129715,1609,0.49999029638694037,1
109.0332729131641,-420.97568329015212,161.34676748595555,0.010180246451405674,-0.010180246451405674,1609.5,0.49999894678164608,1
109.19021112123033,-421.45040941675722,162.2291582519791,0.037893703043069799,-0.037893703043069799,1610,0.49999449640223842,1
109.33920579533574,-421.9276901400516,162.98786847968324,0.015075887709938007,-0.015075887709938007,1610.5,0.49999630172649756,1
109.48459292716574,-422.40608586032471,163.10355403695033,0.0043711542873070344,0.0043711542873070344,1611,0.49999988327736838,1
109.63073062320387,-422.88425260017368,162.8727764032883,0.011740506446561456,0.011740506446561456,1611.5,0.49999965730101342,1
109.77966568677392,-423.36155452609523,162.44214415983322,0.015486569050924836,0.015486569050924836,1612,0.4999987816475529,1
109.93197470764542,-423.83779117299855,162.13191259173686,0.0061720440694366828,0.0061720440694366828,1612.5,0.49999938169216684,1
110.08575326205965,-424.31355596435048,162.08769184818476,0.0027934619462747605,-0.0027934619462747605,1613,0.49999998048788041,1
110.2389176244325,-424.78951863329416,162.27021748285927,0.009949455996277945,-0.009949455996277945,1613.5,0.49999978412902579,1
110.38971291199098,-425.26623639747606,162.65489645423349,0.015206060481026989,-0.015206060481026989,1614,0.49999904543552226,1
110.53739422520789,-425.74392847750073,162.93449392153528,0.0043137582538948921,-0.0043137582538948921,1614.5,0.49999949359150675,1
110.68404443286056,-426.22193862383932,162.90402779755232,0.0052409482793280213,0.0052409482793280213,1615,0.49999998340721141,1
110.83157093781978,-426.69967897152128,162.78485801075067,0.0030786138900968985,0.0030786138900968985,1615.5,0.49999990946875228,1
110.97983272697829,-427.17719171550698,162.72727951013485,0.0013899238394480512,0.0013899238394480512,1616,0.49999997879323371,1
111.12872990805811,-427.65450660685519,162.58980982146966,0.0082073932248797141,0.0082073932248797141,1616.5,0.49999987603625856,1
111.27958442358398,-428.13120589184041,162.25714550620773,0.014655007303704037,0.014655007303704037,1617,0.49999929315946401,1
111.43334639693138,-428.60697548758833,161.96534044062258,0.0057168466284362616,0.0057168466284362616,1617.5,0.49999945268552631,1
111.58846787592896,-429.08230412306801,161.92958569473987,0.0032205932510832578,-0.0032205932510832578,1618,0.49999998495337233,1
111.74298086051529,-429.55783074390695,162.09248976723941,0.00811238915512477,-0.00811238915512477,1618.5,0.49999982953224292,1
111.89556361565845,-430.03397979869226,162.39439020039089,0.012964219295988431,-0.012964219295988431,1619,0.49999941953968396,1
112.04525710547139,-430.5110448200395,162.75364647658745,0.011372925720241775,-0.011372925720241775,1619.5,0.49999917548474493,1
112.19223589348442,-430.98895349126423,163.04462729137555,0.0089415208506929099,-0.0089415208506929099,1620,0.49999946215727209,1
112.33728255868628,-431.46745253857472,163.17760603340446,0.00086065670455536805,0.00086065670455536805,1620.5,0.49999987336321366,1
112.48253663281987,-431.9458885575342,162.99194914331639,0.012100768098050949,0.012100768098050949,1621,0.49999977029015419,1
112.63047831379887,-432.4234994491523,162.58298338743896,0.014086302964244511,0.014086302964244511,1621.5,0.49999890476192865,1
112.78177200753214,-432.90005927759154,162.19647813242887,0.012896973205516773,0.012896973205516773,1622,0.49999905184458959,1
112.93591811245335,-433.37570469930051,161.96216170576577,0.00067399289570838766,-0.00067399289570838766,1622.5,0.49999958885492074,1
113.0898763364664,-433.85141075342887,162.26483047045332,0.020457509756083212,-0.020457509756083212,1623,0.49999938467524147,1
113.23927583111809,-434.32856546423602,162.93196421362904,0.01512402477252393,-0.01512402477252393,1623.5,0.49999682703757298,1
113.38521278292791,-434.80679377249254,163.00890236705015,0.0097520160569042214,0.0097520160569042214,1624,0.49999990872142397,1
113.53328266267096,-435.28436421601776,162.51739269078104,0.014129500634593591,0.014129500634593591,1624.5,0.49999821781282333,1
113.6845047395361,-435.76094756628106,162.35418975819786,0.0027355421142845698,-0.0027355421142845698,1625,0.49999980627955709,1
113.83514407385897,-436.2377151035252,162.61380297843567,0.0094396806086738862,-0.0094396806086738862,1625.5,0.49999949361482793,1
113.983727345353,-436.71512775745327,162.77466756181403,0.0017908230632033197,-0.0017908230632033197,1626,0.49999983069848403,1
114.13188065249487,-437.19267416631703,162.71997532586821,0.0048570405215706252,0.0048570405215706252,1626.5,0.49999997503574467,1
114.28112525480358,-437.66988042775165,162.5289443339669,0.0084795028242856934,0.0084795028242856934,1627,0.4999997672706355,1
114.43238717696055,-438.14645076809944,162.24149945438012,0.009757527346903782,0.009757527346903782,1627.5,0.49999945839353532,1
114.58577076012915,-438.62234284656199,162.0632064816275,0.0026897498884637266,0.0026897498884637266,1628,0.4999997939290039,1
114.73979490615521,-439.09802819916308,162.08544109000667,0.003203352932547642,-0.003203352932547642,1628.5,0.4999999922382804,1
114.89333547995034,-439.57386985037147,162.13298720978202,0.00011595945670905869,-0.00011595945670905869,1629,0.4999999848260579,1
115.046848456169,-440.04972040957108,162.0921402892904,0.0026716464909646302,0.0026716464909646302,1629.5,0.49999998855809741,1
115.20004466236183,-440.52567264226934,162.32808553549933,0.019144747006147923,-0.019144747006147923,1630,0.49999960540218119,1
115.34867647013503,-441.00306539405375,163.18911515129631,0.040963951386261778,-0.040963951386261778,1630.5,0.4999952537156907,1
115.48991793125825,-441.4826992071973,163.74969440471796,0.0062836226232107278,0.0062836226232107278,1631,0.49999774504575817,1
115.63266627604619,-441.96188313935829,162.82430115886865,0.058335136225941421,0.058335136225941421,1631.5,0.49999433074882904,1
115.78669149244247,-442.43755597332881,161.50291224280875,0.02247877827209778,0.02247877827209778,1632,0.49998841212918776,1
115.94604952909633,-442.9114808485046,161.56020984937373,0.026477389282942358,-0.026477389282942358,1632.5,0.49999977115650063,1
116.10040332307125,-443.38705410425877,162.40791964829162,0.019106044102376086,-0.019106044102376086,1633,0.49999501527822632,1
116.25024995600694,-443.86407162370489,162.59291935855953,0.0061900936229149208,0.0061900936229149208,1633.5,0.49999972726062059,1
116.40119600771862,-444.34074180505536,162.25228571697681,0.011096085968453875,0.011096085968453875,1634,0.49999917231535251,1
116.55474609328748,-444.81657997870377,162.00064352976796,0.0064718893747585955,0.0064718893747585955,1634.5,0.49999959627909574,1
116.70982218596484,-445.29192335183632,161.88964676570717,0.00086117239868943607,0.00086117239868943607,1635,0.49999991690109752,1
116.86509789172653,-445.76720161146829,161.95564593446818,0.0054688259671012611,-0.0054688259671012611,1635.5,0.49999996887859322,1
117.01910899676676,-446.24289084718265,162.1769816624294,0.0081364365291768451,-0.0081364365291768451,1636,0.49999966945011004,1
117.17122123801414,-446.71919071548342,162.39491868711264,0.0070784427065305744,-0.0070784427065305744,1636.5,0.49999969848054193,1
117.32166955779405,-447.19601889062136,162.56047179304204,0.0018679255340459814,-0.0018679255340459814,1637,0.49999980552993789,1
117.47178310325202,-447.67295265554708,162.43855714931317,0.01037948652195563,0.01037948652195563,1637.5,0.49999989265617056,1
117.62434332086032,-448.14910814438474,161.99777272002194,0.01503895519801572,0.01503895519801572,1638,0.49999866954515387,1
117.78012177178057,-448.62422150068528,161.76058182011167,0.0015204958137344049,0.0015204958137344049,1638.5,0.49999962710613782,1
117.93626408066029,-449.09921563226004,161.9048352750807,0.0095010717580407307,-0.0095010717580407307,1639,0.49999984565272787,1
118.09050577992514,-449.57483009222597,162.15062312964574,0.0076581195078245816,-0.0076581195078245816,1639.5,0.499999616320638,1
118.2429252888226,-450.05103178975031,162.34332658034336,0.0054754192138995929,-0.0054754192138995929,1640,0.49999976341755714,1
118.39423175499132,-450.52758853745644,162.39108602923645,0.0021411855174234733,0.0021411855174234733,1640.5,0.49999998048870647,1
118.54604828400323,-451.00398286164989,162.22064445615698,0.0097578694592338339,0.0097578694592338339,1641,0.49999981060492205,1
118.69957289500633,-451.47982951312741,162.06945616283582,0.00035810243049522427,-0.00035810243049522427,1641.5,0.49999984190599905,1
118.85301207728045,-451.95570367351763,162.24231738641876,0.011710039309200483,-0.011710039309200483,1642,0.49999979918400878,1
119.00412119373492,-452.43232243234564,162.54085247050523,0.0062642456259595115,-0.0062642456259595115,1642.5,0.49999940634204942,1
119.15374090533285,-452.9094114365223,162.59278386965485,0.0026386807093629417,0.0026386807093629417,1643,0.49999997600492785,1
119.30382530724752,-453.38635438128603,162.47635580050274,0.0026979214288267183,0.0026979214288267183,1643.5,0.49999990025796337,1
119.45453682808485,-453.86309963151888,162.45664982049499,0.0013221913844085841,-0.0013221913844085841,1644,0.49999999613268709,1
119.60494201994379,-454.33994156032753,162.5461619462514,0.0045713466272372548,-0.0045713466272372548,1644.5,0.49999994680807763,1
119.75426246080134,-454.81712415236819,162.71420806344901,0.0071604570572127548,-0.0071604570572127548,1645,0.49999982020450656,1
119.9019256813166,-455.29482205259137,162.91386592122242,0.003015182137574934,-0.003015182137574934,1645.5,0.49999971057048548,1
120.04897469499585,-455.77270960855782,162.8186924130207,0.0096598746410409934,0.0096598746410409934,1646,0.4999999285716194,1
120.19830039358193,-456.24988944623311,162.39347018780038,0.015131155162198517,0.015131155162198517,1646.5,0.49999876174050822,1
120.35095261515843,-456.72601626279527,162.10029318155722,0.0053366432100591518,0.0053366432100591518,1647,0.49999944620154912,1
120.50487438441658,-457.2017347504281,162.08910018562949,0.0051225483538091705,-0.0051225483538091705,1647.5,0.4999999905272276,1
120.65746712510996,-457.67788037386794,162.44037572072003,0.019402529826285118,-0.019402529826285118,1648,0.49999919923258357,1
120.80543317640293,-458.15548100667706,163.19763703637864,0.030573556365654304,-0.030573556365654304,1648.5,0.49999631678134721,1
120.94746249294664,-458.63488297822772,163.65889998265669,0.0016306897520166751,-0.0016306897520166751,1649,0.49999857708250733,1
121.0891009664944,-459.1144010817535,163.2910935071003,0.027310122874326118,0.027310122874326118,1649.5,0.49999906879702949,1
121.23559838571774,-459.59245598991413,162.73648885409887,0.0084535990957072139,0.0084535990957072139,1650,0.49999798905152221,1
121.38411532353213,-460.06988938143348,162.80948839854088,0.0135498780168853,-0.0135498780168853,1650.5,0.49999992415543215,1
121.52985108742735,-460.54817741381652,163.31189878011975,0.018396612267127709,-0.018396612267127709,1651,0.49999835479625016,1
121.67118634502306,-461.02778400579712,163.85353758537809,0.019416694080452032,-0.019416694080452032,1651.5,0.49999813810742411,1
121.80826333197126,-461.50862589858173,164.21290599593073,0.0011731009027635406,0.0011731009027635406,1652,0.49999902620653613,1
121.9456626720242,-461.98937523591621,163.74076034454097,0.031793511899967701,0.031793511899967701,1652.5,0.4999985039922929,1
122.09010417262863,-462.46804993675136,162.72596910447865,0.024928098478994257,0.024928098478994257,1653,0.49999281626486664,1
122.24037516256249,-462.94493358621003,162.43455708304271,0.0045800146472763335,-0.0045800146472763335,1653.5,0.4999993855363446,1
122.38972297949097,-463.42210637805061,162.85467911255986,0.01364835476011342,-0.01364835476011342,1654,0.49999864369240443,1
122.53609730300121,-463.90020087499556,163.02736250594666,0.0015930885383712197,0.0015930885383712197,1654.5,0.49999979059208055,1
122.68279397067292,-464.37819642421169,162.81787676944981,0.006969159836229759,0.006969159836229759,1655,0.49999965737629698,1
122.83091916109314,-464.85575155390666,162.76647629199954,0.0033806472989759994,-0.0033806472989759994,1655.5,0.49999997393499768,1
122.97826780415789,-465.33354653907236,162.97839319024246,0.0068334936672013857,-0.0068334936672013857,1656,0.49999967046241006,1
123.12422290204448,-465.8117693789772,163.028274641959,0.0033511057973799191,0.0033511057973799191,1656.5,0.49999997520573691,1
123.27097245531816,-466.28974867041029,162.79836140781123,0.0092756308555684581,0.0092756308555684581,1657,0.49999963442476658,1
123.41948887770788,-466.76718222228408,162.69770482306797,0.0022483952789198575,-0.0022483952789198575,1657.5,0.49999992417425576,1
123.56747165587956,-467.24478117447671,162.91916167208416,0.0099369262135877122,-0.0099369262135877122,1658,0.49999966177079852,1
123.71373165534274,-467.72291082153157,162.99268061819288,0.0048043024589724918,0.0048043024589724918,1658.5,0.49999994683576943,1
123.86113908539618,-468.20068719227487,162.64630256049205,0.017285540359264856,0.017285540359264856,1659,0.49999921087497418,1
124.0117189761353,-468.67747351969467,162.37310993904151,0.001787190387281248,0.001787190387281248,1659.5,0.49999950550922467,1
124.1627249706947,-469.15412536350084,162.54389337603794,0.013710209061274872,-0.013710209061274872,1660,0.4999997905966474,1
124.31111642272433,-469.63159690579192,162.92186161860894,0.012646619150279741,-0.012646619150279741,1660.5,0.49999909673247239,1
124.45648575990361,-470.10999735853272,163.26849468347689,0.01155303870184745,-0.01155303870184745,1661,0.4999992373739669,1
124.59942221187504,-470.58913088566607,163.4549857538542,0.00075732448540007037,-0.00075732448540007037,1661.5,0.4999997661253614,1
124.74217742434249,-471.06831853814504,163.31107946192844,0.01080415741462744,0.01080415741462744,1662,0.49999985697491223,1
124.88744926366006,-471.54674814214502,162.89549536369779,0.012465201536510869,0.012465201536510869,1662.5,0.49999879328083652,1
125.0355172326026,-472.02432080356556,162.7105360676635,0.00044772910194554793,0.00044772910194554793,1663,0.49999977036301274,1
125.18372156024208,-472.50185126650598,162.84124269962334,0.0061773642148474153,-0.0061773642148474153,1663.5,0.49999986576714472,1
125.33059511725045,-472.97979271941625,162.98174463483272,0.0036314854419653647,-0.0036314854419653647,1664,0.49999987415825908,1
125.47659929728762,-473.45800057093282,163.05092875677519,0.0014632997674266072,-0.0014632997674266072,1664.5,0.4999999698404205,1
125.62223621638144,-473.93632042640019,163.07447914539298,0.00018082972737713777,-0.00018082972737713777,1665,0.49999999633745701,1
125.76782988879441,-474.41465344983311,163.06128932776221,0.0011016623393970137,0.0011016623393970137,1665.5,0.49999999875317802,1
125.91355720809979,-474.89294577341121,163.06729052649311,0.0022972356452256358,-0.0022972356452256358,1666,0.49999999838567249,1
126.0587340140074,-475.37140537431901,163.19511904940669,0.0066266929787314553,-0.0066266929787314553,1666.5,0.49999989467437345,1
126.2027154869123,-475.85022608602162,163.25790620622936,0.0068368354805124583,0.0068368354805124583,1667,0.49999993849525437,1
126.34834909997464,-476.3285454044962,162.78043533528574,0.026498565700589238,0.026498565700589238,1667.5,0.49999851967738362,1
126.49967410157585,-476.80509252474553,162.05633987311006,0.015471516044848144,0.015471516044848144,1668,0.49999641391468058,1
126.65464536700564,-477.28047003547732,161.94160786339336,0.0074607581851529325,-0.0074607581851529325,1668.5,0.49999987081844721,1
126.8078675602075,-477.7564124400181,162.44824630336041,0.02095162531339333,-0.02095162531339333,1669,0.49999821292644703,1
126.95666688145873,-478.23375681864974,162.86299202587318,0.0080032589138964178,-0.0080032589138964178,1669.5,0.4999988938148322,1
127.10355130849517,-478.71169503473226,162.91321216725311,0.0028669038006269173,0.0028669038006269173,1670,0.49999997329796486,1
127.25093446340637,-479.18947960841399,162.78405484364305,0.0061500329928096996,0.0061500329928096996,1670.5,0.49999989319979993,1
127.399786055235,-479.66680851647982,162.56083981243458,0.0094332844162167695,0.0094332844162167695,1671,0.49999968286513319,1
127.55065300128632,-480.14350429512569,162.35027833373942,0.0033105886762175175,0.0033105886762175175,1671.5,0.49999970078956146,1
127.70230466819494,-480.61995131259704,162.3785101123301,0.0052815311844956825,-0.0052815311844956825,1672,0.49999998853350186,1
127.85289381906577,-481.09673499775306,162.56261933806513,0.0058331531441580533,-0.0058331531441580533,1672.5,0.49999977479090313,1
128.00209590831636,-481.57395466009001,162.70585485503008,0.0041665793739989699,-0.0041665793739989699,1673,0.49999986955771719,1
128.15030669014178,-482.05148320184702,162.79768815707996,0.0016838448153901971,-0.0016838448153901971,1673.5,0.49999994404187353,1
128.29814905399434,-482.52912598970636,162.78470051268579,0.0025905631896124635,0.0025905631896124635,1674,0.49999999734355377,1
128.44660994225171,-483.00657676900761,162.64925945703197,0.0068649902459876821,0.0068649902459876821,1674.5,0.49999988199752621,1
128.59667109727138,-483.48352673990991,162.40659878398918,0.0099447257852111857,0.0099447257852111857,1675,0.49999962498939865,1
128.74910179216371,-483.95972439250755,162.07970095808054,0.012876957450177849,0.012876957450177849,1675.5,0.49999932108440814,1
128.90395068662235,-484.4351417249116,161.93262465378126,0.0050304903276836852,-0.0050304903276836852,1676,0.49999982006521243,1
129.05760144170617,-484.91094649628394,162.37251222241434,0.025679758858134571,-0.025679758858134571,1676.5,0.49999873499691017,1
129.20543423440253,-485.3885872583765,163.17357724573466,0.01254219133826053,-0.01254219133826053,1677,0.49999523218603764,1
129.3506769148689,-485.86702587950879,162.81197776468741,0.037797164042311468,0.037797164042311468,1677.5,0.49999895041891484,1
129.50452097405167,-486.34275287055419,161.32077206869229,0.041988939661309836,0.041988939661309836,1678,0.49998416430417891,1
129.66776320590671,-486.81535208063286,160.79296294456452,0.0051284231763093577,-0.0051284231763093577,1678.5,0.49999803962415318,1
129.82979324344555,-487.28836561147392,161.60884953355287,0.046785145946849752,-0.046785145946849752,1679,0.49999553340361241,1
129.98302040477859,-487.76430201572958,162.5744175001644,0.020622065979998813,-0.020622065979998813,1679.5,0.49999402383027491,1
130.13133337374049,-488.24179851558659,162.79057553764028,0.005528997386176778,0.005528997386176778,1680,0.49999964413786463,1
130.28060745464953,-488.71899495724148,162.46423656076979,0.0085870524422393176,0.0085870524422393176,1680.5,0.49999919515867197,1
130.43185153914658,-489.19557146121724,162.37319405728849,0.0022314276905737941,-0.0022314276905737941,1681,0.49999993723710856,1
130.58257575144026,-489.67231239875042,162.57431994375295,0.0079626863345301779,-0.0079626863345301779,1681.5,0.49999970969148144,1
130.73175949974825,-490.14953787527406,162.65856616668265,0.0020810160524999733,0.0020810160524999733,1682,0.49999994620243671,1
130.88143966576936,-490.62660765673098,162.45508362475749,0.012124936284462007,0.012124936284462007,1682.5,0.49999972847938673,1
131.03357410129527,-491.10290010868334,162.14993558930763,0.0067759501338406133,0.0067759501338406133,1683,0.49999938625920221,1
131.18731876363233,-491.57867582854954,162.07321006099477,0.0014193982852297499,-0.0014193982852297499,1683.5,0.49999995681132836,1
131.34074858601946,-492.05455307442844,162.21230504042882,0.0065798221861040262,-0.0065798221861040262,1684,0.49999986354301812,1
131.49266149799951,-492.5309165881655,162.41850170024486,0.007815448176503802,-0.007815448176503802,1684.5,0.49999973004609899,1
131.64271241886232,-493.00786978508808,162.65810828918973,0.0079438777007022031,-0.0079438777007022031,1685,0.49999963090631006,1
131.79110273988707,-493.48534252565662,162.77695615873643,0.00035329879437789879,-0.00035329879437789879,1685.5,0.49999990535985517,1
131.93940872116391,-493.96284149865266,162.67835099636804,0.0072372696818650524,0.0072372696818650524,1686,0.49999993329476256,1
132.08905401806419,-494.43992232790828,162.51945142116563,0.0024808633971191837,0.0024808633971191837,1686.5,0.49999983252756625,1
132.23929027384713,-494.91681755922582,162.53867585514462,0.0038229836266044878,-0.0038229836266044878,1687,0.49999999420508956,1
132.38874541721293,-495.3939580360871,162.67498038796933,0.0041491647959107942,-0.0041491647959107942,1687.5,0.49999987453788514,1
132.53721591515693,-495.87140589211265,162.76870722273202,0.0023942077931799538,-0.0023942077931799538,1688,0.49999994398313052,1
132.68511191841469,-496.34903206310941,162.81393734812514,0.00085493335720393667,-0.00085493335720393667,1688.5,0.49999998700064147,1
132.83280260472048,-496.82672177502684,162.81865660551335,0.00052546871519154755,0.00052546871519154755,1689,0.49999999969323833,1
132.98060223647332,-497.3043777857813,162.79685951040165,8.3656820760194048e-05,-8.3656820760194048e-05,1689.5,0.49999999575613596,1
133.12835418500416,-497.78204853861632,162.84181407366054,0.003054750709391024,-0.003054750709391024,1690,0.49999998640863852,1
133.27539844513788,-498.25993754093116,162.94829071123416,0.0011340801159043165,-0.0011340801159043165,1690.5,0.49999991297173951,1
133.42234055488561,-498.7378579238752,162.81523301449903,0.010423411384062548,0.010423411384062548,1691,0.49999987605047047,1
133.57177101824291,-499.21500481739486,162.35162433569349,0.020760722988818158,0.020760722988818158,1691.5,0.49999862137273954,1
133.72475168144359,-499.69102643920951,162.14605335755081,0.0064082547047403359,-0.0064082547047403359,1692,0.49999966774826138,1
133.87620557082383,-500.16753412324363,162.71888152984309,0.033584895476316885,-0.033584895476316885,1692.5,0.49999785354735216,1
134.02124509539013,-500.64603196504623,163.43345352940963,0.01173747726498814,-0.01173747726498814,1693,0.49999664828493728,1
134.16347635442548,-501.12537546531473,163.38479462464718,0.015134108967656648,0.015134108967656648,1693.5,0.49999992229643259,1
134.30838863227544,-501.6039142160094,162.9924682503609,0.004540821152366625,0.004540821152366625,1694,0.49999890418687487,1
134.45437083202162,-502.08212860037241,163.15329332599072,0.015769046989308883,-0.015769046989308883,1694.5,0.4999998000543916,1
134.59683996026905,-502.56139912019273,163.71345544318507,0.011377048916097447,-0.011377048916097447,1695,0.49999768366705422,1
134.73679840347597,-503.04141113867388,163.64438137233662,0.016199999731085955,0.016199999731085955,1695.5,0.49999990371124148,1
134.88048374403212,-503.52031690405295,162.91539106729044,0.022604509898964176,0.022604509898964176,1696,0.4999962091896763,1
135.02920850141459,-503.99768488513888,162.57947329997245,0.00084852213063547942,0.00084852213063547942,1696.5,0.49999924282396063,1
135.178204550722,-504.47496862978545,162.80154306635245,0.0088930543113769269,-0.0088930543113769269,1697,0.49999959561290602,1
135.32537928311783,-504.9528174651083,162.9139219554703,0.0010476856125559283,0.0010476856125559283,1697.5,0.49999991127517479,1
135.47280429379086,-505.43058903081828,162.74151627875892,0.010896590404763699,0.010896590404763699,1698,0.49999980277287642,1
135.62216342802799,-505.90775940258612,162.53111170220456,0.0037924901317862338,0.0037924901317862338,1698.5,0.49999971467304294,1
135.77242722089485,-506.38464595919191,162.52421747393345,0.0033111498556301069,-0.0033111498556301069,1699,0.49999999531806488,1
135.92216298882167,-506.86169852866993,162.60140964023003,0.00014372258518380112,0.00014372258518380112,1699.5,0.49999995424221055,1
136.07193798933235,-507.33873876790068,162.50750128141468,0.0064123460222189448,0.0064123460222189448,1700,0.49999994062330005,1
136.22306804334102,-507.815351254684,162.31634881710482,0.0051209810703730435,0.0051209810703730435,1700.5,0.49999975578238542,1
136.37541259248999,-508.29157712651499,162.22226759723651,0.0014471553673306502,0.0014471553673306502,1701,0.49999994265658942,1
136.52812792951315,-508.76768428420667,162.21516076019338,0.00023532623609213334,0.00023532623609213334,1701.5,0.49999999976733789,1
136.68092037789182,-509.24376669776075,162.19298047511015,0.0013131497511718558,0.0013131497511718558,1702,0.49999999677702994,1
136.8340207931723,-509.71975015003358,162.14716058948284,0.00017967030975955944,0.00017967030975955944,1702.5,0.49999998399661411,1
136.98698766885934,-510.19577645194238,162.26519373845639,0.0084199509493613385,-0.0084199509493613385,1703,0.49999990516641679,1
137.1379489232138,-510.67244179642336,162.62957984146914,0.01701844341408703,-0.01701844341408703,1703.5,0.49999915094471903,1
137.28628077367469,-511.14993267598265,162.71790262753942,0.011360175643852787,0.011360175643852787,1704,0.4999998779234493,1
137.43732160481798,-511.62656998593553,161.97849638612092,0.040259893830091785,0.040259893830091785,1704.5,0.49999645789902541,1
