x,y,heading,curvature,signed_curvature,dist_origin,p2p_distance,direction
144.815,-509.84300000000002,341.43299999999999,0.03578255285279356,-0.03578255285279356,0,0,1
144.65914319991322,-509.36791527147057,342.13348940350511,0.013119645197387656,-0.013119645197387656,0.5,0.49999684140521772,1
144.50640537705388,-508.89181539096046,342.18474614440595,0.0095411568113542081,0.0095411568113542081,1,0.49999993875354282,1
144.35231461814578,-508.41615203864353,341.93024068023897,0.0073482672234685123,0.0073482672234685123,1.5,0.49999958671808098,1
144.19647725082413,-507.94105779626852,341.76419530551129,0.0042438183896365191,0.0042438183896365191,2,0.49999982419159505,1
144.03997474442207,-507.46618210683459,341.82773450929778,0.0099940506505740486,-0.0099940506505740486,2.5,0.49999995492547555,1
143.8858486126295,-506.99053154956016,342.33939360501444,0.025727724610046958,-0.025727724610046958,3,0.49999831713398746,1
143.73769850109895,-506.51298920662856,343.17008121586161,0.019907116174221272,-0.019907116174221272,3.5,0.49999514481554413,1
143.59392789228588,-506.03410521857074,343.24225685726185,0.014868160195558412,0.014868160195558412,4,0.49999986197662111,1
143.44661029975123,-505.55630602207685,342.33752597882017,0.040452327016866338,0.040452327016866338,4.5,0.49999454521065734,1
143.2911776958442,-505.08108302114567,341.56980533525336,0.013147574994339864,0.013147574994339864,5,0.49999619495687792,1
143.1326228194057,-504.60688866727372,341.58402451012347,0.014140054759933884,-0.014140054759933884,5.5,0.49999993408646115,1
142.97617759870053,-504.13199479405722,341.91518958482118,0.008000100981169907,-0.008000100981169907,6,0.49999929789956576,1
142.821632956667,-503.65647839349009,342.0419494192131,0.00084927536800383913,-0.00084927536800383913,6.5,0.49999989358957964,1
142.66743124414054,-503.180850565931,342.04200879817665,0.0020660407286500178,-0.0020660407286500178,7,0.49999999849467597,1
142.5137424089061,-502.70505689874398,342.18257160479641,0.0077471014657962247,-0.0077471014657962247,7.5,0.49999987181097727,1
142.36183823823291,-502.22869079936106,342.43597181480209,0.0053397786906389296,-0.0053397786906389296,8,0.49999953770898942,1
142.21106878243899,-501.75196388725033,342.40139507651764,0.0077538476900555582,0.0077538476900555582,8.5,0.49999997753103054,1
142.0584544901657,-501.27582545619822,341.99763855253764,0.017395240857112075,0.017395240857112075,9,0.49999892772968746,1
141.90247884239517,-500.80077693419378,341.72324033535824,0.0017617780177871765,0.0017617780177871765,9.5,0.49999950095579332,1
141.74608467547657,-500.32586572940932,341.89668485466274,0.0138706786128533,-0.0138706786128533,10,0.49999978787594773,1
141.59243529634654,-499.85006012760135,342.25321224676998,0.0049946823933230645,-0.0049946823933230645,10.5,0.49999910241807577,1
141.43995525696661,-499.3738776506467,342.15473456548386,0.011870005723873957,0.011870005723873957,11,0.49999991376795949,1
141.28471426795008,-498.89859000640564,341.6378117850391,0.015689118447248001,0.015689118447248001,11.5,0.49999810943547734,1
141.12616490683001,-498.42439393194917,341.48640512536861,0.0051184147840670699,-0.0051184147840670699,12,0.49999981694147572,1
140.96883006015972,-497.94979467636063,341.93111056205106,0.025928748997206819,-0.025928748997206819,12.5,0.49999870738029423,1
140.81640955531159,-497.47359502540218,342.46154814134377,0.006461642658811953,-0.006461642658811953,13,0.49999811786756326,1
140.66552519839348,-496.9969046888632,342.2927179370343,0.018248850180334113,0.018248850180334113,13.5,0.49999976611218305,1
140.51105588243391,-496.52136586687408,341.72781838000685,0.018174069370325861,0.018174069370325861,14,0.49999794078757709,1
140.35227359678191,-496.0472490243065,341.25741325940203,0.014666432902402344,0.014666432902402344,14.5,0.49999859464115037,1
140.19007151107763,-495.57429052210762,340.93983835089648,0.0012142774419144472,0.0012142774419144472,15,0.49999926140847933,1
140.0278523823084,-495.10133826048667,341.3429799128985,0.029363653751962929,-0.029363653751962929,15.5,0.499998887509781,1
139.87250699492722,-494.6260927762595,342.51361492860514,0.034640265096159091,-0.034640265096159091,16,0.49999045956790772,1
139.7242617090896,-494.14857547690031,342.73575840489627,0.019127295172190344,0.019127295172190344,16.5,0.49999943596005531,1
139.57153999130267,-493.67248123498632,341.52605456859658,0.044874438507743614,0.044874438507743614,17,0.49998965016032293,1
139.40975611258,-493.19938115702712,340.95385696971385,0.0049189686427558391,-0.0049189686427558391,17.5,0.49999770717429881,1
139.24910869141962,-492.72589641441294,341.75675588664785,0.037059812247595622,-0.037059812247595622,18,0.49999539539268911,1
139.09550636724649,-492.25007665026294,342.28289444868926,0.00032642034585281287,0.00032642034585281287,18.5,0.49999812194362669,1
138.9418424094014,-491.77427682593554,341.77203497212957,0.023619826043908401,0.023619826043908401,19,0.49999808476692825,1
138.78448036552621,-491.29968542419715,341.76176581141448,0.022905563057101772,-0.022905563057101772,19.5,0.49999981145655709,1
138.6325655111674,-490.82333406537032,343.07290555807549,0.059658924317985786,-0.059658924317985786,20,0.49998873990423759,1
138.49139311962185,-490.34368147902126,343.79882347757848,0.0089610321511406823,0.0089610321511406823,20.5,0.499996247711955,1
138.34807357952931,-489.86467276794895,342.55958027199222,0.075210580948941536,0.075210580948941536,21,0.49998983575218003,1
138.1914449987836,-489.38985141025239,341.18987640441668,0.020420799186041491,0.020420799186041491,21.5,0.49998783388320367,1
138.02997074508994,-488.91664368132655,341.38867779824483,0.034301641467257379,-0.034301641467257379,22,0.49999948932081578,1
137.87430936152805,-488.4414966161944,342.25157459519579,0.021266950395212272,-0.021266950395212272,22.5,0.49999519981305462,1
137.72370688418408,-487.96471775187206,342.60217036699021,0.0032097803947840958,-0.0032097803947840958,23,0.49999919164598783,1
137.57434771199615,-487.48754709793775,342.6324070328314,0.00086786908836077351,-0.00086786908836077351,23.5,0.4999999952927589,1
137.42519701392359,-487.01031123826931,342.65592548703506,0.0007740218060680946,-0.0007740218060680946,24,0.49999999648900684,1
137.27602584298003,-486.53308181553501,342.58167680269878,0.0078597899025632453,0.0078597899025632453,24.5,0.49999996016398157,1
137.12497584711645,-486.05644468637104,342.19779982005997,0.018938966841349537,0.018938966841349537,25,0.49999905414717166,1
136.97006390023947,-485.58104884268897,341.82928419742416,0.003132869452040317,-0.003132869452040317,25.5,0.49999891947423108,1
136.81594787517577,-485.10539583468926,342.43818542306826,0.039384529837077527,-0.039384529837077527,26,0.49999753319452278,1
136.67055486732963,-484.62701315848909,343.6794180935384,0.028106735680369435,-0.028106735680369435,26.5,0.49998911150042402,1
136.53168820049186,-484.14668444774685,343.8636684142096,0.015238740322872587,0.015238740322872587,27,0.49999962152179367,1
136.38937899967564,-483.66736987981034,342.97904996880902,0.031159077016350116,0.031159077016350116,27.5,0.49999436364134675,1
136.2400542959507,-483.19019102724099,342.35844315971855,0.012168826632575376,0.012168826632575376,28,0.49999752447581752,1
136.087793801869,-482.71393829634087,342.24557950811084,0.00056009067219206174,0.00056009067219206174,28.5,0.49999992174781455,1
135.93515692763569,-482.23780599698847,342.19295962619094,0.0031134413406752582,0.0031134413406752582,29,0.49999998186231853,1
135.78178303920882,-481.76191067891227,342.07559548206621,0.002228068219638374,0.002228068219638374,29.5,0.49999990341801409,1
135.62833562611826,-481.28603922677553,342.26410698967874,0.015389530301268654,-0.015389530301268654,30,0.49999974754285464,1
135.47855534388933,-480.80900380836351,342.9562847290677,0.031181685299298229,-0.031181685299298229,30.5,0.49999692335463902,1
135.33477413100692,-480.3301249028334,343.50435497005537,0.0070821091414851227,-0.0070821091414851227,31,0.4999980433358216,1
135.19268921420547,-479.85073810945642,343.36213204401508,0.017011535068409286,0.017011535068409286,31.5,0.49999982124671521,1
135.04731816685066,-479.37233911660508,342.85699996369789,0.014617168640284109,0.014617168640284109,32,0.49999833776744834,1
134.89845748558247,-478.89501341306845,342.53292001169507,0.0080080831304957349,0.0080080831304957349,32.5,0.49999932968391075,1
134.7477758403171,-478.41825878658437,342.44141520685503,0.0026581597147569192,-0.0026581597147569192,33,0.49999993209384763,1
134.59773173928366,-477.94130348275615,342.69035092017464,0.014721222976480345,-0.014721222976480345,33.5,0.49999959410463901,1
134.45102618660516,-477.46331197378282,343.16473854967239,0.010908643747609727,-0.010908643747609727,34,0.49999840183475242,1
134.3068037144526,-476.98456378179679,343.21962614389656,0.0070765148994596455,0.0070765148994596455,34.5,0.49999995280368575,1
134.1609508496573,-476.50631092829371,342.82023032149141,0.013485786469918538,0.013485786469918538,35,0.4999988500515119,1
134.01219300615435,-476.02895272733747,342.62732914403614,1.8533768595894513e-05,-1.8533768595894513e-05,35.5,0.49999974802376818,1
133.86343229068896,-475.55159540914525,342.80815116006022,0.0089305903301838321,-0.0089305903301838321,36,0.49999975969738297,1
133.71633535115924,-475.07372263194429,342.92815035021039,0.00055306877470946822,0.00055306877470946822,36.5,0.49999990080875545,1
133.56910629105127,-474.59589060074586,342.77652474026672,0.0097081837756050511,0.0097081837756050511,37,0.49999984617947296,1
133.42054159406362,-474.11847202710391,342.73019764232669,0.0064738987885411565,-0.0064738987885411565,37.5,0.49999996364934962,1
133.27352340522847,-473.64057609232952,343.14746400320962,0.022656579255470873,-0.022656579255470873,38,0.49999887232097462,1
133.13090517259729,-473.16134891050552,343.58273832390319,0.0010576360344112707,-0.0010576360344112707,38.5,0.49999865207599831,1
132.98853014660372,-472.68204912526852,343.18751690914206,0.028652596268733042,0.028652596268733042,39,0.49999893215376801,1
132.83992069546056,-472.20465040261308,342.28754166985323,0.020581237996874689,0.020581237996874689,39.5,0.49999430932972988,1
132.68651348767716,-471.72876599349559,342.11760232116995,0.008715115319738044,-0.008715115319738044,40,0.49999974224094368,1
132.5350514718985,-471.25226101113401,342.66904548606129,0.017432963145304032,-0.017432963145304032,40.5,0.49999774043403544,1
132.38730510660227,-470.77458878149491,342.85091664471912,0.0047358324942854855,0.0047358324942854855,41,0.49999974742656916,1
132.23843593914947,-470.29726639710748,342.41446352156925,0.019721875858573556,0.019721875858573556,41.5,0.499998687653674,1
132.0858915953533,-469.82110489053002,342.16301466259449,0.0021667369934438873,-0.0021667369934438873,42,0.49999955717011829,1
131.93386338847324,-469.3447788599691,342.53862521830496,0.02405669514490787,-0.02405669514490787,42.5,0.4999990630762175,1
131.78627728407295,-468.86705851367418,343.03423736347349,0.0074988712898711521,-0.0074988712898711521,43,0.49999838747358744,1
131.64048219989562,-468.38878690843552,342.96456217437765,0.012363268796285519,0.012363268796285519,43.5,0.49999993494783751,1
131.49209104417977,-467.91131577959675,342.51971743190023,0.011829664843980094,0.011829664843980094,44,0.49999861396733353,1
131.34092448820275,-467.43471484660336,342.33661889928271,0.00095324190855041412,0.00095324190855041412,44.5,0.49999977697607811,1
131.18949312711402,-466.95819783046716,342.43120650600076,0.0040126118092641957,-0.0040126118092641957,45,0.49999992378852509,1
131.03889159505513,-466.4814178445888,342.49047895302431,0.00012535939833161895,-0.00012535939833161895,45.5,0.49999997639264449,1
130.88832082235987,-466.00462813792808,342.44069441911881,0.0025880913942938331,0.0025880913942938331,46,0.49999998196766748,1
130.73735161438637,-465.52796442416485,342.43348409513248,0.0020847089962465646,-0.0020847089962465646,46.5,0.49999999777470144,1
130.58687937241172,-465.05114370240864,342.5601398292618,0.0067575313016873884,-0.0067575313016873884,47,0.49999989630098324,1
130.43768404772396,-464.57392189731115,342.68260751338278,0.00040195568330167735,-0.00040195568330167735,47.5,0.49999989616917584,1
130.28858362158914,-464.09667040070121,342.58029691495085,0.0075446293088316206,0.0075446293088316206,48,0.49999992809000604,1
130.13783344871598,-463.61993779894647,342.34169415141713,0.0046757614556672301,0.0046757614556672301,48.5,0.49999958819696866,1
129.98601929032077,-463.14354253183791,342.35660822988615,0.0057169761699138386,-0.0057169761699138386,49,0.49999998921268024,1
129.83554837355842,-462.6667218900825,342.64412620922803,0.0097818417044289296,-0.0097818417044289296,49.5,0.49999942119500618,1
129.68706828623564,-462.18927704088145,342.74627952430154,0.0026500913156431716,0.0026500913156431716,50,0.49999992035998703,1
129.53795578452508,-461.71202968468464,342.49228260700568,0.015082337449866702,0.015082337449866702,50.5,0.49999957716305088,1
129.38623653195847,-461.23560460871806,342.24097130840562,0.0023024571660913914,0.0023024571660913914,51,0.49999958460895355,1
129.23396880180118,-460.75935421938306,342.36037218029355,0.010638371790708367,-0.010638371790708367,51.5,0.49999989498898856,1
129.0839377528047,-460.28239519537431,342.69266610709172,0.0074325926854549498,-0.0074325926854549498,52,0.49999922624576498,1
128.93564990268573,-459.80489055545144,342.75205909961369,0.0032860963111188512,0.0032860963111188512,52.5,0.49999996764077653,1
128.78659904940747,-459.32762387155975,342.52760531464713,0.0090907366916206395,0.0090907366916206395,53,0.49999964441581463,1
128.63555839508513,-458.85098305933826,342.3270136367492,0.0049132172819797044,0.0049132172819797044,53.5,0.49999974313321732,1
128.48334720776106,-458.37471453068406,342.24608722516393,0.00077393727970087492,0.00077393727970087492,54,0.49999995693304011,1
128.33086935629481,-457.89853126321816,342.25241465133752,0.0012156822234384828,-0.0012156822234384828,54.5,0.49999999940226197,1
128.1786809844229,-457.42225542541627,342.31574068108483,0.0032052993082074084,-0.0032052993082074084,55,0.49999997420691877,1
128.02726121580761,-456.94573474640481,342.43884584189641,0.0054893789639867364,-0.0054893789639867364,55.5,0.4999999038530375,1
127.87715066383592,-456.46880017296394,342.63100269391094,0.0079257247884556466,-0.0079257247884556466,56,0.49999976515641736,1
127.72891378037491,-455.99128009468848,342.87354186671155,0.0062038324066153562,-0.0062038324066153562,56.5,0.49999959877427441,1
127.58200311904181,-455.51334992963348,342.90343497124866,0.0041169071478244475,0.0041169071478244475,57,0.49999998508282634,1
127.43410908837674,-455.0357236131947,342.63765400047157,0.014438147986450173,0.014438147986450173,57.5,0.49999954246102252,1
127.2835553820498,-454.55892898040969,342.37320893394281,0.0029869970433806796,0.0029869970433806796,58,0.49999954034116667,1
127.13228971716779,-454.08235933297283,342.46724799760716,0.0095523114348976552,-0.0095523114348976552,58.5,0.49999993023028394,1
126.98313252993765,-453.60512639018663,342.81361004524513,0.0090325969488376998,-0.0090325969488376998,59,0.49999914818206115,1
126.83606038482669,-453.1272459693713,342.92469219551458,0.001277463372198973,0.001277463372198973,59.5,0.49999991246616166,1
126.68868932162205,-452.64945777761909,342.75177604411476,0.0075818641097011915,0.0075818641097011915,60,0.49999978644786924,1
126.53992320655465,-452.17210193686242,342.67671550993896,0.0023416575469870104,-0.0023416575469870104,60.5,0.49999995569675543,1
126.3917161766,-451.69457247190746,342.88594730811275,0.012265523589278833,-0.012265523589278833,61,0.49999971362806156,1
126.24572062149792,-451.21636230071317,343.11032446458387,0.0026392499235632365,-0.0026392499235632365,61.5,0.49999966994312772,1
126.10035613017115,-450.73795962422588,343.03672917986,0.0077772380281438663,0.0077772380281438663,62,0.49999995620889431,1
125.95340774110207,-450.26004145373327,342.79650107303445,0.0059469374181031903,0.0059469374181031903,62.5,0.49999960673685112,1
125.80504881489239,-449.78255891058433,342.7104479429978,6.0750039591307832e-05,6.0750039591307832e-05,63,0.49999994999806419,1
125.65666068671653,-449.30508542834644,342.78274906019533,0.0044330853313909969,-0.0044330853313909969,63.5,0.49999996282390213,1
125.50931903120019,-448.82728814221247,342.95533794917282,0.0076159380807462049,-0.0076159380807462049,64,0.49999981008725458,1
125.36379014046284,-448.34893584921718,343.20820112386849,0.0078367637482196478,-0.0078367637482196478,64.5,0.49999957425290759,1
125.21994816495105,-447.87007322804095,343.31329222361637,0.00049996486967734271,0.00049996486967734271,65,0.49999992387890163,1
125.07599153402147,-447.39124510079961,343.18797788617684,0.0060974851587265056,0.0060974851587265056,65.5,0.4999998870260341,1
124.93082215481614,-446.91278322039022,343.07666168524918,0.0016738520215082379,0.0016738520215082379,66,0.4999999196637373,1
124.78525236586115,-446.43444293007616,343.09207281571577,0.0027497508532032949,-0.0027497508532032949,66.5,0.49999999679414375,1
124.64007904046503,-445.95598217603589,343.13395394680367,0.00030157055963185575,0.00030157055963185575,67,0.49999998756335434,1
124.4948334926721,-445.47754335321065,343.07433083706633,0.0038609118898946973,0.0038609118898946973,67.5,0.49999997634006732,1
124.34879441231466,-444.999346194986,342.983636316711,0.00010101493140241416,-0.00010101493140241416,68,0.49999993512576929,1
124.2027977005155,-444.52113612615983,343.09925955659406,0.0079710019648598883,-0.0079710019648598883,68.5,0.49999990978289016,1
124.05865436949777,-444.04236468826372,343.38938209557688,0.0064594277255722301,-0.0064594277255722301,69,0.49999938962162704,1
123.91582156827923,-443.56320005489977,343.33278878555791,0.010410699631789857,0.010410699631789857,69.5,0.49999995497074379,1
123.77049773296528,-443.0847869359842,342.79650760422476,0.024013220727214367,0.024013220727214367,70,0.49999812945737787,1
123.62074788074381,-442.60773951381469,342.46819048586383,0.0010911772693374872,-0.0010911772693374872,70.5,0.49999926123837823,1
123.47125840067885,-442.13061073530901,342.85902280067899,0.026194812630999358,-0.026194812630999358,71,0.49999897592737158,1
123.32690165588929,-441.65190559211322,343.45826902384948,0.0063740268130861501,-0.0063740268130861501,71.5,0.49999748388200199,1
123.18405097069821,-441.17274681038424,343.18975712718543,0.025122437840939725,0.025122437840939725,72,0.49999945636726889,1
123.03550595290845,-440.69532876282057,342.24569549457999,0.02457813717699352,0.02457813717699352,72.5,0.49999361440889412,1
122.88143534611022,-440.2196588928137,342.01885237967088,0.0087389622389425058,-0.0087389622389425058,73,0.4999995771113464,1
122.72942676733599,-439.74332910586372,342.71302362773815,0.030645202412317371,-0.030645202412317371,73.5,0.49999667394570707,1
122.58361505450958,-439.26506460048353,343.26926574672569,0.008188771579413643,-0.008188771579413643,74,0.49999799269990691,1
122.43976364877244,-438.78620482636325,343.18635479724787,0.01172901942559906,0.01172901942559906,74.5,0.49999991020306883,1
122.29373451957092,-438.30800530515154,342.85155818949778,0.011644159615349646,0.011644159615349646,75,0.49999928866195459,1
122.14492376582481,-437.83066406606116,342.51919533861462,0.01155911721273334,0.01155911721273334,75.5,0.49999929896633039,1
121.99346008190982,-437.35415778758414,342.23546757744566,0.0074812327824568545,0.0074812327824568545,76,0.49999948097285019,1
121.84021630347138,-436.87822059249601,342.09316669995593,0.0024533211172984822,0.0024533211172984822,76.5,0.49999986929843404,1
121.68641003730369,-436.40246474295026,342.10511849297257,0.0035236142701257126,-0.0035236142701257126,77,0.49999999588944399,1
121.53344304951234,-435.92643862438769,342.29617695797521,0.0098148789010548982,-0.0098148789010548982,77.5,0.4999997649076503,1
121.3827458734432,-435.44968957671836,342.61420994405961,0.0080560303706515603,-0.0080560303706515603,78,0.49999929332832804,1
121.23386205307571,-434.97237043291375,342.68546732368441,0.0030812252561755039,0.0030812252561755039,78.5,0.49999995700957944,1
121.0842470120314,-434.49528034886913,342.44551632695641,0.011133772669682069,0.011133772669682069,79,0.49999960880024008,1
120.93236158802542,-434.01890814198919,342.2157185195224,0.0049091533796904166,0.0049091533796904166,79.5,0.49999966151303049,1
120.77930710759209,-433.54290992160156,342.16389278404745,0.0011172578900402999,-0.0011172578900402999,80,0.49999997979289945,1
120.62647504222707,-433.06684028690114,342.26183217395283,0.0057202576512952732,-0.0057202576512952732,80.5,0.49999993728752729,1
120.47500517652585,-432.59033578211529,342.49091540401525,0.0095592166200050982,-0.0095592166200050982,81,0.49999966329663992,1
120.3254420926861,-432.11322920532103,342.66584325088718,0.0026530741602937926,-0.0026530741602937926,81.5,0.49999980166795049,1
120.17651199047334,-431.63592446285259,342.64292872757414,0.0042527658570173888,0.0042527658570173888,82,0.49999999252797411,1
120.02686627946508,-431.15884364678993,342.55989772397504,0.0011329582735140728,-0.0011329582735140728,82.5,0.49999994387817193,1
119.87749734541985,-430.68167621796999,342.71852239224199,0.0099412938089978257,-0.0099412938089978257,83,0.49999983358441169,1
119.73040934983797,-430.20380144910939,343.06212282223981,0.0092694107526948375,-0.0092694107526948375,83.5,0.49999917315718634,1
119.58544004454133,-429.72527892828134,343.1801287115706,0.0010308795689147829,0.0010308795689147829,84,0.4999999024178135,1
119.44022878209421,-429.24682988288282,343.01071637613177,0.0088764776391148416,0.0088764776391148416,84.5,0.49999979978420123,1
119.29311028047856,-428.76896402346006,342.77030380682874,0.0079074360491013431,0.0079074360491013431,85,0.49999963311935619,1
119.14410356636762,-428.29168348530953,342.55765529343279,0.0069382208290298961,0.0069382208290298961,85.5,0.49999971294731022,1
118.99379073827527,-427.81481240678153,342.51055304674753,0.0045709335729467214,-0.0045709335729467214,86,0.49999997182558459,1
118.84456869970603,-427.33759949975166,342.82083198734119,0.017091009213812586,-0.017091009213812586,86.5,0.49999937543026374,1
118.69911980727271,-426.85922420878882,343.31222969138662,0.0098852708045433692,-0.0098852708045433692,87,0.49999829931097406,1
118.55597242266076,-426.38015344750505,343.32516699415481,0.0089820232358645002,0.0089820232358645002,87.5,0.49999996803824676,1
118.41071956623234,-425.9017184997935,342.84583626589847,0.017610226845478277,0.017610226845478277,88,0.49999839148977809,1
118.26163332145545,-425.42446323071295,342.51688347329616,0.0053553537547270632,0.0053553537547270632,88.5,0.49999930024634298,1
118.11126937665024,-424.94760825484661,342.53855324568326,0.0062362303130145819,-0.0062362303130145819,89,0.49999998390586237,1
117.96188185724611,-424.47044660616461,342.68141976202861,0.0037376818257780988,-0.0037376818257780988,89.5,0.49999986992662604,1
117.81338630471879,-423.99300651768334,342.75270477459912,0.0012389287171239846,-0.0012389287171239846,90,0.49999996720939988,1
117.66525917686867,-423.51545196864106,342.78675437056893,0.0018902516460872732,-0.0018902516460872732,90.5,0.49999999331610162,1
117.51758570927481,-423.03775697338676,342.86438387780782,0.0035292214580888198,-0.0035292214580888198,91,0.49999996152219606,1
117.37056406210752,-422.55986094290319,342.88188077540292,0.0064642791348710638,0.0064642791348710638,91.5,0.49999998068774421,1
117.22196595185079,-422.08245393288621,342.46086267801388,0.022929551313376553,0.022929551313376553,92,0.49999885158390006,1
117.06800780720559,-421.60675183075614,341.67137237449629,0.019285424194582446,0.019285424194582446,92.5,0.4999956002542042,1
116.91005365102288,-421.1323571145262,341.6865075480888,0.020342574189063128,-0.020342574189063128,93,0.49999986224225657,1
116.75684638012882,-420.65641610365708,342.72784607875246,0.03410559678121481,-0.03410559678121481,93.5,0.4999923136228458,1
116.61054786516833,-420.17829894310916,343.01524588005447,0.014037363471758352,0.014037363471758352,94,0.49999927468952893,1
116.46091885265649,-419.701220749127,341.96481342862501,0.045730893346174528,0.045730893346174528,94.5,0.4999924445014538,1
116.30248557071448,-419.2269887919104,341.30443343316472,0.0003793747734229067,0.0003793747734229067,95,0.4999970540637273,1
116.14395454155893,-418.75278925624235,341.92261867159647,0.034425796392353998,-0.034425796392353998,95.5,0.49999728682555128,1
115.99160471910442,-418.27656689993222,342.44116387602082,0.0017758501776398757,-0.0017758501776398757,96,0.49999820104825859,1
115.83967776905897,-417.80020883373618,342.02443429382009,0.030867847624349541,0.030867847624349541,96.5,0.49999880537871805,1
115.68187608838096,-417.32576670711103,341.35320737613466,0.002327812194251527,0.002327812194251527,97,0.49999670193052015,1
115.52355706116774,-416.85149604687899,341.94756187263835,0.043837078995213566,-0.043837078995213566,97.5,0.49999757352878593,1
115.37508794646033,-416.37406497674857,343.4803974414537,0.041149238930766739,-0.041149238930766739,98,0.49998350447577938,1
115.23614417121672,-415.89376045810604,344.04717474480816,0.0015664139819781795,0.0015664139819781795,98.5,0.49999780330254873,1
115.09685507003537,-415.41355649863431,343.43325716823398,0.032665535276946545,0.032665535276946545,99,0.49999729639293189,1
114.95048923145237,-414.93546452714344,342.53614403687743,0.029964601116044209,0.029964601116044209,99.5,0.49999489188204049,1
114.79698328568612,-414.45961612489856,341.72772728236089,0.023405113220566563,0.023405113220566563,100,0.49999577728676048,1
114.63829206823394,-413.98546823124639,341.3655978327738,0.001876803378726888,0.001876803378726888,100.5,0.49999912755048853,1
114.47915584999485,-413.51146906199386,341.6201980931944,0.01965224433885614,-0.01965224433885614,101,0.49999954840731464,1
114.32324277846773,-413.03640030895934,341.96954491999304,0.0047002935342456914,-0.0047002935342456914,101.5,0.49999920598216563,1
114.16844644422056,-412.56096573430796,341.88952849425277,0.010285672801815471,0.010285672801815471,102,0.49999993987030272,1
114.01203174443262,-412.08606127111938,341.7543202251328,0.0074552289243679706,-0.0074552289243679706,102.5,0.49999980746614864,1
113.85740269135431,-411.61057455775955,342.34077111366906,0.033490520303967611,-0.033490520303967611,103,0.49999775863260237,1
113.71035049824027,-411.13269621116058,343.39582283870652,0.022947870271364315,-0.022947870271364315,103.5,0.49999206158479487,1
113.56850160497194,-410.65323951855368,343.43657823966407,0.020102060605480095,0.020102060605480095,104,0.49999982860697084,1
113.42196865267812,-410.17520176224684,342.37433856806661,0.036939786210793857,0.036939786210793857,104.5,0.49999200249885511,1
113.26746090386739,-409.69967571041684,341.78042546444874,0.0045278722557743458,0.0045278722557743458,105,0.49999767040616222,1
113.11187524296669,-409.22449963177667,342.11020655964575,0.023815648132191919,-0.023815648132191919,105.5,0.49999920358912614,1
112.96036033879552,-408.7480102403976,342.51930965989499,0.004744281234523552,-0.004744281234523552,106,0.49999890628158966,1
112.8099758587218,-408.27116188194032,342.38202228706626,0.014328986931802977,0.014328986931802977,106.5,0.49999984881043319,1
112.65673142094077,-407.79522598288753,341.98435369144909,0.004768186587273052,0.004768186587273052,107,0.49999883771665549,1
112.50239752175749,-407.31964128611236,342.1626753128786,0.01721796918896637,-0.01721796918896637,107.5,0.49999975624378962,1
112.35168875699607,-406.84289740455904,342.7122514131695,0.011958270083822116,-0.011958270083822116,108,0.49999786036985888,1
112.20376983033208,-406.36527838325009,342.78084742337387,0.0071691641141284216,0.0071691641141284216,108.5,0.49999993838154583,1
112.05417581156493,-405.88818270879727,342.34294897413542,0.016957660913415506,0.016957660913415506,109,0.4999986530306747,1
111.90093409948012,-405.41224544076499,342.01462821087216,0.0059635715287827502,0.0059635715287827502,109.5,0.49999930542423321,1
111.74627369111948,-404.93676658061185,342.00133993373333,0.0051080860734213553,-0.0051080860734213553,110,0.49999998836681497,1
111.59285530676495,-404.46088618512306,342.31797883085335,0.016998407250098959,-0.016998407250098959,110.5,0.49999935146810015,1
111.44348775549771,-403.98372103536269,342.97532396952562,0.028892692922365053,-0.028892692922365053,111,0.49999724550981567,1
111.29983407871764,-403.50480371241491,343.49401565412802,0.0033499801766517954,-0.0033499801766517954,111.5,0.49999818106859395,1
111.15698053726324,-403.02564603282218,343.16053057549499,0.026634177430581673,0.026634177430581673,112,0.4999992162181402,1
111.00848255051584,-402.54821157179339,342.33333040187176,0.020805156124812242,0.020805156124812242,112.5,0.49999531662395097,1
110.85507228350218,-402.07232853684712,342.02809127366822,0.00050641615281983587,0.00050641615281983587,113,0.499999372974475,1
110.70138232635648,-401.59653534876776,342.19767472005356,0.0059763884891242229,-0.0059763884891242229,113.5,0.49999976075011615,1
110.54901498926257,-401.12031676961323,342.29243121629491,0.00063869768317424984,-0.00063869768317424984,114,0.49999994054504726,1
110.39680213742933,-400.64404875123455,342.23915069977409,0.002788063314185487,0.002788063314185487,114.5,0.49999997759355813,1
110.24416122255472,-400.16791773087812,342.23627326400231,0.0025871437560166756,-0.0025871437560166756,115,0.49999999743941637,1
110.09213639064963,-399.69158979440493,342.38738379414531,0.0079623917332849199,-0.0079623917332849199,115.5,0.49999985258055124,1
109.9417218266962,-399.21475099347606,342.56626140200854,0.0025968183182098412,-0.0025968183182098412,116,0.49999978312054083,1
109.79192344889809,-398.73771804644537,342.53012407598374,0.0051197111313561134,0.0051197111313561134,116.5,0.49999998654373223,1
109.64096138565245,-398.26105240896101,342.31487104697038,0.0068456596377500338,0.0068456596377500338,117,0.49999967449764615,1
109.48843353560208,-397.78488527015827,342.18375738279633,0.0023078328256854797,0.0023078328256854797,117.5,0.49999988911655802,1
109.33535608772931,-397.30889441605683,342.18206259853315,0.0019156621445062334,-0.0019156621445062334,118,0.49999999823546021,1
109.18267033878726,-396.83277781685814,342.26688349214572,0.0040059673376543516,-0.0040059673376543516,118.5,0.49999995396251795,1
109.03093857707705,-396.35635642856505,342.41158823396597,0.0060963298393836417,-0.0060963298393836417,119,0.49999986673478158,1
108.88053446718504,-395.87951425209519,342.55742305764767,0.0028491866063784306,-0.0028491866063784306,119.5,0.49999985753289894,1
108.730806350199,-395.40245923638776,342.56950341344941,0.0020058119335613802,0.0020058119335613802,120,0.49999999702780668,1
108.58061131889046,-394.9255511113617,342.45368948595001,0.0047375307432881613,0.0047375307432881613,120.5,0.49999990714563436,1
108.42934488527182,-394.44898173489514,342.3310806926637,0.0038221736888615363,0.0038221736888615363,121,0.4999999045254177,1
108.27717625697805,-393.97269961779921,342.24302903008436,0.0012893858814565673,0.0012893858814565673,121.5,0.49999994650218832,1
108.12474742714342,-393.49650066899414,342.28360803917502,0.0041223673863186273,-0.0041223673863186273,122,0.49999998700780257,1
107.97329996575323,-393.0199889460452,342.47749301781352,0.0085045239941704369,-0.0085045239941704369,122.5,0.49999975566924293,1
107.82364055799998,-392.54291262310602,342.67308651431188,0.0051504620275661609,-0.0051504620275661609,123,0.49999975623816534,1
107.67521017655694,-392.06545230218939,342.7725941308081,0.0017965210070944918,-0.0017965210070944918,123.5,0.49999993618513622,1
107.5271591225392,-391.58787416348758,342.7484404902616,0.0045320236124345801,0.0045320236124345801,124,0.4999999931616414,1
107.37801832516453,-391.11063560663888,342.50473018210255,0.012482348173547075,0.012482348173547075,124.5,0.49999961758443978,1
107.22604180036259,-390.63429316087377,342.12495611196437,0.0087863179277939928,0.0087863179277939928,125,0.4999989897273428,1
107.07205046643423,-390.15859721871942,342.06284071989398,0.0044497171493428963,-0.0044497171493428963,125.5,0.49999996030714466,1
106.91904137645167,-389.68258488846055,342.31786576212937,0.0079746960839584668,-0.0079746960839584668,126,0.49999952017553895,1
106.76778439770479,-389.20601249259636,342.42405119694598,0.00056150159637889641,0.00056150159637889641,126.5,0.49999992211936956,1
106.61642350535122,-388.72947310683594,342.31934494162493,0.0017602827750326754,0.0017602827750326754,127,0.4999999059149754,1
106.46492918860694,-388.25297620186967,342.47491896443512,0.012621690841752882,-0.012621690841752882,127.5,0.49999982844821861,1
106.31643592256292,-387.77553747647102,343.02272206826342,0.019088583658368144,-0.019088583658368144,128,0.49999798656666183,1
106.17148878294404,-387.29700829704325,343.12624376642862,0.011860995114938952,0.011860995114938952,128.5,0.49999984884748366,1
106.02370728345306,-386.81935083256258,342.34431372928992,0.040254569292214631,0.040254569292214631,129,0.49999602495010392,1
105.86895137430236,-386.34390518837336,341.79827250211281,0.002128809358913482,-0.002128809358913482,129.5,0.49999795199137187,1
105.71470205679964,-385.86829593724303,342.46634956917467,0.044517365939118148,-0.044517365939118148,130,0.49999701170187016,1
105.5687525231571,-385.39007750559608,343.40223831692242,0.011978502420230059,-0.011978502420230059,130.5,0.49999413470294174,1
105.42566319858442,-384.91099000004868,343.13592435659882,0.03057391661834365,0.03057391661834365,131,0.49999939277792615,1
105.27636254198595,-384.43380748181232,342.19652186112762,0.020314321823003086,0.020314321823003086,131.5,0.49999384173320538,1
105.12228318518277,-383.95814022440351,342.05299500371012,0.010292701854216655,-0.010292701854216655,132,0.49999978796366124,1
104.9703460616919,-383.48178633376978,342.58319399186701,0.015024449851050987,-0.015024449851050987,132.5,0.49999791861224013,1
104.82181750979996,-383.00435674690789,342.77558204970234,0.0015930394714588998,0.0015930394714588998,133,0.49999974113816337,1
104.67297079699225,-382.52702640099432,342.55049112446062,0.0074892101375710184,0.0074892101375710184,133.5,0.49999960304347357,1
104.52260200521533,-382.05017296525835,342.50056131444893,0.0040034556759159972,-0.0040034556759159972,134,0.49999997271363839,1
104.37318124916089,-381.57302209943413,342.76921481723832,0.012323167093972395,-0.012323167093972395,134.5,0.49999951109645202,1
104.22646164288646,-381.09503392892452,343.09307645952663,0.010286739848988936,-0.010286739848988936,135,0.4999993340119992,1
104.08220238514689,-380.61629723850592,343.3585549044613,0.0081086038217008088,-0.0081086038217008088,135.5,0.4999995521963278,1
103.93968718133965,-380.1370381114337,343.48473303495263,0.00070023164526880047,-0.00070023164526880047,136,0.49999989419823826,1
103.7973397635067,-379.65772906617138,343.39867344175985,0.0067083423730300643,0.0067083423730300643,136.5,0.49999994823397509,1
103.65348353575283,-379.17887107037393,343.15031460225811,0.0091656442053583628,0.0091656442053583628,137,0.4999995944025647,1
103.50744157053886,-378.70067520188536,342.88233342712749,0.0095429993293112969,0.0095429993293112969,137.5,0.49999954424288723,1
103.35918148397893,-378.22316231046909,342.6484806572405,0.0035968985348262474,0.0035968985348262474,138,0.49999961473533377,1
103.21012759047463,-377.74589625396004,342.72259339905304,0.008771220284745267,-0.008771220284745267,138.5,0.49999995186449098,1
103.06312955280251,-377.26799403515059,343.10831345134903,0.01205176748572565,-0.01205176748572565,139,0.49999895382135223,1
102.9186789066429,-376.78931471666692,343.23416579962543,0.0032652361709642475,0.0032652361709642475,139.5,0.49999987911990662,1
102.77345550824604,-376.3108697896555,342.93915300442563,0.011126472237848774,0.011126472237848774,140,0.49999938362451718,1
102.62659344679442,-375.83292481452742,343.03792099524583,0.018023121187153854,-0.018023121187153854,140.5,0.49999986434398658,1
102.48404622551801,-375.35368095226318,343.97188495344744,0.046635242779366676,-0.046635242779366676,141,0.49999438978009553,1
102.3496022056555,-374.87209800389729,344.59371445074032,0.0032145649745828689,0.0032145649745828689,141.5,0.49999733062644325,1
102.21438433736679,-374.39073349766534,343.7875116974887,0.053081312461304923,0.053081312461304923,142,0.49999565974563798,1
102.0687191396752,-373.91243330693089,342.53458603218382,0.020724412288931876,0.020724412288931876,142.5,0.49998942216324777,1
101.91811922542074,-373.43565307320227,342.63858320318104,0.02798419874175145,-0.02798419874175145,143,0.49999972544769039,1
101.77317462928481,-372.957129720409,343.58287823023443,0.018655203388271722,-0.018655203388271722,143.5,0.49999353507572902,1
101.63257068674631,-372.47730641583036,343.57008987771712,0.019548899709327331,0.019548899709327331,144,0.49999987227412557,1
101.48768918863419,-371.99876251808126,342.73484401319143,0.022178276544068017,0.022178276544068017,144.5,0.49999491054220035,1
101.33777660189418,-371.52176585593708,342.50662413593267,0.0062436952717620474,-0.0062436952717620474,145,0.49999959935961885,1
101.18927074084112,-371.04433088544818,343.01023405554383,0.018931580648384044,-0.018931580648384044,145.5,0.49999814180939306,1
101.04485159374747,-370.56564268992236,343.34302534427877,0.0043018450032463037,-0.0043018450032463037,146,0.4999992785825042,1
100.90146872528553,-370.08664238264896,343.26805433175184,0.0064756730554747823,0.0064756730554747823,146.5,0.49999994133637804,1
100.75691090347141,-369.6079954008656,343.14158334521034,0.0023536153324522479,0.0023536153324522479,147,0.49999989701794828,1
100.61178986371149,-369.12951877458198,343.13306943865751,0.0015500946915472378,-0.0015500946915472378,147.5,0.49999999808075624,1
100.46686117469659,-368.65098385508605,343.16340407071806,0.00056766002821713088,-0.00056766002821713088,148,0.4999999940765531,1
100.32206831271729,-368.17240781410027,343.16559410947298,0.00041475946057322767,0.00041475946057322767,148.5,0.49999999988578442,1
100.1770028784115,-367.69391438961094,343.06905278241635,0.0069836073120368046,0.0069836073120368046,149,0.49999993750984961,1
100.03026725467598,-367.21593106115529,342.76419607720527,0.014299430319575923,0.014299430319575923,149.5,0.49999940555424177,1
99.880525393790649,-366.73888110059994,342.44747424615122,0.0030253600978548197,0.0030253600978548197,150,0.49999928976675578,1
99.730078900933805,-366.26205235963334,342.61463004912605,0.01469554981610403,-0.01469554981610403,150.5,0.49999979542467154,1
99.582861390739211,-365.78421850614581,343.12088717350628,0.012656913479919926,-0.012656913479919926,151,0.49999818684335845,1
99.43858280600179,-365.30548732619582,343.26213037465192,0.002795857535507196,0.002795857535507196,151.5,0.49999985267012015,1
99.293715167181929,-364.82693435656677,343.0267322682181,0.0076487544643641936,0.0076487544643641936,152,0.49999957751784518,1
99.14719347051215,-364.34888484814468,342.93534659648805,0.0012688393142960828,-0.0012688393142960828,152.5,0.49999994009758808,1
99.000954116967279,-363.87074898563543,343.07387769913635,0.004146158998301952,-0.004146158998301952,153,0.4999998515426623,1
98.855420966027694,-363.39239757010256,343.02743792815409,0.0073883829161266734,0.0073883829161266734,153.5,0.49999997476470409,1
98.70812573278225,-362.91458671350546,342.65946212086493,0.014874801493236001,0.014874801493236001,154,0.49999910041807727,1
98.557914663100519,-362.43768386775639,342.44522732957012,8.1903937994666278e-05,8.1903937994666278e-05,154.5,0.49999968973839132,1
98.407684046898368,-361.96078716194796,342.65473266390956,0.01446117618302265,-0.01446117618302265,155,0.49999970605532251,1
98.259810655805154,-361.48315432280344,342.87638949946177,0.0010134791414420144,-0.0010134791414420144,155.5,0.49999966882255081,1
98.112179272393462,-361.00544647369679,342.7127986076116,0.012434514438237289,0.012434514438237289,156,0.49999981446611796,1
97.961933651126529,-360.52855517479145,342.34463222491092,0.0079550023671986752,0.0079550023671986752,156.5,0.49999905768062419,1
97.809818411828687,-360.05225598120597,342.28905688497986,0.0040749996721046152,-0.0040749996721046152,157,0.49999996783681322,1
97.658565256522579,-359.57568265396372,342.51042110620961,0.007951754921135477,-0.007951754921135477,157.5,0.49999965322868156,1
97.509166503676695,-359.09852464878611,342.70905140100029,0.0059152142435401588,-0.0059152142435401588,158,0.49999974925692237,1
97.361140551084645,-358.62093881974715,342.82003012065729,0.00038801310244379443,0.00038801310244379443,158.5,0.49999990673960387,1
97.212972049561301,-358.143397296709,342.65229324780262,0.011322623909423669,0.011322623909423669,159,0.49999981106923858,1
97.062109748811778,-357.66670125394177,342.1841328771194,0.01767652432443766,0.01767652432443766,159.5,0.49999855097527685,1
96.907521669427339,-357.19119959325923,341.85608478327288,0.0052259330333602489,0.0052259330333602489,160,0.49999930359913736,1
96.751691392266707,-356.71610285987151,341.8846883714005,0.0072228251044137836,-0.0072228251044137836,160.5,0.49999998135563722,1
96.597346039825425,-356.24052213140811,342.14886403585757,0.0074690375213484657,-0.0074690375213484657,161,0.49999951710576762,1
96.44475740312626,-355.76437448478191,342.28878361117233,0.0022991936119553364,-0.0022991936119553364,161.5,0.49999987343736446,1
96.292721568283199,-355.28804990743271,342.28539786554848,0.0020392427736409787,0.0020392427736409787,162,0.49999999806332374,1
96.140217579136248,-354.81187508110276,342.18247493418249,0.0051461527470063632,0.0051461527470063632,162.5,0.49999993193608883,1
95.986489555140153,-354.33609418493467,341.99259465701982,0.0069905594087451761,0.0069905594087451761,163,0.49999976652019967,1
95.831406908413214,-353.86075291702076,341.9073606143117,0.0010400655633937843,-0.0010400655633937843,163.5,0.49999994829782829,1
95.676571493170485,-353.38533115111329,342.05203762726001,0.008707714576500547,-0.008707714576500547,164,0.49999986131194618,1
95.523348286999337,-352.909387421757,342.23555777498501,0.0041044027499089718,-0.0041044027499089718,164.5,0.4999997844228915,1
95.371102078564917,-352.43313006144575,342.28720402158558,0.0004987931391099437,0.0004987931391099437,165,0.49999998123329764,1
95.218771770959663,-351.9568995997696,342.22962891606846,0.0022399978107604281,0.0022399978107604281,165.5,0.49999997524339218,1
95.065926595277773,-351.48083412905697,342.17371987634897,0.0016631861147540193,0.0016631861147540193,166,0.49999998013406183,1
94.912685519462855,-351.00489593685836,342.13425653479533,0.0011073295514955057,0.0011073295514955057,166.5,0.49999999011019625,1
94.759179688175735,-350.52904306474551,342.10965374157433,0.00061027058061365242,0.00061027058061365242,167,0.49999999613720075,1
94.605528081626545,-350.05323723979484,342.09797039714482,0.00069202707669278223,0.00069202707669278223,167.5,0.49999999925213351,1
94.451626209421832,-349.57751233372869,342.03319773655079,0.0038299487374231275,0.0038299487374231275,168,0.49999997251976036,1
94.296813661945961,-349.10208313555114,341.87853260434952,0.0069676348173107854,0.0069676348173107854,168.5,0.49999984733569436,1
94.14053503367397,-348.62713383960039,341.73862915393488,0.0010545066306110616,-0.0010545066306110616,169,0.49999984337866438,1
93.984534724761644,-348.15209325954811,341.96808637773938,0.014965278788338655,-0.014965278788338655,169.5,0.49999964907702443,1
93.83204132962301,-347.67591734554441,342.53990114096365,0.017267723013457234,-0.017267723013457234,170,0.49999773663304808,1
93.683267530552527,-347.19856416192283,342.74173421524694,0.0031763109934846113,0.0031763109934846113,170.5,0.49999970520342951,1
93.533751860587557,-346.72144347484669,342.38172144012344,0.016701513884908897,0.016701513884908897,171,0.4999990856002432,1
93.380757807221443,-346.24542667240604,342.02283642971599,0.0083533819434526077,0.0083533819434526077,171.5,0.49999917657054005,1
93.225776585141887,-345.77005237387368,341.90287475712523,0.00011971826954849847,0.00011971826954849847,172,0.49999990290239493,1
93.070745719776554,-345.29469423842761,342.00710589332948,0.0073965765402219247,-0.0073965765402219247,172.5,0.49999992615068484,1
92.917474117818529,-344.81876655166701,342.32667540268267,0.014913544761053674,-0.014913544761053674,173,0.49999934699164772,1
92.767023500257281,-344.34193938396197,342.59338248943106,0.0033960051944475315,-0.0033960051944475315,173.5,0.49999953618595538,1
92.617382644667629,-343.8648570335144,342.52118739394285,0.0084362351194583098,0.0084362351194583098,174,0.49999995477018322,1
92.465864637997598,-343.38836827983312,342.18397649073614,0.01235117460881892,0.01235117460881892,174.5,0.49999923872942026,1
92.311427210508867,-342.91281775024061,341.83456732506227,0.012042106045161526,0.012042106045161526,175,0.49999922520445367,1
92.154226770365796,-342.43817316030942,341.56479346105255,0.0018343093462373187,0.0018343093462373187,175.5,0.49999946513183496,1
91.996689554122298,-341.96364008767148,341.8007306675957,0.01830730686942026,-0.01830730686942026,176,0.49999961152880334,1
91.843444060950148,-341.48770734617455,342.54671464648976,0.02389453136889343,-0.02389453136889343,176.5,0.49999615559158295,1
91.695332019740363,-341.01014886856353,342.87138487139805,0.0012263234089024708,0.0012263234089024708,177,0.49999927628895302,1
91.546933049296442,-340.53267978603725,342.48993663579671,0.020226877879903165,0.020226877879903165,177.5,0.49999897919626485,1
91.394670001601327,-340.0564287169297,342.1207953112845,0.0055439700102821489,0.0055439700102821489,178,0.49999911651870649,1
91.241087094245273,-339.58060074903216,342.17228067177172,0.0091383812298019805,-0.0091383812298019805,178.5,0.49999996446544315,1
91.088970273591443,-339.10430232466189,342.38304628151542,0.0052001826616939265,-0.0052001826616939265,179,0.49999971618335126,1
90.938092307120485,-338.62760977227708,342.47011770200226,0.0008785616009108335,-0.0008785616009108335,179.5,0.49999995026554855,1
90.78743943857225,-338.15084598754515,342.44057495263348,0.0028050843452780876,0.0028050843452780876,180,0.49999999323372513,1
90.636118378937169,-337.67429396780801,342.30992528655622,0.0063159750397432839,0.0063159750397432839,180.5,0.49999989060462052,1
90.483307966462391,-337.19821765067468,342.08770367294056,0.0087648054299173592,0.0087648054299173592,181,0.49999968189584931,1
90.328417537288217,-336.72281416694307,341.81201124678455,0.0104822136921077,0.0104822136921077,181.5,0.49999951739367909,1
90.171073914911304,-336.24821707716387,341.52066321602047,0.0062200156739662029,0.0062200156739662029,182,0.49999941312922552,1
90.012390672013495,-335.77406561309112,341.5365601744104,0.0073299441310224313,-0.0073299441310224313,182.5,0.49999998245889438,1
89.855437770421133,-335.29933962226283,341.9270689502136,0.016846232587574055,-0.016846232587574055,183,0.49999897968512225,1
89.702184209163818,-334.82340667830243,342.35785095450296,0.013228183140621415,-0.013228183140621415,183.5,0.499998821183475,1
89.552081724829307,-334.34647003278303,342.68500371051027,0.0096117081111758273,-0.0096117081111758273,184,0.4999993196422286,1
89.40386444501074,-333.86894350522653,342.76049239112018,0.0044174988026903393,0.0044174988026903393,184.5,0.49999994655698726,1
89.254592937683469,-333.39174615141184,342.43187070979559,0.018524808615528243,0.018524808615528243,185,0.49999929738700233,1
89.101650964141555,-332.91571293893753,342.02462666564054,0.0050617081398091719,0.0050617081398091719,185.5,0.49999886664821863,1
88.947511543891594,-332.44006506909733,342.15662811378235,0.01427756146441614,-0.01427756146441614,186,0.49999985695849564,1
88.796471079001819,-331.96342583353209,342.66266034096668,0.012774044220131633,-0.012774044220131633,186.5,0.49999818291103787,1
88.648391413838922,-331.48585672443602,342.81048411814135,0.0024536208620324304,0.0024536208620324304,187,0.49999984119754076,1
88.499806459290653,-331.00844481489611,342.5883396250631,0.0070955379921638978,0.0070955379921638978,187.5,0.49999962008851023,1
88.349700384799092,-330.53150863024945,342.51391528225412,0.0018997533911513426,-0.0018997533911513426,188,0.49999995782457796,1
88.200039591803986,-330.05443270311446,342.68437669916392,0.0068518101450916686,-0.0068518101450916686,188.5,0.49999979321159199,1
88.051670427904824,-329.57695332315456,342.74768527571877,0.0024320142998515096,0.0024320142998515096,189,0.49999996708302802,1
87.902720867923335,-329.09965492530915,342.54543065577053,0.011201791858868529,0.011201791858868529,189.5,0.49999973200439513,1
87.751412692968429,-328.62309938299745,342.22507900474409,0.01116255957239546,0.01116255957239546,190,0.49999934871575941,1
87.597447145965702,-328.14739573180549,341.90588658358138,0.011120868568842231,0.011120868568842231,190.5,0.49999935342079632,1
87.441651562701182,-327.67228768173794,341.92167541636439,0.015361167509587581,-0.015361167509587581,191,0.49999992300371304,1
87.289513708753717,-327.19600080982366,342.79233653363394,0.045426377787703934,-0.045426377787703934,191.5,0.49999511093772997,1
87.147035054062698,-326.71674005036471,343.91886031684419,0.015904034786528957,-0.015904034786528957,192,0.49999104251949805,1
87.008288097413484,-326.23637727729601,343.60227354537756,0.038014725155180756,0.038014725155180756,192.5,0.4999991117288729,1
86.861097487479029,-325.75854859489294,342.16910219262417,0.037772792339589668,0.037772792339589668,193,0.4999853251645815,1
86.705252768616617,-325.28345810752813,341.71938703202329,0.0063670838167445253,-0.0063670838167445253,193.5,0.49999854757972689,1
86.550764802125244,-324.80792673837306,342.39231280217115,0.025863539756723206,-0.025863539756723206,194,0.49999661482968366,1
86.401913967617119,-324.33059890858453,342.88589554981201,0.0085946275518123099,-0.0085946275518123099,194.5,0.49999842802191347,1
86.255115421933866,-323.85263430616669,342.88553754552026,0.0075232728925912328,0.0075232728925912328,195,0.49999997417916331,1
86.107366974977381,-323.3749625425192,342.77467293814806,0.00021642193598671197,0.00021642193598671197,195.5,0.49999991736415239,1
85.959566842840459,-322.89730675141817,342.87314141177944,0.0070908451645921144,-0.0070908451645921144,196,0.49999993383203672,1
85.81303323782825,-322.41926096934247,343.015210488994,0.0019325049608642166,-0.0019325049608642166,196.5,0.49999986715822076,1
85.666961385692986,-321.94107376319272,342.98287678901761,0.004189778560698792,0.004189778560698792,197,0.49999999011153501,1
85.520179981924642,-321.46310391798875,342.90826665618295,0.0014724184704830348,-0.0014724184704830348,197.5,0.49999995341651282,1
85.373756181527654,-320.98502454838479,343.07681284590689,0.010294511755271895,-0.010294511755271895,198,0.4999998129635827,1
85.229711975756445,-320.50622357554846,343.43347465468423,0.0093709234879238434,-0.0093709234879238434,198.5,0.49999910480446819,1
85.087782233448735,-320.02679070220239,343.52675707319167,0.0028583859108073824,0.0028583859108073824,199,0.49999993179639723,1
84.945202516115003,-319.54755102825595,343.30813528351291,0.0068722233736039102,0.0068722233736039102,199.5,0.49999964087912596,1
84.801283293188263,-319.06871155421857,343.29639226801027,0.0060525104300681656,-0.0060525104300681656,200,0.49999998462423706,1
84.658804682778907,-318.58944227118826,343.6391815270448,0.013835672135849471,-0.013835672135849471,200.5,0.49999920007992399,1
84.519177174725669,-318.10933416690494,343.8761795589096,0.0027101086641328834,-0.0027101086641328834,201,0.49999963280354298,1
84.380200627285902,-317.6290368980122,343.79555515713753,0.0077012926133131852,0.0077012926133131852,201.5,0.49999994724410135,1
84.239567618842642,-317.14922251273322,343.51181229481614,0.012107881979469028,0.012107881979469028,202,0.49999948738418931,1
84.096032584077832,-316.67026883506833,343.10181894575805,0.016514971576297933,0.016514971576297933,202.5,0.49999893155251707,1
83.949299806108868,-316.19228447702307,342.84394897330895,0.00093365485374861381,0.00093365485374861381,203,0.49999955466623225,1
83.802343884994428,-315.71436851272108,343.04855420745093,0.015218314595251536,-0.015218314595251536,203.5,0.49999971168520679,1
83.658738602715005,-315.23543661476447,343.55450155677045,0.013929568376788425,-0.013929568376788425,204,0.49999823997577914,1
83.518424195901332,-314.75552883187555,343.79822150662233,0.0030857565541847682,-0.0030857565541847682,204.5,0.49999961283667721,1
83.378898678600208,-314.27539071123124,343.76226194439425,0.0038949422362657333,0.0038949422362657333,205,0.49999998487399827,1
83.238462010750624,-313.79551847633763,343.59424360984104,0.0078349692166668657,0.0078349692166668657,205.5,0.49999981949844552,1
83.096186662243667,-313.31618842073829,343.3488623716637,0.0056464264764961147,0.0056464264764961147,206,0.49999957699347125,1
82.952686192171299,-312.83722328195302,343.3476779903973,0.0055637090760483664,-0.0055637090760483664,206.5,0.49999998908258347,1
82.810514764747523,-312.35786263461665,343.6579687188256,0.012344366453290005,-0.012344366453290005,207,0.49999934499002269,1
82.67059684638177,-311.87783878696649,343.75601447488731,0.0054993473909291492,0.0054993473909291492,207.5,0.49999991819266215,1
82.529359800468995,-311.39820248103689,343.34286346565045,0.023344021662946714,0.023344021662946714,208,0.49999888910272849,1
82.384122484778757,-310.91976200131842,342.9908745341753,0.0011297722958834731,0.0011297722958834731,208.5,0.49999917050145948,1
82.238614868282227,-310.44140338415701,343.27814498194118,0.021186466606084076,-0.021186466606084076,209,0.49999943307075134,1
82.097183892988625,-309.96182497126631,343.80927857586084,0.013000765345289482,-0.013000765345289482,209.5,0.49999817487993403,1
81.958871773780714,-309.48133619084598,344.01870312517138,0.0016207331610953231,-0.0016207331610953231,210,0.4999997104295158,1
81.820729068916606,-309.00079871089855,343.80345959476529,0.018398898993990959,0.018398898993990959,210.5,0.49999967654129368,1
81.678168652705551,-308.52155769877157,342.95790791795707,0.040635762729740316,0.040635762729740316,211,0.49999541995378138,1
81.526624421074729,-308.04508512326242,341.86896809359251,0.021332794491647673,0.021332794491647673,211.5,0.49999176928515338,1
81.370099601901146,-307.57021689681591,341.8382602828392,0.019188176741346031,-0.019188176741346031,212,0.49999985150576182,1
81.217750941787557,-307.09399806525033,342.72601705405657,0.030469675028537979,-0.030469675028537979,212.5,0.49999448974572419,1
81.072523389771504,-306.61555729366984,343.45554751956473,0.020460838625353226,-0.020460838625353226,213,0.49999661376364768,1
80.932161421684185,-306.13566421011456,343.85536865656525,0.00046104935266289069,-0.00046104935266289069,213.5,0.49999885372822889,1
80.791455011015898,-305.65587341430279,343.24866522597227,0.04283434855069989,0.04283434855069989,214,0.49999750174259916,1
80.640540923781103,-305.1792146190914,341.46024893174337,0.063870432224856277,0.063870432224856277,214.5,0.49997866832324711,1
80.476996803281551,-304.70672195369752,340.71723874091924,0.01196926278067173,-0.01196926278067173,215,0.49999599818496315,1
80.316274248214668,-304.23327185542138,342.11147831836672,0.0703384713745486,-0.0703384713745486,215.5,0.49998673508896169,1
80.1691364855118,-303.75542323399094,343.42605193118743,0.021444710277392021,-0.021444710277392021,216,0.49998882609132084,1
80.027129838880299,-303.27601332571533,343.34272011783037,0.024902387402409472,0.024902387402409472,216.5,0.49999974784029233,1
79.88094031399288,-302.79786507765516,342.66964997573109,0.022085180798213377,0.022085180798213377,217,0.49999712430154492,1
79.729479746387142,-302.32135960052949,342.07739474541359,0.019261382676487988,0.019261382676487988,217.5,0.49999777326525663,1
79.573656902677541,-301.84626156659095,341.67030738592655,0.0069075715939311546,0.0069075715939311546,218,0.49999890047280038,1
79.416200224152902,-301.37170137947214,341.69157469766378,0.0083921723306883845,-0.0083921723306883845,218.5,0.49999997681025227,1
79.26066667650619,-300.89650859167938,342.0971123445886,0.015629997941363275,-0.015629997941363275,219,0.49999887001255422,1
79.108748449513783,-300.42014766567581,342.51724334590381,0.013700939349791061,-0.013700939349791061,219.5,0.49999887951423511,1
78.960095954852051,-299.94275726599466,342.87968788787623,0.010673930787068037,-0.010673930787068037,220,0.49999915787618054,1
78.813823267322348,-299.46463165962803,343.05649186524761,0.0016691841294212096,-0.0016691841294212096,220.5,0.49999979458057919,1
78.667949634197356,-298.98638398915227,342.9753293275287,0.0073351733176152947,0.0073351733176152947,221,0.4999999511565667,1
78.52033536706675,-298.50867140398202,342.64150450148639,0.015895124201076683,0.015895124201076683,221.5,0.4999992858900415,1
78.368929592601788,-298.0321483987845,342.06478770389253,0.024367636432107469,0.024367636432107469,222,0.49999788301932985,1
78.212225874752264,-297.55734134482725,341.50810162721888,0.0060291560282011254,0.0060291560282011254,222.5,0.49999779367055786,1
78.054139742277314,-297.08299101047317,341.77531714035501,0.024686180002446819,-0.024686180002446819,223,0.49999946498243331,1
77.901423715392326,-296.60688938542535,342.60871824123217,0.017170059411855315,-0.017170059411855315,223.5,0.49999494221512819,1
77.752592855657213,-296.12955380207683,342.58496917369962,0.0188285271676812,0.0188285271676812,224,0.49999988394015127,1
77.599478060774715,-295.6535808821871,341.70009127659847,0.027057676240523316,0.027057676240523316,224.5,0.49999436084846244,1
77.440416167797608,-295.17955724005014,341.33877420088913,0.0018303760312868315,-0.0018303760312868315,225,0.49999909910143381,1
77.281756184787056,-294.70539935818209,341.76167368552257,0.019476525414389642,-0.019476525414389642,225.5,0.49999868714478268,1
77.12707317641636,-294.22992878036939,342.13448610248759,0.0065505816082621054,-0.0065505816082621054,226,0.49999910344334836,1
76.973948977551828,-293.75395297680211,342.13984083719822,0.0046928174036065728,0.0046928174036065728,226.5,0.49999998585942274,1
76.820097164178662,-293.27821193859029,342.02484463647289,0.0033354029987452756,0.0033354029987452756,227,0.49999991591706694,1
76.665452158557031,-292.80272809520858,341.94873732912231,0.0019778807116485565,0.0019778807116485565,227.5,0.49999996308075551,1
76.51035296952027,-292.32739217705722,341.9175081097157,0.00018708750031794067,0.00018708750031794067,228,0.49999999352465618,1
76.355209315869672,-291.8520707660341,341.93802584015839,0.0016194941594447013,-0.0016194941594447013,228.5,0.49999999704506343,1
76.200437003761522,-291.37662833683527,342.00387908583843,0.0028413008370883736,-0.0028413008370883736,229,0.49999997207779184,1
76.046339909312408,-290.90096666455088,342.10022390184577,0.0038848384878515762,-0.0038848384878515762,229.5,0.49999994099803674,1
75.893094458028102,-290.42502992670376,342.18373179135074,6.4884322540269501e-05,-6.4884322540269501e-05,230,0.49999994677188703,1
75.739846280254994,-289.94909407758928,342.08696727055923,0.0068203138224906205,0.0068203138224906205,230.5,0.49999993646309326,1
75.585029640018291,-289.47366651410823,341.84232112003957,0.0049169083674254609,0.0049169083674254609,231,0.49999956021151354,1
75.42924383403944,-288.99855524343781,341.92387543883581,0.010610761922716426,-0.010610761922716426,231.5,0.49999993686254202,1
75.275971075245337,-288.52262906098559,342.43081343846745,0.019047170884656531,-0.019047170884656531,232,0.49999826972889816,1
75.126460572324632,-288.04550621590425,342.66906976943517,0.00241297315830219,0.00241297315830219,232.5,0.49999959978195407,1
74.97637466745185,-287.56856462461957,342.29254762683451,0.023873995701393667,0.023873995701393667,233,0.49999906033776653,1
74.822096730265699,-287.09296284167669,341.852291083821,0.0059891880526061637,0.0059891880526061637,233.5,0.49999873783926191,1
74.666394845721044,-286.61782409100027,341.94965112479576,0.012786383503141206,-0.012786383503141206,234,0.49999990924509968,1
74.513153370080985,-286.14188698397152,342.31520958036737,0.0073444953602339377,-0.0073444953602339377,234.5,0.49999907970239693,1
74.361646785251352,-285.66539382086654,342.34836320803197,0.0050298862115369051,0.0050298862115369051,235,0.49999997973252391,1
74.209074431435056,-285.18924124670406,342.11604760101392,0.0057910912066007503,0.0057910912066007503,235.5,0.49999959703044228,1
74.055210245379271,-284.71350413646093,342.08369979704673,0.0035327815786554313,-0.0035327815786554313,236,0.49999998581309357,1
73.902171472417024,-284.23750118814905,342.30090410183021,0.0089519068552301653,-0.0089519068552301653,236.5,0.49999967283127877,1
73.751105221571692,-283.76086851802432,342.51274054198115,0.0058371002823080186,-0.0058371002823080186,237,0.49999971437461238,1
73.601430655440623,-283.28379679595878,342.63547503604127,0.0028974478692886437,-0.0028974478692886437,237.5,0.49999990374109948,1
73.452564710517635,-282.80647208308164,342.72326374952593,0.0032313457677922283,-0.0032313457677922283,238,0.49999995108105078,1
73.304470161360285,-282.32890748603359,342.82061649154491,0.0035651367989102765,-0.0035651367989102765,238.5,0.49999993984378915,1
73.157062177188109,-281.85113047373017,342.85462327608042,0.002354876303383139,0.002354876303383139,239,0.49999998728328687,1
73.009089815023984,-281.37352814337117,342.68187533794327,0.009705359726982327,0.009705359726982327,239.5,0.49999980592873217,1
72.858908447103133,-280.89661633735807,342.36515357941948,0.0090059038429423505,0.0090059038429423505,240,0.49999931398479019,1
72.706622610922665,-280.42037180948012,342.20148341469917,0.0024205462702493832,0.0024205462702493832,240.5,0.49999982623484784,1
72.553762896170795,-279.94431099510354,342.22910948258277,0.0047157575013180219,-0.0047157575013180219,241,0.49999999137891615,1
72.402045408257877,-279.46788535365391,342.48209101747608,0.012946046533693144,-0.012946046533693144,241.5,0.49999958796912164,1
72.253414880858969,-278.99048882409664,342.96854024809716,0.018919315077908096,-0.018919315077908096,242,0.49999848010589071,1
72.108310301905064,-278.51200754955903,343.18045528077596,0.0041242571498859223,0.0041242571498859223,242.5,0.49999966891642034,1
71.962219618298178,-278.03382746725379,342.73223539484536,0.02716719685987757,0.02716719685987757,243,0.49999867894843153,1
71.811100474938769,-277.55721311218093,342.23058593537849,0.0012010480614379638,0.0012010480614379638,243.5,0.49999823894809325,1
71.659700748988939,-277.08068740277986,342.67844806155591,0.032472725272359754,-0.032472725272359754,244,0.49999862873599954,1
71.515447472953099,-276.60195657207754,343.7255098669757,0.023671776939002121,-0.023671776939002121,244.5,0.49999221585141096,1
71.37668902261251,-276.12159646311852,343.87372824276468,0.013321065797035762,0.013321065797035762,245,0.49999974181997547,1
71.234884494225227,-275.64213100740881,343.10470954297233,0.023831383701334218,0.023831383701334218,245.5,0.49999564747111958,1
71.088059013587895,-275.16417502637614,342.90191283404391,0.0096730516614052069,-0.0096730516614052069,246,0.499999641569152,1
70.943537048842046,-274.68552092634718,343.63502696640137,0.033063752606679937,-0.033063752606679937,246.5,0.49999634575518209,1
70.805526079411962,-274.20494734176771,344.18738615652751,0.0055005703879317793,-0.0055005703879317793,247,0.49999799787458826,1
70.668837096805547,-273.72399442580655,343.95026747009297,0.02205579583067074,0.02205579583067074,247.5,0.49999958533734212,1
70.528078747492856,-273.24421824087517,343.41172575967266,0.011758829612417728,0.011758829612417728,248,0.49999810052493665,1
70.384503187898517,-272.76527572393309,343.28254307378927,0.0027398899663594084,-0.0027398899663594084,248.5,0.49999987584763039,1
70.24148603749579,-272.28616639953833,343.49966302647726,0.0077637029185849858,-0.0077637029185849858,249,0.49999965003119307,1
70.100241498439161,-271.806531320126,343.66299860288029,0.0036392511352673156,-0.0036392511352673156,249.5,0.49999982921616515,1
69.95987457277198,-271.32663850868852,343.71525376587169,0.0016064634688688689,-0.0016064634688688689,250,0.49999998429062453,1
69.820051019618077,-270.84658716781649,343.82904092868387,0.006337357420230655,-0.006337357420230655,250.5,0.49999991588960296,1
69.681749178864877,-270.36609553948347,344.07722189668493,0.0097555938029160998,-0.0097555938029160998,251,0.49999960405369082,1
69.545066267130821,-269.88514050139327,344.11186128574388,0.0073373019451370277,0.0073373019451370277,251.5,0.49999996702444532,1
69.406620081486238,-269.40469142601449,343.65678010222223,0.024434090222383884,0.024434090222383884,252,0.49999866035005625,1
69.263296272584299,-268.92567537909946,343.12103991696284,0.0083554771727617251,0.0083554771727617251,252.5,0.49999808739660878,1
69.117975985957983,-268.44725929930792,343.18866349846746,0.013076369340640428,-0.013076369340640428,253,0.49999993110825808,1
68.975343035715497,-267.96803653033714,343.61821244402773,0.0066609874589001559,-0.0066609874589001559,253.5,0.49999862079298685,1
68.834218725967631,-267.48836604789722,343.48477837709282,0.015977042401644579,0.015977042401644579,254,0.4999998425259406,1
68.689428767227156,-267.0097923042992,342.83804219622311,0.016510447985121333,0.016510447985121333,254.5,0.499996960204251,1
68.541078991542918,-266.53230696361953,342.78196136553356,0.01259522652413499,-0.01259522652413499,255,0.49999990650952963,1
68.395712002680426,-266.05390888494611,343.5171869791817,0.029318797258072123,-0.029318797258072123,255.5,0.49999628311555405,1
68.256466827086783,-265.57369118970792,344.03512590110233,0.0068418095333494027,-0.0068418095333494027,256,0.49999825374293966,1
68.118864987824708,-265.09299836731941,343.90927644629471,0.015627904234806322,0.015627904234806322,256.5,0.49999985566411209,1
67.978483562866856,-264.61311094278744,343.49015898901689,0.013478214413170589,0.013478214413170589,257,0.499998884695877,1
67.834871247000166,-264.13418014300942,343.13704673175323,0.01117373332627564,0.01117373332627564,257.5,0.49999920824398769,1
67.688594016416502,-263.65605624311183,342.85510692147068,0.0082715388201426189,0.0082715388201426189,258,0.49999949184024139,1
67.540343050410485,-263.17854035678948,342.66537819396763,0.0049739848055800947,0.0049739848055800947,258.5,0.49999977061188511,1
67.390925300431832,-262.7013880869394,342.59007539595098,0.0021088355417162516,-0.0021088355417162516,259,0.49999995263176489,1
67.242114103711373,-262.22404670052902,342.84503925551752,0.015691953912543362,-0.015691953912543362,259.5,0.49999957144938206,1
67.097053420493211,-261.74555453886217,343.48920922406751,0.029279264527820092,-0.029279264527820092,260,0.4999973505853153,1
66.957475093882849,-261.26543332848485,343.96830223033805,0.0038802238619459781,-0.0038802238619459781,260.5,0.4999984859112388,1
66.818828322487832,-260.78504119998053,343.71153834005611,0.021806914619433175,0.021806914619433175,261,0.49999952434694711,1
66.675801733593161,-260.30593698602286,343.09208659113335,0.015581771872260073,0.015581771872260073,261.5,0.49999745295635345,1
66.529055827218102,-259.82795663872844,342.83760334131705,0.0021851937149529746,0.0021851937149529746,262,0.49999957343734969,1
66.381686935077653,-259.35016759818325,342.90714932347288,0.0043360210892436531,-0.0043360210892436531,262.5,0.49999995763579452,1
66.235326776388206,-258.87206870304317,343.06091304108816,0.0063987023714330484,-0.0063987023714330484,263,0.4999998495857414,1
66.09049076753152,-258.39350600791613,343.26579507746698,0.0064804468778785563,-0.0064804468778785563,263.5,0.49999972262871206,1
65.947101470535458,-257.91450765240722,343.37999674087001,0.0014923902313818786,-0.0014923902313818786,264,0.49999991507325464,1
65.804069813556708,-257.43540230094396,343.35201339792235,0.0029867327280039629,0.0029867327280039629,264.5,0.49999999269882123,1
65.660476406282825,-256.95646504971404,343.2699222994155,0.0027443023467562727,0.0027443023467562727,265,0.49999995722819524,1
65.516225958547977,-256.47772527437979,343.19477667855966,0.0025018485679692893,0.0025018485679692893,265.5,0.49999996415878856,1
65.371319117487474,-255.99918379038539,343.10062784290062,0.004529807601126078,0.004529807601126078,266,0.4999999444896987,1
65.225327899140723,-255.52097213591273,342.9335736812759,0.0071327436754659744,0.0071327436754659744,266.5,0.49999982230781503,1
65.077617073380608,-255.04328906497386,342.6827251512716,0.010827783370905541,0.010827783370905541,267,0.4999996043081642,1
64.927317351938996,-254.56641475837361,342.30871706992326,0.015283017636528637,0.015283017636528637,267.5,0.49999911056010587,1
64.773461625667693,-254.09067628015234,341.87524476120791,0.0089812893369248543,0.0089812893369248543,268,0.49999868416503213,1
64.617637500128694,-253.61557755041639,341.90238544623895,0.010876504067090882,-0.010876504067090882,268.5,0.49999996109670275,1
64.464383076275837,-253.13964595622105,342.47298330303931,0.02338569051588775,-0.02338569051588775,269,0.49999780077895684,1
64.316177320512836,-252.66211759793308,342.99228402974916,0.012868676529229907,-0.012868676529229907,269.5,0.49999827900752397,1
64.171046863685817,-252.18364415126806,343.21021528749418,0.0021839313902713101,-0.0021839313902713101,270,0.49999968866222666,1
64.026333760479048,-251.70504412018175,343.07744851693542,0.011453545380391686,0.011453545380391686,270.5,0.49999987199552542,1
63.878882552901658,-251.22728226965785,342.55391282627693,0.025096730553922742,0.025096730553922742,271,0.49999824442897445,1
63.725994562163194,-250.75123349083211,341.91017328376643,0.012815116752296881,0.012815116752296881,271.5,0.4999971775255585,1
63.570086455416231,-250.27616233549736,341.85704896587532,0.0091058036666982391,-0.0091058036666982391,272,0.4999999403805091,1
63.416187634540677,-249.80043803517728,342.32539245284681,0.016953299854730219,-0.016953299854730219,272.5,0.49999845697953588,1
63.266215616353151,-249.32346080063462,342.74352892368091,0.012237890628111555,-0.012237890628111555,273,0.49999888850996682,1
63.119118818013582,-248.84558832366727,342.98323618160964,0.00040687156601311453,0.00040687156601311453,273.5,0.499999572324478,1
62.971729167232944,-248.36780664458826,342.60632141144748,0.025910058309592487,0.025910058309592487,274,0.49999904201988427,1
62.818192352521294,-247.89197172137838,341.54595100920665,0.036044769567904936,0.036044769567904936,274.5,0.49999242756060419,1
62.657467140325238,-247.41850964654682,341.17223503788836,0.0099490156307058524,-0.0099490156307058524,275,0.49999893013812746,1
62.4990998651392,-246.94425867757715,342.10947634109834,0.049825707368979205,-0.049825707368979205,275.5,0.49999417538459523,1
62.350109374506445,-246.46697885201277,343.05759474604383,0.016367888741315124,-0.016367888741315124,276,0.49999419815609336,1
62.205028929993333,-245.98849001518107,343.04760051082508,0.017064451559031,0.017064451559031,276.5,0.49999990235266728,1
62.056844720940553,-245.51095539570838,342.47337207925551,0.019635710844404377,0.019635710844404377,277,0.49999787260300083,1
61.903981180913384,-245.03489777900148,341.92857591626284,0.018397772869902858,0.018397772869902858,277.5,0.49999811629073981,1
61.746935711457404,-244.56020248612006,341.53909473283949,0.0026633617754499763,0.0026633617754499763,278,0.49999890055921842,1
61.589333238446962,-244.08569134368966,341.84034365721891,0.023697002542253896,-0.023697002542253896,278.5,0.49999936378920706,1
61.437208010039846,-243.60940153080233,342.75445710920377,0.025172592569368255,-0.025172592569368255,279,0.4999940709430114,1
61.290550710558001,-243.13139394321124,342.96099653520776,0.010751026048234439,0.010751026048234439,279.5,0.49999961728581832,1
61.141375315973498,-242.65417005215554,342.20055814362456,0.031221084592846251,0.031221084592846251,280,0.49999594052730628,1
60.985578458357985,-242.17906494497853,341.57990464318414,0.012109859607458109,0.012109859607458109,280.5,0.4999975237024058,1
60.826906094850024,-241.7049098908615,341.50420157247277,0.0053278658062981968,-0.0053278658062981968,281,0.49999993428592565,1
60.669026387905468,-241.2304904921705,341.69525967631591,0.0080105552825937322,-0.0080105552825937322,281.5,0.49999976771917265,1
60.513048190651126,-240.7554427620972,341.96317110463474,0.01069306701555146,-0.01069306701555146,282,0.49999954386630086,1
60.359411074609149,-240.27963270511228,342.21780610465424,0.0055656707530386028,-0.0055656707530386028,282.5,0.49999957375351312,1
60.207095720771058,-239.80339746217379,342.27682011254944,0.0014455998292059618,0.0014455998292059618,283,0.49999997363150112,1
60.054604515073507,-239.32721849664193,342.23117397263877,0.002174213304597048,-0.002174213304597048,283.5,0.49999997503008259,1
59.902664518802233,-238.85086362069094,342.43409769757926,0.011992702096968948,-0.011992702096968948,284,0.49999973030912392,1
59.753542227320374,-238.37362028390626,342.87152136077322,0.011640827605425477,-0.011640827605425477,284.5,0.49999866032038287,1
59.606805132586388,-237.89563683134915,342.89201458396985,0.010210241351628081,0.010210241351628081,285,0.49999995588938556,1
59.457643373528789,-237.41840683068932,342.30987584611927,0.023916342588376296,0.023916342588376296,285.5,0.4999977038896663,1
59.303607771698182,-236.94272636745228,341.89360157675856,0.0051460096956387393,0.0051460096956387393,286,0.49999886973544516,1
59.148348241291018,-236.46744292114374,342.01419432409523,0.012497929264439359,-0.012497929264439359,286.5,0.49999987611715863,1
58.995289661581893,-235.99144660770392,342.31636346770358,0.0085972829419071681,-0.0085972829419071681,287,0.49999941923053848,1
58.844278515485151,-235.51479641906187,342.50677913202583,0.0046962471031436314,-0.0046962471031436314,287.5,0.49999976857790396,1
58.694355449328626,-235.03780266215725,342.57316299462059,0.00013134155036735514,0.00013134155036735514,288,0.49999996989175582,1
58.544401044857693,-234.56081876331882,342.49917332886724,0.0050340835741472705,0.0050340835741472705,288.5,0.49999996317133694,1
58.393276702314978,-234.08420447981624,342.29868576125727,0.0086848165735142323,0.0086848165735142323,289,0.49999974214758358,1
58.240084915054553,-233.60825099532457,342.00269986274174,0.011978953388806612,0.011978953388806612,289.5,0.49999944308349431,1
58.084198144569974,-233.1331734386728,341.7036478480349,0.0047558243863511278,0.0047558243863511278,290,0.49999937004592937,1
57.927223891790284,-232.65845347923724,341.7687792252641,0.0093030391675367179,-0.0093030391675367179,290.5,0.49999995592224056,1
57.77239748533632,-232.18302988677755,342.1838060622942,0.014709578209461779,-0.014709578209461779,291,0.49999880840130667,1
57.620919884678258,-231.70652822614119,342.51605455594586,0.0084859443182237603,-0.0084859443182237603,291.5,0.4999992960898354,1
57.4714637052314,-231.22938810178698,342.66756529208067,0.0015215425658077538,-0.0015215425658077538,292,0.49999984784357665,1
57.32231278714729,-230.75215237083006,342.57615919633326,0.0079030751127897279,0.0079030751127897279,292.5,0.49999993926731529,1
57.17127745182907,-230.27551048128808,342.21487614998421,0.01682520518605575,0.01682520518605575,293,0.49999916338013656,1
57.01729605079754,-229.79981161731996,342.00170410777685,0.0019424456096555269,-0.0019424456096555269,293.5,0.49999968104409065,1
56.86377687811855,-229.32396377936996,342.32618309393132,0.020711185016056854,-0.020711185016056854,294,0.49999930126124204,1
56.714426515331461,-228.84679225548618,342.84143873361296,0.0090739609725167415,-0.0090739609725167415,294.5,0.49999819406694535,1
56.567229359993341,-228.36895027036999,342.82348197954479,0.010327583368666333,0.010327583368666333,295,0.49999996527941032,1
56.417778002641754,-227.89180991299989,342.38533790200427,0.012828512838399475,0.012828512838399475,295.5,0.49999862884362201,1
56.265370693057463,-227.41560437636193,342.172010853963,0.0020647533202349795,0.0020647533202349795,296,0.4999997011392826,1
56.112462567547958,-226.93955916147442,342.25660615913591,0.0064108524085944862,-0.0064108524085944862,296.5,0.49999994146411897,1
55.960990692691048,-226.4630553104075,342.49142864529347,0.0099829825346510505,-0.0099829825346510505,297,0.49999964895415222,1
55.811899221953546,-225.98580169754098,342.82820461234019,0.013060078571723827,-0.013060078571723827,297.5,0.49999927764029545,1
55.665623362403679,-225.5076774305592,343.12410286538659,0.0075974981111888917,-0.0075974981111888917,298,0.49999944176360522,1
55.521164715302028,-225.02900053186235,343.26351461236339,0.0021353949081233947,-0.0021353949081233947,298.5,0.49999987406845475,1
55.37717218761123,-224.55018309459496,343.22564346521528,0.0051974573199147422,0.0051974573199147422,299,0.49999998626210096,1
55.231934864432382,-224.07174220994622,342.96399067728083,0.013069448808765304,0.013069448808765304,299.5,0.49999956014742641,1
55.083699507444017,-223.59422241138967,342.5672109049799,0.0082763917301700331,0.0082763917301700331,300,0.49999887907370644,1
54.933616594883262,-223.11727892275636,342.58143593828515,0.0092696538027985872,-0.0092696538027985872,300.5,0.49999997199243096,1
54.785735184423267,-222.63964996810017,343.07948689569105,0.020662808794666834,-0.020662808794666834,301,0.49999832988280601,1
54.642238532235964,-222.16068491805146,343.51082717015407,0.0094507471832274061,-0.0094507471832274061,301.5,0.49999880835571081,1
54.501006520702951,-221.68104606331389,343.62100607632186,0.0017585166010109627,0.0017585166010109627,302,0.49999991205562383,1
54.359586264702642,-221.20146268010785,343.50370496326036,0.0056522472232744337,0.0056522472232744337,302.5,0.49999991025453044,1
54.216811655551567,-220.72228093701719,343.29848286569245,0.0086749211604475913,0.0086749211604475913,303,0.49999973192957697,1
54.072056032938576,-220.2436940236197,343.06705048803144,0.0043182495820740267,0.0043182495820740267,303.5,0.4999996239532723,1
53.926307882648722,-219.76540805672752,343.08507627146309,0.0055766944492606366,-0.0055766944492606366,304,0.49999998943889479,1
53.781884235587697,-219.28672104933133,343.3707677364855,0.01054409537331453,-0.01054409537331453,304.5,0.4999994408800143,1
53.639575324878443,-218.80740063854617,343.49940442849407,0.0015634484117671389,0.0015634484117671389,305,0.49999988226249847,1
53.496891817549951,-218.32819180951722,343.28118914109962,0.013670858623937927,0.013670858623937927,305.5,0.49999968508275661,1
53.351753662796376,-217.84972078568526,343.04126941950534,0.00065531485200813022,0.00065531485200813022,306,0.499999604611918,1
53.206459713381292,-217.37129693871518,343.24735280859591,0.015043116692020457,-0.015043116692020457,306.5,0.49999970908620667,1
53.064534894692329,-216.89186443536605,343.75260787991522,0.011864319721022094,-0.011864319721022094,307,0.49999817942419456,1
52.925338128179867,-216.41163095917935,343.83178939421418,0.0063361349366766618,0.0063361349366766618,307.5,0.49999993145787947,1
52.784629852715092,-215.93183939169356,343.40619496158342,0.018494646553829566,0.018494646553829566,308,0.49999876701322243,1
52.640151350141124,-215.45316913764867,343.06587632766065,0.0052643198351367444,0.0052643198351367444,308.5,0.49999924981284866,1
52.494413162230956,-214.97488014979749,343.10455457462967,0.0079645869692066065,-0.0079645869692066065,309,0.49999997531505169,1
52.350117751197502,-214.49615422774713,343.32558073626319,0.0049590208656896282,-0.0049590208656896282,309.5,0.4999996740881732,1
52.20700687549909,-214.01707255008529,343.38212620571665,0.0010114068341444506,0.0010114068341444506,310,0.49999997661444739,1
52.063689196123711,-213.53805273344406,343.2943535826837,0.0030619465635113004,0.0030619465635113004,310.5,0.49999994195653497,1
51.919685611842773,-213.05923862766929,343.23909294028454,0.00079597669968648973,0.00079597669968648973,311,0.49999998017465297,1
51.775491111893771,-212.58048196170546,343.2475510651397,0.00069395133220938343,-0.00069395133220938343,311.5,0.49999999902034375,1
51.631258256616448,-212.1017368678898,343.19658783898717,0.0042518754910598798,0.0042518754910598798,312,0.49999998139401497,1
51.486008005516929,-211.6232996965789,343.00393486765773,0.0091978363077664573,0.0091978363077664573,312.5,0.49999976233639326,1
51.338826872918773,-211.14545305386926,342.79622230696901,0.0025256547913671914,0.0025256547913671914,313,0.49999969974165659,1
51.191050644043898,-210.66778984536998,342.87172416847494,0.007796791795474791,-0.007796791795474791,313.5,0.4999999545743038,1
51.045094337831642,-210.18956814541269,343.20234962872189,0.010765530770534174,-0.010765530770534174,314,0.49999923763258303,1
50.901537362387565,-209.71062015691666,343.38532096576853,0.0020084248835347436,-0.0020084248835347436,314.5,0.49999978088299823,1
50.758461383770488,-209.23152806927948,343.3174791790363,0.0065458133670620528,0.0065458133670620528,315,0.49999996409378833,1
50.614251079013471,-208.75277631047987,343.16851786734685,0.0038535922136092521,0.0038535922136092521,315.5,0.49999985855180551,1
50.469118556265713,-208.2743031999855,343.09668568539161,0.0011612471924978777,0.0011612471924978777,316,0.49999996662529206,1
50.323616334279869,-207.79594236044665,343.05262904195604,0.0036185362533002795,0.0036185362533002795,316.5,0.49999998940713214,1
50.177237802354334,-207.31784913931079,342.87728278545637,0.0086230712734310967,0.0086230712734310967,317,0.49999980270468913,1
50.028822438132956,-206.84038470223607,342.58272016103098,0.0087082685146152757,0.0087082685146152757,317.5,0.49999940900770357,1
49.878491203275573,-206.36351949339411,342.46709504980396,0.0006360020864929314,-0.0006360020864929314,318,0.49999990757762047,1
49.728311612750474,-205.88660657022351,342.6190975910713,0.009662628415768355,-0.009662628415768355,318.5,0.49999984569739075,1
49.579361387257073,-205.40930813157146,342.62876749777956,0.0089875904108603997,0.0089875904108603997,319,0.49999996921421119,1
49.428268189415085,-204.93268556774078,342.10408987934858,0.027642497582023081,0.027642497582023081,319.5,0.49999822278349759,1
49.271148615465499,-204.45801784470973,341.35849158265881,0.01158384447443114,0.01158384447443114,320,0.49999600778964032,1
49.111390673189796,-203.98422774659124,341.54796670999383,0.024814917465920048,-0.024814917465920048,320.5,0.4999996571951732,1
48.957395280677119,-203.50854201110553,342.64714261929976,0.035037175927181897,-0.035037175927181897,321,0.49999149978746232,1
48.810968386909359,-203.03046498497079,343.11707266664166,0.0022240460257876332,0.0022240460257876332,321.5,0.499998478133997,1
48.664010184397576,-202.55255191575216,342.51971002601158,0.039484466671064783,0.039484466671064783,322,0.49999761500977707,1
48.510100207525554,-202.07683352866832,341.76018766735092,0.012247713878056952,0.012247713878056952,322.5,0.4999962647764491,1
48.353278544014991,-201.60206319080606,341.81824945889059,0.016301215837785901,-0.016301215837785901,323,0.49999990786004977,1
48.199775388771357,-201.12621192030778,342.39083844344196,0.012917416423103265,-0.012917416423103265,323.5,0.49999765029905918,1
48.049275052428221,-200.64940004461269,342.48014031250131,0.0066828403652945357,0.0066828403652945357,324,0.49999991604326099,1
47.89723625538447,-200.17307771775211,342.06309436966978,0.015301750087449278,0.015301750087449278,324.5,0.49999875487084039,1
47.741896835170245,-199.69782074731251,341.79250159984974,0.0035894544291962239,0.0035894544291962239,325,0.49999952342369375,1
47.585704518271505,-199.2228429357051,341.85712138076235,0.0075040042622929156,-0.0075040042622929156,325.5,0.49999996137755187,1
47.430646540140195,-198.74749366980188,341.97960256154238,0.0010467271010834672,-0.0010467271010834672,326,0.49999990117688942,1
47.275837337425081,-198.27206325182578,341.91709218207689,0.0054108024959236946,0.0054108024959236946,326.5,0.49999997158221704,1
47.119901350050149,-197.79700138716598,341.74963841992877,0.0040836295748802667,0.0040836295748802667,327,0.49999980741261052,1
46.963005273642452,-197.32225555946289,341.69547666951911,0.00030240151146156163,-0.00030240151146156163,327.5,0.49999997971362048,1
46.80615734296584,-196.84749382455084,341.74659704565545,0.001304347513114702,-0.001304347513114702,328,0.49999997829423481,1
46.649556942773152,-196.37265036399654,341.7314265181783,0.002363461196670867,0.002363461196670867,328.5,0.49999999737168976,1
46.492396125353771,-195.89799218676112,341.61287952395173,0.0050772639008750901,0.0050772639008750901,329,0.49999990774837677,1
46.334234406255796,-195.42366653916801,341.52478042143548,0.0010732216305473885,0.0010732216305473885,329.5,0.49999994935264264,1
46.175818165867504,-194.94942578923522,341.55138770305905,0.0029307488797871372,-0.0029307488797871372,330,0.49999999411557561,1
46.018054734032155,-194.47496756972839,341.67464609856302,0.0054508908860858669,-0.0054508908860858669,330.5,0.49999990248204756,1
45.8615848037253,-194.00008133598382,341.86313477580916,0.0077081147422500699,-0.0077081147422500699,331,0.49999977409028351,1
45.706870698366025,-193.52462023980581,342.06675559666536,0.0036972678404198676,-0.0036972678404198676,331.5,0.49999970837582963,1
45.552995143437563,-193.04888680331612,342.04226580939661,0.0054070083387960126,0.0054070083387960126,332,0.49999998899883236,1
45.397851278951471,-192.57356596580954,341.77884957032285,0.0091099804685440613,0.0091099804685440613,332.5,0.49999951725540892,1
45.240822113418567,-192.09886422348669,341.66085352548322,0.00087221016483167804,-0.00087221016483167804,333,0.49999990299230024,1
45.084000015228341,-191.6240941298465,341.82882536517809,0.010854558045520638,-0.010854558045520638,333.5,0.49999981229586282,1
44.929125951856079,-191.14868514237494,342.0517125266133,0.0044962369533417057,-0.0044962369533417057,334,0.49999968087406094,1
44.775320964858814,-190.67292888693572,342.08640439415473,0.0020742237141022617,0.0020742237141022617,334.5,0.49999998861477934,1
44.621246612303608,-190.19725980639782,342.04551825485987,0.0023013142023297095,-0.0023013142023297095,335,0.49999998029507481,1
44.46773325126258,-189.72140960700153,342.23556072327847,0.010966319923364396,-0.010966319923364396,335.5,0.49999976428354742,1
44.316745609639213,-189.24475274225091,342.60146011768455,0.0078312741176729088,-0.0078312741176729088,336,0.49999903463594825,1
44.167420464786289,-188.76757148048205,342.55523791706639,0.011058150235634556,0.011058150235634556,336.5,0.49999995546866827,1
44.015468919476696,-188.29122228410574,341.98752578635322,0.021667642598105524,0.021667642598105524,337,0.49999782900561129,1
43.859513757686052,-187.81616680490725,341.81209074946361,0.0094191242876426051,-0.0094191242876426051,337.5,0.49999972080557314,1
43.705798987682869,-187.34038488158507,342.52739185417425,0.04052214648719607,-0.04052214648719607,338,0.499996669066197,1
43.560044275563214,-186.86210667523568,343.44658735247083,0.017985646063240077,-0.017985646063240077,338.5,0.49999447874338565,1
43.418592648004967,-186.38253259456059,343.54853625272568,0.010866311578182032,0.010866311578182032,339,0.49999986179421835,1
43.27495248184843,-185.90361113426243,343.05498295941584,0.014682427541143976,0.014682427541143976,339.5,0.49999826246457391,1
43.127869763914759,-185.42573439515914,342.77779331437137,0.0046689280703938706,0.0046689280703938706,340,0.4999995036905075,1
42.979647047612019,-184.94820950378079,342.76452938749264,0.0012055430262006693,-0.0012055430262006693,340.5,0.49999999551406893,1
42.831614123014063,-184.47062574222244,342.78928857537323,0.00052297124594336431,-0.00052297124594336431,341,0.49999999606924689,1
42.683706759981462,-183.99300307553986,342.79610814191642,0.00058823982839405968,-0.00058823982839405968,341.5,0.49999999976823456,1
42.536060861210444,-183.51529956054392,342.87424671919155,0.0048668893982029924,-0.0048668893982029924,342,0.49999995966337374,1
42.389577932057961,-183.03723837804785,343.07496258592244,0.009145736028834426,-0.009145736028834426,342.5,0.49999974274257297,1
42.244935769807071,-182.55861700215848,343.2587644957232,0.0025178913275220481,-0.0025178913275220481,343,0.49999977655878758,1
42.100895628918295,-182.07981389642319,343.21722199120643,0.0054181156358992953,0.0054181156358992953,343.5,0.49999997624902237,1
41.955677347702874,-181.60136706265064,343.01257326573113,0.0065782312641532066,0.0065782312641532066,344,0.49999972194606307,1
41.808901906719775,-181.12339549862321,342.85707658818154,0.0042775055401973617,0.0042775055401973617,344.5,0.49999984609458475,1
41.661101630834708,-180.64573973838586,342.76493150197223,0.0024181294279614395,0.0024181294279614395,345,0.49999994683962429,1
41.512714781826013,-180.16826583774386,342.71299257233943,0.0012078870321980545,0.0012078870321980545,345.5,0.49999998275301188,1
41.364039956511334,-179.69088151213697,342.69651478730367,0.00033099238317527445,-0.00033099238317527445,346,0.49999999801749678,1
41.21548903623902,-179.2134586344784,342.75137974925224,0.0034993112055262438,-0.0034993112055262438,346.5,0.49999998002553958,1
41.067773703505999,-178.73577668483898,342.89701089623435,0.0066676521734255548,-0.0066676521734255548,347,0.49999986453572459,1
40.921300487808118,-178.25771233109501,342.99815948580266,0.00027865686752077327,0.00027865686752077327,347.5,0.4999999292375169,1
40.774760543685773,-177.77966845067473,342.88035814575574,0.0079454788022035577,0.0079454788022035577,348,0.49999990683064383,1
40.626556371404185,-177.30213814446552,342.66731003989685,0.0027705784055647494,0.0027705784055647494,348.5,0.49999967002983098,1
40.477716366981056,-176.82480534815593,342.75012297420926,0.0085520229145566659,-0.0085520229145566659,349,0.49999994534939912,1
40.330814839371804,-176.3468731701937,343.07205336952421,0.0063307359808246781,-0.0063307359808246781,349.5,0.49999922554505344,1
40.185210275646114,-175.86854355877321,342.97412495215605,0.013167806293466431,0.013167806293466431,350,0.49999990613941836,1
40.036472530992725,-175.39118165463267,342.34167079277978,0.023433479768098571,0.023433479768098571,350.5,0.49999730420198829,1
39.883250453740139,-174.91523776039929,342.11705240160666,0.0077507849866829785,-0.0077507849866829785,351,0.49999959541547007,1
39.731875032875536,-174.43870595795764,342.78587820348309,0.038944615932374749,-0.038944615932374749,351.5,0.49999707677168387,1
39.587694530387665,-173.95994898885968,343.54199175801,0.010244818824318871,-0.010244818824318871,352,0.49999625274347603,1
39.445967104556829,-173.48045648982495,343.36971064648912,0.02227341580120587,0.02227341580120587,352.5,0.49999971986313124,1
39.299624423408865,-173.00235600686034,342.63954172229882,0.016857779014297719,0.016857779014297719,353,0.49999625212251791,1
39.149322669584265,-172.52548162255255,342.48079300967441,0.0057742905411823304,-0.0057742905411823304,353.5,0.49999979561164398,1
39.000316760308905,-172.04820185094178,342.89728326891083,0.015760382611636505,-0.015760382611636505,354,0.49999874138621903,1
38.854811368784425,-171.56984268008711,343.22417139425926,0.0070607656661435337,-0.0070607656661435337,354.5,0.49999931530299446,1
38.710995626229568,-171.09097214717019,343.30217106230003,0.0014571299673553704,0.0014571299673553704,355,0.49999995510273271,1
38.5668695570441,-170.61219502061027,343.15648522670443,0.0087138244945316624,0.0087138244945316624,355.5,0.4999998607358076,1
38.420659049645415,-170.13405101559445,342.80289912463337,0.015971023533764471,0.015971023533764471,356,0.49999920200571352,1
38.271252943771501,-169.6568956959045,342.50428269145925,0.0015627095606350349,0.0015627095606350349,356.5,0.49999938358045165,1
38.121477601761455,-169.17985584729033,342.72193272634547,0.016758184292072192,-0.016758184292072192,357,0.49999967023994624,1
37.975425733158062,-168.70166490886118,343.28598714278093,0.012941999904775099,-0.012941999904775099,357.5,0.49999772191310532,1
37.832339532169584,-168.222575908956,343.35581767721987,0.0080666223274918382,0.0080666223274918382,358,0.49999993074344895,1
37.687348902888317,-167.74406153643417,342.85966438032278,0.019566091111567166,0.019566091111567166,358.5,0.49999828728640422,1
37.538257276100303,-167.26680802469298,342.51529615754401,0.0044757962452909462,0.0044757962452909462,359,0.499999227647004,1
37.388097722084893,-166.78988870285923,342.60320017920571,0.010612815351727983,-0.010612815351727983,359.5,0.49999993120046393,1
37.239713361029125,-166.31241440197766,342.8448851384934,0.0058483464416211346,-0.0058483464416211346,360,0.49999962660813102,1
37.09272574524428,-165.83450794328422,342.93815848790723,0.00066337936897640441,-0.00066337936897640441,360.5,0.49999994245501411,1
36.945913532635892,-165.35654752794017,342.89189724084741,0.0035899760290190532,0.0035899760290190532,361,0.49999998440683419,1
36.798245553843046,-164.87885096140312,342.7345591036501,0.0073943467989280101,0.0073943467989280101,361.5,0.49999984164202399,1
36.648828606726859,-164.40169882971676,342.48398107254337,0.0082073414449565073,0.0082073414449565073,362,0.4999995808581762,1
36.497536541889126,-163.92513769044001,342.31094345234237,0.0038730053429473148,0.0038730053429473148,362.5,0.49999980835158575,1
36.345321836733667,-163.44887025848053,342.26204592068956,0.00042941809401354563,-0.00042941809401354563,363,0.49999998321084554,1
36.193190884707505,-162.97257608026453,342.32846267482887,0.0042073575113624161,-0.0042073575113624161,363.5,0.49999997076683489,1
36.042062286541196,-162.49596308001145,342.50310866975968,0.0079851598924935846,-0.0079851598924935846,364,0.49999980519391973,1
35.892571770127425,-162.01883373956775,342.65758838681046,0.00024593504393564762,0.00024593504393564762,364.5,0.49999982200986054,1
35.743012152331417,-161.54172610589225,342.47418859960823,0.012558210460867886,0.012558210460867886,365,0.49999977338667329,1
35.590532395108355,-161.06554508184323,342.00127488846914,0.014180369786570743,0.014180369786570743,365.5,0.4999984440247624,1
35.434887342311953,-160.59038793200452,341.78954560891299,0.00060157563634751919,0.00060157563634751919,366,0.49999969950274875,1
35.279098909156602,-160.11527768210104,341.96523476354258,0.011843034820220642,-0.011843034820220642,366.5,0.49999978546830048,1
35.125781777667207,-159.63936486307244,342.3302617946182,0.01364069662541186,-0.01364069662541186,367,0.49999915412316365,1
34.975714150145599,-159.16241769003503,342.74678679641727,0.0154380985410039,-0.0154380985410039,367.5,0.49999889869713443,1
34.828925358975361,-158.68445065317542,343.02850016099148,0.00067955687311103518,-0.00067955687311103518,368,0.49999943753725912,1
34.6822906286002,-158.20643621251151,342.7718215449658,0.018600603363612155,0.018600603363612155,368.5,0.49999954963522664,1
34.531308103396242,-157.72978053978701,342.04241324146619,0.024316714547520518,0.024316714547520518,369,0.49999635324410135,1
34.374809685381095,-157.25490513603793,341.54351513644258,0.010514249900562395,0.010514249900562395,369.5,0.49999840392454914,1
34.215815892274854,-156.78085778718531,341.43854189002826,0.0024394493710062706,-0.0024394493710062706,370,0.49999991520050241,1
34.05719802699948,-156.30668460903715,341.6004492738868,0.0088641241657932413,-0.0088641241657932413,370.5,0.49999983005961779,1
33.900683489448014,-155.83181364099255,341.94643069247837,0.015289898580093872,-0.015289898580093872,371,0.49999923675598074,1
33.747516150672624,-155.35585278749247,342.34137365169482,0.0094500753575240022,-0.0094500753575240022,371.5,0.49999896773099756,1
33.596591408910307,-154.87917511870336,342.4757154856772,7.0949061023415028e-05,7.0949061023415028e-05,372,0.49999987759822578,1
33.445683701615579,-154.40249202683069,342.3640113366796,0.0055259513216623628,0.0055259513216623628,372.5,0.4999999061982332,1
33.293515422799175,-153.92620992923602,342.19634896770935,0.0061790779583199458,0.0061790779583199458,373,0.49999982156708667,1
33.139876618192424,-153.45040020086026,342.01079759594398,0.006247729550431777,0.006247729550431777,373.5,0.4999997798979619,1
32.984925531624029,-152.9750160497689,341.907883665496,0.00093704664835461704,0.00093704664835461704,374,0.49999993033757617,1
32.829751715943267,-152.49970450025444,341.95710811388284,0.004373577300628274,-0.004373577300628274,374.5,0.4999999821747621,1
32.675446592733515,-152.02411031684983,342.07938232502272,0.0026224577892340708,-0.0026224577892340708,375,0.49999989833706421,1
32.521761468813295,-151.54831532059586,342.10120899392166,0.0010986587328443249,0.0010986587328443249,375.5,0.49999999577468551,1
32.367847105718909,-151.07259445670456,342.04265283111607,0.00068172546285076899,0.00068172546285076899,376,0.49999997150823194,1
32.21383490653983,-150.59690525564551,342.10382116160503,0.0049521236152659407,-0.0049521236152659407,376.5,0.49999997350017722,1
32.061000669075426,-150.1208365844775,342.32488223610903,0.0095856420927201858,-0.0095856420927201858,377,0.49999968380889881,1
31.910179528322715,-149.64412631895541,342.5440906860693,0.0057180012393233705,-0.0057180012393233705,377.5,0.49999969375199382,1
31.760721853941856,-149.16698658294155,342.65250217785047,0.001850598809735493,-0.001850598809735493,378,0.4999999241147125,1
31.61167008930758,-148.68971981623002,342.6335377732803,0.0035131815890024074,0.0035131815890024074,378.5,0.49999999514786281,1
31.46177935903496,-148.21271609319462,342.44979042468316,0.0093148358741736888,0.0093148358741736888,379,0.49999978281125357,1
31.309736357884173,-147.73639445091746,342.15522485745174,0.006334064121211634,0.006334064121211634,379.5,0.49999938110016245,1
31.156324100431569,-147.26051142006426,342.17638233752979,0.0078112165511821686,-0.0078112165511821686,380,0.49999997979072858,1
31.004771250270799,-146.78403417445796,342.5994510930397,0.019103912083167616,-0.019103912083167616,380.5,0.4999988319710586,1
30.856699180743366,-146.30646299683411,342.84894012515878,0.0016856729305118738,0.0016856729305118738,381,0.49999956747097501,1
30.708224745911217,-145.82901714166522,342.50286474795598,0.022475427348339905,0.022475427348339905,381.5,0.49999920241604756,1
30.555147628277464,-145.35302859170818,341.93508104393084,0.007373462030593466,0.007373462030593466,382,0.49999770362798757,1
30.400355682494737,-144.87759286080563,342.13296224659581,0.02119011005466474,-0.02119011005466474,382.5,0.49999968069793915,1
30.250469431105756,-144.40059332438975,343.01816378458489,0.026299997854613431,-0.026299997854613431,383,0.49999444606556748,1
30.10632311799684,-143.92182283934056,343.31961096914011,0.0052522395465268044,0.0052522395465268044,383.5,0.49999933693668303,1
29.960920536867263,-143.44343418881348,342.71858873621125,0.034415532663402124,0.034415532663402124,384,0.49999761154655925,1
29.809350917652111,-142.96696352897541,342.11677660132852,0.0075997264526126993,0.0075997264526126993,384.5,0.49999763914997963,1
29.655971074491163,-142.49107027858005,342.28309521214589,0.019211848734799458,-0.019211848734799458,385,0.49999976205988017,1
29.506683933735474,-142.01388037548384,342.96094598258259,0.019794237691899256,-0.019794237691899256,385.5,0.49999685400208899,1
29.362077428047513,-141.53524907016404,343.36193672781064,0.0082010125012470531,-0.0082010125012470531,386,0.49999896791834714,1
29.219449626415269,-141.05602337831832,343.44706198852805,5.2222424779368398e-07,5.2222424779368398e-07,386.5,0.49999995352346027,1
29.076941570686916,-140.57676201833158,343.42644815874485,0.001438600038658606,0.001438600038658606,387,0.49999999712381166,1
28.934088829777611,-140.09760330768384,343.36462194210128,0.0029641506156010936,0.0029641506156010936,387.5,0.49999997557490311,1
28.790274314003206,-139.61873262932272,343.16499817997328,0.010972487604794835,0.010972487604794835,388,0.49999974154139809,1
28.643834984142366,-139.14065904846876,342.73591798998905,0.018983341359320265,0.018983341359320265,388.5,0.49999882603924051,1
28.493108271790934,-138.6639205304389,342.21908125719739,0.011015887388741395,0.011015887388741395,389,0.49999815638618117,1
28.339813846466363,-138.18799956195278,342.158284583159,0.0067712711424487192,-0.0067712711424487192,389.5,0.49999994908035605,1
28.188114315625171,-137.71156906657629,342.58241116856766,0.017909014431599739,-0.017909014431599739,390,0.49999876458059977,1
28.040270397395162,-137.23392782442428,342.9821786914369,0.010000134785711309,-0.010000134785711309,390.5,0.49999898036107088,1
27.894816354299302,-136.75555252665788,343.15539386287656,0.0020928037131794602,-0.0020928037131794602,391,0.49999980416599071,1
27.749985099673101,-136.27698810415694,343.1517423744221,0.0018925388868888283,0.0018925388868888283,391.5,0.49999999880025553,1
27.604701350837686,-135.79856092816021,343.04781350303108,0.0053630729818785264,0.0053630729818785264,392,0.49999993040787122,1
27.458183770396868,-135.32051030565077,342.87697279379535,0.0046042434497185055,0.0046042434497185055,392.5,0.49999979905985703,1
27.310597202777501,-134.84278844788005,342.80824287243053,0.00019404696105339869,0.00019404696105339869,393,0.49999996833357058,1
27.162963142526806,-134.36508125491829,342.86334108266118,0.0031402969156226479,-0.0031402969156226479,393.5,0.49999997795350876,1
27.015925331293559,-133.88719020056948,342.92198618237114,0.00095389629623963555,-0.00095389629623963555,394,0.49999997775888705,1
26.869115459353793,-133.40922905049032,342.91799516406536,0.001232521903618381,0.001232521903618381,394.5,0.49999999948395729,1
26.722061224330293,-132.93134303977533,342.87425551307956,0.0013917009929401212,0.0013917009929401212,395,0.49999998727544054,1
26.574675459096245,-132.45355916739464,342.83990927464674,0.0010061197292709431,0.0010061197292709431,395.5,0.49999999250070748,1
26.42705339671701,-131.9758482466172,342.82013082714991,2.4813855980590124e-05,2.4813855980590124e-05,396,0.49999999713112825,1
26.279437047319735,-131.49813556206973,342.84561869850529,0.0018041991199713465,-0.0018041991199713465,396.5,0.49999999558692865,1
26.132251690981519,-131.0202899467202,342.92331736172417,0.0033016926646094432,-0.0033016926646094432,397,0.49999996122918378,1
25.98555615789649,-130.54229369490815,342.92282060068624,0.0033363759940481202,0.0033363759940481202,397.5,0.49999999617346419,1
25.838063500290467,-130.0645430471674,342.73215283291319,0.0099748325277097694,0.0099748325277097694,398,0.49999976546433716,1
25.688363530628969,-129.58747978566259,342.44549528986829,0.0067051440664510622,0.0067051440664510622,398.5,0.49999943639394245,1
25.537087405269926,-129.11091342742651,342.37216276944434,0.0015854854540766187,-0.0015854854540766187,399,0.49999995990604729,1
25.386177635518564,-128.63423105828844,342.52174232857197,0.006297439207554224,-0.006297439207554224,399.5,0.49999983965347133,1
25.236586644427828,-128.15713311893313,342.64086807589177,0.0020191010634471526,-0.0020191010634471526,400,0.49999990835257718,1
25.087477357670117,-127.67988431700837,342.63742848970605,0.0022592317798478816,0.0022592317798478816,400.5,0.49999999833601083,1
24.937972533890125,-127.2027593040165,342.56996688612497,0.0019083583614509373,0.0019083583614509373,401,0.49999997035598431,1
24.788012844756352,-126.72577703918428,342.52911771195875,0.00094345200013706235,0.00094345200013706235,401.5,0.49999998932956818,1
24.637812426605031,-126.24887051659931,342.50410489232968,0.0016940228479225248,0.0016940228479225248,402,0.49999999689691904,1
24.487188236361355,-125.77209771331803,342.41825251229807,0.0042996197361493734,0.0042996197361493734,402.5,0.49999995263524927,1
24.335539721504006,-125.29564985230047,342.25869118955876,0.0062609025354331575,0.0062609025354331575,403,0.49999983632662259,1
24.182583045640143,-124.8196202799943,342.13292190875859,0.002519456498349931,0.002519456498349931,403.5,0.4999998984013117,1
24.029026791403332,-124.34378367633974,342.11433614353371,0.0012219175658456014,-0.0012219175658456014,404,0.49999999659274386,1
23.875704855869358,-123.86787154192403,342.17354871410771,0.0020058539447951385,-0.0020058539447951385,404.5,0.49999997559999837,1
23.722855436011827,-123.39180742967514,342.22353094696501,0.001483563700282245,-0.001483563700282245,405,0.49999998412210939,1
23.570358029027819,-122.91563043175117,342.25708554058849,0.00060409469718914323,-0.00060409469718914323,405.5,0.49999999248873211,1
23.417986465372934,-122.43941314320823,342.24904432798706,0.0011654747468260059,0.0011654747468260059,406,0.49999999931782518,1
23.265337425471774,-121.96328474828495,342.19030920591678,0.0029349956648955138,0.0029349956648955138,406.5,0.49999997783496342,1
23.111925140146596,-121.4874018272025,342.05563315352532,0.0066083255087591797,0.0066083255087591797,407,0.4999998838666404,1
22.956941342325127,-121.01202866541267,341.81151520972622,0.010434342325139104,0.010434342325139104,407.5,0.49999962053708419,1
22.799580307921961,-120.5374373376448,341.52521668780912,0.0055565136081825181,0.0055565136081825181,408,0.49999942354057031,1
22.640962719200733,-120.06326390339241,341.54174956771055,0.0067108296433461435,-0.0067108296433461435,408.5,0.49999998520244449,1
22.483934519655939,-119.58856264768509,341.90277002160758,0.015699523022543876,-0.015699523022543876,409,0.49999913762163867,1
22.330095137511474,-119.11281814494403,342.21132053087979,0.0058415157223430068,-0.0058415157223430068,409.5,0.49999938738655902,1
22.177645791365975,-118.63662576356418,342.23747770477996,0.0040153063292732525,0.0040153063292732525,410,0.49999998722439876,1
22.024409364429072,-118.16068627915355,342.06350357065691,0.0061165876536324829,0.0061165876536324829,410.5,0.49999979536140438,1
21.869725353435186,-117.6852152694497,341.89714089227152,0.0054977041645539806,0.0054977041645539806,411,0.49999982432592693,1
21.713741526882973,-117.21016904774315,341.75527695634929,0.0035416930665951047,0.0035416930665951047,411.5,0.49999986690352066,1
21.556957143654358,-116.73538631202604,341.71687637671567,0.00086081952088432718,-0.00086081952088432718,412,0.49999998895940334,1
21.400377141253479,-116.26053618473458,341.80459826468859,0.005263323844399162,-0.005263323844399162,412.5,0.49999994054057251,1
21.244887153914533,-115.78532809839537,341.95679843846403,0.0050872018725034128,-0.0050872018725034128,413,0.49999986148481862,1
21.090606362618658,-115.30972604335228,342.09582229108452,0.0046185066972464078,-0.0046185066972464078,413.5,0.49999987732407031,1
20.93740113498902,-114.8337763864962,342.2063194146682,0.0022433916145491676,-0.0022433916145491676,414,0.49999991763446994,1
20.784717628832798,-114.35765902156108,342.21448995241337,0.001672979758747936,0.001672979758747936,414.5,0.49999999824492009,1
20.631637199428511,-113.88166919666602,342.11361132638655,0.0040817525752705041,0.0040817525752705041,415,0.49999993127021858,1
20.477841389390317,-113.40590997046455,342.08879283024226,0.0023490890934554794,-0.0023490890934554794,415.5,0.49999999250113064,1
20.324604539247311,-112.92997058052697,342.24820659427519,0.0087801408356533075,-0.0087801408356533075,416,0.49999983513587831,1
20.173192261137928,-112.45344775681332,342.46198668396937,0.0029542151949859064,-0.0029542151949859064,416.5,0.49999967948220192,1
20.022472335962728,-111.97670519322945,342.40139404878232,0.0071843668625666711,0.0071843668625666711,417,0.49999996777733607,1
19.870089868576802,-111.50049208681816,342.09955242372513,0.0077360243675212758,0.0077360243675212758,417.5,0.49999933908408017,1
19.716146637699808,-111.0247805608102,342.11598799020186,0.0088835940878765687,-0.0088835940878765687,418,0.49999997430966486,1
19.564318462093201,-110.54839139081913,342.60857044485942,0.025504908893842767,-0.025504908893842767,418.5,0.49999843619036172,1
19.417033993248598,-110.07057734023806,342.99375491316692,0.0007122527227663584,0.0007122527227663584,419,0.49999898169449303,1
19.269579208896765,-109.59281604378926,342.56620529890682,0.02913793721205326,0.02913793721205326,419.5,0.49999876981117447,1
19.115631647972979,-109.11711263253956,341.63227671363973,0.016857232489746132,0.016857232489746132,420,0.49999358694785367,1
18.957997707025996,-108.64261179403356,341.8459225650912,0.031779550626420031,-0.031779550626420031,420.5,0.49999950508113217,1
18.807701058551547,-108.16575015007533,343.24776020490799,0.044339157270578397,-0.044339157270578397,421,0.49998610982826103,1
18.667217431624248,-107.68589457894629,343.91532875379619,0.0022777114219317148,-0.0022777114219317148,421.5,0.49999701856933315,1
18.527404246766878,-107.20584162850194,343.49528990694762,0.018283118178734546,0.018283118178734546,422,0.49999856188821484,1
18.383747021152846,-106.72692415083921,343.17951591462122,0.0037610093847477754,0.0037610093847477754,422.5,0.49999934888153158,1
18.239189322396477,-106.2482771101446,343.27982216364353,0.010763743621594652,-0.010763743621594652,423,0.49999991783543885,1
18.096453449745802,-105.76908390258062,343.50861248625819,0.0039961842749971005,-0.0039961842749971005,423.5,0.49999965951669012,1
17.954675090837927,-105.28960617493155,343.50774596006789,0.0040566321135807933,0.0040566321135807933,424,0.49999999436612497,1
17.811990099278429,-104.81039771834163,343.31875144629419,0.0067285601499672294,0.0067285601499672294,424.5,0.49999975168356187,1
17.667728591254672,-104.33166142687469,343.15020263007028,0.0050383591474325315,0.0050383591474325315,425,0.49999981946477895,1
17.522261828437568,-103.85328988778798,343.03096503227528,0.0028886847434995491,0.0028886847434995491,425.5,0.49999990849266585,1
17.376191747167677,-103.37510213335457,343.02106314876841,0.0021974111182394675,-0.0021974111182394675,426,0.49999999713225629,1
17.230647178210006,-102.89675429008815,343.15686866237826,0.0072836148458060154,-0.0072836148458060154,426.5,0.49999988071069529,1
17.086682352430451,-102.41792878659335,343.35094299337868,0.0032643448610057083,-0.0032643448610057083,427,0.49999973385871915,1
16.943479765459127,-101.93887450179531,343.32277175494357,0.0052311006759359875,0.0052311006759359875,427.5,0.49999998869864004,1
16.799039849216751,-101.4601922793283,343.0690812818691,0.0096067226334210411,0.0096067226334210411,428,0.49999955950987118,1
16.652486152397376,-100.98215279043139,342.86716671157205,0.0044896182834339828,0.0044896182834339828,428.5,0.49999973899617722,1
16.504859640142151,-100.5044432644829,342.81184170970897,0.00062717778285820537,-0.00062717778285820537,429,0.49999997830256693,1
16.357253946213113,-100.02672729258246,342.84906126553807,0.0013509839373168815,-0.0013509839373168815,429.5,0.49999999068905199,1
16.209970405396753,-99.548911900315133,342.88778646077816,0.0013525394467825606,-0.0013525394467825606,430,0.49999999048298799,1
16.062992260937961,-99.071002474439098,342.91333425698537,0.00055567347291392971,0.00055567347291392971,430.5,0.4999999942897112,1
15.91585964800937,-98.593140612070002,342.84084009632926,0.0045053971374036722,0.0045053971374036722,431,0.49999996529405411,1
15.76765126833615,-98.11561149608039,342.65613128891994,0.0078581694768346776,0.0078581694768346776,431.5,0.49999978042313264,1
15.617720351545609,-97.638620451643575,342.45235487072046,0.0063680964962681266,0.0063680964962681266,432,0.49999973628250644,1
15.466271404043397,-97.162109117648043,342.29126585297115,0.0048780579863642965,0.0048780579863642965,432.5,0.49999983512570206,1
15.313799720939555,-96.685923902412824,342.24174056954701,0.003208939017357435,-0.003208939017357435,433,0.49999997335712965,1
15.162099541590118,-96.209492720124459,342.48465889587516,0.013750100011631657,-0.013750100011631657,433.5,0.49999961587119346,1
15.013623196909263,-95.732048367846275,342.97229652376132,0.012849564335804106,-0.012849564335804106,434,0.49999833444934838,1
14.867857494040646,-95.253767800432698,343.02236289558857,0.009354353076643734,0.009354353076643734,434.5,0.49999994129823205,1
14.719856814581792,-94.776176368467191,342.43623582583461,0.031566451995688111,0.031566451995688111,435,0.49999777700220427,1
14.565839447881416,-94.30049179900756,341.77110778993597,0.013848225712903168,0.013848225712903168,435.5,0.4999971588592404,1
14.408531080302435,-93.825882546103273,341.64308575108134,0.0049093818129992191,-0.0049093818129992191,436,0.49999986545271108,1
14.252245478931881,-93.350936145920798,341.96738224220911,0.013911102486809442,-0.013911102486809442,436.5,0.49999927224151752,1
14.099229130100284,-92.874926921855007,342.40492788757382,0.01663550268400624,-0.01663550268400624,437,0.49999878440399198,1
13.950166551903797,-92.397665248146893,342.9047668281039,0.014955249726502629,-0.014955249726502629,437.5,0.49999835740655563,1
13.804379718678645,-91.919391386265758,343.11964012862109,4.6092522582520665e-05,-4.6092522582520665e-05,438,0.49999968770041586,1
13.658603909466304,-91.441114156709716,342.90740945967991,0.014862888179682551,0.014862888179682551,438.5,0.49999969486322243,1
13.509891860925668,-90.963742420883136,342.52712816838164,0.0085753746324469145,0.0085753746324469145,439,0.49999904754632729,1
13.359137197373764,-90.487010887412026,342.4237293391692,0.0013566692447352091,-0.0013566692447352091,439.5,0.49999992358835804,1
13.208600888567176,-90.010210384782638,342.53225194956258,0.0015719706411769325,-0.0015719706411769325,440,0.49999989957673918,1
13.05835836213716,-89.533317171800974,342.45275855354214,0.0071214758054759649,0.0071214758054759649,440.5,0.49999995333604746,1
12.906423038583831,-89.056961235054615,342.13470147187843,0.010633723897169848,0.010633723897169848,441,0.49999932101629424,1
12.752880948803003,-88.581120192194078,342.23210950559815,0.017435226118337366,-0.017435226118337366,441.5,0.49999987140485097,1
12.603494827828595,-88.103963448596446,343.13386457600933,0.045519437311117752,-0.045519437311117752,442,0.49999477107313567,1
12.463584927925647,-87.623945009882377,344.17050221896523,0.012099861780800993,-0.012099861780800993,442.5,0.49999248153981801,1
12.326535824007005,-87.143095516825738,343.76062438345286,0.0407302986464598,0.0407302986464598,443,0.49999869185601747,1
12.180052980658106,-86.665054230591082,342.10009711328649,0.052147857607309105,0.052147857607309105,443.5,0.4999806943677555,1
12.02178443854984,-86.190769912118242,341.18513346450101,0.011745808746665047,0.011745808746665047,444,0.49999454614057753,1
11.860730087521786,-85.717419105672832,341.42466386890578,0.026087990661912645,-0.026087990661912645,444.5,0.49999948994732762,1
11.704228133343028,-85.24254585298641,342.05561500248132,0.017957383806674811,-0.017957383806674811,445,0.49999746777233989,1
11.55199550812095,-84.766285191543901,342.45344810267136,0.0098160326240811918,-0.0098160326240811918,445.5,0.49999898981864199,1
11.401988499524988,-84.289317898593382,342.56079759490802,0.0039203673682906672,0.0039203673682906672,446,0.49999990117244547,1
11.251039733810346,-83.812648506481324,342.21964432737377,0.019897420766008252,0.019897420766008252,446.5,0.49999923924667361,1
11.095473981427133,-83.337468649289718,341.52552059126663,0.017753953321064012,0.017753953321064012,447,0.49999659998362955,1
10.936071090264688,-82.863558753712695,341.43108539433047,0.011160737776189832,-0.011160737776189832,447.5,0.49999987083675462,1
10.779316617954402,-82.388769807404543,342.16500781096386,0.039403417339022473,-0.039403417339022473,448,0.49999650811348834,1
10.629556845269212,-81.911727670286339,342.81903831584992,0.0062593413268167515,-0.0062593413268167515,448.5,0.49999719009312743,1
10.481290389498115,-81.434217032254011,342.52374523255924,0.026876636827308231,0.026876636827308231,449,0.4999993513405428,1
10.32756146483305,-80.958440623914299,341.74643558315961,0.015123332877088272,0.015123332877088272,449.5,0.49999577299344616,1
10.17028764122248,-80.483819859663029,341.72321870412674,0.013502568871141129,-0.013502568871141129,450,0.49999992545154281,1
10.016133074062161,-80.008180467646014,342.43010126515981,0.024703302767793402,-0.024703302767793402,450.5,0.49999646180218249,1
9.8673620017740014,-79.530827364778915,342.85571517921835,0.0050114435399912774,-0.0050114435399912774,451,0.49999881676521568,1
9.7197873158013159,-79.053101965823871,342.71731476563491,0.014418636635901243,0.014418636635901243,451.5,0.49999984474666903,1
9.5699949964800606,-78.576067509154029,342.47389141966221,0.0025751930802740243,0.0025751930802740243,452,0.49999961177778085,1
9.4195884965043604,-78.099226011127129,342.56977661803745,0.0092693947566113849,-0.0092693947566113849,452.5,0.49999992947547345,1
9.2711251323661088,-77.621776508525912,342.86165487585777,0.0062828232958567643,-0.0062828232958567643,453,0.49999939802503474,1
9.1241320716144134,-77.143871681712895,342.89644240444994,0.0038540890556786,0.0038540890556786,453.5,0.49999998340033092,1
8.9762427895190555,-76.666243805405855,342.66992631236974,0.0072456778989690379,0.0072456778989690379,454,0.49999962798411446,1
8.8269280240837222,-76.189059269504398,342.6380074630228,0.005017362711866276,-0.005017362711866276,454.5,0.49999998048049782,1
8.678811045458561,-75.711502257032947,342.9574103426088,0.01728118246744817,-0.01728118246744817,455,0.49999933951726744,1
8.5338556102672865,-75.232976068494608,343.26009063567301,0.0024024188007594092,-0.0024024188007594092,455.5,0.49999939130815141,1
8.3894748157293666,-74.754275757736693,343.09389763349645,0.01400527731283527,0.01400527731283527,456,0.49999980135108624,1
8.2420173638603593,-74.276515659006293,342.62049188468933,0.011463908356795146,0.011463908356795146,456.5,0.49999841204806039,1
8.091903721094253,-73.799581915167835,342.50944658476953,0.0037112073421581753,-0.0037112073421581753,457,0.49999990175626857,1
7.942669513925197,-73.322372857093058,342.82219954225263,0.01503252154844013,-0.01503252154844013,457.5,0.49999933369754884,1
7.7966265951847511,-72.844177710226006,343.19156327391568,0.010753798509777843,-0.010753798509777843,458,0.49999913260067691,1
7.6531568515703032,-72.365203760439584,343.43834970237742,0.0064752995403694353,-0.0064752995403694353,458.5,0.49999961190665054,1
7.5109899014871537,-71.885841123168973,343.4578832416903,0.0063869830558145584,0.0063869830558145584,459,0.49999997970698012,1
7.3672917085435907,-71.406936276060875,343.06917658323806,0.020750666811029904,0.020750666811029904,459.5,0.49999902323792156,1
7.218809922451987,-70.929495168334739,342.40118147430854,0.015932252293604669,0.015932252293604669,460,0.49999685213780376,1
7.0667493552714697,-70.453178598539225,342.30993892492756,0.0095617640958527064,-0.0095617640958527064,460.5,0.49999989075301393,1
6.9169666002184025,-69.976143494357814,342.94178666070286,0.030060457780861818,-0.030060457780861818,461,0.49999736432570996,1
6.7729570269582826,-69.497333050030264,343.4674544425215,0.0066392425343123262,-0.0066392425343123262,461.5,0.49999819878446333,1
6.6305373939532153,-69.018045592721194,343.32224835300394,0.016777028943458266,0.016777028943458266,462,0.49999981859905873,1
6.4847381262431858,-68.539777049397685,342.81797795768614,0.010480079331410664,0.010480079331410664,462.5,0.49999822599442473,1
6.3364650702615357,-68.062267828119673,342.76333735479466,0.0066653303375381013,-0.0066653303375381013,463,0.49999995553566928,1
6.1897246028733424,-67.584286442916323,343.1398550756478,0.012137594480055485,-0.012137594480055485,463.5,0.49999896936915639,1
6.045545595133003,-67.105525239389706,343.26738555352347,0.0032341118237263116,0.0032341118237263116,464,0.49999987627522779,1
5.9005927184171156,-66.626998310241376,342.9545438677934,0.018606585813346399,0.018606585813346399,464.5,0.49999935838793069,1
5.7522554794490528,-66.149509809876605,342.60719944195523,0.0038798858260933361,0.0038798858260933361,465,0.49999920444463325,1
5.6029922464197206,-65.672309263320926,342.73380213255984,0.012718722582420756,-0.012718722582420756,465.5,0.49999987436739152,1
5.4565172895620941,-65.194246871991837,343.18291755276971,0.011117544938321006,-0.011117544938321006,466,0.4999985629876661,1
5.3126144682844414,-64.715402554650169,343.29502422343762,0.0032907837378697538,0.0032907837378697538,466.5,0.49999990222206664,1
5.1679292822915031,-64.236794551688135,343.00524057933558,0.013281198986880641,0.013281198986880641,467,0.49999942354478488,1
5.0206501610401402,-63.758978116299147,342.78657589972943,0.0019845359967759105,0.0019845359967759105,467.5,0.49999968548431345,1
4.872896909923246,-63.281307836920242,342.89152999790076,0.0093117000310243055,-0.0093117000310243055,468,0.49999991901752716,1
4.726896386524988,-62.803099181154558,343.10669771473329,0.0019014030891253678,-0.0019014030891253678,468.5,0.4999996712816796,1
4.5813425939628107,-62.324754129002173,342.9865248219445,0.010291334852704932,0.010291334852704932,469,0.49999989544788997,1
4.4333876708043798,-61.847147459735645,342.56926837551748,0.013366297031504572,0.013366297031504572,469.5,0.49999878981321949,1
4.2824396401912654,-61.370477402151366,342.33831953641823,0.0027572786233000524,0.0027572786233000524,470,0.49999965174325633,1
4.1308344778652533,-60.894015618570485,342.41119679197595,0.0075806993647127788,-0.0075806993647127788,470.5,0.49999995645696854,1
3.9805554654236652,-60.417134079719339,342.59562958098229,0.0052950792841542126,-0.0052950792841542126,471,0.49999978367740888,1
3.8315395002709498,-59.939856223663753,342.71458093436001,0.0030092855315811064,-0.0030092855315811064,471.5,0.49999990975140418,1
3.6832447915102668,-59.462353700294194,342.76977938594456,0.00091861455161136303,-0.00091861455161136303,472,0.49999998047071131,1
3.5351701062366696,-58.984782881230828,342.76786862112419,0.0010520129672268452,0.0010520129672268452,472.5,0.49999999963972963,1
3.38684543797631,-58.507289665082766,342.71169698894107,0.0022423953726940365,0.0022423953726940365,473,0.49999997868196522,1
3.2380675914182344,-58.029937442908,342.67617094818013,0.00023778930310093123,0.00023778930310093123,473.5,0.49999999164164488,1
3.0892329890684844,-57.552602908487444,342.69807231230664,0.0017667801667532769,-0.0017667801667532769,474,0.49999999660709776,1
2.9406228925104743,-57.075198430067211,342.69324322297939,0.0031921125385322383,0.0031921125385322383,474.5,0.49999999681467594,1
2.7912498231005558,-56.598032342693848,342.51228717951119,0.0094410864915054973,0.0094410864915054973,475,0.49999978880409895,1
2.6396802281635141,-56.121559921692842,342.19650734137792,0.0087073572169752058,0.0087073572169752058,475.5,0.49999931008346266,1
2.4861463941753614,-55.64571617274531,342.08388892400677,0.00084499885067735963,-0.00084499885067735963,476,0.49999991159153634,1
2.332813640100003,-55.169807679382274,342.24478357740395,0.010103389411440939,-0.010103389411440939,476.5,0.49999982752737965,1
2.1815770934660117,-54.693229325780415,342.54703645388366,0.010997540337545462,-0.010997540337545462,477,0.4999994201592976,1
2.0329634023793197,-54.215826677412679,342.87487560633849,0.01188952877904214,-0.01188952877904214,477.5,0.49999931784647361,1
1.8869004150656099,-53.737637087461771,343.06347071180238,0.005415807656552191,0.005415807656552191,478,0.49999968020032032,1
1.7394863141933492,-53.259864063889452,342.50867863757173,0.033320678399466917,0.033320678399466917,478.5,0.4999979791853284,1
1.5841511582653214,-52.784617322945159,341.18799230391886,0.046671575943608837,0.046671575943608837,479,0.49998847531253809,1
1.4198560819348121,-52.312382706746099,340.74253700580425,0.0155610703768959,-0.0155610703768959,479.5,0.49999840484057689,1
1.2592461477939998,-51.83889274057907,342.08078330047647,0.077896044410617149,-0.077896044410617149,480,0.49998829886865459,1
1.1138853702910843,-51.360510540847635,343.85569332825764,0.033234234513311686,-0.033234234513311686,480.5,0.49997928422699528,1
0.97648348770723192,-50.879760763173969,343.96169573007245,0.025823677563453207,0.025823677563453207,481,0.49999962607072557,1
0.83314430101211667,-50.400761130298527,342.60561344427481,0.044749961213117147,0.044749961213117147,481.5,0.49998677056220792,1
0.67998132514174026,-49.924801118751503,341.91552602452816,0.0034322084086961116,0.0034322084086961116,482,0.4999968297592618,1
0.52600100357572943,-49.449103348435479,342.40761644892757,0.035644032666126792,-0.035644032666126792,482.5,0.49999830811034685,1
0.3785335762885193,-48.971348993954457,343.21285363321374,0.020570426727789991,-0.020570426727789991,483,0.49999586531919049,1
0.23598686377464251,-48.49210007096957,343.58626244247631,0.0054999105296648244,-0.0054999105296648244,483.5,0.49999909542986959,1
0.094857166100327669,-48.012431015842886,343.58467259713086,0.0032327288474420751,0.0032327288474420751,484,0.49999999401177014,1
-0.047026192654499338,-47.532984520957555,343.42151161228139,0.0081581472033128086,0.0081581472033128086,484.5,0.49999982894935074,1
-0.19085749591702242,-47.054119213168477,343.12714079897052,0.010129438871771828,0.010129438871771828,485,0.49999942680179627,1
-0.33688591160079273,-46.575918950111515,342.94738128356232,0.0024203448878917051,0.0024203448878917051,485.5,0.49999978977481563,1
-0.4834929978891821,-46.097895575804024,342.98845788893107,0.0052880355637301034,-0.0052880355637301034,486,0.49999998413428987,1
-0.62904018845062326,-45.61954861240789,343.162772173495,0.005709490986043066,-0.005709490986043066,486.5,0.49999980207059219,1
-0.77322268801295457,-45.140788479655647,343.31236984279576,0.0047343885284491733,-0.0047343885284491733,487,0.49999985789296625,1
-0.91627952069633556,-44.661690728418655,343.4272017009153,0.0026297455578637259,-0.0026297455578637259,487.5,0.49999991261773596,1
-1.0587269127158054,-44.182411336019001,343.45024952983317,0.0010207052141362435,0.0010207052141362435,488,0.49999999547213014,1
-1.2014188746535024,-43.703204741051771,343.36876162056774,0.0045744002835958249,0.0045744002835958249,488.5,0.49999995666171471,1
-1.3450925819203279,-43.224291654761565,343.23033973891029,0.0050892353162726557,0.0050892353162726557,489,0.49999987837978854,1
-1.4899844604223582,-42.745745737803134,343.07717235591167,0.0056038143045536674,0.0056038143045536674,489.5,0.49999985109341089,1
-1.636093271114883,-42.267569895509141,342.98127406896242,0.0020450035234222232,-0.0020450035234222232,490,0.49999992071554744,1
-1.7816829943640706,-41.789236069112619,343.22238051458288,0.014788010015659972,-0.014788010015659972,490.5,0.49999961699076639,1
-1.923742205646775,-41.309843858711361,343.80901437251759,0.02064191133268365,-0.02064191133268365,491,0.49999771089842809,1
-2.0615642124343831,-40.829214512124942,344.08506442555836,0.0013688589033720615,0.0013688589033720615,491.5,0.49999947435477493,1
-2.1997150914551842,-40.348679919114126,343.7305693455109,0.023380954539066724,0.023380954539066724,492,0.49999916045358578,1
-2.3427256338478153,-39.869571211560839,343.07549695693615,0.017054086088852592,0.017054086088852592,492.5,0.49999716888080054,1
-2.489807969158969,-39.391694466604157,342.77085467518054,0.0042148913008694918,0.0042148913008694918,493,0.49999939673061183,1
-2.6379465906421262,-38.914143489117166,342.79158167892206,0.0015487527204254366,-0.0015487527204254366,493.5,0.49999998727371125,1
-2.7858476860258832,-38.436518884088805,342.77771198652363,0.0025171287666289886,0.0025171287666289886,494,0.49999999734421241,1
-2.934349756582983,-37.959080903014993,342.64735954832543,0.0065831272017385098,0.0065831272017385098,494.5,0.49999989073157208,1
-3.0839971119145839,-37.482000605443886,342.5545014560447,0.00014740288165135989,-0.00014740288165135989,495,0.49999994128827435,1
-3.2336093084744015,-37.004909291830018,342.6558050311084,0.006924894225065344,-0.006924894225065344,495.5,0.49999993088525563,1
-3.3817222277173764,-36.527350647573073,342.85817874908412,0.0027581087271213219,-0.0027581087271213219,496,0.49999969555111451,1
-3.5292256700263724,-36.049603147647737,342.77027706474013,0.0088950485848083051,0.0088950485848083051,496.5,0.49999993917790825,1
-3.6788486356429004,-35.572516319969537,342.35593688670122,0.017518565322816679,0.017518565322816679,497,0.49999887298266271,1
-3.832244213541121,-35.09662904213225,341.94106944751218,0.011444779316972577,0.011444779316972577,497.5,0.49999890452491275,1
-3.9883607419422793,-34.621626665178191,341.70018158807437,0.0053726828689296992,0.0053726828689296992,498,0.49999962855189767,1
-4.1457211312856046,-34.147034540286406,341.64784751998371,0.0019971877194539045,-0.0019971877194539045,498.5,0.4999999771435823,1
-4.3026068075879964,-33.672285448048378,341.81570516344073,0.0097215913373720486,-0.0097215913373720486,499,0.49999981600965659,1
-4.457227040271011,-33.196794390732713,342.1619000155373,0.0093949554122878046,-0.0093949554122878046,499.5,0.49999916194141625,1
-4.6098241702673937,-32.720649383491647,342.23206932828435,0.0044960649231052937,0.0044960649231052937,500,0.49999995200372477,1
-4.7634911407172646,-32.244849253642869,341.90427801016631,0.018388462010675764,0.018388462010675764,500.5,0.49999930137086784,1
-4.9206481474928303,-31.770190779217245,341.50819613778424,0.0084171424047645334,0.0084171424047645334,501,0.49999899212170007,1
-5.0798016857764896,-31.29619700882623,341.42244110531391,0.0024300765793526121,-0.0024300765793526121,501.5,0.4999999431176953,1
-5.2384538622443921,-30.822035364784213,341.60001405946662,0.0074832511986352539,-0.0074832511986352539,502,0.49999977777858123,1
-5.3953623677664657,-30.347293960418881,341.82450814487794,0.0081894028167584856,-0.0081894028167584856,502.5,0.49999968012383611,1
-5.5503267457438854,-29.871914465929237,342.06665629023951,0.0077563158552440403,-0.0077563158552440403,503,0.49999962222301547,1
-5.7036174087990847,-29.395992346849404,342.19559767010253,0.0012455200887497519,-0.0012455200887497519,503.5,0.49999989080932933,1
-5.8566116798242387,-28.919974775413714,342.13802063014663,0.0052651611294947335,0.0052651611294947335,504,0.49999997528205031,1
-6.0106408745317355,-28.444291193716484,341.9988082427414,0.0020125994562127216,0.0020125994562127216,504.5,0.49999986271852559,1
-6.1651406473954822,-27.968760113253772,342.03436426338271,0.0044949064951703551,-0.0044949064951703551,505,0.49999998830098363,1
-6.3185933320855927,-27.492890388190993,342.23437606023924,0.0067839985007363849,-0.0067839985007363849,505.5,0.49999972166984991,1
-6.4705497240379914,-27.016540559619461,342.3557649395006,0.001690576723124492,-0.001690576723124492,506,0.49999990423530999,1
-6.6221034328681032,-26.540062367808936,342.33124038426979,0.003402714643316704,0.003402714643316704,506.5,0.49999999393118971,1
-6.7741849055287116,-26.063752384359169,342.26993713235652,0.00034563388042177658,0.00034563388042177658,507,0.49999997466053564,1
-6.9263485975016907,-25.58746864697908,342.31196838586436,0.0032799776456036039,-0.0032799776456036039,507.5,0.49999998764759396,1
-7.0777851001296126,-25.110953276224407,342.41941505922944,0.0016200031765744448,-0.0016200031765744448,508,0.49999991289363183,1
-7.2288848643508565,-24.634330950974586,342.36868318839015,0.0051617452906938775,0.0051617452906938775,508.5,0.49999997967426102,1
-7.3812136861945685,-24.158100391167402,342.12558466173772,0.010266725020227772,0.010266725020227772,509,0.49999961605841053,1
-7.535334956377632,-23.682446561911153,342.03583210059139,0.0040006712074338495,-0.0040006712074338495,509.5,0.49999993120896885,1
-7.688504217073838,-23.206485939459764,342.35482993857693,0.018270223721616279,-0.018270223721616279,510,0.49999933654609563,1
-7.8376759079068687,-22.729258709714912,342.89118975294809,0.01264333352263489,-0.01264333352263489,510.5,0.49999802215201883,1
-7.9838699766538044,-22.251108999687247,343.03355343125656,0.0027039263885188119,0.0027039263885188119,511,0.49999985093630189,1
-8.1306984911881912,-21.773154149692829,342.75481239660104,0.012368447939502883,0.012368447939502883,511.5,0.49999945131326057,1
-8.2800236299072019,-21.295973160736043,342.53784675726058,0.0027785660917073575,0.0027785660917073575,512,0.49999969327513355,1
-8.4300116484586525,-20.81899983094668,342.59561094196198,0.0068112773448790274,-0.0068112773448790274,512.5,0.49999996303934141,1
-8.5786196369895169,-20.341595032897402,342.8211868434405,0.0073651078564321119,-0.0073651078564321119,513,0.49999967545555629,1
-8.7254708696554122,-19.863646832614165,343.01286105908628,0.0060163118737465724,-0.0060163118737465724,513.5,0.49999976668942342,1
-8.8708760473961661,-19.385256637050375,343.16923732867184,0.0049502264864123395,-0.0049502264864123395,514,0.49999984492535754,1
-9.015096654406852,-18.90650794157262,343.29663753447596,0.0039439813451761481,-0.0039439813451761481,514.5,0.4999998969081722,1
-9.1583851479485361,-18.427479389400414,343.3844486294106,0.0010966771380726689,-0.0010966771380726689,515,0.49999994617764243,1
-9.3014483094066662,-17.948383454536522,343.33683375737047,0.0044208672029093362,0.0044208672029093362,515.5,0.49999998296950149,1
-9.4455700657190693,-17.469605167405817,343.13114767354296,0.009938768559460312,0.009938768559460312,516,0.49999972887031013,1
-9.5916831354218264,-16.991430869222775,342.91056874525606,0.0051457845611816771,0.0051457845611816771,516.5,0.49999968858071042,1
-9.739026085659761,-16.513633822471991,342.83645535840481,2.8374309867643632e-05,2.8374309867643632e-05,517,0.4999999628685875,1
-9.8863711137653034,-16.035837417792571,342.91216145371834,0.0055166256902678922,-0.0055166256902678922,517.5,0.499999961632002,1
-10.032394095299402,-15.557635670551669,343.15516478390663,0.011448342466036224,-0.011448342466036224,518,0.49999962220021688,1
-10.175677409742505,-15.078606644850426,343.56681034871855,0.015908568592207361,-0.015908568592207361,518.5,0.4999989156609071,1
-10.315940320767041,-14.59868369123754,343.76371279869863,0.0021617092888975174,0.0021617092888975174,519,0.49999972561351846,1
-10.456721809579337,-14.118913026186144,343.44293215188935,0.020233943581531723,0.020233943581531723,519.5,0.49999931863560076,1
-10.601920827659157,-13.640462708873084,342.84144237408975,0.012824769394185757,0.012824769394185757,520,0.49999746098186498,1
-10.750118435684577,-13.162930088129114,342.77714589586429,0.0083355695967910065,-0.0083355695967910065,520.5,0.49999993489905614,1
-10.896643757686334,-12.684882622327939,343.14188305460112,0.010422792455774441,-0.010422792455774441,521,0.49999904954574137,1
-11.040727018841606,-12.206092687729589,343.32225612995353,0.0021696847151891924,-0.0021696847151891924,521.5,0.49999978761778519,1
-11.18428824482379,-11.727145769696344,343.2702045787571,0.0048758131416398835,0.0048758131416398835,522,0.49999997589905071,1
-11.328922219733306,-11.248521909539145,343.0870058712996,0.0079139633600988409,0.0079139633600988409,522.5,0.49999978620985913,1
-11.475448900485839,-10.770474351699695,342.81676290210225,0.010952605535023115,0.010952605535023115,523,0.49999953572840095,1
-11.624452137466129,-10.293193009295342,342.52483774366834,0.008038001578999544,0.008038001578999544,523.5,0.49999944443759742,1
-11.775368555022025,-9.8165127545409518,342.36227915304642,0.003310807613620351,0.003310807613620351,524,0.49999983036058698,1
-11.92707170237129,-9.3400821209323457,342.33766676346318,0.0019732485165822751,-0.0019732485165822751,524.5,0.49999999355637059,1
-12.078282386505602,-8.8634951051289708,342.48710402602245,0.0084595989762970732,-0.0084595989762970732,525,0.49999985462871205,1
-12.227475668330273,-8.3862733038077639,342.82237386718407,0.014946622396233643,-0.014946622396233643,525.5,0.49999928299735891,1
-12.373602770683391,-7.9081036442837949,343.1345396701895,0.00462024450082854,-0.00462024450082854,526,0.4999993533309689,1
-12.518626800222799,-7.4295976369350125,343.08223718657109,0.0082717516205245856,0.0082717516205245856,526.5,0.49999996821271919,1
-12.665580957985791,-6.9516818669361413,342.70294307158866,0.013821733736657489,0.013821733736657489,527,0.49999900769645939,1
-12.815680015285091,-6.4747441110402502,342.38351688402417,0.0084784890297711236,0.0084784890297711236,527.5,0.49999935000072482,1
-12.967799737475287,-5.9984465023971891,342.21715208698464,0.0031361262834738793,0.0031361262834738793,528,0.49999982187828934,1
-13.120553009499067,-5.5223515266825229,342.24671459842432,0.0053482446442619626,-0.0053482446442619626,528.5,0.4999999880147194,1
-13.272032412902615,-5.0458502182133103,342.52370176420987,0.013989273968386265,-0.013989273968386265,529,0.49999950662812293,1
-13.420317545234289,-4.5683460431132854,342.95040990413145,0.0096122020425106168,-0.0096122020425106168,529.5,0.49999871770693299,1
-13.566412573987668,-4.0901659434261379,342.99414233951086,0.0065589776036534134,0.0065589776036534134,530,0.49999996516325973,1
-13.714074070170975,-3.6124683973134695,342.57752462133993,0.02019067676346694,0.02019067676346694,530.5,0.4999988630158651,1
-13.865580279758435,-3.1359759747896896,342.21818920378314,0.0048959944584480884,0.0048959944584480884,531,0.49999916026543451,1
-14.018252767286793,-2.6598551373470896,342.29698631422389,0.010397209824334666,-0.010397209824334666,531.5,0.49999994029513584,1
-14.168704540541871,-2.1830288729555209,342.67192495594753,0.01048533955994854,-0.01048533955994854,532,0.49999902248826,1
-14.316693793967303,-1.7054318071507648,342.85726909924034,0.0024542473786799243,-0.0024542473786799243,532.5,0.49999977639467946,1
-14.464092146062391,-1.2276518261881524,342.81997956829491,0.0033300298851625348,0.0033300298851625348,533,0.49999998440898163,1
-14.612109782395255,-0.75006335586920314,342.74885503000638,0.0016353816205226931,0.0016353816205226931,533.5,0.49999996764716054,1
-14.760517896363904,-0.27259604994697462,342.7262796445375,5.932517509556365e-05,-5.932517509556365e-05,534,0.49999999651636262,1
-14.908931842505465,0.20486944473885793,342.74334738286245,0.00098461989170541019,-0.00098461989170541019,534.5,0.49999999802489703,1
-15.057110974886035,0.68240785691437411,342.78219230687313,0.0017272680011294812,-0.0017272680011294812,535,0.49999999037617143,1
-15.204877608924903,1.1600740571728958,342.84233190898073,0.0024734206520629679,-0.0024734206520629679,535.5,0.49999997700459048,1
-15.352053305585896,1.6379226440491805,342.92395807875835,0.0032251608083753085,-0.0032251608083753085,536,0.49999995766730898,1
-15.498458234823589,2.1160079179359124,343.02711988169892,0.0039768866375333202,-0.0039768866375333202,536.5,0.49999993241244084,1
-15.644125336317298,2.5943185708497065,343.070484357201,0.0013024827953450782,0.0013024827953450782,537,0.49999998514839833,1
-15.790103933834272,3.0725341681145029,342.95217763929338,0.0069569159384679754,0.0069569159384679754,537.5,0.4999999084003402,1
-15.937654857273138,3.5502667073795315,342.73141395298899,0.00498494040878413,0.00498494040878413,538,0.49999965408015451,1
-16.086343706663207,4.027646657283233,342.70806632486608,0.0033549561995111889,-0.0033549561995111889,538.5,0.49999999050300314,1
-16.234232611577298,4.5052747273262783,342.92029899100794,0.0098133353829185262,-0.0098133353829185262,539,0.49999970148964396,1
-16.380182668095824,4.9834989046629774,343.10357168970961,0.0029815418517109673,-0.0029815418517109673,539.5,0.49999978278707635,1
-16.525419695370999,5.4619403335494399,343.09113149998484,0.003850019944362027,0.003850019944362027,540,0.49999999496665004,1
-16.671383273342506,5.9401605148396168,342.97883549748792,0.001490731762570161,0.001490731762570161,540.5,0.49999990788744547,1
-16.817693172169541,6.4182749366173111,343.01908661823506,0.0043008091154011253,-0.0043008091154011253,541,0.49999998680659585,1
-16.962997178701926,6.8966957862082863,343.20071257765301,0.0049254314189427851,-0.0049254314189427851,541.5,0.49999976363765797,1
-17.10730823733957,7.375417323251928,343.20157607796494,0.0048651359925957396,0.0048651359925957396,542,0.49999999167454434,1
-17.252783248262819,7.8537859224504292,342.92196067676241,0.014655531710541276,0.014655531710541276,542.5,0.49999949550200123,1
-17.400752844520255,8.3313890423885475,342.72993631292582,0.0016431122660754433,-0.0016431122660754433,543,0.49999974159114652,1
-17.548329890881707,8.8091133050271679,343.016206102902,0.018343031576653963,-0.018343031576653963,543.5,0.49999945572608739,1
-17.691847336605388,9.2880709674612945,343.58748586200636,0.012884845402375935,-0.012884845402375935,544,0.49999769962612073,1
-17.832363335296339,9.767920081167043,343.67504133436654,0.0067718872894794221,0.0067718872894794221,544.5,0.49999991781230102,1
-17.974478308539602,10.247296726035009,343.23246783940778,0.017827729933467415,0.017827729933467415,545,0.49999863326293292,1
-18.120358679286728,10.725541645664972,342.90015666772609,0.0053721673672021903,0.0053721673672021903,545.5,0.49999928572067875,1
-18.267523370003211,11.203393648418285,342.92464921937886,0.0070820422188254267,-0.0070820422188254267,546,0.49999998272902973,1
-18.413726812992454,11.68154056941102,343.02680521145237,0.0011447793719005937,0.0011447793719005937,546.5,0.49999992479673616,1
-18.560204064849309,12.159603563205449,342.85800423188761,0.010639789078695805,0.010639789078695805,547,0.4999998113471934,1
-18.708988747478156,12.636952956080552,342.55373434329442,0.0046608898949214057,0.0046608898949214057,547.5,0.49999932466274039,1
-18.85882914324527,13.113972644260153,342.64399193262267,0.010962363558290694,-0.010962363558290694,548,0.49999992711460367,1
-19.006096775670766,13.591791206048349,343.13319103309055,0.016289815763540515,-0.016289815763540515,548.5,0.4999983335467737,1
-19.149842952966381,14.070682257822217,343.37658728015401,0.00070297330573633628,-0.00070297330573633628,549,0.49999960295602602,1
-19.293420786035355,14.549623927578436,343.17380809355319,0.014123936603187746,0.014123936603187746,549.5,0.49999971717757763,1
-19.439475325465658,15.027815933666817,342.90184830712349,0.0048623200530884189,0.0048623200530884189,550,0.49999952317480095,1
-19.586692138550308,15.505651891104318,342.89521507188374,0.0043991906420640329,-0.0043991906420640329,550.5,0.49999999227501379,1
-19.733175787360619,15.983713025073305,343.00593958328238,0.00030248969022746185,-0.00030248969022746185,551,0.49999990718048776,1
-19.879595157631435,16.461793866541893,342.89982746076902,0.0077105968106678758,0.0077105968106678758,551.5,0.49999992296980927,1
-20.027796654149697,16.939324734801097,342.605850642679,0.010082751006381566,0.010082751006381566,552,0.49999941371029849,1
-20.178354497164101,17.41611813643603,342.35880257007835,0.0071645214007172954,0.0071645214007172954,552.5,0.49999961193560916,1
-20.330615342993703,17.892370663407647,342.20120716073257,0.0026291589750662503,0.0026291589750662503,553,0.49999983461956937,1
-20.483396291621322,18.368456740463603,342.25932663830588,0.0066867890662448649,-0.0066867890662448649,553.5,0.4999999710300847,1
-20.634584435282314,18.845050348603795,342.58429827347646,0.015739275948926445,-0.015739275948926445,554,0.49999932210328385,1
-20.782978431998316,19.32252168051393,342.81156744919377,0.00012747028871412972,-0.00012747028871412972,554.5,0.49999965105726502,1
-20.931342005233951,19.800002488421285,342.59160058600298,0.015484473154758189,0.015484473154758189,555,0.49999967178299842,1
-21.08291720445586,20.2764724651175,342.14781575839902,0.010985767401759675,0.010985767401759675,555.5,0.49999867971031031,1
-21.237096073307907,20.752107504019545,341.9808410833794,0.00067154216122579434,0.00067154216122579434,556,0.49999981383181141,1
-21.391506257140438,21.227667637747757,342.06267173893355,0.0037656230209028281,-0.0037656230209028281,556.5,0.49999994566278844,1
-21.545057977394855,21.703505636298789,342.16643974826025,0.0034787112116296173,-0.0034787112116296173,557,0.49999993165813816,1
-21.697794842221409,22.179605836641642,342.24787497661987,0.00023413925696579149,-0.00023413925696579149,557.5,0.4999999506435468,1
-21.850580446916599,22.655690338801794,342.12328615832212,0.0089322283597097242,0.0089322283597097242,558,0.4999998941991432,1
-22.005489124274177,23.131087381374886,341.74061899777087,0.015269516042674836,0.015269516042674836,558.5,0.49999904640700799,1
-22.163321911331714,23.605522328396589,341.53444999317804,0.00087586826398005529,-0.00087586826398005529,559,0.49999970762574975,1
-22.320946857310251,24.08002621322612,341.790806121245,0.017021534946231969,-0.017021534946231969,559.5,0.49999956031285997,1
-22.475356034398043,24.555585725256126,342.17118908750547,0.0064413680454156559,-0.0064413680454156559,560,0.49999904345023216,1
-22.628234898168014,25.031640379634226,342.15408521457761,0.0076354541639390159,0.0076354541639390159,560.5,0.4999999809426488,1
-22.782673396593264,25.507190787966508,341.87358079030048,0.0069832373258469733,0.0069832373258469733,561,0.4999994406605332,1
-22.938737881613218,25.982210604985962,341.79012269494672,0.0011566941354118315,-0.0011566941354118315,561.5,0.49999995004573683,1
-23.094533147448669,26.457318691645877,341.93501215095961,0.0084827627798116853,-0.0084827627798116853,562,0.4999998588663645,1
-23.248327247727268,26.93307774180446,342.26655964359412,0.014663740412315959,-0.014663740412315959,562.5,0.49999929908780977,1
-23.39863128482267,27.409949907921369,342.76798264910332,0.016845689609450386,-0.016845689609450386,563,0.49999836638154016,1
-23.545761817291581,27.887812299483823,342.88302966565396,0.0088136571791121079,0.0088136571791121079,563.5,0.49999985885435294,1
-23.694996310666884,28.365019349178077,342.26289164845724,0.034481745221355303,0.034481745221355303,564,0.49999750228463902,1
-23.850836795799374,28.840109274852118,341.5585207475911,0.0090026429900715264,0.0090026429900715264,564.5,0.49999669427236793,1
-24.0088123152265,29.314496665772154,341.75716561288397,0.022871706927745896,-0.022871706927745896,565,0.49999966140207458,1
-24.161885241996139,29.790484242805938,342.54379678344645,0.016453326457739809,-0.016453326457739809,565.5,0.49999549438001523,1
-24.311211697050624,30.267665043853317,342.54658750704039,0.016258898943094978,0.016258898943094978,566,0.4999999070673482,1
-24.464320420384027,30.743640639094863,341.71155715736569,0.027920015286052601,0.027920015286052601,566.5,0.49999504840181108,1
-24.623300116518195,31.217691879696794,341.35800101555907,0.0032345267931057045,-0.0032345267931057045,567,0.49999912249837175,1
-24.781512873137206,31.691998529875629,341.89465762651105,0.031513916023459418,-0.031513916023459418,567.5,0.49999807475714836,1
-24.933996285890764,32.168177609374411,342.49052045452487,0.010085248304152101,-0.010085248304152101,568,0.49999770691202,1
-25.084077109374302,32.645121740834071,342.47256068873713,0.011338894132506064,0.011338894132506064,568.5,0.49999995811130515,1
-25.236263655897829,33.12139730686706,342.13053501455465,0.0055137917377509667,0.0055137917377509667,569,0.49999915974209547,1
-25.389737948716803,33.597260309715971,342.19160324100881,0.0097772750223448501,-0.0097772750223448501,569.5,0.49999995603666464,1
-25.541009277757436,34.07382700296305,342.59070542468032,0.0096391970549982633,-0.0096391970549982633,570,0.49999882810080176,1
-25.690204689950818,34.551048857036974,342.59758134551367,0.0091593128572613446,0.0091593128572613446,570.5,0.49999996902530647,1
-25.841581104630819,35.027581509955972,342.07334845214956,0.023645828019771178,0.023645828019771178,571,0.49999818821610714,1
-25.997622450676712,35.502607686179559,341.63749888196025,0.0067827949014956854,0.0067827949014956854,571.5,0.49999876977190244,1
-26.155274366033105,35.977103033662289,341.68468224832964,0.010076749210954337,-0.010076749210954337,572,0.49999996119829426,1
-26.310967400027291,36.452243982716062,342.02416660919596,0.010765873783221429,-0.010765873783221429,572.5,0.49999924230146175,1
-26.464104935238087,36.928215029005351,342.29273137394318,0.0079834980936585361,-0.0079834980936585361,573,0.49999954159594745,1
-26.615341891414872,37.404793623495046,342.48119791995236,0.0051450589129432784,-0.0051450589129432784,573.5,0.49999977363934039,1
-26.765353008966908,37.881759652401236,342.58708292863253,0.0022471045581114063,-0.0022471045581114063,574,0.49999992811974658,1
-26.914828160511995,38.358893988856124,342.60993545699068,0.00065647781284750364,0.00065647781284750364,574.5,0.49999999595367317,1
-27.064460806488825,38.835978936234362,342.54908911627911,0.0035914111732044227,0.0035914111732044227,575,0.49999997575692251,1
-27.214949883812046,39.312794313045714,342.40416185037481,0.0065264268146124219,0.0065264268146124219,575.5,0.49999986595732837,1
-27.366839044456711,39.789165505369446,342.24328346586498,0.0036694424630716051,0.0036694424630716051,576,0.49999982999724618,1
-27.519600407642404,40.265257881844036,342.19714679684864,0.00044848333512930355,-0.00044848333512930355,576.5,0.49999998501957343,1
-27.672276739411274,40.74137752511205,342.25194821917518,0.001985574693086216,-0.001985574693086216,577,0.49999997698805809,1
-27.824515185457852,41.217637377817368,342.28757558550956,0.00050168189279912437,-0.00050168189279912437,577.5,0.49999999175356852,1
-27.976633865537309,41.693935505791558,342.28173757552008,0.00027225146791539213,0.00027225146791539213,578,0.49999999954083357,1
-28.128619257891586,42.170276147486497,342.35165737376201,0.0051536185511886108,-0.0051536185511886108,578.5,0.49999996641942901,1
-28.279376608655696,42.64700657059052,342.57702344116751,0.010579980113336891,-0.010579980113336891,579,0.49999967512224791,1
-28.427793578074947,43.124470541628781,342.86617303318405,0.0071334796465824558,-0.0071334796465824558,579.5,0.49999944045090783,1
-28.574517359988342,43.602458048335919,342.97205767186358,0.0002587593207103855,-0.0002587593207103855,580,0.49999992474706922,1
-28.721169346912522,44.08046761522106,342.89127865470584,0.0045557369338728752,0.0045557369338728752,580.5,0.49999995130252817,1
-28.868844612183967,44.558161956680735,342.74701094129625,0.0055160659361989982,0.0055160659361989982,581,0.49999986783556621,1
-29.017836795850311,45.035447135436463,342.57523067973239,0.0064764638315143695,0.0064764638315143695,581.5,0.49999981265351834,1
-29.168269050486725,45.512280414881531,342.4167249816976,0.0043599836180607436,0.0043599836180607436,582,0.49999983962130656,1
-29.31974041705876,45.988784740178332,342.32568670991668,0.0019957017292564264,0.0019957017292564264,582.5,0.49999994691775707,1
-29.471649310378638,46.465149815533323,342.32751387703217,0.0035940497308031951,-0.0035940497308031951,583,0.49999999688763619,1
-29.622679484594311,46.941793884431242,342.54927427338095,0.011887910809807684,-0.011887910809807684,583.5,0.49999968193907945,1
-29.770874605294765,47.419325941548479,343.00466604848111,0.017257165332406451,-0.017257165332406451,584,0.49999865937224502,1
-29.915856540647891,47.897844496913997,343.17608071234224,0.0052895333538342908,0.0052895333538342908,584.5,0.4999997694077874,1
-30.062103292042433,48.375976711406238,342.70154642640824,0.0278405689551234,0.0278405689551234,585,0.49999852682654156,1
-30.21427426685533,48.852253989050489,341.95023401717867,0.01357367354790572,0.01357367354790572,585.5,0.49999605076012915,1
-30.369619519163173,49.327509460976707,341.9914038515434,0.016448575852788458,-0.016448575852788458,586,0.49999991101039143,1
-30.521081488429413,49.80401160497793,342.84467312758125,0.03264613587663192,-0.03264613587663192,586.5,0.49999502134698304,1
-30.665732285869939,50.282628535502901,343.39439888916314,0.0057346785725829923,-0.0057346785725829923,587,0.4999980193814027,1
-30.809010385639088,50.761659863482244,343.17333815684322,0.021168788884485739,0.021168788884485739,587.5,0.49999962705897111,1
-30.956373160482983,51.239448583059271,342.60617288197466,0.012262398351185193,0.012262398351185193,588,0.49999784796011676,1
-31.106654429924436,51.716329521945241,342.48910498206527,0.0040892734849231685,-0.0040892734849231685,588.5,0.49999988981768634,1
-31.256006130288288,52.193501810122683,342.79409319779745,0.011372807784671101,-0.011372807784671101,589,0.4999993230056114,1
-31.402910959480547,52.671433520296887,342.99036476284186,0.0023295884906308598,-0.0023295884906308598,589.5,0.49999974842998263,1
-31.549259053659551,53.149536232283751,342.92757208515775,0.006713361551150457,0.006713361551150457,590,0.49999996787901974,1
-31.696745366796566,53.62728895094029,342.78923772089013,0.0017270866373418571,0.0017270866373418571,590.5,0.49999987274644808,1
-31.844643818428874,54.104914362588147,342.83027396441776,0.0045919881413174282,-0.0045919881413174282,591,0.49999998584701871,1
-31.991480517731691,54.582867000459977,343.02209244370988,0.0058848288641730612,-0.0058848288641730612,591.5,0.49999974031071925,1
-32.137003299452481,55.061221543016977,343.10982774987048,0.00024028517846249965,-0.00024028517846249965,592,0.49999994838467021,1
-32.282468611114901,55.539593579842624,343.03586088960168,0.0054041443577645589,0.0054041443577645589,592.5,0.49999996251376155,1
-32.429042627784213,56.017626927074147,342.86920151707483,0.0060051399929068518,0.0060051399929068518,593,0.49999982342791899,1
-32.577051286478536,56.495218004814724,342.69194232031322,0.0063699003562263743,0.0063699003562263743,593.5,0.49999980058585863,1
-32.7265580850258,56.972342224956947,342.52147815887145,0.0041401080003492241,0.0041401080003492241,594,0.49999980425813806,1
-32.877018082444231,57.449166904125939,342.47773918650506,0.0010865472274873861,-0.0010865472274873861,594.5,0.49999998548776581,1
-33.027218993261052,57.926073197564712,342.58371344690283,0.0062200166015956874,-0.0062200166015956874,595,0.49999992633170653,1
-33.176175134681436,58.403369645540025,342.74670060590211,0.0051586281474404775,-0.0051586281474404775,595.5,0.49999983131667169,1
-33.32389970103965,58.881048764662403,342.87928122054171,0.0040972533607316368,-0.0040972533607316368,596,0.49999988835124076,1
-33.470677822358105,59.359019617028743,342.95915680892767,5.9391067502662864e-05,-5.9391067502662864e-05,596.5,0.49999995260957864,1
-33.617466346906227,59.836987260080804,342.86413680636969,0.00669312459399598,0.00669312459399598,597,0.49999993874375304,1
-33.765802284491599,60.314476543706526,342.61093605615446,0.0087346878882462332,0.0087346878882462332,597.5,0.49999956635654891,1
-33.916183231614902,60.791325858644512,342.39310062943787,0.0064730717776868016,0.0064730717776868016,598,0.49999969841443753,1
-34.068106635338879,61.267686153473477,342.24075773741879,0.0035382878871098658,0.0035382878871098658,598.5,0.49999985108859429,1
-34.220580305528159,61.743870721564278,342.30417593040255,0.0079659179695777699,-0.0079659179695777699,599,0.49999996298881083,1
-34.371155788086391,62.220657919655416,342.69720394074574,0.019473128910676585,-0.019473128910676585,599.5,0.49999900821025872,1
-34.517337664191665,62.698809179150508,343.25963828019195,0.011500469742764278,-0.011500469742764278,600,0.49999776785341848,1
-34.660872574206714,63.177763963623185,343.26815629853166,0.010905523158679048,0.010905523158679048,600.5,0.49999995596229463,1
-34.806768317450235,63.656003261994186,342.80333929165494,0.011082617624165715,0.011082617624165715,601,0.49999839440038896,1
-34.955138196592529,64.133482410231991,342.76639166595976,0.0085031205811318799,-0.0085031205811318799,601.5,0.49999995803859681,1
-35.101483823784257,64.611584092616809,343.27291767837528,0.020192568803306762,-0.020192568803306762,602,0.49999826129431019,1
-35.24421345008281,65.090779311135236,343.40600807294157,0.010900640413689593,0.010900640413689593,602.5,0.49999980367420938,1
-35.389548414482725,65.569187136180403,342.65959779029373,0.034896335824889421,0.034896335824889421,603,0.49999629892787373,1
-35.541433679380219,66.045557768115685,342.12779312189195,0.0022340382433164675,0.0022340382433164675,603.5,0.4999981126598399,1
-35.693851242054599,66.521759153400424,342.53157912946762,0.030427359125527364,-0.030427359125527364,604,0.49999887275743216,1
-35.839783566638161,66.999982677051577,343.46174751134038,0.021250954475445744,-0.021250954475445744,604.5,0.4999939818954689,1
-35.980705580086834,67.479712458043238,343.66121579948566,0.0073233477810763876,0.0073233477810763876,605,0.49999967664463085,1
-36.123363091099797,67.958926860945795,343.07376989890531,0.026002093255836849,0.026002093255836849,605.5,0.49999760939195242,1
-36.271413127191948,68.436503506189155,342.55418735310997,0.010271667872136708,0.010271667872136708,606,0.49999826526578012,1
-36.421914553536496,68.913315071696374,342.48520681198619,0.0054555988934701372,-0.0054555988934701372,606.5,0.4999999483331859,1
-36.571442451152642,69.390432519292432,342.71001340896169,0.0066530146029499448,-0.0066530146029499448,607,0.49999965096595972,1
-36.719394009753032,69.868041367222418,342.84956163846664,0.0030892342120722072,-0.0030892342120722072,607.5,0.49999987531327739,1
-36.86660308141613,70.345879706205309,342.89204666416282,0.00058912844985331016,-0.00058912844985331016,608,0.49999998898184017,1
-37.01363289449904,70.823773243667631,342.90399689001214,0.00024515482884430718,-0.00024515482884430718,608.5,0.49999999908344667,1
-37.160604127637335,71.301684800957943,342.90609307027722,9.8811568259424881e-05,9.8811568259424881e-05,609,0.49999999996184258,1
-37.307728154577916,71.779549317531348,342.8460331403291,0.0045526820319193705,0.0045526820319193705,609.5,0.49999997550314612,1
-37.455939777793155,72.257077384378107,342.64441432959785,0.0095230592285647352,0.0095230592285647352,610,0.4999997398824309,1
-37.606366912907376,72.733911795294404,342.34411145618697,0.0079395372318618092,0.0079395372318618092,610.5,0.4999993784121774,1
-37.758600696169076,73.210173076841556,342.24709148844204,0.00116615967742635,-0.00116615967742635,611,0.499999933067102,1
-37.91055674284371,73.686522929756251,342.41076028385493,0.0099584706631950515,-0.0099584706631950515,611.5,0.499999822492803,1
-38.060441517021282,74.163528178061057,342.70448970596243,0.010547791640885007,-0.010547791640885007,612,0.4999994524402917,1
-38.207808514955396,74.641317206383533,343.01510824456784,0.011137531757690118,-0.011137531757690118,612.5,0.49999938766507429,1
-38.352623415573362,75.119886081382319,343.27778428209149,0.0043539057105052917,-0.0043539057105052917,613,0.49999952355836763,1
-38.496423864325678,75.59876123216084,343.23892464900638,0.0070669393167919498,0.0070669393167919498,613.5,0.49999997909451793,1
-38.641907957883653,76.077126721159729,342.88623944968026,0.013748986633643373,0.013748986633643373,614,0.49999916254283111,1
-38.790181372488888,76.554635562310665,342.67348094197945,0.0011046441849843405,0.0011046441849843405,614.5,0.49999969885591494,1
-38.938718552533345,77.032062572958964,342.82294536462769,0.011539492923495686,-0.011539492923495686,615,0.49999984435210593,1
-39.084897825551991,77.510216209388133,343.14921511829021,0.0074602217924612307,-0.0074602217924612307,615.5,0.49999927989017984,1
-39.229302643126466,77.988909425793949,343.23459341811844,0.0014995384303558099,0.0014995384303558099,616,0.49999994677165982,1
-39.374059061608072,78.467496300543246,343.07053384640733,0.0090507560459571115,0.0090507560459571115,616.5,0.49999981737388771,1
-39.520938348718786,78.945435392877471,342.73916586789403,0.014083388897320812,0.014083388897320812,617,0.49999930096292561,1
-39.671179266238425,79.42232765457419,342.26360586930809,0.019116845801889343,0.019116845801889343,617.5,0.49999856256128855,1
-39.825219238731172,79.898007133227622,341.93458910296062,0.0024559639597851843,0.0024559639597851843,618,0.49999927953704881,1
-39.979843125978299,80.373497613227556,342.12426545567257,0.015698613511094379,-0.015698613511094379,618.5,0.49999974307791345,1
-40.130893828197706,80.850132950095528,342.71054979680036,0.01589987278026463,-0.01589987278026463,619,0.49999755898626241,1
-40.27836009896987,81.327891739703432,342.89065567794609,0.0033253513293729671,0.0033253513293729671,619.5,0.49999976206300195,1
-40.426620060583978,81.805404128066087,342.52176696910448,0.020424095937869757,0.020424095937869757,620,0.49999909725680897,1
-40.578518894997664,82.281771658500588,342.19140917745676,0.0026395129264131707,0.0026395129264131707,620.5,0.49999927994798349,1
-40.731046441569141,82.757938768311917,342.37053249863663,0.01514524487455508,-0.01514524487455508,621,0.49999976892913423,1
-40.880282358079661,83.235146109175531,342.87639119674941,0.012630765918856972,-0.012630765918856972,621.5,0.49999820494763469,1
-41.026567918713887,83.713267815323633,343.0304365548605,0.0018759342247407411,0.0018759342247407411,622,0.49999983114001284,1
-41.173296069818946,84.191253601875573,342.78006526926242,0.012166197460567145,0.012166197460567145,622.5,0.49999956247219457,1
-41.322437454966511,84.668492019397661,342.55062698542417,0.0038515768544953983,0.0038515768544953983,623,0.49999965992260548,1
-41.472497727896872,85.145442654160192,342.55938446260916,0.0044629713544283708,-0.0044629713544283708,623.5,0.49999999351231555,1
-41.62174970615002,85.62264673054564,342.68837607382295,0.0022589752120875297,-0.0022589752120875297,624,0.49999988353135261,1
-41.770468094451232,86.100017486072659,342.679745643209,0.0028614831611645272,0.0028614831611645272,624.5,0.49999999725134731,1
-41.919852595893509,86.577180074815914,342.54364722833338,0.0036910321691526098,0.0036910321691526098,625,0.49999986536730429,1
-42.069940482895568,87.054122018687295,342.56109243033097,0.0049089806774156586,-0.0049089806774156586,625.5,0.4999999916485543,1
-42.218857122270428,87.531430500045033,342.82491827511149,0.013509599364526592,-0.013509599364526592,626,0.4999995518585319,1
-42.365116439943705,88.009559855115171,343.11013912473788,0.0048661527331246473,-0.0048661527331246473,626.5,0.49999946818575552,1
-42.510212666929213,88.488043998204546,343.10158362905042,0.005463435893228649,0.005463435893228649,627,0.49999999027340347,1
-42.656557825627601,88.966147147867801,342.84344355709658,0.0085393966493852481,0.0085393966493852481,627.5,0.49999952719215768,1
-42.8048330426669,89.443655572141822,342.68381853281505,0.002604562889613307,0.002604562889613307,628,0.49999983524068203,1
-42.953730039811063,89.920970646803596,342.6941918702671,0.0032790344962180347,-0.0032790344962180347,628.5,0.49999999625792435,1
-43.101919177361765,90.398505813804292,342.8440230473002,0.0071812165001010923,-0.0071812165001010923,629,0.49999985621038234,1
-43.248392629572109,90.876569713396407,343.10564820160084,0.011083662019940372,-0.011083662019940372,629.5,0.49999956429544606,1
-43.392348207389617,91.355397652041745,343.39646398698505,0.0050640702652406918,-0.0050640702652406918,630,0.49999940321176017,1
-43.535141126163126,91.834574190766375,343.35292092862113,0.008104110532024731,0.008104110532024731,630.5,0.49999997291597403,1
-43.679870987427009,92.313168111937415,342.94030988420616,0.01726125116624733,0.01726125116624733,631,0.49999887412206689,1
-43.828020398508706,92.790715214149088,342.6602613427155,0.0022902336911559806,0.0022902336911559806,631.5,0.49999948283435247,1
-43.976716691461384,93.268092687921609,342.80907777338791,0.012679796710489265,-0.012679796710489265,632,0.49999984000327663,1
-44.122817964679747,93.746269959240564,343.16968993879129,0.0065946467835361761,-0.0065946467835361761,632.5,0.49999908484123118,1
-44.267367668483892,94.224919480144607,343.15401731239035,0.0076888342282743875,0.0076888342282743875,633,0.49999998073153512,1
-44.413735377012401,94.703015084003852,342.75836016352588,0.013988026460306948,0.013988026460306948,633.5,0.49999891252823991,1
-44.562930548628223,95.180236854421139,342.60077367996018,0.0029860979966792557,-0.0029860979966792557,634,0.49999981739365162,1
-44.7114128413982,95.657680356922427,342.92946885200843,0.019961750304255427,-0.019961750304255427,634.5,0.49999928934642124,1
-44.855889158308713,96.136350419001275,343.41359047192907,0.0091717642338345878,-0.0091717642338345878,635,0.49999843447614428,1
-44.99817552605932,96.615677615470872,343.4415106648143,0.0072224052823794847,0.0072224052823794847,635.5,0.49999997172306437,1
-45.142128444176208,97.094505880156134,343.05736685346074,0.013408609117348279,0.013408609117348279,636,0.49999894969476377,1
-45.289058738463595,97.572429609639968,342.80961040781182,0.0038881644465532487,0.0038881644465532487,636.5,0.49999960258295695,1
-45.43691800820649,98.050067154778773,342.8345840985458,0.0056316523172041865,-0.0056316523172041865,637,0.49999998817512592,1
-45.583929139007004,98.527966357736489,342.94438457710459,0.0013723952816409757,-0.0013723952816409757,637.5,0.49999992076685934,1
-45.730612389729401,99.005966373919421,342.91273718806224,0.0035818353974410634,0.0035818353974410634,638,0.49999999151337282,1
-45.878102171842414,99.483718010761692,342.77403531834,0.0037445792996517275,0.0037445792996517275,638.5,0.49999986233319416,1
-46.026441573212644,99.961206658203395,342.73086567006567,0.0007307368790701995,-0.0007307368790701995,639,0.49999998643458488,1
-46.174606415375024,100.43874946449398,342.81627045539102,0.0055091351366838119,-0.0055091351366838119,639.5,0.49999995229288891,1
-46.321346701254456,100.9167314833303,343.08915381790513,0.013542045834250014,-0.013542045834250014,640,0.49999952183058771,1
-46.464846864207423,101.39569504330117,343.59218596641739,0.021576014223617872,-0.021576014223617872,640.5,0.49999838854490919,1
-46.603485103721653,101.87608790839805,344.13822838445822,0.0078135844487256557,-0.0078135844487256557,641,0.49999786628703569,1
-46.740339620454392,102.35699388833244,343.95629348691625,0.020517687320385492,0.020517687320385492,641.5,0.49999972028673068,1
-46.882096029960181,102.83647171390534,343.00119755054533,0.036238572602617189,0.036238572602617189,642,0.49999386481444857,1
-47.031380471155053,103.31366328063322,342.40139901247994,0.0056397410467668632,0.0056397410467668632,642.5,0.4999976357334861,1
-47.182010762235841,103.79043361203946,342.67793676055504,0.024947855956643023,-0.024947855956643023,643,0.49999943349998066,1
-47.327513421137454,104.26879030115806,343.42867423828585,0.017767161408205074,-0.017767161408205074,643.5,0.49999614575709134,1
-47.468796157755072,104.74841395320118,343.64798873926799,0.0024551938042256744,0.0024551938042256744,644,0.49999965926522388,1
-47.610620750443523,105.22787726314775,343.33525251762785,0.013371741867390652,0.013371741867390652,644.5,0.49999928067564542,1
-47.755366275514348,105.70646703632652,343.03850854906079,0.0073447906899469888,0.0073447906899469888,645,0.49999943801901792,1
-47.90186853175981,106.18452245994563,342.9144249985095,0.0013179434031680322,0.0013179434031680322,645.5,0.49999989913664833,1
-48.048723990979923,106.66246959629346,342.94757023783171,0.0034991232678632843,-0.0034991232678632843,646,0.49999999104584758,1
-48.194743044528124,107.14067275070849,343.11467774880998,0.0081672049309823753,-0.0081672049309823753,646.5,0.4999998208915627,1
-48.3388810518409,107.61944597471579,343.36241021228295,0.0053255621819162414,-0.0053255621819162414,647,0.4999995651782515,1
-48.481822623624289,108.09857820843852,343.36395914640264,0.0052174268055888368,0.0052174268055888368,647.5,0.4999999903360452,1
-48.626013311270107,108.57733541561443,343.06453910311279,0.014402401251732241,0.014402401251732241,648,0.4999994178263053,1
-48.772818953217872,109.05529755403737,342.85434029614095,0.00027247443543853411,0.00027247443543853411,648.5,0.49999970227343504,1
-48.919689722667648,109.53323972570611,343.04892715881772,0.01385744176986603,-0.01385744176986603,649,0.49999974237813799,1
-49.063535199174162,110.01209999511691,343.47815717249927,0.0085705604752664404,-0.0085705604752664404,649.5,0.49999867872982612,1
-49.205401819068335,110.49155159326736,343.47148965407462,0.0090361652919912563,0.0090361652919912563,650,0.49999997280921538,1
-49.349418301712539,110.9703601502019,342.98380303420743,0.019295396231154525,0.019295396231154525,650.5,0.49999838146432385,1
-49.497429246307668,111.44794997617323,342.65222715541216,0.0038534909488866296,0.0038534909488866296,651,0.49999928159075691,1
-49.646360340563461,111.92525431368526,342.76299371747723,0.011586629908504092,-0.011586629908504092,651.5,0.4999999014440103,1
-49.793045836638946,112.40325292973672,343.08125323887771,0.0065212873883729794,-0.0065212873883729794,652,0.49999931170555334,1
-49.938180403071847,112.88172543481102,343.12187326955967,0.0036854591221444546,0.0036854591221444546,652.5,0.49999998048573563,1
-50.084160807044789,113.35994021755864,342.90172465011744,0.0084204052542150559,0.0084204052542150559,653,0.49999965678234654,1
-50.232038859726231,113.83757171107716,342.70849182278289,0.0050698132833816014,0.0050698132833816014,653.5,0.49999976206552643,1
-50.381127244603817,114.31482698082596,342.6112436408132,0.0017194190089278643,0.0017194190089278643,654,0.49999993900839901,1
-50.530761239944653,114.79191151311224,342.56025719857672,0.0019081421320300885,0.0019081421320300885,654.5,0.49999998350848318,1
-50.680850338904165,115.26885306168242,342.50189616142319,0.0021662241581363898,0.0021662241581363898,655,0.4999999783790004,1
-50.831439520418854,115.74563695131714,342.44633768805272,0.0011975820351803027,0.0011975820351803027,655.5,0.49999997900447385,1
-50.982307964465555,116.22233256899514,342.4386149668955,0.00065843152249600882,-0.00065843152249600882,656,0.4999999993224864,1
-51.133019341334673,116.69907785468024,342.48427952080579,0.0025902847525704742,-0.0025902847525704742,656.5,0.49999998654075095,1
-51.283105361979622,117.17602031907468,342.59052032425973,0.0048267355678570578,-0.0048267355678570578,657,0.49999992793567288,1
-51.432039874631329,117.65332349990409,342.76083151521641,0.0070632204514676977,-0.0070632204514676977,657.5,0.49999981548863903,1
-51.579491509044828,118.13108690906854,342.90334091022339,0.0012580148629935939,-0.0012580148629935939,658,0.49999985962763316,1
-51.726645956205715,118.60894204019583,342.82699267774535,0.0065881982962767132,0.0065881982962767132,658.5,0.49999995766389904,1
-51.875333461715812,119.08632190220203,342.55992863701033,0.0088255110096153357,0.0088255110096153357,659,0.49999950694363277,1
-52.026025727930332,119.5630730347707,342.38419587962335,0.0034430135688239103,0.0034430135688239103,659.5,0.49999980150233364,1
-52.177538580348234,120.03956422051635,342.36254036748517,0.0017535287129622635,-0.0017535287129622635,660,0.49999999454111221,1
-52.328783259954832,120.51614057261951,342.42825487293692,0.0028342146892715425,-0.0028342146892715425,660.5,0.49999997249324912,1
-52.479352418088979,120.99293074576326,342.52492908277253,0.0039149177049596822,-0.0039149177049596822,661,0.49999994058767372,1
-52.629008869728587,121.4700081595541,342.64120088898801,0.0037979453537157967,-0.0037979453537157967,661.5,0.49999991226670459,1
-52.777761873824268,121.94736806811751,342.73958122807909,0.0030702947599646441,-0.0030702947599646441,662,0.49999993853115754,1
-52.925788982060077,122.42495360064127,342.80887908488558,0.00048623089161440008,-0.00048623089161440008,662.5,0.49999996564865945,1
-53.073778417937064,122.90255079485607,342.72653932847845,0.0062347185541207478,0.0062347185541207478,663,0.49999995305303097,1
-53.223255858965828,123.37968391166422,342.45164929046797,0.012956260606472491,0.012956260606472491,663.5,0.49999951653133134,1
-53.375277573358943,123.85601253145551,342.18954880854301,0.0046708179315265823,0.0046708179315265823,664,0.49999955567909876,1
-53.528411388584971,124.33198524859331,342.184473973732,0.0043164674080679874,-0.0043164674080679874,664.5,0.49999999282522634,1
-53.6805906173702,124.80826372486047,342.39264144953722,0.0081296576798883333,-0.0081296576798883333,665,0.49999970462894222,1
-53.830855188035187,125.28514966620472,342.63006765313264,0.0084458308434231123,-0.0084458308434231123,665.5,0.49999964224879628,1
-53.979111917427211,125.76266361437376,342.86657802705435,0.0061356403264490062,-0.0061356403264490062,666,0.49999962850587348,1
-54.126059702897777,126.24058236374435,342.90498724137967,0.0034541840491871252,0.0034541840491871252,666.5,0.49999998265464973,1
-54.273832589551517,126.71824627441246,342.66866216576,0.01304447758832971,0.01304447758832971,667,0.49999963758460297,1
-54.423944281062887,127.19518039714396,342.44846561063076,0.001451520111429132,0.001451520111429132,667.5,0.49999967735395889,1
-54.574402079165182,127.6720056453335,342.58603313507609,0.011055563590266987,-0.011055563590266987,668,0.49999986632079102,1
-54.722521047700901,128.1495619171591,342.91004642389692,0.0044292454509958813,-0.0044292454509958813,668.5,0.49999922159945109,1
-54.869645249130059,128.62742626220765,342.77902400995595,0.01357688037375706,0.01357688037375706,669,0.49999986291482312,1
-55.019954937021296,129.10429583977816,342.19308472891737,0.01836165911311707,0.01836165911311707,669.5,0.49999759628046109,1
-55.174129225832338,129.57993225546454,341.99759318798641,0.0047129141491001475,-0.0047129141491001475,670,0.49999971125729509,1
-55.327183483946364,130.05592908355433,342.45731061407321,0.023740551004652943,-0.023740551004652943,670.5,0.49999858627637794,1
-55.475743122367831,130.5333479912581,342.89120423930081,0.0065512725236509389,-0.0065512725236509389,671,0.49999877959948358,1
-55.622738392752424,131.01125210624585,342.83269994967031,0.010635735948021063,0.010635735948021063,671.5,0.49999995263766339,1
-55.771671889512596,131.48855522647506,342.55398631422878,0.0039326099978021561,0.0039326099978021561,672,0.4999994550374538,1
-55.92153353255167,131.96556826743316,342.62540091304874,0.0089182000258057025,-0.0089182000258057025,672.5,0.49999995329846131,1
-56.069526468289297,132.4431637910817,342.90368772122304,0.0023617079506220795,-0.0023617079506220795,673,0.49999939323700177,1
-56.217053981789313,132.92090353991506,342.67623935730029,0.018241616409277524,0.018241616409277524,673.5,0.49999963485472376,1
-56.368847226836472,133.3973015491836,341.94728449723482,0.020790528094900129,0.020790528094900129,674,0.49999625246292678,1
-56.524996259866874,133.87229341315597,341.80986548785631,0.011195928050348979,-0.011195928050348979,674.5,0.49999979135623962,1
-56.678489999754333,134.34814611034835,342.56982351755948,0.03388067739522492,-0.03388067739522492,675,0.4999961175948287,1
-56.825536061633606,134.82603291771284,343.06557576597135,0.00073212231048159896,-0.00073212231048159896,675.5,0.49999834496448364,1
-56.972407172662187,135.3039737871747,342.61180769708136,0.032412915205202349,0.032412915205202349,676,0.49999859795476365,1
-57.124781314867192,135.78018803654339,342.04838574665507,0.004218833110227512,0.004218833110227512,676.5,0.49999789051005095,1
-57.278159891364737,136.25608115975686,342.37185982520305,0.026803612238270248,-0.026803612238270248,677,0.49999925244972254,1
-57.426260747794764,136.73364033138719,343.07137972312404,0.012054267854093347,-0.012054267854093347,677.5,0.49999662607217338,1
-57.571505552981051,137.21207932008744,343.02276031366131,0.015448365729074293,0.015448365729074293,678,0.49999991934211169,1
-57.719907739954081,137.6895462525483,342.48512180210957,0.010469655989261238,0.010469655989261238,678.5,0.49999788068746692,1
-57.870716141938971,138.16626081480857,342.51550458529653,0.012591178676134844,-0.012591178676134844,679,0.49999994798023389,1
-58.018712339635783,138.64385366939544,343.06663599456033,0.015938188015731408,-0.015938188015731408,679.5,0.49999780928035353,1
-58.163102211901766,139.12255111206667,343.28365625782402,0.00078662394191076907,0.00078662394191076907,680,0.49999967683286106,1
-58.30763507953732,139.60120535973999,343.07008633187604,0.0073968966034804644,0.0073968966034804644,680.5,0.49999963864253699,1
-58.453583186295084,140.07943034038212,343.05123828557259,0.0060813026170682639,-0.0060813026170682639,681,0.49999998197633605,1
-58.598076347417958,140.55809604312944,343.41759571177653,0.018388162855196628,-0.018388162855196628,681.5,0.49999912859710827,1
-58.738859597463403,141.03786571583021,343.8401383332461,0.011110645277041682,-0.011110645277041682,682,0.49999886233546692,1
-58.876975616608441,141.51841089566281,344.05420181164413,0.0038342555079914761,-0.0038342555079914761,682.5,0.49999970460473414,1
-59.013412627778408,141.99943520742494,344.34514044116145,0.017552078365613611,-0.017552078365613611,683,0.49999944652291523,1
-59.14562183406693,142.48163584635415,345.06081654124489,0.032412954732085907,-0.032412954732085907,683.5,0.49999673040049303,1
-59.270918448167102,142.96567826262884,345.80687918487058,0.013834950989259961,-0.013834950989259961,684,0.49999630224433422,1
-59.392873062837971,143.45057723101272,345.83593243990754,0.011805310755323897,0.011805310755323897,684.5,0.49999993757926142,1
-59.517246158964547,143.93486001926865,345.39114071573511,0.0071599279016937353,0.0071599279016937353,685,0.49999848603876501,1
-59.643223268783068,144.41872939480805,345.54072217974891,0.017604687157515231,-0.017604687157515231,685.5,0.49999980478307759,1
-59.764996849849048,144.90366946897606,346.33294960911326,0.028069764529116609,-0.028069764529116609,686,0.49999568056104898,1
-59.880494913615927,145.39014492710587,346.8647189505669,0.0090567583153032868,-0.0090567583153032868,686.5,0.49999817409316571,1
-59.993758371380849,145.8771473604439,346.89181948157932,0.00030379993666521885,-0.00030379993666521885,687,0.49999998094203257,1
-60.106354592062942,146.36430397955331,347.16939936083895,0.019077332919126451,-0.019077332919126451,687.5,0.49999948045373455,1
-60.214298109363881,146.85250880045257,347.98332456168112,0.035920308943750881,-0.035920308943750881,688,0.49999575005851044,1
-60.314546771418897,147.34235137068418,348.82038530319517,0.022517847612833992,-0.022517847612833992,688.5,0.49999553783502554,1
-60.409274400691736,147.8332947045086,349.27363050706782,0.0091272064709266802,-0.0091272064709266802,689,0.49999868077254644,1
-60.501525739883583,148.32471049455719,349.47254060100556,0.009913072220025099,-0.009913072220025099,689.5,0.49999978829172609,1
-60.591296045539515,148.81658467738455,349.88385456810323,0.018802868168295853,-0.018802868168295853,690,0.49999891950847486,1
-60.676504907014035,149.30926808117786,350.49478178226025,0.018633618747487087,-0.018633618747487087,690.5,0.49999748644082537,1
-60.757287470827393,149.80269828105233,350.85022701409093,0.0061818407227418517,-0.0061818407227418517,691,0.49999918476375133,1
-60.836544497061006,150.29637662809304,350.84903272280758,0.0062642931686444974,0.0062642931686444974,691.5,0.4999999865442466,1
-60.916417522156294,150.78995566380277,350.8588381942169,0.01040696566869646,-0.01040696566869646,692,0.49999996463001722,1
-60.99371815371704,151.28394183933949,351.45214652044183,0.031017494757379409,-0.031017494757379409,692.5,0.49999772925592806,1
-61.063497741104271,151.77904089572758,352.52149255183554,0.034026091524443303,-0.034026091524443303,693,0.49999226639249572,1
-61.125105478374358,152.27522756926638,353.23637628632986,0.015886506730458674,-0.015886506730458674,693.5,0.49999672827833702,1
-61.182766112313992,152.77189141560822,353.43955818564513,0.00088771163755416551,-0.00088771163755416551,694,0.49999972496932182,1
-61.239775333996576,153.26863072733818,353.4671265469367,0.0010368477255632811,-0.0010368477255632811,694.5,0.49999999517480209,1
-61.296527024328533,153.76539952588291,353.49913187196893,0.0016304812298435091,-0.0016304812298435091,695,0.49999999356311436,1
-61.352244324392657,154.26228486711881,353.78430403247449,0.018279543976697402,-0.018279543976697402,695.5,0.49999945986125605,1
-61.40341726131868,154.75965557242597,354.54662728471317,0.034942778522482155,-0.034942778522482155,696,0.49999628795759926,1
-61.446364168271337,155.25780091726321,355.56303685050278,0.030194732391725442,-0.030194732391725442,696.5,0.49999322135386354,1
-61.481810394911648,155.75653992134693,356.24562290619099,0.017461940279725131,-0.017461940279725131,697,0.49999702916862826,1
-61.512844590573586,156.25557509675542,356.60584589783207,0.011171226604141837,-0.011171226604141837,697.5,0.49999922759477328,1
-61.540997959182931,156.75478112519588,356.94473876923161,0.012487573836897829,-0.012487573836897829,698,0.49999927099481406,1
-61.566033675525802,157.25415304282976,357.32178943760846,0.014000280754804218,-0.014000280754804218,698.5,0.49999909921332786,1
-61.587545315724142,157.75368886625995,357.75842803763533,0.016483477332707164,-0.016483477332707164,699,0.49999878955263888,1
-61.604939137875114,158.25338459147923,358.26625756331839,0.018970240075769893,-0.018970240075769893,699.5,0.49999836284876437,1
-61.617982664878269,158.75321326318755,358.68948906952511,0.0088155649689244907,-0.0088155649689244907,700,0.49999883465702222,1
-61.628824599116854,159.25309565049784,358.76727488946619,0.0033848824999454627,0.0033848824999454627,700.5,0.49999994868106951,1
-61.640270532634432,159.7529644639294,358.62974860508996,0.00047668319507281217,0.00047668319507281217,701,0.49999984003554038,1
-61.651779945287217,160.25283180324655,358.79033737550674,0.011688204964864127,-0.011688204964864127,701.5,0.49999982349558636,1
-61.660392411657483,160.75275606041367,359.27428708982211,0.018620689194303534,-0.018620689194303534,702,0.49999843747863743,1
-61.664540692783596,161.25273736218628,359.75861204973683,0.015191965801723377,-0.015191965801723377,702.5,0.49999851035631288,1
-61.664891402180388,161.7527362932405,0.14325907324135301,0.010697598142285079,-0.010697598142285079,703,0.49999905405155071,1
-61.662903516149321,162.25273225962272,0.24363502936969894,0.0036902845113953582,0.0036902845113953582,703.5,0.49999991808935118,1
-61.661838230809678,162.75273048973301,359.93180763287648,0.018079297520657005,0.018079297520657005,704,0.49999936494587727,1
-61.664429087034819,163.25272283430547,359.56313948091804,0.0027736224676226111,0.0027736224676226111,704.5,0.49999905716615789,1
-61.667706766279089,163.75271173508901,359.78666550296509,0.018379890758027265,-0.018379890758027265,705,0.49999964408782921,1
-61.666632993348465,164.25270739472856,0.46440596569458137,0.020309552534675878,-0.020309552534675878,705.5,0.49999681263653806,1
-61.660613117861459,164.75267019546683,0.84981696163272602,0.0065982724822933126,-0.0065982724822933126,706,0.49999904102201842,1
-61.652937931954774,165.2526112686798,0.84745832848929581,0.0062469223006536246,0.0062469223006536246,706.5,0.49999998516403427,1
-61.646805213250403,165.75257289189375,0.50288659943380765,0.017809653726466139,0.017809653726466139,707,0.4999992349248481,1
-61.645088304463954,166.25256721876377,359.86658765486436,0.020663968913884331,0.020663968913884331,707.5,0.49999727467056149,1
-61.648172954788002,166.75255683982658,359.50237441713057,0.0047639000319516745,0.0047639000319516745,708,0.49999913623740733,1
-61.652450463549556,167.25253846998331,359.58840254525785,0.0081352201566256294,-0.0081352201566256294,708.5,0.49999992757537609,1
-61.655394630793154,167.75252972349287,359.6945286630546,0.00072641911899493919,0.00072641911899493919,709,0.49999992170681645,1
-61.658520409785332,168.25251980754143,359.54677696651191,0.0095885412620306965,0.0095885412620306965,709.5,0.49999985464117519,1
-61.663791280885789,168.75249143474744,359.24323565743879,0.010695757188152934,0.010695757188152934,710,0.4999994100928335,1
-61.671735283966157,169.25242772316761,358.93566780603624,0.010776673755633764,0.010776673755633764,710.5,0.49999939966391893,1
-61.682284377276694,169.7523159645506,358.67161110441316,0.006044286340541224,0.006044286340541224,711,0.49999953724243912,1
-61.694332800869468,170.25217074286905,358.60101160357061,0.0011155125840559331,-0.0011155125840559331,711.5,0.49999996391885698,1
-61.706148853352168,170.75203102702238,358.69974067293413,0.0026759795724269324,-0.0026759795724269324,712,0.49999992277011418,1
-61.717384893979442,171.25190475994637,358.69919682313969,0.0027139075897078539,0.0027139075897078539,712.5,0.49999999747633955,1
-61.729299389336816,171.75176262941599,358.54391873609006,0.0082298215444403054,0.0082298215444403054,713,0.49999984487030658,1
-61.743286306364887,172.25156629230722,358.22106079543278,0.014310443220552941,0.014310443220552941,713.5,0.49999933528699314,1
-61.760849075330299,172.75125617388116,357.72396126249203,0.020393939693001861,0.020393939693001861,714,0.49999842859864413,1
-61.78282889392063,173.25077166551603,357.29987093230369,0.0081590745722893796,0.0081590745722893796,714.5,0.49999883880713814,1
-61.806846266204708,173.7501944712611,357.25738206317845,0.0051924291525434572,-0.0051924291525434572,715,0.499999973069709,1
-61.829831393370092,174.24966558064645,357.44866046504455,0.0015783663825338051,-0.0015783663825338051,715.5,0.49999970518135811,1
-61.852489789721041,174.74915173197041,357.28801161776352,0.01279452443701508,0.01279452443701508,716,0.49999981828958961,1
-61.87831681630675,175.24848226829135,356.74550129900751,0.020233674130803462,0.020233674130803462,716.5,0.49999801980089548,1
-61.908867763454509,175.74754670718161,356.28960725215416,0.011593904061559921,0.011593904061559921,717,0.49999867453471647,1
-61.94231137843677,176.24642669522848,356.08118667269525,0.0029572285298200595,0.0029572285298200595,717.5,0.49999971785664343,1
-61.976947373272345,176.74522542294577,355.91017861243472,0.013966458146871041,0.013966458146871041,718,0.49999982291060213,1
-62.015083658723434,177.24376617908129,355.25657741015345,0.031664972925721034,0.031664972925721034,718.5,0.49999726178869103,1
-62.060176541886889,177.74172492740283,354.52883564786146,0.0086672763374539916,0.0086672763374539916,719,0.4999962831281296,1
-62.107388810119453,178.23949030783302,354.81185895951398,0.02842629124605878,-0.02842629124605878,719.5,0.49999937222608631,1
-62.148745826078617,178.73777277057852,355.56598003025249,0.0076713335156659698,-0.0076713335156659698,720,0.49999581543124971,1
-62.188270325217403,179.23620690025467,355.15635756593088,0.036276952791157627,0.036276952791157627,720.5,0.49999876765667994,1
-62.235947625618017,179.73391848610066,353.96031899511382,0.028881295859739933,0.028881295859739933,721,0.49998994755777021,1
-62.290658016063588,180.23091550740563,353.6471931508791,0.0070141591142572181,-0.0070141591142572181,721.5,0.4999992660081744,1
-62.343788131973362,180.72808217580996,354.20816176110191,0.013546248090289667,-0.013546248090289667,722,0.49999750538262666,1
-62.394396383977558,181.22551382914384,353.96189445086486,0.030747291936475171,0.030747291936475171,722.5,0.49999944490908593,1
-62.452577565679711,181.72210323855774,352.5410526032191,0.048143492977143695,0.048143492977143695,723,0.49998609125285198,1
-62.520764626615403,182.21743028658904,352.09302872007123,0.016851305862831144,-0.016851305862831144,723.5,0.49999835978775869,1
-62.5847820784183,182.71330207959721,353.48046877730928,0.066061038009249437,-0.066061038009249437,724,0.49998706906927215,1
-62.636229167934736,183.21064270377218,354.37519388743721,0.0035776996489554663,0.0035776996489554663,724.5,0.49999449944420205,1
-62.688566300117067,183.70788783980092,353.27517701415826,0.073241407187366075,0.073241407187366075,725,0.4999919006437093,1
-62.754263555490773,184.20354033488857,351.88938001053396,0.020524957168565231,0.020524957168565231,725.5,0.49998752509463179,1
-62.825047444522816,184.69850406238209,352.09946822754557,0.035194642260299017,-0.035194642260299017,726,0.49999945048047101,1
-62.888810174467679,185.19441409442297,353.14941014192948,0.023106732594629208,-0.023106732594629208,726.5,0.49999244555174061,1
-62.946879053029129,185.69103027629961,353.36244020814263,0.0082327071001592443,0.0082327071001592443,727,0.49999962675898363,1
-63.006695325794695,186.18743752381593,352.85238376445693,0.018803421373950215,0.018803421373950215,727.5,0.49999814187083735,1
-63.071073206773747,186.68327420956913,352.37141082662583,0.014774852771386073,0.014774852771386073,728,0.49999853049591525,1
-63.139078697439402,187.17862709775156,352.03557316696578,0.0054646712470407411,0.0054646712470407411,728.5,0.49999923059075363,1
-63.208313444196214,187.67381036449069,352.12925209584654,0.012005217944484307,-0.012005217944484307,729,0.4999999178169125,1
-63.274587431709072,188.16939644112426,352.70013593976739,0.021192518706408887,-0.021192518706408887,729.5,0.49999780076907435,1
-63.336511546135178,188.66554656355268,352.9534164331692,0.0035090080270195321,0.0035090080270195321,730,0.49999953993297963,1
-63.399306043128576,189.16158636841325,352.49904491058339,0.028213833615868905,0.028213833615868905,730.5,0.49999863685691054,1
-63.46758338376322,189.65690017141048,351.88282982845777,0.013168660256988238,0.013168660256988238,731,0.49999755867775875,1
-63.539120868663545,190.15175595263079,351.74549033288724,0.0035796434015643482,-0.0035796434015643482,731.5,0.499999855953006,1
-63.610214395570004,190.64667571644353,351.86693251324749,0.0018922361984200333,0.0018922361984200333,732,0.49999986218043047,1
-63.68181384359827,191.14152218443073,351.59422262862705,0.017147424443493039,0.017147424443493039,732.5,0.49999950783711883,1
-63.757492546013715,191.63575922695034,351.00238141185878,0.015003923611918,0.015003923611918,733,0.49999752019167126,1
-63.836656118383466,192.12945244615193,350.88070412850863,0.0065083078174680261,-0.0065083078174680261,733.5,0.49999986587595086,1
-63.914228701054085,192.62339674874079,351.3472762291513,0.018302000781995936,-0.018302000781995936,734,0.49999847963987182,1
-63.98829332742902,193.11788056408764,351.48769647216841,0.0084987453225727448,0.0084987453225727448,734.5,0.49999981252000486,1
-64.064458442014072,193.61204279885936,350.86021586541733,0.035309419192514332,0.035309419192514332,735,0.49999743894777704,1
-64.147252275394322,194.1051376400921,350.22487136118934,0.0065768858501056432,0.0065768858501056432,735.5,0.49999734128906165,1
-64.231667613883047,194.59795965299858,350.48491264573391,0.024730920179671941,-0.024730920179671941,736,0.49999948577710307,1
-64.310978819918404,195.09162603059514,351.14760878048799,0.0068841885445200266,-0.0068841885445200266,736.5,0.49999675976158725,1
-64.388666990388671,195.58555275336829,350.79021112084325,0.0318420760197572,0.0318420760197572,737,0.49999905929955996,1
-64.473901176367789,196.07822339331324,349.55980618137869,0.033970086354120931,0.033970086354120931,737.5,0.49998922580720345,1
-64.566945568054692,196.56948883266517,349.19299292108497,0.0083543228522826671,-0.0083543228522826671,738,0.49999899072501647,1
-64.657959839268287,197.06113087323095,349.99588744157609,0.035278743366283831,-0.035278743366283831,738.5,0.49999549359591711,1
-64.742007578199775,197.5540146535933,350.47150305118072,0.0020726548924181873,0.0020726548924181873,739,0.49999844336135185,1
-64.826566141720591,198.04681023554883,349.87703728368865,0.039432926823698547,0.039432926823698547,739.5,0.4999976362540095,1
-64.918735814332507,198.53823622960161,348.97221638286248,0.021582222219218149,0.021582222219218149,740,0.49999475615264866,1
-65.016204144007091,199.02864340321742,348.64156894468789,0.0015038124928108379,0.0015038124928108379,740.5,0.4999992712228668,1
-65.114297161937884,199.51892664186323,348.75742377115944,0.0056955291567684632,-0.0056955291567684632,741,0.49999989426378971,1
-65.211014487126747,200.00948299810383,348.94366952538678,0.0073066614703444638,-0.0073066614703444638,741.5,0.499999779639697,1
-65.305997536297824,200.5003780602747,349.13102533279738,0.0020076251308979005,-0.0020076251308979005,742,0.49999974169350503,1
-65.40058836541202,200.99134897596414,348.99409023215514,0.01156779118276572,0.01156779118276572,742.5,0.49999986500542498,1
-65.498011523201711,201.48176408875176,348.47836318857009,0.021443201131766936,0.021443201131766936,743,0.49999825452115876,1
-65.60026978612197,201.97119380886207,347.94669884778347,0.01567430729931333,0.01567430729931333,743.5,0.49999820325949551,1
-65.706360877901375,202.45980799736904,347.58025835056071,0.0099086798609531491,0.0099086798609531491,744,0.49999914496454168,1
-65.814805370493048,202.94790592797557,347.40431560539224,0.0022197141292391617,0.0022197141292391617,744.5,0.49999979783580001,1
-65.923791492912386,203.43588339112861,347.45327977878043,0.0056381310118103056,-0.0056381310118103056,745,0.49999997942528285,1
-66.031548069625401,203.92413358554253,347.64985786507293,0.0053701471077026207,-0.0053701471077026207,745.5,0.49999973217006899,1
-66.138011853909106,204.4126675227067,347.7414469171564,0.001024028744921027,-0.001024028744921027,746,0.49999994512512297,1
-66.244226127457225,204.90125581499797,347.70792751790952,0.0034363629977405231,0.0034363629977405231,746.5,0.4999999912694526,1
-66.351282871656423,205.38966003136596,347.5427849768239,0.0080928459147006741,0.0080928459147006741,747,0.49999982504453866,1
-66.460314679554699,205.8776267290703,347.24523731322728,0.012004618749119485,0.012004618749119485,747.5,0.49999943320172124,1
-66.572032604997915,206.36498547380523,346.9486817402701,0.0086989192976510456,0.0086989192976510456,748,0.49999944093463367,1
-66.685869294827711,206.85185398634854,346.74682028385234,0.005393775307676596,0.005393775307676596,748.5,0.49999974045747331,1
-66.801031065824304,207.3384109571011,346.63437299082176,0.0025300503071694356,0.0025300503071694356,749,0.49999991928697224,1
-66.916808364904284,207.8248219042984,346.60164959723994,0.0002455342305419133,-0.0002455342305419133,749.5,0.49999999253562916,1
-67.032562379514573,208.31123839557208,346.62500827212568,4.3417113662712571e-05,-4.3417113662712571e-05,750,0.49999999488138974,1
-67.148325935522365,208.79765261203366,346.58837309823917,0.0026010380867084832,0.0026010380867084832,750.5,0.49999999087550462,1
-67.264715825894044,209.28391727067461,346.48423369820659,0.0030553323989043774,0.0030553323989043774,751,0.49999992482392364,1
-67.381713517031841,209.77003612160138,346.47806251535309,0.0026244982921666202,-0.0026244982921666202,751.5,0.49999999695794056,1
-67.498073164038502,210.25630793357033,346.63460546446458,0.0082936773920587372,-0.0082936773920587372,752,0.49999984256705338,1
-67.613088862810059,210.74289948351421,346.71522664303797,0.0026651857457456536,0.0026651857457456536,752.5,0.49999994744069565,1
-67.7287528347766,211.22933703310471,346.48189402444456,0.013624710957929852,0.013624710957929852,753,0.49999964406256514,1
-67.847357346094356,211.71506540152296,346.1174768143178,0.0067709597489382751,0.0067709597489382751,753.5,0.49999907799032922,1
-67.967583008379549,212.20039598289623,346.12249272582125,0.0071211026974351528,-0.0071211026974351528,754,0.49999998308802135,1
-68.08616038222398,212.68613108484061,346.45847486166372,0.010036562573786456,-0.010036562573786456,754.5,0.49999918284809675,1
-68.202496016117223,213.17240870129456,346.576104899146,0.0018243303247318374,0.0018243303247318374,755,0.49999989997746452,1
-68.319272092749088,213.65858051160188,346.36048873877252,0.010895918913556948,0.010895918913556948,755.5,0.49999968121093197,1
-68.438291972501332,214.14420784432355,346.12244219294342,0.0057228546092009816,0.0057228546092009816,756,0.49999963806246417,1
-68.558701031792793,214.62949292021483,346.03259024280055,0.00055005159502370703,0.00055005159502370703,756.5,0.49999994644226065,1
-68.67926368546118,215.11473989730163,346.08276308962081,0.0039700851799224961,-0.0039700851799224961,757,0.49999998223144299,1
-68.798862877628522,215.60022504890483,346.2598902780806,0.0083957635496220914,-0.0083957635496220914,757.5,0.4999997991942226,1
-68.916520467371797,216.08618418005551,346.50481820002778,0.0057779814053460256,-0.0057779814053460256,758,0.49999958557274771,1
-69.032808699714025,216.57247321120695,346.56117870207885,0.0018432246208656036,0.0018432246208656036,758.5,0.49999997479948888,1
-69.149533100579305,217.05865759890165,346.41237226037708,0.0065946941362601636,0.0065946941362601636,759,0.49999984459539709,1
-69.267746019212638,217.54448217927438,346.24264459154728,0.005254520118786344,0.005254520118786344,759.5,0.49999981702612217,1
-69.38723493324143,218.02999457850359,346.11131895023937,0.0038565309889255529,0.0038565309889255529,760,0.4999998903810699,1
-69.507439575566906,218.51533037876848,346.10050860232707,0.0031018383227761591,-0.0031018383227761591,760.5,0.49999999505535841,1
-69.626891292954411,219.00085180715931,346.28904581250839,0.010060631117554035,-0.010060631117554035,761,0.49999977021343905,1
-69.744087603834672,219.48692221600683,346.58433239578437,0.0080370772451417802,-0.0080370772451417802,761.5,0.49999941764080302,1
-69.859340909395343,219.97345744380482,346.73550157759445,0.0025166203776071307,-0.0025166203776071307,762,0.49999985233107835,1
-69.973975081915114,220.46013906916411,346.73408253008819,0.002113787761236384,0.002113787761236384,762.5,0.49999999797165873,1
-70.089108690522309,220.94670270712359,346.62369274262443,0.005592908175241401,0.005592908175241401,763,0.49999992161527018,1
-70.205601398106779,221.43294253473235,346.41612129899835,0.0079139791677643682,0.0079139791677643682,763.5,0.49999972087327577,1
-70.323825448440218,221.91876441305334,346.25010569455605,0.0036761250124779251,0.0036761250124779251,764,0.49999982353254768,1
-70.442942312904023,222.40436832408639,346.20549275238608,0.0005615358017335547,-0.0005615358017335547,764.5,0.49999998581028543,1
-70.562066474857019,222.88997045732813,346.22176149967049,0.00022976228712957443,0.00022976228712957443,765,0.49999999776993348,1
-70.68124741180435,223.3755586549359,346.19013658725163,0.0019780728263774135,0.0019780728263774135,765.5,0.49999999338760454,1
-70.800876048587526,223.86103673091063,346.12934552470733,0.0010714632948978342,0.0010714632948978342,766,0.49999997299072185,1
-70.920746980284093,224.34645506366411,346.14274006262059,0.0020065817969420066,-0.0020065817969420066,766.5,0.49999999803897399,1
-71.040134822981102,224.83199237442039,346.2388959199759,0.0036380391782440714,-0.0036380391782440714,767,0.49999993712028751,1
-71.158729461962238,225.31772407073413,346.30796916610876,0.0011841816007557267,-0.0011841816007557267,767.5,0.49999996919888362,1
-71.277036489118316,225.80352593033669,346.30674496164954,0.0012696334044577594,0.0012696334044577594,768,0.49999999946781454,1
-71.395706869315518,226.28923910266954,346.21473030955212,0.005230144896942868,0.005230144896942868,768.5,0.49999994491378685,1
-71.515646980528757,226.77464006528083,346.00701857073273,0.0092709207241118696,0.0092709207241118696,769,0.49999972478173932,1
-71.637720300731203,227.25950875407452,345.74567388571649,0.0067309405168982962,0.0067309405168982962,769.5,0.49999954087754278,1
-71.761408866950632,227.74396831061316,345.63798313927413,0.00078735378385927498,0.00078735378385927498,770,0.49999992333502624,1
-71.885302639697017,228.2283754873929,345.68652828860519,0.0024804850000616227,-0.0024804850000616227,770.5,0.49999997984105093,1
-72.008670684993348,228.71291682556088,345.73804797010365,0.0011162607557523262,-0.0011162607557523262,771,0.49999998299386006,1
-72.131768272436432,229.19752696043452,345.75051377100345,0.0002198985903128232,0.0002198985903128232,771.5,0.49999999885654944,1
-72.254906386807377,229.68212679753677,345.73031978323837,0.0011899056019429081,0.0011899056019429081,772,0.49999999733036099,1
-72.378332789889896,230.16665327599748,345.68233745967427,0.0021598851815095928,0.0021598851815095928,772.5,0.49999998530742329,1
-72.502315422260253,230.65103768403225,345.59146098159545,0.0044883275809549763,0.0044883275809549763,773,0.49999994787667562,1
-72.627385542868737,231.13514230717638,345.42391907330153,0.0072083542783338058,0.0072083542783338058,773.5,0.49999982121851272,1
-72.754142889929781,231.61880776975192,345.2184374800911,0.0043919600117060358,0.0043919600117060358,774,0.49999970472228211,1
-72.881908216277338,232.10220824048341,345.21094096713279,0.0038685308470335221,-0.0038685308470335221,774.5,0.49999999372011594,1
-73.008746925050488,232.58585234577632,345.42493267375983,0.00695239679938845,-0.00695239679938845,775,0.49999967862771638,1
-73.134418444341961,233.06980134191181,345.37954314901282,0.010121502475542781,0.010121502475542781,775.5,0.4999999616215795,1
-73.262537145743295,233.55310637959829,344.84496286789209,0.027199502441823727,0.027199502441823727,776,0.49999816109851014,1
-73.395957534872124,234.03497477539875,344.31763368722613,0.0059732113234185879,0.0059732113234185879,776.5,0.49999815110317991,1
-73.530815554591044,234.51644443054042,344.50815944244977,0.019275496283119527,-0.019275496283119527,777,0.49999971430466156,1
-73.661486237269344,234.999064495597,345.16779142596783,0.016966988845637403,-0.016966988845637403,777.5,0.49999695449755494,1
-73.788136310884113,235.48275797495245,345.40270333208321,0.00056614930824680325,0.00056614930824680325,778,0.49999962311746737,1
-73.914890392935547,235.96642417904764,345.16931262643254,0.01121259771250048,0.01121259771250048,778.5,0.49999959430038365,1
-74.044126969561759,236.44943286247309,344.88348523964908,0.0087418245497177978,0.0087418245497177978,779,0.49999948100218294,1
-74.175473414587827,236.93187230698754,344.66899797061461,0.0058259568697010223,0.0058259568697010223,779.5,0.49999970624431544,1
-74.308067972146802,237.41397048875584,344.61088110873078,0.0017686314219827598,-0.0017686314219827598,780,0.49999997355855391,1
-74.44023610775649,237.89618560420288,344.77033583540253,0.0093634667621718855,-0.0093634667621718855,780.5,0.49999983363612283,1
-74.570384991319955,238.37894930181557,345.04108236730309,0.0077235175810599467,-0.0077235175810599467,781,0.49999951962525502,1
-74.69867217677033,238.86221136639992,345.20650635555194,0.003825325308269996,-0.003825325308269996,781.5,0.49999982501707874,1
-74.826028776951674,239.34571966504089,345.26435452237911,0.00047003123264455725,-0.00047003123264455725,782,0.49999997846443578,1
-74.953267348973171,239.82925905354693,345.23674056675378,0.0023978605334978053,0.0023978605334978053,782.5,0.49999999444687004,1
-75.081082498554537,240.31264628260377,345.13173725218905,0.0037979302817462857,0.0037979302817462857,783,0.49999992567774248,1
-75.209694989142989,240.79582203258249,345.07452724201374,0.0001960941771827174,0.0001960941771827174,783.5,0.49999997810286972,1
-75.338354855696934,241.27898517707786,345.12050154895672,0.0034057079168978866,-0.0034057079168978866,784,0.49999998546032726,1
-75.466339916470446,241.76232746614386,345.21410166791497,0.002917073036666518,-0.002917073036666518,784.5,0.49999994418075866,1
-75.593619898327049,242.24585592653852,345.28747207392018,0.0022051501480658065,-0.0022051501480658065,785,0.49999996579305217,1
-75.72041762619321,242.7295111027189,345.31260567202224,0.001495920617333263,0.001495920617333263,785.5,0.49999999323809324,1
-75.847584975266102,243.21306913767449,345.1937086144884,0.00680461356051742,0.00680461356051742,786,0.49999990784033221,1
-75.976359757725163,243.69620127296128,344.96025515164121,0.004636737000463971,0.004636737000463971,786.5,0.49999960474398608,1
-76.106018962418318,244.17909713015746,345.05703210155275,0.011393484346530952,-0.011393484346530952,787,0.49999991825889162,1
-76.232925142981941,244.66272181922099,345.61026068739841,0.024670325018406006,-0.024670325018406006,787.5,0.49999801853311887,1
-76.355099339362596,245.14756455425041,345.99603721147901,0.0022631219892576102,-0.0022631219892576102,788,0.49999901197108843,1
-76.476724911866029,245.63254575012277,345.73994728334645,0.020142518797805591,0.020142518797805591,788.5,0.49999954023636561,1
-76.602501020983695,246.11646541260131,345.18390978626627,0.010948531608862081,0.010948531608862081,789,0.49999786935358498,1
-76.730900317743533,246.59969784101364,345.14844058214544,0.0084720795474272654,-0.0084720795474272654,789.5,0.49999995927768892,1
-76.857346684674212,247.08344355363101,345.59509502096728,0.016563823546646719,-0.016563823546646719,790,0.49999859818369718,1
-76.979942259346771,247.56817989170051,345.99307294709735,0.011220448758400364,-0.011220448758400364,790.5,0.49999899237330414,1
-77.09981637431774,248.0535970453536,346.23844823455897,0.0061026851965593643,-0.0061026851965593643,791,0.4999996165005921,1
-77.218168152685948,248.53938790812407,346.35949175168162,0.002347669795453308,-0.002347669795453308,791.5,0.49999990579418774,1
-77.335949637594723,249.02531744976338,346.37295758336836,0.0014075915495720785,0.0014075915495720785,792,0.49999999762510416,1
-77.454004577709583,249.51118060292734,346.30804804507505,0.0027058650183005386,0.0027058650183005386,792.5,0.49999997248794958,1
-77.572716152386676,249.99688371371775,346.21915155710553,0.003500263823502233,0.003500263823502233,793,0.49999994979379436,1
-77.692217712320556,250.48239306881484,346.14827325359494,0.0011807155601139723,-0.0011807155601139723,793.5,0.49999995671342451,1
-77.811385422251021,250.96798431469747,346.3215768808825,0.010918394315982797,-0.010918394315982797,794,0.49999980116787784,1
-77.927911085581272,251.45421523245179,346.75530315824449,0.014429311667882704,-0.014429311667882704,794.5,0.49999873559315716,1
-78.041529543603815,251.94113484895666,346.87934649462329,0.0057690805013166403,0.0057690805013166403,795,0.4999998669406599,1
-78.156551823964364,252.42772351311871,346.42474608246391,0.025967904205857376,0.025967904205857376,795.5,0.49999865306852698,1
-78.276420585077403,252.91314089643791,345.96497636513493,0.0018174499044086357,0.0018174499044086357,796,0.49999855591715081,1
-78.39672867432229,253.39845013595513,346.32729283295282,0.02711518881252031,-0.02711518881252031,796.5,0.49999909429771888,1
-78.51092812739158,253.88522800153564,347.23999292444125,0.024278052204195006,-0.024278052204195006,797,0.4999942054668623,1
-78.619334334777406,254.37333372335848,347.60657119281933,0.001316746433235321,-0.001316746433235321,797.5,0.49999910147517462,1
-78.727393055425665,254.86151688529657,347.34739913355099,0.013900766723764937,0.013900766723764937,798,0.49999948670773847,1
-78.838447976172731,255.34902694731139,347.00530754930747,0.0099812952813710561,0.0099812952813710561,798.5,0.49999925598727735,1
-78.951934562408283,255.8359771073184,346.77553264997175,0.0059946604211101196,0.0059946604211101196,799,0.49999966358614123,1
-79.066561373747433,256.32266045577398,346.77539990178889,0.0059853856866740832,-0.0059853856866740832,799.5,0.49999998754172176,1
-79.179730959379867,256.80968395151513,347.11849275232169,0.017967471995988631,-0.017967471995988631,800,0.49999924051556144,1
-79.288901145897754,257.29761858693695,347.60813539674342,0.0097963831408667285,-0.0097963831408667285,800.5,0.49999833806581517,1
-79.3957192193363,257.78607520436202,347.63683089800145,0.0077927848334923546,0.0077927848334923546,801,0.49999996791946499,1
-79.504346369489141,258.27413155453098,347.24278082924019,0.011363588381481627,0.011363588381481627,801.5,0.49999885868927263,1
-79.615446882494851,258.76163192314135,347.16217527118368,0.0057362493404690684,-0.0057362493404690684,802,0.49999993338537363,1
-79.72514991157135,259.24944762897934,347.56648273913561,0.019470441209750139,-0.019470441209750139,802.5,0.49999891744960212,1
-79.831055866606377,259.73810209962153,347.90242022158833,0.00398281434075844,-0.00398281434075844,803,0.49999926298993563,1
-79.935988593688066,260.22696714064136,347.79469980555501,0.011503245331466625,0.011503245331466625,803.5,0.49999990554411644,1
-80.043163395645323,260.71534501432188,347.49860482325755,0.0042287643313123997,0.0042287643313123997,804,0.49999938567490554,1
-80.151358615610874,261.20349841660459,347.57201704444515,0.0093539773896433726,-0.0093539773896433726,804.5,0.49999994978357248,1
-80.257442525973147,261.69211413817482,347.91457143421354,0.0064360912319985425,-0.0064360912319985425,805,0.49999911940256875,1
-80.362111749335895,262.1810356808864,347.82790133002806,0.012487025166598517,0.012487025166598517,805.5,0.49999992124682607,1
-80.4698174587827,262.66929484904313,347.22431700898318,0.022111625879252767,0.022111625879252767,806,0.49999753513046635,1
-80.581852117709744,263.15658111017007,347.02358179440478,0.0080965418512493805,-0.0080965418512493805,806.5,0.49999966508385901,1
-80.691912317104467,263.6443145095015,347.6883510787041,0.038316037080678517,-0.038316037080678517,807,0.49999711630588506,1
-80.794364560725484,264.13370079499538,348.52311578583146,0.013715498497452993,-0.013715498497452993,807.5,0.49999539863130377,1
-80.893462521633069,264.62378189463715,348.46286296345204,0.017922117098557937,0.017922117098557937,808,0.49999989008211604,1
-80.996603079265483,265.1130242115957,347.71613956081688,0.021653283763514233,0.021653283763514233,808.5,0.49999601931585252,1
-81.104847217200884,265.60116600587349,347.36924607061314,0.0025655300522287833,0.0025655300522287833,809,0.49999920471749015,1
-81.213731025078431,266.08916606506421,347.55194890029816,0.012159864024243273,-0.012159864024243273,809.5,0.49999974138798464,1
-81.319891898801814,266.57776495988702,347.94651064078323,0.015385948779852063,-0.015385948779852063,810,0.49999901113080997,1
-81.422290776200867,267.06716557690464,348.43350196832262,0.01861229818640844,-0.01861229818640844,810.5,0.4999984940275482,1
-81.52086837504504,267.55735109387552,348.73582790938684,0.0011048102118543907,-0.0011048102118543907,811,0.49999938404151456,1
-81.619175507193049,268.04759114680706,348.49536598032,0.017893111084500656,0.017893111084500656,811.5,0.4999996017293265,1
-81.721513646775264,268.53700352786461,347.90184935046659,0.016158102327683666,0.016158102327683666,812,0.49999757353967983,1
-81.82774364474713,269.02558790814311,347.62804665995259,0.0029576855038593408,0.0029576855038593408,812.5,0.49999950912098384,1
-81.934717222688889,269.51401046142536,347.70963317120658,0.0053645224306141971,-0.0053645224306141971,813,0.49999993693240824,1
-82.04056754414465,270.00267763338195,347.83778533943348,0.0035820974936909547,-0.0035820974936909547,813.5,0.49999989550033114,1
-82.145542489717855,270.49153366733509,347.91486728578161,0.0017729647732783549,-0.0017729647732783549,814,0.49999996113049011,1
-82.250288305967899,270.98043886911705,347.86718159888369,0.0051020555483855066,0.0051020555483855066,814.5,0.49999998235134768,1
-82.356280923996209,271.46907491055578,347.6225363848518,0.011977466472733287,0.011977466472733287,815,0.4999996160692543,1
-82.46493904778238,271.95712485330426,347.31365473498653,0.0053610567447242453,0.0053610567447242453,815.5,0.49999933448109152,1
-82.574880642833065,272.44488793726453,347.34296395783542,0.0074073409967376222,-0.0074073409967376222,816,0.49999998039671234,1
-82.683051205671006,272.9330459391673,347.70286609164611,0.013433494360278546,-0.013433494360278546,816.5,0.49999910548558663,1
-82.788133962124263,273.42187825156924,348.00564808201136,0.0077046961063159452,-0.0077046961063159452,817,0.49999941535169989,1
-82.891332868518688,273.91111220463756,348.14427888261707,0.0018449043595010167,-0.0018449043595010167,817.5,0.49999987511584648,1
-82.994301404466995,274.40039472931312,348.03192806807039,0.009688831224882186,0.009688831224882186,818,0.49999990834821856,1
-83.099638856792723,274.88917153438678,347.58910930035694,0.021226286537780983,0.021226286537780983,818.5,0.49999874403890759,1
-83.209775422976321,275.3768883250566,347.01297787601436,0.012599479470843972,0.012599479470843972,819,0.49999773110683715,1
-83.322944625654131,275.8639125912037,346.909724345531,0.0053904560014001075,-0.0053904560014001075,819.5,0.49999990425084573,1
-83.434839950758629,276.35123020990608,347.28006267218092,0.014614355135401658,-0.014614355135401658,820,0.49999902527704693,1
-83.543489955542341,276.83928205477815,347.57899841228192,0.0062552919263400425,-0.0062552919263400425,820.5,0.49999942682220805,1
-83.650613077494498,277.32767186653911,347.63847177742161,0.0021031839301054265,0.0021031839301054265,821,0.4999999714886752,1
-83.758044437626694,277.81599392180675,347.53170444552848,0.0052835374657802091,0.0052835374657802091,821.5,0.49999992680066502,1
-83.866765423360434,278.30403029622624,347.33575738521841,0.0083961716754008091,0.0083961716754008091,822,0.49999975549538062,1
-83.977462786195957,278.79162202484321,347.08978835906316,0.0072603816278426683,0.0072603816278426683,822.5,0.49999959995425702,1
-84.089917355549517,279.27881173160483,346.93180190788433,0.0037691962347336872,0.0037691962347336872,823,0.49999984054294822,1
-84.20328651761983,279.76578956666259,346.87792056237657,0.00069640779978473748,-0.00069640779978473748,823.5,0.49999997874606505,1
-84.31643846039988,280.25281784725524,346.99548748384035,0.0075114286595283578,-0.0075114286595283578,824,0.49999990825192775,1
-84.427760338284926,280.74026714152956,347.30829936015971,0.014326900313675433,-0.014326900313675433,824.5,0.49999937498398855,1
-84.536268033904122,281.22835079515471,347.5623323048157,0.0023391872242545506,-0.0023391872242545506,825,0.49999957294448449,1
-84.6442050009355,281.71656130651809,347.44140725145559,0.010781559241533368,0.010781559241533368,825.5,0.49999989225761127,1
-84.754568018404427,282.20422820788104,347.06456193122369,0.0099298250260053105,0.0099298250260053105,826,0.49999900230879901,1
-84.86729027308337,282.69135607869418,346.92604377326649,0.00025925388829025345,-0.00025925388829025345,826.5,0.49999986922283041,1
-84.979959232796034,283.17849626517415,347.06547516279051,0.0065453402384216593,-0.0065453402384216593,827,0.49999985576644557,1
-85.091302309521694,283.66594127840398,347.17472963726908,0.0010820415507856265,-0.0010820415507856265,827.5,0.49999992165735996,1
-85.202381667300514,284.15344651889978,347.12747079642241,0.0043813517878600805,0.0043813517878600805,828,0.49999998323542938,1
-85.314311624983887,284.64075709335151,347.01092961915879,0.0029070846234948134,0.0029070846234948134,828.5,0.49999991139946498,1
-85.426949222028895,285.12790466482267,346.9625971229483,0.00046717270459293279,0.00046717270459293279,829,0.49999998465831758,1
-85.539681942254973,285.61503024007271,346.99659822041963,0.0036118155515284505,-0.0036118155515284505,829.5,0.49999999227226055,1
-85.651521646867764,286.10236140659907,347.17934750408659,0.0091466040885767267,-0.0091466040885767267,830,0.49999978539577311,1
-85.761134149112223,286.59019781941021,347.51444081100908,0.011935026127904978,-0.011935026127904978,830.5,0.49999926631218883,1
-85.868255394468122,287.07858786634006,347.68687879877632,0.00010359460881596258,-0.00010359460881596258,831,0.49999979914670034,1
-85.975351345507008,287.56698347359367,347.52037613998527,0.011727864167198737,0.011727864167198737,831.5,0.49999981191350856,1
-86.084904505208655,288.05483324244227,347.19522180303466,0.0076461872251395759,0.0076461872251395759,832,0.49999929176575036,1
-86.196314648187752,288.54226294010789,347.09486508791588,0.00063985933555786925,-0.00063985933555786925,832.5,0.49999993012501387,1
-86.307602458974017,289.02972056124406,347.20364963900948,0.0042318978572004461,-0.0042318978572004461,833,0.49999990923332793,1
-86.417947275494782,289.51739256200136,347.28345488947213,0.0013395455405235972,-0.0013395455405235972,833.5,0.49999995885562754,1
-86.527965444400976,290.00513839865727,347.28043414234071,0.0014636550955495205,0.0014636550955495205,834,0.49999999866463962,1
-86.638216570752959,290.49283162341601,347.24449317363189,0.0010454998494202571,0.0010454998494202571,834.5,0.49999999233746301,1
-86.748722624678138,290.98046715164065,347.22053133515715,0.00062735272852697699,0.00062735272852697699,835,0.49999999634104159,1
-86.859392139006758,291.46806561015472,347.20272467298685,0.00084857219596474673,0.00084857219596474673,835.5,0.49999999814703122,1
-86.970270494593791,291.95561661614016,347.17000285487143,0.0014358341145876362,0.0014358341145876362,836,0.49999999317509691,1
-87.081493378792999,292.44308913478113,347.12772925591167,0.00010625129730744737,0.00010625129730744737,836.5,0.49999998639976156,1
-87.192625324493221,292.93058234789868,347.21994808400007,0.0065444368093530905,-0.0065444368093530905,837,0.49999994219078253,1
-87.302161375365003,293.41843616035464,347.50270631262725,0.013195893816909865,-0.013195893816909865,837.5,0.49999948876814587,1
-87.408855571275893,293.90691920318363,347.82291481292162,0.0075877782862718013,-0.0075877782862718013,838,0.49999933457209633,1
-87.513697065139269,294.39580382952414,347.93415289787032,0.00017824295201498852,-0.00017824295201498852,838.5,0.49999991670759453,1
-87.618473350851232,294.88470246623842,347.84960813748177,0.0047393132633435807,0.0047393132633435807,839,0.49999994702867573,1
-87.724373560999851,295.37335875976487,347.68500932147816,0.0067518640693323686,0.0067518640693323686,839.5,0.49999982771249651,1
-87.831922639253619,295.86165465597855,347.46354553244151,0.0080093242947287344,0.0080093242947287344,840,0.49999968649226317,1
-87.941091659591706,296.3495911701649,347.35331656276321,0.00031382765471486861,-0.00031382765471486861,840.5,0.49999991687789141,1
-88.050184106102122,296.8375447824908,347.48152769569822,0.0086370927135767002,-0.0086370927135767002,841,0.49999988966750658,1
-88.157329719696165,297.32592914066436,347.76193172990401,0.0078233917739256344,-0.0078233917739256344,841.5,0.49999946382075827,1
-88.262586572234483,297.81472445502902,347.90669011266419,0.0022827258246859521,-0.0022827258246859521,842,0.49999986435110699,1
-88.367282258229707,298.30364040917675,347.89724829154216,0.0019987583158239653,0.0019987583158239653,842.5,0.49999999688619429,1
-88.472380545503484,298.79246995349177,347.8325147841955,0.002520490998801131,0.002520490998801131,843,0.49999997338311464,1
-88.578094790985531,299.28116664673553,347.75283503366984,0.0030421984150047314,0.0030421984150047314,843.5,0.49999995968521599,1
-88.684460508172393,299.76972197889546,347.69661367835039,0.0003747871336777515,0.0003747871336777515,844,0.49999997837457755,1
-88.790917154495787,300.25825751828023,347.73273988793017,0.0028968738830284471,-0.0028968738830284471,844.5,0.49999999078839269,1
-88.896680256013767,300.74694358459692,347.85154555918166,0.0044625422269161368,-0.0044625422269161368,845,0.49999990505477232,1
-89.001377999148772,301.23585900691779,347.97219524122556,0.0039604009232468715,-0.0039604009232468715,845.5,0.4999999076007518,1
-89.105107391460407,301.72498081566653,348.07845194235824,0.0034299226235835738,-0.0034299226235835738,846,0.49999993062296999,1
-89.208051133144181,302.21426861574969,348.14959430793391,0.0015367461863809279,-0.0015367461863809279,846.5,0.49999996526207419,1
-89.310618895657072,302.70363540249355,348.16650096982272,0.0003564369389259922,0.0003564369389259922,847,0.49999999787490934,1
-89.413280867755063,303.19298242504971,348.1253036159917,0.0026745707924858671,0.0026745707924858671,847.5,0.49999998899962755,1
-89.516598450437797,303.68219137330095,348.01198664752053,0.0052364481851081999,0.0052364481851081999,848,0.49999991794048732,1
-89.621193582118877,304.17112863023328,347.83091539449646,0.0056399224560285651,0.0056399224560285651,848.5,0.4999997827878479,1
-89.726903637445375,304.65982625811813,347.80219193403337,0.0036346413955948374,-0.0036346413955948374,849,0.49999998729740686,1
-89.831725311009592,305.14871484756196,348.03917088318411,0.012909695590882366,-0.012909695590882366,849.5,0.49999963613705034,1
-89.933835875599499,305.63817660025211,348.33931031000884,0.0039287145404014743,-0.0039287145404014743,850,0.49999937474698924,1
-90.034995873540822,306.1278362607801,348.24712221721802,0.010364785108828267,0.010364785108828267,850.5,0.49999992833187085,1
-90.138624352519784,306.61697813500297,347.8098805465637,0.012440029732442893,0.012440029732442893,851,0.49999863477188794,1
-90.244952778161178,307.1055415272599,347.72413254269088,0.0064535174535870253,-0.0064535174535870253,851.5,0.49999992235297552,1
-90.349703836798213,307.5944442453951,348.17967027675081,0.02534932835383159,-0.02534932835383159,852,0.49999865208374311,1
-90.449707300132147,308.08434004954449,348.64296123579641,0.0053623243339847755,-0.0053623243339847755,852.5,0.49999859159998356,1
-90.548397201576265,308.57450339578946,348.48591412939243,0.016327104953293391,0.016327104953293391,853,0.49999980264907656,1
-90.650876932468847,309.06388571523973,347.85093078300883,0.018334630354546164,0.018334630354546164,853.5,0.49999714982622029,1
-90.757652614635916,309.55235109213942,347.56905755597745,0.0013447334131559731,0.0013447334131559731,854,0.4999994707317118,1
-90.864758627185267,310.0407443916888,347.76847526177067,0.012511912726843979,-0.012511912726843979,854.5,0.49999971296887624,1
-90.969529990452315,310.52964379085137,347.99713401638508,0.0034512794254030086,-0.0034512794254030086,855,0.49999966106223548,1
-91.073457601958026,311.0187235781811,347.96621833516139,0.005609537543427366,0.005609537543427366,855.5,0.49999998680777447,1
-91.178674530736387,311.50752721075185,347.71757899589124,0.010427645393169141,0.010427645393169141,856,0.49999959331574645,1
-91.286430933051506,311.99577696471044,347.37730756201074,0.013327935510273586,0.013327935510273586,856.5,0.49999926447998849,1
-91.397426715390395,312.48330013056517,346.9703964363722,0.011689046636045855,0.011689046636045855,857,0.49999890094082794,1
-91.510966860907487,312.97023803742684,346.85091940842051,0.0033478672167505208,-0.0033478672167505208,857.5,0.4999998897828542,1
-91.62369159730892,313.45736481676391,347.16222804424694,0.018385833968584005,-0.018385833968584005,858,0.49999936534368078,1
-91.73270811980268,313.94533431585091,347.57744645682902,0.0060803347464146885,-0.0060803347464146885,858.5,0.49999883421449198,1
-91.840246842770057,314.43363274461979,347.49779375931314,0.011641459622051051,0.011641459622051051,859,0.49999993247559821,1
-91.950543057832419,314.92131387156593,346.98343263475232,0.016579200112726754,0.016579200112726754,859.5,0.49999813663307058,1
-92.064595610729498,315.4081316367425,346.71396111151307,0.0022339752794667466,0.0022339752794667466,860,0.49999952131361958,1
-92.179191970038218,315.8948220253119,346.85542080488312,0.012073410184827816,-0.012073410184827816,860.5,0.4999998598926273,1
-92.291724031315468,316.38199361492104,347.09624178832257,0.004738933151619446,-0.004738933151619446,861,0.49999962253746766,1
-92.403101523871413,316.86943083498255,347.12694065161531,0.0025957526319959627,0.0025957526319959627,861.5,0.49999998934934098,1
-92.515038297379007,317.35673980256274,346.9934958134948,0.0042166966940315855,0.0042166966940315855,862,0.49999987114734518,1
-92.627967523163974,317.84381982521398,346.91331479783798,0.0013809993165258146,0.0013809993165258146,862.5,0.49999995850232426,1
-92.741232883681704,318.33082183484288,346.91480759326981,0.0016679166500953942,-0.0016679166500953942,863,0.49999999927579397,1
-92.854054084582316,318.81792685290333,347.02451809200574,0.005991374704109315,-0.005991374704109315,863.5,0.49999992199231857,1
-92.965415498613254,319.30536740067839,347.25809180957776,0.010315178801966838,-0.010315178801966838,864,0.49999965215010506,1
-93.074494418450215,319.79332373183735,347.4988665000414,0.0030610989165670206,-0.0030610989165670206,864.5,0.49999959187073922,1
-93.182843886723305,320.28144291081873,347.41275760617179,0.0090726435663785968,0.0090726435663785968,865,0.49999994016451266,1
-93.293375332139149,320.7690715608399,347.01670383842827,0.012124642635828445,0.012124642635828445,865.5,0.49999890074598502,1
-93.406404537596003,321.25612836847506,346.94488458312793,0.007110659549417247,-0.007110659549417247,866,0.49999993514995295,1
-93.517700931058826,321.74358259489253,347.42417397701752,0.026351125124420862,-0.026351125124420862,866.5,0.49999851004786489,1
-93.623595379264344,322.23223782852079,348.02826074172447,0.010552107589554546,-0.010552107589554546,867,0.49999757150714763,1
-93.72691623889115,322.72144612457498,348.01547106666374,0.011444537841629883,0.011444537841629883,867.5,0.49999995696226129,1
-93.832900228647304,323.21008232425532,347.48545157392857,0.014577135019679433,0.014577135019679433,868,0.49999794171844419,1
-93.942081386910033,323.69801611187683,347.39930382674027,0.0085630005013379064,-0.0085630005013379064,868.5,0.49999990642224573,1
-94.049171849395066,324.18641090574238,347.97614703172394,0.031708806697065592,-0.031708806697065592,869,0.49999784182557594,1
-94.150372996282002,324.67605995100575,348.5492332125695,0.0074694822937186496,-0.0074694822937186496,869.5,0.4999978596539868,1
-94.249744953850595,325.16608548661691,348.40397649158507,0.017611174152201384,0.017611174152201384,870,0.49999981150197603,1
-94.353132706867342,325.65527638053749,347.7268155308152,0.019206557472358818,0.019206557472358818,870.5,0.49999675815815769,1
-94.461062118413849,326.14348804891267,347.42367733865962,0.0019574162449065482,0.0019574162449065482,871,0.49999939101408714,1
-94.569470207570291,326.63159401151518,347.61178238604788,0.013239936204244053,-0.013239936204244053,871.5,0.49999974452260215,1
-94.675274394458157,327.1202705938652,347.93686412931913,0.0094548401797773882,-0.0094548401797773882,872,0.49999932809985093,1
-94.778767312805144,327.60944225777422,348.1535010817106,0.0056692980421083096,-0.0056692980421083096,872.5,0.49999970091940504,1
-94.880937447338908,328.09889217278118,348.2278233301455,0.0016675352952146389,0.0016675352952146389,873,0.49999995569096378,1
-94.983523731171275,328.58825486564155,348.04941915335814,0.010787596755441151,0.010787596755441151,873.5,0.49999979079404194,1
-95.088736785594804,329.07705852758352,347.62796301667328,0.013935907793791851,0.013935907793791851,874,0.49999880674758662,1
-95.196797772630916,329.56524157468203,347.49959874095902,0.0049740152513472191,-0.0049740152513472191,874.5,0.49999986439359262,1
-95.303644034481152,330.05369091782865,347.91298169630585,0.023886221661708722,-0.023886221661708722,875,0.49999888449048224,1
-95.405440065390408,330.54321636874204,348.50084040887697,0.0088808604980499528,-0.0088808604980499528,875.5,0.49999759899507173,1
-95.505088284234148,331.03318584420202,348.38363803179823,0.017064042635369862,0.017064042635369862,876,0.49999985440124284,1
-95.608836716350751,331.52229934075876,347.60435374040446,0.02571674480808123,0.02571674480808123,876.5,0.49999574966254851,1
-95.718216255685306,332.01018791643253,347.25110053450453,0.0010528741960182865,-0.0010528741960182865,877,0.4999991458972845,1
-95.827338841758149,332.49813372640392,347.6646923495781,0.027823590697117335,-0.027823590697117335,877.5,0.4999988522585464,1
-95.930753269323333,332.9873188059093,348.3803685984476,0.015218824589608406,-0.015218824589608406,878,0.49999658582765877,1
-96.030453410768018,333.47727770978844,348.51559294178526,0.0057774398573305855,0.0057774398573305855,878.5,0.49999984569451672,1
-96.131497250927012,333.96696023379315,348.11229477986899,0.015681312169320217,0.015681312169320217,879,0.49999883194833183,1
-96.236126461478733,334.45588962645917,347.76328033660513,0.00868442819656535,0.00868442819656535,879.5,0.49999922271283825,1
-96.342877865055343,334.94436070390469,347.61470751296764,0.0016880217284653636,0.0016880217284653636,880,0.49999985566634675,1
-96.450174244080571,335.43271250998293,347.61445138511317,0.0012492797955957994,-0.0012492797955957994,880.5,0.49999999945180656,1
-96.557165755266297,335.92113116635267,347.68558922019736,0.0037170729818687518,-0.0037170729818687518,881,0.49999996735581781,1
-96.663279914386848,336.40974111890523,347.80282189369501,0.0022581555971977903,-0.0022581555971977903,881.5,0.49999990049927168,1
-96.768907453163322,336.89845659257099,347.77427044648243,0.004251437132221223,0.004251437132221223,882,0.49999999114832711,1
-96.875573568935422,337.38694614476623,347.55922982926199,0.010761236341120212,0.010761236341120212,882.5,0.49999970285771805,1
-96.984251345177853,337.87499218223371,347.38367126063184,0.00081942675445596141,0.00081942675445596141,883,0.49999979373667003,1
-97.093129045004233,338.36299375087663,347.51269379854313,0.0098269852895623427,-0.0098269852895623427,883.5,0.49999988451741523,1
-97.200159712186803,338.8514035128552,347.74326281555858,0.00559923449126116,-0.00559923449126116,884,0.49999965931339685,1
-97.305822716320648,339.34011127448935,347.83305448583604,0.00066944651397806288,-0.00066944651397806288,884.5,0.49999994672404313,1
-97.411301755486647,339.82885881783471,347.79666669053546,0.0020555339504793107,0.0020555339504793107,885,0.49999998882951535,1
-97.517256015371501,340.3175035450563,347.73344849223099,0.0023579264130441191,0.0023579264130441191,885.5,0.49999997462920198,1
-97.623786293826996,340.80602301022566,347.66156765556036,0.0026602981571940787,0.0026602981571940787,886,0.49999996807716263,1
-97.73098469294311,341.2943962836822,347.57453034918899,0.0034169634367860391,0.0034169634367860391,886.5,0.49999995099971728,1
-97.839017306561246,341.7825856724491,347.4657899616036,0.0041745472662504113,0.0041745472662504113,887,0.4999999249097572,1
-97.948062333691752,342.27054989019808,347.33763873487402,0.0047675826191600412,0.0047675826191600412,887.5,0.49999989574525722,1
-98.058270249148407,342.75825275249639,347.1926289763428,0.0053560138933603221,0.0053560138933603221,888,0.49999986652324407,1
-98.169750613979829,343.24566633000586,347.05468756593552,0.0025337224720835003,0.0025337224720835003,888.5,0.49999986728351092,1
-98.281810830143357,343.73294705217188,347.07343194449868,0.0038423462651750754,-0.0038423462651750754,889,0.49999999424125408,1
-98.392975030758933,344.22043276006877,347.24390040920139,0.0055260477492890016,-0.0055260477492890016,889.5,0.49999979490219426,1
-98.502857048796301,344.70820921779449,347.34751685464875,0.0017077609170123196,-0.0017077609170123196,890,0.49999993059940617,1
-98.612322536515435,345.19607939060876,347.34174898214661,0.0021104227785327264,0.0021104227785327264,890.5,0.49999999852341243,1
-98.722280629915446,345.68383870001162,347.23459010175685,0.0053567347151729028,0.0053567347151729028,891,0.49999992621331596,1
-98.833544689411539,346.1713015754479,347.03483396153183,0.0085888817451810692,0.0085888817451810692,891.5,0.49999974586409079,1
-98.946605558818206,346.65835088579286,346.85529103724417,0.0033041009638747872,0.0033041009638747872,892,0.49999979089844637,1
-99.060470794912675,347.14521298576585,346.84626963070809,0.0026742822428147436,-0.0026742822428147436,892.5,0.49999999638096426,1
-99.173890892661603,347.63217893652273,346.92916804479069,0.0026066271052455621,-0.0026066271052455621,893,0.49999995576992923,1
-99.286676386988418,348.11929227525451,346.9949546725353,0.00198614208092294,-0.00198614208092294,893.5,0.49999997250095929,1
-99.398808809514279,348.60655630676314,347.10871164318348,0.0064193857916673173,-0.0064193857916673173,894,0.49999991658355436,1
-99.509376439938094,349.0941774560481,347.36343000300025,0.011363237679393142,-0.011363237679393142,894.5,0.49999958612735346,1
-99.617730896756257,349.58229537419629,347.53007506635186,0.0024069609422991563,0.0024069609422991563,895,0.49999979032963926,1
-99.726675260768417,350.07028152877473,347.21909961277248,0.019303754179166192,0.019303754179166192,895.5,0.49999936150985613,1
-99.839611520083082,350.5573582817895,346.7189925226985,0.012058839513719376,0.012058839513719376,896,0.49999836199272329,1
-99.95547923247095,351.04374747942353,346.53692855893166,0.00065201589660325695,0.00065201589660325695,896.5,0.49999977834901965,1
-100.07179338080658,351.5300303347434,346.55414115218639,0.00040017059594119736,0.00040017059594119736,897,0.49999999648109017,1
-100.18820949810633,352.01628877656503,346.50582411247888,0.0029729796912222653,0.0029729796912222653,897.5,0.49999998460995115,1
-100.3051706456486,352.50241640783526,346.46624309120898,0.0020073086676601027,-0.0020073086676601027,898,0.49999998391880091,1
-100.42163837592875,352.98866232840379,346.62887832463468,0.0093468492341321086,-0.0093468492341321086,898.5,0.49999982746612232,1
-100.53596406203025,353.47541587265374,346.9378688267962,0.010557637624237184,-0.010557637624237184,899,0.49999937534207556,1
-100.64772558985764,353.96276465749742,347.22486296989319,0.0094783399973647833,-0.0094783399973647833,899.5,0.49999947719064769,1
-100.75741187566844,354.45058507423187,347.36205197250507,0.0034899923606603236,0.0034899923606603236,900,0.49999984027791511,1
-100.86796818812003,354.93820834432063,347.00264081920011,0.021602355630825118,0.021602355630825118,900.5,0.49999915175423165,1
-100.98325845828771,355.42473236854255,346.41148361618036,0.0087419966206174812,0.0087419966206174812,901,0.49999747253404064,1
-101.10058978730872,355.9107705223123,346.58702021352593,0.020998040541229883,-0.020998040541229883,901.5,0.49999972768967499,1
-101.21331895344866,356.39789296130488,347.32229876473377,0.01745931328276816,-0.01745931328276816,902,0.49999613545374355,1
-101.32191988462755,356.88595611809177,347.47109764923471,0.0070701519603811299,0.0070701519603811299,902.5,0.49999980726567106,1
-101.43200269008747,357.3736861688256,347.0752973729891,0.01119143857100577,0.01119143857100577,903,0.49999882644537524,1
-101.54466489787006,357.86082793681709,346.94383355274181,0.0020134922580312929,-0.0020134922580312929,903.5,0.49999987518430539,1
-101.65692243879471,358.34806297610515,347.13116381798511,0.0070580387829111751,-0.0070580387829111751,904,0.49999973900442368,1
-101.7675369466432,358.83567374711868,347.29287274936348,0.0042313904003167483,-0.0042313904003167483,904.5,0.49999983335493814,1
-101.87712409820119,359.32351656643806,347.3701440998708,0.0008773366372190432,-0.0008773366372190432,905,0.49999996014807585,1
-101.98650469417275,359.8114057725237,347.33829742521743,0.0031006631266030302,0.0031006631266030302,905.5,0.49999999218996938,1
-102.09661931760785,360.2991297280758,347.21277629049411,0.0034075171603460677,0.0034075171603460677,906,0.49999988711362553,1
-102.2074751878977,360.78668584919012,347.19448105159597,0.0021302632973581267,-0.0021302632973581267,906.5,0.49999999521376576,1
-102.31783047387179,361.27435541328242,347.31503172965427,0.0035406595738348263,-0.0035406595738348263,907,0.4999998928843869,1
-102.42746967197905,361.76218657477932,347.3192602493915,0.0032454411579699682,0.0032454411579699682,907.5,0.49999999588901684,1
-102.53788630349321,362.24984214594195,347.14803066644191,0.0049473641012840394,0.0049473641012840394,908,0.49999978860084271,1
-102.64918756591051,362.73729676353986,347.18898909315146,0.007806921716618718,-0.007806921716618718,908.5,0.49999997523320361,1
-102.75859537071375,363.22517882633326,347.57784814830984,0.014725220841952425,-0.014725220841952425,909,0.49999897494635948,1
-102.86496968596209,363.71373201511932,347.78292791729405,0.00040762339628214742,0.00040762339628214742,909.5,0.49999971321749637,1
-102.97143996697271,364.20226424191071,347.56227751578018,0.012192764043441308,0.012192764043441308,910,0.49999965735211815,1
-103.08039358908867,364.69024850469782,347.29162310799074,0.0067024197279669353,0.0067024197279669353,910.5,0.49999953249984702,1
-103.19098187989003,365.17786530698044,347.17882692218757,0.00076784483379731792,0.00076784483379731792,911,0.49999991593068327,1
-103.30160609027865,365.66547393244383,347.30622909447044,0.0096623902516416848,-0.0096623902516416848,911.5,0.49999988755039448,1
-103.4098730430977,366.15361029109141,347.73229918901529,0.01949481285937614,-0.01949481285937614,912,0.49999883770509046,1
-103.51468879635422,366.64250015426603,347.95386277801509,0.0040261121660088196,0.0040261121660088196,912.5,0.4999996404455006,1
-103.62048835458648,367.1311770489163,347.50159398694905,0.027548865486373548,0.027548865486373548,913,0.49999865388535958,1
-103.73114319116874,367.61877752985919,347.06866340274991,8.3545551678583987e-05,8.3545551678583987e-05,913.5,0.49999872187314764,1
-103.84181813678205,368.10637347241266,347.49878691821863,0.030112670796294632,-0.030112670796294632,914,0.49999874677954459,1
-103.94709711071543,368.59516218427245,348.02619466508304,0.00050822216713356546,-0.00050822216713356546,914.5,0.49999806719028961,1
-104.0522550010058,369.08397713986557,347.51760085247173,0.036018035853493766,0.036018035853493766,915,0.49999824269873128,1
-104.16446789986955,369.57121802636766,346.69997971265394,0.01035655590810197,0.01035655590810197,915.5,0.4999954161297388,1
-104.27918806782976,370.05787883014426,346.95598163513927,0.028231435194139357,-0.028231435194139357,916,0.49999945486901043,1
-104.38809806665004,370.54586812577151,347.81533467782759,0.020162473815744607,-0.020162473815744607,916.5,0.49999494046420856,1
-104.49212273379162,371.0349268667818,348.0563204149783,0.0033367970001246059,0.0033367970001246059,917,0.49999958353231805,1
-104.59664135133761,371.52388018555087,347.78982892222552,0.0098985828602492949,0.0098985828602492949,917.5,0.49999948934874561,1
-104.70354647988692,372.0123173338817,347.52488515189793,0.0085978548322019829,0.0085978548322019829,918,0.4999995543795015,1
-104.81248201751497,372.50030586285129,347.33508906171511,0.0031388714253908264,0.0031388714253908264,918.5,0.49999975576416011,1
-104.92217052634946,372.98812593472593,347.35744690837817,0.0046996457061690275,-0.0046996457061690275,919,0.49999999149411101,1
-105.03088640366235,373.47616352768381,347.49526456488366,0.0010210808015827749,0.0010210808015827749,919.5,0.49999983412000543,1
-105.13993404927005,373.96412679449321,347.23250189832606,0.017323903728571032,0.017323903728571032,920,0.49999953876767389,1
-105.25300748245462,374.45117085027766,346.64427954368813,0.0134247270308508,0.0134247270308508,920.5,0.49999751356093058,1
-105.36912544211566,374.93750053344479,346.61749113788454,0.011554429890187684,-0.011554429890187684,921,0.49999994128527825,1
-105.48256658546744,375.42445915776779,347.19621241708262,0.018817270294614805,-0.018817270294614805,921.5,0.49999759480171718,1
-105.59172276997212,375.91239797344713,347.5082042537303,0.0029645685207761409,-0.0029645685207761409,922,0.49999936046177096,1
-105.70013015178036,376.40050423513173,347.39104634657872,0.008041583575621061,0.008041583575621061,922.5,0.49999988312622429,1
-105.81035540021392,376.88820286157852,347.12657701091223,0.010421894924533598,0.010421894924533598,923,0.49999955563012538,1
-105.92311060831584,377.37532254418801,346.80517317476762,0.010256823434024374,0.010256823434024374,923.5,0.499999322139216,1
-106.03825215293342,377.86188409453223,346.59533135834215,0.0043929927655641087,0.0043929927655641087,924,0.49999971757021472,1
-106.15446219256935,378.34819182898309,346.55350921712545,0.0014815173874698304,-0.0014815173874698304,924.5,0.49999998589891359,1
-106.27031120196158,378.83458560108966,346.68056614250872,0.0073886974246187599,-0.0073886974246187599,925,0.49999989452120258,1
-106.38437110382696,379.32140158313803,346.96138527607485,0.007843760893243578,-0.007843760893243578,925.5,0.49999946159097086,1
-106.49709789505987,379.80852844944104,346.87621153619313,0.013790592810571141,0.013790592810571141,926,0.4999999133358542,1
-106.61317638978834,380.29486435597323,346.18279152894104,0.028626052695013279,0.028626052695013279,926.5,0.49999683091087144,1
-106.73462774347661,380.7798889337875,345.8706019150668,0.0068289427992417216,-0.0068289427992417216,927,0.49999927239609721,1
-106.85442321340068,381.26532256217899,346.56693190475937,0.036098109159147782,-0.036098109159147782,927.5,0.49999676217717309,1
-106.9678502433197,381.75228549596937,347.01319984427505,0.0049395223931928446,0.0049395223931928446,928,0.49999858999999719,1
-107.08247942915057,382.23896467901704,346.2838074141734,0.045678125595947826,0.045678125595947826,928.5,0.49999647744378589,1
-107.2051446218008,382.72368012571184,345.48222902128168,0.010285004997007574,0.010285004997007574,929,0.49999581373492602,1
-107.33030220698721,383.20776192118359,345.69434197664128,0.025094620140033292,-0.025094620140033292,929.5,0.49999960583669462,1
-107.45115943834428,383.69293359085145,346.2463821833656,0.010313233115942764,-0.010313233115942764,930,0.49999801941567479,1
-107.56951419940738,384.17872378616028,346.28226394491321,0.0078080698690271627,0.0078080698690271627,930.5,0.49999996332448715,1
-107.6892233317343,384.66418157720517,346.01728979727523,0.0085723134018119793,0.0085723134018119793,931,0.4999995432484427,1
-107.81101068972305,385.14912232258456,345.79532403146914,0.0069238468753113061,0.0069238468753113061,931.5,0.49999968709490078,1
-107.93442929363923,385.63365064358283,345.64044967763681,0.0036187872299487805,0.0036187872299487805,932,0.49999984564199279,1
-108.05872408676173,386.11795507912672,345.58873369498986,8.3159888584948177e-06,-8.3159888584948177e-06,932.5,0.49999998188485167,1
-108.18320416850008,386.60221193346865,345.55489832514007,0.0041365668303021564,0.0041365668303021564,933,0.49999999172673459,1
-108.30869026203717,387.086208788036,345.34428344876079,0.010567173745836565,0.010567173745836565,933.5,0.49999971490220829,1
-108.43641631576149,387.56961921399926,345.10321396298343,0.0022835013564037436,0.0022835013564037436,934,0.49999958472979195,1
-108.56467823932195,388.05288803471745,345.23457279868842,0.011454169915718727,-0.011454169915718727,934.5,0.49999987411376751,1
-108.69053327642966,388.53678855317423,345.56367840904738,0.0044356128238848573,-0.0044356128238848573,935,0.49999920212748572,1
-108.8153655546228,389.02095461105381,345.43610425101861,0.013342359152608591,0.013342359152608591,935.5,0.4999998692815219,1
-108.943116598242,389.50435731238298,344.97722324042508,0.010926448376150165,0.010926448376150165,936,0.49999850079588448,1
-109.07343197002518,389.98707650999836,344.87957859802356,0.0041092437990002005,-0.0041092437990002005,936.5,0.49999991986942038,1
-109.20296205741164,390.47000675887097,345.08239876921215,0.0030535435743050225,-0.0030535435743050225,937,0.49999966881439017,1
-109.33184897696262,390.95310931150766,344.97742277583836,0.010382468529128618,0.010382468529128618,937.5,0.49999991439542318,1
-109.46307733922092,391.43558012256335,344.6011995067384,0.0084230458088046609,0.0084230458088046609,938,0.49999896658066367,1
-109.59620032333576,391.91753265906698,344.59524404898929,0.0080072056339414548,-0.0080072056339414548,938.5,0.49999997634192156,1
-109.72750785152863,392.39998194164087,344.96677522312507,0.0096892338266287761,-0.0096892338266287761,939,0.49999897721514019,1
-109.85671156880055,392.88299991954415,345.00090156969452,0.0073067469804242498,0.0073067469804242498,939.5,0.49999996753464832,1
-109.98761441983716,393.36555907383649,344.60678323476952,0.013828504712333163,0.013828504712333163,940,0.49999889379963336,1
-110.12160793547146,393.8472698936925,344.35091439666394,0.0040347628836139458,0.0040347628836139458,940.5,0.49999957619820468,1
-110.25658304326876,394.32870702545222,344.36509417742667,0.0035875103182508557,-0.0035875103182508557,941,0.49999999156191866,1
-110.39076914942073,394.81036452115251,344.51612839621555,0.0069564699491738565,-0.0069564699491738565,941.5,0.49999985424848192,1
-110.52330402651052,395.2924787847212,344.73227123186086,0.0025819837120414639,-0.0025819837120414639,942,0.4999996567814658,1
-110.65562161028389,395.77465255579921,344.462585522974,0.021411923389750412,0.021411923389750412,942.5,0.49999948849095055,1
-110.79306560341303,396.25538481476656,343.54760239253415,0.032469156568831634,0.032469156568831634,943,0.49999435602728004,1
-110.93725460207277,396.73414163566065,343.08708416068043,0.00031524961173455134,-0.00031524961173455134,943.5,0.49999856088504518,1
-111.08138202207586,397.21291695641395,343.53889157445099,0.023034595927252533,-0.023034595927252533,944,0.49999852095698422,1
-111.2211588718599,397.69298112230899,343.89147653814638,0.0015805015874716451,-0.0015805015874716451,944.5,0.49999917111136782,1
-111.36055219051697,398.17315717255963,343.63976476736997,0.014947980669503121,0.014947980669503121,945,0.49999953652031626,1
-111.50269302507888,398.65252713828704,343.38679555154272,0.0027127047218076846,0.0027127047218076846,945.5,0.49999958089128449,1
-111.64548443188362,399.13170407982039,343.48255869227103,0.007987191766090411,-0.007987191766090411,946,0.49999992715452812,1
-111.78695137790331,399.61127366710741,343.61430179576325,0.0012101643409443469,-0.0012101643409443469,946.5,0.49999988586676475,1
-111.92812813393887,400.09092885039922,343.55192302735418,0.0055397504560853938,0.0055397504560853938,947,0.49999997130342499,1
-112.07061918703158,400.57019485199459,343.30212561630645,0.01189963624544229,0.01189963624544229,947.5,0.49999960049651693,1
-112.2159590335922,401.04860382045786,342.87026569719256,0.017730797816355025,0.017730797816355025,948,0.49999881210294306,1
-112.36454845946805,401.52601437361125,342.64869323122389,0.0022618019791377261,-0.0022618019791377261,948.5,0.49999965374422262,1
-112.51259772666113,402.00359221770003,342.99986545868967,0.022254883561053426,-0.022254883561053426,949,0.49999918268022964,1
-112.65688681293302,402.48231954495554,343.34542828426447,0.00061621454112982998,-0.00061621454112982998,949.5,0.49999919427773637,1
-112.80102849166938,402.96109142979549,343.03460862312386,0.022316492818370892,0.022316492818370892,950,0.49999934126169449,1
-112.9492482733064,403.43861566719789,342.55533384016826,0.0083738223764667653,0.0083738223764667653,950.5,0.49999850097302534,1
-113.09946594620634,403.91551673221016,342.55801380705469,0.0085605517301755012,-0.0085605517301755012,951,0.4999999750613115,1
-113.24861853565142,404.39275191295297,342.65309598442184,0.0050957364622271958,0.0050957364622271958,951.5,0.49999991267678706,1
-113.39898789147928,404.86960414821021,342.26075325906186,0.022295508155670624,0.022295508155670624,952,0.49999899744090781,1
-113.55371953234625,405.34505815165522,341.76848694062556,0.0079355565787256124,0.0079355565787256124,952.5,0.49999839007467956,1
-113.71033379834901,405.81989699405307,341.81497278221104,0.011180836286291582,-0.011180836286291582,953,0.49999995456530649,1
-113.86500482484399,406.29537181002354,342.10716414082469,0.0056297765493603224,-0.0056297765493603224,953.5,0.49999942705883682,1
-114.01834053170187,406.77127952143792,342.12878438396007,0.0041204283971891789,0.0041204283971891789,954,0.49999998878127577,1
-114.17233702554704,407.2469737347493,342.01183821661516,0.0018846918003460828,0.0018846918003460828,954.5,0.4999999046945342,1
-114.32677836230739,407.72252380557876,342.02759466460333,0.0029846375249663291,-0.0029846375249663291,955,0.49999999636622672,1
-114.48087658786572,408.19818515778047,342.01394680442468,0.0071755685586539029,0.0071755685586539029,955.5,0.49999998509858634,1
-114.6366876868926,408.67328705806892,341.60370717468146,0.021464738484002547,0.021464738484002547,956,0.49999891423648118,1
-114.79681114679342,409.14695255546354,341.15021388143327,0.0025949965029595143,0.0025949965029595143,956.5,0.49999852583052817,1
-114.95752883881102,409.62041747527888,341.48740352104824,0.026137143365590688,-0.026137143365590688,957,0.49999920682258281,1
-115.11303863236731,410.09561579153575,342.16859958928131,0.01027079539676139,-0.01027079539676139,957.5,0.49999673565462377,1
-115.2661436283135,410.57159755931002,342.02273685876287,0.02045399206233799,0.02045399206233799,958,0.4999997830371577,1
-115.42327577019833,411.04626255903042,341.41678718264063,0.010286987028514678,0.010286987028514678,958.5,0.49999737196597804,1
-115.58279727658444,411.52013256922731,341.49858815681904,0.015998966032032071,-0.015998966032032071,959,0.49999989756368513,1
-115.73854130180558,411.99525304216178,342.29872115357165,0.030504727228612569,-0.030504727228612569,959.5,0.49999566517476052,1
-115.88815718737868,412.47234194162098,342.73109256000691,0.00031651096152096066,0.00031651096152096066,960,0.4999987312014072,1
-116.03783813805941,412.94941037601399,342.30169111861477,0.022828274764950092,0.022828274764950092,960.5,0.49999867808913262,1
-116.19191936773315,413.42507602800669,341.87790219634451,0.0067576617116751492,0.0067576617116751492,961,0.49999883782205945,1
-116.34760730355491,413.90021941239678,341.91448821737129,0.0093118266879641757,-0.0093118266879641757,961.5,0.49999996909011218,1
-116.50131886775382,414.37600489260018,342.28405270342159,0.012195843691596712,-0.012195843691596712,962,0.49999906813998762,1
-116.65215319395986,414.85271070925478,342.58357908518764,0.0087151500313092847,-0.0087151500313092847,962.5,0.49999942959403393,1
-116.80088450543302,415.33007714369035,342.79657711574862,0.0066158692635137923,-0.0066158692635137923,963,0.49999971573817031,1
-116.94803287583932,415.80793399973527,342.9659458338171,0.0052082636987291452,-0.0052082636987291452,963.5,0.49999981778233443,1
-117.09405897803747,416.28613514770552,343.02875142582138,0.0031507257948275372,0.0031507257948275372,964,0.4999999604432509,1
-117.24085376086535,416.76410047087097,342.76863628133754,0.015009080865843813,0.015009080865843813,964.5,0.4999995584139425,1
-117.3909016842973,417.24105369172491,342.34786012256518,0.0080104469495364278,0.0080104469495364278,965,0.49999875420764023,1
-117.54281587652173,417.71741705503996,342.35594495748626,0.0085747536965089868,-0.0085747536965089868,965.5,0.49999997570802018,1
-117.69288739927197,418.19436316653406,342.72832475206343,0.013340854964772412,-0.013340854964772412,966,0.49999905520902599,1
-117.8398038106686,418.67229071344792,343.08948527623591,0.011872985159419307,-0.011872985159419307,966.5,0.49999917203607963,1
-117.98399748406069,419.15104716388396,343.34437386433905,0.0035463679622607445,-0.0035463679622607445,967,0.49999955428022169,1
-118.12735951672153,419.63005372367769,343.27465281680327,0.0084140708698966869,0.0084140708698966869,967.5,0.49999995673406916,1
-118.27273087915779,420.10845323429805,342.8715121836957,0.016541517448813929,0.016541517448813929,968,0.49999892477722291,1
-118.42153294982492,420.58579722770236,342.55256665064036,0.0057253659328436778,0.0057253659328436778,968.5,0.49999934427356402,1
-118.57170112581345,421.06271389572862,342.54345553171856,0.0050892367762637482,-0.0050892367762637482,969,0.49999998932099338,1
-118.72090227312222,421.53993375508844,342.71657680456957,0.0031345009327609667,-0.0031345009327609667,969.5,0.49999977652561106,1
-118.86937554332123,422.01738080536899,342.69905606653288,0.0043576597995909488,0.0043576597995909488,970,0.49999999778518078,1
-119.01887759863082,422.4945063767928,342.48452762256613,0.00639296177059245,0.00639296177059245,970.5,0.49999967544818785,1
-119.16945733565217,422.97129322487694,342.54074130470104,0.010317636949328709,-0.010317636949328709,971,0.49999995570742994,1
-119.31757480943558,423.44884884826484,343.07571852249583,0.027030627577744177,-0.027030627577744177,971.5,0.49999815946599907,1
-119.46005438078738,423.92811587333239,343.69546412832608,0.0073241832259528248,-0.0073241832259528248,972,0.49999730956244676,1
-119.60080661521179,424.40789535653397,343.45404480055726,0.024182128232377715,0.024182128232377715,972.5,0.49999954399643409,1
-119.74728129218424,424.88595120670362,342.39070162759657,0.036570007858219324,0.036570007858219324,973,0.49999222681518984,1
-119.90157681559464,425.3615463311379,341.81911870771546,0.0033396956816242104,0.0033396956816242104,973.5,0.49999783092544009,1
-120.05666690029834,425.83688416143855,342.19923899537406,0.029880343727987594,-0.029880343727987594,974,0.49999898728730113,1
-120.20597196573482,426.31406772022348,342.95924120991327,0.015580074242597197,-0.015580074242597197,974.5,0.49999615132482944,1
-120.35156544782734,426.79240067023972,343.07124946065096,0.007759756374048017,0.007759756374048017,975,0.49999987309904642,1
-120.49891540520595,427.27019391868447,342.60351953207447,0.015439116157267426,0.015439116157267426,975.5,0.49999839819630304,1
-120.6496042567893,427.74694601982657,342.39296536299651,0.00073943135828038044,-0.00073943135828038044,976,0.49999969593482163,1
-120.80011678903378,428.22375368434956,342.64588970477496,0.01691830741962139,-0.01691830741962139,976.5,0.49999957131033285,1
-120.94758863037893,428.70151022671911,342.98327378102073,0.0051577073738976785,-0.0051577073738976785,977,0.49999925776608406,1
-121.09382827683881,429.17964612648495,342.94023242162422,0.0081626435592489829,0.0081626435592489829,977.5,0.49999997284160358,1
-121.24190545003265,429.65721529188204,342.59601361670684,0.010325235151003328,0.010325235151003328,978,0.4999991569584365,1
-121.39233833906422,430.13404834217124,342.427016109504,0.0014731428772697809,0.0014731428772697809,978.5,0.49999981195045556,1
-121.54312251310357,430.61077056811558,342.51124575878725,0.0069152388366881439,-0.0069152388366881439,979,0.49999994785005375,1
-121.69254598537063,431.08792082403858,342.71334384531428,0.0071938802674553189,-0.0071938802674553189,979.5,0.49999974079165527,1
-121.84025220668599,431.56560543975695,342.92342519624123,0.0074725696252301403,-0.0074725696252301403,980,0.4999997199091944,1
-121.98624700874089,432.0438159647552,343.09927856627326,0.0030965429600458001,-0.0030965429600458001,980.5,0.49999978844610338,1
-122.13151577090926,432.52224775862538,343.08666883676574,0.0039768920981628712,0.0039768920981628712,981,0.49999999464777489,1
-122.27773292939449,433.00039025762192,342.87691686715328,0.0087679227497752654,0.0087679227497752654,981.5,0.49999970678205807,1
-122.42573411270605,433.47798369075775,342.71877978280526,0.0022721735288469794,0.0022721735288469794,982,0.49999983763607214,1
-122.57427783860254,433.95540881879043,342.74672870806546,0.0042233830733667413,-0.0042233830733667413,982.5,0.49999999138022982,1
-122.72196335148092,434.43309998827021,342.88819429339725,0.0039221764931361858,-0.0039221764931361858,983,0.49999986411309538,1
-122.86871781197897,434.91107811771604,342.96298477112668,0.0012991868627920409,-0.0012991868627920409,983.5,0.49999996390460572,1
-123.01516033107387,435.38915194893281,342.96433628050761,0.00092929291854451006,0.00092929291854451006,984,0.4999999994931339,1
-123.1618072076451,435.86716312069598,342.91888263386687,0.0022439735996265509,0.0022439735996265509,984.5,0.49999998673849588,1
-123.30899030538768,436.3450094262659,342.8357658750549,0.0035586725061930937,0.0035586725061930937,985,0.4999999560079284,1
-123.45692699762999,436.82262296542831,342.75544644028093,0.0015799419902789008,0.0015799419902789008,985.5,0.4999999577028329,1
-123.60524051658246,437.3001196659593,342.74635588422342,0.00094529638581929186,-0.00094529638581929186,986,0.49999999892204633,1
-123.75332990415986,437.77768590024488,342.80830018349081,0.0032605998527336449,-0.0032605998527336449,986.5,0.49999997484275382,1
-123.90064396630584,438.25549179309292,342.93096667060149,0.0053031522933674425,-0.0053031522933674425,987,0.49999990414625245,1
-124.04669054153084,438.73368651969776,343.11214887476217,0.0073457423718883696,-0.0073457423718883696,987.5,0.49999979868758931,1
-124.19133729371167,439.21230664904471,343.22231370200427,0.00026297012034088419,-0.00026297012034088419,988,0.49999991113254688,1
-124.33592112177494,439.69094581877465,343.1272049919254,0.0069028526535486598,0.0069028526535486598,988.5,0.49999993813719812,1
-124.4820427932985,440.16911742317274,342.89776776294389,0.0054296441570199586,0.0054296441570199586,989,0.49999962614133797,1
-124.62941562544468,440.64690527517757,342.85537555870616,0.0024700849347399903,-0.0024700849347399903,989.5,0.4999999831781809,1
-124.77619926660573,441.12487425384728,343.03635625317708,0.0088091705905893325,-0.0088091705905893325,990,0.49999978188301197,1
-124.92118640345798,441.60339121936096,343.23183229384534,0.0048376149115290411,-0.0048376149115290411,990.5,0.49999975613697134,1
-125.06501573105068,442.0822576733903,343.31353266843831,0.00086618557243003469,-0.00086618557243003469,991,0.4999999562704035,1
-125.20865163453004,442.56118221423264,343.27444173368139,0.0037911126079898157,0.0037911126079898157,991.5,0.49999998858938172,1
-125.35319595022514,443.03983316721065,343.0951935540354,0.0087228379499546035,0.0087228379499546035,992,0.49999979398647038,1
-125.49981005141427,443.51785376561162,342.79441234055884,0.0090105173739905738,0.0090105173739905738,992.5,0.499999387162746,1
-125.64836019965213,443.99527682105816,342.68966244540621,0.0016974827759201232,-0.0016974827759201232,993,0.49999992041339009,1
-125.79650502052559,444.47282560716667,342.89167495018114,0.012405825081101192,-0.012405825081101192,993.5,0.49999973106527085,1
-125.94217429657891,444.95113496785456,343.19921559529138,0.0070407627499010405,-0.0070407627499010405,994,0.49999938250717474,1
-126.08616045560996,445.4299542735738,343.29091050031258,0.00063914720319980546,0.00063914720319980546,994.5,0.49999994152196631,1
-126.23027947240622,445.90873357470718,343.17835003448823,0.0059228850615831745,0.0059228850615831745,995,0.4999999101960883,1
-126.37578273918794,446.38709382844195,342.97343520620711,0.00838284705921012,0.00838284705921012,995.5,0.49999973299726719,1
-126.5232894920773,446.86483986608499,342.69901954137612,0.0097624985428062267,0.0097624985428062267,996,0.49999951863135866,1
-126.67256066882175,447.34203800927713,342.63156809025935,0.0050533999796352194,-0.0050533999796352194,996.5,0.49999995207269676,1
-126.82062534511668,447.81961106514871,342.98858369900609,0.019871542590599284,-0.019871542590599284,997,0.49999917206015193,1
-126.96433080449388,448.29851243024655,343.54938174099311,0.010599095162595482,-0.010599095162595482,997.5,0.49999777654244387,1
-127.10556721142426,448.77815003153768,343.52587584013509,0.012240215930959792,0.012240215930959792,998,0.49999995121490998,1
-127.24970560195963,449.25692068594844,342.89113792836901,0.023081342263720384,0.023081342263720384,998.5,0.49999721514328621,1
-127.39856018055383,449.73424832741233,342.58807681028145,0.0019224056535096612,-0.0019224056535096612,999,0.49999936287352714,1
-127.54695570366667,450.211718358783,343.00129561681797,0.026926925098881095,-0.026926925098881095,999.5,0.49999886213574862,1
-127.69008979521793,450.6907904113686,343.61946703255961,0.0088130352560327509,-0.0088130352560327509,1000,0.49999739972601659,1
-127.83112260029925,451.17048778287523,343.48422953924825,0.018255474533159188,0.018255474533159188,1000.5,0.49999982033944551,1
-127.97635318675975,451.64892677398115,342.71629360540578,0.022517826406304554,0.022517826406304554,1001,0.49999579143639722,1
-128.12659281815377,452.12582034797526,342.43070815596087,0.0025785212542746346,-0.0025785212542746346,1001.5,0.49999942775796585,1
-128.27621731975745,452.60290656924906,342.86330481274018,0.02621264643900224,-0.02621264643900224,1002,0.49999875400790522,1
-128.42105687690454,453.08146667587096,343.38149954966082,0.0099639434415656411,-0.0099639434415656411,1002.5,0.4999982729615467,1
-128.5635108776807,453.56074406643665,343.43422841434625,0.00628249263753614,0.00628249263753614,1003,0.49999995944459635,1
-128.70724670752983,454.03963801689429,343.14135227834481,0.0099995255578602081,0.0099995255578602081,1003.5,0.49999940456698172,1
-128.85334767153009,454.51781592313398,342.89100170190795,0.0074781990132611774,0.0074781990132611774,1004,0.49999960169742219,1
-129.0012292137221,454.9954463826964,342.7213947837306,0.0027649442927178622,0.0027649442927178622,1004.5,0.49999980642285807,1
-129.14964640072594,455.47291082669335,342.79411000562902,0.007841545485670837,-0.007841545485670837,1005,0.4999999566794493,1
-129.29619015252027,455.95095268582344,343.17068816987671,0.018448302835220177,-0.018448302835220177,1005.5,0.49999909026967954,1
-129.43923369535463,456.43005378546053,343.48530456235306,0.00060136252772388405,-0.00060136252772388405,1006,0.4999993188196124,1
-129.58213459250109,456.90919758405266,343.20036598366141,0.020495240533523661,0.020495240533523661,1006.5,0.49999944613425562,1
-129.72968025929237,457.38692833284466,342.48610090683269,0.018434188644209034,0.018434188644209034,1007,0.49999639211722824,1
-129.88144069981919,457.86334040764103,342.28420821991472,0.0043381570225888696,-0.0043381570225888696,1007.5,0.49999969632058844,1
-130.03217207260622,458.3400780118231,342.72253633794526,0.021419393241747284,-0.021419393241747284,1008,0.49999868998179675,1
-130.17872837384309,458.81811593210102,343.11482557728152,0.0059676461654654756,-0.0059676461654654756,1008.5,0.49999900265488356,1
-130.32385788204721,459.29658995337866,343.06447428995313,0.009482889180730739,0.009482889180730739,1009,0.49999996318915868,1
-130.47089309041957,459.77448110321177,342.74415266595003,0.0089126447303623287,0.0089126447303623287,1009.5,0.49999930358943234,1
-130.62004376021568,460.25171677642845,342.57251961051753,0.0030696595176234569,0.0030696595176234569,1010,0.49999981009117378,1
-130.76993783487819,460.72871967357787,342.55831833902857,0.0010351649273776041,-0.0010351649273776041,1010.5,0.4999999975078695,1
-130.91962235389497,461.20578835627526,342.60940378658546,0.0025312750175267608,-0.0025312750175267608,1011,0.49999998324390821,1
-131.06870294614157,461.68304606668733,342.70334954224296,0.0040273647932097915,-0.0040273647932097915,1011.5,0.49999994513235863,1
-131.21685039944759,462.16059420973869,342.82997620806788,0.0048114286442720675,-0.0048114286442720675,1012,0.49999989685285684,1
-131.36384856904957,462.63849733496141,342.97902432321808,0.0055940937182591358,-0.0055940937182591358,1012.5,0.49999985896395688,1
-131.50958531990162,463.1167866651968,343.10669880832666,0.0014652967763071022,-0.0014652967763071022,1013,0.49999988396591194,1
-131.6549885576085,463.59517758418315,343.04687626578033,0.005641762080147039,0.005641762080147039,1013.5,0.49999997290424858,1
-131.80173501493502,464.07315775668707,342.79221777436777,0.010069130403440159,0.010069130403440159,1014,0.49999956804457241,1
-131.95067185176111,464.55046007521332,342.56995301251089,0.005447915960519592,0.005447915960519592,1014.5,0.49999968463420302,1
-132.10090837343824,465.02735517314557,342.48007118881605,0.00082707322226226274,0.00082707322226226274,1015,0.49999994687744304,1
-132.2513777724771,465.50417689491701,342.50701396541041,0.0024804203448661605,-0.0024804203448661605,1015.5,0.49999999440019804,1
-132.40125599944852,465.98118468635511,342.62150639755265,0.0055126740177638195,-0.0055126740177638195,1016,0.49999991601274235,1
-132.54985156610411,466.45859346838625,342.79508216485561,0.0039726815836174864,-0.0039726815836174864,1016.5,0.49999978759011388,1
-132.69758048742051,466.93627135205611,342.79794994256019,0.0037724460697758761,0.0037724460697758761,1017,0.49999999474061896,1
-132.84621006008564,467.41366944956741,342.5789393044505,0.011485613386879786,0.011485613386879786,1017.5,0.49999969337793143,1
-132.99668561168119,467.89048912209626,342.46241445146137,0.0033504648207751016,-0.0033504648207751016,1018,0.49999989173849019,1
-133.14636197916226,468.36755972682886,342.77092247690865,0.018187889812745377,-0.018187889812745377,1018.5,0.4999993768818739,1
-133.29201870760261,468.84587138388792,343.31013781486598,0.010466506640592135,-0.010466506640592135,1019,0.49999792381422337,1
-133.43526555370207,469.324912397361,343.2853351127672,0.01219832359610884,0.01219832359610884,1019.5,0.49999995150675441,1
-133.5814189919389,469.803071697978,342.63417300636064,0.026159492539401547,0.026159492539401547,1020,0.49999714426682673,1
-133.73279812691939,470.27960427830982,342.23619449456692,0.0016262181982880999,0.0016262181982880999,1020.5,0.49999894262402567,1
-133.88456485528829,470.75601399527648,342.54097802889044,0.022905401495125072,-0.022905401495125072,1021,0.49999935825963726,1
-134.03180247299127,471.23384109583611,343.12878305292082,0.010941634654123985,-0.010941634654123985,1021.5,0.49999765409057595,1
-134.17643822812877,471.71246460042585,343.14266301110018,0.0099724600688534306,0.0099724600688534306,1022,0.49999996080995274,1
-134.32335389350857,472.19039139947921,342.6495861148743,0.015075113894725163,0.015075113894725163,1022.5,0.49999823798427739,1
-134.47354649917949,472.66730015258497,342.47451193012409,0.002852296983781246,-0.002852296983781246,1023,0.4999997775870636,1
-134.62305861066835,473.14442212168007,342.81300871421359,0.020590677951017555,-0.020590677951017555,1023.5,0.49999924487446734,1
-134.7686882516,473.62274275079784,343.27880806158959,0.011928047302366036,-0.011928047302366036,1024,0.49999861655558986,1
-134.91146287509062,474.10192444887133,343.49645114228906,0.003266698519196688,-0.003266698519196688,1024.5,0.49999969288138774,1
-135.05344558590591,474.58134169926433,343.47111687140574,0.0048312613025897925,0.0048312613025897925,1025,0.49999999014483965,1
-135.19658420596653,475.06041469383081,343.22129431637779,0.0126098909102114,0.0126098909102114,1025.5,0.49999959867559296,1
-135.34272174063352,475.53858042732224,342.7732916536313,0.013990307968515758,0.013990307968515758,1026,0.49999864772212144,1
-135.49183188697555,476.01582874309759,342.60156354368416,0.0020009802070111065,-0.0020009802070111065,1026.5,0.49999979065249622,1
-135.64046435762577,476.49322569112411,342.88794796119936,0.017992962932150906,-0.017992962932150906,1027,0.49999945731633549,1
-135.78560325622109,476.97169566779195,343.31543458845573,0.0097864799079389019,-0.0097864799079389019,1027.5,0.49999881845658861,1
-135.92840008790805,477.45087094605236,343.44592617337617,0.00067616400279358073,0.00067616400279358073,1028,0.49999988243576232,1
-136.07130759101707,477.93001321466545,343.31035249204302,0.0068423613049315496,0.0068423613049315496,1028.5,0.49999986801653695,1
-136.21582429492324,478.40867235859611,343.07697904051417,0.0094502291189565331,0.0094502291189565331,1029,0.49999965377621042,1
-136.36259709060869,478.88664427580727,342.77595841290895,0.0095951949876204954,0.0095951949876204954,1029.5,0.49999940719548741,1
-136.51141118595234,479.36398507586426,342.6399030908334,9.66415943670627e-05,-9.66415943670627e-05,1030,0.49999987437198412,1
-136.66020221548501,479.84133305600926,342.78149422981579,0.0097883343690341549,-0.0097883343690341549,1030.5,0.4999998646178842,1
-136.80712419329319,480.319259415354,343.00132934624173,0.0030205752658279779,-0.0030205752658279779,1031,0.49999967251947219,1
-136.9533271259898,480.79740654343453,342.94793138620059,0.0067485505924523943,0.0067485505924523943,1031.5,0.49999997362075366,1
-137.10106579908495,481.27508084748496,342.6677743448497,0.0093809934563306753,0.0093809934563306753,1032,0.49999945627767661,1
-137.25098287766909,481.75207621769806,342.45586574361698,0.0054130329214407084,0.0054130329214407084,1032.5,0.49999971365585633,1
-137.40219332165844,482.22866339438639,342.35211324604882,0.0035138882066366298,0.0035138882066366298,1033,0.49999993535520421,1
-137.55447871862717,482.70490796573171,342.14904355194284,0.01066341440466137,0.01066341440466137,1033.5,0.49999973386573698,1
-137.70930094464106,483.18033305749321,341.74111912203335,0.017815391154364636,0.017815391154364636,1034,0.49999893954321034,1
-137.86791641168122,483.65450596348455,341.31424913973547,0.0096771377942531569,0.0096771377942531569,1034.5,0.49999881115922651,1
-138.02882226486301,484.12790769790956,341.1925267312912,0.0011787836699694552,-0.0011787836699694552,1035,0.49999989574475645,1
-138.18962730396521,484.60134373067501,341.26321482942899,0.0031365705771847223,0.0031365705771847223,1035.5,0.49999993772134321,1
-138.35127735211296,485.07449120734157,340.93054367781951,0.020090284954466717,0.020090284954466717,1036,0.49999927274156802,1
-138.51765571817697,485.54599313988797,340.1378201834566,0.028748663630267804,0.028748663630267804,1036.5,0.49999583307175866,1
-138.69007533228404,486.01532216665476,339.61997748256294,0.0074054276941473082,0.0074054276941473082,1037,0.49999825869165776,1
-138.86423234986501,486.48401101686585,339.71341665542764,0.013928289233997762,-0.013928289233997762,1037.5,0.49999990508488618,1
-139.03635054613778,486.95345217048884,339.92610897955529,0.0022806304652743747,0.0022806304652743747,1038,0.49999967020297376,1
-139.20900490734687,487.42269589246564,339.57840908167816,0.021994968510262634,0.021994968510262634,1038.5,0.4999991990585112,1
-139.38643535698677,487.89015189372424,338.88974568300466,0.016204462247501279,0.016204462247501279,1039,0.49999667756105592,1
-139.5675547764956,488.35619434954805,338.73931990474381,0.0057013043761381024,-0.0057013043761381024,1039.5,0.49999981475347033,1
-139.74739185764653,488.82273195014091,339.15815504897614,0.014015763042305498,-0.014015763042305498,1040,0.49999870852216133,1
-139.92456482343709,489.29028907568005,339.22282747321339,0.0095013767738565767,0.0095013767738565767,1040.5,0.49999992544944516,1
-140.10395640502801,489.75699696874756,338.61372662635176,0.032572995241835823,0.032572995241835823,1041,0.49999759699142932,1
-140.2893377084356,490.22135776836467,337.95076573567701,0.013710725908595957,0.013710725908595957,1041.5,0.49999717986618353,1
-140.47789923406941,490.68443921330226,337.82805719814803,0.0051427392139114635,-0.0051427392139114635,1042,0.49999987359481879,1
-140.66579535068138,491.1477909737568,337.97777178953493,0.0016411405200826854,0.0016411405200826854,1042.5,0.49999980455414389,1
-140.85409865005926,491.61097705282589,337.69694589772871,0.017965441972118298,0.017965441972118298,1043,0.49999947639971742,1
-141.04644981165578,492.07249414803988,337.04087753736303,0.018917031376340647,0.018917031376340647,1043.5,0.49999699853328256,1
-141.24288478283623,492.53229069602628,336.78955477093064,0.0013699590069601178,-0.0013699590069601178,1044,0.4999995634426842,1
-141.43900932384349,492.99221944594501,337.10733179888621,0.015822437376509044,-0.015822437376509044,1044.5,0.49999929058661391,1
-141.63246775378403,493.45327652668664,337.27028858831591,0.0044460069217272724,0.0044460069217272724,1045,0.49999979581700449,1
-141.82695037041776,493.91390150289953,336.85254831515101,0.024718543031160316,0.024718543031160316,1045.5,0.49999885688253065,1
-142.02642764288001,494.37238342266392,336.15605320107318,0.020111093127762734,0.020111093127762734,1046,0.49999685296990581,1
-142.23050195106987,494.82883978086096,335.70999961559346,0.011030541007308494,0.011030541007308494,1046.5,0.49999873020006619,1
-142.43714982013074,495.28413787579905,335.48415841500525,0.0069559216979570094,0.0069559216979570094,1047,0.49999969704155905,1
-142.64540971852236,495.73870092507536,335.2860963400542,0.0068711857804743398,0.0068711857804743398,1047.5,0.49999975104540773,1
-142.85523664488639,496.19254275564248,335.08145786322308,0.0090611613394605984,0.0090611613394605984,1048,0.49999974619982118,1
-143.06723473313073,496.64537374717804,334.70530110618375,0.017200373360368264,0.017200373360368264,1048.5,0.49999909631352113,1
-143.2831188230852,497.09636343356323,334.09592560087242,0.025202024169750196,0.025202024169750196,1049,0.49999763751569648,1
-143.50413868029202,497.5448583659113,333.46643137468885,0.018744685201235775,0.018744685201235775,1049.5,0.49999748161527652,1
-143.72935283098357,497.99126325917877,333.02191197396269,0.012289366381335598,0.012289366381335598,1050,0.4999987424032788,1
-143.95746565425722,498.43619450097594,332.6760878681477,0.014247079448577922,0.014247079448577922,1050.5,0.49999927006852074,1
-144.18875189667997,498.87948355347152,332.19193448883271,0.019554029151023854,0.019554029151023854,1051,0.49999850999423945,1
-144.42430924077155,499.32051689974134,331.59998266290421,0.018039564420018951,0.018039564420018951,1051.5,0.49999767487202446,1
-144.66374541445779,499.75945813523748,331.22292536309055,0.0082840847420268971,0.0082840847420268971,1052,0.49999908948756222,1
-144.90500643241003,500.19739996613572,331.10821649145862,0.0047900597017877843,0.0047900597017877843,1052.5,0.49999992603384791,1
-145.14794986589916,500.63440917787392,330.64008575592527,0.02789789892563568,0.02789789892563568,1053,0.49999856301746598,1
-145.39696285436304,501.06798082245047,329.50932740918353,0.051047650609537018,0.051047650609537018,1053.5,0.49999183933792385,1
-145.65541354815159,501.49599394582572,328.39895921234483,0.021714997088425034,0.021714997088425034,1054,0.49999199483713647,1
-145.91849952824276,501.92118279864275,328.27151039953105,0.012810993973283861,-0.012810993973283861,1054.5,0.49999979348035406,1
-146.17965665409432,502.34755785627192,328.66246279281654,0.00057786693570677748,0.00057786693570677748,1055,0.49999873414972235,1
-146.44101431416311,502.77380933997267,328.13918870621484,0.035964298183943845,0.035964298183943845,1055.5,0.49999815383032142,1
-146.70982751819869,503.19538544129847,326.76442829781934,0.043218237938530836,0.043218237938530836,1056,0.49998694770257152,1
-146.98718037126275,503.61140437921955,326.01794441531138,0.0089076472047695966,0.0089076472047695966,1056.5,0.49999636179852086,1
-147.26640190624428,504.026175319049,326.2208416292421,0.014050653740565189,-0.014050653740565189,1057,0.4999995981242879,1
-147.54368529339541,504.44224481718589,326.3143752929272,0.0075231587492276143,0.0075231587492276143,1057.5,0.49999990406987915,1
-147.82253106433654,504.85726680272825,325.78968454402406,0.029107280832608263,0.029107280832608263,1058,0.49999821245207582,1
-148.10624698683338,505.26897379078554,325.15064512559314,0.01345989494551493,0.01345989494551493,1058.5,0.4999973686865139,1
-148.39272864696403,505.67876413074504,325.02008568726859,0.0043440370935903172,-0.0043440370935903172,1059,0.49999986431531568,1
-148.67869154094026,506.08891654959262,325.18912168221289,0.0023153650133584049,-0.0023153650133584049,1059.5,0.49999978341774254,1
-148.96419551364716,506.49938877771012,325.12695368373352,0.0066557480867836458,0.0066557480867836458,1060,0.49999996848716016,1
-149.25099167803725,506.90895865259102,324.86721648299499,0.0074607180693501271,0.0074607180693501271,1060.5,0.49999952231860051,1
-149.53924882716191,507.31750207981469,324.75516682797718,0.00036200188462452465,0.00036200188462452465,1061,0.49999991594912596,1
-149.82757663445256,507.72599567179742,324.85122455884152,0.007868054162519348,-0.007868054162519348,1061.5,0.49999993914798152,1
-150.11424821034473,508.13565219791514,325.23357853978467,0.018826522011588884,-0.018826522011588884,1062,0.49999906181445469,1
-150.3970503324779,508.54798686428558,325.92661112607914,0.027171254680129972,-0.027171254680129972,1062.5,0.49999691736434843,1
-150.67499278240027,508.96361443647635,326.44212771076661,0.0088192905910491597,-0.0088192905910491597,1063,0.49999828423109705,1
-150.95110057696945,509.38046507628201,326.43197969606899,0.0095275318180955953,0.0095275318180955953,1063.5,0.49999997012824599,1
-151.22840893849704,509.79651778862905,326.26016514195175,0.00072840895209291974,-0.00072840895209291974,1064,0.49999978682439777,1
-151.50556410656515,510.21267243642939,326.47948706431004,0.014583272365045339,-0.014583272365045339,1064.5,0.49999967807258144,1
-151.77985935110158,510.63071599434244,326.9869241417548,0.017430686849082559,-0.017430686849082559,1065,0.49999829748500568,1
-152.05051758647906,511.05112379792018,327.45626510157695,0.015336107521254737,-0.015336107521254737,1065.5,0.49999860168476157,1
-152.31797914353052,511.47357303205905,327.83788513975117,0.0094417936586190937,-0.0094417936586190937,1066,0.4999990399239857,1
-152.58347490246493,511.89726145613474,327.97154292941298,0.00011071506217352257,0.00011071506217352257,1066.5,0.49999987870788531,1
-152.8489634587543,512.32095442701859,327.87000464375399,0.0013613172371011485,0.0013613172371011485,1067,0.49999990709698711,1
-153.11445960165887,512.74464245133333,328.0618666597893,0.014756513648651277,-0.014756513648651277,1067.5,0.49999974384486651,1
-153.37682653823964,513.17027244645658,328.7022151817618,0.02523193835417703,-0.02523193835417703,1068,0.49999730215211591,1
-153.63451799563805,513.59875083174529,329.16471380449616,0.0070580607082438469,-0.0070580607082438469,1068.5,0.49999861387381722,1
-153.89069637363835,514.02813712469947,329.10663426530402,0.011114446118802886,0.011114446118802886,1069,0.49999994993179264,1
-154.14841699093409,514.45659917653802,328.87212960531309,0.0047485002773606736,0.0047485002773606736,1069.5,0.49999964644487649,1
-154.40715432745449,514.88444842299782,328.83471767028971,0.002135064022581679,-0.002135064022581679,1070,0.49999998700588805,1
-154.66480204193724,515.31295307895596,329.29567327695327,0.033997534143474117,-0.033997534143474117,1070.5,0.49999858495397953,1
-154.91511523806278,515.74576819981917,330.79467555857491,0.070678060800244538,-0.070678060800244538,1071,0.49998562479577541,1
-155.15097170394762,516.18661459552675,332.74562797408157,0.042772540288639097,-0.042772540288639097,1071.5,0.49997381642247041,1
-155.37751689981675,516.63234575293791,333.06968351518958,0.020129299108508147,0.020129299108508147,1072,0.49999899045745821,1
-155.6083261262246,517.07587192900542,331.81192542744213,0.04086460501876394,0.04086460501876394,1072.5,0.49998836771674238,1
-155.84706426210957,517.5151927435187,331.39911233766122,0.01204275343858317,-0.01204275343858317,1073,0.49999867558868949,1
-156.0831594022309,517.95593217084877,332.47680356817511,0.053880080145137184,-0.053880080145137184,1073.5,0.49999215793065521,1
-156.30882274666368,518.40209934911161,333.78623283985291,0.037539222998031911,-0.037539222998031911,1074,0.49998909586070972,1
-156.5260742488158,518.85242952137639,334.62811990164334,0.021244350443191326,-0.021244350443191326,1074.5,0.49999547921894738,1
-156.73847767122589,519.30507039330928,335.02765281216261,0.0069501468585907184,-0.0069501468585907184,1075,0.49999897279462735,1
-156.94930717746257,519.75844761198687,335.02701667038843,0.0069949283884832283,0.0069949283884832283,1075.5,0.49999998311582633,1
-157.16127053719657,520.21129560637212,334.86056060714446,0.0013534710732129381,-0.0013534710732129381,1076,0.49999977188841793,1
-157.37290509461059,520.66429705130895,335.13595586521114,0.017873468635394907,-0.017873468635394907,1076.5,0.49999949500642787,1
-157.58070031228038,521.1190701706488,335.75103354988613,0.01928677593590197,-0.01928677593590197,1077,0.49999744255399337,1
-157.78415306133527,521.57580395762523,336.18971401616255,0.011339483161477456,-0.011339483161477456,1077.5,0.49999877326231679,1
-157.98494107537493,522.03371636454256,336.45298783228145,0.010420766480927216,-0.010420766480927216,1078,0.49999959899065238,1
-158.18328256664913,522.49269320490794,336.83168824646134,0.016017800165665324,-0.016017800165665324,1078.5,0.49999908715182523,1
-158.37797417806064,522.95322926445181,337.34088766049416,0.016509893005906592,-0.016509893005906592,1079,0.49999828569126781,1
-158.56895759943109,523.41531631342195,337.71491260891412,0.009602262487480244,-0.009602262487480244,1079.5,0.49999910806350562,1
-158.75771121875655,523.87831939981402,337.90412690533674,0.0061466227840264124,-0.0061466227840264124,1080,0.49999978681699492,1
-158.94483969775561,524.34198143799642,338.16845492392599,0.01230720280768414,-0.01230720280768414,1080.5,0.49999955330376378,1
-159.12911354080512,524.80678454000713,338.60427499733044,0.016478728521821438,-0.016478728521821438,1081,0.49999877286950406,1
-159.309797932283,525.27299494563329,339.00243162142351,0.011318009930148056,-0.011318009930148056,1081.5,0.4999989916368216,1
-159.48784134090036,525.74022095587259,339.25276800984204,0.0062026798965703267,-0.0062026798965703267,1082,0.49999959999606219,1
-159.66408004453621,526.20813073810393,339.48881317382137,0.010276429492502384,-0.010276429492502384,1082.5,0.49999964496690241,1
-159.83791206749291,526.67693948022929,339.84155994913209,0.014349681624873361,-0.014349681624873361,1083,0.49999920889775712,1
-160.00843601479954,527.14696110358511,340.28624902145754,0.016480660825933999,-0.016480660825933999,1083.5,0.49999874302549557,1
-160.17508101911454,527.61837160468986,340.78548252545102,0.018372978172559156,-0.018372978172559156,1084,0.49999841801246814,1
-160.3376476756041,528.09120441819016,341.21136367277006,0.0082006664555698428,-0.0082006664555698428,1084.5,0.49999878732333708,1
-160.49828613671721,528.56469703875575,341.23931084399618,0.0062491803737243657,0.0062491803737243657,1085,0.49999997691886072,1
-160.6600202512175,529.03781627786771,341.07655174788528,0.0043048051687789328,-0.0043048051687789328,1085.5,0.49999973821099725,1
-160.82065049591355,529.51131003429987,341.567551264553,0.029975241181013027,-0.029975241181013027,1086,0.49999841288883451,1
-160.9745060542688,529.98704271265296,342.53985458604336,0.019065492708634436,-0.019065492708634436,1086.5,0.4999931140423996,1
-161.12423062064204,530.46409843688753,342.373574411704,0.030680409165158368,0.030680409165158368,1087,0.49999960980046254,1
-161.28107705397318,530.93884580970234,340.95749034897733,0.046405646741096228,0.046405646741096228,1087.5,0.49998587144365525,1
-161.44793205603003,531.41018030831117,340.26691205775302,0.0018183725277530029,0.0018183725277530029,1088,0.49999680127999258,1
-161.61523139905825,531.88135826944699,340.82395374856071,0.032001070909563334,-0.032001070909563334,1088.5,0.49999774123268226,1
-161.77616388006689,532.35474735761375,341.56604264297442,0.019804871315896248,-0.019804871315896248,1089,0.4999964922266445,1
-161.9324015970659,532.8297092344385,341.95869916396873,0.0076085272234595004,-0.0076085272234595004,1089.5,0.49999900864897084,1
-162.08677295803531,533.30528198969546,342.02643236190238,0.0026181547796484583,0.0026181547796484583,1090,0.4999999626302441,1
-162.24176648279033,533.78065205543294,341.80925191682911,0.012543979583937867,0.012543979583937867,1090.5,0.49999969211514367,1
-162.39943893514126,534.25513975714125,341.47043035885281,0.0054272467797305598,0.0054272467797305598,1091,0.4999991813021249,1
-162.55836121260953,534.72921112164545,341.53900533118542,0.010214856441440391,-0.010214856441440391,1091.5,0.4999999489185693,1
-162.71500366531089,535.20403942407177,341.95301384690038,0.011724837713607324,-0.011724837713607324,1092,0.49999877477185567,1
-162.8689922131168,535.67973612354058,342.11391926012544,0.00049124682871205935,0.00049124682871205935,1092.5,0.4999998227408633,1
-163.02305038597515,536.15541028785526,341.97274558853809,0.0033262154827802129,0.0033262154827802129,1093,0.49999983122089819,1
-163.17762117449541,536.63091820739476,342.07962917237438,0.010788540356576675,-0.010788540356576675,1093.5,0.49999991020854634,1
-163.32963364049127,537.10724853098327,342.57416197990955,0.019171524681857639,-0.019171524681857639,1094,0.49999836698541122,1
-163.4776381825358,537.584840267814,342.92281450386434,0.0051695647219157379,-0.0051695647219157379,1094.5,0.49999921155418509,1
-163.62440792269314,538.06281370736667,342.87045389442778,0.0085202537171842271,0.0085202537171842271,1095,0.49999996554366172,1
-163.77249483311724,538.54038053469276,342.69730199227348,0.0035678971761487792,0.0035678971761487792,1095.5,0.4999998076012217,1
-163.9214335108617,539.01768260040888,342.6660315251562,0.0013848169720845176,-0.0013848169720845176,1096,0.49999999166514275,1
-164.07020230114827,539.49503764076132,342.70847814053565,0.00072870922877794377,-0.00072870922877794377,1096.5,0.49999998751321723,1
-164.21879807296992,539.97244658109025,342.70561003624857,0.00092893961542811205,0.00092893961542811205,1097,0.49999999970926096,1
-164.36755575617616,540.44980509224547,342.68681006221397,0.00064116171258869498,-0.00064116171258869498,1097.5,0.49999999648521354,1
-164.51615437318321,540.92721312058529,342.74917312035751,0.0037125993036212228,-0.0037125993036212228,1098,0.49999997449972589,1
-164.66390692989074,541.40488358917855,342.87125848604427,0.0029496270988284027,-0.0029496270988284027,1098.5,0.49999989457970545,1
-164.810988796098,541.88276110482263,342.89303854984928,0.0014291028825797352,0.0014291028825797352,1099,0.49999999532516937,1
-164.95840802325486,542.36053459213315,342.79382875517769,0.0048590580712529197,0.0048590580712529197,1099.5,0.49999993371237189,1
-165.10695252750224,542.837959315739,342.63338941520908,0.0063415654047864955,0.0063415654047864955,1100,0.4999998364521962,1
-165.25700641672293,543.31491169817809,342.43869520210819,0.0042281176932654424,0.0042281176932654424,1100.5,0.49999974478451703,1
-165.40753531292526,543.79171438782225,342.61970944234332,0.016866656680721598,-0.016866656680721598,1101,0.49999975344373637,1
-165.55403648297937,544.26976611391842,343.40521396325653,0.037972095166454008,-0.037972095166454008,1101.5,0.49999604563511213,1
-165.69357459754053,544.7498979497816,344.02498862708069,0.0049338028598285791,-0.0049338028598285791,1102,0.49999746521820282,1
-165.83192810318926,545.23037426535438,343.68796098763039,0.028464447501059795,0.028464447501059795,1102.5,0.49999918235102309,1
-165.97569513358602,545.70925620362925,343.01507736300312,0.0086861865335033858,0.0086861865335033858,1103,0.49999686982519825,1
-166.12152514530868,546.18751685187078,343.2221414723208,0.023143845511889662,-0.023143845511889662,1103.5,0.49999963997531199,1
-166.26235873920592,546.6672680978495,344.04074185662023,0.02293431719591282,-0.02293431719591282,1104,0.4999953591666087,1
-166.39776361869997,547.14858339682996,344.45253952120243,0.0058163987713849997,-0.0058163987713849997,1104.5,0.49999889842223549,1
-166.53167064013405,547.63031869680708,344.44307947191942,0.0017545038309951207,0.0017545038309951207,1105,0.49999998963339132,1
-166.66590829819137,548.1119619745408,344.4182943970539,2.4243159766231689e-05,-2.4243159766231689e-05,1105.5,0.4999999958267981,1
-166.80014181419261,548.59360640660748,344.44287996884168,0.001512028162971808,-0.001512028162971808,1106,0.49999999575888482,1
-166.9340184208489,549.07535014850328,344.5007390921827,0.0025273088337273127,-0.0025273088337273127,1106.5,0.49999997866556689,1
-167.0672875778109,549.55726226159265,344.58571570767162,0.0030094097657479024,-0.0030094097657479024,1107,0.49999995293963073,1
-167.19986542755549,550.03936503233058,344.65684478014816,0.0019563272702100842,-0.0019563272702100842,1107.5,0.49999996779608236,1
-167.33197056435341,550.52159757141294,344.69992464679257,0.0017180077879162927,-0.0017180077879162927,1108,0.49999998891821712,1
-167.46356257250139,551.00397033280876,344.79831245510604,0.0051507801509311823,-0.0051507801509311823,1108.5,0.49999993754504429,1
-167.59391195329599,551.48668017585248,344.99438294510128,0.0080359702665306499,-0.0080359702665306499,1109,0.49999975364476901,1
-167.72252183465679,551.96985641434503,345.18063788076171,0.0049670932666737236,-0.0049670932666737236,1109.5,0.49999977902739728,1
-167.84993136812454,552.45335073249953,345.27898898765261,0.0019486802653817241,-0.0019486802653817241,1110,0.49999994490615157,1
-167.9767423457651,552.93700241144279,345.33827192612529,0.0021900415258304219,-0.0021900415258304219,1110.5,0.49999997059478862,1
-168.10302364043221,553.4207926622779,345.40446856710713,0.0024313444999204594,-0.0024313444999204594,1111,0.49999997218590247,1
-168.22867444976666,553.90474701512755,345.50460602803241,0.0060709509175131057,-0.0060709509175131057,1111.5,0.49999994152852179,1
-168.35283381235124,554.38908574303355,345.76965335927196,0.012432937564860058,-0.012432937564860058,1112,0.49999955066680191,1
-168.47401298399498,554.87417793691736,346.19296420380823,0.015381613671859265,-0.015381613671859265,1112.5,0.49999882820590463,1
-168.59149502781361,555.36017874358799,346.6251317275192,0.014789605100723798,-0.014789605100723798,1113,0.49999881470290103,1
-168.70538000943239,555.84703510513998,347.04032153772755,0.014157555227798473,-0.014157555227798473,1113.5,0.49999890582075118,1
-168.81583677764456,556.33468082329239,347.42840577749649,0.012935908123309635,-0.012935908123309635,1114,0.49999904407534129,1
-168.92313720898196,556.82303092935263,347.78150084403364,0.011714920010033967,-0.011714920010033967,1114.5,0.49999920865361047,1
-169.0276085805429,557.31199426587148,348.08523843749629,0.0092569821503149241,-0.0092569821503149241,1115,0.49999941193512604,1
-169.12981616054375,557.80143607668617,348.31110741870873,0.0065116282102192164,-0.0065116282102192164,1115.5,0.49999967558309427,1
-169.23021707240451,558.29125164876052,348.55270163050557,0.012100781390011223,-0.012100781390011223,1116,0.49999963774886252,1
-169.32764836027496,558.7816655610859,349.01109168897108,0.01990145372254018,-0.01990145372254018,1116.5,0.4999986612565876,1
-169.4203262181899,559.27299885277421,349.61250639379813,0.017875519885694538,-0.017875519885694538,1117,0.49999758886315382,1
-169.50866467401715,559.76513237602649,349.99011042423024,0.0084867974691702885,-0.0084867974691702885,1117.5,0.49999908748581157,1
-169.59489101477962,560.25764117781159,350.12275072056366,0.004074682528913875,-0.004074682528913875,1118,0.49999990167707664,1
-169.67993617034531,560.75035517166839,350.3169096110924,0.0094802663594937466,-0.0094802663594937466,1118.5,0.49999975822744969,1
-169.76264511825718,561.24346616874743,350.66477519712657,0.014129440513606746,-0.014129440513606746,1119,0.49999922550437631,1
-169.84207702814126,561.73711549089296,351.04514823173326,0.012425895253040482,-0.012425895253040482,1119.5,0.49999908156172951,1
-169.9184404647672,562.23124900288144,351.37638082597533,0.010295515572611279,-0.010295515572611279,1120,0.49999930212290594,1
-169.99250793612396,562.72573239611108,351.54317722787744,0.0013489041968903256,-0.0013489041968903256,1120.5,0.4999998164930522,1
-170.06624188762601,563.22026575859866,351.45377850750265,0.0071536569983683867,0.0071536569983683867,1121,0.49999994221736849,1
-170.14070505738249,563.7146898634735,351.50077460117831,0.010434828746282423,-0.010434828746282423,1121.5,0.49999995913146622,1
-170.21258719176967,564.20949387077451,352.0517105881944,0.028028351610328659,-0.028028351610328659,1122,0.49999804688138338,1
-170.27860049395096,564.70511411469579,352.71546036944767,0.016888469850697654,-0.016888469850697654,1122.5,0.49999718224152784,1
-170.34042663841024,565.20127631781986,353.01835105813444,0.0042583135006029841,-0.0042583135006029841,1123,0.49999940394727693,1
-170.40069233185326,565.6976309588614,353.15516876913784,0.0069520028927177579,-0.0069520028927177579,1123.5,0.49999988348962632,1
-170.45923139215697,566.19419186450511,353.41955626369202,0.01150557351468608,-0.01150557351468608,1124,0.4999995545947522,1
-170.51506264321921,566.69106424889537,353.75051357826464,0.010561702748636281,-0.010561702748636281,1124.5,0.49999929496433865,1
-170.56827110929368,567.18822457872477,354.02124729056794,0.0083392830725427525,-0.0083392830725427525,1125,0.49999953441785711,1
-170.61937933748342,567.68560536359087,354.24092691279174,0.007314263234184968,-0.007314263234184968,1125.5,0.49999969614261602,1
-170.66866701035826,568.18316990092694,354.44195190193557,0.0067197841413270398,-0.0067197841413270398,1126,0.4999997435118137,1
-170.71615964817187,568.68090886481082,354.69022167340017,0.012917130041161549,-0.012917130041161549,1126.5,0.49999962681454924,1
-170.76041973897563,569.17894439884572,355.19905099817441,0.022607024772356606,-0.022607024772356606,1127,0.49999834879665656,1
-170.79927317475091,569.67742961482941,355.84811077299162,0.015362587557608148,-0.015362587557608148,1127.5,0.49999710001744191,1
-170.83439790671639,570.17619416218793,355.99878243200209,0.0048425658251237576,0.0048425658251237576,1128,0.49999982049736297,1
-170.87052162838825,570.674886879327,355.72191087015983,0.0028224195728886662,0.0028224195728886662,1128.5,0.49999934939455987,1
-170.90706788137862,571.17354882862207,356.02172139232516,0.023756527675817957,-0.023756527675817957,1129,0.49999936828199598,1
-170.93780648187277,571.6725967534195,356.97721387751477,0.031168228727079073,-0.031168228727079073,1129.5,0.49999369276517242,1
-170.96124405699945,572.17204508057807,357.53891162282127,0.0080491078622104972,-0.0080491078622104972,1130,0.49999795142512099,1
-170.98267056231819,572.67158566511921,357.44132150138478,0.01246215621676585,0.01246215621676585,1130.5,0.49999989073386297,1
-171.00607383337979,573.1710374016883,357.24747346073241,0.0010702718409995322,0.0010702718409995322,1131,0.49999975025819521,1
-171.02974433196192,573.67047667199995,357.38002249835421,0.010324082469296924,-0.010324082469296924,1131.5,0.49999987723254974,1
-171.05113895896477,574.17001803695825,357.70320976179869,0.0093544111976961945,-0.0093544111976961945,1132,0.49999930536851422,1
-171.07020542558513,574.66965411802755,357.9034283658201,0.0046236632717856097,-0.0046236632717856097,1132.5,0.49999974365560534,1
-171.08813058077672,575.16933267926811,357.95772891162022,0.0016959708103496556,0.0016959708103496556,1133,0.49999997575207555,1
-171.10650265544965,575.66899485092176,357.79155530116884,0.0099053417769237803,0.0099053417769237803,1133.5,0.4999998189094001,1
-171.12734574218464,576.16855921047795,357.3980051228956,0.014460290677612642,0.014460290677612642,1134,0.49999898360239464,1
-171.15117284988048,576.66799092522308,357.21685146329241,0.001812985224615711,-0.001812985224615711,1134.5,0.49999976875435481,1
-171.17454718949023,577.16744372746473,357.50188653370475,0.018086593641668883,-0.018086593641668883,1135,0.49999946141893725,1
-171.19424964695216,577.66705427918282,357.90624046007673,0.0054866108562865428,-0.0054866108562865428,1135.5,0.49999889021686411,1
-171.21258745368084,578.16671779514331,357.80343919371705,0.012663767887021461,0.012663767887021461,1136,0.49999990433761021,1
-171.23386702975279,578.66626310836,357.32424473539419,0.01193750426909323,0.01193750426909323,1136.5,0.49999834031180396,1
-171.25797542531564,579.16568147438875,357.23142815470192,0.0054574450416615961,-0.0054574450416615961,1137,0.49999991906343372,1
-171.28073542169324,579.66516216903528,357.61445393643851,0.015796087578021523,-0.015796087578021523,1137.5,0.49999898175865776,1
-171.30017043804898,580.16478389979341,357.86187588680014,0.0014774747452775438,-0.0014774747452775438,1138,0.49999959370632419,1
-171.31923635390379,580.66442007235923,357.69911305004814,0.012840626067945397,0.012840626067945397,1138.5,0.49999981408357891,1
-171.34094383033033,581.16394780549456,357.3394709488216,0.010843883084537809,0.010843883084537809,1139,0.49999917070343625,1
-171.36535891705108,581.66335092358747,357.07974969549133,0.0072881946346560478,0.0072881946346560478,1139.5,0.49999957082032276,1
-171.39155604469141,582.16266403441159,356.94260519493326,0.0014227234299432976,0.0014227234299432976,1140,0.49999987213744601,1
-171.41810033848074,582.66195890791903,357.00562074336835,0.0058221204626953786,-0.0058221204626953786,1140.5,0.49999997024358167,1
-171.44329453652807,583.16132345257188,357.2098784836125,0.0044511161451904193,-0.0044511161451904193,1141,0.49999969607150291,1
-171.46744342712623,583.66073993643977,357.211478051764,0.0043393392404873343,0.0043393392404873343,1141.5,0.49999999327608791,1
-171.49267122135166,584.16010269415824,356.96659657275899,0.011864941977254947,0.011864941977254947,1142,0.49999960539752275,1
-171.52079839072857,584.65930988847549,356.5622191801624,0.016366563828621887,0.016366563828621887,1142.5,0.49999896051417825,1
-171.55300867987711,585.15826950091184,356.03197850783005,0.01898945894714895,0.01898945894714895,1143,0.49999819756641778,1
-171.58949373932825,585.65693564491403,355.65422937732717,0.0073822408872850935,0.0073822408872850935,1143.5,0.49999908273632082,1
-171.62781930324726,586.15546460743178,355.60898518870499,0.0042230635679770222,-0.0042230635679770222,1144,0.49999997531873713,1
-171.66599175973909,586.65400529044939,355.5479368780147,0.011471670287214531,0.011471670287214531,1144.5,0.49999994905828143,1
-171.70702484610581,587.15231639567264,354.94634704574452,0.030528867190953955,0.030528867190953955,1145,0.4999976717601769,1
-171.75473900156197,587.65003076377423,354.19609234207815,0.014907161203786698,0.014907161203786698,1145.5,0.49999623283146155,1
-171.80614779270294,588.14738078667563,354.11700139643403,0.0093843256928428948,-0.0093843256928428948,1146,0.49999990908659164,1
-171.8560077880507,588.64488804274924,354.37072916653915,0.00023502584441726553,0.00023502584441726553,1146.5,0.49999948898171798,1
-171.90595662349165,589.14238625437417,354.06204570042325,0.021315880273658102,0.021315880273658102,1147,0.49999935673149565,1
-171.96085446027936,589.63935970695422,353.32358757682005,0.024905218720779901,0.024905218720779901,1147.5,0.49999638504023852,1
-172.02190723900185,590.13561552171416,352.668533119941,0.020827625913159755,0.020827625913159755,1148,0.49999727546535927,1
-172.08817250821664,590.63120297099329,352.10504297231853,0.019422466252423696,0.019422466252423696,1148.5,0.49999800578312487,1
-172.15925402917725,591.12612261571837,351.54892744285991,0.019401916091981705,0.019401916091981705,1149,0.49999803735302711,1
-172.23510147126171,591.62033442394079,351.01071105730136,0.017492926648180539,0.017492926648180539,1149.5,0.49999814585378966,1
-172.31526297342518,592.1138653735876,350.55213593701455,0.014521697184376939,0.014521697184376939,1150,0.4999986646866027,1
-172.39911143246565,592.60678351132538,350.11893533164402,0.018316823142010746,0.018316823142010746,1150.5,0.49999885459302462,1
-172.48749597883881,593.09890704381996,349.47945330406765,0.026328722287479785,0.026328722287479785,1151,0.49999739926577813,1
-172.58214501313395,593.58986306945553,348.73375588819852,0.019610577995013961,0.019610577995013961,1151.5,0.49999625878688025,1
-172.6815302897391,594.07988542497151,348.4181138273774,0.0024265837940356063,0.0024265837940356063,1152,0.49999934211087393,1
-172.78172395266944,594.56974376903554,348.46241693060409,0.0015341310910520845,0.0015341310910520845,1152.5,0.4999999673405528,1
-172.88238855023178,595.05950529158667,348.25302542422065,0.013084463259514291,0.013084463259514291,1153,0.49999971017390982,1
-172.98625268229665,595.54859668173674,347.71721079009041,0.022720232288870389,0.022720232288870389,1153.5,0.4999981458450744,1
-173.0953859861211,596.03653853908099,347.06907720304685,0.022529552308139515,0.022529552308139515,1154,0.49999733414509279,1
-173.21000900164336,596.52322010041291,346.42627479606466,0.02234805951307646,0.02234805951307646,1154.5,0.49999737782101522,1
-173.32975178777886,597.00866832183499,345.91377296832002,0.012250554839102677,0.012250554839102677,1155,0.49999831051049481,1
-173.45246537421576,597.49337559656885,345.72666701925874,0.00081256809739931849,0.00081256809739931849,1155.5,0.49999976647608224,1
-173.57585619818897,597.97791108158174,345.62510568541711,0.013397254817010028,0.013397254817010028,1156,0.49999993167745405,1
-173.70252544302636,598.46159658449142,344.91589355873793,0.036120321805914603,0.036120321805914603,1156.5,0.49999676330218745,1
-173.83761488789827,598.94299202641253,343.7479503156876,0.034103534237032378,0.034103534237032378,1157,0.49999072953227841,1
-173.98072125424099,599.42207223234459,343.09821928833037,0.01126167250769796,0.01126167250769796,1157.5,0.49999727579630465,1
-174.12661012394307,599.90031527639758,343.02685038911852,0.0013733693844470124,0.0013733693844470124,1158,0.49999997148801684,1
-174.2730886466957,600.37837788782144,342.86072835706557,0.010224623879251691,0.010224623879251691,1158.5,0.49999981806916588,1
-174.42200193322057,600.85568673327668,342.45256737338019,0.01540554811429015,0.01540554811429015,1159,0.49999890085224585,1
-174.57427212858178,601.33193571936545,342.12390974819834,0.0075395606033314203,0.0075395606033314203,1159.5,0.49999930914543861,1
-174.72833684894746,601.80760786357337,342.02044249125061,0.00015393719919918659,-0.00015393719919918659,1160,0.4999999268367103,1
-174.88248756343043,602.28325219306248,342.08621789855323,0.004438129494987353,-0.004438129494987353,1160.5,0.49999997095075727,1
-175.03558234834705,602.7592372345423,342.27473068633088,0.0087225097499701882,-0.0087225097499701882,1161,0.49999977288115671,1
-175.18686845020378,603.23580020333577,342.46871131849508,0.0030983591698150394,-0.0030983591698150394,1161.5,0.4999997478401893,1
-175.33741865244642,603.71259641606866,342.44707204634653,0.00460906349076048,0.00460906349076048,1162,0.49999999187173017,1
-175.48896639085376,604.1890762656991,342.26216275763454,0.0059612603798596953,0.0059612603798596953,1162.5,0.49999976412016883,1
-175.64191381709261,604.66510879082318,342.12502463013135,0.0036127881988436889,0.0036127881988436889,1163,0.4999998801690857,1
-175.79571533318952,605.14086614988116,342.0610655901304,6.1089211400549637e-05,6.1089211400549637e-05,1163.5,0.49999997105152905,1
-175.94949174472666,605.61663160612795,342.14329723152946,0.0058020038622197487,-0.0058020038622197487,1164,0.49999995410295373,1
-176.10188727699088,606.09284080561542,342.39295328973958,0.010933606148051936,-0.010933606148051936,1164.5,0.49999959993043341,1
-176.2521524786205,606.56972666124966,342.5890648275564,0.0027576252777874715,-0.0027576252777874715,1165,0.49999975012472658,1
-176.40176006259782,607.04681947800407,342.55095759066268,0.0054180092892109292,0.0054180092892109292,1165.5,0.49999998498218312,1
-176.55251967031643,607.52354924078884,342.34877522911165,0.0067799664419508502,0.0067799664419508502,1166,0.49999972604421888,1
-176.70488616005781,607.99976794982001,342.17324387037831,0.0054744478734067214,0.0054744478734067214,1166.5,0.49999980602738986,1
-176.85855338747123,608.47556860398072,342.03734697026749,0.0037363103248271782,0.0037363103248271782,1167,0.4999998792806708,1
-177.01309681876384,608.95108547557402,341.96619349778985,0.0012311361198429941,0.0012311361198429941,1167.5,0.49999996732557089,1
-177.16793294592784,609.42650716257094,341.96680809744964,0.0012740443877014484,-0.0012740443877014484,1168,0.50000000674214862,1
-177.32258939211454,609.90198731124576,341.99344997311084,0.00049973537031444584,-0.00049973537031444584,1168.5,0.49999998813092528,1
-177.47712703240393,610.37750609914474,341.99540751976002,0.00036307187290065998,0.00036307187290065998,1169,0.49999999991112565,1
-177.63176006533837,610.8529938698963,341.96705781322612,0.0018909341939129256,0.0018909341939129256,1169.5,0.49999999500878839,1
-177.78684574385034,611.32833415695643,341.8842923482207,0.0038871945444821604,0.0038871945444821604,1170,0.4999999561819265,1
-177.94285423251631,611.80337228988799,341.74609987384702,0.0050762416640632935,0.0050762416640632935,1170.5,0.49999987627492765,1
-178.09994036217731,612.27805522173753,341.6479517117989,0.00177579905475199,0.00177579905475199,1171,0.49999993792114528,1
-178.25744792083157,612.75259854740875,341.64435364175301,0.0015246051111489601,-0.0015246051111489601,1171.5,0.49999999897232694,1
-178.41462294205976,613.22725207873725,341.71997950135267,0.0032777725888178443,-0.0032777725888178443,1172,0.49999996210069797,1
-178.57102243768159,613.70216167234105,341.82910595544524,0.0043406801149544049,-0.0043406801149544049,1172.5,0.49999992432768015,1
-178.7263949171998,614.17740821210043,341.96162765521427,0.0030486079566648442,-0.0030486079566648442,1173,0.49999988094488745,1
-178.88126355552535,614.65281926995476,341.90287778112167,0.0071502346069319753,0.0071502346069319753,1173.5,0.49999996906698352,1
-179.03782455317076,615.12767491409522,341.56322343486534,0.013316897443986035,0.013316897443986035,1174,0.49999922875518532,1
-179.19711918828463,615.60162097494981,341.33136803198346,0.0028698330965974861,0.0028698330965974861,1174.5,0.49999964937551672,1
-179.35709384879621,616.07533826371639,341.39878662572227,0.0075765727152054003,-0.0075765727152054003,1175,0.49999996168215233,1
-179.51558488371253,616.54955369699906,341.60506383715187,0.0021459040629786337,-0.0021459040629786337,1175.5,0.49999968531221478,1
-179.67358985460606,617.0239315399632,341.4937423115669,0.0099176456835428292,0.0099176456835428292,1176,0.49999990872237188,1
-179.83359324568815,617.49763860194503,341.2289980517549,0.0017887836804219952,0.0017887836804219952,1176.5,0.49999946572893572,1
-179.99397499736631,617.9712179313932,341.44027905561995,0.016539416873472775,-0.016539416873472775,1177,0.49999968755183621,1
-180.15088938613468,618.44595594449208,341.92182350927953,0.0073400496724337731,-0.0073400496724337731,1177.5,0.49999830648076132,1
-180.30613553386698,618.92124371290436,341.78449018992433,0.016928256567109449,0.016928256567109449,1178,0.49999982918800745,1
-180.46492500913115,619.39535722259825,341.22353492295025,0.01118250865657818,0.01118250865657818,1178.5,0.49999771752372274,1
-180.62627018130874,619.86860946778154,341.23598894377483,0.012051959504460471,-0.012051959504460471,1179,0.49999995215603804,1
-180.78505223883099,620.34272601155806,341.72636558155392,0.012063578221633609,-0.012063578221633609,1179.5,0.4999982388704865,1
-180.94110691585601,620.81774902125085,341.81527632724612,0.0058561975791271157,0.0058561975791271157,1180,0.49999992195897613,1
-181.09840103305737,621.29236234984592,341.49938432694864,0.0086928916798607904,0.0086928916798607904,1180.5,0.49999925098568521,1
-181.25761075421664,621.7663372601279,341.4236425927885,0.0034050671590851013,-0.0034050671590851013,1181,0.49999995088842297,1
-181.41606175121291,622.24056600564745,341.65177175431529,0.0082695338435360491,-0.0082695338435360491,1181.5,0.4999996215260169,1
-181.57269166198313,622.71539956424067,341.81060783947964,0.0028193632327297886,-0.0028193632327297886,1182,0.49999983731415998,1
-181.72864852839595,623.19045477527447,341.8170000460878,0.0018955299560923244,0.0018955299560923244,1182.5,0.49999999771167974,1
-181.88503277943153,623.66536939772743,341.71468605010773,0.0052472426395228037,0.0052472426395228037,1183,0.49999993259158787,1
-182.04264131551562,624.13987896668368,341.54285380482372,0.0021899552573178297,0.0021899552573178297,1183.5,0.49999978167757125,1
-182.20045323600925,624.61432084306557,341.75019716910549,0.016666425562722978,-0.016666425562722978,1184,0.49999969631456231,1
-182.35432402312918,625.09005220280949,342.46746172097255,0.026174623484014399,-0.026174623484014399,1184.5,0.4999965457607714,1
-182.50271557127382,625.56752339192997,342.89656241706587,0.0037838973933892171,-0.0037838973933892171,1185,0.49999878799941944,1
-182.65019554547303,626.04527787643508,342.70084720968475,0.012062897939545925,0.012062897939545925,1185.5,0.49999969025444657,1
-182.79973205641753,626.52239284852601,342.56527588377497,0.0025985051819629912,-0.0025985051819629912,1186,0.49999986469876595,1
-182.94864886402198,626.99970119080922,342.84764341946556,0.015404184381643418,-0.015404184381643418,1186.5,0.49999946919996396,1
-183.09461784047389,627.47791915799019,343.16195725245979,0.0065393223348168264,-0.0065393223348168264,1187,0.49999936622071356,1
-183.23902256414215,627.95661242703443,343.22241065361897,0.0022242219756154384,0.0022242219756154384,1187.5,0.49999997004596913,1
-183.38389893412113,628.43516301018281,343.05756033269586,0.0092842861553428281,0.0092842861553428281,1188,0.4999998232099081,1
-183.53099488228457,628.91303529740605,342.69119003858589,0.014912589626227001,0.014912589626227001,1188.5,0.49999914086134278,1
-183.68012601749538,629.3902771173673,342.77142678032988,0.020515894709058728,-0.020515894709058728,1189,0.49999985020916843,1
-183.82435082166745,629.86901658679051,343.8662236545515,0.054096109028542949,-0.054096109028542949,1189.5,0.49999227366238563,1
-183.95777226532135,630.35087713298196,345.06236150679251,0.029413381645776233,-0.029413381645776233,1190,0.49999086751921706,1
-184.08409385059934,630.83465526746454,345.55193727715442,0.004770728646514494,-0.004770728646514494,1190.5,0.49999842630811103,1
-184.2079993767924,631.31905895419686,345.8266258306964,0.017690980241827761,-0.017690980241827761,1191,0.49999951114080382,1
-184.32761393430511,631.80453689221099,346.5698417736686,0.034184708873335475,-0.034184708873335475,1191.5,0.49999647065495345,1
-184.44044869104124,632.29163650109501,347.11349541377137,0.0075055804166966056,0.0075055804166966056,1192,0.49999771129743259,1
-184.55513311222106,632.77829931550514,346.09986545354877,0.063311832591425241,0.063311832591425241,1192.5,0.4999932113448467,1
-184.68491747779996,633.26112124748238,343.70999255725337,0.077879110723268835,0.077879110723268835,1193,0.49996099802579952,1
-184.83237902959638,633.73886704273116,342.23496151403077,0.02514694523939303,0.02514694523939303,1193.5,0.49998595393880657,1
-184.98584477667825,634.21473258945809,342.26696934922819,0.027381581024643532,-0.027381581024643532,1194,0.49999975408906122,1
-185.13520384446696,634.69190062262101,342.89481723808751,0.013762896290524525,-0.013762896290524525,1194.5,0.49999746299683689,1
-185.28127735404479,635.17008714100916,343.05357151080545,0.0026818929836981086,0.0026818929836981086,1195,0.49999981656853792,1
-185.42785244294566,635.64811995419734,342.82699884066426,0.0088679886350693446,0.0088679886350693446,1195.5,0.49999962717076452,1
-185.57649543942961,636.12551381672654,342.58898671029823,0.0077487890783498638,0.0077487890783498638,1196,0.49999964038414257,1
-185.72698406852999,636.60232919805321,342.38756872134417,0.0052555166831996054,0.0052555166831996054,1196.5,0.49999973535814279,1
-185.87861806110038,637.07878183208754,342.33816519082461,0.0018066558924669032,-0.0018066558924669032,1197,0.4999999801810906,1
-186.02982154803703,637.55537112361753,342.49108743575403,0.0088693114810719526,-0.0088693114810719526,1197.5,0.49999984726283675,1
-186.17930805164391,638.03250163807866,342.69032650789643,0.0040802181126368747,-0.0040802181126368747,1198,0.49999974259047975,1
-186.32782118284928,638.50993628266872,342.72365906035611,0.0017531349046110659,0.0017531349046110659,1198.5,0.49999998999525985,1
-186.47666835404763,638.98726684465032,342.63770986898544,0.0023311110669413525,0.0023311110669413525,1199,0.49999994577542223,1
-186.62605585072205,639.46442862945537,342.60584653020402,0.00010663184585845105,-0.00010663184585845105,1199.5,0.49999999304098941,1
-186.7754372890335,639.9415923133173,342.623941324366,0.0014069012778264987,0.0014069012778264987,1200,0.49999999530868722,1
-186.92527643959195,640.41861227747643,342.45740272857404,0.010219793703749066,0.010219793703749066,1200.5,0.49999981724641829,1
-187.07755002995637,640.89485973000421,342.04179050773666,0.016336817520837391,0.016336817520837391,1201,0.49999888236042728,1
-187.23278905075887,641.37014980103982,341.88627388448765,0.0054792390499510705,-0.0054792390499510705,1201.5,0.49999980520470749,1
-187.38672487182444,641.84586223807355,342.3557814911332,0.027299877101649585,-0.027299877101649585,1202,0.49999855975363333,1
-187.53518841387893,642.32330941787973,342.99550278386988,0.010356727836622519,-0.010356727836622519,1202.5,0.4999972328165786,1
-187.68118930008552,642.80151821659831,342.92712704735084,0.015130312519848881,0.015130312519848881,1203,0.49999991394497367,1
-187.83047150738639,643.27871033987651,342.34131410720363,0.014164472073912244,0.014164472073912244,1203.5,0.49999749992912729,1
-187.98297259205313,643.75488606389047,342.24536576516761,0.0074657986928742268,-0.0074657986928742268,1204,0.49999990096473707,1
-188.13374160449848,644.23161148535007,342.71608918322187,0.017525346439082583,-0.017525346439082583,1204.5,0.49999842257709648,1
-188.28078139054082,644.7095013638218,343.0096742701449,0.0029711828929464917,-0.0029711828929464917,1205,0.49999943462478141,1
-188.42711094138966,645.18760966536263,342.887638524826,0.010118271916167232,0.010118271916167232,1205.5,0.49999988545386387,1
-188.57508166931854,645.66521252766597,342.72764004309704,0.001051634662166401,0.001051634662166401,1206,0.49999983040411916,1
-188.72330353389754,646.14273761452966,342.827386465073,0.0080152642005069125,-0.0080152642005069125,1206.5,0.49999992972344809,1
-188.87003117884453,646.62072378728931,343.00366621202926,0.001591889513365038,-0.001591889513365038,1207,0.49999978314105448,1
-189.01638232411793,647.09882553269631,342.91043527251026,0.0081007201438380392,0.0081007201438380392,1207.5,0.4999999366840539,1
-189.16449351529707,647.5763845039645,342.65040380143319,0.0041767812006237122,0.0041767812006237122,1208,0.49999949599098642,1
-189.31352529655192,648.05365745007828,342.73501346354385,0.010083605712109703,-0.010083605712109703,1208.5,0.499999936916108,1
-189.46020654559035,648.53165668892052,343.16523929251298,0.011102421509954153,-0.011102421509954153,1209,0.49999866115144836,1
-189.60470784343315,649.01032076967101,343.1157243757508,0.0145600506482652,0.0145600506482652,1209.5,0.49999992727895909,1
-189.75268474980038,649.48791777760709,342.34355210932381,0.033083852890358652,0.033083852890358652,1210,0.499996066792046,1
-189.90700058220503,649.96350691447412,341.85622547948662,0.00094099151669725547,0.00094099151669725547,1210.5,0.49999840323411571,1
-190.06154034595738,650.4390236648768,342.2895964743505,0.031197986632343751,-0.031197986632343751,1211,0.49999871849251171,1
-190.21080566092246,650.91622158964515,342.84207634897496,0.0056808448223527631,-0.0056808448223527631,1211.5,0.49999799365081593,1
-190.35871539783594,651.39384310948026,342.61437869955466,0.021578097005179913,0.021578097005179913,1212,0.49999960648326031,1
-190.51075056472931,651.87016570899709,342.06260568558844,0.0092014075801289917,0.0092014075801289917,1212.5,0.49999791077840433,1
-190.66496169597585,652.34579042261646,342.11405851517287,0.012793612874266974,-0.012793612874266974,1213,0.49999994120584007,1
-190.81658289870262,652.82224568693061,342.56030859214388,0.011290154240306882,-0.011290154240306882,1213.5,0.49999860800704599,1
-190.96554883733597,653.29953907771562,342.71735954769582,0.00032570543958944143,0.00032570543958944143,1214,0.49999983175993734,1
-191.11452456406334,653.77682945930212,342.59202016764414,0.0047027508272247335,0.0047027508272247335,1214.5,0.49999987550891911,1
-191.26454167920127,654.25379362508397,342.50433916670158,0.0014185161165042289,0.0014185161165042289,1215,0.4999999502742809,1
-191.41489793559472,654.73065104098873,342.50867657686359,0.00091765317395863335,-0.00091765317395863335,1215.5,0.49999999894001862,1
-191.56518601515924,655.20752994679685,342.49286663556899,0.0020213932882116987,0.0020213932882116987,1216,0.49999999766394182,1
-191.7159559787649,655.68425665451673,342.39285948043363,0.0049604110137031494,0.0049604110137031494,1216.5,0.49999993577907892,1
-191.86773805906913,656.16066207591405,342.29586126432986,0.00076629236027161399,-0.00076629236027161399,1217,0.49999992543822908,1
-192.01932467279721,656.63712963552859,342.45240044499189,0.010162336586931974,-0.010162336586931974,1217.5,0.49999983682656396,1
-192.16873078964031,657.1142849479063,342.75260333472755,0.0069719022050440107,-0.0069719022050440107,1218,0.49999937988001253,1
-192.31649300024125,657.59195249603226,342.82796457814754,0.0017106039670270739,0.0017106039670270739,1218.5,0.49999995741434672,1
-192.46465516995607,658.06949598869971,342.66577971611787,0.0075360520003304489,0.0075360520003304489,1219,0.49999981592359755,1
-192.61445627105928,658.54652785283554,342.47522564314886,0.00576712153873306,0.00576712153873306,1219.5,0.49999976929257989,1
-192.76563233341895,659.02312588246775,342.33534193766576,0.0040351460709679649,0.0040351460709679649,1220,0.49999988367986925,1
-192.91790151784852,659.49937577879757,342.19592102995739,0.0056982856563033979,0.0056982856563033979,1220.5,0.49999986828099213,1
-193.07152695954849,659.97518981951373,342.00885376495131,0.0073614667185444207,0.0073614667185444207,1221,0.4999997776801009,1
-193.2268024075934,660.45046796601434,341.83430753284057,0.0020572332573884499,0.0020572332573884499,1221.5,0.49999978130655665,1
-193.3825380469747,660.9255956947768,341.91709045072855,0.0078366718083220811,-0.0078366718083220811,1222,0.49999994801247394,1
-193.53643234594006,661.40132224539445,342.2556113241626,0.01092546339283863,-0.01092546339283863,1222.5,0.49999920621597632,1
-193.68807440083077,661.87777223308581,342.36738794215137,0.0031218126969950019,0.0031218126969950019,1223,0.49999990358255997,1
-193.84045977052855,662.35398452408128,342.07737828004053,0.016102545378718212,0.016102545378718212,1223.5,0.49999944699278476,1
-193.99578985793488,662.82924443915783,341.77877005730949,0.0047443187165275057,0.0047443187165275057,1224,0.49999942293189276,1
-194.15224709754509,663.3041350754404,341.80553915475656,0.0066131384186667802,-0.0066131384186667802,1224.5,0.49999998425530567,1
-194.30752641505089,663.77941192742571,342.00172400431796,0.0060308321904243567,-0.0060308321904243567,1225,0.49999975247807577,1
-194.46137226128855,664.25515483753202,342.14962295068648,0.0042944650973705664,-0.0042944650973705664,1225.5,0.49999986092097792,1
-194.61421984689105,664.73121950431528,342.23453241608854,0.0011202617164227837,-0.0011202617164227837,1226,0.49999995138396686,1
-194.76680479369381,665.20736846077364,342.20973184804882,0.002851661670596561,0.002851661670596561,1226.5,0.49999999472718665,1
-194.92001973446824,665.68331499375006,342.10864994896292,0.0012440904313180384,0.0012440904313180384,1227,0.49999992032878343,1
-195.07346024102748,666.15918889209354,342.18641792898018,0.0066733951006612991,-0.0066733951006612991,1227.5,0.49999995617777315,1
-195.22534077313219,666.63556246112887,342.46255932404546,0.0091677916346424252,-0.0091677916346424252,1228,0.49999947330759292,1
-195.37518601632212,667.11258051991126,342.62650215556118,0.0022776587195148046,-0.0022776587195148046,1228.5,0.49999982531113979,1
-195.52448629986861,667.58976959663744,342.59704315535271,0.00276483526209482,0.00276483526209482,1229,0.49999998961384456,1
-195.67414674067399,668.06684584830987,342.59506211241199,0.0026265584037066109,-0.0026265584037066109,1229.5,0.49999999745187451,1
-195.82318047127819,668.54411809460362,342.74753518366288,0.0080180594594478037,-0.0080180594594478037,1230,0.49999984994006619,1
-195.97045441243878,669.0219360611211,342.99015162419715,0.008226460673440579,-0.008226460673440579,1230.5,0.49999962287172844,1
-196.11576231781874,669.50035563119741,343.21734562125101,0.0076347240089164447,-0.0076347240089164447,1231,0.49999967239780485,1
-196.25932934573501,669.9793006429544,343.3804610581887,0.0020443634920307898,-0.0020443634920307898,1231.5,0.49999981579158354,1
-196.40241888262341,670.45838868993098,343.32177019232449,0.0061418133024575654,0.0061418133024575654,1232,0.49999997232277382,1
-196.5469555536626,670.93704164835003,343.05754542048015,0.0073153493292285364,0.0073153493292285364,1232.5,0.49999950387815162,1
-196.69289343539214,671.41526974168687,343.07882468589855,0.0088009176606014868,-0.0088009176606014868,1233,0.49999997458029155,1
-196.83675260336045,671.89412582608577,343.52456746971893,0.01511651381186032,-0.01511651381186032,1233.5,0.49999860977244875,1
-196.97757477995975,672.37388510098071,343.65921805497908,0.005715741154202072,0.005715741154202072,1234,0.49999984726986518,1
-197.11976723254963,672.8532387419333,343.19702878602885,0.02655232772452594,0.02655232772452594,1234.5,0.49999860666608065,1
-197.26750623068025,673.33091026563409,342.53056369879403,0.010200009932291939,0.010200009932291939,1235,0.49999689611364162,1
-197.41764408265206,673.80783629647351,342.66246880783558,0.019409594411863233,-0.019409594411863233,1235.5,0.49999981348691874,1
-197.56361524119242,674.28605051723241,343.37863050229993,0.020194094852956455,-0.020194094852956455,1236,0.49999642004884193,1
-197.70483566306282,674.76569201151779,343.73559558577887,0.0047278767688179388,-0.0047278767688179388,1236.5,0.4999991705928728,1
-197.84487578430861,675.24568027182158,343.68228299151218,0.0062157415065962575,0.0062157415065962575,1237,0.4999999655880013,1
-197.98636372161218,675.72524329368753,343.41073392353633,0.012742184900214054,0.012742184900214054,1237.5,0.4999995283433899,1
-198.13087912469626,676.20390188719591,342.98175539916292,0.012413521925053203,0.012413521925053203,1238,0.49999875086642059,1
-198.27805304084569,676.68175094266121,342.85898016232119,0.0038418168224670954,-0.0038418168224670954,1238.5,0.4999998814038229,1
-198.42430872345122,677.15988116204755,343.20083508789071,0.018439392430881326,-0.018439392430881326,1239,0.49999923138425145,1
-198.56747695546741,677.63894537206318,343.41791870218827,0.0032836024600788809,0.0032836024600788809,1239.5,0.49999965997641904,1
-198.71143139716864,678.1177731443247,343.01265887706893,0.025010129563070926,0.025010129563070926,1240,0.49999891677327291,1
-198.86060150992381,678.59499979365023,342.35287565763861,0.01222576269917155,0.01222576269917155,1240.5,0.49999699735684744,1
-199.01265635082828,679.07131825080444,342.35553517860825,0.012411328527388802,-0.012411328527388802,1241,0.49999994726824476,1
-199.1618357338613,679.54854224130634,342.98094555373547,0.021169587117628539,-0.021169587117628539,1241.5,0.49999722542496827,1
-199.30639961880593,680.02718671609216,343.31757240345416,0.0023322456912442066,-0.0023322456912442066,1242,0.4999992500727195,1
-199.4504053374032,680.50599989547277,343.11459185218325,0.016503493175591681,0.016503493175591681,1242.5,0.49999970773719787,1
-199.597491740847,680.98387487161278,342.7004365912365,0.011145329385020171,0.011145329385020171,1243,0.49999890289765087,1
-199.74723897337947,681.46092355431085,342.47701001321423,0.0044529494602985617,0.0044529494602985617,1243.5,0.49999967931499106,1
-199.89804261348704,681.93763966721724,342.4494214088096,0.0028421004799187672,-0.0028421004799187672,1244,0.49999999017426894,1
-200.04816141637571,682.4145716301656,342.64479693914603,0.010797828511393406,-0.010797828511393406,1244.5,0.4999997522624382,1
-200.19578717275721,682.89228047013864,343.00048622509593,0.0082258567507913702,-0.0082258567507913702,1245,0.49999909973479439,1
-200.34160429615767,683.37054540140855,343.01373542841191,0.0073008434348871172,0.0073008434348871172,1245.5,0.49999997795939216,1
-200.48910251556532,683.84829353713894,342.64270307027772,0.011637335959253184,0.011637335959253184,1246,0.49999900592130664,1
-200.63909444020044,684.32526554450931,342.51137194763095,0.0024685149556668094,-0.0024685149556668094,1246.5,0.49999987327064493,1
-200.78851927114718,684.80241518862431,342.75600204197428,0.0095444506333995545,-0.0095444506333995545,1247,0.49999956298234466,1
-200.93604017517907,685.28015726144713,342.8711388315582,0.0015063284198267074,0.0015063284198267074,1247.5,0.49999990527142341,1
-201.08391653246684,685.75778925728525,342.67924244741533,0.0084152775534637476,0.0084152775534637476,1248,0.49999974049294255,1
-201.2331965220435,686.234984668023,342.64865406282303,0.0062798565608536442,-0.0062798565608536442,1248.5,0.49999997531717527,1
-201.38097707876224,686.71264555292362,343.03907606896797,0.020976997542302048,-0.020976997542302048,1249,0.49999901390716806,1
-201.52487442956746,687.19149052993987,343.44046928167222,0.0068435567978349793,-0.0068435567978349793,1249.5,0.49999895958137208,1
-201.66713267379208,687.67082608418741,343.43118728245474,0.0074914917790158304,0.0074914917790158304,1250,0.49999998161566894,1
-201.81073180324279,688.14976132119295,343.21175284992785,0.0045827523146776102,0.0045827523146776102,1250.5,0.49999967122444916,1
-201.95542241523898,688.62836827477201,343.1793930481781,0.0023236220522076835,-0.0023236220522076835,1251,0.49999998921406252,1
-202.09961388179613,689.1071257314137,343.30963378547551,0.0049928865370013802,-0.0049928865370013802,1251.5,0.49999988131790413,1
-202.2426311565637,689.58623525873418,343.44710682944458,0.0046045501420671382,-0.0046045501420671382,1252,0.49999988005117763,1
-202.38455208721177,690.06567071278607,343.56574672848774,0.0025794603098168748,-0.0025794603098168748,1252.5,0.49999990515795212,1
-202.52591474669856,690.54527116727593,343.56277471164447,0.002786960920014661,0.002786960920014661,1253,0.4999999974440531,1
-202.66794547546249,691.02467403944252,343.40649086682822,0.0076183564531916888,0.0076183564531916888,1253.5,0.49999984175476136,1
-202.81147819285448,691.50362936118302,343.2490792425674,0.0033710597388272763,0.0033710597388272763,1254,0.49999984118544999,1
-202.95581804579442,691.98234221580708,343.21334192020402,0.00087610934044999905,-0.00087610934044999905,1254.5,0.4999999903290423,1
-203.10003425260371,692.46109232948993,343.25841769930514,0.0013516466409427123,-0.0013516466409427123,1255,0.49999998565780107,1
-203.24392975896311,692.93993894186383,343.28654325728905,0.00061188602132887526,-0.00061188602132887526,1255.5,0.49999999493238789,1
-203.38767452644507,693.41883083077528,343.29680173098564,0.00038021092849138672,-0.00038021092849138672,1256,0.49999999944361845,1
-203.53132114412386,693.89775216831117,343.31302473960329,0.00075236758313660475,-0.00075236758313660475,1256.5,0.49999999831772834,1
-203.67478770148972,694.37672747283796,343.33945485978631,0.00076898492556845219,-0.00076898492556845219,1257,0.49999999542893597,1
-203.81819029586401,694.85572192915618,343.30972368791458,0.0028446226511842873,0.0028446226511842873,1257.5,0.49999999325686434,1
-203.96227399681661,695.33451183433078,343.17646839254502,0.0064583824000244939,0.0064583824000244939,1258,0.49999988617729324,1
-204.10771875881255,695.81288999368564,343.02372503802076,0.0026259336370776363,0.0026259336370776363,1258.5,0.4999998421397775,1
-204.25378794590264,696.29107802070075,343.03210045804292,0.0032105901990615183,-0.0032105901990615183,1259,0.49999999659776162,1
-204.39921759844862,696.7694608553079,343.1281858643398,0.00052231754191827621,0.00052231754191827621,1259.5,0.49999992028640344,1
-204.54482091476052,697.2477907476183,342.96046053250291,0.011187453650933932,0.011187453650933932,1260,0.4999998115986668,1
-204.69308016761241,697.72530287351992,342.511387228486,0.01520720092247251,0.01520720092247251,1260.5,0.49999863643743059,1
-204.8445358738318,698.2018119055017,342.29735486747853,0.00026447794434173772,-0.00026447794434173772,1261,0.49999968850652893,1
-204.99592882202677,698.67834083621881,342.52500715826869,0.013943909925023402,-0.013943909925023402,1261.5,0.49999964657343021,1
-205.14499368007873,699.15560326086211,342.71431569726161,0.00072760165574280546,0.00072760165574280546,1262,0.49999975388239104,1
-205.29423214077747,699.63281131245992,342.48331065794093,0.01539988796230792,0.01539988796230792,1262.5,0.49999964266138286,1
-205.44675351395404,700.10897919308843,342.04431422267555,0.0075291499504091192,0.0075291499504091192,1263,0.49999861981600729,1
-205.60101229901437,700.58458845174812,342.10946731074824,0.012077975503445202,-0.012077975503445202,1263.5,0.49999993969110496,1
-205.75249558033295,701.06108687002006,342.65353967270437,0.018434731512539444,-0.018434731512539444,1264,0.49999792713041108,1
-205.89979743636758,701.53889568736497,343.02744354920878,0.0076692059185107389,-0.0076692059185107389,1264.5,0.49999910272298131,1
-206.04525760346212,702.01726928619814,343.10007393336599,0.0019560252386058392,0.0019560252386058392,1265,0.49999996027177146,1
-206.19116677681745,702.49550596183883,342.92730029117138,0.010106094381106608,0.010106094381106608,1265.5,0.49999980479705503,1
-206.33946001638694,702.97300795755552,342.55103933087003,0.012511940357768859,0.012511940357768859,1266,0.49999904081451707,1
-206.49057728303345,703.44962433531134,342.30150516848232,0.0049090192771302143,0.0049090192771302143,1266.5,0.49999959982362813,1
-206.64286416943025,703.92586869781826,342.26960729129388,0.0026294241317547451,-0.0026294241317547451,1267,0.49999998858805522,1
-206.79453320817569,704.40230997972014,342.44848062159315,0.0098584956609695587,-0.0098584956609695587,1267.5,0.49999979241423326,1
-206.94385167433234,704.87949238262172,342.83446645450533,0.017088300359099088,-0.017088300359099088,1268,0.49999904997339212,1
-207.08941185135663,705.3578343173599,343.24875647653232,0.0051620375021609443,-0.0051620375021609443,1268.5,0.49999877166290235,1
-207.23378675318301,705.83653637764007,343.0791467850712,0.017004144355118246,0.017004144355118246,1269,0.49999977479380647,1
-207.38212513734982,706.31402164492249,342.37121774339062,0.021075354745201908,0.021075354745201908,1269.5,0.499996456676426,1
-207.53501453741896,706.7900725293407,342.14431799360295,0.0052332330918031201,-0.0052332330918031201,1270,0.49999961320871644,1
-207.6867191386375,707.26650108166439,342.60096318304147,0.016136922167788118,-0.016136922167788118,1270.5,0.4999984514977181,1
-207.83518813865649,707.74394927848789,342.74555782308107,0.0060422726147348008,0.0060422726147348008,1271,0.49999982461662229,1
-207.98509853303995,708.22094540249191,342.25537611947516,0.026847578844845794,0.026847578844845794,1271.5,0.49999842865658967,1
-208.13992664564717,708.69636800913747,341.75808724815772,0.0078703429323964836,0.0078703429323964836,1272,0.49999839936061624,1
-208.29662503096588,709.17117909913884,341.80438629518295,0.01110254002513056,-0.01110254002513056,1272.5,0.49999995514977824,1
-208.45131195969,709.6466485682879,342.14283269461936,0.010606357023199529,-0.010606357023199529,1273,0.49999926201044587,1
-208.60347614243548,710.12293168896042,342.4090761644303,0.0079809432443703945,-0.0079809432443703945,1273.5,0.49999954954795073,1
-208.753781770572,710.59980487213875,342.57467476932402,0.002453347381517475,-0.002453347381517475,1274,0.49999981468411031,1
-208.90351340369651,711.07685877415827,342.53940177202247,0.0049158975963858511,0.0049158975963858511,1274.5,0.49999998739018053,1
-209.05435993016002,711.55356102088865,342.33733319507462,0.0056302505500641564,0.0056302505500641564,1275,0.49999970658381565,1
-209.2064608848996,712.02986478019204,342.27551163202185,0.0013142578409645802,-0.0013142578409645802,1275.5,0.49999997155923415,1
-209.35825028659363,712.50626781974279,342.40910922926059,0.0066576311135605054,-0.0066576311135605054,1276,0.49999987855980715,1
-209.50870382915357,712.98309441745721,342.55012545693745,0.0031871572375159704,-0.0031871572375159704,1276.5,0.49999987275673108,1
-209.65839735335794,713.46016027956216,342.59172052025156,0.0002832657434674078,0.0002832657434674078,1277,0.49999998797466277,1
-209.80809877198186,713.93722366999305,342.56004706423164,0.0015330796082082068,0.0015330796082082068,1277.5,0.49999999322742522,1
-209.95816522728089,714.4141723462526,342.50510490640147,0.0023026051326261168,0.0023026051326261168,1278,0.49999998079175445,1
-210.10878717706998,714.89094586419799,342.42465358145705,0.0034302347202885149,0.0034302347202885149,1278.5,0.49999995917229045,1
-210.26022733444736,715.3674600737246,342.30776609422259,0.0047300478569627146,0.0047300478569627146,1279,0.49999991314725062,1
-210.41277667306699,715.84362030688487,342.17081165422474,0.0027433417372994952,0.0027433417372994952,1279.5,0.49999986835651095,1
-210.56588740736387,716.31960044453604,342.20267469682631,0.0049678545338377534,-0.0049678545338377534,1280,0.49999998839535237,1
-210.71781818360415,716.79595812042737,342.44988648420156,0.010642640224564978,-0.010642640224564978,1280.5,0.4999995961494052,1
-210.86743681826303,717.27304702855213,342.71234227135631,0.0076801935214239267,-0.0076801935214239267,1281,0.4999995620926671,1
-211.01522235305299,717.75070719519908,342.88993080560698,0.0047178923068306854,-0.0047178923068306854,1281.5,0.49999979909431208,1
-211.16214979918914,718.22863219553881,342.86723584555853,0.007857172645685119,0.007857172645685119,1282,0.49999998037781479,1
-211.31095532112812,718.70597454148674,342.43542208894644,0.022289394054188894,0.022289394054188894,1282.5,0.49999879859316448,1
-211.46454669033571,719.18179742554219,341.87270334281357,0.0072991168639105252,0.0072991168639105252,1283,0.49999772568073247,1
-211.61981204464166,719.6570787182377,342.08546626707903,0.022154805056726103,-0.022154805056726103,1283.5,0.49999963743393971,1
-211.77010396701638,720.13395107285623,342.93222492034266,0.02339236581237053,-0.02339236581237053,1284,0.49999490450455114,1
-211.915050010248,720.61248003359799,343.24593968386949,0.0014887031687866575,0.0014887031687866575,1284.5,0.49999932171662498,1
-212.06031058050382,721.09091336029439,342.89517581758156,0.01548366827297786,0.01548366827297786,1285,0.49999908136399274,1
-212.20880982795799,721.56835174177104,342.59913338325828,0.0051837853791792078,0.0051837853791792078,1285.5,0.49999943460117324,1
-212.35854621622974,722.04540416077077,342.59816602452145,0.0051162369164521136,-0.0051162369164521136,1286,0.49999999644616461,1
-212.50742417633916,722.52272500567801,342.75587302699569,0.0054641875915651004,-0.0054641875915651004,1286.5,0.4999998359892755,1
-212.65499753399871,723.00045081769099,342.91096319455772,0.005363147593497139,-0.005363147593497139,1287,0.49999984735434955,1
-212.80135311665967,723.47855116947323,343.03133080706402,0.0021785463512441032,-0.0021785463512441032,1287.5,0.49999990295032637,1
-212.94719157775233,723.95680961592234,343.03099990043467,0.0022016692567408437,0.0022016692567408437,1288,0.49999999833378722,1
-213.09355125865648,724.43490871346626,342.91089842888249,0.0053506709065194785,0.0053506709065194785,1288.5,0.49999990326666138,1
-213.24114274941277,724.91262890991936,342.74929881891291,0.0059310001643214112,0.0059310001643214112,1289,0.49999983424283306,1
-213.39014964959557,725.38990948048536,342.5735159852731,0.0045782605738328179,0.0045782605738328179,1289.5,0.49999979934184752,1
-213.53958511516819,725.86705600527705,342.74912174219827,0.016838822205591717,-0.016838822205591717,1290,0.49999976449163996,1
-213.68499674911993,726.34544022694342,343.53838969329206,0.038261219434458087,-0.038261219434458087,1290.5,0.49999600681191153,1
-213.82316802963976,726.8259669320181,344.17260886649046,0.00011547247613597329,-0.00011547247613597329,1291,0.49999721704267314,1
-213.96131432237587,727.30650085743127,343.53561366613445,0.04459568680142513,0.04459568680142513,1291.5,0.49999725166216719,1
-214.10903460737799,727.78416858393848,342.22406028238311,0.024602855420657096,0.024602855420657096,1292,0.49998773939734964,1
-214.26246275695536,728.26004621215498,342.29460108592775,0.029528331077817761,-0.029528331077817761,1292.5,0.49999971411960886,1
-214.40924299641259,728.73800339290312,343.60524772289949,0.036619065317534422,-0.036619065317534422,1293,0.49998750516771923,1
-214.54788867748829,729.21839525013434,343.96909641053833,0.011211466177655454,0.011211466177655454,1293.5,0.4999989613739188,1
-214.68918210332433,729.69800960336875,343.02656970147211,0.040158210262599157,0.040158210262599157,1294,0.49999375997400825,1
-214.83865951134081,730.17513998275592,342.33722141268618,0.0079704750945449702,0.0079704750945449702,1294.5,0.49999689443183187,1
-214.99003835048444,730.6516733122395,342.56947660501902,0.02324368736780956,-0.02324368736780956,1295,0.49999956704898552,1
-215.13764617431713,731.12938728693234,343.01655189127678,0.0079670535019625791,-0.0079670535019625791,1295.5,0.49999871127179857,1
-215.28335022389334,731.60768667969239,343.02594753289549,0.0073111213944150356,0.0073111213944150356,1296,0.49999997917753891,1
-215.43033576230039,732.08559350600308,342.81730273331772,0.002492295009231653,0.002492295009231653,1296.5,0.49999968313506299,1
-215.57790285255592,732.56332135279865,342.9043371847086,0.0085684691259459451,-0.0085684691259459451,1297,0.49999994173041717,1
-215.7236171541669,733.04161702647366,343.18633794034247,0.0048556536194522947,-0.0048556536194522947,1297.5,0.4999994091498548,1
-215.86824789626107,733.52024203526878,343.11652388039636,0.0097298182620685313,0.0097298182620685313,1298,0.49999995060283542,1
-216.01517270415135,733.99816640399581,342.66789010015191,0.015161176299386825,0.015161176299386825,1298.5,0.49999860139477253,1
-216.16529336027872,734.4750977458616,342.46506111588053,0.0010005997425407381,-0.0010005997425407381,1299,0.49999971624993761,1
-216.31517591803799,734.9521037923206,342.72266829531259,0.01498723389940208,-0.01498723389940208,1299.5,0.49999954947869973,1
-216.46229829258243,735.42996831100129,343.00316833296802,0.0045953456730094865,-0.0045953456730094865,1300,0.49999949130526233,1
-216.6083224347953,735.90817008707495,342.98596796111548,0.0057961385630410757,0.0057961385630410757,1300.5,0.49999998874900681,1
-216.75547786903638,736.38602467243402,342.78182281268812,0.0068118191022532009,0.0068118191022532009,1301,0.49999972657529501,1
-216.90425755663776,736.86337611137037,342.60068706981758,0.0058338474906755649,0.0058338474906755649,1301.5,0.49999979169732611,1
-217.05438678492214,737.34030493530645,342.47347363280795,0.001779140423970703,0.001779140423970703,1302,0.4999998882863026,1
-217.2049256814465,737.81710471310907,342.51148771511453,0.0044330467766058989,-0.0044330467766058989,1302.5,0.49999998747940272,1
-217.35442623757197,738.294230814716,342.70648403815738,0.0061404842091804645,-0.0061404842091804645,1303,0.49999973311637896,1
-217.5026306338942,738.77176136221192,342.77297078977551,0.0014987989374940075,0.0014987989374940075,1303.5,0.49999996688098508,1
-217.6511925026372,739.24918069495266,342.62188935844614,0.0081261282910868836,0.0081261282910868836,1304,0.49999984811900083,1
-217.80134821524939,739.72610108573338,342.4436706818762,0.0043158746400405587,0.0043158746400405587,1304.5,0.49999979717246756,1
-217.95253279622642,740.20269650214493,342.37460678592879,0.00050571852522363254,0.00050571852522363254,1305,0.4999999684697034,1
-218.1040033772662,740.67920112582999,342.34235780550506,0.0028155416817234376,0.0028155416817234376,1305.5,0.49999999331376688,1
-218.25614616058681,741.15549143776798,342.21004039810754,0.0064219741511950387,0.0064219741511950387,1306,0.49999988776251553,1
-218.40973752693461,741.63131645867372,342.02395149561744,0.0040949153282593903,0.0040949153282593903,1306.5,0.49999975833647753,1
-218.5642736215469,742.10683574146287,342.00077574078614,0.0024769245568825042,-0.0024769245568825042,1307,0.49999999284232888,1
-218.71823003661757,742.58254285583735,342.15505988830444,0.0066474152169416142,-0.0066474152169416142,1307.5,0.49999983640787204,1
-218.87070226897254,743.05872771873976,342.33017318259527,0.0055778022348070911,-0.0055778022348070911,1308,0.49999980529666022,1
-219.02184597156355,743.53533599468926,342.47426219430838,0.0041371345593587579,-0.0041371345593587579,1308.5,0.49999986753646009,1
-219.1721671494538,744.0122044614975,342.50364881787942,0.0020855709928460607,0.0020855709928460607,1309,0.49999999115835447,1
-219.32298548127505,744.48891578583755,342.35476551847165,0.0083084809156388877,0.0083084809156388877,1309.5,0.49999985596736479,1
-219.4756257408763,744.96504656968398,342.09771057762049,0.008480465425257995,0.008480465425257995,1310,0.49999957217716634,1
-219.6302814888752,745.44052662017793,341.8727876802746,0.0072221349949872764,0.0072221349949872764,1310.5,0.4999996788067323,1
-219.78658675240666,745.91546715280799,341.72848411936843,0.00020261564474825943,0.00020261564474825943,1311,0.49999984494253935,1
-219.94289904677922,746.39040533981301,341.89350010729959,0.011723272577858474,-0.011723272577858474,1311.5,0.49999981484759598,1
-220.09645268733115,746.86624118847806,342.36513469782551,0.015278486793140421,-0.015278486793140421,1312,0.49999847539920905,1
-220.2467705702,747.3431104160403,342.56347881156165,0.0014309389074463811,0.0014309389074463811,1312.5,0.4999997261059117,1
-220.39742950408936,747.81987174287792,342.28347538324238,0.017350562203729641,0.017350562203729641,1313,0.49999947712837139,1
-220.55123497824889,748.29562703553563,341.93555068594378,0.0069390957427288109,0.0069390957427288109,1313.5,0.49999922237265437,1
-220.70669043520067,748.77084653833606,341.88588520389976,0.0034716998192819083,-0.0034716998192819083,1314,0.4999999749379736,1
-220.86155020498816,749.24626037562848,342.02526929726633,0.0038491972018280646,-0.0038491972018280646,1314.5,0.49999986498772214,1
-221.01550199666846,749.72196912459822,342.0955140129895,0.0010547981408260624,-0.0010547981408260624,1315,0.4999999680079254,1
-221.1692012759531,750.19775955161595,342.08689541494061,0.0015696832983378743,0.0015696832983378743,1315.5,0.49999999889432878,1
-221.32327207990903,750.67342975902181,342.0068763713179,0.0040166834190378991,0.0040166834190378991,1316,0.49999995884516835,1
-221.47829202379697,751.14879139059258,341.86630707017542,0.0034405402305121126,0.0034405402305121126,1316.5,0.49999986377261824,1
-221.63387246643853,751.62396997794269,341.9290501810882,0.0078209659611950099,-0.0078209659611950099,1317,0.4999999640085947,1
-221.78759323356354,752.0997524620991,342.31442844573894,0.019083440307193906,-0.019083440307193906,1317.5,0.49999904647463794,1
-221.93780750921124,752.57665393002969,342.62846587793706,0.001430066371242806,-0.001430066371242806,1318,0.49999933872227542,1
-222.08768096258308,753.05366291450139,342.39533182059785,0.017706568596262452,0.017706568596262452,1318.5,0.49999962329217662,1
-222.2412869420962,753.52948142598632,341.86799127760003,0.011087897497639837,0.011087897497639837,1319,0.49999805281012799,1
-222.39748441603612,754.00445753092356,341.81196957350068,0.0071765949854621647,-0.0071765949854621647,1319.5,0.49999995112656442,1
-222.55202894124912,754.47997279888921,342.22785665442075,0.015803424922763269,-0.015803424922763269,1320,0.49999878034026501,1
-222.70306663646124,754.95661402931898,342.57094204695846,0.0081485820478450922,-0.0081485820478450922,1320.5,0.49999924792003719,1
-222.85216110357456,755.43386735553258,342.69531441749518,0.0008584932305451729,-0.0008584932305451729,1321,0.4999998975057372,1
-223.00095645210314,755.91121412038171,342.65821627280275,0.0034484852716380938,0.0034484852716380938,1321.5,0.49999998965567261,1
-223.15057459777483,756.3883034678023,342.49772925444063,0.0077555964433870441,0.0077555964433870441,1322,0.4999998349364117,1
-223.30176708395643,756.86489621766964,342.33397834939444,0.001890930502943437,0.001890930502943437,1322.5,0.49999981710384928,1
-223.45340750732601,757.34134679527835,342.39482970265652,0.0061391948056085822,-0.0061391948056085822,1323,0.49999997090338122,1
-223.60366193459049,757.81823589311045,342.63128087412332,0.0067445934512043873,-0.0067445934512043873,1323.5,0.49999960454353609,1
-223.7523744575534,758.29560840778709,342.73178952906193,0.00027227816682571745,-0.00027227816682571745,1324,0.49999993225467976,1
-223.90101702810335,758.77300273224762,342.65471309833652,0.0038060298385290945,0.0038060298385290945,1324.5,0.49999995480682469,1
-224.0503763341556,759.25017333005019,342.6031204962909,0.00020419253078290413,-0.00020419253078290413,1325,0.49999998171166987,1
-224.19968691886851,759.72735916646445,342.6664127880523,0.0042144470438466837,-0.0042144470438466837,1325.5,0.4999999731816907,1
-224.348163679652,760.20480504892578,342.77898830232141,0.0033740647519538243,-0.0033740647519538243,1326,0.49999991917202596,1
-224.49583480984597,760.6825007638497,342.85950332910619,0.0022469489386175026,-0.0022469489386175026,1326.5,0.49999995874944275,1
-224.64299950168393,761.16035277591754,342.89065872806543,0.00074519842101934729,0.00074519842101934729,1327,0.49999999196104622,1
-224.79034768993742,761.63814820294465,342.81135718394228,0.0047911117488768987,0.0047911117488768987,1327.5,0.49999995866959629,1
-224.93882330658971,762.11559429740828,342.63410816885812,0.0050872814498540914,0.0050872814498540914,1328,0.49999978185880439,1
-225.08838147794381,762.59270260497715,342.59104256939662,0.0020807141501309129,-0.0020807141501309129,1328.5,0.49999998377001331,1
-225.23744319762883,763.06996608797556,342.75303365521904,0.0088433078911521867,-0.0088433078911521867,1329,0.49999982847920027,1
-225.38466876547187,763.54779897260198,342.993338884281,0.0079331718816757369,-0.0079331718816757369,1329.5,0.4999996334569789,1
-225.52999783403348,764.02621215228567,343.20757220423764,0.0070231674989771767,-0.0070231674989771767,1330,0.49999970866395321,1
-225.67376244016421,764.50509796081781,343.3379384079862,0.00052931801583976231,-0.00052931801583976231,1330.5,0.49999987958939179,1
-225.81740689750038,764.98401986323415,343.22938186389126,0.0081081255539002788,0.0081081255539002788,1331,0.49999991873748673,1
-225.96294530514578,765.4623689827896,342.91265797708024,0.010266447835312194,0.010266447835312194,1331.5,0.49999930827895173,1
-226.11082051462228,765.94000133966256,342.71408853971076,0.003596438598455915,0.003596438598455915,1332,0.499999745909671,1
-226.25955484813775,766.41736712591307,342.70540379190447,0.0023706526529724279,-0.0023706526529724279,1332.5,0.49999999584886667,1
-226.407885611193,766.8948584303788,342.78364159129529,0.0030913770451795985,-0.0030913770451795985,1333,0.49999996110893286,1
-226.55547813792927,767.37257841525684,342.88252652212833,0.0038120874591582535,-0.0038120874591582535,1333.5,0.49999993790026487,1
-226.70219330133457,767.85056857256006,342.98725526639657,0.003261464270911224,-0.003261464270911224,1334,0.49999992965180168,1
-226.84812921324075,768.32879724960844,343.06861001958026,0.0024181686741536804,-0.0024181686741536804,1334.5,0.49999995793532792,1
-226.99351269344248,768.80719418805279,343.10664293982546,0.0011816947337136496,0.0011816947337136496,1335,0.49999998702849191,1
-227.13920964812635,769.28549565248113,342.97935142236304,0.0077050404336989351,0.0077050404336989351,1335.5,0.49999989347843826,1
-227.28674547758561,769.76323256351975,342.67094951262266,0.011702905505472816,0.011702905505472816,1336,0.49999937714256465,1
-227.4367013120569,770.24021577171743,342.46880964899697,0.0024092445599096348,0.0024092445599096348,1336.5,0.49999973319445978,1
-227.58723170380489,770.71701821255851,342.53290486929183,0.0068839657278795055,-0.0068839657278795055,1337,0.49999996643181804,1
-227.73646024250556,771.19422950704063,342.71526272854192,0.0037029865105370824,-0.0037029865105370824,1337.5,0.49999977634398518,1
-227.88480808014666,771.67171554106915,342.7386963712944,0.0020670118226299426,0.0020670118226299426,1338,0.4999999936250703,1
-228.03360617901239,772.14906136615809,342.6296133700489,0.0030052456402794208,0.0030052456402794208,1338.5,0.49999991095589735,1
-228.18306226329125,772.62620167457817,342.60698813909335,0.0014256956913150432,-0.0014256956913150432,1339,0.49999999504717246,1
-228.33218180218526,773.10344720457306,342.70438513122076,0.0033092326731298713,-0.0033092326731298713,1339.5,0.49999993278006077,1
-228.48079631513673,773.58085029633241,342.67008348350015,0.005703985264451635,0.005703985264451635,1340,0.49999998548119434,1
-228.63077162564753,774.05782708419406,342.37756480176921,0.014717651120032645,0.014717651120032645,1340.5,0.49999944992132,1
-228.78372085998714,774.53385845550883,342.07072534287329,0.0021133598388688446,0.0021133598388688446,1341,0.49999933476045755,1
-228.93716272330832,775.00973165535947,342.2742042691122,0.016319479948886793,-0.016319479948886793,1341.5,0.49999970775547575,1
-229.0869153995402,775.48677637334038,342.86139869051385,0.014514077167587933,-0.014514077167587933,1342,0.49999752698597455,1
-229.23340764470026,775.96483486210752,342.95914427641378,0.0076897609200247538,0.0076897609200247538,1342.5,0.4999998965743529,1
-229.38173341502326,776.44232580440962,342.42961240343254,0.024929344866523109,0.024929344866523109,1343,0.49999813411897398,1
-229.5349367401684,776.91827471877525,341.9692737855446,0.0072089024101006068,0.0072089024101006068,1343.5,0.49999862791946836,1
-229.68985510647877,777.39366956346714,342.01653194689356,0.010508175482440894,-0.010508175482440894,1344,0.49999995857989932,1
-229.84270783915278,777.86973174334889,342.37148956143068,0.010447564035162218,-0.010447564035162218,1344.5,0.49999915699896519,1
-229.99308078480001,778.3465835478014,342.60010856385196,0.0055130681098099557,-0.0055130681098099557,1345,0.49999966619212766,1
-230.14214870999993,778.82384522459597,342.67851704165412,0.00095067100117126485,0.00095067100117126485,1345.5,0.49999995446016937,1
-230.29147532282784,779.30102591280684,342.52637330997425,0.0096711773405984587,0.0096711773405984587,1346,0.49999984650002643,1
-230.4431070097728,779.77747821984474,342.12625076394482,0.016600727240582477,0.016600727240582477,1346.5,0.49999896936645416,1
-230.59790670423445,780.25291133546716,341.87996911535487,0.0005934233618915516,0.0005934233618915516,1347,0.49999959283569645,1
-230.7528474927384,780.72829859217848,342.09224863484479,0.015413786873163943,-0.015413786873163943,1347.5,0.49999969178564035,1
-230.90452541677527,781.20473572830804,342.54956285745487,0.0096721132909923357,-0.0096721132909923357,1348,0.49999853732133498,1
-231.05393713199021,781.68188989710598,342.60148136867429,0.0060473308355196639,0.0060473308355196639,1348.5,0.49999996144471948,1
-231.20474006172242,782.1586053331298,342.25464722447663,0.01159281451830455,0.01159281451830455,1349,0.49999913055844575,1
-231.35799645055334,782.63453844838421,342.10914468022446,0.0014346980024433739,-0.0014346980024433739,1349.5,0.49999985091323768,1
-231.51091132238378,783.11058119665938,342.33685272615628,0.014462465118022695,-0.014462465118022695,1350,0.49999965621218262,1
-231.66125697225092,783.58744146473248,342.60388445131809,0.0028662946793108703,-0.0028662946793108703,1350.5,0.49999952970049938,1
-231.81091931741298,784.06451703458674,342.50002395463594,0.010117242740082457,0.010117242740082457,1351,0.49999991691117068,1
-231.9627372837551,784.54091028661537,342.17415104598592,0.0060821263595428384,0.0060821263595428384,1351.5,0.4999992254820706,1
-232.11594095178194,785.01686050366641,342.21025677359819,0.0086028078083710303,-0.0086028078083710303,1352,0.49999997300780363,1
-232.26711894013957,785.49345673146161,342.63396260126177,0.014212849996828855,-0.014212849996828855,1352.5,0.49999874851090653,1
-232.41549401640384,785.970934192703,342.74094075018286,0.0067441109296666442,0.0067441109296666442,1353,0.4999998892499416,1
-232.56547798718887,786.44790717438104,342.24750974430208,0.02770446992098826,0.02770446992098826,1353.5,0.4999984167407831,1
-232.7208691162156,786.92314526009432,341.65644517042961,0.0074998756639845041,0.0074998756639845041,1354,0.49999764108705119,1
-232.87803597090243,787.39780125958407,341.83272972251029,0.019808449978578061,-0.019808449978578061,1354.5,0.49999973806370268,1
-233.03069912847883,787.87392037142047,342.63885254712767,0.025315430312224951,-0.025315430312224951,1355,0.49999544831635778,1
-233.17756234972265,788.35186359350064,343.11597893556848,0.0079959862373012881,-0.0079959862373012881,1355.5,0.49999852928432365,1
-233.32251286371888,788.83039187999077,343.10017953116323,0.0074007533334862433,0.0074007533334862433,1356,0.49999997247895384,1
-233.46876553395006,789.3085235074974,342.88159760796447,0.0078590099652064514,0.0078590099652064514,1356.5,0.49999969677179396,1
-233.61689586158684,789.78607671429995,342.64990013052102,0.008316354736144874,0.008316354736144874,1357,0.49999965929306617,1
-233.76683199521923,790.26306620926971,342.4923468817999,0.00052323951538184158,0.00052323951538184158,1357.5,0.49999982248010383,1
-233.91688496090725,790.7400190116557,342.63089122348686,0.010195715872193036,-0.010195715872193036,1358,0.49999986821560621,1
-234.06452959849128,791.21772172273177,343.04952501701996,0.015342098960795353,-0.015342098960795353,1358.5,0.49999881917534333,1
-234.20869606532347,791.69648598406059,343.40657447462326,0.0095847619288330233,-0.0095847619288330233,1359,0.499999188083948,1
-234.35056659843522,792.17593620535195,343.59870486310791,0.0038287052719271223,-0.0038287052719271223,1359.5,0.4999997628616904,1
-234.49166373094442,792.65561483381941,343.57243839056639,0.0057837456304226662,0.0057837456304226662,1360,0.49999998741075047,1
-234.63414732447714,793.13488284468065,343.26724357300333,0.015523208002165192,0.015523208002165192,1360.5,0.49999940066052023,1
-234.78016342358802,793.61308548512807,342.79634944019102,0.011616698171555043,0.011616698171555043,1361,0.49999846652809232,1
-234.92888558754888,794.09045492850601,342.66117627758427,0.0021794017535807933,-0.0021794017535807933,1361.5,0.49999986752414449,1
-235.07708976487947,794.56798511857562,342.91575429771325,0.013543931474306676,-0.013543931474306676,1362,0.49999956060596884,1
-235.22242684474398,795.0463952915311,343.27943673725679,0.011845826642224331,-0.011845826642224331,1362.5,0.49999916037012632,1
-235.3649278694451,795.52565808778684,343.59447019978518,0.010147711350707607,-0.010147711350707607,1363,0.49999936991534183,1
-235.50523113574289,796.00556933806399,343.7535746804092,0.0010712870905303629,0.0010712870905303629,1363.5,0.49999981467637689,1
-235.64579612823735,796.48540382548902,343.52518466514857,0.014873922735044249,0.014873922735044249,1364,0.49999965243728201,1
-235.78985426674845,796.96419928832995,342.96895744943544,0.016149508183956864,0.016149508183956864,1364.5,0.4999978425036935,1
-235.93745397320544,797.44191686055763,342.784890666455,0.0032984848127085137,-0.0032984848127085137,1365,0.49999975216123127,1
-236.08426536844865,797.9198765849203,343.15796331731332,0.022690429444841485,-0.022690429444841485,1365.5,0.49999908388526737,1
-236.22689082309154,798.39910148918864,343.63736104866058,0.010777585996185259,-0.010777585996185259,1366,0.49999852918092058,1
-236.36693209930527,798.8790893094,343.77549499055425,0.0011336196060320242,0.0011336196060320242,1366.5,0.49999986659481016,1
-236.50716283064938,799.35902177749824,343.62237638208813,0.0071511153438680239,0.0071511153438680239,1367,0.49999983194814307,1
-236.64908160602019,799.83845760923305,343.38951634126079,0.0091056063251530768,0.0091056063251530768,1367.5,0.49999965555387571,1
-236.79317957225456,800.31724279201364,343.10433014835718,0.0097877054880162479,0.0097877054880162479,1368,0.49999947512285658,1
-236.93949048860048,800.7953565997002,342.8865460981043,0.0054165339370946392,0.0054165339370946392,1368.5,0.49999969734242833,1
-237.08709580772094,801.27307263850776,342.79398182525978,0.0010457177672927775,0.0010457177672927775,1369,0.49999994396663272,1
-237.23499003959489,801.75069936959665,342.80803119869302,0.0016103746057455177,-0.0016103746057455177,1369.5,0.49999999807224382,1
-237.38250092297665,802.22844459662213,342.88433882842912,0.0037168887166694857,-0.0037168887166694857,1370,0.49999996266169183,1
-237.52914597296331,802.70645624076849,343.00009609586243,0.0020215228392076821,-0.0020215228392076821,1370.5,0.49999990262508992,1
-237.67540021625865,803.18458767943764,342.94626296559096,0.0057798520164835604,0.0057798520164835604,1371,0.49999997632572662,1
-237.82303548927447,803.66229400424572,342.66892765210576,0.013581852388941031,0.013581852388941031,1371.5,0.49999950659985792,1
-237.97331044177227,804.13917655023442,342.39859923186054,0.0042608369743287163,0.0042608369743287163,1372,0.49999952401665387,1
-238.12460101209362,804.61573835025672,342.42573596614585,0.006155327089365178,-0.006155327089365178,1372.5,0.49999998590864991,1
-238.27455535535424,805.09272186516625,342.66662833273267,0.0060001107799063603,-0.0060001107799063603,1373,0.49999957855799937,1
-238.42314269323177,805.570133407507,342.71683674199403,0.0024948940376771939,0.0024948940376771939,1373.5,0.49999997773770105,1
-238.57232495879794,806.04735915019694,342.52547485730219,0.0095781929624008492,0.0095781929624008492,1374,0.49999975784535955,1
-238.72331333137822,806.52401660237024,342.35711821708963,0.0021753536707452953,0.0021753536707452953,1374.5,0.49999981536675026,1
-238.87482011996784,807.00050970423683,342.40083392994245,0.0052272879381002968,-0.0052272879381002968,1375,0.4999999831151869,1
-239.02528384070706,807.4773330483207,342.55323674250076,0.002426500526155138,-0.002426500526155138,1375.5,0.49999983272198678,1
-239.17518336083779,807.95433422594874,342.52216793094448,0.004595539695584675,0.004595539695584675,1376,0.49999998959396014,1
-239.32616676645037,808.43099310577088,342.30622582105462,0.0072109033705620761,0.0072109033705620761,1376.5,0.49999967648356419,1
-239.47859132240188,808.90719340088708,342.24357370389225,0.0028369075369943882,-0.0028369075369943882,1377,0.49999996632577082,1
-239.63034016478187,809.38360914185057,342.46876920269131,0.012884661780181342,-0.012884661780181342,1377.5,0.49999966940134732,1
-239.77960048377761,809.86081023808288,342.72826749476815,0.0015892344698875233,-0.0015892344698875233,1378,0.49999952907180445,1
-239.92848672773209,810.33812843514636,342.54908530924575,0.014099097082226812,0.014099097082226812,1378.5,0.49999977488675529,1
-240.08063366116485,810.81441535557099,342.00480572270175,0.016009371586071328,0.016009371586071328,1379,0.49999791991624126,1
-240.23634930106317,811.28954934080002,341.78314110661699,0.0005335830202633637,-0.0005335830202633637,1379.5,0.49999966442845561,1
-240.3919381527152,811.76472476286904,342.0353738378725,0.017076066615142618,-0.017076066615142618,1380,0.49999957249667981,1
-240.54449495819492,812.24088190897885,342.3869896294554,0.0072898625761011497,-0.0072898625761011497,1380.5,0.49999920668898917,1
-240.69531540829499,812.7175926761322,342.45303980154034,0.0026786042951263485,0.0026786042951263485,1381,0.4999999636883215,1
-240.84666513229806,813.19413552999663,342.30312836568595,0.0040436248120723148,0.0040436248120723148,1381.5,0.49999983052503194,1
-240.99892827360313,813.67038748327866,342.26266395439274,0.0012186812153545952,-0.0012186812153545952,1382,0.49999998720503713,1
-241.15090259754209,814.14673160977543,342.36921564093495,0.0045896069815249104,-0.0045896069815249104,1382.5,0.49999992198466781,1
-241.30213227294578,814.62331274493056,342.3796944431985,0.0038580468192281939,0.0038580468192281939,1383,0.49999999310845938,1
-241.45428090986474,815.09960094117798,342.14816124286585,0.012306072007045076,0.012306072007045076,1383.5,0.49999965360079962,1
-241.60904468045374,815.57504545314316,341.83393544737612,0.0050684494349457531,0.0050684494349457531,1384,0.4999993086442539,1
-241.76499151239662,816.05010392651081,341.88456048488052,0.0086029181519117186,-0.0086029181519117186,1384.5,0.49999996751142656,1
-241.9189130314804,816.5258212619201,342.30060561713162,0.015603013065936146,-0.015603013065936146,1385,0.49999881724457057,1
-242.06948697452276,817.00260939708107,342.59554984519684,0.0049882284148268282,-0.0049882284148268282,1385.5,0.49999943815328662,1
-242.21887141825189,817.47977213416891,342.58642484390577,0.0056252320575654489,0.0056252320575654489,1386,0.49999998969341936,1
-242.36934614485492,817.95659189581716,342.38291531074924,0.0069642727734747977,0.0069642727734747977,1386.5,0.49999972844446866,1
-242.52147794763394,818.43288559089376,342.19230166009072,0.0063430462578366025,0.0063430462578366025,1387,0.49999976938646984,1
-242.6751034808581,818.90869965667514,342.0341434839948,0.0031422655078633785,0.0031422655078633785,1387.5,0.4999998296537837,1
-242.82941985600576,819.38429029056033,342.04616322288507,0.0039814318205802215,-0.0039814318205802215,1388,0.49999999467802969,1
-242.98278905944932,819.86018690397202,342.26226721110396,0.011105518243741791,-0.011105518243741791,1388.5,0.49999969922153892,1
-243.13394883882191,820.33678978854709,342.51530943988359,0.0058087195798658805,-0.0058087195798658805,1389,0.49999958848508097,1
-243.28372397351993,820.81383000289952,342.59439343318303,0.00028755119200321062,0.00028755119200321062,1389.5,0.49999995708321798,1
-243.43352873114429,821.29086092318676,342.52747039344456,0.0023062327562190653,0.0023062327562190653,1390,0.49999996431697935,1
-243.58383970428048,821.76773260768471,342.49320535286665,8.5909376827643911e-05,8.5909376827643911e-05,1390.5,0.49999999212106033,1
-243.73417117976908,822.24459783131488,342.5223894654988,0.0018647858872973574,-0.0018647858872973574,1391,0.49999999403043177,1
-243.88428791868631,822.72153070149466,342.51362917445937,0.0024763670476717105,0.0024763670476717105,1391.5,0.49999999796106814,1
-244.03499504080804,823.19827722663717,342.38050331288628,0.0068175821857077374,0.0068175821857077374,1392,0.49999988589366517,1
-244.18722403550774,823.6745398259302,342.18547226948698,0.0037840251373957973,0.0037840251373957973,1392.5,0.49999973031255401,1
-244.34032016283655,824.15052466775342,342.19353543496948,0.0043469657765359106,-0.0043469657765359106,1393,0.49999999384855404,1
-244.49238203999235,824.62684054299802,342.4320996286063,0.010997699790577811,-0.010997699790577811,1393.5,0.4999996274940452,1
-244.64217701063569,825.10387416551907,342.67930094146129,0.0062602136172322295,-0.0062602136172322295,1394,0.49999961024544193,1
-244.79047816698349,825.58137462227296,342.79078720324497,0.0015230645231937381,-0.0015230645231937381,1394.5,0.49999991917425862,1
-244.93841154030122,826.05898922863935,342.76887111007744,0.0029645464288967811,0.0029645464288967811,1395,0.49999999515568105,1
-245.08705198131526,826.53638411766042,342.62162798344184,0.0073149821388321743,0.0073149821388321743,1395.5,0.49999986076826847,1
-245.2374333394429,827.01323313571459,342.3581142305855,0.0083244321432699754,0.0083244321432699754,1396,0.49999953889132653,1
-245.38937148747669,827.48958885957381,342.3312911675269,0.0064518457630406935,-0.0064518457630406935,1396.5,0.49999997648138761,1
-245.53977597977487,827.96643001522386,342.71878567066858,0.01744876938302135,-0.01744876938302135,1397,0.49999899902414585,1
-245.68653900731542,828.44440455670076,343.10487014747707,0.0095050728678232506,-0.0095050728678232506,1397.5,0.49999904855201094,1
-245.83102898612995,828.92307195798571,343.26340222298933,0.0015628112628986346,-0.0015628112628986346,1398,0.49999983503068607,1
-245.97514442471223,829.40185239297421,343.19466856747977,0.0063539407103001466,0.0063539407103001466,1398.5,0.49999996456553158,1
-246.12078003367753,829.88017206708014,342.89938552337924,0.01426069294987032,0.01426069294987032,1399,0.49999944123518936,1
-246.26952092377903,830.35753484930081,342.53721301792535,0.0057824381242941062,0.0057824381242941062,1399.5,0.49999907823679007,1
-246.41961030647801,830.83447627828889,342.60337561280699,0.010401797571301968,-0.010401797571301968,1400,0.49999994948415399,1
-246.56722724949518,831.31218694862037,343.11467633703802,0.020343288344658279,-0.020343288344658279,1400.5,0.49999824641120705,1
-246.7105765693891,831.79119636766723,343.49792231889427,0.0064128101667510892,-0.0064128101667510892,1401,0.49999905104876252,1
-246.85238945233544,832.27066387210311,343.48213370140309,0.0075149814259973663,0.0075149814259973663,1401.5,0.49999998157953046,1
-246.99570494285328,832.74968389761318,343.21984395842969,0.0062532502782506692,0.0062532502782506692,1402,0.49999951466179765,1
-247.14049444568096,833.22826091871536,343.15161975378015,0.0014903339981810673,-0.0014903339981810673,1402.5,0.49999996525612384,1
-247.28493195593856,833.70694417253594,343.29737765547281,0.0066822431012821771,-0.0066822431012821771,1403,0.49999985185764839,1
-247.42799861620381,834.18603896286425,343.42970356292972,0.0025558607240756138,-0.0025558607240756138,1403.5,0.49999988739916079,1
-247.57045293799013,834.66531629746498,343.4438192077842,0.0015703799072328674,0.0015703799072328674,1404,0.49999999725758743,1
-247.7132800231237,835.1444826107454,343.341498185842,0.0055221587949634138,0.0055221587949634138,1404.5,0.49999993203049475,1
-247.85742927596442,835.62325259891372,343.1277200749829,0.0094023872159860102,0.0094023872159860102,1405,0.49999970866514976,1
-248.00381811708201,836.10134219435213,342.81811260660947,0.008474702378516363,0.008474702378516363,1405.5,0.4999993540697899,1
-248.15182783818724,836.57893312227657,342.82913016781197,0.0092440497929324756,-0.0092440497929324756,1406,0.4999999719773765,1
-248.29764269907758,837.05719702440456,343.3237414161116,0.019324233063844471,-0.019324233063844471,1406.5,0.49999833373238622,1
-248.43949036589839,837.53665359921217,343.63302344484845,0.0022683791778939969,-0.0022683791778939969,1407,0.49999936770835635,1
-248.58079422875804,838.0162711438004,343.45372409398976,0.014786259464796737,0.014786259464796737,1407.5,0.49999977073584029,1
-248.72507333862058,838.49500115944011,343.05330832984339,0.0072888160368689402,0.0072888160368689402,1408,0.49999888941589204,1
-248.87107885345404,838.97320861333753,343.06260896690401,0.0079379982397813822,-0.0079379982397813822,1408.5,0.4999999793248423,1
-249.01562063203937,839.45186013133412,343.29655693888776,0.0031822702448772448,-0.0031822702448772448,1409,0.49999960143688527,1
-249.15941987587883,839.93073561284473,343.21859048022935,0.0086255866000202221,0.0086255866000202221,1409.5,0.49999994932081748,1
-249.30526755273888,840.40899014513138,342.82398491773313,0.014464693793149269,0.014464693793149269,1410,0.49999894249708499,1
-249.45417992431749,840.88630001317892,342.57818066875114,0.0026959736547025339,0.0026959736547025339,1410.5,0.4999996045445691,1
-249.60373569330412,841.3634090227506,342.66950490095547,0.0090716282124020803,-0.0090716282124020803,1411,0.49999993505164492,1
-249.75155625855484,841.84105816979991,342.90012140158581,0.0032008890942499249,-0.0032008890942499249,1411.5,0.49999962718783419,1
-249.89862145222949,842.31894078513415,342.83770649242763,0.0075584237406330686,0.0075584237406330686,1412,0.49999996522925211,1
-250.0474757865567,842.79626829695565,342.48643300087792,0.013649833254334297,0.013649833254334297,1412.5,0.49999916638900621,1
-250.1993554910446,843.27264202133085,342.17195604879538,0.0083049292242975605,0.0083049292242975605,1413,0.49999936991003996,1
-250.35321217041593,843.74838139796077,342.01058511088138,0.0029610294878532448,0.0029610294878532448,1413.5,0.49999983226336653,1
-250.50778440171266,844.22388893962898,341.99726737336664,0.0019508644116687677,-0.0019508644116687677,1414,0.49999999687139057,1
-250.6618928373627,844.69954689358178,342.1220986422104,0.0067639496825023853,-0.0067639496825023853,1414.5,0.49999989909706233,1
-250.81442544720733,845.17571223090329,342.35077824805808,0.0049475885218780097,-0.0049475885218780097,1415,0.4999996255323747,1
-250.96597376156265,845.65219210819737,342.29650251288587,0.0087370066402470224,0.0087370066402470224,1415.5,0.49999996505012245,1
-251.11960182982102,846.12800418876361,341.85014650249462,0.022424941194079687,0.022424941194079687,1416,0.49999871936793544,1
-251.27773415501679,846.60233795417537,341.34896448649005,0.0094175268938519307,0.0094175268938519307,1416.5,0.49999835327880315,1
-251.43809689997067,847.07592401765692,341.3165447619802,0.0071538703966488445,-0.0071538703966488445,1417,0.49999996949309311,1
-251.5968093570043,847.55006455224986,341.71717134081945,0.016303047723634605,-0.016303047723634605,1417.5,0.49999889056050745,1
-251.75182005219753,848.02542808952603,342.15044083757545,0.013944872440327764,-0.013944872440327764,1418,0.49999880819457621,1
-251.90351265473953,848.50186119610873,342.51616006790579,0.011587335335991858,-0.011587335335991858,1418.5,0.49999915071328949,1
-252.05285219602092,848.97903784625748,342.65688834240842,0.0025042087267376882,0.0025042087267376882,1419,0.49999985403729713,1
-252.20278915895886,849.4560267063232,342.37193763589494,0.017389775678617492,0.017389775678617492,1419.5,0.49999946548156038,1
-252.35670302294966,849.93174517903503,341.78216960244322,0.01485955139584328,0.01485955139584328,1420,0.49999754280181791,1
-252.51395789471167,850.40637215334345,341.65482545892013,0.0059685902477337608,-0.0059685902477337608,1420.5,0.49999985943403213,1
-252.66979515321987,850.88146510549313,342.12416543631832,0.026593065259828241,-0.026593065259828241,1421,0.4999985643195885,1
-252.8208607575244,851.35809665236945,342.61362140026102,0.0075777001362297295,-0.0075777001362297295,1421.5,0.49999844827919959,1
-252.97011975607788,851.83529860186547,342.55837309955854,0.011434841435920717,0.011434841435920717,1422,0.49999994925198699,1
-253.12187817698063,852.31171008712658,342.10517844059223,0.012021588381713999,0.012021588381713999,1422.5,0.49999852160140806,1
-253.27638288211742,852.78723942462318,341.96319246012831,0.0021088944142475738,-0.0021088944142475738,1423,0.49999985472933589,1
-253.43038698252315,853.26293079955269,342.22240297879682,0.013736378892422916,-0.013736378892422916,1423.5,0.4999995471239011,1
-253.58183865446898,853.7394410472682,342.46218888013834,0.0030039078967535882,-0.0030039078967535882,1424,0.49999962511294482,1
-253.73257455141493,854.21617855398711,342.39451803023604,0.0077283028378244125,0.0077283028378244125,1424.5,0.49999996094065535,1
-253.8849964645525,854.6923791417737,342.11232643833665,0.0076751406617950506,0.0076751406617950506,1425,0.49999943941250041,1
-254.03919991015087,855.16800631330432,341.99552907310112,0.00047892345247838649,0.00047892345247838649,1425.5,0.49999990893261737,1
-254.193518117807,855.64359629552621,342.08276123608562,0.005703747022713296,-0.005703747022713296,1426,0.49999994040401596,1
-254.34665030552634,856.11956936287424,342.25001440005838,0.005972710727158095,-0.005972710727158095,1426.5,0.49999982775637863,1
-254.49836038336409,856.59599759253706,342.42497126829096,0.0062415604845799224,-0.0062415604845799224,1427,0.49999980573714214,1
-254.64872022782475,857.07285377995731,342.53383998789639,0.0011705780180838107,0.0011705780180838107,1427.5,0.49999990630720681,1
-254.79937535912828,857.54961659558444,342.34010611184914,0.012354811608428275,0.012354811608428275,1428,0.49999975095272448,1
-254.95296526914495,858.02544060040043,341.84063301220851,0.017636702616724592,0.017636702616724592,1428.5,0.49999834401531651,1
-255.10998606903786,858.50014495220432,341.66242778053208,0.0051948698562436797,-0.0051948698562436797,1429,0.49999975322050155,1
-255.26577279325357,858.97525442794154,342.13834388526823,0.028032349881132519,-0.028032349881132519,1429.5,0.49999851737495465,1
-255.41557471456838,859.45228192903471,342.90806279206078,0.014385856618456158,-0.014385856618456158,1430,0.49999585241160382,1
-255.56200537202619,859.93035930988424,342.88980201048776,0.015660216054476709,0.015660216054476709,1430.5,0.49999991952346451,1
-255.71152229256188,860.40747838031916,342.35190695894994,0.011131322910228451,0.011131322910228451,1431,0.49999791689482187,1
-255.86363295343909,860.88377902675279,342.32165651145203,0.0090194540388433934,-0.0090194540388433934,1431.5,0.49999995894559324,1
-256.01391771361261,861.36065795231696,342.6971463667636,0.011572987615025227,-0.011572987615025227,1432,0.49999901878668201,1
-256.16147425259447,861.83838870179216,342.94694028250444,0.0058660261932695469,-0.0058660261932695469,1432.5,0.49999960119028186,1
-256.30763029529686,862.31655014076523,343.03089560617883,0.00070923852086886719,0.00070923852086886719,1433,0.49999995053922108,1
-256.45405327902466,862.79462975960041,342.86309522615738,0.011005714984315008,0.011005714984315008,1433.5,0.49999981210930944,1
-256.6030963847262,863.27189783680319,342.41600442699314,0.015425882225010094,0.015425882225010094,1434,0.4999986648722155,1
-256.7551431370423,863.7482187634979,342.2780231785564,0.0057925784694521001,-0.0057925784694521001,1434.5,0.49999984009715537,1
-256.9058185649061,864.22497395972891,342.72929268900339,0.019793608148284601,-0.019793608148284601,1435,0.49999860169325439,1
-257.05264861259974,864.7029282951587,343.02620861202024,0.00093557389914257169,-0.00093557389914257169,1435.5,0.49999940966149642,1
-257.19924947961675,865.18095318341739,342.79427864298776,0.013456588339474277,0.013456588339474277,1436,0.49999960800471721,1
-257.34850841078691,865.65815462118633,342.49832239486324,0.007204958906635011,0.007204958906635011,1436.5,0.49999944074248714,1
-257.49948501278391,866.13481590140816,342.38295515420623,0.00025179409620061888,0.00025179409620061888,1437,0.49999991041327008,1
-257.65040582744183,866.61149478126538,342.53293352269139,0.010722535629819299,-0.010722535629819299,1437.5,0.49999984679891957,1
-257.79877075404556,867.08897407854261,342.99060325854907,0.017828835051281283,-0.017828835051281283,1438,0.49999863077261136,1
-257.9437371159845,867.56749725809129,343.20160039596192,0.0030979092466657645,0.0030979092466657645,1438.5,0.49999967945909518,1
-258.0894429465493,868.04579509505857,342.81824910961774,0.020350393680662774,0.020350393680662774,1439,0.499999009907167,1
-258.23891328372872,868.52293012597966,342.47294830297858,0.003756460948033375,0.003756460948033375,1439.5,0.49999921942799086,1
-258.38928008225116,868.99978408186462,342.60129930412245,0.011103755794536064,-0.011103755794536064,1440,0.49999986934100904,1
-258.53780753573051,869.47721402303046,342.79592579948093,0.0024836543861429484,-0.0024836543861429484,1440.5,0.49999975315861356,1
-258.68574205172575,869.95482826088687,342.74368786662643,0.005813115674383567,0.005813115674383567,1441,0.49999998122591105,1
-258.83440630586261,870.43221585790309,342.70423584522496,0.003058840450955939,-0.003058840450955939,1441.5,0.4999999782429877,1
-258.98234017510958,870.90983000476649,342.91894780401111,0.011930835074638751,-0.011930835074638751,1442,0.49999970295434693,1
-259.12829030484988,871.38805422015548,343.06570041454563,0.0024225587039227886,0.0024225587039227886,1442.5,0.49999984055560093,1
-259.2748195291112,871.86610092063904,342.77979111679139,0.017537908528429378,0.017537908528429378,1443,0.49999946140555107,1
-259.42454935038609,872.34315465955365,342.45662681814082,0.0018713565464166439,0.0018713565464166439,1443.5,0.49999928919090963,1
-259.57472414096117,872.82006889728916,342.67771353719377,0.017306405746962312,-0.017306405746962312,1444,0.49999965787899792,1
-259.72178798012408,873.29795109362226,343.02612564759158,0.0026252213988338887,-0.0026252213988338887,1444.5,0.49999916636078556,1
-259.86822794645406,873.77602538656447,342.81875291489155,0.017103042322399894,0.017103042322399894,1445,0.49999969331082561,1
-260.01798334124055,874.25307052894073,342.3922183880714,0.006598592200017437,0.006598592200017437,1445.5,0.49999874613086859,1
-260.16930004019184,874.72962398529307,342.46255433559361,0.011509036541377232,-0.011509036541377232,1446,0.49999994014288207,1
-260.31837513725031,875.20688260801671,342.80068678791747,0.0053651577295761969,-0.0053651577295761969,1446.5,0.49999917752638084,1
-260.46619821175261,875.68453131652313,342.73290853949368,0.010097071423032825,0.010097071423032825,1447,0.49999995009316228,1
-260.61607283031469,876.1615395552825,342.41398745837995,0.0056370745651706071,0.0056370745651706071,1447.5,0.49999926113289689,1
-260.76725008519429,876.63813729888534,342.45554070837687,0.0085380850461219022,-0.0085380850461219022,1448,0.49999997160024684,1
-260.91661800004846,877.11530448080373,342.7659882329778,0.0066314351553057333,-0.0066314351553057333,1448.5,0.49999929348731992,1
-261.06447422410338,877.59294296593612,342.77224266052968,0.006194788064939046,0.006194788064939046,1449,0.49999998547134106,1
-261.21367642410706,878.07016216312945,342.49862918971075,0.0078098826354235937,0.0078098826354235937,1449.5,0.49999945865549811,1
-261.36466440097075,878.54681984388787,342.38563344255834,7.8772741449219049e-05,7.8772741449219049e-05,1450,0.49999991378337982,1
-261.515718783583,879.02345652904603,342.45748202837956,0.0021963850472415734,-0.0021963850472415734,1450.5,0.49999995614491871,1
-261.6663189830029,879.50023695891173,342.46442645565077,0.0017115741515425632,0.0017115741515425632,1451,0.49999999836823322,1
-261.81729884518637,879.97689724784334,342.38542931663198,0.00098865484110507843,0.00098865484110507843,1451.5,0.49999994982930662,1
-261.96840898808068,880.45351625041383,342.47027493459922,0.0069120571051076059,-0.0069120571051076059,1452,0.49999994889682253,1
-262.11789762538103,880.93064578543908,342.75091468513381,0.0080543748412201677,-0.0080543748412201677,1452.5,0.49999944587502565,1
-262.26573708664694,881.40828944873454,342.78803928735738,0.0054625332613077752,0.0054625332613077752,1453,0.49999997539369179,1
-262.41485790137051,881.88553388984928,342.46842695135626,0.010955599793678597,0.010955599793678597,1453.5,0.49999927395822441,1
-262.56611476169758,882.36210634278052,342.39412861478075,0.0057685297086641349,-0.0057685297086641349,1454,0.49999994068889386,1
-262.71600487116609,882.83910940794294,342.78221044232305,0.016299093590487503,-0.016299093590487503,1454.5,0.49999896908976565,1
-262.86270121215045,883.31710502154453,343.01853268026588,0.00019966122572422369,-0.00019966122572422369,1455,0.4999996230804214,1
-263.00934870040982,883.79511566325539,342.79710690613996,0.013849552550150326,0.013849552550150326,1455.5,0.49999965940148478,1
-263.15882587887569,884.2722484212369,342.41963802031887,0.012502809436287848,0.012502809436287848,1456,0.49999909562034056,1
-263.31128290099758,884.7484375931906,342.08102605605359,0.010672556408799215,0.010672556408799215,1456.5,0.4999992710797006,1
-263.46586476135417,885.2239419011139,341.96429083271454,0.002522937493950122,-0.002522937493950122,1457,0.4999998984049111,1
-263.61984653715336,885.69964050770102,342.22557835583001,0.015583182720996867,-0.015583182720996867,1457.5,0.49999955158699644,1
-263.77107578742653,886.1762212362097,342.50959496576672,0.0042450506803846499,-0.0042450506803846499,1458,0.49999947692377239,1
-263.92129327217583,886.65312236386865,342.46881121806882,0.0070923179360643188,0.0070923179360643188,1458.5,0.49999997828678355,1
-264.07276248155284,887.12962717382823,342.27350950876729,0.0056329182495938627,0.0056329182495938627,1459,0.4999997553038516,1
-264.22557298909078,887.60570368743538,342.14706670098246,0.0031944562939818541,0.0031944562939818541,1459.5,0.49999989802233391,1
-264.37899087669643,888.08158491823053,342.15370556482031,0.0042983230132406826,-0.0042983230132406826,1460,0.49999999406049128,1
-264.53138507234615,888.55779457242284,342.39467915588307,0.012524893812911303,-0.012524893812911303,1460.5,0.49999962561353756,1
-264.6812515613064,889.03480559919774,342.66957244062797,0.0035125670561810705,-0.0035125670561810705,1461,0.49999948417785184,1
-264.83028531178877,889.51207793479477,342.58582582968506,0.0093592416967318067,0.0093592416967318067,1461.5,0.49999994110908852,1
-264.98107238144416,889.98879889551995,342.35214210938057,0.002855494589199621,0.002855494589199621,1462,0.49999961476984534,1
-265.13253079482143,890.46530733235431,342.43797445134703,0.0088477613739577996,-0.0088477613739577996,1462.5,0.49999994135708664,1
-265.28223732935925,890.942368682812,342.67788106873491,0.0027644697229816037,-0.0027644697229816037,1463,0.49999957858365746,1
-265.43130835647548,891.41962933986531,342.56649454276533,0.010540880331555173,0.010540880331555173,1463.5,0.49999990589643506,1
-265.58259898504372,891.89619030235008,342.22902440085943,0.0079838826731283303,0.0079838826731283303,1464,0.49999920525634839,1
-265.73576157017362,892.37215371116758,342.14258340953938,0.0019490489748017008,-0.0019490489748017008,1464.5,0.49999994401685294,1
-265.88859560898044,892.84822266341882,342.26265846818114,0.003183525941887067,-0.003183525941887067,1465,0.49999989071558421,1
-266.04070045766036,893.32452519970661,342.29721016056652,0.00077137040551309062,0.00077137040551309062,1465.5,0.49999999106612436,1
-266.19293582762958,893.80078602660899,342.2520858264686,0.00061315273409545321,0.00061315273409545321,1466,0.49999998311139948,1
-266.34529457567658,894.27700740961416,342.28110460711696,0.0026390473225238616,-0.0026390473225238616,1466.5,0.49999999373780174,1
-266.49705604943694,894.75341939983412,342.38139301222697,0.0029229982243423364,-0.0029229982243423364,1467,0.49999992934325277,1
-266.64814720460907,895.23004445980939,342.42916851494942,0.00041236388830518663,-0.00041236388830518663,1467.5,0.49999998496768722,1
-266.79912194970922,895.70670642075413,342.41995901281035,0.00028368651215771918,-0.00028368651215771918,1468,0.49999999866973699,1
-266.94999069036578,896.18340192778885,342.47004593567965,0.003213021854881743,-0.003213021854881743,1468.5,0.49999998333438511,1
-267.100120928656,896.66033045814754,342.57658965452208,0.00083559753475656519,-0.00083559753475656519,1469,0.4999999115191705,1
-267.2502040285363,897.13727376567306,342.43207727694266,0.010924717190983344,0.010924717190983344,1469.5,0.49999985546304021,1
-267.40286196975808,897.61339788768032,341.98588529103614,0.014041579173788305,0.014041579173788305,1470,0.49999862657337224,1
-267.55841917498844,898.08858396586481,341.85013181226475,0.004563857773781748,-0.004563857773781748,1470.5,0.49999985299941924,1
-267.7129013165416,898.56411974167736,342.22952660184711,0.01699439619610409,-0.01699439619610409,1471,0.49999900613550241,1
-267.86395495342299,899.04075603437309,342.54480608130069,0.0050164720828036408,-0.0050164720828036408,1471.5,0.49999935672940932,1
-268.01381152450745,899.51777070032551,342.52051063038778,0.0049835692242966656,0.0049835692242966656,1472,0.4999999834308933,1
-268.16443690931163,899.99454312258763,342.43212980066664,0.0011865264888695846,0.0011865264888695846,1472.5,0.49999994917709162,1
-268.31534516319482,900.47122613574027,342.45229052757065,0.0022691894404822657,-0.0022691894404822657,1473,0.49999999611835028,1
-268.46595220762219,900.94800440179347,342.47129879735746,0.00094215397843108706,0.00094215397843108706,1473.5,0.49999999681184709,1
-268.61678382326852,901.42471163203834,342.39830915600999,0.0041534857556403074,0.0041534857556403074,1474,0.49999995964621424,1
-268.76843272798703,901.90115947843037,342.29729731296686,0.0027703707007677427,0.0027703707007677427,1474.5,0.4999999406339285,1
-268.92074146367099,902.37739684333519,342.23963098189813,0.0012555011426765594,0.0012555011426765594,1475,0.4999999786971312,1
-269.07340735740746,902.85351984784745,342.20056066547426,0.0017836220117669421,0.0017836220117669421,1475.5,0.49999999053613642,1
-269.22649813431815,903.32950638969669,342.13663503240525,0.0026792068883130077,0.0026792068883130077,1476,0.49999997399671375,1
-269.38006164607566,903.80534064726078,342.12720858284865,0.0039608446864067923,-0.0039608446864067923,1476.5,0.49999999281486618,1
-269.53267549723336,904.28147993458617,342.37321634588676,0.013214033061609357,-0.013214033061609357,1477,0.49999960849976549,1
-269.68236708021288,904.75854533190318,342.76510985660167,0.010341651585660302,-0.010341651585660302,1477.5,0.4999989633310748,1
-269.82961180093957,905.23637248691523,342.94085360335885,0.001927831312864279,-0.001927831312864279,1478,0.49999979784875032,1
-269.97642291787457,905.71433320298047,342.8584554572231,0.0085905365912312438,0.0085905365912312438,1478.5,0.49999995015729654,1
-270.12529731084589,906.19165414759038,342.43869242334125,0.020715147521522738,0.020715147521522738,1479,0.49999886904460167,1
-270.27894482130478,906.66745822738221,341.79615759214539,0.014339197960786183,0.014339197960786183,1479.5,0.49999707980823321,1
-270.43576912931809,907.14222771811444,341.77531405119504,0.012884108041484203,-0.012884108041484203,1480,0.49999993291398948,1
-270.58959443644738,907.61797391729067,342.46651085703166,0.026163538189093592,-0.026163538189093592,1480.5,0.49999667113296836,1
-270.73765320674738,908.09554763057633,343.01832436061198,0.012361278047992983,-0.012361278047992983,1481,0.49999805108040729,1
-270.88275692422491,908.57402933184278,343.17629689998398,0.00096748292945711303,0.00096748292945711303,1481.5,0.49999982727260023,1
-271.02805173378727,909.05245295749489,342.98145672222614,0.012635547671129678,0.012635547671129678,1482,0.49999974726781088,1
-271.17636162127951,909.52994893515381,342.46238945388757,0.01957884629650021,0.01957884629650021,1482.5,0.49999823140528116,1
-271.32856176948411,910.00622050338143,342.18934084767818,0.00051554037528200273,-0.00051554037528200273,1483,0.49999949181523706,1
-271.48063914113169,910.48253117618992,342.49164613990445,0.019813270145834897,-0.019813270145834897,1483.5,0.49999938399813743,1
-271.62920761775678,910.95994761680913,342.87563180182508,0.0069939091900750013,-0.0069939091900750013,1484,0.49999905001931083,1
-271.77610593017431,911.43788157643712,342.892379893515,0.005824626079139656,0.005824626079139656,1484.5,0.499999983956808,1
-271.92380662157012,911.91556809748545,342.77593704014606,0.00060101109169196623,0.00060101109169196623,1485,0.49999990663004551,1
-272.07165019621857,912.39321046127111,342.86049007030948,0.0065038881268480644,-0.0065038881268480644,1485.5,0.49999995024758376,1
-272.21836581757884,912.87120046582845,342.95390748852981,0.0036606578424735856,0.0036606578424735856,1486,0.49999991800785115,1
-272.3659643618231,913.34891796726856,342.63648068715531,0.018499988601624464,0.018499988601624464,1486.5,0.49999934144477365,1
-272.51745843122023,913.82541346666903,342.17363587264799,0.0040425055703823057,0.0040425055703823057,1487,0.49999841400889178,1
-272.66985090813318,914.3016233819792,342.47489595430318,0.025076791380071468,-0.025076791380071468,1487.5,0.49999935045895633,1
-272.81665952905695,914.77957921035647,343.34507237758839,0.020044653490448185,-0.020044653490448185,1488,0.49999454502758861,1
-272.95891269342769,915.25891613455326,343.43471061837272,0.013785644466573257,0.013785644466573257,1488.5,0.49999984967190303,1
-273.10429501390604,915.73730934308628,342.69777401528319,0.024442288105114705,0.024442288105114705,1489,0.49999608106282911,1
-273.2551161335922,916.21401876905304,342.28563300710067,0.0043318571269202353,0.0043318571269202353,1489.5,0.49999888694770506,1
-273.40698785856307,916.69039551577259,342.42659054761043,0.010136344186747352,-0.010136344186747352,1490,0.49999982566070278,1
-273.55673265991862,917.16744472230312,342.7207162490954,0.010397393260742384,-0.010397393260742384,1490.5,0.49999945098411447,1
-273.70399896574582,917.64526484189025,343.01540768908035,0.0080472778475078402,-0.0080472778475078402,1491,0.49999943151393283,1
-273.84964725654271,918.12358121447221,343.04712482764654,0.0058329846310723431,0.0058329846310723431,1491.5,0.49999997689201553,1
-273.99668959569152,918.60146999276253,342.68213115953426,0.018253616550699066,0.018253616550699066,1492,0.49999913391741962,1
-274.14696385103935,919.07835278781533,342.42549712524533,0.00033674539038609894,-0.00033674539038609894,1492.5,0.49999955203751523,1
-274.29715778797993,919.55526081682217,342.70142630818327,0.018927171680503025,-0.018927171680503025,1493,0.49999948682463319,1
-274.44389231452146,920.03324407064486,343.08629959988343,0.0046565251784908964,-0.0046565251784908964,1493.5,0.49999901221331489,1
-274.58951524707271,920.51156805830976,342.96301011192202,0.013264029496637098,0.013264029496637098,1494,0.49999987566046866,1
-274.7378280361541,920.98906379466621,342.55363797051365,0.010261721304860973,0.010261721304860973,1494.5,0.49999886164238827,1
-274.88857369343208,921.46579808668002,342.39810237654729,0.00059690687550372325,0.00059690687550372325,1495,0.49999983837005874,1
-275.03954219024291,921.94246198297526,342.47210669583245,0.0036818712988821636,-0.0036818712988821636,1495.5,0.49999995706067585,1
-275.18965305446085,922.41939661136723,342.59027459003505,0.0045677864503616203,-0.0045677864503616203,1496,0.49999991131563726,1
-275.33870555606876,922.89666304622767,342.7097642880459,0.001869271304738535,-0.001869271304738535,1496.5,0.4999998980799602,1
-275.48735762742029,923.37405444308467,342.66642804183641,0.0048947353527656248,0.0048947353527656248,1497,0.49999998411018048,1
-275.63716416258143,923.8510844916832,342.44534620629105,0.0079292595534309271,0.0079292595534309271,1497.5,0.49999966524277972,1
-275.78869162405283,924.3275708926659,342.29932561361642,0.002264946399507555,0.002264946399507555,1498,0.49999986190140239,1
-275.94075973443904,924.80388516463802,342.31332999271194,0.0025099893185232609,-0.0025099893185232609,1498.5,0.49999999588075811,1
-276.09234208459264,925.28035420849358,342.39403666899182,0.0031243746009102891,-0.0031243746009102891,1499,0.4999999586307185,1
-276.24317991413506,925.75705945056393,342.49234156035504,0.0037385593353806193,-0.0037385593353806193,1499.5,0.49999993863841469,1
-276.39360018132413,926.23389664428589,342.43421570234977,0.0080287553977806628,0.0080287553977806628,1500,0.49999996609786862,1
-276.5459331823692,926.71012518065538,342.03224274742865,0.020034440517182908,0.020034440517182908,1500.5,0.49999896205894512,1
-276.70223862687106,927.18506461116647,341.62005467113795,0.004862821465640722,0.004862821465640722,1501,0.49999885463380878,1
-276.85969509329436,927.65962472126751,341.76285581516458,0.014832671584270513,-0.014832671584270513,1501.5,0.49999983691759381,1
-277.0140464031229,928.13520230356971,342.24624613600662,0.011469539550157826,-0.011469539550157826,1502,0.49999836363152189,1
-277.16571378611121,928.61164421097362,342.36918661454797,0.0028863463975409998,0.0028863463975409998,1502.5,0.49999988619318464,1
-277.31794315921741,929.08790664592766,342.17067983828088,0.0047989686638876018,0.0047989686638876018,1503,0.4999996889845571,1
-277.47119537580704,929.56384125080285,342.18128860567708,0.0055396977153573451,-0.0055396977153573451,1503.5,0.49999999000734174,1
-277.62315624277488,930.0401891872358,342.45799729365626,0.0095498008729314118,-0.0095498008729314118,1504,0.4999994616332521,1
-277.77306704184963,930.51718667746752,342.6065349844198,0.00082020939567854843,-0.00082020939567854843,1504.5,0.49999985336657143,1
-277.92277970041192,930.9942464751897,342.50991299093579,0.0060534489841257578,0.0060534489841257578,1505,0.49999993073650945,1
-278.07371996041911,931.47091919905438,342.35510703759076,0.0047540384203961124,0.0047540384203961124,1505.5,0.49999984776758905,1
-278.22579287550286,931.94723185826501,342.23752661092374,0.003454628933024373,0.003454628933024373,1506,0.49999992082636918,1
-278.37859157688285,932.42331224429176,342.19238079649199,0.00032246947860819651,-0.00032246947860819651,1506.5,0.49999997710279248,1
-278.53131351543681,932.89941725638857,342.25600443318729,0.0041192710009258469,-0.0041192710009258469,1507,0.49999997305937943,1
-278.68335895784173,933.37573874859311,342.2941443848793,0.0035391613168305356,0.0035391613168305356,1507.5,0.4999999804920629,1
-278.83625028644497,933.85178900191602,342.04659107087099,0.01374343383372743,0.01374343383372743,1508,0.49999960205070998,1
-278.99210349405007,934.32687720252932,341.6778097464732,0.0054627956409780938,0.0054627956409780938,1508.5,0.49999902068182384,1
-279.14920397784164,934.80155534176458,341.78486866583586,0.012937354395585172,-0.012937354395585172,1509,0.49999989787538834,1
-279.30334316348393,935.27720125313863,342.33146573932942,0.018232870635184271,-0.018232870635184271,1509.5,0.49999792155299511,1
-279.45330941440005,935.75418047824951,342.71515603391316,0.0085542765688937719,-0.0085542765688937719,1510,0.49999905760032592,1
-279.60123202846273,936.23179833681195,342.82427284166073,0.00054205497587437278,0.00054205497587437278,1510.5,0.49999991856890003,1
-279.74926140009046,936.70938308898803,342.69610015708099,0.008406295374208908,0.008406295374208908,1511,0.49999989037558096,1
-279.89929373576058,937.18634169227857,342.34938789051375,0.01320225427055152,0.01320225427055152,1511.5,0.49999921099887218,1
-280.05199232057998,937.66245392919734,342.14411917459489,0.0011284897597018276,0.0011284897597018276,1512,0.49999971994956161,1
-280.20495958238263,938.13848006530873,342.28472427921633,0.01094472140980967,-0.01094472140980967,1512.5,0.49999986544451647,1
-280.35603932795652,938.61510842191797,342.50639090485896,0.0041533998630580117,-0.0041533998630580117,1513,0.49999967984659505,1
-280.5061290318535,939.09204979635444,342.52258741644118,0.0030226449424545008,0.0030226449424545008,1513.5,0.49999999386524041,1
-280.65661399555353,939.56886658977544,342.47378654793454,0.0015628134393257359,-0.0015628134393257359,1514,0.49999997878807589,1
-280.80672374551034,940.04580151976029,342.61766506989966,0.0084818328617839167,-0.0084818328617839167,1514.5,0.49999986447173195,1
-280.95491470003452,940.5233357051726,342.90478544388429,0.0098346144789012557,-0.0098346144789012557,1515,0.49999945723989192,1
-281.10076534286918,941.00158997173185,343.1700013880839,0.0086810318503034861,-0.0086810318503034861,1515.5,0.49999955349720765,1
-281.24459099598187,941.48045729339356,343.36797720801394,0.0031705559830511373,-0.0031705559830511373,1516,0.49999973024867722,1
-281.38768673588089,941.95954349865974,343.32838183539775,0.0059349063810102531,0.0059349063810102531,1516.5,0.4999999828536022,1
-281.53215290672574,942.4382177658506,343.06958324079818,0.0083581636962532079,0.0083581636962532079,1517,0.49999952858905261,1
-281.67850808301836,942.91631819081613,342.91966720584486,0.0021080294904136437,0.0021080294904136437,1517.5,0.49999985397984414,1
-281.82537376489267,943.3942621886489,342.94074876816114,0.0022400670559188595,-0.0022400670559188595,1518,0.49999999357677632,1
-281.97179366518031,943.87234292322887,343.00227087826516,0.0020549780835481036,-0.0020549780835481036,1518.5,0.49999997597677109,1
-282.11772186271844,944.35057397712649,343.05942309416071,0.0022876818550615035,-0.0022876818550615035,1519,0.4999999797487506,1
-282.26303867935144,944.82899111433733,343.1606948767697,0.0047824403906987535,-0.0047824403906987535,1519.5,0.49999993437336032,1
-282.40721110448288,945.30775423115017,343.3330930859795,0.0069025232335265209,-0.0069025232335265209,1520,0.49999981018859357,1
-282.54992137160662,945.78695527052946,343.48296503071504,0.0035605146895597395,-0.0035605146895597395,1520.5,0.49999985648469891,1
-282.69177834519053,946.26640973080748,343.53709635728762,0.00021857471658387893,-0.00021857471658387893,1521,0.49999998043487459,1
-282.83359605840877,946.7458758100878,343.49041253939515,0.0035052760760368828,0.0035052760760368828,1521.5,0.49999998496288878,1
-282.97625384969751,947.22509246515699,343.33622883614697,0.0072587268600273437,0.0072587268600273437,1522,0.49999984791106622,1
-283.12024100498911,947.70391146011218,343.24477684749957,0.0027706535302281189,-0.0027706535302281189,1522.5,0.49999993081886068,1
-283.26356291828279,948.18292962783653,343.49931876039318,0.01499997048473088,-0.01499997048473088,1523,0.49999957583997168,1
-283.40378210532583,948.66286465218366,343.8682078396364,0.0052503038071499471,-0.0052503038071499471,1523.5,0.49999904800918438,1
-283.5427595349135,949.14316163549699,343.77382452610954,0.011839600402408007,0.011839600402408007,1524,0.4999999181146812,1
-283.68421269532536,949.62273430582502,343.39355728316582,0.0067752392068495407,0.0067752392068495407,1524.5,0.49999894271493728,1
-283.82722670786848,950.10184488425114,343.44900459227057,0.010646425709819838,-0.010646425709819838,1525,0.49999995414348913,1
-283.96790399331633,950.58164551492803,343.86974087327866,0.011915654917241461,-0.011915654917241461,1525.5,0.49999874383734055,1
-284.1058043440222,951.06225268560115,344.06060807738538,0.0014096842219304608,-0.0014096842219304608,1526,0.49999975922717171,1
-284.24333982531573,951.54296458161105,343.96854282137684,0.0066662782235225411,0.0066662782235225411,1526.5,0.49999993558006406,1
-284.38245572037448,952.02322106239899,343.69424874254025,0.012483485940901019,0.012483485940901019,1527,0.49999951959658695,1
-284.52444722537035,952.50263477659462,343.34247066460983,0.005308305634342177,0.005308305634342177,1527.5,0.49999909684902605,1
-284.66755801473528,952.98171630842512,343.49541970108851,0.015984474363169163,-0.015984474363169163,1528,0.49999981217367728,1
-284.80705787129614,953.46185920621804,344.06543915740019,0.0047554502684473672,-0.0047554502684473672,1528.5,0.49999741227478312,1
-284.94604905782109,953.94214890346188,343.38106886974157,0.052556299062300464,0.052556299062300464,1529,0.49999674319959264,1
-285.09726260813051,954.418704909187,341.36478136783302,0.055270482377389282,0.055270482377389282,1529.5,0.49997116355831545,1
-285.26041579563849,954.89133506997541,340.9274469375992,0.024716656611109302,-0.024716656611109302,1530,0.49999823147776939,1
-285.41770464046351,955.36592733483315,342.7814420369096,0.10067916772508854,-0.10067916772508854,1530.5,0.49997759806733511,1
-285.55712247930927,955.84607830051038,344.42127250264679,0.013847589292697731,-0.013847589292697731,1531,0.49998228331532679,1
-285.69321266325932,956.32719603927671,343.57622472579828,0.072881736376441561,0.072881736376441561,1531.5,0.49999481669631646,1
-285.84280027461574,956.804274229572,341.83006853888963,0.036171401666491305,0.036171401666491305,1532,0.49998005272885349,1
-286.00099299388341,957.2785887296393,341.52436307044582,0.014817836817693174,-0.014817836817693174,1532.5,0.4999991814027181,1
-286.1564512486608,957.75380323040474,342.27089248490927,0.024826000105650187,-0.024826000105650187,1533,0.4999960907009004,1
-286.30606565534885,958.23089154245417,342.86848622226802,0.016892995948482536,-0.016892995948482536,1533.5,0.4999977281776305,1
-286.45165369745365,958.7092253874531,343.23066091699536,0.0074010674447982294,-0.0074010674447982294,1534,0.49999914527463912,1
-286.59551481786252,959.18808231426794,343.26774658981412,0.0048120403978014733,0.0048120403978014733,1534.5,0.49999997832385046,1
-286.74052140555489,959.66659299679532,342.96579327335365,0.013276010315196386,0.013276010315196386,1535,0.49999938376661457,1
-286.88832573005539,960.14424699991923,342.67640628805907,0.006927110396708549,0.006927110396708549,1535.5,0.49999946504106485,1
-287.03778370099036,960.62138664202291,342.568890781275,0.00057896820595734755,0.00057896820595734755,1536,0.49999992314282155,1
-287.18754638837396,961.09843080797577,342.58105112977091,0.0012712920803299912,-0.0012712920803299912,1536.5,0.49999999880201906,1
-287.33700581566893,961.57557004975024,342.64164937173052,0.0029592441102381994,-0.0029592441102381994,1537,0.49999997644845295,1
-287.48569930380302,962.05294845015544,342.77922565174345,0.0073049550206353052,-0.0073049550206353052,1537.5,0.49999989058689737,1
-287.63264590990457,962.5308670318251,343.06331345091075,0.012528106069890677,-0.012528106069890677,1538,0.49999947574962461,1
-287.77677858171569,963.00964154030032,343.38053330977351,0.0033046399269065236,-0.0033046399269065236,1538.5,0.49999925704855464,1
-287.92020559006158,963.48862839609137,343.18245206961694,0.017134056619252006,0.017134056619252006,1539,0.49999971474356786,1
-288.06765031451164,963.9663904753196,342.48503120748632,0.019443495609934473,0.019443495609934473,1539.5,0.49999655110473684,1
-288.21908766200471,964.44290553220048,342.41738385189774,0.014720556513480261,-0.014720556513480261,1540,0.4999998696499135,1
-288.36701675194291,964.92051589492337,343.31336347876919,0.039881626517457081,-0.039881626517457081,1540.5,0.49999467420186627,1
-288.50748972340057,965.4003756139482,343.8518436820861,0.0022830616133446648,0.0022830616133446648,1541,0.49999800564875457,1
-288.64851024705985,965.88007365896226,343.18248842399419,0.044452960752085421,0.044452960752085421,1541.5,0.49999700247446399,1
-288.7980763627769,966.35717252042457,342.19161405241937,0.013409894756513897,0.013409894756513897,1542,0.49999334653504923,1
-288.95082779460438,966.83326749639207,342.44354118588546,0.031000789689131118,-0.031000789689131118,1542.5,0.49999942606650971,1
-289.09707395272579,967.31139349896125,343.47363117506029,0.022375143597268353,-0.022375143597268353,1543,0.49999241304049868,1
-289.23810274652504,967.79109203321741,343.58309542779938,0.014731958034487083,0.014731958034487083,1543.5,0.49999980444794007,1
-289.38256674091622,968.26976204895573,342.73096052567269,0.030369249963310849,0.030369249963310849,1544,0.49999482961564046,1
-289.53350652388178,968.74643354426769,342.26132295460786,0.0024200520763807999,0.0024200520763807999,1544.5,0.49999853252248005,1
-289.68502386842812,969.22292250928228,342.58926064225011,0.022407659651393717,-0.022407659651393717,1545,0.49999923947847524,1
-289.83270014634593,969.7006157098283,342.96437320586119,0.0037799070514203995,-0.0037799070514203995,1545.5,0.49999907690670053,1
-289.9794735620452,970.17858785839326,342.80582922012013,0.014848804084660577,0.014848804084660577,1546,0.4999998103597984,1
-290.12924939210433,970.65562654256269,342.37039790653716,0.0099006187655509351,0.0099006187655509351,1546.5,0.49999870546232494,1
-290.28136833960997,971.13192449630469,342.26404930789454,0.0024758248343347789,-0.0024758248343347789,1547,0.49999991492903817,1
-290.43296144167027,971.60838985890894,342.4609622350323,0.0068913683975880798,-0.0068913683975880798,1547.5,0.49999971035377588,1
-290.58302912553455,972.0853380684606,342.58215198414086,0.0015692504837698912,-0.0015692504837698912,1548,0.49999990433491903,1
-290.73272199916846,972.56240413848855,342.5525963588064,0.0027355307431437769,0.0027355307431437769,1548.5,0.4999999915886858,1
-290.88283282479057,973.03933886447999,342.52124064801171,0.00054648988495323411,-0.00054648988495323411,1549,0.49999999282548169,1
-291.03281332102051,973.5163145712969,342.58390703947362,0.0038284156615172077,-0.0038284156615172077,1549.5,0.49999997414287567,1
-291.18211572300669,973.99350297086744,342.63264121089873,0.0024929162893994744,0.0024929162893994744,1550,0.49999997592353135,1
-291.33201759629122,974.47050314734122,342.43294806571873,0.011448516241309412,0.011448516241309412,1550.5,0.49999973997016212,1
-291.48456883160065,974.94666177585873,342.03913104702087,0.010785392043296229,0.010785392043296229,1551,0.49999891890494075,1
-291.6395484869571,975.42203655503249,341.90587606610381,0.00148220122260715,-0.00148220122260715,1551.5,0.49999987424888903,1
-291.79417592465876,975.89752581968992,342.12303731031079,0.01267653151524507,-0.01267653151524507,1552,0.49999968529454258,1
-291.94630995596293,976.37381841639285,342.42987829947896,0.0087449440776218128,-0.0087449440776218128,1552.5,0.49999940115452313,1
-292.09636006641006,976.85077200286901,342.62408767285865,0.0048135093720590612,-0.0048135093720590612,1553,0.4999997592976051,1
-292.2452949907597,977.32807521629593,342.68833115613938,0.00087935693459504749,0.00087935693459504749,1553.5,0.49999996923869927,1
-292.39444286703048,977.80531186477083,342.5701104729909,0.0073741143786790041,0.0073741143786790041,1554,0.49999990764362895,1
-292.54533668770023,978.28199886350581,342.28161512308827,0.010006976384259042,0.010006976384259042,1554.5,0.49999943987896062,1
-292.69841805436516,978.7579882242228,342.09569260162687,0.0029729618825025078,0.0029729618825025078,1555,0.49999977633572718,1
-292.85220687994081,979.23374970994178,342.11127135400972,0.0040605249602935021,-0.0040605249602935021,1555.5,0.4999999941654642,1
-293.00516295150692,979.7097794057139,342.27340360328003,0.0067234628266454703,-0.0067234628266454703,1556,0.49999983108581159,1
-293.15651819198109,980.18632035670657,342.49543072606605,0.0087769773899907949,-0.0087769773899907949,1556.5,0.4999996867918966,1
-293.30581702573579,980.66350944585042,342.74713012076103,0.0063005297684783686,-0.0063005297684783686,1557,0.49999956855826322,1
-293.45367895967365,981.14114614425398,342.81264201002784,0.0017268986370448749,0.0017268986370448749,1557.5,0.49999996716969436,1
-293.60195320501043,981.6186548572141,342.64831677726386,0.0094058611453296456,0.0094058611453296456,1558,0.49999982278298649,1
-293.75198947268711,982.09561279246054,342.45218957112519,0.0042863932223956942,0.0042863932223956942,1558.5,0.49999975361284155,1
-293.90304768287376,982.57224829190568,342.40272273040921,0.00083293052536589853,-0.00083293052536589853,1559,0.49999998219610886,1
-294.05395148690843,983.04893268056924,342.47233047830662,0.002613246951206996,-0.002613246951206996,1559.5,0.49999996446768175,1
-294.20424976859368,983.52580834513526,342.53759122937004,0.0019428095939154311,-0.0019428095939154311,1560,0.49999997293282505,1
-294.35408470562965,984.00282981019734,342.58375477294044,0.0013323768971967129,-0.0013323768971967129,1560.5,0.49999998648654381,1
-294.50358939487666,984.47995488811512,342.61906324262662,0.0011326195425678651,-0.0011326195425678651,1561,0.49999999208488904,1
-294.65282386024217,984.95716455774539,342.64864910779511,0.00093286376908669453,-0.00093286376908669453,1561.5,0.49999999444156057,1
-294.80184225897125,985.43444174563854,342.66892886476802,0.00035215464262823679,-0.00035215464262823679,1562,0.499999997242974,1
-294.9507775519233,985.91174487620981,342.66784688785208,0.00042769116663125064,0.00042769116663125064,1562.5,0.49999999993984867,1
-295.09981424389321,986.38901635142486,342.64570951451645,0.00072636074526960883,0.00072636074526960883,1563,0.49999999660728217,1
-295.24896903444466,986.86625093526959,342.65068256208247,0.0010735443281099507,-0.0010735443281099507,1563.5,0.49999999956190283,1
-295.39786763164517,987.34356549317215,342.70721889506694,0.0028734293105203068,-0.0028734293105203068,1564,0.49999997943399627,1
-295.54620053317819,987.82105615311536,342.75490426300343,0.0012145849867743431,0.0012145849867743431,1564.5,0.49999998001021173,1
-295.69483082523203,988.29845423726454,342.62815294673118,0.0076343700779247549,0.0076343700779247549,1565,0.49999989446529797,1
-295.84526840168155,988.77528539730906,342.33769907062367,0.0083214440113554312,0.0083214440113554312,1565.5,0.49999941959707633,1
-295.99729278251078,989.25161360648804,342.34096187011522,0.0085493009464327977,-0.0085493009464327977,1566,0.49999997522615858,1
-296.14729977765728,989.72857949845809,342.79634554546885,0.016261760948711658,-0.016261760948711658,1566.5,0.49999856069359833,1
-296.29410307999234,990.20654246287188,342.95235364188227,0.0053698956248176008,0.0053698956248176008,1567,0.49999980492765966,1
-296.44216887244602,990.68411465703616,342.51927759103273,0.017905987574233777,0.017905987574233777,1567.5,0.49999867953207833,1
-296.59381674551184,991.16056238781277,342.2508894210784,0.00083150024294055699,0.00083150024294055699,1568,0.49999951756734001,1
-296.74566273690277,991.63694716963835,342.47163498182869,0.016242963139836617,-0.016242963139836617,1568.5,0.49999966545638036,1
-296.89414299342872,992.11439051361401,342.93345275468153,0.0098428457781801117,-0.0098428457781801117,1569,0.49999853328252364,1
-297.04029498360626,992.59255318998407,343.00427570750321,0.0048982549749973662,0.0048982549749973662,1569.5,0.49999994930623426,1
-297.18725908801247,993.07046670091518,342.82811665459712,0.0029988925531404041,0.0029988925531404041,1570,0.49999977191436029,1
-297.33492302954295,993.54816467071282,342.85512255403626,0.0048842645091094275,-0.0048842645091094275,1570.5,0.49999998997710993,1
-297.48169101975145,994.02613856736502,342.9752460880477,0.0001538954336687107,-0.0001538954336687107,1571,0.49999988883072038,1
-297.6284350224708,994.50411982763069,342.84660989074291,0.0091344853479985253,0.0091344853479985253,1571.5,0.49999988749923557,1
-297.77710737644873,994.98150440433119,342.57631452971725,0.0065595589849061896,0.0065595589849061896,1572,0.49999950290860845,1
-297.92733242978898,995.45840311373968,342.48740458263342,0.0003524117569517791,-0.0003524117569517791,1572.5,0.49999994568655937,1
-298.07758353906468,995.93529364938831,342.54007271337912,0.0016604518233557164,-0.0016604518233557164,1573,0.49999997882982072,1
-298.22744697156321,996.41230617002077,342.57247334953439,0.00060153517851855545,-0.00060153517851855545,1573.5,0.49999999324037253,1
-298.37716569769009,996.88936413601562,342.57519488765513,0.00038953051433064087,0.00038953051433064087,1574,0.49999999987219401,1
-298.52697719787506,997.36639297204272,342.55030621658523,0.0013480249291911168,0.0013480249291911168,1574.5,0.49999999598904249,1
-298.67705662090572,997.84333758274431,342.52781958025184,0.00091801666846436764,-0.00091801666846436764,1575,0.49999999489451091,1
-298.82690833537436,998.32035374333952,342.61183259911536,0.0049472173221785116,-0.0049472173221785116,1575.5,0.49999995379818596,1
-298.97564637102363,998.79771819660539,342.7723271801969,0.0045715532816775666,-0.0045715532816775666,1576,0.49999982449059066,1
-299.1233088331536,999.27541658366113,342.85879112017267,0.0014647834177030428,-0.0014647834177030428,1576.5,0.49999995171793749,1
-299.27064335689988,999.75321626418361,342.84234168917692,0.0033529493542054432,0.0033529493542054432,1577,0.49999999659492755,1
-299.41878832893269,1000.2307650572653,342.65860797744824,0.009474118635190442,0.009474118635190442,1577.5,0.49999978251236554,1
-299.56907511717088,1000.7076437865127,342.38212622221954,0.0044490074412747872,0.0044490074412747872,1578,0.49999944112720213,1
-299.72032636330448,1001.1842180037188,342.47555533197072,0.010971813466319744,-0.010971813466319744,1578.5,0.49999992396258719,1
-299.86907490640351,1001.6615778884168,342.91730983503334,0.011590834022753719,-0.011590834022753719,1579,0.49999858859097018,1
-300.01528880290755,1002.1397216272539,342.9892682318029,0.006566996411218242,0.006566996411218242,1579.5,0.49999993852006902,1
-300.16301332233957,1002.6173997272838,342.59780368280161,0.014001310524284372,0.014001310524284372,1580,0.49999890088832483,1
-300.31378960752085,1003.0941240910347,342.3522685953788,0.0031404880136982963,0.0031404880136982963,1580.5,0.49999960716663011,1
-300.46532749487062,1003.5706072918935,342.4017417882485,0.0038784883101151105,-0.0038784883101151105,1581,0.49999997200303403,1
-300.6161252136734,1004.0473252463535,342.48059445703154,0.0016264328374880487,-0.0016264328374880487,1581.5,0.49999996010066006,1
-300.76653157336,1004.5241668604564,342.50100474408725,0.0013348376762096544,-0.0013348376762096544,1582,0.49999999797444244,1
-300.91644627251037,1005.0011631517926,342.63678791100239,0.0081447267921613657,-0.0081447267921613657,1582.5,0.49999987896988135,1
-301.06441825111767,1005.4787650764345,342.96401851677842,0.012808562318638006,-0.012808562318638006,1583,0.49999930487404476,1
-301.20982189584299,1005.9571556082277,343.16958513906866,0.0015428316513437647,-0.0015428316513437647,1583.5,0.49999972080875982,1
-301.35485649235682,1006.4356583435336,343.05255236923449,0.0093748810134944103,0.0093748810134944103,1584,0.49999990188118237,1
-301.50164968482136,1006.9136242286711,342.81077108614227,0.0075046091478503186,0.0075046091478503186,1584.5,0.49999962870902109,1
-301.6502353572302,1007.3910360769434,342.62256972945733,0.0056343486375489381,0.0056343486375489381,1585,0.499999774915867,1
-301.7999486835912,1007.8680957139616,342.57398179816255,0.0028518628198523628,-0.0028518628198523628,1585.5,0.49999997736202417,1
-301.94898128424603,1008.3453681613845,342.78686069886828,0.012009963355410621,-0.012009963355410621,1586,0.4999997051269332,1
-302.09560549839841,1008.8233857726325,343.05783600364907,0.0035687041403611982,-0.0035687041403611982,1586.5,0.49999949683878697,1
-302.24138255649825,1009.3016628861598,342.98013939365359,0.0089930458093736183,0.0089930458093736183,1587,0.49999994799221775,1
-302.3890703954757,1009.7793527819476,342.67072236519306,0.0081762715966450464,0.0081762715966450464,1587.5,0.49999933431921673,1
-302.53868111217065,1010.2564445187325,342.54311953222668,0.00073217773151341308,0.00073217773151341308,1588,0.49999989185831578,1
-302.68855577986449,1010.7334535056339,342.57244915705189,0.00017263273342612345,0.00017263273342612345,1588.5,0.49999998960104747,1
-302.83850940750006,1011.2104376518527,342.50147237465148,0.0047825070356034508,0.0047825070356034508,1589,0.4999999661851402,1
-302.98957136090456,1011.6870717554066,342.32532277056794,0.004987333348130377,0.004987333348130377,1589.5,0.49999978243698712,1
-303.14174396195159,1012.1633526317203,342.26446749228643,0.00073880496241998509,-0.00073880496241998509,1590,0.49999997365155791,1
-303.29375174846734,1012.6396860993349,342.35431732950519,0.0033778887836610934,-0.0033778887836610934,1590.5,0.49999993953117261,1
-303.4450933207392,1013.116231714538,342.38648857246392,0.0011319139555623185,0.0011319139555623185,1591,0.49999999486704078,1
-303.59670228346454,1013.592692268876,342.2941287088434,0.0037880051709242471,0.0037880051709242471,1591.5,0.49999993741873955,1
-303.74897890585316,1014.0689399187779,342.27213680455236,0.0022526785720135781,-0.0022526785720135781,1592,0.4999999937631644,1
-303.9007190322144,1014.5453586276525,342.42275413961005,0.0076856970500994801,-0.0076856970500994801,1592.5,0.49999985211381875,1
-304.05103109233875,1015.0222298509553,342.55910991051724,0.0018337457418867917,-0.0018337457418867917,1593,0.49999987903316895,1
-304.20090588961989,1015.499238798413,342.52782133035748,0.0040180946498562667,0.0040180946498562667,1593.5,0.4999999908147168,1
-304.35158075130306,1015.9759955157622,342.39173133418291,0.0050283814689143424,0.0050283814689143424,1594,0.49999988148080404,1
-304.50345361034908,1016.4523719313289,342.24038996660232,0.0055372455632672329,0.0055372455632672329,1594.5,0.49999985462300078,1
-304.65664476363168,1016.9283260213898,342.07447962497855,0.0060452952629162929,0.0060452952629162929,1595,0.49999982528971487,1
-304.811273844818,1017.4038148651749,341.89402140557058,0.0065530486058067734,0.0065530486058067734,1595.5,0.49999979331259103,1
-304.96734763956675,1017.8788315406249,341.76367801104101,0.00011358664451122136,-0.00011358664451122136,1596,0.49999987136280871,1
-305.12337142256962,1018.353864600281,341.92299014840751,0.011008758157973164,-0.011008758157973164,1596.5,0.49999982862871684,1
-305.27686427043119,1018.8297204615702,342.33160038302731,0.013080297910383055,-0.013080297910383055,1597,0.49999885506666225,1
-305.42733155941039,1019.3065423418468,342.60815197463739,0.0062268574298165501,-0.0062268574298165501,1597.5,0.49999951056301212,1
-305.57631701763637,1019.7838297706899,342.68496377401971,0.0013047676067111979,0.0013047676067111979,1598,0.4999999564944182,1
-305.7256347384324,1020.2610132181275,342.52175220473623,0.010089800272953947,0.010089800272953947,1598.5,0.49999982425212092,1
-305.87735234681912,1020.7374381203099,342.11617309758617,0.015697201762509688,0.015697201762509688,1599,0.49999892011295732,1
-306.03249531134361,1021.2127589226575,341.76302084793474,0.0089577048344398249,0.0089577048344398249,1599.5,0.49999920458517616,1
-306.18976590413121,1021.687380660419,341.60258897024983,0.0025283797024956462,0.0025283797024956462,1600,0.49999983331146269,1
-306.3477661295816,1022.1617601712564,341.56737587240843,7.0088755187500083e-05,-7.0088755187500083e-05,1600.5,0.49999999154478175,1
-306.50574972916752,1022.6361452172995,341.60660516181753,0.0026685990889515074,-0.0026685990889515074,1601,0.49999998964738035,1
-306.66298853282012,1023.1107774937134,341.7644137017254,0.0086311835183456483,-0.0086311835183456483,1601.5,0.49999983918791646,1
-306.81817728274541,1023.5860834239571,342.10151359349811,0.014902846471153995,-0.014902846471153995,1602,0.49999927542771061,1
-306.97029222331844,1024.0623820816088,342.40150273546169,0.0019167043137966176,-0.0019167043137966176,1602.5,0.49999936642592907,1
-307.12196028893737,1024.5388235774988,342.19523450696994,0.016317545253075133,0.016317545253075133,1603,0.49999970113436104,1
-307.27711745919794,1025.0141386340802,341.68125597810479,0.011886838309948831,0.011886838309948831,1603.5,0.4999981504928192,1
-307.43504481018419,1025.4885423140895,341.57048221549064,0.0041529925037617965,-0.0041529925037617965,1604,0.49999989979593545,1
-307.5921469925155,1025.9632195289573,341.81363469097045,0.0067944824784847858,-0.0067944824784847858,1604.5,0.49999955400773322,1
-307.74772364071862,1026.4383993521094,341.88916035256187,0.0015217798877724998,0.0015217798877724998,1605,0.499999957796954,1
-307.90359548385447,1026.9134823640868,341.78355692328591,0.00034449953124490002,0.00034449953124490002,1605.5,0.49999989975208059,1
-308.05937448385714,1027.388595660718,341.97835038941031,0.013944040010915648,-0.013944040010915648,1606,0.49999974147753745,1
-308.21190088843451,1027.8647612414602,342.51376204856058,0.014004831956933474,-0.014004831956933474,1606.5,0.49999796437270383,1
-308.36157806026966,1028.3418321760857,342.51538395008663,0.013891644404960605,0.013891644404960605,1607,0.49999993243305524,1
-308.51451840346914,1028.8178631211306,341.78126065476982,0.024789496420172454,0.024789496420172454,1607.5,0.49999620920388693,1
-308.67230658140767,1029.2923128807138,341.60567648611249,0.012530326877626556,-0.012530326877626556,1608,0.49999968346561141,1
-308.82713948435037,1029.767730348221,342.45903999327328,0.035701860835578067,-0.035701860835578067,1608.5,0.49999499621959853,1
-308.97492119185824,1030.245389887036,342.99637086767717,0.0018145007850296276,-0.0018145007850296276,1609,0.49999806809120045,1
-309.12226186123252,1030.7231863629236,342.58156535221644,0.023411574807562906,0.023411574807562906,1609.5,0.49999874522064097,1
-309.27376711637521,1031.1996792138007,342.25660440548478,0.00072510966877890729,-0.00072510966877890729,1610,0.49999927927231375,1
-309.42510425353993,1031.6762253146576,342.6110496576336,0.01888301469177062,-0.01888301469177062,1610.5,0.49999911532636515,1
-309.57300667294987,1032.1538489652787,342.88995354389192,0.00058866347303066879,-0.00058866347303066879,1611,0.49999947729969374,1
-309.7207685425484,1032.6315162337432,342.6447756737906,0.017705967245148165,0.017705967245148165,1611.5,0.49999958946944772,1
-309.87223989960472,1033.1080187190175,342.13323574994843,0.010941059132485368,0.010941059132485368,1612,0.49999819047778987,1
-310.0262853021743,1033.5836971332035,342.05760444892803,0.005660710920823449,-0.005660710920823449,1612.5,0.49999993977528018,1
-310.17901512315768,1034.0597986654302,342.42071739705574,0.013965673174336403,-0.013965673174336403,1613,0.4999990672053774,1
-310.32876598273816,1034.5368461047285,342.67544357948918,0.0038176675404263619,-0.0038176675404263619,1613.5,0.49999957928598365,1
-310.47760607059553,1035.0141789142976,342.6394602736504,0.0063298001126024664,0.0063298001126024664,1614,0.49999998284455122,1
-310.62757130483971,1035.4911592412539,342.46511606114569,0.0047932042330793663,0.0047932042330793663,1614.5,0.4999998037851246,1
-310.77867890916718,1035.9677790366184,342.36631151931641,0.0021046545334625737,0.0021046545334625737,1615,0.49999993741889637,1
-310.93028553882635,1036.4442403954315,342.34621075628485,0.0008057803169216806,-0.0008057803169216806,1615.5,0.49999999659867622,1
-311.08169845137007,1036.9207633225583,342.41380922210965,0.0039134966432641596,-0.0039134966432641596,1616,0.49999997016244552,1
-311.23217912992612,1037.3975813272632,342.5691473475012,0.0064122596785096842,-0.0064122596785096842,1616.5,0.49999984422943666,1
-311.38123154326956,1037.8748477059014,342.73840654366461,0.0054042622911917937,-0.0054042622911917937,1617,0.49999981810189764,1
-311.52899379345541,1038.3525151553529,342.87878923598282,0.0043963116968682627,-0.0043963116968682627,1617.5,0.49999987484544595,1
-311.67582317356204,1038.8304702851633,342.93723766081473,0.0012651531502998721,0.0012651531502998721,1618,0.49999997297459509,1
-311.82295682234434,1039.3083317406542,342.80281392510528,0.0081194693375082391,0.0081194693375082391,1618.5,0.49999988124789729,1
-311.97197493969367,1039.7856084200876,342.5184184766926,0.0072720084467087168,0.0072720084467087168,1619,0.49999942802890385,1
-312.12258603922612,1040.2623853835771,342.47424550827895,0.0041880868077695714,-0.0041880868077695714,1619.5,0.49999997621669562,1
-312.27219894900617,1040.7394759991637,342.75558608702136,0.013454227420460499,-0.013454227420460499,1620,0.49999947825335805,1
-312.41934200127321,1041.2173344117757,342.95188204837461,0.00025000366863948227,-0.00025000366863948227,1620.5,0.4999997403344752,1
-312.56642533400549,1041.695211245225,342.76990791819475,0.012954480881839033,0.012954480881839033,1621,0.49999977471508733,1
-312.71625663883185,1042.1722327915975,342.38340064720444,0.0091571755031616998,0.0091571755031616998,1621.5,0.49999897560853074,1
-312.86824850611129,1042.6485713114441,342.2732542720463,0.0014673159244675195,-0.0014673159244675195,1622,0.49999991320877857,1
-313.01992543071401,1043.1250100943589,342.43648646577378,0.0067225000093957136,-0.0067225000093957136,1622.5,0.49999980332222238,1
-313.1701128525076,1043.6019205549667,342.59036236412993,0.0040200424059484777,-0.0040200424059484777,1623,0.4999998491020971,1
-313.31934141494378,1044.0791320368367,342.66676815042456,0.0012676381189516367,-0.0012676381189516367,1623.5,0.49999996227530158,1
-313.46829054307187,1044.5564308480552,342.65407237734144,0.0021539738296852498,0.0021539738296852498,1624,0.49999999796079742,1
-313.61775360673158,1045.0335688928499,342.54335440010306,0.0055755904252154705,0.0055755904252154705,1624.5,0.49999992118898107,1
-313.76830801415986,1045.5103637077098,342.4440005713351,0.00072808504079232227,-0.00072808504079232227,1625,0.49999992507334623,1
-313.91868393820999,1045.9872147673905,342.59325479859018,0.0096918768676934122,-0.0096918768676934122,1625.5,0.49999985165252869,1
-314.06684287544687,1046.4647586265444,342.92334110746543,0.0069663411799590694,-0.0069663411799590694,1626,0.49999920809814297,1
-314.21350511545489,1046.9427650617897,342.8822489674418,0.009835332003063758,0.009835332003063758,1626.5,0.49999996478012226,1
-314.36251077204383,1047.4200444164608,342.37195988181139,0.02093941359168407,0.02093941359168407,1627,0.49999826808771997,1
-314.51557118981117,1047.8960401353675,342.07911776077952,0.000494288375983197,-0.000494288375983197,1627.5,0.49999941590426494,1
-314.66851392592196,1048.3720735638326,342.40028186156599,0.021928040045216698,-0.021928040045216698,1628,0.49999930554485073,1
-314.81728970176118,1048.8494247512974,342.88985867709863,0.00708130685874036,-0.00708130685874036,1628.5,0.49999838764803711,1
-314.96437966426703,1049.3272996789428,342.79373437803633,0.013792223288682079,0.013792223288682079,1629,0.49999990354207358,1
-315.1144705977888,1049.8042387064327,342.28917513072355,0.010705287291693236,0.010705287291693236,1629.5,0.49999812426486595,1
-315.26695841222693,1050.2804187363631,342.30489316788459,0.011802802138477212,-0.011802802138477212,1630,0.49999995445667733,1
-315.41666066418651,1050.7574790938722,342.92361500288246,0.022227679357646184,-0.022227679357646184,1630.5,0.49999734894146869,1
-315.56192168962622,1051.2359127819764,343.16670826722088,0.0052553211480608234,0.0052553211480608234,1631,0.49999955942452406,1
-315.70843905602237,1051.713961645569,342.62245533502136,0.032742173659459951,0.032742173659459951,1631.5,0.49999805463412911,1
-315.86098168988042,1052.1901213961014,341.99282967979639,0.0067252470556917942,0.0067252470556917942,1632,0.49999736316443738,1
-316.01512406400735,1052.6657679545183,342.24295259838834,0.024188859929445118,-0.024188859929445118,1632.5,0.49999952003508324,1
-316.16408463590432,1053.1430584059403,343.04215159223895,0.017438140654793363,-0.017438140654793363,1633,0.49999542697762234,1
-316.30900721490076,1053.6215950633618,343.1198524526493,0.012013036943066772,0.012013036943066772,1633.5,0.49999988639910981,1
-316.45674433051494,1054.0992668200302,342.42182444197783,0.025540476574192651,0.025540476574192651,1634,0.49999656243677348,1
-316.60983809324313,1054.5752513697844,342.03320268753282,0.0015918674132587925,0.0015918674132587925,1634.5,0.49999899178999602,1
-316.76331083239307,1055.0511142778851,342.3305543449772,0.022027883310441913,-0.022027883310441913,1635,0.49999938896785084,1
-316.91299990544286,1055.5281802909149,342.76246066632518,0.0081245554441822312,-0.0081245554441822312,1635.5,0.4999987993772102,1
-317.06075009148037,1056.0058515780779,342.79606875704837,0.0057781780507275369,0.0057781780507275369,1636,0.49999997605412211,1
-317.20960888792808,1056.4831782059596,342.58043234704473,0.0037751159551556489,0.0037751159551556489,1636.5,0.49999965096462229,1
-317.35932851057606,1056.960235869682,342.6214295685927,0.0066372422381846437,-0.0066372422381846437,1637,0.49999997992218653,1
-317.50752380463337,1057.4377686593241,342.90251506308863,0.0060677145196024618,-0.0060677145196024618,1637.5,0.49999941036370571,1
-317.65456538161123,1057.9156584752461,342.80034183079169,0.013201180226895403,0.013201180226895403,1638,0.49999990152211715,1
-317.80475734794038,1058.3925647814083,342.14637082027872,0.031493278094424988,0.031493278094424988,1638.5,0.49999725159950104,1
-317.96040543256544,1058.8677200724499,341.74612899724667,0.003547888204415262,-0.003547888204415262,1639,0.49999887685099015,1
-318.11520971146746,1059.3431495796283,342.34976776180628,0.038599661594204207,-0.038599661594204207,1639.5,0.49999758105645054,1
-318.26198404635716,1059.8211138380905,343.39331464797897,0.021025075710556933,-0.021025075710556933,1640,0.49999253769392876,1
-318.4037717688409,1060.3005886272374,343.49107208076094,0.014198161750655998,0.014198161750655998,1640.5,0.49999983167459505,1
-318.54883025909447,1060.7790795423987,342.70156705006821,0.026975334369253676,0.026975334369253676,1641,0.49999552146646259,1
-318.6997663029756,1061.2557524851309,342.27287979814514,0.0029539191090380943,0.0029539191090380943,1641.5,0.49999878367397627,1
-318.85140854587769,1061.7322020200606,342.5259243155632,0.017226030926321849,-0.017226030926321849,1642,0.49999952916694773,1
-318.99985394220812,1062.2096568587301,342.88845717343554,0.0080832742101020639,-0.0080832742101020639,1642.5,0.49999915865988342,1
-319.1463686497712,1062.68770849713,342.98906441289381,0.0010594804714375574,0.0010594804714375574,1643,0.49999992850906977,1
-319.292934611568,1063.16574446142,342.91729382315486,0.002495679556852782,0.002495679556852782,1643.5,0.4999999643121168,1
-319.44009442435492,1063.64359795522,342.85092652269668,0.0021376239114171535,0.0021376239114171535,1644,0.49999997203635999,1
-319.58776187354516,1064.1212948314276,342.79677928987201,0.0015319865417573525,0.0015319865417573525,1644.5,0.49999998108882515,1
-319.73579360893041,1064.5988789586982,342.76442871600119,0.00072651185938233092,0.00072651185938233092,1645,0.49999999330196387,1
-319.88400252408383,1065.0764081375014,342.75095000024015,0.00084650519829318884,0.00084650519829318884,1645.5,0.49999999913946119,1
-320.03245052559981,1065.5538630270917,342.6964286181211,0.0029597912180125627,0.0029597912180125627,1646,0.4999999807477401,1
-320.18160301947967,1066.0310982428007,342.58590995149029,0.0029747334432211293,0.0029747334432211293,1646.5,0.49999991754340334,1
-320.33112753675516,1066.5082170566986,342.66929983669399,0.0087965840725762728,-0.0087965840725762728,1647,0.49999994384186242,1
-320.47855175993368,1066.9859878841526,343.08992860923206,0.020568619960457283,-0.020568619960457283,1647.5,0.49999886514450853,1
-320.62215164547609,1067.4649224613204,343.41740449406996,0.00052247925278990225,0.00052247925278990225,1648,0.49999925633415998,1
-320.76587752918067,1067.9438191011789,343.05619978048264,0.024695643639378696,0.024695643639378696,1648.5,0.49999912131362828,1
-320.9151871313934,1068.4210000810133,342.23226612538917,0.016609254858757097,0.016609254858757097,1649,0.49999504480411416,1
-321.06812937171725,1068.8970341710474,342.33920726822333,0.024077774559944025,-0.024077774559944025,1649.5,0.49999978374981713,1
-321.21541859468402,1069.374837918609,343.50232642607773,0.039441455321240416,-0.039441455321240416,1650,0.49999053629656698,1
-321.35439802504669,1069.8551325041913,344.01500549319564,0.0036421757954164368,0.0036421757954164368,1650.5,0.4999981710001774,1
-321.49425158130128,1070.3351715848837,343.29365714326445,0.046130695046727073,0.046130695046727073,1651,0.49999653617711082,1
-321.64247498584086,1070.812690163039,342.33991640372403,0.020451791873177361,0.020451791873177361,1651.5,0.49999417010271874,1
-321.79557572402854,1071.2886731506894,342.12166950726959,0.0052129967458577463,-0.0052129967458577463,1652,0.49999964056614749,1
-321.94807019425758,1071.7648505999982,342.39274358067024,0.012460952990061414,-0.012460952990061414,1652.5,0.49999952668045411,1
-322.09759490060338,1072.2419681134375,342.83433598003705,0.018367844103092883,-0.018367844103092883,1653,0.4999987594366882,1
-322.24309634308997,1072.7203278350437,343.27849392239585,0.0094823553491574161,-0.0094823553491574161,1653.5,0.49999869301916894,1
-322.38633576932136,1073.1993710527397,343.36538326467621,0.0034159659084260032,0.0034159659084260032,1654,0.49999993764764689,1
-322.53031010479179,1073.6781935911661,343.13635199896777,0.0095875352894456891,0.0095875352894456891,1654.5,0.49999963257907754,1
-322.6765359359913,1074.1563332011049,342.85020097561721,0.010389548371461443,0.010389548371461443,1655,0.49999948030215008,1
-322.82520166183195,1074.6337198196873,342.5773410508375,0.0051122140481357032,0.0051122140481357032,1655.5,0.49999948164098579,1
-322.97497200105965,1075.1107615499004,342.62849005564647,0.008683226784406051,-0.008683226784406051,1656,0.49999996687714382,1
-323.12270964878496,1075.5884355496953,343.02950321460031,0.01254814401308073,-0.01254814401308073,1656.5,0.4999988626341601,1
-323.26784021301864,1076.0669091801567,343.14047611764204,0.0048005134160784687,0.0048005134160784687,1657,0.49999989572168296,1
-323.41411672214139,1076.5450328235743,342.76060451342323,0.018202915185911703,0.018202915185911703,1657.5,0.49999903551510222,1
-323.56372027060138,1077.0221264698123,342.50952128872495,0.00067354383889575372,-0.00067354383889575372,1658,0.49999956899232251,1
-323.71316307714659,1077.4992703517723,342.79920590729967,0.019550972369862404,-0.019550972369862404,1658.5,0.49999943651969397,1
-323.85870313708261,1077.9776179759469,343.29477181397618,0.010077250688337348,-0.010077250688337348,1659,0.49999835859697461,1
-324.00183892386821,1078.4566921846517,343.36149334531586,0.0054189203793343112,0.0054189203793343112,1659.5,0.49999995090484634,1
-324.14614067198522,1078.9354159072066,343.07409257142092,0.0089813070916572035,0.0089813070916572035,1660,0.49999939704601931,1
-324.29249410312457,1079.4135168571916,342.92020152686763,0.0017623211398903548,0.0017623211398903548,1660.5,0.49999984518278667,1
-324.43927249147509,1079.8914876562415,342.96647761229372,0.0031357305159145006,-0.0031357305159145006,1661,0.49999998003117657,1
-324.58553858131512,1080.3696154892759,342.99328335111477,0.0012643431112314509,0.0012643431112314509,1661.5,0.49999999375933574,1
-324.73210688486313,1080.8476507057651,342.89403559287808,0.0056644588130063218,0.0056644588130063218,1662,0.49999993580877605,1
-324.87972908232427,1081.3253615121782,342.79235004955353,0.00016338738579975962,0.00016338738579975962,1662.5,0.49999992774714741,1
-325.02738935225875,1081.8030605630431,342.88735581212632,0.0067960532676655605,-0.0067960532676655605,1663,0.49999993851433078,1
-325.17351373208544,1082.2812313254633,343.11801546425482,0.0048237835564439073,-0.0048237835564439073,1663.5,0.49999961241307744,1
-325.31857492811446,1082.7597260868388,343.09902115083781,0.0061499106030616082,0.0061499106030616082,1664,0.49999998725715317,1
-325.46510567649062,1083.2377721380124,342.76891438953174,0.014886367231316673,0.014886367231316673,1664.5,0.4999992872618223,1
-325.61455987590642,1083.7149125473468,342.49919850585604,0.0039435297665243157,0.0039435297665243157,1665,0.49999952794261698,1
-325.76495474971443,1084.1917577626814,342.54295725168538,0.0069984990185024834,-0.0069984990185024834,1665.5,0.499999977455234,1
-325.91407410884432,1084.6690031546191,342.74006174918753,0.0053276202769476722,-0.0053276202769476722,1666,0.49999974739299879,1
-326.06192253904953,1085.1466439925939,342.84556974841155,0.0020382329639557803,-0.0020382329639557803,1666.5,0.49999992841544078,1
-326.20928883276849,1085.624433877103,342.85320163379561,0.0017998724848574965,0.0017998724848574965,1667,0.49999999826367536,1
-326.35709230542261,1086.1020886131491,342.73756033812435,0.0062734674846902294,0.0062734674846902294,1667.5,0.49999991339591077,1
-326.50639320518093,1086.5792771109786,342.49407106361934,0.010230072848223895,0.010230072848223895,1668,0.49999962112927582,1
-326.65770909667526,1087.0558306583184,342.31114015806133,0.0025409722146229985,0.0025409722146229985,1668.5,0.49999978250081578,1
-326.80963038893481,1087.5321917681686,342.34848120289092,0.0051478872310740378,-0.0051478872310740378,1669,0.49999998601945872,1
-326.9604415845472,1088.0089052361532,342.53765169039224,0.0050584941585143312,-0.0050584941585143312,1669.5,0.49999974727988833,1
-327.11007552591826,1088.4859897642971,342.61132786517885,8.509205260043695e-05,-8.509205260043695e-05,1670,0.4999999634045304,1
-327.25966407704141,1088.9630885445408,342.56521847078125,0.00091272395066540452,0.00091272395066540452,1670.5,0.4999999807371957,1
-327.40938401265601,1089.4401461150214,342.61074456639733,0.0040910744666444914,-0.0040910744666444914,1671,0.49999998467330198,1
-327.55813041565472,1089.9175079103113,342.79434443527219,0.0070843651354352511,-0.0070843651354352511,1671.5,0.49999977600738232,1
-327.70542311700149,1090.3953203939266,342.91179165047311,0.001115021457483165,-0.001115021457483165,1672,0.49999990936859717,1
-327.85244942514953,1090.8732149883874,342.85823284334788,0.0048540884096089669,0.0048540884096089669,1672.5,0.49999997870254248,1
-328.00063561923429,1091.3507508804414,342.63347782076306,0.01083694135750861,0.01083694135750861,1673,0.49999967631702358,1
-328.15140694092463,1091.8274761781433,342.23732011713594,0.016819870231004754,0.016819870231004754,1673.5,0.49999900091225075,1
-328.30563469295504,1092.3030948140733,341.92335122148779,0.00011927423163528716,0.00011927423163528716,1674,0.49999928633976198,1
-328.45987857143479,1092.7787082076791,342.25057864116712,0.022965735281120277,-0.022965735281120277,1674.5,0.4999992742251041,1
-328.6088483185107,1093.255995460743,343.07721691924587,0.020437102054760084,-0.020437102054760084,1675,0.49999510745718573,1
-328.75333747258242,1093.7346631245864,343.16242713486963,0.014487658996280538,0.014487658996280538,1675.5,0.49999984805368713,1
-328.9012560829085,1094.2122769128657,342.29792071919405,0.034185419678721733,0.034185419678721733,1676,0.49999484600875427,1
-329.05615293015637,1094.6876767485842,341.75319475924846,0.0038467540379978826,0.0038467540379978826,1676.5,0.49999803708461804,1
-329.21197005546333,1095.1627770511109,342.06375786804608,0.020067491181505834,-0.020067491181505834,1677,0.49999927399935584,1
-329.36406818319159,1095.639080705876,342.45547965151081,0.0072793925954716746,-0.0072793925954716746,1677.5,0.49999901200011732,1
-329.51443020772058,1096.1159362853475,342.48535063865359,0.0032975406503136127,0.0032975406503136127,1678,0.49999998209353258,1
-329.66518944048096,1096.5926664329963,342.43004486384814,0.00056351645913740476,0.00056351645913740476,1678.5,0.49999997993976608,1
-329.81608299381048,1097.0693540996629,342.45306397892915,0.0021705570716723959,-0.0021705570716723959,1679,0.49999999598838241,1
-329.96653123619893,1097.5461824712195,342.52027263067896,0.0017756200618382876,-0.0017756200618382876,1679.5,0.49999996955911208,1
-330.11655830514496,1098.0231435516532,342.55145579254008,0.00040137816457440378,-0.00040137816457440378,1680,0.49999999366505665,1
-330.26647084972257,1098.5001406468043,342.55902435630583,0.0015845665048501618,-0.0015845665048501618,1680.5,0.49999999980431109,1
-330.41596163397912,1098.9772700061737,342.66991347955923,0.0061569764032501119,-0.0061569764032501119,1681,0.4999999201499149,1
-330.56400577200122,1099.4548499497073,342.88692696228884,0.0055080559228363243,-0.0055080559228363243,1681.5,0.49999966926811173,1
-330.71092021744107,1099.9327789558861,342.8852704182093,0.0056237310584719329,0.0056237310584719329,1682,0.4999999892259373,1
-330.85914861063014,1100.4103014745915,342.59657833754574,0.010004835320908933,0.010004835320908933,1682.5,0.49999941241784424,1
-331.00951881790149,1100.8871543294997,342.44389573766364,0.00065453111213653755,0.00065453111213653755,1683,0.49999984446890766,1
-331.16004524549027,1101.3639579617204,342.55828479114354,0.0078728702574864372,-0.0078728702574864372,1683.5,0.49999990910149,1
-331.30909026441992,1101.8412266146022,342.74186924871623,0.0049437216792574028,-0.0049437216792574028,1684,0.49999978469127992,1
-331.45695513159291,1102.3188623725466,342.8415394534681,0.0020145849617549984,-0.0020145849617549984,1684.5,0.49999993621122707,1
-331.60432728218615,1102.796650449015,342.86229765395592,0.00049397134077275306,0.00049397134077275306,1685,0.49999999678586426,1
-331.75181733310632,1103.2744021305662,342.81344604657505,0.002916515686234163,0.002916515686234163,1685.5,0.49999998434536247,1
-331.89996171367693,1103.7519512733857,342.7240849685997,0.0015013063234502143,0.0015013063234502143,1686,0.49999994130228487,1
-332.04843351709405,1104.2293987751448,342.7509703636058,0.0033782647241410702,-0.0033782647241410702,1686.5,0.49999999334595385,1
-332.19609920634014,1104.7070960295359,342.91547310163452,0.0067815998324394552,-0.0067815998324394552,1687,0.49999982263334147,1
-332.34255791836551,1105.1851648700317,342.9738149591746,0.0027085448802181972,0.0027085448802181972,1687.5,0.49999997058111134,1
-332.48966383852246,1105.6630346756529,342.76054186549288,0.011620860129908244,0.011620860129908244,1688,0.49999970286951928,1
-332.63888059014278,1106.1402496014136,342.55472313134652,0.0027480480977502995,0.0027480480977502995,1688.5,0.49999972433291989,1
-332.78875299004051,1106.6172592890214,342.60308665641782,0.006124468118356651,-0.006124468118356651,1689,0.49999997832273219,1
-332.93733788779633,1107.094671299893,342.8061418460868,0.0039661689958147813,-0.0039661689958147813,1689.5,0.49999969996548682,1
-333.08501125544507,1107.5723663588308,342.79591336826689,0.0046802814749089981,0.0046802814749089981,1690,0.49999999284630442,1
-333.23375646836018,1108.0497284013809,342.57965157002479,0.0059319096631671037,0.0059319096631671037,1690.5,0.4999996580326615,1
-333.38375021676654,1108.5266999546968,342.55510689719733,0.00421830338390444,-0.00421830338390444,1691,0.49999998723360517,1
-333.53276447440118,1109.0039780197671,342.78846023019048,0.0065936141780066973,-0.0065936141780066973,1691.5,0.49999960037551211,1
-333.68057148235619,1109.4816317164762,342.74554811609676,0.0095897118070057807,0.0095897118070057807,1692,0.49999996558039617,1
-333.83066357491003,1109.9585706302828,342.24757014847199,0.021135663913479073,0.021135663913479073,1692.5,0.49999836374756784,1
-333.9848488033594,1110.4342030710161,341.92436087889757,0.0014293684339352539,0.0014293684339352539,1693,0.49999930334941994,1
-334.13937404463678,1110.9097254643964,342.16565773602917,0.018275511849256354,-0.018275511849256354,1693.5,0.49999959679778849,1
-334.29082735036167,1111.3862348255773,342.49883695145013,0.0041842207113660518,-0.0041842207113660518,1694,0.49999927510748809,1
-334.44128361613872,1111.8630606187696,342.40512222069202,0.01072691345230564,0.01072691345230564,1694.5,0.49999992496508033,1
-334.59381944025614,1112.339224664064,342.10322648527477,0.0061362587322398776,0.0061362587322398776,1695,0.49999937566987468,1
-334.7478057319525,1112.814922263821,342.07016586999248,0.0038280914838039063,-0.0038280914838039063,1695.5,0.4999999844450046,1
-334.90103742233941,1113.2908632899021,342.22228517576127,0.001351246351905578,-0.001351246351905578,1696,0.49999981124587489,1
-335.05402089923081,1113.7668842210294,342.08701576543859,0.010795084174789407,0.010795084174789407,1696.5,0.49999987107308624,1
-335.20952391989954,1114.2420868019474,341.65377986699093,0.01271444050963654,0.01271444050963654,1697,0.49999868234648659,1
-335.3677069291511,1114.7164052946007,341.54465000691584,0.0050954454082044985,-0.0050954454082044985,1697.5,0.49999989688877655,1
-335.52468273920556,1115.1911236901694,341.93913250842559,0.018853291749678987,-0.018853291749678987,1698,0.4999989600325348,1
-335.67815919194226,1115.666985470591,342.22454122571889,0.0010723681493729842,-0.0010723681493729842,1698.5,0.49999945561036802,1
-335.8313805163454,1116.1429296689998,342.00058255495321,0.01670786612522528,0.01670786612522528,1699,0.49999965425072762,1
-335.98757630053484,1116.6179056084698,341.6712143919321,0.0028927690697280891,0.0028927690697280891,1699.5,0.49999926607334144,1
-336.14445735416791,1117.092656201731,341.84068774170697,0.014724722653606021,-0.014724722653606021,1700,0.49999979079084572,1
-336.29827542911266,1117.5684067502284,342.29356161010617,0.010675846343022358,-0.010675846343022358,1700.5,0.49999858457332519,1
-336.44958065692202,1118.0449637960057,342.4165647201873,0.0020882879634298011,0.0020882879634298011,1701,0.49999988984244292,1
-336.60136125300403,1118.521369410719,342.20192318874257,0.007973787505976191,0.007973787505976191,1701.5,0.49999965907720972,1
-336.75468836736087,1118.9972798624801,342.13722388227649,0.0034569936229088458,-0.0034569936229088458,1702,0.4999999620924846,1
-336.90719249463257,1119.4734542439769,342.40000466656062,0.014888676170246992,-0.014888676170246992,1702.5,0.499999550428537,1
-337.05675986238151,1119.9505587808137,342.76852551766046,0.010755733525341865,-0.010755733525341865,1703,0.49999913656486439,1
-337.20375940214382,1120.428461223036,343.01626174496477,0.0065396911345956803,-0.0065396911345956803,1703.5,0.49999960897224421,1
-337.34923254664864,1120.9068308327583,343.12570920106077,0.00071160798731732279,-0.00071160798731732279,1704,0.49999991927790449,1
-337.49453668729467,1121.3852518520694,343.05525475532693,0.005630393941132867,0.005630393941132867,1704.5,0.49999996500755223,1
-337.64118701491179,1121.8632615532424,342.80310018092797,0.011973479220056753,0.011973479220056753,1705,0.49999959300559305,1
-337.79069617246961,1122.3403839837331,342.36922963956044,0.018315878617264844,0.018315878617264844,1705.5,0.49999880186954693,1
