0.778,-0.297,253.125
0.578,-0.361,252.609
0.377,-0.414,252.026
0.185,-0.479,251.554
-0.006,-0.543,251.224
-0.207,-0.607,250.972
-0.408,-0.672,250.796
-0.609,-0.736,250.587
-0.81,-0.8,250.51
-1.001,-0.865,250.334
-1.192,-0.929,250.192
-1.384,-0.994,250.104
-1.575,-1.069,249.983
-1.767,-1.133,249.884
-1.968,-1.209,249.829
-2.159,-1.273,249.598
-2.36,-1.337,249.631
-2.561,-1.413,249.401
-2.762,-1.477,249.28
-2.973,-1.552,249.159
-3.174,-1.628,249.093
-3.365,-1.703,249.082
-3.566,-1.779,249.049
-3.767,-1.854,249.06
-3.978,-1.94,249.06
-4.179,-2.016,249.082
-4.37,-2.08,249.06
-4.581,-2.156,249.06
-4.792,-2.242,249.071
-4.992,-2.306,249.06
-5.184,-2.382,249.071
-5.375,-2.446,249.071
-5.576,-2.521,249.093
-5.768,-2.597,249.115
-5.969,-2.661,249.159
-6.16,-2.737,249.192
-6.361,-2.812,249.214
-6.562,-2.887,249.247
-6.754,-2.952,249.291
-6.955,-3.027,249.324
-7.146,-3.092,249.379
-7.338,-3.167,249.423
-7.529,-3.232,249.51
-7.721,-3.307,249.521
-7.912,-3.371,249.478
-8.103,-3.436,249.291
-8.295,-3.511,249.126
-8.486,-3.587,248.895
-8.687,-3.651,248.621
-8.888,-3.738,248.258
-9.08,-3.813,247.874
-9.281,-3.888,247.335
-9.482,-3.975,246.698
-9.674,-4.05,245.984
-9.856,-4.137,245.171
-10.057,-4.224,244.215
-10.249,-4.321,243.204
-10.431,-4.419,241.996
-10.632,-4.517,240.688
-10.834,-4.636,239.205
-11.035,-4.756,237.678
-11.208,-4.865,236.25
-11.391,-4.996,234.657
-11.583,-5.116,232.976
-11.756,-5.258,231.328
-11.919,-5.389,229.845
-12.073,-5.52,228.23
-12.237,-5.663,226.571
-12.391,-5.816,224.879
-12.545,-5.97,223.121
-12.7,-6.134,221.276
-12.845,-6.31,219.386
-12.99,-6.486,217.375
-13.115,-6.651,215.629
-13.232,-6.827,213.827
-13.348,-6.992,212.003
-13.455,-7.179,210.125
-13.562,-7.366,208.169
-13.659,-7.554,206.136
-13.757,-7.752,204.038
-13.854,-7.962,201.907
-13.933,-8.172,199.742
-14.012,-8.392,197.578
-14.062,-8.591,195.776
-14.131,-8.812,193.612
-14.171,-9.011,191.821
-14.221,-9.21,190.052
-14.252,-9.421,188.317
-14.283,-9.62,186.614
-14.304,-9.83,184.988
-14.326,-10.052,183.417
-14.337,-10.262,181.89
-14.34,-10.484,180.45
-14.342,-10.706,179.077
-14.345,-10.927,177.781
-14.338,-11.16,176.55
-14.321,-11.382,175.408
-14.305,-11.615,174.353
-14.279,-11.848,173.386
-14.253,-12.081,172.485
-14.227,-12.314,171.639
-14.191,-12.558,170.837
-14.156,-12.792,170.112
-14.11,-13.025,169.387
-14.075,-13.225,168.816
-14.029,-13.458,168.113
-13.993,-13.658,167.552
-13.939,-13.88,166.915
-13.893,-14.08,166.454
-13.848,-14.28,166.036
-13.793,-14.514,165.542
-13.748,-14.714,165.179
-13.684,-14.947,164.784
-13.629,-15.148,164.509
-13.574,-15.348,164.268
-13.519,-15.548,164.059
-13.454,-15.792,163.85
-13.39,-16.037,163.696
-13.326,-16.237,163.63
-13.271,-16.437,163.586
-13.216,-16.649,163.575
-13.152,-16.849,163.586
-13.097,-17.049,163.586
-13.042,-17.26,163.575
-12.977,-17.46,163.564
-12.922,-17.672,163.564
-12.867,-17.872,163.564
-12.803,-18.083,163.575
-12.748,-18.294,163.586
-12.683,-18.495,163.575
-12.629,-18.706,163.564
-12.564,-18.917,163.553
-12.509,-19.128,163.521
-12.445,-19.351,163.51
-12.381,-19.562,163.521
-12.326,-19.784,163.531
-12.261,-19.996,163.499
-12.207,-20.218,163.499
-12.142,-20.429,163.521
-12.078,-20.652,163.521
-12.023,-20.874,163.51
-11.959,-21.097,163.51
-11.895,-21.319,163.521
-11.83,-21.541,163.542
-11.766,-21.764,163.597
-11.702,-21.986,163.685
-11.638,-22.22,163.795
-11.583,-22.442,163.927
-11.519,-22.676,164.07
-11.454,-22.898,164.224
-11.39,-23.131,164.377
-11.326,-23.365,164.52
-11.271,-23.598,164.685
-11.217,-23.821,164.839
-11.153,-24.054,164.993
-11.098,-24.288,165.146
-11.034,-24.532,165.322
-10.979,-24.766,165.52
-10.915,-24.999,165.718
-10.861,-25.244,165.916
-10.806,-25.477,166.146
-10.751,-25.71,166.421
-10.697,-25.955,166.707
-10.642,-26.199,167.025
-10.597,-26.444,167.355
-10.543,-26.677,167.695
-10.488,-26.921,168.036
-10.443,-27.155,168.387
-10.398,-27.41,168.783
-10.353,-27.644,169.178
-10.318,-27.888,169.607
-10.273,-28.132,170.035
-10.237,-28.376,170.475
-10.192,-28.632,170.914
-10.157,-28.876,171.354
-10.131,-29.12,171.793
-10.096,-29.365,172.222
-10.06,-29.609,172.661
-10.034,-29.864,173.112
-10.008,-30.108,173.573
-9.983,-30.363,174.045
-9.957,-30.608,174.496
-9.94,-30.863,174.913
-9.924,-31.107,175.298
-9.898,-31.351,175.638
-9.882,-31.606,175.946
-9.866,-31.85,176.166
-9.859,-32.105,176.331
-9.843,-32.36,176.44
-9.836,-32.604,176.495
-9.829,-32.848,176.528
-9.813,-33.103,176.506
-9.806,-33.347,176.484
-9.79,-33.603,176.44
-9.783,-33.846,176.396
-9.766,-34.102,176.353
-9.75,-34.346,176.287
-9.743,-34.601,176.199
-9.727,-34.845,176.067
-9.711,-35.089,175.902
-9.694,-35.344,175.715
-9.688,-35.599,175.529
-9.662,-35.843,175.342
-9.645,-36.098,175.155
-9.62,-36.342,174.979
-9.613,-36.586,174.803
-9.587,-36.842,174.617
-9.57,-37.086,174.452
-9.545,-37.341,174.309
-9.528,-37.585,174.177
-9.502,-37.829,174.034
-9.477,-38.084,173.881
-9.451,-38.329,173.716
-9.434,-38.573,173.518
-9.409,-38.828,173.265
-9.383,-39.072,172.969
-9.347,-39.316,172.65
-9.321,-39.572,172.288
-9.295,-39.816,171.903
-9.26,-40.06,171.497
-9.225,-40.304,171.079
-9.189,-40.549,170.662
-9.154,-40.793,170.233
-9.118,-40.993,169.893
-9.073,-41.248,169.442
-9.037,-41.492,169.003
-8.992,-41.726,168.552
-8.947,-41.959,168.102
-8.903,-42.226,167.662
-8.848,-42.47,167.212
-8.794,-42.715,166.783
-8.739,-42.948,166.377
-8.684,-43.181,166.025
-8.64,-43.448,165.729
-8.585,-43.692,165.476
-8.521,-43.937,165.278
-8.466,-44.159,165.081
-8.402,-44.393,164.905
-8.329,-44.648,164.762
-8.274,-44.904,164.652
-8.21,-45.149,164.542
-8.155,-45.371,164.421
-8.091,-45.616,164.344
-8.018,-45.86,164.279
-7.944,-46.105,164.224
-7.88,-46.349,164.191
-7.816,-46.583,164.136
-7.752,-46.816,164.103
-7.697,-47.072,164.103
-7.624,-47.317,164.059
-7.56,-47.55,164.048
-7.496,-47.784,164.026
-7.432,-48.028,163.993
-7.358,-48.284,163.949
-7.294,-48.529,163.883
-7.23,-48.762,163.828
-7.166,-48.996,163.74
-7.092,-49.24,163.641
-7.028,-49.485,163.542
-6.955,-49.73,163.466
-6.89,-49.974,163.4
-6.826,-50.208,163.334
-6.753,-50.452,163.279
-6.689,-50.686,163.235
-6.615,-50.931,163.191
-6.551,-51.175,163.136
-6.487,-51.42,163.114
-6.413,-51.653,163.114
-6.33,-51.909,163.103
-6.257,-52.154,163.07
-6.183,-52.399,162.993
-6.11,-52.643,162.861
-6.036,-52.888,162.686
-5.972,-53.133,162.532
-5.908,-53.377,162.367
-5.825,-53.622,162.213
-5.751,-53.811,162.092
-5.677,-54.056,161.938
-5.604,-54.312,161.752
-5.54,-54.567,161.543
-5.466,-54.812,161.367
-5.392,-55.046,161.213
-5.309,-55.301,161.027
-5.226,-55.546,160.862
-5.152,-55.736,160.752
-5.069,-55.98,160.587
-4.986,-56.225,160.422
-4.903,-56.481,160.225
-4.82,-56.726,160.06
-4.746,-56.915,159.961
-4.662,-57.16,159.829
-4.57,-57.405,159.752
-4.496,-57.594,159.73
-4.413,-57.85,159.697
-4.33,-58.106,159.708
-4.237,-58.351,159.686
-4.154,-58.595,159.697
-4.07,-58.785,159.752
-3.978,-59.041,159.84
-3.895,-59.286,159.939
-3.812,-59.541,160.005
-3.719,-59.786,160.115
-3.654,-59.987,160.214
-3.58,-60.176,160.291
-3.497,-60.432,160.4
-3.414,-60.677,160.565
-3.331,-60.932,160.675
-3.248,-61.188,160.752
-3.184,-61.389,160.807
-3.101,-61.633,160.928
-3.036,-61.834,161.038
-2.953,-62.089,161.125
-2.87,-62.345,161.213
-2.787,-62.59,161.268
-2.722,-62.79,161.301
-2.639,-63.046,161.356
-2.584,-63.246,161.4
-2.501,-63.502,161.411
-2.418,-63.758,161.444
-2.335,-64.014,161.499
-2.252,-64.27,161.576
-2.178,-64.459,161.642
-2.095,-64.715,161.697
-2.012,-64.971,161.785
-1.957,-65.171,161.84
-1.893,-65.371,161.884
-1.819,-65.627,161.938
-1.755,-65.827,162.004
-1.7,-66.027,162.07
-1.617,-66.283,162.158
-1.534,-66.539,162.246
-1.46,-66.795,162.345
-1.396,-66.995,162.411
-1.341,-67.195,162.488
-1.276,-67.396,162.609
-1.203,-67.662,162.751
-1.13,-67.918,162.861
-1.075,-68.118,162.949
-1.01,-68.319,163.059
-0.955,-68.519,163.18
-0.882,-68.775,163.345
-0.827,-68.975,163.466
-0.762,-69.175,163.597
-0.707,-69.375,163.751
-0.652,-69.575,163.883
-0.597,-69.775,163.993
-0.542,-69.975,164.092
-0.487,-70.176,164.191
-0.432,-70.376,164.301
-0.377,-70.576,164.377
-0.322,-70.776,164.41
-0.267,-70.976,164.41
-0.212,-71.176,164.399
-0.157,-71.376,164.366
-0.102,-71.577,164.333
-0.047,-71.788,164.257
0.008,-71.988,164.169
0.063,-72.188,164.103
0.108,-72.388,164.026
0.163,-72.588,163.938
0.218,-72.788,163.85
0.283,-72.989,163.762
0.338,-73.2,163.674
0.393,-73.4,163.586
0.448,-73.6,163.51
0.503,-73.811,163.444
0.567,-74.012,163.356
0.622,-74.212,163.279
0.677,-74.412,163.224
0.732,-74.612,163.169
0.797,-74.812,163.103
0.861,-75.024,163.048
0.916,-75.235,163.015
0.98,-75.435,162.971
1.035,-75.635,162.927
1.09,-75.835,162.894
1.155,-76.036,162.883
1.21,-76.236,162.85
1.274,-76.447,162.817
1.339,-76.658,162.817
1.394,-76.859,162.839
1.458,-77.07,162.828
1.523,-77.27,162.817
1.578,-77.481,162.817
1.642,-77.682,162.817
1.697,-77.882,162.817
1.752,-78.082,162.817
1.817,-78.293,162.795
1.881,-78.505,162.773
1.945,-78.705,162.729
2,-78.916,162.664
2.065,-79.116,162.587
2.129,-79.328,162.51
2.194,-79.528,162.444
2.258,-79.739,162.367
2.313,-79.95,162.301
2.378,-80.162,162.246
2.442,-80.362,162.191
2.506,-80.573,162.169
2.571,-80.774,162.158
2.635,-80.985,162.147
2.69,-81.196,162.125
2.755,-81.407,162.114
2.819,-81.608,162.103
2.884,-81.819,162.092
2.948,-82.041,162.081
3.012,-82.242,162.081
3.086,-82.453,162.103
3.151,-82.664,162.114
3.225,-82.876,162.103
3.289,-83.087,162.07
3.354,-83.287,162.015
3.418,-83.499,161.96
3.482,-83.71,161.906
3.547,-83.921,161.84
3.611,-84.144,161.785
3.676,-84.355,161.719
3.74,-84.567,161.653
3.814,-84.778,161.587
3.878,-84.989,161.488
3.943,-85.201,161.411
4.017,-85.412,161.367
4.081,-85.623,161.301
4.155,-85.835,161.235
4.219,-86.046,161.18
4.284,-86.258,161.125
4.358,-86.48,161.093
4.432,-86.691,161.093
4.496,-86.892,161.093
4.561,-87.103,161.093
4.635,-87.314,161.093
4.708,-87.537,161.104
4.773,-87.748,161.125
4.847,-87.96,161.136
4.911,-88.171,161.136
4.976,-88.382,161.147
5.049,-88.594,161.147
5.123,-88.805,161.158
5.197,-89.028,161.158
5.262,-89.239,161.169
5.336,-89.451,161.169
5.4,-89.662,161.18
5.464,-89.873,161.202
5.538,-90.085,161.202
5.603,-90.296,161.213
5.677,-90.519,161.224
5.741,-90.73,161.246
5.815,-90.941,161.279
5.879,-91.153,161.279
5.944,-91.364,161.268
6.018,-91.575,161.268
6.082,-91.787,161.279
6.156,-92.009,161.279
6.22,-92.221,161.279
6.294,-92.432,161.268
6.359,-92.643,161.279
6.423,-92.855,161.29
6.497,-93.066,161.301
6.571,-93.278,161.29
6.635,-93.489,161.301
6.709,-93.7,161.323
6.774,-93.912,161.356
6.838,-94.134,161.389
6.912,-94.345,161.411
6.976,-94.557,161.422
7.05,-94.768,161.444
7.115,-94.98,161.488
7.189,-95.191,161.51
7.253,-95.413,161.499
7.327,-95.625,161.488
7.391,-95.836,161.477
7.456,-96.047,161.466
7.53,-96.259,161.444
7.594,-96.47,161.422
7.668,-96.682,161.389
7.733,-96.882,161.367
7.797,-97.093,161.334
7.871,-97.305,161.312
7.945,-97.527,161.29
8.009,-97.739,161.279
8.083,-97.95,161.268
8.147,-98.161,161.257
8.221,-98.373,161.246
8.286,-98.584,161.235
8.36,-98.784,161.235
8.424,-98.996,161.246
8.489,-99.207,161.257
8.563,-99.419,161.279
8.637,-99.619,161.301
8.701,-99.83,161.345
8.775,-100.042,161.389
8.839,-100.253,161.411
8.904,-100.464,161.444
8.968,-100.676,161.477
9.042,-100.887,161.51
9.107,-101.098,161.543
9.171,-101.299,161.576
9.245,-101.51,161.609
9.3,-101.71,161.642
9.374,-101.922,161.686
9.438,-102.133,161.719
9.503,-102.344,161.763
9.567,-102.556,161.796
9.641,-102.767,161.829
9.706,-102.967,161.851
9.761,-103.167,161.873
9.835,-103.379,161.895
9.899,-103.579,161.917
9.964,-103.79,161.938
10.028,-104.002,161.96
10.093,-104.202,161.982
10.157,-104.413,161.993
10.221,-104.625,161.993
10.286,-104.825,161.971
10.35,-105.036,161.96
10.415,-105.237,161.938
10.479,-105.437,161.927
10.534,-105.637,161.938
10.608,-105.848,161.938
10.663,-106.06,161.927
10.728,-106.26,161.927
10.792,-106.46,161.927
10.857,-106.66,161.927
10.921,-106.872,161.906
10.976,-107.072,161.895
11.05,-107.283,161.873
11.115,-107.483,161.851
11.179,-107.684,161.818
11.234,-107.884,161.807
11.299,-108.084,161.807
11.363,-108.284,161.807
11.428,-108.496,161.796
11.502,-108.696,161.785
11.566,-108.896,161.763
11.631,-109.097,161.752
11.686,-109.297,161.741
11.75,-109.497,161.708
11.815,-109.697,161.675
11.87,-109.897,161.642
11.962,-110.153,161.609
12.017,-110.353,161.598
12.091,-110.565,161.587
12.156,-110.765,161.576
12.22,-110.965,161.543
12.303,-111.221,161.51
12.368,-111.421,161.499
12.423,-111.622,161.499
12.497,-111.811,161.499
12.562,-112.011,161.477
12.626,-112.211,161.466
12.691,-112.412,161.466
12.764,-112.667,161.466
12.829,-112.868,161.477
12.893,-113.068,161.477
12.976,-113.324,161.499
13.041,-113.524,161.521
13.124,-113.791,161.554
13.188,-113.991,161.543
13.271,-114.247,161.554
13.336,-114.447,161.565
13.4,-114.648,161.565
13.465,-114.848,161.565
13.548,-115.104,161.587
13.631,-115.36,161.609
13.695,-115.56,161.598
13.769,-115.76,161.587
13.824,-115.96,161.587
13.889,-116.161,161.587
13.972,-116.416,161.598
14.036,-116.617,161.62
14.101,-116.817,161.631
14.165,-117.017,161.62
14.248,-117.273,161.609
14.313,-117.473,161.609
14.377,-117.674,161.609
14.432,-117.874,161.62
14.497,-118.074,161.631
14.589,-118.33,161.642
14.654,-118.53,161.664
14.737,-118.786,161.675
14.802,-118.986,161.686
14.856,-119.186,161.697
14.921,-119.387,161.697
14.986,-119.587,161.697
15.069,-119.843,161.686
15.133,-120.043,161.686
15.198,-120.243,161.697
15.253,-120.443,161.708
15.336,-120.699,161.73
15.4,-120.9,161.719
15.465,-121.1,161.719
15.529,-121.3,161.73
15.594,-121.5,161.73
15.677,-121.756,161.73
15.741,-121.956,161.741
15.806,-122.157,161.752
15.889,-122.413,161.774
15.944,-122.613,161.785
16.008,-122.813,161.785
16.073,-123.013,161.785
16.137,-123.213,161.796
16.202,-123.414,161.807
16.266,-123.614,161.807
16.349,-123.87,161.807
16.414,-124.07,161.807
16.487,-124.337,161.818
16.552,-124.537,161.829
16.616,-124.737,161.84
16.681,-124.938,161.862
16.764,-125.182,161.917
16.819,-125.383,161.927
16.883,-125.583,161.927
16.948,-125.783,161.938
17.003,-125.983,161.927
17.068,-126.183,161.938
17.122,-126.395,161.938
17.215,-126.651,161.96
17.27,-126.851,161.993
17.362,-127.107,162.004
17.417,-127.307,161.982
17.482,-127.507,161.982
17.537,-127.707,161.993
17.602,-127.908,162.015
17.657,-128.108,162.048
17.731,-128.308,162.059
17.814,-128.564,162.081
17.869,-128.764,162.103
17.924,-128.964,162.114
17.988,-129.164,162.103
18.071,-129.42,162.081
18.126,-129.62,162.081
18.191,-129.821,162.092
18.274,-130.077,162.114
18.338,-130.277,162.147
18.421,-130.533,162.202
18.476,-130.733,162.224
18.541,-130.933,162.246
18.605,-131.133,162.268
18.66,-131.333,162.29
18.725,-131.534,162.301
18.798,-131.778,162.301
18.853,-131.979,162.279
18.908,-132.179,162.257
18.973,-132.379,162.246
19.028,-132.579,162.257
19.092,-132.779,162.235
19.157,-132.98,162.224
19.24,-133.235,162.213
19.304,-133.436,162.224
19.359,-133.636,162.235
19.442,-133.892,162.191
19.497,-134.092,162.158
19.562,-134.292,162.158
19.645,-134.548,162.18
19.7,-134.748,162.191
19.764,-134.948,162.18
19.829,-135.149,162.158
19.912,-135.404,162.158
19.977,-135.605,162.18
20.059,-135.861,162.18
20.114,-136.061,162.169
20.179,-136.261,162.169
20.244,-136.461,162.158
20.327,-136.717,162.147
20.382,-136.917,162.158
20.437,-137.117,162.169
20.501,-137.318,162.18
20.556,-137.518,162.191
20.621,-137.718,162.213
20.685,-137.918,162.246
20.74,-138.118,162.279
20.805,-138.319,162.301
20.869,-138.519,162.301
20.934,-138.719,162.29
20.989,-138.93,162.323
21.053,-139.131,162.345
21.118,-139.331,162.356
21.182,-139.531,162.356
21.247,-139.731,162.378
21.302,-139.943,162.389
21.366,-140.143,162.389
21.431,-140.354,162.389
21.495,-140.554,162.411
21.559,-140.766,162.422
21.614,-140.966,162.433
21.679,-141.177,162.433
21.734,-141.377,162.444
21.808,-141.589,162.455
21.863,-141.8,162.444
21.927,-142.011,162.444
21.992,-142.212,162.455
22.047,-142.423,162.455
22.111,-142.623,162.455
22.175,-142.834,162.444
22.24,-143.057,162.455
22.304,-143.268,162.466
22.369,-143.468,162.433
22.433,-143.68,162.389
22.498,-143.88,162.334
22.562,-144.091,162.312
22.626,-144.303,162.279
22.681,-144.525,162.235
22.746,-144.736,162.191
22.82,-144.948,162.169
22.884,-145.159,162.169
22.948,-145.37,162.136
23.013,-145.582,162.092
23.087,-145.793,162.059
23.151,-146.004,162.026
23.216,-146.216,161.993
23.28,-146.427,161.949
23.344,-146.649,161.927
23.418,-146.861,161.917
23.482,-147.083,161.906
23.547,-147.295,161.884
23.621,-147.506,161.873
23.685,-147.717,161.84
23.75,-147.94,161.807
23.823,-148.151,161.785
23.888,-148.374,161.774
23.962,-148.585,161.774
24.026,-148.808,161.774
24.1,-149.03,161.774
24.164,-149.252,161.763
24.229,-149.464,161.763
24.302,-149.686,161.763
24.367,-149.898,161.774
24.441,-150.12,161.763
24.514,-150.343,161.763
24.579,-150.565,161.785
24.652,-150.788,161.796
24.717,-151.01,161.796
24.791,-151.233,161.818
24.855,-151.455,161.84
24.929,-151.677,161.851
25.003,-151.9,161.851
25.076,-152.134,161.851
25.15,-152.345,161.862
25.214,-152.579,161.873
25.288,-152.801,161.873
25.362,-153.024,161.862
25.426,-153.257,161.873
25.5,-153.491,161.884
25.574,-153.713,161.884
25.647,-153.936,161.884
25.712,-154.169,161.895
25.785,-154.392,161.906
25.859,-154.625,161.906
25.933,-154.859,161.906
26.007,-155.081,161.906
26.08,-155.315,161.917
26.144,-155.56,161.917
26.218,-155.782,161.917
26.292,-156.016,161.927
26.366,-156.249,161.927
26.439,-156.472,161.938
26.513,-156.705,161.949
26.587,-156.95,161.96
26.66,-157.195,161.971
26.734,-157.428,161.982
26.808,-157.662,161.993
26.872,-157.884,162.015
26.946,-158.118,162.026
27.019,-158.352,162.026
27.103,-158.596,162.026
27.176,-158.841,162.037
27.259,-159.086,162.059
27.323,-159.319,162.07
27.397,-159.553,162.081
27.471,-159.798,162.081
27.544,-160.031,162.081
27.627,-160.276,162.081
27.701,-160.51,162.103
27.775,-160.754,162.114
27.839,-160.999,162.125
27.912,-161.244,162.125
27.986,-161.477,162.136
28.069,-161.722,162.169
28.143,-161.967,162.18
28.216,-162.2,162.191
28.29,-162.445,162.202
28.364,-162.69,162.224
28.437,-162.934,162.235
28.511,-163.168,162.235
28.584,-163.413,162.257
28.658,-163.657,162.279
28.732,-163.902,162.279
28.815,-164.147,162.29
28.888,-164.392,162.29
28.962,-164.636,162.312
29.035,-164.881,162.312
29.109,-165.115,162.323
29.183,-165.359,162.334
29.256,-165.604,162.356
29.33,-165.849,162.356
29.403,-166.093,162.356
29.477,-166.338,162.356
29.551,-166.572,162.356
29.634,-166.816,162.378
29.707,-167.061,162.389
29.781,-167.306,162.411
29.854,-167.562,162.433
29.928,-167.806,162.433
30.002,-168.051,162.433
30.066,-168.284,162.433
30.139,-168.518,162.433
30.213,-168.763,162.433
30.296,-169.019,162.433
30.369,-169.274,162.444
30.443,-169.519,162.444
30.517,-169.764,162.455
30.59,-169.997,162.466
30.664,-170.242,162.466
30.738,-170.476,162.466
30.821,-170.731,162.477
30.894,-170.976,162.499
30.968,-171.221,162.521
31.041,-171.466,162.532
31.105,-171.71,162.554
31.179,-171.944,162.565
31.253,-172.188,162.576
31.336,-172.444,162.598
31.409,-172.689,162.642
31.483,-172.934,162.686
31.556,-173.178,162.719
31.63,-173.423,162.762
31.703,-173.668,162.795
31.777,-173.923,162.806
31.85,-174.179,162.817
31.924,-174.424,162.828
31.998,-174.669,162.817
32.062,-174.902,162.784
32.135,-175.147,162.751
32.209,-175.403,162.729
32.282,-175.647,162.675
32.356,-175.903,162.631
32.429,-176.148,162.598
32.503,-176.392,162.543
32.577,-176.637,162.488
32.65,-176.882,162.433
32.724,-177.126,162.4
32.797,-177.393,162.367
32.871,-177.638,162.312
32.944,-177.883,162.279
33.027,-178.127,162.257
33.101,-178.372,162.235
33.174,-178.617,162.191
33.258,-178.862,162.158
33.331,-179.117,162.136
33.414,-179.362,162.125
33.488,-179.618,162.114
33.561,-179.863,162.103
33.644,-180.119,162.081
33.718,-180.363,162.059
33.801,-180.608,162.048
33.874,-180.864,162.037
33.957,-181.109,162.048
34.031,-181.364,162.048
34.114,-181.609,162.048
34.188,-181.854,162.037
34.27,-182.11,162.026
34.344,-182.354,162.026
34.418,-182.61,162.026
34.501,-182.855,162.015
34.583,-183.122,162.004
34.666,-183.378,162.004
34.75,-183.623,161.993
34.823,-183.867,162.015
34.887,-184.112,162.004
34.97,-184.368,161.982
35.053,-184.624,161.96
35.136,-184.879,161.927
35.21,-185.124,161.895
35.293,-185.38,161.884
35.366,-185.636,161.873
35.449,-185.892,161.851
35.523,-186.147,161.851
35.615,-186.403,161.862
35.698,-186.659,161.851
35.772,-186.904,161.829
35.855,-187.16,161.818
35.928,-187.416,161.818
36.011,-187.672,161.818
36.094,-187.916,161.807
36.177,-188.183,161.818
36.26,-188.439,161.818
36.334,-188.695,161.818
36.417,-188.94,161.84
36.5,-189.207,161.862
36.583,-189.463,161.862
36.666,-189.718,161.851
36.739,-189.974,161.862
36.822,-190.23,161.851
36.905,-190.486,161.829
36.979,-190.731,161.785
37.062,-190.986,161.719
37.145,-191.242,161.675
37.227,-191.509,161.631
37.31,-191.765,161.576
37.384,-192.021,161.521
37.467,-192.277,161.477
37.54,-192.522,161.433
37.623,-192.766,161.4
37.706,-193.022,161.356
37.799,-193.289,161.323
37.882,-193.567,161.312
37.965,-193.823,161.301
38.048,-194.079,161.279
38.13,-194.346,161.268
38.213,-194.602,161.268
38.306,-194.858,161.257
38.389,-195.125,161.268
38.472,-195.381,161.279
38.555,-195.637,161.29
38.638,-195.892,161.29
38.721,-196.159,161.279
38.813,-196.415,161.29
38.896,-196.682,161.312
38.979,-196.938,161.323
39.062,-197.205,161.334
39.154,-197.461,161.367
39.237,-197.717,161.4
39.32,-197.984,161.433
39.403,-198.24,161.455
39.486,-198.496,161.477
39.569,-198.752,161.488
39.652,-199.019,161.499
39.735,-199.274,161.51
39.818,-199.541,161.521
39.901,-199.808,161.554
39.984,-200.064,161.565
40.067,-200.32,161.565
40.15,-200.576,161.565
40.233,-200.832,161.565
40.316,-201.088,161.576
40.399,-201.355,161.587
40.482,-201.611,161.598
40.574,-201.878,161.631
40.657,-202.134,161.631
40.74,-202.389,161.62
40.823,-202.656,161.62
40.906,-202.901,161.62
40.989,-203.168,161.62
41.072,-203.424,161.609
41.155,-203.691,161.609
41.238,-203.958,161.631
41.321,-204.214,161.642
41.403,-204.481,161.642
41.487,-204.726,161.653
41.569,-204.993,161.675
41.652,-205.248,161.686
41.726,-205.504,161.708
41.809,-205.771,161.719
41.892,-206.027,161.73
41.984,-206.294,161.741
42.067,-206.55,161.763
42.15,-206.817,161.785
42.233,-207.073,161.785
42.316,-207.34,161.774
42.399,-207.596,161.774
42.482,-207.851,161.774
42.555,-208.118,161.785
42.638,-208.374,161.796
42.721,-208.63,161.818
42.804,-208.897,161.818
42.887,-209.153,161.807
42.97,-209.42,161.807
43.053,-209.687,161.818
43.126,-209.943,161.84
43.209,-210.21,161.851
43.292,-210.465,161.851
43.375,-210.721,161.862
43.458,-210.988,161.895
43.541,-211.244,161.927
43.624,-211.511,161.938
43.697,-211.767,161.927
43.78,-212.034,161.927
43.863,-212.29,161.927
43.946,-212.546,161.938
44.029,-212.813,161.949
44.112,-213.068,161.949
44.195,-213.335,161.949
44.278,-213.602,161.971
44.361,-213.858,161.982
44.434,-214.114,161.993
44.517,-214.37,161.982
44.6,-214.637,161.971
44.683,-214.893,161.971
44.766,-215.16,161.949
44.849,-215.427,161.927
44.932,-215.682,161.917
45.005,-215.949,161.906
45.088,-216.216,161.917
45.171,-216.472,161.917
45.254,-216.728,161.906
45.337,-216.995,161.906
45.42,-217.251,161.906
45.502,-217.518,161.906
45.585,-217.774,161.917
45.668,-218.03,161.917
45.751,-218.297,161.917
45.844,-218.575,161.927
45.927,-218.831,161.917
46.009,-219.098,161.906
46.083,-219.342,161.873
46.166,-219.598,161.851
46.249,-219.865,161.829
46.332,-220.121,161.796
46.415,-220.388,161.73
46.507,-220.644,161.686
46.59,-220.911,161.675
46.663,-221.178,161.664
46.746,-221.445,161.631
46.829,-221.712,161.587
46.903,-221.956,161.587
46.986,-222.223,161.598
47.069,-222.479,161.609
47.161,-222.735,161.598
47.244,-223.002,161.587
47.327,-223.258,161.576
47.41,-223.525,161.576
47.493,-223.792,161.576
47.576,-224.048,161.576
47.668,-224.315,161.598
47.751,-224.56,161.609
47.834,-224.827,161.62
47.917,-225.082,161.631
48,-225.349,161.653
48.083,-225.616,161.664
48.166,-225.883,161.686
48.249,-226.15,161.697
48.332,-226.406,161.697
48.414,-226.662,161.708
48.488,-226.929,161.73
48.571,-227.196,161.73
48.654,-227.452,161.741
48.737,-227.719,161.752
48.829,-227.986,161.774
48.912,-228.242,161.774
48.995,-228.509,161.774
49.078,-228.764,161.796
49.151,-229.031,161.818
49.234,-229.287,161.829
49.317,-229.554,161.818
49.4,-229.81,161.818
49.483,-230.077,161.829
49.566,-230.333,161.829
49.649,-230.6,161.84
49.732,-230.867,161.84
49.815,-231.123,161.84
49.897,-231.39,161.84
49.98,-231.645,161.829
50.063,-231.901,161.829
50.146,-232.168,161.84
50.229,-232.435,161.862
50.312,-232.691,161.873
50.395,-232.958,161.884
50.478,-233.214,161.895
50.561,-233.481,161.917
50.644,-233.737,161.938
50.727,-234.004,161.96
50.8,-234.26,161.993
50.883,-234.526,162.015
50.966,-234.782,162.015
51.049,-235.049,162.015
51.132,-235.316,162.026
51.215,-235.583,162.037
51.298,-235.839,162.037
51.381,-236.095,162.037
51.464,-236.351,162.048
51.537,-236.618,162.059
51.62,-236.896,162.07
51.703,-237.152,162.07
51.776,-237.418,162.059
51.868,-237.674,162.059
51.951,-237.941,162.07
52.034,-238.208,162.07
52.117,-238.464,162.092
52.2,-238.731,162.114
52.274,-238.987,162.136
52.356,-239.254,162.147
52.439,-239.521,162.147
52.513,-239.777,162.158
52.596,-240.044,162.169
52.678,-240.311,162.18
52.761,-240.578,162.202
52.844,-240.845,162.213
52.927,-241.111,162.224
53.01,-241.367,162.235
53.083,-241.634,162.235
53.166,-241.901,162.224
53.249,-242.157,162.235
53.332,-242.424,162.246
53.406,-242.68,162.257
53.488,-242.958,162.268
53.571,-243.214,162.279
53.654,-243.481,162.279
53.737,-243.748,162.257
53.82,-244.015,162.246
53.903,-244.27,162.246
53.986,-244.537,162.224
54.059,-244.804,162.202
54.142,-245.06,162.191
54.225,-245.327,162.169
54.308,-245.594,162.125
54.391,-245.861,162.07
54.474,-246.128,162.037
54.547,-246.395,162.004
54.63,-246.651,161.96
54.713,-246.918,161.927
54.796,-247.185,161.884
54.878,-247.452,161.851
54.961,-247.719,161.829
55.044,-247.974,161.796
55.127,-248.241,161.763
55.21,-248.508,161.752
55.302,-248.775,161.741
55.376,-249.042,161.741
55.468,-249.309,161.73
55.551,-249.576,161.719
55.634,-249.843,161.708
55.717,-250.099,161.697
55.8,-250.366,161.708
55.883,-250.622,161.719
55.975,-250.911,161.708
56.058,-251.178,161.697
56.141,-251.445,161.686
56.223,-251.712,161.686
56.306,-251.968,161.719
56.399,-252.235,161.719
56.482,-252.502,161.708
56.564,-252.78,161.708
56.657,-253.047,161.719
56.74,-253.314,161.708
56.823,-253.57,161.697
56.906,-253.837,161.697
56.988,-254.104,161.708
57.071,-254.382,161.697
57.164,-254.649,161.675
57.246,-254.916,161.675
57.329,-255.183,161.686
57.412,-255.439,161.697
57.495,-255.706,161.697
57.578,-255.973,161.664
57.67,-256.24,161.642
57.763,-256.507,161.653
57.846,-256.774,161.675
57.928,-257.052,161.697
58.011,-257.319,161.719
58.094,-257.586,161.708
58.187,-257.853,161.697
58.27,-258.109,161.708
58.362,-258.376,161.708
58.445,-258.643,161.73
58.528,-258.921,161.741
58.62,-259.188,161.741
58.703,-259.455,161.741
58.786,-259.722,161.752
58.869,-259.989,161.763
58.961,-260.256,161.774
59.044,-260.523,161.785
59.127,-260.79,161.774
59.21,-261.068,161.785
59.302,-261.335,161.785
59.385,-261.602,161.785
59.468,-261.869,161.785
59.551,-262.136,161.807
59.633,-262.414,161.84
59.716,-262.681,161.873
59.799,-262.948,161.895
59.882,-263.226,161.917
59.965,-263.481,161.949
60.047,-263.76,161.96
60.13,-264.026,161.971
60.223,-264.294,161.982
60.305,-264.572,161.982
60.388,-264.839,162.004
60.481,-265.106,162.037
60.564,-265.361,162.07
60.647,-265.628,162.081
60.729,-265.906,162.092
60.812,-266.173,162.092
60.895,-266.44,162.092
60.978,-266.707,162.103
61.07,-266.986,162.125
61.153,-267.252,162.169
61.236,-267.519,162.18
61.319,-267.797,162.202
61.402,-268.064,162.224
61.484,-268.331,162.224
61.567,-268.609,162.235
61.65,-268.876,162.257
61.733,-269.143,162.268
61.806,-269.41,162.268
61.899,-269.688,162.279
61.981,-269.955,162.29
62.064,-270.222,162.29
62.138,-270.489,162.268
62.22,-270.767,162.268
62.303,-271.034,162.268
62.386,-271.301,162.268
62.469,-271.579,162.246
62.552,-271.846,162.224
62.635,-272.113,162.202
62.727,-272.38,162.191
62.81,-272.647,162.191
62.893,-272.914,162.18
62.975,-273.192,162.169
63.058,-273.47,162.147
63.141,-273.737,162.136
63.224,-274.004,162.125
63.316,-274.271,162.103
63.399,-274.538,162.092
63.482,-274.805,162.07
63.565,-275.072,162.059
63.648,-275.35,162.037
63.731,-275.617,162.004
63.813,-275.884,161.971
63.906,-276.162,161.96
63.989,-276.429,161.927
64.071,-276.696,161.895
64.154,-276.952,161.862
64.237,-277.219,161.84
64.32,-277.486,161.807
64.403,-277.764,161.796
64.486,-278.031,161.774
64.578,-278.298,161.741
64.661,-278.565,161.697
64.744,-278.821,161.664
64.827,-279.088,161.642
64.91,-279.355,161.62
65.002,-279.644,161.598
65.085,-279.911,161.576
65.168,-280.178,161.543
65.26,-280.434,161.532
65.343,-280.69,161.521
65.426,-280.957,161.521
65.518,-281.224,161.51
65.601,-281.502,161.499
65.684,-281.769,161.488
65.776,-282.036,161.466
65.859,-282.292,161.433
65.942,-282.559,161.422
66.025,-282.826,161.422
66.108,-283.104,161.422
66.191,-283.359,161.411
66.283,-283.626,161.389
66.366,-283.893,161.389
66.449,-284.16,161.378
66.532,-284.427,161.378
66.624,-284.683,161.389
66.707,-284.95,161.389
66.79,-285.217,161.4
66.873,-285.484,161.4
66.956,-285.74,161.4
67.039,-285.996,161.411
67.122,-286.263,161.433
67.214,-286.53,161.444
67.307,-286.797,161.455
67.39,-287.064,161.455
67.472,-287.32,161.477
67.555,-287.576,161.499
67.638,-287.843,161.521
67.731,-288.11,161.532
67.823,-288.366,161.532
67.906,-288.633,161.532
67.989,-288.889,161.543
68.072,-289.156,161.565
68.155,-289.411,161.587
68.238,-289.678,161.609
68.321,-289.934,161.631
68.404,-290.212,161.631
68.487,-290.468,161.631
68.569,-290.735,161.642
68.653,-290.98,161.653
68.735,-291.247,161.675
68.818,-291.503,161.686
68.901,-291.77,161.697
68.984,-292.037,161.708
69.067,-292.293,161.719
69.15,-292.548,161.741
69.233,-292.804,161.752
69.316,-293.06,161.774
69.399,-293.316,161.796
69.472,-293.583,161.818
69.555,-293.839,161.818
69.638,-294.095,161.851
69.721,-294.351,161.873
69.804,-294.606,161.884
69.887,-294.862,161.895
69.961,-295.118,161.927
70.044,-295.374,161.949
70.127,-295.63,161.971
70.2,-295.875,161.993
70.283,-296.141,162.015
70.366,-296.397,162.026
70.44,-296.642,162.048
70.523,-296.898,162.07
70.596,-297.143,162.103
70.679,-297.398,162.136
70.753,-297.654,162.169
70.836,-297.91,162.213
70.909,-298.166,162.235
70.992,-298.422,162.246
71.066,-298.655,162.257
71.139,-298.911,162.279
71.223,-299.156,162.312
71.306,-299.412,162.345
71.379,-299.656,162.378
71.453,-299.912,162.411
71.526,-300.157,162.433
71.6,-300.402,162.433
71.673,-300.646,162.422
71.747,-300.891,162.411
71.82,-301.136,162.389
71.904,-301.38,162.367
71.977,-301.625,162.334
72.051,-301.87,162.29
72.124,-302.115,162.235
72.198,-302.359,162.158
72.272,-302.593,162.092
72.345,-302.838,162.015
72.428,-303.082,161.938
72.502,-303.316,161.851
72.576,-303.55,161.752
72.649,-303.794,161.62
72.723,-304.028,161.477
72.797,-304.261,161.323
72.88,-304.495,161.147
72.954,-304.729,160.972
73.027,-304.962,160.774
73.111,-305.196,160.576
73.184,-305.43,160.378
73.258,-305.663,160.181
73.341,-305.897,159.983
73.415,-306.119,159.774
73.498,-306.353,159.554
73.582,-306.576,159.357
73.665,-306.798,159.148
73.748,-307.021,158.95
73.832,-307.244,158.741
73.915,-307.466,158.533
73.998,-307.689,158.313
74.082,-307.912,158.082
74.175,-308.134,157.841
74.258,-308.357,157.599
74.341,-308.579,157.368
74.434,-308.791,157.104
74.518,-309.003,156.841
74.611,-309.214,156.566
74.704,-309.426,156.302
74.787,-309.649,156.05
74.88,-309.849,155.786
74.973,-310.061,155.533
75.057,-310.272,155.281
75.15,-310.473,155.028
75.243,-310.685,154.753
75.345,-310.896,154.501
75.439,-311.097,154.248
75.532,-311.297,154.028
75.625,-311.509,153.809
75.718,-311.71,153.611
75.811,-311.899,153.435
75.914,-312.1,153.281
76.016,-312.3,153.127
76.11,-312.501,152.985
76.203,-312.702,152.864
76.306,-312.891,152.754
76.399,-313.092,152.655
76.501,-313.281,152.567
76.595,-313.482,152.49
76.688,-313.671,152.424
76.781,-313.861,152.369
76.884,-314.05,152.336
76.987,-314.251,152.292
77.08,-314.44,152.26
77.183,-314.63,152.227
77.266,-314.819,152.216
77.369,-315.009,152.216
77.462,-315.198,152.194
77.556,-315.388,152.183
77.649,-315.577,152.183
77.742,-315.767,152.183
77.845,-315.945,152.194
77.938,-316.135,152.194
78.032,-316.313,152.194
78.134,-316.503,152.183
78.218,-316.692,152.183
78.321,-316.871,152.194
78.414,-317.049,152.205
78.508,-317.239,152.216
78.601,-317.428,152.238
78.694,-317.606,152.271
78.788,-317.785,152.292
78.909,-318.019,152.347
79.002,-318.197,152.38
79.114,-318.442,152.413
79.208,-318.621,152.457
79.301,-318.799,152.512
79.394,-318.978,152.567
79.516,-319.223,152.611
79.627,-319.457,152.655
79.721,-319.635,152.699
79.833,-319.858,152.754
79.926,-320.037,152.798
80.047,-320.271,152.842
80.159,-320.505,152.897
80.253,-320.683,152.941
80.364,-320.917,153.029
80.476,-321.14,153.105
80.588,-321.374,153.171
80.682,-321.553,153.226
80.794,-321.775,153.292
80.905,-322.01,153.369
81.017,-322.244,153.468
81.129,-322.478,153.556
81.232,-322.7,153.655
81.343,-322.934,153.765
81.455,-323.157,153.875
81.567,-323.391,153.995
81.67,-323.614,154.105
81.782,-323.837,154.226
81.884,-324.071,154.347
81.986,-324.294,154.479
82.089,-324.517,154.6
82.191,-324.74,154.731
82.294,-324.962,154.863
82.396,-325.185,154.984
82.498,-325.408,155.105
82.601,-325.631,155.248
82.703,-325.854,155.38
82.796,-326.076,155.511
82.899,-326.299,155.632
82.991,-326.522,155.775
83.084,-326.745,155.907
83.187,-326.956,156.039
83.28,-327.179,156.16
83.373,-327.402,156.302
83.465,-327.625,156.434
83.559,-327.836,156.566
83.651,-328.059,156.676
83.744,-328.271,156.808
83.828,-328.493,156.94
83.921,-328.705,157.072
84.014,-328.928,157.203
84.097,-329.139,157.335
84.199,-329.384,157.467
84.283,-329.618,157.588
84.376,-329.83,157.698
84.468,-330.063,157.808
84.552,-330.286,157.917
84.635,-330.498,158.038
84.719,-330.72,158.17
84.802,-330.932,158.313
84.885,-331.154,158.434
84.969,-331.366,158.544
85.052,-331.588,158.654
85.136,-331.8,158.774
85.219,-332.012,158.873
85.293,-332.223,158.972
85.376,-332.446,159.082
85.46,-332.657,159.192
85.534,-332.88,159.291
85.608,-333.091,159.379
85.691,-333.303,159.456
85.765,-333.514,159.543
85.849,-333.726,159.642
85.922,-333.948,159.741
85.996,-334.148,159.807
86.07,-334.36,159.873
86.144,-334.571,159.95
86.218,-334.783,160.016
86.292,-334.994,160.093
86.366,-335.206,160.159
86.44,-335.417,160.247
86.514,-335.629,160.323
86.588,-335.84,160.389
86.662,-336.051,160.444
86.727,-336.252,160.51
86.8,-336.463,160.598
86.874,-336.675,160.653
86.939,-336.886,160.719
87.013,-337.097,160.785
87.077,-337.298,160.84
87.151,-337.509,160.884
87.216,-337.709,160.939
87.29,-337.921,160.972
87.364,-338.132,161.038
87.428,-338.343,161.115
87.493,-338.544,161.18
87.567,-338.755,161.246
87.631,-338.966,161.345
87.695,-339.178,161.4
87.769,-339.389,161.466
87.834,-339.589,161.543
87.898,-339.801,161.598
87.972,-340.012,161.664
88.037,-340.224,161.752
88.101,-340.424,161.829
88.166,-340.635,161.884
88.23,-340.846,161.96
88.294,-341.058,162.048
88.359,-341.258,162.114
88.423,-341.469,162.169
88.488,-341.681,162.246
88.552,-341.892,162.301
88.626,-342.103,162.345
88.681,-342.315,162.411
88.745,-342.526,162.466
88.81,-342.726,162.488
88.874,-342.938,162.499
88.939,-343.149,162.477
88.994,-343.36,162.455
89.058,-343.571,162.433
89.123,-343.772,162.4
89.187,-343.983,162.367
89.251,-344.194,162.367
89.316,-344.395,162.367
89.38,-344.606,162.345
89.445,-344.817,162.334
89.509,-345.029,162.345
89.574,-345.229,162.323
89.638,-345.44,162.301
89.703,-345.651,162.301
89.767,-345.863,162.29
89.831,-346.074,162.301
89.896,-346.274,162.323
89.96,-346.486,162.356
90.025,-346.697,162.378
90.089,-346.908,162.411
90.154,-347.12,162.455
90.218,-347.331,162.488
90.273,-347.542,162.51
90.347,-347.754,162.521
90.411,-347.976,162.554
90.476,-348.187,162.565
90.54,-348.399,162.587
90.604,-348.61,162.609
90.669,-348.821,162.642
90.733,-349.044,162.664
90.797,-349.255,162.697
90.852,-349.466,162.708
90.917,-349.678,162.719
90.991,-349.9,162.697
91.055,-350.112,162.686
91.119,-350.323,162.686
91.184,-350.545,162.697
91.248,-350.768,162.686
91.312,-350.979,162.664
91.377,-351.201,162.653
91.441,-351.413,162.631
91.515,-351.635,162.576
91.579,-351.858,162.532
91.644,-352.069,162.499
91.708,-352.291,162.444
91.772,-352.514,162.4
91.836,-352.736,162.367
91.901,-352.948,162.323
91.975,-353.17,162.312
92.039,-353.393,162.29
92.103,-353.615,162.268
92.177,-353.837,162.257
92.241,-354.06,162.235
92.306,-354.282,162.224
92.38,-354.494,162.224
92.444,-354.716,162.224
92.518,-354.95,162.235
92.582,-355.172,162.235
92.656,-355.395,162.246
92.73,-355.617,162.213
92.794,-355.84,162.191
92.868,-356.062,162.147
92.932,-356.285,162.092
92.996,-356.507,162.037
93.07,-356.729,161.971
93.144,-356.952,161.884
93.208,-357.174,161.829
93.282,-357.397,161.763
93.346,-357.619,161.719
93.42,-357.842,161.686
93.494,-358.053,161.653
93.558,-358.276,161.62
93.632,-358.498,161.587
93.706,-358.721,161.565
93.77,-358.943,161.543
93.844,-359.155,161.532
93.918,-359.377,161.532
93.983,-359.588,161.521
94.056,-359.8,161.499
94.121,-360.022,161.477
94.195,-360.234,161.444
94.269,-360.456,161.411
94.333,-360.668,161.389
94.397,-360.879,161.378
94.471,-361.09,161.356
94.536,-361.291,161.334
94.61,-361.513,161.312
94.674,-361.713,161.301
94.748,-361.925,161.279
94.813,-362.136,161.235
94.886,-362.348,161.213
94.951,-362.559,161.202
95.015,-362.759,161.18
95.089,-362.971,161.147
95.154,-363.171,161.115
95.218,-363.371,161.082
95.283,-363.582,161.06
95.357,-363.783,161.027
95.421,-363.994,160.994
95.486,-364.194,160.961
95.56,-364.395,160.917
95.634,-364.639,160.884
95.708,-364.84,160.862
95.772,-365.04,160.851
95.837,-365.24,160.873
95.911,-365.441,160.895
95.984,-365.674,160.917
96.049,-365.874,160.939
96.123,-366.075,160.95
96.197,-366.319,160.95
96.28,-366.553,160.961
96.354,-366.787,160.983
96.418,-366.987,161.005
96.501,-367.232,161.038
96.575,-367.465,161.049
96.649,-367.699,161.06
96.732,-367.933,161.071
96.806,-368.155,161.082
96.879,-368.389,161.071
96.953,-368.622,161.06
97.027,-368.845,161.071
97.101,-369.078,161.093
97.184,-369.301,161.093
97.248,-369.524,161.093
97.322,-369.746,161.115
97.396,-369.969,161.115
97.47,-370.18,161.104
97.544,-370.403,161.115
97.608,-370.614,161.125
97.682,-370.836,161.169
97.746,-371.037,161.224
97.82,-371.248,161.279
97.885,-371.459,161.356
97.959,-371.671,161.466
98.023,-371.882,161.598
98.088,-372.082,161.752
98.152,-372.294,161.917
98.217,-372.494,162.092
98.281,-372.694,162.246
98.346,-372.894,162.4
98.401,-373.095,162.565
98.465,-373.295,162.74
98.529,-373.528,162.916
98.603,-373.762,163.048
98.667,-373.995,163.136
98.731,-374.229,163.169
98.805,-374.451,163.169
98.87,-374.674,163.18
98.934,-374.896,163.191
98.998,-375.13,163.202
99.062,-375.341,163.213
99.127,-375.564,163.224
99.191,-375.786,163.235
99.255,-375.997,163.224
99.31,-376.208,163.202
99.375,-376.42,163.158
99.439,-376.631,163.136
99.494,-376.831,163.037
99.559,-377.043,162.872
99.613,-377.254,162.664
99.687,-377.476,162.466
99.742,-377.676,162.268
99.807,-377.877,162.092
99.871,-378.099,161.862
99.945,-378.322,161.631
100.019,-378.544,161.389
100.083,-378.756,161.169
100.157,-378.978,160.961
100.231,-379.189,160.763
100.295,-379.39,160.565
100.369,-379.601,160.433
100.434,-379.801,160.345
100.508,-380.002,160.28
100.582,-380.224,160.291
100.656,-380.414,160.312
100.72,-380.636,160.4
100.804,-380.847,160.477
100.868,-381.059,160.576
100.942,-381.259,160.664
101.007,-381.47,160.752
101.081,-381.66,160.851
101.145,-381.86,160.917
101.21,-382.06,160.972
101.274,-382.272,161.038
101.339,-382.472,161.125
101.413,-382.672,161.191
101.477,-382.872,161.312
101.542,-383.084,161.521
101.606,-383.284,161.708
101.671,-383.484,161.927
101.735,-383.684,162.125
101.79,-383.885,162.301
101.855,-384.096,162.499
101.919,-384.296,162.664
101.984,-384.508,162.839
102.048,-384.719,163.015
102.103,-384.93,163.202
102.168,-385.13,163.345
102.223,-385.33,163.4
102.278,-385.531,163.4
102.342,-385.731,163.367
102.397,-385.931,163.378
102.452,-386.131,163.367
102.507,-386.331,163.356
102.572,-386.532,163.345
102.617,-386.732,163.323
102.682,-386.932,163.301
102.737,-387.132,163.257
102.801,-387.332,163.136
102.856,-387.532,162.971
102.921,-387.733,162.773
102.976,-387.933,162.598
103.04,-388.133,162.4
103.095,-388.333,162.213
103.16,-388.533,162.004
103.224,-388.734,161.829
103.289,-388.934,161.609
103.354,-389.134,161.224
103.418,-389.334,160.884
103.492,-389.535,160.576
103.557,-389.735,160.312
103.631,-389.935,160.291
103.695,-390.136,160.258
103.76,-390.336,160.214
103.834,-390.525,160.104
103.899,-390.725,160.027
103.973,-390.926,159.906
104.047,-391.137,159.752
104.121,-391.337,159.741
104.195,-391.527,159.73
104.259,-391.727,159.576
104.334,-391.916,159.521
104.398,-392.116,159.478
104.472,-392.306,159.554
104.546,-392.506,159.587
104.62,-392.706,159.686
104.694,-392.907,159.752
104.759,-393.107,159.862
104.833,-393.307,159.939
104.898,-393.508,160.027
104.972,-393.708,160.093
105.046,-393.908,160.181
105.11,-394.109,160.269
105.184,-394.309,160.312
105.249,-394.509,160.312
105.313,-394.709,159.906
105.388,-394.899,159.401
105.462,-395.088,158.906
105.536,-395.277,158.544
105.61,-395.478,158.258
105.684,-395.667,158.115
105.758,-395.867,158.159
105.832,-396.056,158.203
105.907,-396.246,158.247
105.981,-396.435,158.291
106.055,-396.624,158.412
106.129,-396.825,158.654
106.203,-397.025,159.071
106.277,-397.225,159.653
106.351,-397.437,160.389
106.416,-397.637,161.257
106.48,-397.837,162.213
106.545,-398.037,163.553
106.6,-398.249,165.201
106.645,-398.449,166.959
106.681,-398.649,168.805
106.717,-398.849,170.947
106.743,-399.048,173.177
106.76,-399.248,175.869
106.768,-399.459,179.055
106.756,-399.669,182.637
106.734,-399.88,186.031
106.703,-400.079,189.514
106.663,-400.278,193.184
106.604,-400.488,196.985
106.525,-400.675,200.511
106.447,-400.863,204.126
106.359,-401.051,207.784
106.252,-401.227,211.476
106.136,-401.403,215.167
106.01,-401.568,218.969
105.865,-401.721,222.737
105.721,-401.864,226.088
105.567,-401.995,229.581
105.404,-402.115,232.625
105.24,-402.235,235.492
105.058,-402.344,237.645
104.866,-402.442,239.985
104.693,-402.551,242.633
104.511,-402.638,244.38
104.31,-402.724,245.984
104.118,-402.8,247.192
103.927,-402.875,248.28
103.726,-402.95,249.335
103.525,-403.015,250.269
103.315,-403.068,251.708
103.132,-403.166,252.433
102.932,-403.208,252.686
102.731,-403.25,252.598
102.53,-403.325,252.147
102.329,-403.356,251.763
102.138,-403.443,251.576
101.937,-403.507,251.433
101.736,-403.56,251.334
101.535,-403.647,251.598
101.334,-403.711,251.631
101.143,-403.776,251.532
100.932,-403.84,251.576
100.741,-403.904,251.455
100.549,-403.969,251.345
100.348,-404.033,250.697
100.157,-404.097,250.115
99.956,-404.15,249.027
99.765,-404.226,248.577
99.573,-404.301,248.247
99.382,-404.377,248.203
99.19,-404.452,248.247
98.999,-404.528,248.192
98.807,-404.592,248.192
98.616,-404.679,248.28
98.415,-404.743,248.379
98.214,-404.83,248.599
98.022,-404.905,248.928
97.811,-404.98,249.269
97.62,-405.045,249.664
97.409,-405.12,249.928
97.208,-405.196,250.247
97.008,-405.26,250.587
96.806,-405.335,250.851
96.606,-405.4,250.939
96.395,-405.475,250.884
96.194,-405.539,250.807
96.003,-405.604,250.598
95.792,-405.679,250.356
95.601,-405.754,250.071
95.4,-405.819,249.807
95.208,-405.894,249.532
95.017,-405.958,249.324
94.825,-406.034,249.104
94.634,-406.109,248.906
94.442,-406.174,248.708
94.251,-406.249,248.522
94.05,-406.325,248.346
93.858,-406.4,248.225
93.657,-406.476,248.137
93.456,-406.562,248.071
93.265,-406.626,248.016
93.063,-406.713,247.972
92.872,-406.788,247.917
92.68,-406.864,247.95
92.479,-406.939,247.972
92.278,-407.026,248.049
92.077,-407.101,248.104
91.886,-407.177,248.181
91.685,-407.252,248.236
91.484,-407.327,248.346
91.292,-407.403,248.5
91.101,-407.478,248.61
90.899,-407.554,248.676
90.708,-407.629,248.719
90.507,-407.705,248.763
90.306,-407.78,248.818
90.114,-407.856,248.884
89.923,-407.931,248.884
89.731,-407.995,248.917
89.53,-408.071,248.961
89.339,-408.146,249.027
89.148,-408.211,249.06
88.946,-408.286,249.049
88.745,-408.361,249.049
88.554,-408.437,249.038
88.353,-408.512,248.972
88.161,-408.588,248.961
87.97,-408.652,248.95
87.778,-408.728,248.95
87.587,-408.792,248.961
87.386,-408.868,249.016
87.185,-408.943,249.104
86.993,-409.018,249.159
86.802,-409.083,249.148
86.601,-409.158,249.192
86.4,-409.234,249.269
86.208,-409.309,249.346
85.998,-409.384,249.445
85.797,-409.46,249.565
85.596,-409.535,249.686
85.395,-409.599,249.818
85.184,-409.675,249.95
84.993,-409.739,250.115
84.782,-409.814,250.345
84.591,-409.879,250.565
84.39,-409.954,250.752
84.198,-410.019,250.873
84.007,-410.083,250.95
83.806,-410.136,251.06
83.615,-410.212,251.213
83.414,-410.276,251.345
83.213,-410.34,251.477
83.012,-410.416,251.565
82.811,-410.48,251.653
82.601,-410.544,251.719
82.39,-410.608,251.763
82.189,-410.673,251.763
81.998,-410.737,251.664
81.787,-410.801,251.521
81.577,-410.865,251.378
81.385,-410.93,251.246
81.165,-411.005,251.169
80.955,-411.08,251.071
80.754,-411.145,250.895
80.562,-411.209,250.741
80.371,-411.273,250.653
80.18,-411.338,250.576
79.979,-411.413,250.466
79.787,-411.478,250.28
79.577,-411.553,250.038
79.376,-411.617,249.752
79.175,-411.693,249.456
78.964,-411.768,249.049
78.744,-411.865,248.533
78.533,-411.94,247.939
78.313,-412.027,247.28
78.093,-412.124,246.533
77.872,-412.221,245.709
77.681,-412.308,244.984
77.498,-412.395,244.171
77.278,-412.492,243.16
77.096,-412.59,242.292
76.904,-412.687,241.403
76.712,-412.785,240.502
76.53,-412.894,239.601
76.348,-413.003,238.7
76.165,-413.112,237.711
75.983,-413.232,236.7
75.801,-413.34,235.712
75.618,-413.46,234.734
75.436,-413.58,233.712
75.263,-413.711,232.679
75.089,-413.842,231.647
74.916,-413.985,230.592
74.743,-414.127,229.537
74.579,-414.269,228.483
74.397,-414.422,227.428
74.233,-414.576,226.362
74.088,-414.729,225.264
73.924,-414.883,224.088
73.76,-415.047,222.913
73.616,-415.201,221.704
73.471,-415.377,220.485
73.316,-415.541,219.287
73.172,-415.717,218.046
73.036,-415.893,216.76
72.901,-416.08,215.442
72.765,-416.267,214.113
72.639,-416.454,212.761
72.513,-416.641,211.377
72.396,-416.839,209.96
72.289,-417.037,208.553
72.182,-417.236,207.114
72.075,-417.434,205.631
71.978,-417.644,204.115
71.88,-417.853,202.577
71.792,-418.063,201.039
71.713,-418.273,199.49
71.644,-418.483,197.941
71.566,-418.703,196.392
71.496,-418.924,194.832
71.446,-419.145,193.239
71.387,-419.367,191.667
71.346,-419.599,190.107
71.315,-419.831,188.536
71.274,-420.053,186.965
71.253,-420.285,185.383
71.222,-420.507,183.812
71.209,-420.739,182.285
71.197,-420.983,180.791
71.195,-421.205,179.352
71.202,-421.437,178.011
71.209,-421.67,176.748
71.225,-421.903,175.583
71.242,-422.136,174.474
71.258,-422.369,173.452
71.284,-422.602,172.496
71.32,-422.835,171.628
71.355,-423.069,170.804
71.391,-423.302,170.013
71.427,-423.535,169.277
71.472,-423.757,168.596
71.517,-423.991,167.981
71.572,-424.224,167.388
71.617,-424.446,166.794
71.671,-424.668,166.179
71.726,-424.902,165.575
71.781,-425.124,164.971
71.845,-425.347,164.388
71.9,-425.58,163.795
71.964,-425.802,163.246
72.038,-426.025,162.74
72.102,-426.247,162.246
72.176,-426.47,161.741
72.24,-426.681,161.246
72.324,-426.904,160.774
72.398,-427.126,160.323
72.471,-427.349,159.928
72.545,-427.56,159.587
72.629,-427.783,159.291
72.712,-427.994,159.038
72.796,-428.217,158.818
72.879,-428.44,158.599
72.962,-428.651,158.401
73.046,-428.874,158.258
73.139,-429.085,158.148
73.222,-429.297,158.06
73.306,-429.509,157.95
73.389,-429.731,157.819
73.473,-429.943,157.665
73.556,-430.165,157.5
73.649,-430.377,157.302
73.732,-430.588,157.126
73.825,-430.8,156.918
73.918,-431.023,156.698
74.002,-431.223,156.5
74.095,-431.435,156.324
74.188,-431.647,156.149
74.281,-431.869,156.028
74.374,-432.081,155.951
74.467,-432.282,155.874
74.56,-432.504,155.841
74.653,-432.716,155.83
74.746,-432.928,155.797
74.839,-433.128,155.764
74.932,-433.34,155.764
75.025,-433.551,155.753
75.118,-433.763,155.731
75.202,-433.964,155.698
75.295,-434.175,155.687
75.388,-434.376,155.665
75.481,-434.587,155.643
75.574,-434.788,155.61
75.667,-435,155.566
75.76,-435.211,155.533
75.853,-435.412,155.522
75.937,-435.623,155.533
76.03,-435.824,155.588
76.123,-436.024,155.654
76.216,-436.236,155.709
76.309,-436.437,155.764
76.392,-436.648,155.852
76.486,-436.849,155.951
76.569,-437.06,156.083
76.662,-437.261,156.237
76.755,-437.472,156.412
76.839,-437.684,156.632
76.932,-437.896,156.83
77.015,-438.096,157.028
77.108,-438.308,157.192
77.192,-438.53,157.368
77.275,-438.742,157.555
77.368,-438.954,157.742
77.452,-439.176,157.95
77.535,-439.388,158.148
77.618,-439.61,158.346
77.711,-439.833,158.533
77.795,-440.045,158.73
77.878,-440.267,158.906
77.961,-440.49,159.06
78.045,-440.724,159.203
78.119,-440.946,159.335
78.202,-441.169,159.445
78.285,-441.391,159.543
78.369,-441.614,159.62
78.452,-441.848,159.719
78.535,-442.07,159.796
78.618,-442.304,159.895
78.702,-442.538,159.994
78.785,-442.76,160.082
78.868,-442.994,160.17
78.951,-443.228,160.236
79.025,-443.461,160.312
79.108,-443.695,160.389
79.192,-443.929,160.477
79.275,-444.162,160.543
79.339,-444.363,160.598
79.423,-444.596,160.675
79.496,-444.83,160.73
79.58,-445.064,160.796
79.644,-445.264,160.84
79.727,-445.498,160.895
79.801,-445.742,160.972
79.884,-445.976,161.071
79.949,-446.176,161.125
80.032,-446.41,161.191
80.115,-446.655,161.235
80.198,-446.9,161.257
80.272,-447.144,161.246
80.355,-447.389,161.268
80.438,-447.634,161.279
80.512,-447.879,161.279
80.586,-448.068,161.279
80.65,-448.268,161.29
80.715,-448.468,161.257
80.779,-448.669,161.246
80.853,-448.913,161.257
80.936,-449.158,161.268
81.019,-449.403,161.301
81.084,-449.603,161.323
81.157,-449.848,161.301
81.24,-450.093,161.268
81.324,-450.337,161.224
81.388,-450.538,161.202
81.453,-450.738,161.147
81.517,-450.938,161.082
81.591,-451.127,161.016
81.656,-451.328,160.972
81.72,-451.528,160.939
81.785,-451.728,160.906
81.849,-451.928,160.906
81.924,-452.118,160.928
81.988,-452.318,160.95
82.062,-452.518,160.972
82.127,-452.718,161.005
82.191,-452.919,161.049
82.265,-453.152,161.169
82.33,-453.353,161.312
82.413,-453.597,161.543
82.496,-453.831,161.796
82.551,-454.031,161.993
82.625,-454.265,162.246
82.698,-454.509,162.521
82.772,-454.743,162.784
82.846,-454.977,163.048
82.91,-455.199,163.29
82.974,-455.444,163.488
83.038,-455.666,163.663
83.112,-455.889,163.751
83.167,-456.111,163.762
83.231,-456.333,163.707
83.295,-456.556,163.619
83.36,-456.778,163.531
83.424,-456.989,163.411
83.489,-457.201,163.29
83.543,-457.412,163.169
83.608,-457.623,163.048
83.672,-457.835,162.96
83.727,-458.035,162.872
83.792,-458.235,162.817
83.856,-458.446,162.817
83.911,-458.647,162.85
83.976,-458.847,162.938
84.031,-459.047,163.048
84.086,-459.247,163.169
84.159,-459.481,163.356
84.214,-459.681,163.531
84.288,-459.914,163.795
84.352,-460.148,164.114
84.416,-460.381,164.465
84.471,-460.615,164.795
84.535,-460.837,165.125
84.581,-461.037,165.432
84.645,-461.26,165.872
84.69,-461.493,166.399
84.745,-461.715,167.014
84.79,-461.937,167.673
84.835,-462.16,168.344
84.881,-462.382,169.069
84.916,-462.593,169.871
84.952,-462.815,170.717
84.988,-463.037,171.65
85.024,-463.248,172.661
85.04,-463.459,173.738
85.057,-463.67,174.814
85.074,-463.88,175.792
85.091,-464.091,176.594
85.098,-464.302,177.22
85.105,-464.535,177.792
85.112,-464.746,178.22
85.119,-464.978,178.66
85.126,-465.211,179.044
85.123,-465.444,179.308
85.121,-465.677,179.407
85.128,-465.888,179.363
85.126,-466.12,179.187
85.133,-466.331,178.846
85.13,-466.553,178.385
85.138,-466.763,177.88
85.145,-466.974,177.374
85.152,-467.185,176.858
85.169,-467.396,176.375
85.176,-467.628,175.902
85.192,-467.839,175.583
85.209,-468.039,175.342
85.226,-468.239,175.133
85.243,-468.449,174.924
85.26,-468.649,174.727
85.277,-468.849,174.606
85.294,-469.049,174.551
85.31,-469.248,174.452
85.337,-469.459,174.265
85.344,-469.692,174.199
85.37,-469.903,174.243
85.396,-470.114,174.276
85.413,-470.336,174.276
85.43,-470.536,174.188
85.446,-470.746,173.925
85.473,-470.946,173.419
85.499,-471.168,172.694
85.525,-471.379,171.87
85.551,-471.601,170.98
85.587,-471.823,170.035
85.632,-472.045,169.08
85.668,-472.268,168.102
85.713,-472.49,167.113
85.768,-472.712,166.091
85.823,-472.934,164.938
85.887,-473.157,163.564
85.951,-473.379,161.927
86.025,-473.591,160.005
86.099,-473.813,157.917
86.192,-474.025,155.786
86.276,-474.214,153.929
86.369,-474.393,152.062
86.481,-474.593,149.7
86.584,-474.772,147.524
86.706,-474.962,144.91
86.828,-475.129,142.668
86.969,-475.308,140.043
87.101,-475.465,137.758
87.242,-475.621,135.494
87.393,-475.767,133.253
87.544,-475.902,131.045
87.705,-476.048,128.914
87.875,-476.172,126.826
88.045,-476.307,124.739
88.225,-476.419,122.673
88.415,-476.543,120.575
88.604,-476.656,118.466
88.794,-476.758,116.345
88.993,-476.849,114.214
89.202,-476.94,112.104
89.41,-477.031,110.072
89.619,-477.1,108.116
89.847,-477.169,106.271
90.066,-477.238,104.48
90.284,-477.296,102.755
90.484,-477.331,101.415
90.713,-477.378,99.844
90.941,-477.414,98.295
91.179,-477.45,96.757
91.379,-477.474,95.482
91.608,-477.499,93.955
91.808,-477.512,92.681
92.008,-477.514,91.395
92.208,-477.516,90.077
92.408,-477.519,88.759
92.608,-477.521,87.374
92.809,-477.512,86.001
93.009,-477.492,84.639
93.21,-477.472,83.265
93.42,-477.452,81.925
93.62,-477.41,80.596
93.821,-477.379,79.343
94.021,-477.348,78.135
94.222,-477.295,77.047
94.432,-477.253,76.091
94.643,-477.199,75.234
94.872,-477.135,74.323
95.073,-477.082,73.674
95.293,-477.018,73.103
95.494,-476.965,72.554
95.695,-476.901,71.982
95.886,-476.836,71.367
96.087,-476.772,70.752
96.288,-476.708,70.115
96.489,-476.632,69.51
96.68,-476.568,68.906
96.872,-476.481,68.291
97.064,-476.406,67.731
97.265,-476.33,67.214
97.456,-476.255,66.709
97.648,-476.179,66.281
97.839,-476.093,65.918
98.031,-476.006,65.643
98.223,-475.92,65.402
98.414,-475.833,65.215
98.606,-475.747,65.072
98.797,-475.671,64.984
98.979,-475.584,64.907
99.171,-475.498,64.885
99.363,-475.411,64.885
99.554,-475.325,64.929
99.746,-475.238,64.995
99.928,-475.14,65.138
100.12,-475.065,65.347
100.311,-474.978,65.61
100.503,-474.892,65.929
100.695,-474.805,66.292
100.886,-474.73,66.676
101.068,-474.643,67.039
101.26,-474.567,67.368
101.461,-474.481,67.643
101.652,-474.406,67.841
101.844,-474.341,67.983
102.035,-474.266,68.071
102.227,-474.179,68.137
102.447,-474.082,68.126
102.667,-474.007,68.071
102.868,-473.931,68.027
103.07,-473.845,67.83
103.271,-473.769,67.665
103.472,-473.694,67.478
103.682,-473.608,67.39
103.893,-473.521,67.346
104.094,-473.435,67.467
104.295,-473.359,67.588
104.496,-473.284,67.808
104.697,-473.209,68.093
104.908,-473.122,68.555
105.1,-473.047,69.049
105.291,-472.982,69.51
105.492,-472.907,70.082
105.693,-472.843,70.598
105.884,-472.778,71.158
105.855,-472.844,69.961
106.047,-472.769,69.994
106.238,-472.704,70.038
106.43,-472.629,69.994
106.621,-472.565,69.939
106.812,-472.5,70.126
107.004,-472.425,70.961
107.205,-472.36,72.455
107.406,-472.307,74.509
107.606,-472.254,76.948
107.807,-472.223,79.739
108.007,-472.192,82.705
108.208,-472.172,86.111
108.408,-472.174,89.429
108.608,-472.176,92.911
108.808,-472.19,96.295
109.018,-472.225,99.91
109.217,-472.272,103.293
109.417,-472.329,107.029
109.607,-472.398,110.336
109.797,-472.478,114.06
109.977,-472.568,117.323
110.157,-472.67,121.047
110.327,-472.783,124.519
110.488,-472.906,127.859
110.649,-473.041,131.55
110.79,-473.187,134.989
110.931,-473.333,138.472
111.063,-473.489,141.614
111.185,-473.657,144.866
111.298,-473.835,147.7
111.401,-474.014,150.117
111.494,-474.192,152.194
111.587,-474.382,154.259
111.68,-474.582,156.006
111.764,-474.783,157.544
111.838,-474.983,158.807
111.912,-475.172,159.774
111.986,-475.395,160.752
112.051,-475.595,161.466
112.115,-475.795,162.048
112.18,-475.996,162.554
112.244,-476.196,162.927
112.309,-476.418,163.169
112.373,-476.641,163.301
112.437,-476.874,163.334
112.492,-477.074,163.301
112.547,-477.275,163.279
112.602,-477.475,163.268
112.685,-477.697,163.213
112.74,-477.92,163.147
112.805,-478.131,163.07
112.869,-478.353,163.048
112.933,-478.587,163.037
112.997,-478.809,163.004
113.071,-479.054,162.949
113.145,-479.288,162.894
113.218,-479.521,162.806
113.273,-479.721,162.751
113.347,-479.966,162.697
113.411,-480.166,162.664
113.476,-480.366,162.631
113.55,-480.611,162.543
113.614,-480.811,162.422
113.669,-481.034,162.224
113.733,-481.245,162.092
113.788,-481.445,161.993
113.853,-481.657,161.938
113.917,-481.879,161.873
114.019,-482.102,161.741
114.093,-482.324,161.554
114.139,-482.524,161.279
114.194,-482.736,161.082
114.267,-482.958,161.005
114.341,-483.203,161.005
114.415,-483.436,160.972
114.498,-483.648,160.906
114.61,-483.849,160.752
114.694,-484.071,160.576
114.758,-484.327,160.455
114.841,-484.561,160.378
114.915,-484.783,160.323
114.998,-485.006,160.258
115.081,-485.239,160.181
115.174,-485.484,160.115
115.257,-485.729,160.06
115.34,-485.974,159.994
115.423,-486.208,159.928
115.516,-486.453,159.851
115.599,-486.686,159.774
115.682,-486.931,159.697
115.775,-487.176,159.642
115.858,-487.41,159.587
115.951,-487.655,159.565
116.043,-487.911,159.543
116.127,-488.155,159.51
116.219,-488.389,159.478
116.312,-488.645,159.456
116.395,-488.89,159.434
116.469,-489.079,159.412
116.562,-489.324,159.39
116.645,-489.569,159.346
116.738,-489.814,159.324
116.83,-490.059,159.324
116.904,-490.248,159.324
116.988,-490.493,159.346
117.08,-490.738,159.379
117.173,-490.971,159.445
117.256,-491.216,159.532
117.349,-491.472,159.631
117.432,-491.717,159.763
117.506,-491.906,159.873
117.589,-492.14,160.005
117.672,-492.385,160.137
117.765,-492.63,160.258
117.848,-492.886,160.356
117.931,-493.13,160.466
118.014,-493.375,160.609
118.097,-493.631,160.763
118.18,-493.876,160.917
118.263,-494.121,161.049
118.346,-494.376,161.169
118.439,-494.621,161.279
118.522,-494.877,161.4
118.596,-495.122,161.521
118.679,-495.367,161.653
118.762,-495.623,161.785
118.845,-495.867,161.895
118.918,-496.123,162.004
119.001,-496.368,162.114
119.075,-496.613,162.224
119.148,-496.868,162.301
119.231,-497.113,162.356
119.305,-497.369,162.4
119.388,-497.614,162.433
119.462,-497.858,162.466
119.535,-498.114,162.499
119.618,-498.359,162.543
119.692,-498.615,162.576
119.775,-498.871,162.609
119.848,-499.115,162.642
119.922,-499.371,162.664
119.995,-499.627,162.686
120.069,-499.872,162.729
120.142,-500.127,162.773
120.216,-500.372,162.817
120.289,-500.628,162.861
120.372,-500.884,162.883
120.446,-501.128,162.905
120.519,-501.384,162.927
120.583,-501.629,162.96
120.657,-501.884,163.015
120.74,-502.129,163.048
120.813,-502.385,163.092
120.887,-502.63,163.114
120.961,-502.874,163.125
121.034,-503.13,163.136
121.107,-503.386,163.158
121.181,-503.631,163.169
121.254,-503.886,163.158
121.328,-504.131,163.147
121.402,-504.387,163.125
121.475,-504.643,163.092
121.548,-504.898,163.059
121.622,-505.143,163.037
121.695,-505.399,163.015
121.779,-505.644,162.993
121.824,-505.844,162.982
121.907,-506.088,162.971
121.981,-506.344,162.96
122.054,-506.589,162.938
122.128,-506.845,162.916
122.201,-507.1,162.905
122.275,-507.356,162.894
122.348,-507.601,162.872
122.422,-507.857,162.861
122.495,-508.112,162.85
122.578,-508.357,162.839
122.652,-508.613,162.817
122.725,-508.869,162.806
122.799,-509.113,162.795
122.872,-509.369,162.762
122.955,-509.614,162.74
123.029,-509.859,162.719
123.102,-510.114,162.708
123.176,-510.37,162.708
123.259,-510.615,162.708
123.332,-510.871,162.697
123.406,-511.115,162.708
123.479,-511.371,162.74
123.553,-511.616,162.784
123.627,-511.861,162.839
123.7,-512.116,162.916
123.773,-512.372,162.993
123.847,-512.617,163.07
123.93,-512.873,163.114
124.004,-513.117,163.158
124.077,-513.373,163.213
124.151,-513.629,163.246
124.224,-513.874,163.268
124.298,-514.118,163.279
124.362,-514.374,163.268
124.445,-514.63,163.235
124.509,-514.874,163.202
124.582,-515.13,163.169
124.656,-515.386,163.147
124.729,-515.631,163.147
124.784,-515.831,163.136
124.858,-516.087,163.125
124.931,-516.331,163.125
125.005,-516.587,163.103
125.078,-516.832,163.07
125.152,-517.087,163.059
125.207,-517.288,163.048
125.28,-517.532,163.037
125.363,-517.777,163.037
125.437,-518.022,163.037
125.51,-518.278,163.026
125.565,-518.478,163.015
125.639,-518.722,162.993
125.713,-518.978,162.993
125.777,-519.223,163.037
125.85,-519.478,163.125
125.943,-519.723,163.147
126.016,-519.968,163.125
126.09,-520.224,163.092
126.154,-520.479,163.114
126.227,-520.724,163.169
126.301,-520.98,163.224
126.374,-521.236,163.29
126.448,-521.48,163.312
126.521,-521.725,163.334
126.595,-521.981,163.367
126.668,-522.237,163.422
126.742,-522.492,163.477
126.806,-522.737,163.531
126.879,-522.982,163.564
126.953,-523.237,163.586
127.008,-523.438,163.586
127.081,-523.693,163.597
127.155,-523.949,163.619
127.209,-524.194,163.641
127.283,-524.438,163.663
127.366,-524.694,163.641
127.43,-524.95,163.575
127.503,-525.206,163.477
127.567,-525.439,163.411
127.641,-525.695,163.378
127.733,-525.962,163.378
127.807,-526.218,163.378
127.88,-526.473,163.312
127.944,-526.707,163.235
128.018,-526.952,163.158
128.091,-527.218,163.114
128.146,-527.419,163.081
128.22,-527.674,163.059
128.303,-527.897,163.037
128.377,-528.142,163.004
128.45,-528.397,162.949
128.505,-528.598,162.927
128.579,-528.853,162.894
128.652,-529.098,162.861
128.726,-529.343,162.828
128.799,-529.599,162.795
128.873,-529.854,162.762
128.946,-530.11,162.751
129.02,-530.344,162.719
129.093,-530.599,162.664
129.176,-530.844,162.62
129.231,-531.044,162.587
129.305,-531.3,162.565
129.378,-531.545,162.532
129.452,-531.789,162.499
129.525,-532.045,162.455
129.599,-532.301,162.389
129.673,-532.546,162.356
129.756,-532.791,162.356
129.829,-533.046,162.345
129.912,-533.291,162.323
129.995,-533.547,162.279
130.069,-533.803,162.257
130.152,-534.047,162.257
130.225,-534.292,162.268
130.299,-534.548,162.29
130.382,-534.793,162.323
130.455,-535.049,162.345
130.539,-535.293,162.367
130.612,-535.549,162.389
130.695,-535.805,162.411
130.769,-536.05,162.444
130.842,-536.305,162.466
130.915,-536.561,162.488
130.998,-536.817,162.51
131.072,-537.062,162.554
131.146,-537.306,162.576
131.229,-537.562,162.609
131.302,-537.807,162.631
131.376,-538.063,162.664
131.449,-538.307,162.675
131.532,-538.552,162.675
131.606,-538.797,162.686
131.679,-539.053,162.697
131.753,-539.308,162.729
131.836,-539.564,162.773
131.91,-539.798,162.806
131.993,-540.043,162.795
132.066,-540.298,162.729
132.14,-540.554,162.642
132.213,-540.81,162.587
132.268,-541.043,162.609
132.341,-541.288,162.664
132.424,-541.544,162.642
132.518,-541.733,162.631
132.591,-541.989,162.543
132.665,-542.234,162.422
132.719,-542.489,162.334
132.802,-542.734,162.301
132.848,-542.934,162.279
132.931,-543.19,162.257
133.004,-543.446,162.224
133.097,-543.691,162.18
133.17,-543.947,162.125
133.244,-544.191,162.059
133.327,-544.436,162.015
133.4,-544.692,161.982
133.483,-544.948,161.96
133.557,-545.192,161.927
133.64,-545.437,161.884
133.714,-545.682,161.84
133.797,-545.938,161.84
133.87,-546.182,161.84
133.953,-546.427,161.851
134.027,-546.683,161.862
134.11,-546.928,161.862
134.183,-547.184,161.851
134.266,-547.428,161.84
134.34,-547.684,161.851
134.423,-547.929,161.851
134.506,-548.185,161.862
134.58,-548.429,161.851
134.663,-548.685,161.818
134.736,-548.93,161.774
134.819,-549.175,161.741
134.902,-549.431,161.697
134.985,-549.675,161.631
135.068,-549.931,161.576
135.151,-550.176,161.51
135.225,-550.421,161.444
135.308,-550.677,161.389
135.391,-550.922,161.334
135.474,-551.166,161.29
135.548,-551.422,161.246
135.64,-551.667,161.18
135.723,-551.912,161.115
135.797,-552.156,161.049
135.88,-552.412,160.994
135.963,-552.657,160.939
136.037,-552.902,160.917
136.12,-553.158,160.928
136.212,-553.403,160.939
136.295,-553.647,160.95
136.369,-553.892,160.972
136.462,-554.148,160.983
136.535,-554.393,161.016
136.618,-554.649,161.071
136.701,-554.893,161.125
136.784,-555.149,161.169
136.867,-555.394,161.213
136.951,-555.639,161.235
137.034,-555.895,161.29
137.116,-556.151,161.345
137.2,-556.395,161.389
137.283,-556.64,161.433
137.366,-556.885,161.466
137.439,-557.141,161.521
137.522,-557.385,161.576
137.606,-557.63,161.609
137.679,-557.886,161.653
137.762,-558.131,161.686
137.845,-558.387,161.73
137.919,-558.642,161.763
138.002,-558.887,161.818
138.075,-559.132,161.862
138.158,-559.388,161.906
138.241,-559.633,161.949
138.324,-559.889,161.993
138.398,-560.133,162.037
138.481,-560.378,162.092
138.555,-560.634,162.125
138.638,-560.879,162.158
138.693,-561.079,162.202
138.766,-561.323,162.257
138.84,-561.568,162.301
138.923,-561.813,162.345
138.997,-562.058,162.411
139.052,-562.258,162.466
139.135,-562.502,162.532
139.208,-562.758,162.598
139.282,-563.003,162.664
139.355,-563.259,162.74
139.41,-563.459,162.795
139.484,-563.715,162.861
139.567,-563.97,162.916
139.631,-564.204,162.971
139.704,-564.449,163.026
139.787,-564.716,163.092
139.852,-564.916,163.147
139.925,-565.172,163.202
139.989,-565.405,163.246
140.063,-565.661,163.279
140.136,-565.917,163.312
140.21,-566.172,163.356
140.274,-566.417,163.411
140.357,-566.673,163.466
140.421,-566.917,163.51
140.494,-567.162,163.542
140.568,-567.418,163.575
140.632,-567.662,163.619
140.705,-567.918,163.652
140.779,-568.174,163.707
140.852,-568.419,163.74
140.926,-568.674,163.773
140.99,-568.93,163.806
141.063,-569.186,163.839
141.127,-569.431,163.883
141.182,-569.631,163.916
141.256,-569.875,163.938
141.329,-570.131,163.938
141.393,-570.387,163.905
141.467,-570.643,163.85
141.54,-570.887,163.795
141.604,-571.143,163.762
141.678,-571.399,163.718
141.751,-571.643,163.685
141.815,-571.899,163.652
141.889,-572.144,163.619
141.962,-572.399,163.553
142.036,-572.644,163.499
142.081,-572.844,163.466
142.155,-573.089,163.422
142.228,-573.345,163.389
142.302,-573.589,163.367
142.375,-573.845,163.323
142.449,-574.101,163.279
142.522,-574.346,163.224
142.596,-574.601,163.18
142.669,-574.857,163.147
142.743,-575.102,163.114
142.816,-575.358,163.081
142.89,-575.613,163.059
142.963,-575.869,163.026
143.037,-576.114,162.993
143.11,-576.37,162.96
143.184,-576.614,162.927
143.257,-576.87,162.905
143.331,-577.115,162.883
143.404,-577.37,162.861
143.478,-577.615,162.839
143.561,-577.871,162.817
143.635,-578.116,162.806
143.708,-578.371,162.784
143.782,-578.627,162.773
143.855,-578.872,162.784
143.929,-579.128,162.828
144.002,-579.372,162.872
144.076,-579.617,162.916
144.131,-579.817,162.96
144.214,-580.062,162.993
144.287,-580.318,162.971
144.361,-580.574,162.894
144.434,-580.818,162.795
144.508,-581.074,162.686
144.581,-581.33,162.587
144.664,-581.575,162.488
144.738,-581.83,162.389
144.821,-582.086,162.29
144.895,-582.32,162.169
144.968,-582.576,162.059
145.051,-582.82,161.938
145.106,-583.02,161.862
145.189,-583.265,161.752
145.263,-583.51,161.664
145.346,-583.755,161.576
145.419,-584.011,161.488
145.503,-584.255,161.389
145.586,-584.5,161.301
145.669,-584.745,161.213
145.752,-585.001,161.125
145.835,-585.246,161.038
145.908,-585.501,160.961
145.991,-585.746,160.884
146.074,-586.002,160.807
146.158,-586.247,160.719
146.25,-586.492,160.631
146.333,-586.748,160.543
146.416,-586.992,160.455
146.499,-587.237,160.378
146.592,-587.482,160.291
146.675,-587.738,160.203
146.758,-587.983,160.148
146.851,-588.228,160.093
146.934,-588.472,160.071
147.027,-588.717,160.093
147.11,-588.962,160.137
147.193,-589.207,160.214
147.276,-589.452,160.312
147.369,-589.708,160.422
147.452,-589.963,160.543
147.535,-590.208,160.675
147.627,-590.453,160.774
147.71,-590.698,160.862
147.784,-590.954,160.928
147.867,-591.199,160.972
147.95,-591.443,161.016
148.033,-591.699,161.049
148.116,-591.944,161.082
148.199,-592.2,161.093
148.282,-592.445,161.093
148.365,-592.689,161.082
148.448,-592.945,161.071
148.532,-593.19,161.071
148.615,-593.446,161.082
148.698,-593.691,161.082
148.781,-593.947,161.093
148.854,-594.191,161.093
148.937,-594.436,161.093
149.02,-594.692,161.071
149.103,-594.937,161.06
149.186,-595.193,161.06
149.27,-595.437,161.06
149.353,-595.682,161.06
149.436,-595.927,161.06
149.519,-596.183,161.071
149.602,-596.428,161.071
149.685,-596.672,161.06
149.768,-596.928,161.049
149.851,-597.173,161.038
149.934,-597.418,161.049
150.017,-597.674,161.06
150.1,-597.919,161.093
150.183,-598.163,161.115
150.257,-598.419,161.136
150.35,-598.664,161.147
150.423,-598.92,161.169
150.506,-599.165,161.191
150.589,-599.409,161.213
150.672,-599.665,161.235
150.755,-599.91,161.257
150.829,-600.166,161.312
150.912,-600.411,161.356
150.995,-600.655,161.411
151.078,-600.911,161.455
151.152,-601.156,161.499
151.235,-601.401,161.565
151.318,-601.657,161.642
151.391,-601.901,161.719
151.474,-602.157,161.818
151.557,-602.402,161.906
151.64,-602.658,161.982
151.724,-602.903,162.048
151.797,-603.158,162.114
151.88,-603.414,162.191
151.945,-603.615,162.257
152.009,-603.815,162.323
152.074,-604.026,162.378
152.138,-604.249,162.444
152.202,-604.46,162.488
152.276,-604.682,162.532
152.35,-604.916,162.565
152.414,-605.161,162.609
152.488,-605.394,162.642
152.561,-605.639,162.697
152.635,-605.872,162.74
152.708,-606.117,162.784
152.782,-606.373,162.817
152.855,-606.629,162.85
152.929,-606.884,162.861
153.012,-607.151,162.85
153.095,-607.418,162.817
153.168,-607.685,162.773
153.251,-607.952,162.729
153.333,-608.23,162.686
153.416,-608.497,162.642
153.499,-608.775,162.598
153.582,-609.053,162.554
153.646,-609.253,162.521
153.729,-609.532,162.488
153.821,-609.821,162.444
153.904,-610.11,162.389
153.987,-610.388,162.345
154.069,-610.677,162.301
154.161,-610.966,162.268
154.236,-611.167,162.235
154.3,-611.367,162.191
154.355,-611.567,162.136
154.447,-611.856,162.059
154.512,-612.057,162.015
154.594,-612.346,161.96
154.687,-612.635,161.906
154.751,-612.835,161.862
154.816,-613.035,161.818
154.908,-613.325,161.741
154.972,-613.525,161.697
155.037,-613.725,161.664
155.092,-613.925,161.62
155.166,-614.126,161.576
155.221,-614.326,161.532
155.285,-614.526,161.488
155.35,-614.726,161.444
155.415,-614.926,161.4
155.479,-615.138,161.345
155.553,-615.338,161.301
155.618,-615.538,161.257
155.682,-615.739,161.224
155.747,-615.939,161.18
155.811,-616.139,161.136
155.876,-616.339,161.104
155.94,-616.54,161.06
156.014,-616.74,161.027
156.079,-616.94,160.983
156.181,-617.23,160.917
156.245,-617.43,160.873
156.31,-617.63,160.829
156.374,-617.83,160.774
156.448,-618.031,160.719
156.513,-618.242,160.664
156.577,-618.442,160.609
156.651,-618.631,160.565
156.716,-618.832,160.521
156.78,-619.032,160.477
156.873,-619.299,160.411
156.947,-619.488,160.378
157.012,-619.688,160.334
157.104,-619.967,160.28
157.178,-620.167,160.247
157.27,-620.445,160.203
157.363,-620.723,160.181
157.455,-620.979,160.159
157.548,-621.235,160.137
157.64,-621.502,160.115
157.723,-621.747,160.104
157.816,-622.003,160.104
157.908,-622.259,160.115
157.991,-622.504,160.126
158.074,-622.749,160.148
158.167,-623.005,160.159
158.25,-623.249,160.17
158.343,-623.494,160.181
158.426,-623.739,160.192
158.509,-623.995,160.214
158.601,-624.24,160.225
158.685,-624.485,160.247
158.768,-624.729,160.247
158.86,-624.974,160.258
158.943,-625.23,160.258
159.026,-625.475,160.258
159.11,-625.72,160.258
159.202,-625.965,160.28
159.285,-626.198,160.291
159.369,-626.443,160.302
159.452,-626.688,160.312
159.535,-626.922,160.323
159.618,-627.155,160.334
159.701,-627.4,160.345
159.784,-627.645,160.356
159.868,-627.89,160.367
159.951,-628.123,160.367
160.034,-628.357,160.378
160.108,-628.591,160.378
160.191,-628.824,160.389
160.274,-629.058,160.411
160.357,-629.292,160.433
160.431,-629.525,160.433
160.514,-629.748,160.422
160.579,-629.971,160.422
160.653,-630.182,160.444
160.727,-630.393,160.455
160.801,-630.594,160.499
160.865,-630.794,160.543
160.93,-630.994,160.587
161.004,-631.195,160.642
161.078,-631.428,160.73
161.161,-631.673,160.862
161.234,-631.918,161.016
161.318,-632.151,161.224
161.391,-632.374,161.444
161.465,-632.596,161.697
161.529,-632.819,161.927
161.603,-633.052,162.158
161.677,-633.275,162.389
161.741,-633.497,162.631
161.805,-633.731,162.894
161.87,-633.953,163.169
161.934,-634.176,163.477
161.998,-634.398,163.806
162.053,-634.609,164.158
162.118,-634.832,164.531
162.172,-635.043,164.905
162.227,-635.276,165.311
162.282,-635.499,165.74
162.337,-635.71,166.179
162.391,-635.932,166.641
162.437,-636.143,167.102
162.482,-636.365,167.574
162.527,-636.588,168.08
162.573,-636.81,168.607
162.608,-637.021,169.189
162.644,-637.243,169.816
162.689,-637.454,170.497
162.716,-637.676,171.233
162.751,-637.887,172.024
162.778,-638.109,172.859
162.794,-638.32,173.76
162.82,-638.542,174.705
162.837,-638.753,175.693
162.844,-638.975,176.693
162.851,-639.185,177.704
162.859,-639.407,178.715
162.856,-639.662,180.022
162.853,-639.873,181.11
162.851,-640.083,182.241
162.839,-640.294,183.45
162.818,-640.504,184.724
162.797,-640.714,186.042
162.775,-640.914,187.427
162.744,-641.124,188.866
162.704,-641.323,190.36
162.664,-641.522,191.898
162.613,-641.754,193.854
162.564,-641.953,195.436
162.485,-642.185,197.424
162.406,-642.417,199.468
162.327,-642.649,201.5
162.229,-642.859,203.478
162.132,-643.079,205.433
162.025,-643.289,207.411
161.908,-643.487,209.41
161.791,-643.685,211.388
161.675,-643.872,213.333
161.539,-644.059,215.266
161.404,-644.246,217.233
161.268,-644.422,219.188
161.124,-644.587,221.111
160.969,-644.751,223.011
160.815,-644.905,224.901
160.661,-645.058,226.791
160.497,-645.212,228.658
160.324,-645.343,230.438
160.151,-645.485,232.13
159.978,-645.616,233.69
159.795,-645.747,235.096
159.613,-645.867,236.338
159.43,-645.987,237.426
159.238,-646.096,238.392
159.046,-646.216,239.238
158.854,-646.325,239.985
158.653,-646.444,240.71
158.442,-646.553,241.381
158.24,-646.661,242.029
158.03,-646.77,242.611
157.819,-646.878,243.138
157.598,-646.987,243.633
157.387,-647.084,244.072
157.205,-647.171,244.391
157.023,-647.258,244.709
156.803,-647.355,245.094
156.621,-647.442,245.391
156.391,-647.539,245.698
156.209,-647.626,245.918
155.979,-647.723,246.204
155.787,-647.798,246.434
155.605,-647.885,246.676
155.414,-647.961,246.907
155.231,-648.047,247.126
155.04,-648.123,247.335
154.848,-648.198,247.544
154.657,-648.274,247.764
154.427,-648.36,248.082
154.197,-648.457,248.412
154.006,-648.533,248.687
153.814,-648.597,248.983
153.623,-648.672,249.324
153.431,-648.737,249.73
153.24,-648.801,250.214
153.01,-648.887,250.917
152.819,-648.952,251.543
152.627,-649.016,252.235
152.379,-649.08,253.191
152.14,-649.155,254.268
151.91,-649.208,255.454
151.681,-649.261,256.761
151.451,-649.314,258.124
151.222,-649.356,259.497
151.012,-649.386,260.881
150.783,-649.417,262.562
150.582,-649.437,264.023
150.363,-649.457,265.858
150.163,-649.466,267.715
149.953,-649.464,269.604
149.743,-649.461,271.538
149.543,-649.459,273.516
149.343,-649.435,275.559
149.134,-649.41,277.668
148.934,-649.375,279.855
148.724,-649.339,282.14
148.515,-649.293,284.491
148.316,-649.224,286.831
148.097,-649.155,289.193
147.888,-649.075,291.599
147.679,-648.984,294.071
147.471,-648.882,296.631
147.291,-648.791,298.817
147.082,-648.667,301.476
146.912,-648.554,303.706
146.732,-648.419,305.991
146.553,-648.284,308.331
146.392,-648.15,310.704
146.222,-647.992,313.132
146.052,-647.835,315.615
145.892,-647.656,318.142
145.742,-647.477,320.68
145.591,-647.276,323.174
145.469,-647.108,325.107
145.357,-646.941,326.975
145.244,-646.762,328.7
145.141,-646.584,330.26
145.038,-646.394,331.633
144.936,-646.205,332.765
144.842,-646.004,333.644
144.749,-645.804,334.281
144.656,-645.603,334.688
144.554,-645.391,334.962
144.461,-645.18,335.16
144.358,-644.968,335.336
144.265,-644.745,335.479
144.163,-644.522,335.643
144.07,-644.3,335.808
143.967,-644.077,336.006
143.865,-643.843,336.226
143.763,-643.609,336.456
143.689,-643.42,336.643
143.586,-643.175,336.907
143.484,-642.93,337.17
143.382,-642.685,337.401
143.308,-642.495,337.555
143.234,-642.306,337.687
143.159,-642.117,337.786
143.085,-641.928,337.885
143.011,-641.738,337.961
142.937,-641.538,338.038
142.863,-641.349,338.104
142.789,-641.148,338.17
142.705,-640.959,338.236
142.631,-640.77,338.291
142.557,-640.569,338.335
142.483,-640.38,338.379
142.408,-640.191,338.423
142.334,-639.99,338.478
142.26,-639.801,338.522
142.186,-639.601,338.588
142.112,-639.401,338.643
142.038,-639.211,338.698
141.964,-639.022,338.752
141.889,-638.833,338.807
141.815,-638.643,338.851
141.723,-638.387,338.906
141.648,-638.198,338.939
141.565,-637.953,338.994
141.473,-637.72,339.049
141.389,-637.486,339.093
141.306,-637.263,339.137
141.223,-637.041,339.192
141.149,-636.84,339.291
141.074,-636.64,339.423
140.991,-636.395,339.62
140.908,-636.161,339.807
140.834,-635.95,339.972
140.76,-635.739,340.137
140.686,-635.527,340.323
140.612,-635.327,340.499
140.548,-635.127,340.675
140.474,-634.915,340.851
140.409,-634.715,341.016
140.345,-634.515,341.169
140.271,-634.281,341.356
140.206,-634.081,341.499
140.133,-633.847,341.653
140.059,-633.614,341.741
139.985,-633.391,341.807
139.911,-633.157,341.851
139.847,-632.957,341.851
139.773,-632.724,341.84
139.7,-632.49,341.862
139.626,-632.256,341.884
139.561,-632.056,341.884
139.497,-631.856,341.895
139.432,-631.656,341.927
139.368,-631.455,341.96
139.303,-631.244,341.982
139.239,-631.033,342.004
139.174,-630.821,342.004
139.11,-630.61,342.015
139.036,-630.388,342.015
138.972,-630.165,342.015
138.898,-629.943,342.037
138.834,-629.72,342.081
138.76,-629.487,342.103
138.686,-629.253,342.125
138.613,-629.019,342.147
138.539,-628.786,342.136
138.465,-628.541,342.103
138.392,-628.308,342.07
138.327,-628.107,342.059
138.253,-627.874,342.037
138.198,-627.674,342.015
138.115,-627.429,341.982
138.06,-627.229,341.96
137.977,-626.984,341.938
137.904,-626.739,341.895
137.839,-626.539,341.862
137.775,-626.339,341.84
137.71,-626.138,341.807
137.645,-625.938,341.785
137.581,-625.738,341.763
137.517,-625.527,341.752
137.452,-625.326,341.73
137.388,-625.115,341.708
137.323,-624.904,341.686
137.249,-624.692,341.664
137.185,-624.47,341.642
137.111,-624.247,341.631
137.037,-624.025,341.653
136.973,-623.802,341.675
136.899,-623.58,341.697
136.825,-623.357,341.719
136.752,-623.124,341.741
136.678,-622.901,341.763
136.604,-622.668,341.785
136.53,-622.434,341.785
136.457,-622.2,341.796
136.383,-621.956,341.796
136.309,-621.722,341.796
136.226,-621.477,341.818
136.153,-621.233,341.84
136.079,-620.988,341.873
135.996,-620.743,341.884
135.922,-620.499,341.884
135.839,-620.254,341.884
135.766,-619.998,341.862
135.683,-619.753,341.873
135.6,-619.497,341.884
135.526,-619.242,341.906
135.443,-618.986,341.917
135.36,-618.73,341.927
135.277,-618.474,341.917
135.194,-618.218,341.906
135.139,-618.018,341.884
135.056,-617.762,341.873
135.001,-617.562,341.873
134.918,-617.317,341.895
134.854,-617.117,341.917
134.761,-616.861,341.917
134.706,-616.661,341.917
134.623,-616.405,341.895
134.559,-616.194,341.884
134.504,-615.993,341.884
134.421,-615.738,341.906
134.338,-615.482,341.927
134.273,-615.281,341.938
134.218,-615.081,341.949
134.144,-614.87,341.949
134.08,-614.67,341.949
134.025,-614.469,341.938
133.96,-614.269,341.927
133.896,-614.069,341.906
133.831,-613.869,341.884
133.766,-613.668,341.862
133.702,-613.468,341.851
133.638,-613.257,341.84
133.573,-613.057,341.818
133.509,-612.845,341.818
133.444,-612.645,341.818
133.38,-612.445,341.807
133.315,-612.234,341.796
133.251,-612.033,341.774
133.186,-611.822,341.752
133.122,-611.622,341.719
133.057,-611.41,341.697
132.993,-611.199,341.675
132.928,-610.988,341.664
132.864,-610.776,341.653
132.799,-610.576,341.653
132.725,-610.365,341.631
132.661,-610.153,341.609
132.597,-609.953,341.587
132.523,-609.742,341.565
132.458,-609.53,341.554
132.394,-609.319,341.554
132.329,-609.108,341.565
132.255,-608.896,341.587
132.191,-608.685,341.598
132.126,-608.485,341.609
132.052,-608.273,341.62
131.988,-608.062,341.62
131.924,-607.84,341.631
131.85,-607.628,341.631
131.785,-607.417,341.642
131.721,-607.205,341.653
131.656,-607.005,341.664
131.582,-606.794,341.675
131.518,-606.571,341.686
131.454,-606.36,341.697
131.38,-606.149,341.697
131.315,-605.937,341.708
131.241,-605.726,341.719
131.177,-605.503,341.719
131.113,-605.292,341.73
131.039,-605.081,341.752
130.974,-604.869,341.763
130.91,-604.658,341.785
130.836,-604.435,341.796
130.772,-604.224,341.818
130.698,-604.013,341.829
130.633,-603.801,341.84
130.569,-603.59,341.84
130.505,-603.379,341.851
130.431,-603.167,341.862
130.366,-602.945,341.895
130.302,-602.722,341.917
130.238,-602.511,341.938
130.164,-602.3,341.96
130.099,-602.077,341.982
130.035,-601.866,341.993
129.971,-601.655,342.004
129.897,-601.432,342.015
129.832,-601.221,342.037
129.768,-600.998,342.059
129.704,-600.776,342.081
129.63,-600.565,342.114
129.565,-600.342,342.136
129.501,-600.131,342.158
129.427,-599.919,342.18
129.363,-599.697,342.202
129.299,-599.475,342.213
129.225,-599.263,342.235
129.16,-599.041,342.268
129.096,-598.829,342.301
129.032,-598.607,342.334
128.967,-598.385,342.356
128.893,-598.173,342.378
128.829,-597.951,342.4
128.755,-597.728,342.422
128.691,-597.506,342.444
128.626,-597.294,342.466
128.562,-597.072,342.488
128.488,-596.849,342.51
128.424,-596.627,342.532
128.36,-596.405,342.565
128.286,-596.182,342.609
128.222,-595.96,342.642
128.157,-595.737,342.664
128.093,-595.515,342.697
128.019,-595.292,342.719
127.955,-595.07,342.74
127.9,-594.859,342.773
127.826,-594.636,342.817
127.762,-594.403,342.861
127.688,-594.169,342.894
127.624,-593.947,342.927
127.56,-593.724,342.96
127.495,-593.502,342.982
127.431,-593.279,343.004
127.367,-593.057,343.026
127.293,-592.823,343.048
127.229,-592.59,343.07
127.165,-592.368,343.092
127.101,-592.134,343.114
127.036,-591.912,343.125
126.963,-591.678,343.136
126.898,-591.456,343.147
126.834,-591.222,343.136
126.76,-591,343.136
126.696,-590.766,343.136
126.632,-590.533,343.136
126.568,-590.299,343.136
126.494,-590.066,343.136
126.43,-589.843,343.136
126.356,-589.609,343.125
126.292,-589.376,343.125
126.228,-589.142,343.114
126.154,-588.909,343.114
126.09,-588.675,343.114
126.016,-588.442,343.114
125.952,-588.208,343.103
125.878,-587.986,343.103
125.814,-587.752,343.092
125.75,-587.519,343.07
125.676,-587.263,343.037
125.603,-587.029,343.015
125.538,-586.796,342.993
125.474,-586.562,342.982
125.401,-586.329,342.96
125.336,-586.095,342.938
125.263,-585.851,342.905
125.189,-585.617,342.872
125.116,-585.372,342.839
125.051,-585.139,342.795
124.978,-584.905,342.751
124.914,-584.672,342.708
124.84,-584.427,342.675
124.766,-584.193,342.631
124.702,-583.949,342.598
124.628,-583.715,342.554
124.555,-583.471,342.521
124.481,-583.237,342.466
124.407,-583.003,342.422
124.334,-582.77,342.367
124.27,-582.525,342.334
124.196,-582.281,342.29
124.122,-582.047,342.268
124.049,-581.802,342.235
123.975,-581.569,342.202
123.902,-581.324,342.169
123.828,-581.09,342.136
123.754,-580.846,342.103
123.681,-580.612,342.07
123.607,-580.367,342.048
123.533,-580.123,342.015
123.45,-579.878,341.993
123.377,-579.633,341.971
123.303,-579.389,341.938
123.229,-579.155,341.917
123.156,-578.91,341.895
123.073,-578.665,341.884
122.999,-578.421,341.873
122.916,-578.176,341.862
122.842,-577.931,341.851
122.769,-577.687,341.84
122.695,-577.442,341.829
122.612,-577.197,341.818
122.529,-576.941,341.807
122.446,-576.696,341.796
122.372,-576.452,341.785
122.299,-576.207,341.785
122.225,-575.973,341.774
122.152,-575.729,341.763
122.078,-575.484,341.752
121.986,-575.217,341.741
121.912,-574.972,341.73
121.829,-574.728,341.719
121.755,-574.483,341.697
121.682,-574.238,341.675
121.599,-573.993,341.664
121.525,-573.738,341.653
121.442,-573.482,341.642
121.359,-573.237,341.631
121.286,-572.981,341.62
121.202,-572.748,341.609
121.119,-572.492,341.598
121.046,-572.247,341.587
120.963,-571.991,341.587
120.88,-571.735,341.576
120.806,-571.479,341.576
120.723,-571.235,341.554
120.64,-571.001,341.532
120.557,-570.745,341.499
120.483,-570.5,341.455
120.391,-570.233,341.422
120.317,-569.989,341.389
120.234,-569.733,341.356
120.151,-569.488,341.345
120.068,-569.232,341.323
119.985,-568.976,341.29
119.902,-568.731,341.246
119.819,-568.476,341.202
119.736,-568.231,341.158
119.653,-567.975,341.136
119.58,-567.719,341.125
119.497,-567.474,341.125
119.414,-567.218,341.115
119.331,-566.963,341.104
119.238,-566.696,341.104
119.155,-566.451,341.104
119.072,-566.195,341.093
118.998,-565.95,341.104
118.915,-565.694,341.104
118.832,-565.449,341.104
118.74,-565.171,341.115
118.657,-564.915,341.115
118.574,-564.66,341.115
118.491,-564.415,341.115
118.408,-564.17,341.115
118.325,-563.914,341.115
118.242,-563.658,341.115
118.159,-563.391,341.115
118.076,-563.124,341.125
117.993,-562.868,341.125
117.901,-562.624,341.115
117.818,-562.368,341.115
117.735,-562.112,341.115
117.652,-561.845,341.125
117.569,-561.589,341.136
117.486,-561.333,341.136
117.403,-561.077,341.147
117.32,-560.832,341.147
117.227,-560.576,341.147
117.144,-560.321,341.147
117.061,-560.043,341.147
116.978,-559.787,341.169
116.895,-559.52,341.191
116.803,-559.275,341.224
116.72,-559.03,341.246
116.637,-558.763,341.268
116.554,-558.507,341.29
116.471,-558.229,341.312
116.379,-557.973,341.345
116.296,-557.706,341.389
116.213,-557.45,341.433
116.13,-557.194,341.477
116.047,-556.928,341.51
115.964,-556.672,341.543
115.881,-556.416,341.587
115.798,-556.149,341.62
115.715,-555.893,341.653
115.632,-555.626,341.686
115.549,-555.37,341.708
115.466,-555.103,341.73
115.374,-554.836,341.752
115.291,-554.58,341.763
115.208,-554.313,341.774
115.125,-554.057,341.796
115.042,-553.79,341.807
114.959,-553.535,341.818
114.876,-553.268,341.84
114.793,-553.001,341.84
114.71,-552.734,341.851
114.628,-552.467,341.862
114.545,-552.211,341.873
114.462,-551.944,341.884
114.379,-551.677,341.895
114.296,-551.41,341.906
114.213,-551.143,341.906
114.13,-550.876,341.917
114.047,-550.62,341.917
113.964,-550.353,341.917
113.881,-550.097,341.917
113.799,-549.83,341.917
113.716,-549.552,341.927
113.633,-549.285,341.938
113.55,-549.018,341.949
113.467,-548.763,341.938
113.384,-548.496,341.927
113.301,-548.229,341.927
113.218,-547.962,341.927
113.136,-547.684,341.938
113.053,-547.417,341.96
112.97,-547.15,341.971
112.887,-546.883,341.982
112.804,-546.616,341.993
112.721,-546.349,342.004
112.638,-546.082,342.026
112.556,-545.815,342.059
112.473,-545.548,342.081
112.39,-545.281,342.114
112.298,-545.003,342.136
112.215,-544.736,342.169
112.132,-544.469,342.191
112.049,-544.213,342.213
111.966,-543.946,342.235
111.893,-543.679,342.257
111.81,-543.401,342.279
111.727,-543.134,342.301
111.644,-542.856,342.323
111.561,-542.589,342.334
111.479,-542.322,342.345
111.396,-542.055,342.356
111.313,-541.777,342.356
111.23,-541.51,342.345
111.147,-541.232,342.334
111.064,-540.965,342.334
110.982,-540.698,342.334
110.899,-540.442,342.334
110.816,-540.176,342.312
110.733,-539.897,342.279
110.65,-539.619,342.257
110.567,-539.352,342.246
110.485,-539.074,342.246
110.402,-538.807,342.235
110.319,-538.541,342.224
110.236,-538.262,342.213
110.153,-538.007,342.202
110.07,-537.729,342.202
109.987,-537.462,342.202
109.905,-537.184,342.202
109.822,-536.906,342.191
109.73,-536.638,342.18
109.647,-536.36,342.18
109.564,-536.093,342.18
109.481,-535.815,342.18
109.398,-535.548,342.169
109.325,-535.271,342.169
109.233,-535.003,342.158
109.15,-534.725,342.158
109.067,-534.447,342.158
108.984,-534.18,342.147
108.902,-533.902,342.136
108.819,-533.635,342.125
108.736,-533.368,342.125
108.653,-533.101,342.114
108.57,-532.823,342.114
108.478,-532.545,342.114
108.395,-532.278,342.103
108.312,-532,342.092
108.229,-531.733,342.07
108.147,-531.466,342.059
108.064,-531.199,342.059
107.971,-530.921,342.059
107.889,-530.643,342.048
107.806,-530.376,342.037
107.723,-530.098,342.026
107.631,-529.831,342.026
107.548,-529.564,342.015
107.465,-529.297,342.015
107.382,-529.019,342.015
107.299,-528.741,342.015
107.207,-528.474,342.004
107.124,-528.196,342.004
107.041,-527.929,341.993
106.959,-527.662,341.982
106.876,-527.395,341.971
106.793,-527.117,341.971
106.701,-526.839,341.971
106.618,-526.572,341.982
106.535,-526.294,341.971
106.443,-526.027,341.971
106.36,-525.749,341.96
106.277,-525.482,341.96
106.194,-525.215,341.96
106.111,-524.937,341.96
106.019,-524.67,341.96
105.936,-524.392,341.949
105.853,-524.114,341.949
105.771,-523.847,341.949
105.678,-523.569,341.949
105.595,-523.302,341.949
105.513,-523.035,341.938
105.43,-522.768,341.938
105.337,-522.49,341.927
105.255,-522.212,341.917
105.172,-521.945,341.906
105.079,-521.678,341.895
104.997,-521.411,341.884
104.914,-521.133,341.873
104.831,-520.866,341.873
104.748,-520.588,341.862
104.665,-520.31,341.862
104.573,-520.042,341.851
104.49,-519.787,341.829
104.407,-519.52,341.818
104.324,-519.242,341.807
104.232,-518.963,341.796
104.149,-518.697,341.774
104.066,-518.418,341.763
103.984,-518.152,341.752
103.891,-517.884,341.73
103.808,-517.617,341.708
103.725,-517.351,341.675
103.643,-517.084,341.653
103.56,-516.806,341.631
103.467,-516.538,341.598
103.385,-516.271,341.576
103.302,-515.993,341.554
103.209,-515.726,341.521
103.127,-515.459,341.499
103.034,-515.192,341.477
102.951,-514.925,341.466
102.868,-514.658,341.455
102.776,-514.38,341.444
102.693,-514.113,341.433
102.601,-513.846,341.411
102.518,-513.579,341.4
102.426,-513.312,341.367
102.343,-513.045,341.345
102.25,-512.778,341.323
102.168,-512.5,341.301
102.075,-512.233,341.279
101.992,-511.955,341.268
101.909,-511.71,341.257
101.817,-511.443,341.235
101.734,-511.176,341.224
101.642,-510.898,341.202
101.559,-510.62,341.18
101.467,-510.353,341.169
101.374,-510.086,341.147
101.291,-509.83,341.115
101.199,-509.563,341.093
101.116,-509.296,341.071
101.033,-509.029,341.049
100.941,-508.762,341.027
100.848,-508.495,341.016
100.765,-508.228,340.983
100.673,-507.961,340.961
100.59,-507.694,340.939
100.498,-507.427,340.917
100.405,-507.171,340.895
100.322,-506.904,340.862
100.23,-506.637,340.84
100.147,-506.37,340.829
100.064,-506.114,340.807
99.972,-505.847,340.785
99.879,-505.58,340.774
99.787,-505.313,340.741
99.694,-505.046,340.719
99.612,-504.779,340.708
99.529,-504.523,340.697
99.446,-504.267,340.675
99.353,-504,340.664
99.261,-503.733,340.642
99.168,-503.477,340.62
99.085,-503.21,340.598
98.993,-502.954,340.576
98.91,-502.687,340.565
98.817,-502.431,340.554
98.725,-502.164,340.532
98.642,-501.908,340.51
98.55,-501.641,340.488
98.457,-501.385,340.466
98.374,-501.129,340.444
98.282,-500.873,340.433
98.199,-500.617,340.411
98.106,-500.35,340.389
98.014,-500.094,340.367
97.931,-499.827,340.334
97.838,-499.571,340.312
97.746,-499.315,340.291
97.663,-499.06,340.269
97.57,-498.804,340.247
97.487,-498.537,340.225
97.395,-498.27,340.214
97.302,-498.014,340.192
97.21,-497.747,340.17
97.118,-497.491,340.148
97.035,-497.224,340.126
96.942,-496.968,340.104
96.85,-496.712,340.093
96.767,-496.445,340.071
96.674,-496.189,340.071
96.572,-495.91,340.071
96.48,-495.654,340.06
96.387,-495.387,340.049
96.304,-495.132,340.038
96.212,-494.864,340.027
96.12,-494.597,340.027
96.027,-494.33,340.027
95.935,-494.063,340.027
95.833,-493.796,340.027
95.741,-493.529,340.027
95.648,-493.273,340.016
95.556,-493.006,340.005
95.463,-492.739,340.005
95.371,-492.461,340.005
95.269,-492.194,340.005
95.177,-491.927,339.994
95.084,-491.66,339.983
94.992,-491.404,339.983
94.899,-491.136,340.005
94.807,-490.858,340.038
94.705,-490.58,340.071
94.613,-490.313,340.115
94.52,-490.046,340.17
94.418,-489.779,340.214
94.326,-489.512,340.258
94.234,-489.234,340.302
94.141,-488.955,340.345
94.049,-488.688,340.389
93.947,-488.41,340.433
93.855,-488.143,340.477
93.763,-487.865,340.532
93.67,-487.587,340.576
93.578,-487.32,340.609
93.486,-487.042,340.631
93.384,-486.763,340.631
93.292,-486.485,340.642
93.199,-486.218,340.642
93.107,-485.94,340.642
93.015,-485.662,340.653
92.922,-485.384,340.642
92.83,-485.105,340.631
92.728,-484.827,340.631
92.636,-484.549,340.631
92.544,-484.271,340.62
92.451,-483.993,340.62
92.359,-483.715,340.631
92.267,-483.436,340.642
92.174,-483.158,340.664
92.082,-482.88,340.697
91.99,-482.602,340.73
91.888,-482.324,340.774
91.168,-480.165,341.18
91.076,-479.876,341.246
90.984,-479.598,341.301
90.891,-479.32,341.345
90.799,-479.031,341.411
90.707,-478.752,341.477
90.652,-478.552,341.51
90.56,-478.274,341.576
90.468,-477.985,341.631
90.375,-477.696,341.686
90.283,-477.418,341.73
90.219,-477.217,341.763
90.126,-476.928,341.818
90.034,-476.661,341.873
89.942,-476.372,341.938
89.859,-476.083,341.982
89.758,-475.793,342.026
89.675,-475.504,342.081
89.583,-475.215,342.136
89.491,-474.926,342.191
89.416,-474.736,342.235
89.334,-474.447,342.279
89.242,-474.158,342.323
89.149,-473.88,342.389
89.094,-473.68,342.433
89.002,-473.391,342.499
88.91,-473.101,342.543
88.827,-472.812,342.598
88.735,-472.523,342.653
88.653,-472.234,342.719
88.588,-472.034,342.762
88.505,-471.744,342.806
88.441,-471.544,342.839
88.358,-471.255,342.894
88.276,-470.977,342.96
88.211,-470.777,343.004
88.128,-470.488,343.07
88.046,-470.199,343.125
88,-469.999,343.147
87.945,-469.798,343.191
87.863,-469.509,343.257
87.808,-469.309,343.301
87.753,-469.109,343.334
87.67,-468.82,343.378
87.615,-468.62,343.411
87.523,-468.33,343.466
87.468,-468.13,343.499
87.385,-467.841,343.553
87.303,-467.552,343.597
87.248,-467.352,343.63
87.165,-467.063,343.685
87.1,-466.863,343.718
87.045,-466.662,343.74
86.972,-466.373,343.784
86.917,-466.173,343.806
86.844,-465.884,343.85
86.789,-465.684,343.883
86.707,-465.395,343.927
86.652,-465.195,343.938
86.597,-464.995,343.96
86.542,-464.795,343.982
86.487,-464.594,344.004
86.432,-464.394,344.026
86.349,-464.105,344.037
86.266,-463.816,344.059
86.211,-463.616,344.07
86.156,-463.416,344.081
86.101,-463.216,344.092
86.019,-462.926,344.103
85.964,-462.726,344.103
85.909,-462.526,344.114
85.826,-462.237,344.114
85.771,-462.037,344.114
85.716,-461.837,344.114
85.661,-461.637,344.114
85.606,-461.436,344.103
85.551,-461.236,344.103
85.496,-461.036,344.092
85.441,-460.836,344.081
85.386,-460.636,344.07
85.341,-460.436,344.059
85.258,-460.158,344.026
85.203,-459.958,343.982
85.148,-459.758,343.938
85.093,-459.557,343.883
85.038,-459.357,343.828
84.983,-459.157,343.762
84.928,-458.957,343.685
84.873,-458.757,343.608
84.79,-458.468,343.488
84.735,-458.268,343.411
84.68,-458.067,343.323
84.625,-457.867,343.246
84.561,-457.667,343.158
84.506,-457.467,343.081
84.423,-457.178,342.96
84.368,-456.978,342.883
84.304,-456.777,342.806
84.221,-456.488,342.708
84.156,-456.288,342.653
84.092,-456.088,342.598
84.009,-455.799,342.521
83.945,-455.598,342.477
83.89,-455.398,342.433
83.835,-455.198,342.4
83.77,-454.998,342.378
83.706,-454.798,342.356
83.651,-454.598,342.334
83.586,-454.397,342.323
83.494,-454.108,342.301
83.439,-453.908,342.29
83.347,-453.619,342.268
83.282,-453.418,342.246
83.227,-453.218,342.224
83.163,-453.007,342.213
83.098,-452.807,342.191
83.006,-452.517,342.158
82.942,-452.317,342.125
82.849,-452.028,342.092
82.794,-451.828,342.07
82.73,-451.628,342.048
82.638,-451.327,342.015
82.583,-451.127,341.993
82.518,-450.927,341.971
82.454,-450.727,341.949
82.362,-450.437,341.906
82.297,-450.237,341.884
82.242,-450.037,341.862
82.178,-449.837,341.84
82.113,-449.637,341.818
82.021,-449.347,341.785
81.956,-449.147,341.774
81.892,-448.947,341.741
81.827,-448.747,341.719
81.763,-448.546,341.697
81.671,-448.257,341.664
81.606,-448.057,341.642
81.542,-447.857,341.62
81.487,-447.656,341.598
81.394,-447.367,341.554
81.33,-447.167,341.532
81.265,-446.967,341.51
81.201,-446.767,341.477
81.109,-446.477,341.444
81.044,-446.277,341.411
80.952,-445.988,341.367
80.887,-445.788,341.334
80.786,-445.498,341.279
80.731,-445.298,341.257
80.666,-445.098,341.224
80.602,-444.898,341.18
80.5,-444.608,341.136
80.435,-444.408,341.093
80.334,-444.119,341.038
80.269,-443.918,341.005
80.177,-443.629,340.95
80.112,-443.429,340.906
80.011,-443.14,340.851
79.946,-442.939,340.818
79.854,-442.65,340.763
79.752,-442.361,340.697
79.651,-442.071,340.642
79.586,-441.871,340.598
79.494,-441.582,340.543
79.42,-441.382,340.51
79.328,-441.092,340.455
79.254,-440.903,340.422
79.189,-440.703,340.389
79.097,-440.425,340.323
79.023,-440.224,340.28
78.921,-439.946,340.214
78.856,-439.746,340.181
78.764,-439.457,340.115
78.7,-439.256,340.082
78.625,-439.067,340.049
78.561,-438.867,340.027
78.459,-438.578,339.983
78.385,-438.388,339.95
78.283,-438.099,339.906
78.182,-437.821,339.873
78.089,-437.531,339.84
78.015,-437.342,339.829
77.914,-437.053,339.807
77.812,-436.775,339.796
77.747,-436.574,339.796
77.673,-436.374,339.785
77.571,-436.096,339.763
77.507,-435.896,339.752
77.405,-435.617,339.741
77.313,-435.339,339.752
77.238,-435.15,339.752
77.174,-434.95,339.752
77.1,-434.76,339.752
77.026,-434.56,339.741
76.924,-434.271,339.73
76.822,-433.992,339.719
76.73,-433.714,339.73
76.628,-433.425,339.752
76.526,-433.147,339.774
76.462,-432.946,339.796
76.388,-432.757,339.818
76.314,-432.557,339.84
76.212,-432.279,339.873
76.11,-431.989,339.906
76.008,-431.711,339.95
75.906,-431.433,339.994
75.805,-431.143,340.027
75.713,-430.854,340.071
75.638,-430.665,340.126
75.537,-430.387,340.192
75.444,-430.097,340.269
75.352,-429.819,340.334
75.25,-429.541,340.4
75.149,-429.263,340.477
75.056,-428.974,340.554
74.955,-428.695,340.642
74.862,-428.406,340.73
74.761,-428.128,340.807
74.668,-427.85,340.895
74.576,-427.571,340.983
74.484,-427.293,341.06
74.391,-427.015,341.136
74.299,-426.726,341.235
74.207,-426.448,341.323
74.124,-426.17,341.411
74.032,-425.903,341.499
73.94,-425.625,341.565
73.857,-425.358,341.642
73.774,-425.08,341.708
73.691,-424.813,341.774
73.608,-424.557,341.818
73.525,-424.301,341.851
73.452,-424.056,341.884
73.368,-423.811,341.906
73.295,-423.567,341.917
73.221,-423.322,341.917
73.148,-423.088,341.927
73.074,-422.855,341.927
73.01,-422.632,341.938
72.936,-422.41,341.949
72.871,-422.187,341.949
72.798,-421.976,341.949
72.733,-421.765,341.971
72.659,-421.542,341.982
72.595,-421.32,342.004
72.531,-421.108,342.026
72.466,-420.897,342.048
72.402,-420.686,342.07
72.328,-420.463,342.092
72.264,-420.252,342.103
72.199,-420.052,342.114
72.135,-419.84,342.114
72.07,-419.629,342.125
72.006,-419.429,342.136
71.923,-419.173,342.158
71.849,-418.917,342.18
71.766,-418.661,342.191
71.693,-418.417,342.213
71.61,-418.161,342.224
71.536,-417.916,342.246
71.463,-417.66,342.268
71.379,-417.415,342.29
71.324,-417.215,342.312
71.241,-416.971,342.334
71.168,-416.726,342.378
71.085,-416.47,342.4
71.011,-416.225,342.411
70.938,-415.981,342.422
70.864,-415.736,342.444
70.791,-415.48,342.477
70.707,-415.235,342.51
70.634,-414.991,342.554
70.56,-414.735,342.587
70.487,-414.49,342.664
70.413,-414.257,342.751
70.34,-414.012,342.872
70.266,-413.767,343.037
70.202,-413.512,343.246
70.128,-413.278,343.499
70.064,-413.033,343.795
69.991,-412.789,344.136
69.927,-412.544,344.52
69.863,-412.311,344.938
69.799,-412.066,345.377
69.744,-411.833,345.85
69.689,-411.588,346.344
69.625,-411.355,346.871
69.58,-411.11,347.399
69.526,-410.877,347.948
69.48,-410.644,348.53
69.435,-410.399,349.156
69.39,-410.166,349.838
69.355,-409.944,350.574
69.329,-409.722,351.376
69.293,-409.5,352.222
69.267,-409.289,353.123
69.25,-409.078,354.067
69.223,-408.878,355.078
69.207,-408.634,356.364
69.2,-408.39,357.671
69.193,-408.135,358.978
69.196,-407.891,0.253
69.199,-407.647,1.538
69.211,-407.404,2.834
69.233,-407.16,4.142
69.255,-406.916,5.504
69.276,-406.717,6.669
69.307,-406.485,8.196
69.348,-406.241,9.778
69.398,-405.998,11.393
69.448,-405.766,13.008
69.508,-405.534,14.623
69.578,-405.29,16.238
69.647,-405.058,17.853
69.735,-404.827,19.501
69.814,-404.595,21.182
69.912,-404.374,22.874
69.99,-404.186,24.225
70.078,-403.999,25.565
70.195,-403.779,27.29
70.312,-403.558,29.048
70.409,-403.382,30.454
70.525,-403.217,31.86
70.632,-403.041,33.289
70.758,-402.865,34.772
70.874,-402.7,36.277
71,-402.535,37.804
71.154,-402.348,39.683
71.29,-402.194,41.177
71.435,-402.019,42.682
71.589,-401.854,44.176
71.734,-401.712,45.659
71.916,-401.547,47.516
72.08,-401.416,49.01
72.253,-401.263,50.515
72.426,-401.132,52.009
72.619,-400.979,53.844
72.792,-400.858,55.239
72.974,-400.727,56.591
73.166,-400.608,57.854
73.358,-400.488,59.052
73.55,-400.401,60.139
73.742,-400.304,61.15
73.934,-400.195,62.062
74.126,-400.075,62.809
74.327,-399.977,63.468
74.518,-399.891,64.028
74.72,-399.793,64.534
74.921,-399.696,64.918
75.132,-399.609,65.215
75.343,-399.512,65.468
75.534,-399.414,65.665
75.745,-399.328,65.83
75.946,-399.242,65.962
76.167,-399.144,66.094
76.377,-399.047,66.215
76.588,-398.949,66.335
76.799,-398.863,66.401
77.019,-398.777,66.478
77.239,-398.679,66.61
77.46,-398.593,66.775
77.661,-398.484,66.918
77.881,-398.398,67.061
78.102,-398.312,67.214
78.293,-398.236,67.346
78.523,-398.15,67.566
78.743,-398.064,67.808
78.944,-397.978,68.038
79.174,-397.891,68.247
79.356,-397.805,68.401
79.548,-397.74,68.555
79.777,-397.643,68.752
79.988,-397.579,68.939
80.218,-397.493,69.071
80.467,-397.396,69.192
80.668,-397.32,69.247
80.907,-397.223,69.291
81.127,-397.159,69.346
81.366,-397.073,69.412
81.606,-396.976,69.489
81.807,-396.912,69.51
81.998,-396.847,69.543
82.237,-396.75,69.62
82.467,-396.675,69.719
82.716,-396.589,69.807
82.907,-396.525,69.851
83.099,-396.46,69.895
83.329,-396.374,69.983
83.549,-396.299,70.104
83.769,-396.213,70.214
83.979,-396.137,70.28
84.18,-396.073,70.302
84.381,-395.998,70.334
84.611,-395.934,70.389
84.841,-395.859,70.422
85.042,-395.772,70.389
85.252,-395.708,70.323
85.444,-395.644,70.28
85.664,-395.568,70.258
85.865,-395.493,70.269
86.066,-395.429,70.247
86.286,-395.354,70.17
86.477,-395.289,70.115
86.688,-395.214,70.093
86.879,-395.149,70.071
87.09,-395.074,70.049
87.291,-394.999,70.027
87.482,-394.934,69.972
87.674,-394.87,69.95
87.865,-394.794,70.016
88.056,-394.73,70.016
88.257,-394.655,70.005
88.449,-394.59,70.005
88.659,-394.515,70.005
88.87,-394.44,70.005
89.061,-394.375,70.016
89.262,-394.311,70.027
89.473,-394.236,70.049
89.684,-394.16,70.17
89.885,-394.085,70.302
90.095,-394.01,70.356
90.306,-393.946,70.378
90.516,-393.87,70.444
90.727,-393.795,70.499
90.928,-393.731,70.521
91.138,-393.655,70.565
91.339,-393.591,70.587
91.55,-393.516,70.576
91.751,-393.452,70.587
91.942,-393.376,70.609
92.134,-393.312,70.598
92.335,-393.247,70.62
92.535,-393.183,70.664
92.736,-393.108,70.642
92.937,-393.043,70.631
93.148,-392.979,70.642
93.339,-392.904,70.532
93.55,-392.84,70.334
93.751,-392.764,70.17
93.942,-392.7,70.027
94.143,-392.624,69.862
94.335,-392.56,69.609
94.536,-392.485,69.412
94.727,-392.42,69.28
94.919,-392.345,69.115
95.11,-392.28,68.994
95.311,-392.205,68.895
95.512,-392.118,68.73
95.704,-392.054,68.643
95.905,-391.979,68.544
96.106,-391.903,68.467
96.297,-391.828,68.566
96.489,-391.763,68.61
96.69,-391.677,68.665
96.881,-391.612,68.741
97.073,-391.537,68.73
97.274,-391.462,68.796
97.475,-391.386,68.873
97.686,-391.3,68.873
97.877,-391.224,68.818
98.069,-391.149,68.676
98.26,-391.084,68.599
98.461,-390.998,68.456
98.652,-390.934,68.28
98.844,-390.858,68.214
99.045,-390.783,67.972
99.246,-390.696,67.522
99.447,-390.621,67.039
99.648,-390.534,66.665
99.84,-390.437,65.973
100.032,-390.361,65.468
100.223,-390.275,64.874
100.424,-390.188,64.325
100.607,-390.102,63.776
100.789,-390.015,63.215
100.971,-389.917,62.655
101.153,-389.83,61.82
101.345,-389.733,60.645
101.527,-389.624,59.337
101.709,-389.515,57.942
101.882,-389.406,56.602
102.055,-389.297,55.239
102.218,-389.177,53.866
102.401,-389.046,52.13
102.584,-388.904,50.306
102.738,-388.773,48.604
102.902,-388.619,46.835
103.075,-388.466,44.791
103.22,-388.312,42.693
103.364,-388.159,40.309
103.509,-387.983,37.683
103.635,-387.818,35.343
103.761,-387.631,32.926
103.887,-387.444,30.421
103.994,-387.246,27.795
104.091,-387.069,25.543
104.17,-386.882,23.236
104.258,-386.694,20.929
104.326,-386.495,18.578
104.395,-386.297,16.183
104.455,-386.087,13.788
104.505,-385.877,11.393
104.545,-385.655,9.02
104.586,-385.423,6.691
104.608,-385.202,4.427
104.629,-384.98,2.285
104.641,-384.747,0.297
104.634,-384.503,358.495
104.628,-384.259,356.88
104.621,-384.027,355.463
104.604,-383.783,354.188
104.587,-383.583,353.221
104.561,-383.383,352.288
104.535,-383.183,351.376
104.499,-382.939,350.277
104.473,-382.739,349.431
104.437,-382.539,348.629
104.401,-382.339,347.86
104.355,-382.139,347.146
104.31,-381.928,346.465
104.265,-381.717,345.828
104.21,-381.506,345.256
104.155,-381.295,344.751
104.09,-381.083,344.323
104.045,-380.861,343.971
103.981,-380.639,343.718
103.917,-380.416,343.51
103.852,-380.194,343.312
103.788,-379.96,343.103
103.724,-379.727,342.872
103.65,-379.504,342.653
103.586,-379.271,342.444
103.522,-379.037,342.235
103.439,-378.804,342.037
103.365,-378.559,341.84
103.291,-378.314,341.642
103.218,-378.069,341.433
103.135,-377.825,341.246
103.052,-377.569,341.082
102.978,-377.324,340.961
102.895,-377.068,340.895
102.821,-376.868,340.851
102.738,-376.612,340.84
102.646,-376.356,340.84
102.563,-376.1,340.851
102.498,-375.9,340.862
102.434,-375.7,340.873
102.369,-375.499,340.928
102.304,-375.299,340.972
102.231,-375.088,341.027
102.156,-374.887,341.06
102.083,-374.676,341.093
102.018,-374.476,341.115
101.944,-374.253,341.147
101.88,-374.042,341.169
101.806,-373.83,341.202
101.741,-373.619,341.235
101.677,-373.408,341.29
101.603,-373.196,341.334
101.539,-372.985,341.367
101.455,-372.751,341.389
101.381,-372.54,341.411
101.317,-372.317,341.422
101.243,-372.095,341.455
101.179,-371.873,341.488
101.105,-371.65,341.521
101.041,-371.428,341.565
100.967,-371.194,341.609
100.893,-370.971,341.653
100.82,-370.738,341.686
100.746,-370.515,341.708
100.672,-370.293,341.73
100.598,-370.059,341.752
100.525,-369.826,341.796
100.46,-369.592,341.829
100.387,-369.359,341.873
100.313,-369.125,341.917
100.239,-368.88,341.949
100.156,-368.647,341.982
100.083,-368.402,342.015
100.009,-368.168,342.037
99.935,-367.935,342.07
99.862,-367.69,342.092
99.788,-367.456,342.125
99.715,-367.201,342.169
99.641,-366.945,342.191
99.558,-366.7,342.213
99.484,-366.466,342.224
99.401,-366.222,342.235
99.328,-365.977,342.246
99.254,-365.721,342.268
99.181,-365.465,342.29
99.098,-365.221,342.323
99.024,-364.965,342.356
98.95,-364.72,342.378
98.877,-364.475,342.4
98.794,-364.22,342.422
98.72,-363.964,342.444
98.637,-363.708,342.466
98.564,-363.452,342.488
98.49,-363.208,342.532
98.417,-362.952,342.565
98.344,-362.696,342.587
98.261,-362.44,342.609
98.187,-362.184,342.609
98.104,-361.928,342.598
98.031,-361.662,342.576
97.957,-361.406,342.554
97.874,-361.15,342.532
97.801,-360.894,342.499
97.718,-360.627,342.477
97.635,-360.371,342.444
97.562,-360.104,342.422
97.479,-359.849,342.389
97.405,-359.593,342.356
97.322,-359.337,342.323
97.249,-359.081,342.301
97.166,-358.803,342.279
97.083,-358.536,342.257
97,-358.28,342.224
96.917,-358.024,342.191
96.844,-357.758,342.169
96.761,-357.491,342.136
96.678,-357.224,342.114
96.595,-356.957,342.092
96.512,-356.69,342.07
96.429,-356.423,342.048
96.346,-356.167,342.015
96.264,-355.9,341.982
96.181,-355.633,341.96
96.098,-355.355,341.938
96.015,-355.088,341.917
95.923,-354.821,341.895
95.84,-354.554,341.873
95.757,-354.276,341.851
95.674,-354.009,341.829
95.582,-353.742,341.818
95.499,-353.475,341.807
95.416,-353.197,341.807
95.324,-352.93,341.807
95.241,-352.663,341.807
95.158,-352.385,341.796
95.066,-352.118,341.796
94.983,-351.84,341.807
94.9,-351.573,341.807
94.808,-351.295,341.818
94.725,-351.017,341.84
94.642,-350.739,341.862
94.55,-350.471,341.873
94.467,-350.193,341.884
94.375,-349.915,341.895
94.292,-349.637,341.906
94.21,-349.359,341.927
94.117,-349.081,341.938
94.034,-348.814,341.949
93.952,-348.536,341.971
93.859,-348.247,341.971
93.767,-347.969,341.982
93.685,-347.68,341.982
93.592,-347.401,341.993
93.509,-347.134,342.004
93.427,-346.856,342.015
93.344,-346.578,342.015
93.252,-346.3,342.015
93.187,-346.1,342.026
93.104,-345.822,342.026
93.012,-345.533,342.026
92.929,-345.255,342.037
92.837,-344.977,342.048
92.745,-344.687,342.059
92.662,-344.409,342.07
92.598,-344.209,342.07
92.515,-343.931,342.081
92.423,-343.642,342.081
92.331,-343.364,342.081
92.276,-343.163,342.092
92.183,-342.885,342.103
92.091,-342.596,342.103
92.008,-342.307,342.114
91.916,-342.018,342.125
91.824,-341.728,342.136
91.732,-341.439,342.136
91.649,-341.15,342.147
91.557,-340.861,342.158
91.465,-340.572,342.169
91.382,-340.283,342.18
91.29,-339.993,342.18
91.198,-339.704,342.18
91.143,-339.504,342.18
91.051,-339.215,342.18
90.986,-339.014,342.18
90.894,-338.725,342.191
90.812,-338.436,342.191
90.747,-338.236,342.191
90.655,-337.947,342.191
90.563,-337.657,342.213
90.508,-337.457,342.213
90.443,-337.257,342.224
90.388,-337.057,342.224
90.296,-336.768,342.224
90.241,-336.556,342.224
90.149,-336.267,342.213
90.085,-336.067,342.213
90.03,-335.867,342.202
89.965,-335.667,342.191
89.873,-335.388,342.136
89.808,-335.188,342.125
89.753,-334.988,342.114
89.689,-334.788,342.103
89.624,-334.587,342.103
89.56,-334.387,342.103
89.495,-334.187,342.092
89.44,-333.987,342.081
89.376,-333.787,342.059
89.283,-333.497,342.037
89.191,-333.208,342.026
89.127,-333.008,342.015
89.072,-332.808,342.004
88.998,-332.596,341.993
88.943,-332.396,341.993
88.878,-332.196,341.971
88.814,-331.996,341.971
88.749,-331.795,341.949
88.657,-331.506,341.949
88.592,-331.306,341.949
88.537,-331.106,341.938
88.473,-330.906,341.927
88.408,-330.705,341.917
88.344,-330.505,341.906
88.289,-330.305,341.895
88.224,-330.105,341.884
88.132,-329.815,341.884
88.03,-329.526,341.862
87.966,-329.326,341.84
87.911,-329.126,341.829
87.809,-328.836,341.829
87.754,-328.636,341.84
87.662,-328.347,341.851
87.598,-328.147,341.862
87.505,-327.858,341.884
87.441,-327.646,341.895
87.386,-327.446,341.917
87.321,-327.246,341.938
87.229,-326.957,341.993
87.165,-326.756,342.015
87.072,-326.478,342.048
86.98,-326.189,342.059
86.888,-325.9,342.103
86.796,-325.611,342.158
86.704,-325.321,342.213
86.612,-325.032,342.268
86.52,-324.732,342.312
86.455,-324.532,342.334
86.4,-324.331,342.356
86.308,-324.042,342.4
86.235,-323.764,342.444
86.152,-323.497,342.488
86.06,-323.219,342.532
85.977,-322.93,342.554
85.913,-322.719,342.565
85.858,-322.519,342.565
85.765,-322.229,342.576
85.683,-321.94,342.565
85.609,-321.673,342.565
85.517,-321.384,342.554
85.435,-321.095,342.554
85.342,-320.817,342.532
85.26,-320.539,342.51
85.177,-320.261,342.488
85.094,-319.96,342.477
85.002,-319.682,342.455
84.919,-319.404,342.433
84.837,-319.115,342.4
84.744,-318.837,342.367
84.662,-318.548,342.334
84.579,-318.27,342.312
84.487,-318.003,342.29
84.404,-317.725,342.257
84.321,-317.447,342.224
84.229,-317.157,342.18
84.146,-316.879,342.147
84.054,-316.601,342.114
83.971,-316.323,342.081
83.888,-316.056,342.059
83.806,-315.778,342.026
83.713,-315.5,341.993
83.63,-315.233,341.971
83.548,-314.955,341.96
83.465,-314.688,341.949
83.373,-314.399,341.949
83.28,-314.121,341.96
83.198,-313.854,341.96
83.115,-313.576,341.971
83.032,-313.32,341.993
82.949,-313.053,342.004
82.866,-312.775,342.026
82.774,-312.497,342.048
82.691,-312.23,342.07
82.608,-311.963,342.092
82.525,-311.696,342.125
82.442,-311.429,342.158
82.36,-311.151,342.202
82.277,-310.895,342.235
82.194,-310.628,342.268
82.111,-310.361,342.301
82.028,-310.094,342.356
81.955,-309.827,342.422
81.872,-309.56,342.444
81.789,-309.293,342.466
81.716,-309.015,342.488
81.633,-308.748,342.532
81.55,-308.481,342.576
81.467,-308.215,342.598
81.384,-307.959,342.642
81.311,-307.692,342.664
81.228,-307.425,342.686
81.145,-307.169,342.708
81.062,-306.913,342.708
80.979,-306.646,342.686
80.896,-306.379,342.697
80.823,-306.112,342.697
80.74,-305.856,342.719
80.667,-305.601,342.751
80.593,-305.345,342.795
80.51,-305.089,342.85
80.437,-304.833,342.905
80.354,-304.555,342.927
80.271,-304.288,342.96
80.198,-304.032,342.993
80.134,-303.788,343.037
80.06,-303.532,343.081
79.987,-303.276,343.136
79.913,-303.009,343.191
79.839,-302.82,343.224
79.766,-302.553,343.268
79.692,-302.287,343.312
79.628,-302.042,343.345
79.555,-301.797,343.367
79.481,-301.541,343.411
79.398,-301.286,343.466
79.343,-301.085,343.499
79.27,-300.83,343.531
79.187,-300.563,343.542
79.123,-300.318,343.553
79.05,-300.051,343.564
78.967,-299.795,343.575
78.893,-299.54,343.586
78.82,-299.273,343.575
78.747,-299.006,343.531
78.673,-298.75,343.488
78.6,-298.494,343.433
78.526,-298.239,343.367
78.443,-297.972,343.301
78.379,-297.705,343.246
78.306,-297.449,343.18
78.223,-297.182,343.114
78.15,-296.926,343.048
78.076,-296.671,342.993
78.003,-296.415,342.938
77.929,-296.159,342.872
77.846,-295.892,342.806
77.773,-295.636,342.751
77.69,-295.369,342.686
77.617,-295.103,342.631
77.543,-294.836,342.576
77.46,-294.58,342.521
77.378,-294.313,342.455
77.304,-294.057,342.389
77.221,-293.801,342.334
77.148,-293.534,342.279
77.065,-293.267,342.235
76.992,-293.001,342.202
76.909,-292.734,342.147
76.826,-292.467,342.081
76.743,-292.2,342.015
76.66,-291.933,341.96
76.577,-291.666,341.895
76.494,-291.41,341.84
76.411,-291.143,341.785
76.329,-290.865,341.752
76.236,-290.587,341.708
76.154,-290.32,341.686
76.061,-290.042,341.664
75.978,-289.775,341.642
75.886,-289.508,341.631
75.803,-289.23,341.62
75.711,-288.963,341.62
75.656,-288.762,341.62
75.564,-288.484,341.631
75.481,-288.206,341.631
75.388,-287.939,341.642
75.306,-287.661,341.642
75.213,-287.383,341.653
75.121,-287.105,341.642
75.029,-286.827,341.631
74.946,-286.538,341.598
74.854,-286.259,341.554
74.762,-285.981,341.488
74.679,-285.703,341.433
74.587,-285.425,341.389
74.494,-285.136,341.356
74.402,-284.858,341.334
74.31,-284.579,341.323
74.218,-284.29,341.312
74.126,-284.001,341.312
74.033,-283.723,341.345
73.932,-283.434,341.367
73.849,-283.156,341.4
73.757,-282.877,341.433
73.664,-282.588,341.466
73.572,-282.288,341.51
73.48,-282.01,341.565
73.416,-281.809,341.598
73.323,-281.531,341.642
73.241,-281.242,341.697
73.149,-280.953,341.763
73.056,-280.664,341.84
72.964,-280.374,341.884
72.89,-280.185,341.917
72.807,-279.896,341.938
72.715,-279.618,341.96
72.66,-279.418,341.982
72.568,-279.129,342.004
72.485,-278.839,342.037
72.421,-278.639,342.059
72.347,-278.45,342.059
72.292,-278.25,342.07
72.2,-277.961,342.059
72.107,-277.671,342.059
72.034,-277.393,342.059
71.942,-277.104,342.081
71.85,-276.815,342.103
71.795,-276.615,342.114
71.711,-276.403,342.125
71.619,-276.114,342.114
71.527,-275.825,342.125
71.463,-275.624,342.136
71.389,-275.369,342.136
71.306,-275.08,342.136
71.214,-274.79,342.147
71.14,-274.579,342.136
71.085,-274.368,342.125
71.021,-274.167,342.125
70.956,-273.967,342.114
70.874,-273.678,342.081
70.791,-273.4,342.059
70.708,-273.111,342.059
70.616,-272.822,342.059
70.542,-272.621,342.059
70.45,-272.332,342.037
70.358,-272.043,342.026
70.293,-271.843,342.015
70.201,-271.553,342.026
70.109,-271.264,342.015
70.017,-270.975,342.015
69.952,-270.775,342.015
69.86,-270.485,342.015
69.805,-270.285,342.015
69.713,-269.996,342.015
69.621,-269.718,342.015
69.529,-269.429,341.971
69.436,-269.139,341.949
69.344,-268.85,341.938
69.28,-268.65,341.949
69.188,-268.361,341.96
69.133,-268.161,341.96
69.031,-267.882,341.949
68.939,-267.593,341.906
68.846,-267.304,341.862
68.754,-267.015,341.84
68.681,-266.726,341.84
68.589,-266.436,341.829
68.506,-266.147,341.829
68.414,-265.858,341.796
68.322,-265.569,341.763
68.23,-265.28,341.752
68.138,-264.99,341.752
68.046,-264.712,341.763
67.953,-264.423,341.763
67.871,-264.145,341.774
67.806,-263.945,341.796
67.742,-263.744,341.807
67.659,-263.466,341.818
67.594,-263.266,341.829
67.512,-262.977,341.84
67.419,-262.688,341.84
67.327,-262.399,341.862
67.235,-262.12,341.873
67.171,-261.92,341.873
67.088,-261.631,341.862
66.996,-261.353,341.862
66.904,-261.053,341.873
66.811,-260.774,341.895
66.756,-260.574,341.906
66.664,-260.285,341.917
66.6,-260.085,341.917
66.507,-259.796,341.906
66.425,-259.506,341.884
66.333,-259.228,341.873
66.25,-258.95,341.851
66.158,-258.672,341.829
66.065,-258.383,341.807
66.001,-258.183,341.807
65.936,-257.971,341.807
65.854,-257.682,341.818
65.762,-257.393,341.818
65.669,-257.126,341.807
65.605,-256.926,341.796
65.522,-256.648,341.774
65.43,-256.358,341.785
65.365,-256.158,341.785
65.283,-255.869,341.796
65.191,-255.58,341.807
65.089,-255.302,341.807
65.034,-255.101,341.796
64.941,-254.823,341.785
64.849,-254.534,341.785
64.767,-254.256,341.796
64.684,-253.967,341.829
64.592,-253.678,341.851
64.49,-253.388,341.873
64.426,-253.188,341.884
64.333,-252.899,341.895
64.241,-252.61,341.917
64.168,-252.343,341.938
64.076,-252.065,341.949
64.011,-251.864,341.96
63.928,-251.586,341.971
63.864,-251.375,341.982
63.772,-251.086,342.015
63.689,-250.808,342.048
63.597,-250.518,342.07
63.505,-250.24,342.103
63.412,-249.951,342.125
63.32,-249.662,342.169
63.265,-249.462,342.191
63.173,-249.172,342.224
63.09,-248.883,342.224
63.008,-248.605,342.213
62.925,-248.316,342.202
62.833,-248.038,342.191
62.741,-247.749,342.18
62.676,-247.549,342.169
62.584,-247.259,342.147
62.501,-246.981,342.103
62.437,-246.781,342.081
62.354,-246.503,342.037
62.262,-246.214,341.993
62.179,-245.936,341.96
62.115,-245.735,341.927
62.032,-245.457,341.884
61.967,-245.257,341.851
61.875,-244.979,341.807
61.82,-244.779,341.796
61.728,-244.501,341.763
61.636,-244.211,341.73
61.553,-243.933,341.686
61.461,-243.644,341.642
61.369,-243.355,341.62
61.276,-243.077,341.62
61.212,-242.877,341.62
61.129,-242.587,341.62
61.037,-242.309,341.631
60.972,-242.109,341.653
60.88,-241.831,341.653
60.788,-241.542,341.675
60.705,-241.264,341.686
60.641,-241.063,341.686
60.558,-240.785,341.686
60.493,-240.585,341.708
60.401,-240.307,341.719
60.346,-240.107,341.73
60.272,-239.906,341.741
60.18,-239.617,341.752
60.087,-239.339,341.763
59.995,-239.061,341.774
59.913,-238.772,341.785
59.82,-238.494,341.796
59.728,-238.204,341.796
59.664,-237.993,341.807
59.571,-237.715,341.818
59.516,-237.515,341.829
59.424,-237.226,341.84
59.332,-236.947,341.851
59.24,-236.658,341.862
59.148,-236.38,341.873
59.093,-236.18,341.884
59,-235.891,341.895
58.908,-235.601,341.906
58.816,-235.312,341.906
58.724,-235.023,341.917
58.632,-234.734,341.927
58.54,-234.445,341.938
58.457,-234.166,341.96
58.392,-233.966,341.971
58.3,-233.677,341.971
58.208,-233.388,341.982
58.125,-233.099,341.982
58.033,-232.809,341.993
57.941,-232.52,342.004
57.877,-232.32,342.015
57.794,-232.031,342.026
57.702,-231.742,342.026
57.61,-231.452,342.026
57.518,-231.163,342.026
57.425,-230.874,342.037
57.333,-230.585,342.037
57.278,-230.384,342.048
57.186,-230.095,342.048
57.103,-229.806,342.059
57.011,-229.517,342.048
56.947,-229.317,342.048
56.855,-229.027,342.048
56.762,-228.738,342.037
56.67,-228.449,342.037
56.615,-228.249,342.037
56.523,-227.96,342.026
56.431,-227.67,342.026
56.366,-227.47,342.026
56.274,-227.181,342.026
56.192,-226.892,342.037
56.127,-226.692,342.037
56.035,-226.402,342.048
55.943,-226.113,342.059
55.851,-225.824,342.07
55.786,-225.624,342.07
55.731,-225.423,342.081
55.639,-225.134,342.081
55.547,-224.845,342.092
55.482,-224.645,342.103
55.4,-224.356,342.103
55.308,-224.066,342.114
55.243,-223.866,342.125
55.16,-223.577,342.125
55.096,-223.377,342.136
55.004,-223.088,342.136
54.949,-222.887,342.136
54.857,-222.598,342.136
54.764,-222.309,342.136
54.7,-222.109,342.136
54.608,-221.819,342.136
54.553,-221.619,342.136
54.488,-221.419,342.125
54.396,-221.13,342.125
54.331,-220.93,342.125
54.249,-220.64,342.114
54.157,-220.351,342.125
54.065,-220.062,342.125
54,-219.862,342.125
53.936,-219.65,342.125
53.853,-219.361,342.125
53.788,-219.161,342.125
53.724,-218.961,342.125
53.632,-218.683,342.114
53.577,-218.482,342.114
53.484,-218.193,342.114
53.429,-217.993,342.114
53.337,-217.693,342.103
53.273,-217.493,342.103
53.181,-217.203,342.103
53.116,-217.003,342.103
53.024,-216.714,342.092
52.932,-216.425,342.092
52.877,-216.224,342.103
52.785,-215.935,342.103
52.73,-215.735,342.114
52.665,-215.535,342.125
52.573,-215.246,342.125
52.509,-215.045,342.125
52.426,-214.756,342.125
52.361,-214.556,342.125
52.269,-214.267,342.136
52.177,-213.978,342.136
52.122,-213.777,342.147
52.067,-213.577,342.158
51.975,-213.288,342.169
51.91,-213.088,342.191
51.818,-212.799,342.202
51.754,-212.598,342.213
51.671,-212.309,342.224
51.579,-212.02,342.235
51.496,-211.731,342.257
51.404,-211.442,342.279
51.312,-211.152,342.301
51.257,-210.952,342.323
51.192,-210.752,342.345
51.1,-210.463,342.389
51.008,-210.173,342.433
50.925,-209.895,342.488
50.87,-209.695,342.51
50.778,-209.406,342.554
50.696,-209.117,342.598
50.631,-208.917,342.631
50.576,-208.717,342.664
50.484,-208.427,342.697
50.429,-208.227,342.719
50.346,-207.938,342.751
50.254,-207.66,342.762
50.171,-207.382,342.784
50.116,-207.182,342.795
50.061,-206.982,342.806
49.969,-206.692,342.839
49.887,-206.403,342.872
49.794,-206.114,342.894
49.739,-205.914,342.905
49.657,-205.625,342.927
49.574,-205.336,342.949
49.491,-205.069,342.96
49.399,-204.779,342.949
49.316,-204.49,342.927
49.234,-204.201,342.905
49.179,-204.001,342.894
49.124,-203.801,342.883
49.041,-203.523,342.861
48.977,-203.323,342.85
48.894,-203.045,342.817
48.811,-202.755,342.784
48.728,-202.477,342.762
48.664,-202.277,342.74
48.581,-201.988,342.708
48.499,-201.699,342.675
48.406,-201.421,342.653
48.361,-201.221,342.631
48.278,-200.943,342.609
48.186,-200.653,342.587
48.103,-200.364,342.565
48.021,-200.075,342.543
47.929,-199.797,342.521
47.874,-199.597,342.51
47.791,-199.319,342.488
47.708,-199.041,342.466
47.616,-198.752,342.444
47.533,-198.474,342.433
47.469,-198.273,342.422
47.386,-197.984,342.411
47.294,-197.695,342.411
47.22,-197.428,342.389
47.128,-197.139,342.378
47.046,-196.861,342.367
46.963,-196.572,342.356
46.871,-196.294,342.356
46.788,-196.004,342.356
46.705,-195.726,342.345
46.623,-195.437,342.345
46.54,-195.159,342.345
46.448,-194.881,342.345
46.356,-194.592,342.334
46.263,-194.303,342.334
46.181,-194.025,342.323
46.088,-193.735,342.312
46.006,-193.457,342.312
45.913,-193.179,342.312
45.831,-192.901,342.301
45.739,-192.612,342.29
45.656,-192.334,342.29
45.564,-192.045,342.268
45.481,-191.766,342.268
45.398,-191.488,342.257
45.306,-191.21,342.246
45.223,-190.921,342.246
45.131,-190.632,342.235
45.048,-190.354,342.224
44.956,-190.076,342.213
44.883,-189.798,342.213
44.791,-189.52,342.213
44.708,-189.242,342.213
44.616,-188.952,342.213
44.533,-188.663,342.213
44.441,-188.385,342.202
44.358,-188.107,342.202
44.266,-187.829,342.191
44.183,-187.54,342.191
44.091,-187.262,342.191
44.008,-186.973,342.18
43.926,-186.694,342.18
43.833,-186.416,342.169
43.751,-186.127,342.158
43.658,-185.849,342.147
43.576,-185.571,342.136
43.493,-185.293,342.125
43.401,-185.015,342.103
43.318,-184.726,342.092
43.226,-184.448,342.081
43.133,-184.169,342.07
43.051,-183.88,342.059
42.959,-183.602,342.048
42.876,-183.324,342.037
42.793,-183.046,342.015
42.701,-182.768,341.993
42.609,-182.479,341.96
42.526,-182.201,341.927
42.434,-181.922,341.873
42.341,-181.633,341.829
42.259,-181.366,341.774
42.166,-181.077,341.73
42.084,-180.799,341.686
41.991,-180.521,341.631
41.909,-180.232,341.587
41.816,-179.954,341.532
41.724,-179.675,341.477
41.641,-179.397,341.422
41.549,-179.119,341.367
41.457,-178.841,341.323
41.402,-178.641,341.29
41.31,-178.363,341.246
41.217,-178.085,341.191
41.125,-177.806,341.147
41.033,-177.528,341.104
40.941,-177.239,341.071
40.848,-176.961,341.038
40.756,-176.683,340.994
40.664,-176.405,340.95
40.572,-176.127,340.906
40.47,-175.837,340.862
40.378,-175.559,340.807
40.285,-175.281,340.763
40.193,-174.992,340.708
40.101,-174.714,340.653
39.999,-174.435,340.609
39.907,-174.157,340.554
39.815,-173.879,340.499
39.722,-173.601,340.455
39.62,-173.323,340.411
39.528,-173.033,340.378
39.436,-172.755,340.334
39.334,-172.477,340.302
39.242,-172.199,340.258
39.14,-171.909,340.225
39.038,-171.631,340.181
38.946,-171.353,340.137
38.854,-171.086,340.104
38.761,-170.808,340.071
38.66,-170.518,340.038
38.558,-170.24,340.005
38.456,-169.951,339.972
38.364,-169.673,339.95
38.262,-169.394,339.928
38.17,-169.116,339.906
38.068,-168.838,339.895
37.966,-168.56,339.895
37.874,-168.271,339.895
37.772,-167.992,339.884
37.671,-167.714,339.906
37.578,-167.447,339.917
37.504,-167.258,339.928
37.412,-166.98,339.95
37.31,-166.701,339.961
37.245,-166.501,339.983
37.144,-166.223,340.016
37.042,-165.945,340.06
36.95,-165.655,340.093
36.848,-165.377,340.115
36.755,-165.099,340.159
36.654,-164.821,340.192
36.562,-164.531,340.247
36.46,-164.253,340.291
36.367,-163.975,340.334
36.293,-163.786,340.367
36.192,-163.496,340.4
36.099,-163.218,340.433
35.997,-162.94,340.466
35.905,-162.651,340.51
35.813,-162.373,340.554
35.721,-162.083,340.598
35.647,-161.894,340.631
35.573,-161.705,340.653
35.48,-161.416,340.686
35.379,-161.137,340.719
35.314,-160.937,340.741
35.231,-160.67,340.785
35.139,-160.392,340.829
35.047,-160.103,340.873
34.973,-159.903,340.895
34.881,-159.613,340.939
34.779,-159.335,340.972
34.687,-159.046,341.016
34.594,-158.768,341.06
34.502,-158.478,341.104
34.41,-158.189,341.147
34.318,-157.911,341.191
34.253,-157.711,341.213
34.161,-157.433,341.257
34.059,-157.143,341.301
33.967,-156.854,341.345
33.875,-156.565,341.389
33.783,-156.287,341.433
33.718,-156.086,341.466
33.626,-155.797,341.499
33.534,-155.508,341.543
33.442,-155.219,341.587
33.349,-154.941,341.642
33.285,-154.74,341.675
33.193,-154.462,341.73
33.138,-154.262,341.763
33.045,-153.973,341.807
32.953,-153.684,341.862
32.861,-153.394,341.917
32.769,-153.105,341.971
32.677,-152.816,342.026
32.585,-152.527,342.081
32.492,-152.237,342.136
32.41,-151.948,342.18
32.318,-151.659,342.235
32.226,-151.37,342.29
32.133,-151.092,342.334
32.078,-150.892,342.367
31.986,-150.602,342.422
31.903,-150.313,342.477
31.848,-150.113,342.51
31.756,-149.824,342.554
31.674,-149.535,342.598
31.581,-149.257,342.62
31.499,-148.967,342.642
31.407,-148.678,342.664
31.324,-148.378,342.686
31.232,-148.089,342.697
31.149,-147.8,342.708
31.067,-147.51,342.719
30.974,-147.232,342.729
30.919,-147.032,342.74
30.837,-146.743,342.751
30.745,-146.454,342.773
30.662,-146.165,342.784
30.57,-145.887,342.795
30.515,-145.686,342.784
30.432,-145.397,342.773
30.34,-145.108,342.762
30.257,-144.819,342.74
30.175,-144.53,342.719
30.083,-144.241,342.686
30,-143.963,342.653
29.945,-143.762,342.631
29.88,-143.562,342.62
29.798,-143.284,342.587
29.743,-143.084,342.565
29.65,-142.795,342.532
29.568,-142.506,342.499
29.476,-142.216,342.455
29.393,-141.938,342.422
29.338,-141.738,342.389
29.255,-141.46,342.345
29.163,-141.182,342.301
29.08,-140.893,342.268
29.006,-140.693,342.246
28.924,-140.414,342.202
28.859,-140.214,342.169
28.776,-139.936,342.125
28.721,-139.736,342.103
28.629,-139.458,342.059
28.537,-139.169,342.026
28.454,-138.891,341.982
28.371,-138.601,341.949
28.279,-138.323,341.917
28.187,-138.045,341.884
28.132,-137.845,341.862
28.04,-137.556,341.829
27.947,-137.278,341.796
27.865,-136.989,341.763
27.773,-136.71,341.741
27.68,-136.432,341.719
27.588,-136.143,341.697
27.505,-135.865,341.686
27.413,-135.587,341.675
27.321,-135.309,341.675
27.229,-135.019,341.675
27.146,-134.741,341.675
27.054,-134.463,341.675
26.962,-134.174,341.686
26.879,-133.896,341.697
26.787,-133.607,341.719
26.704,-133.329,341.741
26.611,-133.062,341.763
26.519,-132.783,341.774
26.436,-132.505,341.796
26.344,-132.216,341.829
26.252,-131.938,341.862
26.169,-131.66,341.895
26.087,-131.382,341.917
25.994,-131.104,341.949
25.912,-130.826,341.982
25.829,-130.548,342.026
25.746,-130.27,342.059
25.654,-129.992,342.092
25.571,-129.725,342.114
25.479,-129.435,342.136
25.396,-129.157,342.158
25.304,-128.879,342.169
25.221,-128.601,342.169
25.138,-128.334,342.158
25.055,-128.067,342.147
24.963,-127.789,342.147
24.88,-127.5,342.158
24.797,-127.233,342.169
24.715,-126.955,342.169
24.622,-126.677,342.158
24.53,-126.399,342.158
24.447,-126.132,342.158
24.365,-125.854,342.136
24.282,-125.587,342.125
24.199,-125.32,342.114
24.116,-125.042,342.114
24.042,-124.852,342.103
23.959,-124.574,342.092
23.867,-124.307,342.059
23.784,-124.04,342.026
23.711,-123.773,342.015
23.628,-123.507,342.004
23.545,-123.24,341.982
23.48,-123.039,341.982
23.388,-122.772,341.96
23.305,-122.494,341.949
23.222,-122.227,341.927
23.139,-121.971,341.906
23.056,-121.704,341.895
22.974,-121.437,341.873
22.881,-121.159,341.851
22.798,-120.892,341.818
22.716,-120.614,341.796
22.633,-120.347,341.774
22.55,-120.08,341.752
22.467,-119.813,341.73
22.375,-119.546,341.697
22.292,-119.29,341.664
22.209,-119.024,341.62
22.126,-118.757,341.576
22.034,-118.478,341.521
21.951,-118.211,341.477
21.858,-117.944,341.422
21.776,-117.677,341.367
21.693,-117.41,341.312
21.6,-117.143,341.257
21.518,-116.876,341.202
21.425,-116.62,341.158
21.342,-116.353,341.115
21.25,-116.098,341.071
21.167,-115.819,341.049
21.084,-115.553,341.038
20.991,-115.297,341.049
20.899,-115.029,341.071
20.807,-114.762,341.093
20.714,-114.495,341.104
20.631,-114.228,341.125
20.548,-113.973,341.158
20.465,-113.717,341.191
20.373,-113.45,341.224
20.29,-113.183,341.257
20.207,-112.916,341.29
20.115,-112.66,341.323
20.032,-112.404,341.356
19.949,-112.137,341.389
19.857,-111.87,341.422
19.774,-111.614,341.455
19.691,-111.336,341.488
19.608,-111.08,341.521
19.525,-110.813,341.565
19.442,-110.568,341.598
19.359,-110.312,341.642
19.276,-110.045,341.686
19.193,-109.778,341.719
19.11,-109.5,341.774
19.028,-109.233,341.818
18.945,-108.978,341.884
18.861,-108.733,341.927
18.779,-108.466,341.993
18.696,-108.21,342.048
18.613,-107.932,342.103
18.53,-107.676,342.158
18.457,-107.409,342.224
18.364,-107.153,342.279
18.291,-106.897,342.334
18.208,-106.63,342.378
18.125,-106.375,342.4
18.042,-106.108,342.422
17.968,-105.852,342.433
17.885,-105.596,342.455
17.803,-105.329,342.466
17.729,-105.073,342.466
17.646,-104.806,342.477
17.563,-104.561,342.466
17.49,-104.295,342.455
17.407,-104.039,342.444
17.324,-103.783,342.422
17.241,-103.505,342.4
17.168,-103.238,342.378
17.085,-102.982,342.367
17.002,-102.737,342.334
16.928,-102.493,342.29
16.845,-102.237,342.257
16.762,-101.97,342.213
16.689,-101.714,342.169
16.606,-101.458,342.125
16.523,-101.202,342.103
16.44,-100.924,342.103
16.357,-100.668,342.103
16.274,-100.401,342.092
16.191,-100.168,342.081
16.117,-99.923,342.037
16.034,-99.667,342.004
15.952,-99.4,341.971
15.869,-99.122,341.96
15.795,-98.855,341.949
15.712,-98.599,341.927
15.639,-98.366,341.927
15.556,-98.121,341.927
15.473,-97.865,341.917
15.39,-97.576,341.906
15.307,-97.309,341.895
15.224,-97.053,341.884
15.141,-96.797,341.862
15.058,-96.552,341.84
14.985,-96.297,341.818
14.902,-96.041,341.807
14.809,-95.763,341.785
14.726,-95.507,341.774
14.644,-95.24,341.774
14.56,-94.995,341.763
14.478,-94.728,341.763
14.395,-94.472,341.741
14.312,-94.205,341.708
14.238,-93.949,341.675
14.155,-93.683,341.664
14.063,-93.427,341.664
13.98,-93.16,341.675
13.897,-92.893,341.664
13.814,-92.637,341.642
13.731,-92.381,341.62
13.648,-92.125,341.598
13.565,-91.858,341.587
13.482,-91.591,341.565
13.399,-91.335,341.554
13.317,-91.068,341.543
13.224,-90.812,341.532
13.141,-90.545,341.521
13.058,-90.289,341.51
12.966,-90.022,341.499
12.883,-89.766,341.499
12.8,-89.511,341.51
12.717,-89.244,341.587
12.634,-88.966,341.697
12.552,-88.688,341.829
12.459,-88.409,341.949
12.376,-88.142,342.026
12.284,-87.909,342.125
12.201,-87.664,342.202
12.118,-87.397,342.334
12.035,-87.141,342.477
11.952,-86.874,342.609
11.869,-86.607,342.675
11.777,-86.329,342.708
11.694,-86.051,342.719
11.611,-85.784,342.719
11.528,-85.517,342.719
11.483,-85.284,342.697
11.4,-85.017,342.675
11.327,-84.75,342.664
11.235,-84.461,342.653
11.152,-84.183,342.631
11.069,-83.916,342.609
10.996,-83.649,342.587
10.913,-83.371,342.565
10.83,-83.104,342.554
10.747,-82.826,342.543
10.665,-82.548,342.532
10.582,-82.27,342.51
10.499,-81.992,342.499
10.416,-81.747,342.477
10.333,-81.48,342.466
10.26,-81.213,342.455
10.168,-80.935,342.444
10.085,-80.657,342.422
10.002,-80.379,342.411
9.919,-80.112,342.4
9.836,-79.856,342.389
9.754,-79.578,342.378
9.671,-79.311,342.367
9.588,-79.033,342.367
9.505,-78.755,342.378
9.422,-78.488,342.389
9.34,-78.221,342.389
9.257,-77.954,342.389
9.174,-77.676,342.4
9.091,-77.409,342.411
8.999,-77.131,342.422
8.916,-76.853,342.433
8.833,-76.575,342.444
8.75,-76.308,342.455
8.668,-76.03,342.455
8.585,-75.752,342.466
8.502,-75.496,342.477
8.419,-75.218,342.51
8.336,-74.951,342.543
8.254,-74.673,342.598
8.161,-74.395,342.653
8.079,-74.117,342.697
7.996,-73.839,342.762
7.913,-73.572,342.817
7.84,-73.294,342.872
7.757,-73.027,342.938
7.674,-72.749,342.993
7.591,-72.471,343.059
7.518,-72.193,343.125
7.435,-71.915,343.18
7.353,-71.648,343.224
7.27,-71.37,343.257
7.197,-71.103,343.268
7.114,-70.814,343.257
7.041,-70.547,343.246
6.958,-70.269,343.224
6.875,-70.002,343.191
6.802,-69.724,343.169
6.719,-69.446,343.147
6.636,-69.168,343.136
6.563,-68.89,343.114
6.48,-68.612,343.092
6.397,-68.345,343.081
6.315,-68.067,343.059
6.232,-67.789,343.048
6.159,-67.522,343.037
6.076,-67.244,343.026
5.993,-66.977,343.004
5.91,-66.699,342.993
5.827,-66.432,342.982
5.745,-66.154,342.971
5.671,-65.887,342.949
5.589,-65.62,342.927
5.506,-65.342,342.894
5.423,-65.064,342.861
5.34,-64.797,342.839
5.267,-64.519,342.817
5.184,-64.252,342.795
5.101,-63.974,342.773
5.019,-63.707,342.74
4.936,-63.44,342.729
4.862,-63.173,342.708
4.779,-62.906,342.697
4.697,-62.628,342.675
4.614,-62.35,342.664
4.531,-62.083,342.664
4.448,-61.816,342.675
4.375,-61.549,342.686
4.292,-61.282,342.708
4.209,-61.015,342.74
4.136,-60.738,342.773
4.053,-60.471,342.817
3.97,-60.204,342.861
3.897,-59.937,342.905
3.814,-59.67,342.949
3.741,-59.414,343.004
3.658,-59.136,343.059
3.575,-58.869,343.114
3.502,-58.602,343.158
3.419,-58.335,343.213
3.345,-58.091,343.268
3.272,-57.824,343.323
3.198,-57.568,343.389
3.116,-57.301,343.444
3.042,-57.034,343.488
2.969,-56.767,343.531
2.895,-56.511,343.586
2.822,-56.245,343.652
2.749,-55.989,343.707
2.675,-55.733,343.751
2.602,-55.477,343.784
2.528,-55.222,343.795
2.455,-54.966,343.784
2.381,-54.71,343.74
2.317,-54.454,343.685
2.244,-54.199,343.619
2.171,-53.932,343.553
2.097,-53.687,343.488
2.033,-53.431,343.422
1.96,-53.187,343.378
1.896,-52.942,343.323
1.822,-52.697,343.279
1.758,-52.453,343.257
1.675,-52.208,343.213
1.611,-51.963,343.169
1.537,-51.719,343.136
1.473,-51.485,343.114
1.409,-51.252,343.114
1.345,-51.018,343.125
1.271,-50.796,343.147
1.207,-50.562,343.169
1.142,-50.34,343.191
1.078,-50.117,343.213
0.995,-49.85,343.235
0.931,-49.639,343.246
0.867,-49.417,343.279
0.802,-49.183,343.301
0.738,-48.961,343.334
0.674,-48.738,343.378
0.619,-48.527,343.4
0.555,-48.316,343.411
0.49,-48.104,343.411
0.426,-47.893,343.411
0.362,-47.66,343.411
0.307,-47.448,343.4
0.242,-47.237,343.367
0.178,-47.026,343.323
0.114,-46.803,343.29
0.059,-46.592,343.246
-0.006,-46.381,343.213
-0.07,-46.158,343.169
-0.134,-45.947,343.147
-0.199,-45.736,343.114
-0.263,-45.513,343.07
-0.327,-45.302,343.026
-0.392,-45.091,342.982
-0.456,-44.879,342.949
-0.511,-44.668,342.916
-0.575,-44.446,342.883
-0.64,-44.234,342.861
-0.704,-44.012,342.839
-0.769,-43.801,342.828
-0.833,-43.589,342.806
-0.897,-43.378,342.784
-0.962,-43.167,342.773
-1.026,-42.955,342.751
-1.09,-42.733,342.729
-1.155,-42.51,342.719
-1.219,-42.299,342.708
-1.284,-42.088,342.697
-1.348,-41.876,342.686
-1.412,-41.654,342.675
-1.477,-41.443,342.675
-1.541,-41.231,342.653
-1.605,-41.009,342.653
-1.67,-40.798,342.642
-1.734,-40.586,342.653
-1.799,-40.375,342.653
-1.863,-40.153,342.664
-1.927,-39.941,342.664
-1.992,-39.719,342.675
-2.056,-39.508,342.686
-2.12,-39.296,342.697
-2.185,-39.085,342.708
-2.249,-38.862,342.719
-2.313,-38.651,342.729
-2.378,-38.429,342.74
-2.442,-38.217,342.762
-2.507,-38.006,342.773
-2.571,-37.795,342.795
-2.635,-37.572,342.817
-2.7,-37.361,342.839
-2.764,-37.15,342.839
-2.828,-36.927,342.839
-2.893,-36.716,342.839
-2.948,-36.505,342.861
-3.012,-36.293,342.883
-3.076,-36.071,342.894
-3.131,-35.86,342.905
-3.205,-35.637,342.905
-3.269,-35.415,342.894
-3.334,-35.203,342.872
-3.398,-34.992,342.828
-3.453,-34.792,342.773
-3.517,-34.57,342.729
-3.582,-34.358,342.675
-3.646,-34.136,342.62
-3.711,-33.924,342.554
-3.775,-33.702,342.51
-3.849,-33.491,342.455
-3.913,-33.279,342.4
-3.978,-33.068,342.356
-4.042,-32.857,342.312
-4.116,-32.634,342.268
-4.18,-32.423,342.235
-4.245,-32.211,342.202
-4.309,-31.989,342.18
-4.373,-31.778,342.158
-4.438,-31.566,342.136
-4.512,-31.344,342.114
-4.576,-31.133,342.103
-4.64,-30.921,342.081
-4.705,-30.699,342.059
-4.779,-30.487,342.037
-4.843,-30.276,342.026
-4.917,-30.053,342.026
-4.981,-29.842,342.037
-5.046,-29.631,342.07
-5.11,-29.419,342.103
-5.184,-29.197,342.147
-5.248,-28.986,342.18
-5.313,-28.763,342.224
-5.386,-28.552,342.268
-5.451,-28.329,342.301
-5.515,-28.118,342.345
-5.58,-27.907,342.389
-5.644,-27.684,342.444
-5.718,-27.473,342.499
-5.782,-27.25,342.543
-5.846,-27.028,342.576
-5.911,-26.817,342.62
-5.975,-26.605,342.653
-6.039,-26.383,342.697
-6.104,-26.172,342.729
-6.168,-25.96,342.773
-6.233,-25.738,342.806
-6.297,-25.515,342.839
-6.361,-25.293,342.872
-6.426,-25.082,342.894
-6.49,-24.87,342.905
-6.554,-24.659,342.927
-6.619,-24.437,342.938
-6.683,-24.225,342.949
-6.747,-24.003,342.949
-6.812,-23.792,342.927
-6.876,-23.58,342.894
-6.94,-23.358,342.85
-7.005,-23.135,342.806
-7.069,-22.924,342.762
-7.134,-22.724,342.697
-7.198,-22.501,342.642
-7.262,-22.29,342.576
-7.317,-22.079,342.532
-7.382,-21.856,342.488
-7.446,-21.634,342.466
-7.51,-21.423,342.455
-7.575,-21.211,342.466
-7.639,-21,342.477
-7.703,-20.789,342.51
-7.777,-20.577,342.532
-7.842,-20.366,342.554
-7.906,-20.155,342.587
-7.971,-19.943,342.609
-8.035,-19.732,342.642
-8.099,-19.521,342.686
-8.154,-19.309,342.719
-8.228,-19.098,342.751
-8.283,-18.887,342.795
-8.348,-18.675,342.828
-8.412,-18.464,342.861
-8.476,-18.253,342.894
-8.531,-18.042,342.927
-8.596,-17.841,342.96
-8.651,-17.63,342.993
-8.715,-17.43,343.026
-8.77,-17.219,343.037
-8.844,-17.007,343.026
-8.899,-16.796,343.015
-8.963,-16.596,342.993
-9.018,-16.384,342.971
-9.083,-16.184,342.949
-9.147,-15.973,342.927
-9.202,-15.773,342.916
-9.267,-15.561,342.894
-9.322,-15.361,342.883
-9.386,-15.15,342.872
-9.451,-14.95,342.85
-9.506,-14.75,342.828
-9.57,-14.538,342.806
-9.625,-14.338,342.784
-9.69,-14.138,342.773
-9.754,-13.938,342.751
-9.809,-13.726,342.729
-9.873,-13.526,342.708
-9.928,-13.326,342.686
-9.993,-13.126,342.675
-10.048,-12.926,342.664
-10.112,-12.725,342.653
-10.186,-12.47,342.631
-10.25,-12.269,342.609
-10.324,-12.014,342.587
-10.398,-11.769,342.576
-10.462,-11.535,342.576
-10.535,-11.302,342.576
-10.609,-11.09,342.576
-10.674,-10.868,342.565
-10.738,-10.668,342.543
-10.803,-10.467,342.521
-10.858,-10.267,342.51
-10.931,-10.034,342.521
-10.996,-9.8,342.532
-11.069,-9.578,342.543
-11.134,-9.355,342.543
-11.207,-9.122,342.543
-11.281,-8.888,342.532
-11.345,-8.666,342.532
-11.41,-8.443,342.532
-11.483,-8.221,342.521
-11.548,-8.009,342.51
-11.612,-7.776,342.499
-11.676,-7.565,342.51
-11.741,-7.342,342.532
-11.815,-7.131,342.576
-11.879,-6.908,342.598
-11.943,-6.697,342.631
-12.008,-6.486,342.675
-12.072,-6.274,342.719
-12.137,-6.063,342.762
-12.191,-5.852,342.817
-12.256,-5.64,342.872
-12.32,-5.429,342.927
-12.385,-5.229,342.982
-12.44,-5.018,343.026
-12.504,-4.817,343.059
-12.559,-4.606,343.092
-12.624,-4.406,343.114
-12.679,-4.206,343.125
-12.734,-4.006,343.125
-12.798,-3.805,343.125
-12.853,-3.605,343.114
-12.908,-3.405,343.114
-12.982,-3.171,343.103
-13.037,-2.971,343.081
-13.092,-2.771,343.059
-13.156,-2.571,343.048
-13.211,-2.371,343.048
-13.276,-2.171,343.048
-13.331,-1.97,343.037
-13.395,-1.759,343.015
-13.46,-1.548,342.993
-13.515,-1.337,342.949
-13.579,-1.125,342.905
-13.643,-0.914,342.817
-13.708,-0.691,342.697
-13.781,-0.469,342.576
-13.846,-0.247,342.466
-13.91,-0.013,342.367
-13.984,0.209,342.246
-14.057,0.443,342.158
-14.122,0.654,342.07
-14.186,0.866,342.004
-14.251,1.077,341.938
-14.315,1.277,341.884
-14.38,1.489,341.84
-14.453,1.7,341.829
-14.508,1.9,341.895
-14.582,2.112,341.982
-14.647,2.334,342.037
-14.721,2.557,342.125
-14.785,2.757,342.213
-14.85,2.957,342.268
-14.905,3.157,342.301
-14.969,3.369,342.356
-15.034,3.569,342.4
-15.098,3.78,342.444
-15.162,3.991,342.488
-15.217,4.192,342.51
-15.282,4.403,342.521
-15.346,4.603,342.554
-15.401,4.803,342.587
-15.356,4.603,342.246
-15.282,4.403,341.895
-15.217,4.203,341.598
-15.153,3.98,341.257
-15.079,3.769,341.005
-15.015,3.546,340.829
-14.941,3.346,340.653
-14.867,3.135,340.477
-14.802,2.934,340.367
-14.738,2.734,340.247
-14.664,2.534,340.115
-14.599,2.334,339.983
-14.525,2.133,339.84
-14.451,1.933,339.708
-14.368,1.71,339.565
-14.294,1.488,339.456
-14.22,1.287,339.346
-14.146,1.098,339.203
-14.062,0.875,339.027
-13.988,0.664,338.862
-13.914,0.475,338.643
-13.84,0.274,338.39
-13.766,0.074,338.159
-13.692,-0.115,337.928
-13.608,-0.316,337.643
-13.525,-0.516,337.159
-13.45,-0.716,336.445
-13.367,-0.917,335.49
-13.274,-1.106,334.314
-13.19,-1.296,332.93
-13.097,-1.474,331.436
-12.994,-1.664,329.612
-12.891,-1.842,327.744
-12.778,-2.021,325.701
-12.656,-2.2,323.416
-12.525,-2.378,320.702
-12.393,-2.535,317.933
-12.261,-2.692,314.923
-12.12,-2.837,312.023
-11.969,-2.983,308.826
-11.799,-3.118,305.552
-11.638,-3.242,302.498
-11.468,-3.354,298.971
-11.278,-3.456,294.928
-11.079,-3.547,290.017
-10.889,-3.616,285.414
-10.69,-3.662,280.745
-10.49,-3.709,276.262
-10.28,-3.733,271.813
-10.08,-3.736,268.132
-9.87,-3.738,264.661
-9.67,-3.729,261.332
-9.47,-3.698,257.871
-9.259,-3.656,254.564
-9.049,-3.592,251.697
-8.839,-3.528,249.324
-8.637,-3.452,247.522
-8.436,-3.377,245.951
-8.245,-3.29,244.984
-8.053,-3.204,245.127
-7.862,-3.128,246.357
-7.67,-3.042,248.544
-7.479,-2.966,251.279
-7.278,-2.902,254.235
-7.077,-2.849,256.849
-6.876,-2.806,258.662
-6.666,-2.764,259.255
-6.465,-2.722,258.915
-6.265,-2.691,258.168
-6.055,-2.649,257.212
-5.854,-2.596,255.718
-5.653,-2.554,254.004
-5.462,-2.489,253.257
-5.261,-2.436,253.279
-5.06,-2.383,253.4
