0.462,-0.426,251.367
0.252,-0.491,251.334
0.051,-0.555,251.323
-0.150,-0.619,251.312
-0.341,-0.684,251.268
-0.552,-0.748,251.268
-0.762,-0.823,251.268
-0.954,-0.887,251.257
-1.155,-0.952,251.257
-1.355,-1.016,251.290
-1.576,-1.091,251.312
-1.776,-1.155,251.312
-1.997,-1.231,251.334
-2.207,-1.306,251.345
-2.427,-1.370,251.356
-2.638,-1.445,251.356
-2.858,-1.520,251.356
-3.078,-1.585,251.378
-3.298,-1.660,251.389
-3.518,-1.735,251.411
-3.738,-1.799,251.433
-3.958,-1.874,251.466
-4.169,-1.949,251.499
-4.379,-2.014,251.499
-4.580,-2.089,251.499
-4.791,-2.153,251.521
-4.992,-2.217,251.565
-5.192,-2.282,251.631
-5.403,-2.346,251.697
-5.594,-2.410,251.785
-5.795,-2.464,251.906
-5.986,-2.528,252.015
-6.178,-2.592,252.114
-6.369,-2.657,252.224
-6.589,-2.721,252.356
-6.800,-2.785,252.455
-6.991,-2.850,252.543
-7.201,-2.914,252.675
-7.402,-2.967,252.795
-7.603,-3.031,252.905
-7.814,-3.095,253.037
-8.024,-3.160,253.158
-8.234,-3.213,253.235
-8.426,-3.277,253.345
-8.636,-3.330,253.444
-8.837,-3.395,253.542
-9.038,-3.448,254.246
-9.239,-3.501,255.927
-9.439,-3.543,257.893
-9.650,-3.585,260.068
-9.850,-3.605,262.354
-10.060,-3.636,265.188
-10.270,-3.645,268.275
-10.470,-3.643,271.439
-10.680,-3.629,274.977
-10.880,-3.605,278.328
-11.089,-3.558,281.931
-11.308,-3.511,285.677
-11.497,-3.443,289.006
-11.716,-3.363,293.082
-11.896,-3.272,296.620
-12.086,-3.170,300.125
-12.275,-3.057,303.585
-12.455,-2.922,306.958
-12.634,-2.776,310.232
-12.785,-2.642,312.891
-12.955,-2.473,315.945
-13.096,-2.317,318.362
-13.237,-2.149,320.647
-13.369,-1.981,322.800
-13.491,-1.802,324.789
-13.622,-1.612,326.602
-13.744,-1.423,328.250
-13.866,-1.222,329.755
-13.978,-1.010,331.139
-14.090,-0.798,332.402
-14.184,-0.620,333.325
-14.286,-0.397,334.358
-14.370,-0.208,335.050
-14.472,0.015,335.753
-14.556,0.205,336.215
-14.639,0.394,336.654
-14.714,0.594,337.094
-14.797,0.784,337.500
-14.881,0.984,337.906
-14.955,1.185,338.313
-15.039,1.385,338.719
-15.112,1.596,339.093
-15.186,1.808,339.456
-15.270,2.019,339.785
-15.344,2.231,340.027
-15.427,2.454,340.192
-15.501,2.676,340.323
-15.575,2.887,340.444
-15.649,3.110,340.521
-15.732,3.333,340.543
-15.806,3.566,340.543
-15.889,3.789,340.521
-15.963,4.022,340.488
-16.046,4.245,340.466
-16.129,4.479,340.455
-16.203,4.712,340.444
-16.286,4.946,340.433
-16.370,5.180,340.433
-16.453,5.425,340.444
-16.536,5.658,340.466
-16.619,5.892,340.499
-16.693,6.137,340.532
-16.776,6.370,340.598
-16.859,6.615,340.686
-16.942,6.860,340.818
-17.025,7.105,340.994
-17.108,7.350,341.180
-17.191,7.594,341.356
-17.265,7.839,341.521
-17.348,8.084,341.686
-17.422,8.329,341.829
-17.495,8.573,341.949
-17.578,8.818,342.048
-17.652,9.074,342.136
-17.735,9.319,342.191
-17.809,9.563,342.246
-17.882,9.808,342.290
-17.965,10.064,342.334
-18.039,10.309,342.367
-18.112,10.553,342.389
-18.195,10.809,342.411
-18.269,11.054,342.422
-18.342,11.310,342.411
-18.425,11.554,342.400
-18.499,11.810,342.378
-18.572,12.055,342.345
-18.646,12.311,342.312
-18.729,12.566,342.257
-18.802,12.822,342.202
-18.885,13.067,342.136
-18.959,13.312,342.070
-19.042,13.568,342.015
-19.097,13.768,341.982
-19.180,14.024,341.949
-19.263,14.268,341.906
-19.346,14.524,341.873
-19.419,14.780,341.851
-19.484,14.980,341.862
-19.567,15.236,341.895
-19.622,15.436,341.927
-19.705,15.681,341.960
-19.760,15.881,341.993
-19.843,16.137,342.015
-19.936,16.393,342.015
-19.991,16.593,342.015
-20.074,16.849,342.004
-20.138,17.060,342.015
-20.211,17.316,342.015
-20.276,17.516,342.015
-20.340,17.717,342.004
-20.423,17.973,341.993
-20.488,18.173,341.982
-20.553,18.373,341.949
-20.617,18.573,341.927
-20.682,18.774,341.927
-20.746,18.985,341.917
-20.801,19.185,341.917
-20.866,19.385,341.906
-20.940,19.586,341.895
-21.004,19.786,341.895
-21.069,19.986,341.884
-21.133,20.197,341.873
-21.198,20.398,341.873
-21.262,20.609,341.862
-21.327,20.809,341.862
-21.391,21.021,341.851
-21.455,21.221,341.840
-21.520,21.432,341.829
-21.584,21.643,341.818
-21.649,21.844,341.807
-21.723,22.055,341.796
-21.787,22.255,341.785
-21.852,22.478,341.774
-21.916,22.678,341.763
-21.981,22.889,341.752
-22.054,23.101,341.730
-22.119,23.312,341.708
-22.183,23.524,341.697
-22.257,23.735,341.686
-22.322,23.946,341.686
-22.396,24.158,341.675
-22.460,24.380,341.675
-22.524,24.591,341.664
-22.598,24.803,341.653
-22.663,25.014,341.642
-22.727,25.226,341.620
-22.801,25.437,341.598
-22.865,25.648,341.598
-22.939,25.871,341.587
-23.003,26.093,341.576
-23.077,26.305,341.565
-23.142,26.516,341.543
-23.216,26.739,341.510
-23.280,26.950,341.488
-23.354,27.161,341.477
-23.418,27.384,341.477
-23.492,27.606,341.477
-23.566,27.829,341.466
-23.630,28.040,341.455
-23.704,28.263,341.455
-23.778,28.485,341.444
-23.842,28.696,341.433
-23.916,28.930,341.422
-23.990,29.141,341.422
-24.064,29.364,341.422
-24.138,29.587,341.411
-24.211,29.820,341.411
-24.285,30.043,341.411
-24.359,30.265,341.400
-24.433,30.488,341.389
-24.497,30.710,341.378
-24.571,30.944,341.389
-24.654,31.177,341.389
-24.728,31.400,341.389
-24.801,31.634,341.389
-24.885,31.867,341.389
-24.958,32.101,341.389
-25.032,32.334,341.389
-25.106,32.568,341.411
-25.179,32.802,341.433
-25.253,33.024,341.455
-25.327,33.258,341.477
-25.410,33.491,341.488
-25.484,33.725,341.510
-25.558,33.959,341.532
-25.641,34.203,341.565
-25.714,34.437,341.609
-25.788,34.671,341.642
-25.862,34.893,341.664
-25.936,35.127,341.697
-26.009,35.360,341.719
-26.083,35.594,341.752
-26.157,35.828,341.796
-26.230,36.061,341.829
-26.304,36.295,341.873
-26.378,36.517,341.917
-26.452,36.751,341.960
-26.516,36.984,341.993
-26.599,37.218,342.015
-26.673,37.452,342.059
-26.737,37.685,342.103
-26.811,37.908,342.147
-26.884,38.141,342.191
-26.958,38.375,342.235
-27.032,38.609,342.279
-27.096,38.831,342.312
-27.170,39.065,342.356
-27.243,39.298,342.400
-27.308,39.521,342.455
-27.381,39.754,342.510
-27.446,39.977,342.565
-27.519,40.210,342.609
-27.584,40.444,342.653
-27.657,40.666,342.686
-27.722,40.900,342.729
-27.795,41.122,342.773
-27.860,41.356,342.817
-27.933,41.589,342.861
-27.998,41.812,342.905
-28.062,42.034,342.949
-28.136,42.268,342.993
-28.200,42.490,343.037
-28.264,42.724,343.070
-28.338,42.957,343.103
-28.402,43.180,343.147
-28.466,43.402,343.180
-28.530,43.636,343.213
-28.595,43.858,343.235
-28.668,44.092,343.246
-28.733,44.325,343.246
-28.797,44.548,343.224
-28.861,44.781,343.213
-28.925,44.992,343.202
-28.990,45.226,343.191
-29.054,45.448,343.169
-29.118,45.682,343.147
-29.182,45.904,343.136
-29.256,46.127,343.125
-29.320,46.360,343.114
-29.385,46.583,343.103
-29.449,46.816,343.092
-29.513,47.039,343.070
-29.577,47.261,343.048
-29.642,47.483,343.015
-29.715,47.706,342.993
-29.780,47.939,342.960
-29.844,48.162,342.916
-29.908,48.384,342.861
-29.982,48.618,342.795
-30.046,48.840,342.719
-30.110,49.063,342.642
-30.184,49.285,342.565
-30.248,49.508,342.477
-30.313,49.730,342.400
-30.387,49.953,342.334
-30.451,50.175,342.268
-30.515,50.397,342.213
-30.589,50.620,342.158
-30.663,50.854,342.092
-30.736,51.076,342.026
-30.801,51.298,341.982
-30.875,51.521,341.949
-30.939,51.743,341.927
-31.013,51.966,341.927
-31.077,52.188,341.917
-31.151,52.422,341.917
-31.224,52.644,341.917
-31.298,52.867,341.917
-31.363,53.078,341.917
-31.437,53.301,341.906
-31.501,53.523,341.906
-31.575,53.746,341.906
-31.648,53.979,341.917
-31.713,54.202,341.927
-31.786,54.424,341.949
-31.851,54.636,341.971
-31.925,54.858,341.993
-31.989,55.081,342.026
-32.063,55.303,342.048
-32.127,55.525,342.081
-32.201,55.737,342.103
-32.265,55.959,342.147
-32.339,56.193,342.180
-32.403,56.415,342.213
-32.477,56.638,342.257
-32.541,56.849,342.301
-32.606,57.072,342.334
-32.680,57.294,342.378
-32.744,57.517,342.400
-32.818,57.739,342.433
-32.882,57.950,342.466
-32.946,58.173,342.488
-33.020,58.395,342.510
-33.084,58.618,342.532
-33.149,58.840,342.554
-33.213,59.063,342.576
-33.287,59.285,342.609
-33.351,59.496,342.642
-33.416,59.719,342.664
-33.489,59.941,342.697
-33.554,60.164,342.708
-33.618,60.386,342.719
-33.682,60.609,342.740
-33.747,60.831,342.773
-33.811,61.053,342.806
-33.885,61.276,342.828
-33.949,61.498,342.839
-34.013,61.721,342.839
-34.077,61.943,342.839
-34.142,62.166,342.828
-34.206,62.388,342.817
-34.280,62.622,342.773
-34.344,62.844,342.719
-34.408,63.066,342.642
-34.482,63.289,342.565
-34.546,63.511,342.477
-34.620,63.745,342.378
-34.684,63.967,342.290
-34.758,64.201,342.202
-34.822,64.423,342.125
-34.896,64.657,342.081
-34.970,64.880,342.026
-35.034,65.113,341.993
-35.108,65.336,341.971
-35.182,65.569,341.949
-35.246,65.792,341.938
-35.320,66.014,341.938
-35.393,66.248,341.949
-35.467,66.481,341.971
-35.541,66.715,341.993
-35.605,66.948,342.004
-35.679,67.171,342.015
-35.753,67.393,342.004
-35.826,67.627,342.004
-35.900,67.861,341.993
-35.974,68.094,342.004
-36.047,68.328,342.004
-36.121,68.561,342.004
-36.185,68.784,342.004
-36.259,69.017,342.004
-36.333,69.251,342.004
-36.406,69.485,342.004
-36.480,69.729,342.004
-36.554,69.963,342.004
-36.627,70.197,342.004
-36.701,70.419,342.004
-36.765,70.653,342.004
-36.839,70.886,342.004
-36.922,71.131,342.004
-36.996,71.365,342.004
-37.070,71.598,341.993
-37.143,71.843,341.982
-37.217,72.065,341.960
-37.291,72.310,341.927
-37.364,72.544,341.895
-37.438,72.788,341.851
-37.511,73.022,341.807
-37.595,73.256,341.774
-37.668,73.500,341.730
-37.742,73.734,341.697
-37.816,73.968,341.653
-37.889,74.201,341.609
-37.972,74.446,341.554
-38.046,74.680,341.510
-38.120,74.913,341.477
-38.203,75.169,341.455
-38.277,75.403,341.433
-38.350,75.647,341.411
-38.433,75.881,341.378
-38.507,76.115,341.356
-38.590,76.348,341.356
-38.664,76.593,341.356
-38.747,76.838,341.367
-38.821,77.083,341.378
-38.904,77.316,341.400
-38.977,77.561,341.400
-39.061,77.795,341.411
-39.134,78.039,341.422
-39.217,78.284,341.433
-39.291,78.529,341.444
-39.364,78.762,341.455
-39.448,79.007,341.466
-39.521,79.252,341.477
-39.604,79.486,341.488
-39.678,79.730,341.499
-39.761,79.975,341.499
-39.844,80.220,341.510
-39.918,80.465,341.521
-40.001,80.698,341.532
-40.075,80.943,341.543
-40.158,81.188,341.554
-40.231,81.432,341.576
-40.314,81.677,341.598
-40.388,81.922,341.598
-40.471,82.167,341.609
-40.545,82.411,341.620
-40.628,82.656,341.631
-40.701,82.901,341.642
-40.784,83.157,341.653
-40.858,83.401,341.653
-40.941,83.646,341.653
-41.014,83.891,341.664
-41.098,84.136,341.653
-41.171,84.380,341.653
-41.254,84.625,341.653
-41.328,84.881,341.664
-41.411,85.137,341.675
-41.494,85.382,341.686
-41.567,85.626,341.675
-41.650,85.871,341.675
-41.724,86.116,341.675
-41.807,86.361,341.675
-41.890,86.616,341.686
-41.964,86.872,341.686
-42.047,87.117,341.686
-42.130,87.362,341.686
-42.203,87.606,341.686
-42.286,87.862,341.686
-42.360,88.107,341.686
-42.443,88.363,341.686
-42.526,88.608,341.686
-42.599,88.863,341.697
-42.683,89.108,341.697
-42.766,89.364,341.697
-42.839,89.609,341.686
-42.922,89.865,341.697
-43.005,90.110,341.697
-43.079,90.365,341.697
-43.162,90.610,341.697
-43.245,90.866,341.697
-43.318,91.111,341.697
-43.401,91.367,341.697
-43.475,91.611,341.697
-43.558,91.867,341.697
-43.641,92.112,341.697
-43.724,92.357,341.697
-43.798,92.612,341.686
-43.881,92.857,341.686
-43.954,93.113,341.686
-44.037,93.369,341.697
-44.120,93.614,341.708
-44.194,93.869,341.708
-44.277,94.114,341.697
-44.360,94.359,341.697
-44.433,94.604,341.708
-44.516,94.860,341.741
-44.590,95.104,341.774
-44.673,95.360,341.807
-44.747,95.605,341.829
-44.830,95.861,341.840
-44.903,96.105,341.840
-44.986,96.350,341.851
-45.060,96.595,341.873
-45.143,96.851,341.884
-45.216,97.095,341.895
-45.299,97.362,341.895
-45.382,97.607,341.895
-45.465,97.863,341.906
-45.539,98.108,341.906
-45.612,98.352,341.906
-45.696,98.597,341.895
-45.769,98.842,341.884
-45.852,99.098,341.884
-45.926,99.354,341.884
-46.009,99.598,341.884
-46.082,99.843,341.873
-46.165,100.099,341.862
-46.248,100.344,341.851
-46.322,100.600,341.851
-46.395,100.844,341.851
-46.478,101.089,341.851
-46.552,101.345,341.851
-46.635,101.590,341.851
-46.709,101.834,341.851
-46.792,102.090,341.862
-46.865,102.335,341.862
-46.948,102.580,341.862
-47.022,102.824,341.862
-47.095,103.080,341.862
-47.178,103.325,341.862
-47.252,103.570,341.862
-47.325,103.814,341.862
-47.408,104.070,341.862
-47.492,104.315,341.862
-47.565,104.560,341.862
-47.648,104.793,341.862
-47.722,105.038,341.873
-47.805,105.283,341.884
-47.879,105.539,341.895
-47.961,105.794,341.906
-48.035,106.039,341.906
-48.118,106.284,341.906
-48.192,106.517,341.917
-48.265,106.762,341.917
-48.349,107.007,341.917
-48.422,107.263,341.917
-48.505,107.508,341.917
-48.579,107.763,341.906
-48.652,107.997,341.895
-48.735,108.242,341.895
-48.809,108.486,341.884
-48.882,108.742,341.884
-48.965,108.998,341.873
-49.048,109.243,341.873
-49.122,109.488,341.884
-49.205,109.732,341.873
-49.279,109.977,341.873
-49.352,110.222,341.873
-49.435,110.478,341.862
-49.518,110.733,341.862
-49.592,110.989,341.862
-49.675,111.234,341.862
-49.748,111.479,341.873
-49.831,111.735,341.884
-49.905,111.990,341.884
-49.988,112.246,341.884
-50.071,112.502,341.895
-50.154,112.758,341.906
-50.227,112.992,341.917
-50.310,113.247,341.927
-50.393,113.503,341.938
-50.467,113.759,341.949
-50.550,114.037,341.971
-50.633,114.293,341.971
-50.716,114.549,341.982
-50.789,114.794,341.982
-50.872,115.049,341.993
-50.955,115.305,342.015
-51.038,115.572,342.037
-51.111,115.839,342.059
-51.194,116.095,342.059
-51.277,116.351,342.070
-51.351,116.607,342.081
-51.434,116.863,342.103
-51.507,117.129,342.125
-51.599,117.396,342.136
-51.682,117.663,342.147
-51.765,117.930,342.169
-51.839,118.175,342.180
-51.922,118.442,342.180
-52.005,118.698,342.202
-52.087,118.965,342.213
-52.170,119.232,342.235
-52.253,119.499,342.246
-52.336,119.766,342.257
-52.409,120.022,342.268
-52.492,120.288,342.279
-52.575,120.555,342.290
-52.658,120.822,342.301
-52.741,121.089,342.301
-52.824,121.356,342.312
-52.897,121.623,342.323
-52.980,121.901,342.334
-53.063,122.168,342.345
-53.146,122.435,342.367
-53.228,122.702,342.378
-53.311,122.969,342.378
-53.394,123.247,342.378
-53.477,123.514,342.389
-53.560,123.781,342.400
-53.643,124.048,342.422
-53.725,124.326,342.433
-53.808,124.593,342.444
-53.891,124.871,342.444
-53.974,125.138,342.444
-54.057,125.416,342.466
-54.139,125.683,342.477
-54.222,125.961,342.499
-54.305,126.228,342.510
-54.388,126.506,342.521
-54.470,126.784,342.521
-54.553,127.062,342.532
-54.636,127.329,342.554
-54.719,127.607,342.576
-54.811,127.885,342.587
-54.894,128.174,342.598
-54.976,128.452,342.609
-55.059,128.731,342.620
-55.142,128.997,342.642
-55.225,129.276,342.653
-55.307,129.554,342.664
-55.390,129.832,342.675
-55.445,130.032,342.675
-55.537,130.310,342.686
-55.620,130.588,342.686
-55.703,130.866,342.697
-55.786,131.144,342.708
-55.868,131.422,342.719
-55.951,131.700,342.729
-56.024,131.978,342.751
-56.107,132.256,342.773
-56.190,132.534,342.784
-56.282,132.823,342.795
-56.365,133.101,342.795
-56.447,133.379,342.806
-56.530,133.658,342.817
-56.613,133.936,342.828
-56.696,134.214,342.850
-56.778,134.492,342.861
-56.843,134.692,342.872
-56.926,134.970,342.872
-57.008,135.248,342.883
-57.091,135.526,342.894
-57.164,135.804,342.916
-57.247,136.071,342.938
-57.330,136.349,342.960
-57.413,136.638,342.982
-57.495,136.905,342.993
-57.578,137.183,343.015
-57.661,137.461,343.037
-57.734,137.739,343.059
-57.817,138.006,343.070
-57.890,138.295,343.103
-57.973,138.562,343.158
-58.056,138.840,343.224
-58.129,139.118,343.312
-58.212,139.396,343.422
-58.294,139.663,343.531
-58.368,139.941,343.641
-58.451,140.208,343.762
-58.524,140.475,343.883
-58.597,140.753,344.037
-58.680,141.031,344.191
-58.753,141.309,344.344
-58.826,141.587,344.498
-58.899,141.865,344.663
-58.963,142.120,344.817
-59.037,142.398,344.982
-59.110,142.665,345.135
-59.183,142.932,345.289
-59.247,143.210,345.443
-59.311,143.476,345.597
-59.384,143.743,345.729
-59.448,144.021,345.883
-59.511,144.288,346.025
-59.575,144.555,346.179
-59.621,144.755,346.278
-59.685,145.021,346.421
-59.748,145.299,346.553
-59.802,145.566,346.685
-59.866,145.822,346.827
-59.921,146.099,346.970
-59.984,146.366,347.113
-60.030,146.566,347.201
-60.084,146.844,347.355
-60.138,147.122,347.498
-60.202,147.377,347.640
-60.256,147.655,347.783
-60.310,147.922,347.937
-60.365,148.199,348.113
-60.419,148.477,348.289
-60.473,148.755,348.486
-60.527,149.033,348.695
-60.581,149.288,348.926
-60.635,149.566,349.200
-60.680,149.832,349.486
-60.725,150.121,349.794
-60.779,150.388,350.123
-60.824,150.665,350.464
-60.859,150.943,350.826
-60.903,151.220,351.167
-60.948,151.498,351.508
-60.983,151.776,351.826
-61.018,152.042,352.123
-61.053,152.308,352.386
-61.088,152.586,352.639
-61.114,152.863,352.870
-61.149,153.141,353.090
-61.175,153.418,353.309
-61.210,153.685,353.518
-61.235,153.962,353.705
-61.270,154.240,353.881
-61.296,154.506,354.045
-61.312,154.783,354.221
-61.338,155.061,354.375
-61.363,155.327,354.529
-61.389,155.605,354.683
-61.414,155.871,354.814
-61.440,156.137,354.957
-61.456,156.414,355.111
-61.473,156.614,355.221
-61.489,156.880,355.397
-61.505,157.158,355.573
-61.531,157.435,355.748
-61.547,157.712,355.935
-61.563,157.990,356.100
-61.579,158.256,356.276
-61.595,158.533,356.440
-61.601,158.799,356.638
-61.617,159.077,356.825
-61.633,159.365,357.012
-61.640,159.642,357.198
-61.656,159.920,357.374
-61.662,160.186,357.550
-61.678,160.463,357.715
-61.685,160.740,357.869
-61.691,161.017,358.033
-61.679,161.272,358.242
-61.686,161.538,358.462
-61.692,161.816,358.671
-61.699,162.104,358.857
-61.705,162.370,359.022
-61.702,162.647,359.198
-61.699,162.935,359.374
-61.696,163.212,359.506
-61.693,163.478,359.594
-61.690,163.756,359.637
-61.706,163.989,359.626
-61.713,164.255,359.604
-61.710,164.521,359.572
-61.707,164.798,359.517
-61.704,165.086,359.451
-61.701,165.352,359.396
-61.688,165.629,359.363
-61.666,165.895,359.330
-61.663,166.172,359.319
-61.660,166.438,359.297
-61.677,166.682,359.253
-61.674,166.948,359.231
-61.680,167.214,359.220
-61.677,167.491,359.231
-61.674,167.757,359.242
-61.671,168.023,359.242
-61.688,168.289,359.231
-61.685,168.555,359.209
-61.682,168.833,359.187
-61.688,169.099,359.176
-61.676,169.365,359.165
-61.682,169.631,359.165
-61.679,169.897,359.165
-61.696,170.152,359.132
-61.693,170.418,359.077
-61.699,170.684,358.978
-61.687,170.950,358.868
-61.684,171.238,358.748
-61.681,171.504,358.638
-61.687,171.781,358.517
-61.694,172.025,358.385
-61.701,172.291,358.253
-61.707,172.569,358.121
-61.714,172.846,357.990
-61.720,173.112,357.858
-61.727,173.389,357.715
-61.733,173.655,357.561
-61.740,173.921,357.418
-61.756,174.199,357.264
-61.762,174.465,357.122
-61.769,174.742,356.968
-61.785,175.019,356.814
-61.792,175.285,356.649
-61.808,175.552,356.484
-61.824,175.829,356.320
-61.840,176.106,356.155
-61.846,176.383,355.990
-61.862,176.661,355.836
-61.878,176.938,355.660
-61.894,177.215,355.474
-61.910,177.493,355.298
-61.936,177.770,355.111
-61.952,178.047,354.946
-61.977,178.325,354.760
-61.993,178.613,354.584
-62.019,178.891,354.408
-62.035,179.179,354.243
-62.060,179.467,354.067
-62.086,179.745,353.914
-62.111,180.033,353.760
-62.146,180.311,353.606
-62.172,180.599,353.463
-62.197,180.888,353.309
-62.241,181.177,353.156
-62.267,181.465,353.002
-62.302,181.754,352.837
-62.327,182.042,352.694
-62.354,182.242,352.595
-62.389,182.531,352.441
-62.424,182.819,352.288
-62.458,183.108,352.123
-62.493,183.396,351.958
-62.528,183.685,351.804
-62.563,183.974,351.661
-62.608,184.262,351.508
-62.643,184.551,351.365
-62.669,184.751,351.277
-62.696,184.951,351.189
-62.722,185.150,351.112
-62.758,185.350,351.035
-62.784,185.550,350.958
-62.829,185.839,350.859
-62.864,186.128,350.771
-62.908,186.416,350.695
-62.944,186.616,350.651
-62.989,186.916,350.596
-63.015,187.116,350.574
-63.051,187.316,350.552
-63.095,187.604,350.530
-63.122,187.804,350.519
-63.166,188.093,350.508
-63.193,188.293,350.497
-63.229,188.493,350.497
-63.273,188.781,350.508
-63.299,188.992,350.519
-63.326,189.192,350.530
-63.352,189.392,350.530
-63.388,189.592,350.541
-63.414,189.792,350.541
-63.450,189.992,350.541
-63.477,190.192,350.541
-63.503,190.391,350.530
-63.539,190.591,350.530
-63.565,190.802,350.519
-63.619,191.091,350.486
-63.646,191.291,350.453
-63.672,191.491,350.420
-63.708,191.691,350.387
-63.744,191.902,350.343
-63.770,192.112,350.310
-63.806,192.312,350.277
-63.842,192.512,350.244
-63.868,192.712,350.211
-63.895,192.912,350.167
-63.939,193.201,350.123
-63.975,193.401,350.090
-64.002,193.600,350.068
-64.038,193.800,350.035
-64.083,194.023,350.002
-64.119,194.223,349.969
-64.145,194.422,349.937
-64.181,194.622,349.904
-64.217,194.822,349.860
-64.262,195.111,349.805
-64.288,195.311,349.772
-64.324,195.511,349.728
-64.360,195.711,349.695
-64.396,195.922,349.651
-64.432,196.122,349.607
-64.467,196.322,349.552
-64.503,196.521,349.497
-64.530,196.721,349.453
-64.584,197.010,349.387
-64.610,197.210,349.343
-64.646,197.410,349.299
-64.682,197.610,349.255
-64.736,197.910,349.178
-64.772,198.110,349.113
-64.826,198.398,349.014
-64.862,198.598,348.948
-64.898,198.798,348.871
-64.952,199.087,348.772
-64.988,199.287,348.706
-65.024,199.487,348.629
-65.078,199.776,348.519
-65.114,199.976,348.442
-65.159,200.176,348.365
-65.195,200.376,348.289
-65.249,200.664,348.179
-65.285,200.864,348.102
-65.339,201.153,347.992
-65.384,201.353,347.915
-65.438,201.642,347.805
-65.502,201.931,347.706
-65.547,202.131,347.629
-65.601,202.420,347.520
-65.647,202.620,347.443
-65.701,202.909,347.333
-65.764,203.198,347.234
-65.828,203.487,347.135
-65.892,203.775,347.036
-65.928,203.975,346.981
-65.991,204.264,346.893
-66.037,204.464,346.838
-66.100,204.753,346.761
-66.164,205.042,346.674
-66.227,205.331,346.608
-66.300,205.609,346.542
-66.346,205.809,346.509
-66.391,206.009,346.476
-66.455,206.298,346.421
-66.518,206.587,346.366
-66.582,206.876,346.311
-66.655,207.165,346.267
-66.719,207.443,346.223
-66.764,207.643,346.201
-66.810,207.843,346.168
-66.873,208.132,346.135
-66.919,208.332,346.102
-66.992,208.610,346.069
-67.055,208.899,346.036
-67.128,209.188,346.003
-67.192,209.477,345.981
-67.237,209.677,345.959
-67.311,209.966,345.938
-67.374,210.255,345.905
-67.447,210.544,345.883
-67.511,210.832,345.861
-67.584,211.121,345.839
-67.657,211.410,345.817
-67.720,211.699,345.795
-67.794,211.988,345.784
-67.867,212.277,345.773
-67.940,212.566,345.762
-67.985,212.767,345.751
-68.049,213.055,345.740
-68.122,213.344,345.729
-68.185,213.622,345.718
-68.259,213.911,345.707
-68.332,214.200,345.707
-68.377,214.400,345.707
-68.423,214.600,345.707
-68.496,214.889,345.707
-68.541,215.089,345.696
-68.614,215.367,345.696
-68.660,215.567,345.696
-68.723,215.856,345.707
-68.796,216.145,345.707
-68.851,216.346,345.707
-68.897,216.546,345.707
-68.970,216.835,345.707
-69.034,217.124,345.696
-69.107,217.413,345.696
-69.180,217.702,345.685
-69.253,217.991,345.685
-69.298,218.191,345.685
-69.344,218.391,345.685
-69.407,218.680,345.685
-69.480,218.969,345.674
-69.526,219.169,345.663
-69.599,219.458,345.630
-69.672,219.747,345.564
-69.745,220.036,345.487
-69.790,220.236,345.410
-69.845,220.436,345.344
-69.919,220.725,345.212
-69.992,221.014,345.092
-70.065,221.303,344.960
-70.110,221.503,344.872
-70.183,221.792,344.751
-70.256,222.081,344.619
-70.339,222.370,344.498
-70.412,222.659,344.377
-70.467,222.859,344.301
-70.550,223.148,344.180
-70.605,223.349,344.114
-70.678,223.638,344.004
-70.760,223.927,343.894
-70.843,224.216,343.806
-70.916,224.494,343.718
-70.971,224.694,343.674
-71.054,224.983,343.597
-71.118,225.183,343.553
-71.164,225.383,343.499
-71.246,225.673,343.433
-71.329,225.951,343.367
-71.412,226.229,343.312
-71.467,226.429,343.279
-71.549,226.718,343.235
-71.642,227.007,343.191
-71.697,227.207,343.169
-71.779,227.496,343.136
-71.862,227.785,343.125
-71.935,228.063,343.125
-72.027,228.342,343.136
-72.082,228.542,343.147
-72.165,228.820,343.169
-72.220,229.031,343.180
-72.303,229.320,343.202
-72.385,229.609,343.224
-72.468,229.887,343.257
-72.551,230.176,343.290
-72.633,230.454,343.323
-72.688,230.655,343.345
-72.771,230.944,343.378
-72.853,231.233,343.422
-72.936,231.511,343.466
-72.991,231.711,343.499
-73.074,231.989,343.542
-73.147,232.278,343.597
-73.230,232.556,343.652
-73.285,232.756,343.685
-73.367,233.045,343.751
-73.450,233.335,343.806
-73.533,233.613,343.861
-73.606,233.902,343.916
-73.689,234.180,343.971
-73.771,234.469,344.015
-73.826,234.669,344.059
-73.899,234.958,344.114
-73.982,235.247,344.169
-74.055,235.536,344.224
-74.138,235.825,344.268
-74.211,236.114,344.312
-74.293,236.392,344.355
-74.339,236.592,344.388
-74.421,236.881,344.443
-74.495,237.171,344.487
-74.577,237.460,344.520
-74.650,237.749,344.553
-74.723,238.038,344.597
-74.796,238.327,344.630
-74.879,238.616,344.674
-74.924,238.816,344.696
-75.007,239.105,344.729
-75.080,239.394,344.762
-75.135,239.594,344.784
-75.208,239.883,344.828
-75.263,240.083,344.850
-75.336,240.372,344.894
-75.410,240.650,344.927
-75.465,240.850,344.938
-75.538,241.139,344.971
-75.593,241.340,344.993
-75.666,241.629,345.026
-75.711,241.829,345.048
-75.784,242.118,345.081
-75.867,242.407,345.114
-75.912,242.607,345.135
-75.985,242.896,345.168
-76.040,243.096,345.201
-76.113,243.396,345.245
-76.159,243.596,345.267
-76.232,243.885,345.311
-76.277,244.085,345.333
-76.332,244.285,345.355
-76.406,244.563,345.399
-76.451,244.763,345.432
-76.524,245.052,345.487
-76.570,245.252,345.520
-76.624,245.475,345.553
-76.697,245.764,345.597
-76.752,245.964,345.630
-76.798,246.164,345.652
-76.871,246.442,345.707
-76.916,246.642,345.740
-76.962,246.842,345.773
-77.007,247.042,345.806
-77.080,247.342,345.861
-77.135,247.542,345.894
-77.181,247.742,345.916
-77.226,247.942,345.948
-77.272,248.142,345.970
-77.345,248.431,346.014
-77.418,248.720,346.058
-77.463,248.920,346.091
-77.509,249.120,346.124
-77.564,249.321,346.157
-77.609,249.521,346.190
-77.655,249.721,346.223
-77.700,249.921,346.245
-77.746,250.121,346.278
-77.819,250.410,346.322
-77.864,250.610,346.355
-77.910,250.810,346.377
-77.955,251.010,346.410
-78.001,251.210,346.432
-78.046,251.410,346.476
-78.092,251.610,346.498
-78.137,251.810,346.531
-78.182,252.010,346.564
-78.228,252.210,346.597
-78.291,252.499,346.641
-78.337,252.699,346.663
-78.382,252.899,346.685
-78.428,253.099,346.707
-78.473,253.299,346.729
-78.519,253.499,346.761
-78.564,253.699,346.783
-78.610,253.899,346.805
-78.655,254.099,346.827
-78.701,254.299,346.849
-78.746,254.499,346.860
-78.792,254.699,346.882
-78.828,254.899,346.904
-78.873,255.099,346.926
-78.918,255.299,346.937
-78.964,255.499,346.970
-79.027,255.788,346.992
-79.073,255.988,347.003
-79.118,256.188,347.014
-79.164,256.400,347.025
-79.209,256.600,347.036
-79.245,256.800,347.047
-79.291,257.000,347.069
-79.336,257.200,347.080
-79.381,257.400,347.080
-79.427,257.600,347.091
-79.472,257.800,347.102
-79.518,258.000,347.102
-79.554,258.200,347.102
-79.599,258.400,347.102
-79.645,258.600,347.102
-79.708,258.889,347.102
-79.754,259.089,347.091
-79.799,259.300,347.091
-79.835,259.500,347.091
-79.880,259.711,347.091
-79.926,259.911,347.080
-79.971,260.111,347.069
-80.017,260.311,347.069
-80.062,260.511,347.058
-80.098,260.711,347.058
-80.144,260.911,347.058
-80.189,261.111,347.058
-80.234,261.322,347.047
-80.280,261.522,347.047
-80.325,261.722,347.036
-80.371,261.922,347.025
-80.416,262.133,347.014
-80.462,262.333,347.014
-80.507,262.545,347.003
-80.543,262.744,346.992
-80.588,262.944,346.981
-80.634,263.145,346.959
-80.679,263.345,346.948
-80.725,263.556,346.937
-80.770,263.756,346.915
-80.816,263.956,346.904
-80.861,264.167,346.882
-80.906,264.378,346.871
-80.952,264.589,346.849
-81.007,264.789,346.838
-81.052,265.000,346.816
-81.097,265.200,346.805
-81.133,265.400,346.794
-81.206,265.700,346.772
-81.252,265.901,346.761
-81.297,266.101,346.750
-81.342,266.312,346.740
-81.388,266.523,346.718
-81.433,266.745,346.696
-81.488,266.945,346.674
-81.533,267.156,346.663
-81.579,267.356,346.652
-81.615,267.556,346.630
-81.670,267.756,346.619
-81.715,267.956,346.608
-81.761,268.168,346.597
-81.806,268.368,346.575
-81.851,268.601,346.564
-81.906,268.801,346.542
-81.951,269.012,346.531
-81.997,269.223,346.520
-82.042,269.434,346.509
-82.115,269.734,346.498
-82.161,269.934,346.498
-82.215,270.146,346.509
-82.261,270.357,346.542
-82.306,270.568,346.586
-82.351,270.779,346.641
-82.406,270.990,346.707
-82.452,271.190,346.772
-82.497,271.401,346.849
-82.542,271.613,346.915
-82.588,271.824,346.992
-82.633,272.024,347.069
-82.679,272.235,347.157
-82.724,272.446,347.234
-82.779,272.668,347.311
-82.824,272.879,347.388
-82.869,273.091,347.465
-82.915,273.302,347.531
-82.960,273.524,347.596
-82.996,273.724,347.662
-83.041,273.924,347.717
-83.087,274.135,347.761
-83.132,274.346,347.794
-83.168,274.557,347.827
-83.213,274.779,347.849
-83.258,275.001,347.860
-83.304,275.213,347.871
-83.349,275.424,347.882
-83.385,275.635,347.893
-83.430,275.846,347.893
-83.475,276.057,347.904
-83.521,276.268,347.904
-83.556,276.490,347.915
-83.602,276.701,347.926
-83.647,276.912,347.926
-83.692,277.135,347.926
-83.738,277.346,347.926
-83.783,277.557,347.926
-83.819,277.779,347.937
-83.864,277.979,347.948
-83.909,278.201,347.948
-83.955,278.412,347.959
-83.991,278.623,347.970
-84.036,278.834,347.970
-84.081,279.057,347.970
-84.126,279.279,347.970
-84.172,279.490,347.970
-84.217,279.701,347.970
-84.253,279.923,347.970
-84.298,280.134,347.981
-84.334,280.345,347.981
-84.379,280.568,347.992
-84.424,280.779,347.992
-84.470,281.001,347.992
-84.515,281.212,347.981
-84.560,281.434,347.981
-84.605,281.645,347.970
-84.641,281.867,347.959
-84.687,282.079,347.959
-84.732,282.301,347.937
-84.777,282.501,347.926
-84.813,282.723,347.915
-84.858,282.934,347.904
-84.903,283.156,347.893
-84.949,283.378,347.882
-84.994,283.601,347.871
-85.039,283.823,347.849
-85.084,284.034,347.838
-85.130,284.256,347.816
-85.175,284.467,347.794
-85.211,284.678,347.772
-85.256,284.889,347.739
-85.301,285.101,347.706
-85.347,285.323,347.673
-85.392,285.545,347.640
-85.437,285.767,347.596
-85.482,285.989,347.552
-85.528,286.200,347.520
-85.573,286.423,347.476
-85.618,286.634,347.443
-85.663,286.856,347.410
-85.709,287.067,347.377
-85.754,287.289,347.344
-85.809,287.501,347.311
-85.854,287.723,347.267
-85.899,287.945,347.234
-85.954,288.156,347.201
-85.999,288.378,347.168
-86.045,288.590,347.135
-86.090,288.812,347.102
-86.135,289.034,347.069
-86.190,289.245,347.036
-86.235,289.467,347.003
-86.281,289.678,346.970
-86.326,289.901,346.937
-86.371,290.123,346.904
-86.426,290.334,346.871
-86.471,290.556,346.838
-86.516,290.779,346.794
-86.571,291.001,346.761
-86.616,291.212,346.729
-86.662,291.434,346.696
-86.716,291.656,346.663
-86.762,291.879,346.630
-86.817,292.090,346.597
-86.862,292.312,346.553
-86.916,292.534,346.520
-86.962,292.746,346.487
-87.017,292.968,346.443
-87.062,293.190,346.410
-87.117,293.401,346.377
-87.162,293.623,346.333
-87.217,293.846,346.300
-87.271,294.057,346.256
-87.317,294.290,346.223
-87.371,294.502,346.179
-87.426,294.724,346.135
-87.471,294.946,346.102
-87.526,295.168,346.058
-87.581,295.380,346.025
-87.626,295.602,345.992
-87.681,295.824,345.959
-87.736,296.046,345.938
-87.791,296.258,345.905
-87.836,296.480,345.872
-87.891,296.702,345.850
-87.945,296.913,345.828
-88.000,297.136,345.806
-88.045,297.358,345.795
-88.100,297.580,345.784
-88.155,297.803,345.762
-88.210,298.014,345.751
-88.265,298.236,345.729
-88.319,298.458,345.718
-88.365,298.669,345.707
-88.419,298.892,345.707
-88.474,299.114,345.696
-88.529,299.325,345.707
-88.584,299.548,345.707
-88.629,299.770,345.718
-88.684,299.992,345.740
-88.739,300.203,345.762
-88.793,300.426,345.784
-88.848,300.648,345.828
-88.893,300.870,345.872
-88.948,301.093,345.916
-89.003,301.315,345.970
-89.058,301.526,346.025
-89.103,301.748,346.080
-89.158,301.971,346.124
-89.212,302.193,346.179
-89.267,302.415,346.234
-89.322,302.637,346.289
-89.367,302.849,346.333
-89.422,303.060,346.388
-89.467,303.282,346.432
-89.522,303.504,346.487
-89.567,303.715,346.531
-89.622,303.938,346.575
-89.677,304.160,346.619
-89.722,304.404,346.652
-89.777,304.627,346.674
-89.822,304.849,346.685
-89.877,305.071,346.685
-89.912,305.282,346.696
-89.967,305.494,346.685
-90.013,305.716,346.685
-90.067,305.938,346.674
-90.112,306.160,346.674
-90.167,306.383,346.663
-90.212,306.605,346.641
-90.267,306.827,346.641
-90.312,307.049,346.630
-90.367,307.272,346.630
-90.412,307.494,346.630
-90.467,307.716,346.630
-90.512,307.938,346.630
-90.567,308.161,346.630
-90.612,308.383,346.630
-90.667,308.605,346.630
-90.722,308.827,346.630
-90.767,309.050,346.630
-90.822,309.272,346.641
-90.867,309.494,346.652
-90.922,309.716,346.652
-90.967,309.939,346.652
-91.022,310.161,346.663
-91.067,310.383,346.663
-91.122,310.605,346.663
-91.167,310.828,346.674
-91.222,311.050,346.674
-91.267,311.272,346.685
-91.322,311.506,346.696
-91.376,311.728,346.696
-91.422,311.939,346.707
-91.467,312.161,346.707
-91.522,312.384,346.718
-91.567,312.606,346.729
-91.621,312.839,346.740
-91.676,313.061,346.750
-91.721,313.284,346.761
-91.776,313.506,346.761
-91.821,313.728,346.772
-91.876,313.950,346.772
-91.921,314.184,346.783
-91.976,314.406,346.794
-92.021,314.628,346.805
-92.076,314.862,346.805
-92.121,315.084,346.816
-92.176,315.306,346.827
-92.221,315.517,346.827
-92.266,315.740,346.838
-92.321,315.962,346.849
-92.366,316.184,346.860
-92.421,316.417,346.871
-92.466,316.651,346.882
-92.521,316.873,346.882
-92.566,317.095,346.893
-92.611,317.317,346.904
-92.666,317.529,346.904
-92.711,317.751,346.915
-92.766,317.973,346.937
-92.811,318.206,346.948
-92.856,318.429,346.959
-92.911,318.651,346.959
-92.966,318.873,346.970
-93.011,319.095,346.970
-93.056,319.318,346.981
-93.111,319.540,346.992
-93.156,319.762,347.003
-93.201,319.995,347.014
-93.256,320.218,347.036
-93.301,320.440,347.036
-93.356,320.662,347.047
-93.401,320.885,347.058
-93.446,321.107,347.069
-93.501,321.329,347.091
-93.546,321.551,347.102
-93.592,321.773,347.124
-93.646,321.996,347.146
-93.692,322.218,347.157
-93.737,322.440,347.168
-93.782,322.662,347.179
-93.837,322.885,347.190
-93.882,323.118,347.212
-93.927,323.340,347.234
-93.982,323.562,347.245
-94.027,323.785,347.256
-94.072,324.007,347.278
-94.118,324.218,347.289
-94.172,324.440,347.300
-94.218,324.663,347.322
-94.263,324.885,347.344
-94.308,325.107,347.366
-94.353,325.329,347.388
-94.398,325.551,347.399
-94.444,325.774,347.421
-94.498,325.996,347.432
-94.544,326.218,347.454
-94.589,326.440,347.476
-94.634,326.662,347.498
-94.679,326.885,347.509
-94.725,327.107,347.531
-94.770,327.329,347.542
-94.815,327.540,347.552
-94.860,327.762,347.574
-94.906,327.985,347.585
-94.951,328.196,347.596
-94.996,328.418,347.607
-95.051,328.651,347.618
-95.096,328.874,347.629
-95.141,329.096,347.640
-95.186,329.318,347.651
-95.232,329.540,347.662
-95.277,329.751,347.673
-95.322,329.973,347.673
-95.367,330.196,347.673
-95.413,330.418,347.662
-95.458,330.629,347.662
-95.503,330.851,347.651
-95.548,331.073,347.629
-95.594,331.285,347.618
-95.639,331.507,347.596
-95.684,331.729,347.574
-95.739,331.951,347.552
-95.784,332.185,347.531
-95.829,332.407,347.509
-95.874,332.629,347.487
-95.920,332.851,347.454
-95.965,333.062,347.432
-96.010,333.273,347.410
-96.056,333.485,347.388
-96.101,333.707,347.366
-96.146,333.929,347.333
-96.191,334.151,347.311
-96.246,334.362,347.289
-96.291,334.585,347.267
-96.337,334.807,347.256
-96.382,335.018,347.234
-96.437,335.251,347.212
-96.482,335.473,347.201
-96.527,335.685,347.190
-96.572,335.907,347.168
-96.627,336.129,347.168
-96.673,336.329,347.157
-96.718,336.551,347.146
-96.763,336.762,347.146
-96.808,336.985,347.146
-96.854,337.196,347.146
-96.908,337.418,347.146
-96.954,337.640,347.146
-96.999,337.863,347.135
-97.054,338.085,347.135
-97.099,338.296,347.135
-97.144,338.518,347.135
-97.189,338.740,347.135
-97.235,338.951,347.135
-97.289,339.174,347.135
-97.335,339.396,347.135
-97.380,339.607,347.124
-97.425,339.818,347.113
-97.480,340.041,347.113
-97.525,340.252,347.113
-97.571,340.474,347.113
-97.616,340.696,347.124
-97.671,340.918,347.124
-97.716,341.141,347.124
-97.761,341.363,347.124
-97.806,341.585,347.124
-97.852,341.785,347.124
-97.906,342.007,347.124
-97.952,342.230,347.124
-97.997,342.441,347.124
-98.042,342.663,347.124
-98.097,342.885,347.113
-98.142,343.096,347.113
-98.188,343.319,347.102
-98.233,343.530,347.102
-98.288,343.752,347.091
-98.333,343.963,347.091
-98.378,344.185,347.091
-98.424,344.396,347.091
-98.469,344.619,347.080
-98.524,344.830,347.069
-98.569,345.052,347.069
-98.614,345.274,347.058
-98.659,345.485,347.058
-98.705,345.708,347.058
-98.759,345.919,347.047
-98.805,346.141,347.036
-98.859,346.363,347.025
-98.905,346.574,347.014
-98.950,346.786,347.003
-98.995,347.008,346.992
-99.050,347.230,346.981
-99.095,347.441,346.981
-99.141,347.663,346.970
-99.186,347.875,346.959
-99.241,348.097,346.937
-99.286,348.308,346.926
-99.341,348.530,346.915
-99.386,348.741,346.904
-99.431,348.964,346.893
-99.477,349.175,346.882
-99.531,349.397,346.871
-99.577,349.608,346.871
-99.622,349.830,346.860
-99.677,350.042,346.849
-99.722,350.264,346.838
-99.777,350.475,346.827
-99.822,350.697,346.816
-99.868,350.908,346.816
-99.922,351.131,346.816
-99.968,351.342,346.805
-100.013,351.564,346.805
-100.068,351.775,346.794
-100.113,351.997,346.794
-100.158,352.208,346.783
-100.213,352.431,346.783
-100.258,352.642,346.772
-100.313,352.864,346.761
-100.358,353.075,346.750
-100.404,353.298,346.750
-100.459,353.509,346.729
-100.504,353.720,346.729
-100.549,353.931,346.718
-100.604,354.153,346.707
-100.649,354.364,346.696
-100.695,354.587,346.685
-100.749,354.809,346.674
-100.795,355.020,346.663
-100.850,355.231,346.663
-100.895,355.454,346.652
-100.940,355.665,346.652
-100.995,355.876,346.641
-101.040,356.098,346.641
-101.095,356.309,346.630
-101.140,356.520,346.619
-101.186,356.743,346.608
-101.240,356.954,346.597
-101.286,357.165,346.597
-101.331,357.387,346.586
-101.386,357.598,346.586
-101.431,357.810,346.586
-101.477,358.021,346.586
-101.531,358.243,346.586
-101.577,358.454,346.586
-101.632,358.665,346.597
-101.677,358.888,346.597
-101.722,359.099,346.619
-101.777,359.321,346.630
-101.822,359.532,346.652
-101.877,359.754,346.674
-101.922,359.965,346.696
-101.968,360.177,346.718
-102.022,360.388,346.729
-102.068,360.599,346.750
-102.113,360.810,346.772
-102.168,361.032,346.794
-102.213,361.255,346.816
-102.268,361.466,346.838
-102.313,361.688,346.871
-102.368,361.899,346.893
-102.413,362.121,346.915
-102.459,362.333,346.937
-102.504,362.544,346.959
-102.559,362.766,346.970
-102.604,362.977,346.992
-102.649,363.199,347.003
-102.704,363.411,347.014
-102.749,363.633,347.025
-102.804,363.844,347.036
-102.849,364.066,347.047
-102.895,364.277,347.058
-102.940,364.500,347.058
-102.995,364.722,347.069
-103.040,364.933,347.080
-103.085,365.155,347.091
-103.131,365.377,347.102
-103.185,365.589,347.102
-103.231,365.811,347.113
-103.276,366.033,347.113
-103.331,366.244,347.124
-103.376,366.466,347.124
-103.421,366.689,347.124
-103.476,366.911,347.124
-103.521,367.133,347.113
-103.566,367.355,347.102
-103.621,367.567,347.102
-103.667,367.778,347.091
-103.712,368.000,347.091
-103.757,368.222,347.080
-103.812,368.444,347.069
-103.857,368.656,347.058
-103.912,368.889,347.047
-103.957,369.111,347.025
-104.002,369.322,347.014
-104.057,369.545,347.003
-104.102,369.767,346.992
-104.147,369.989,346.981
-104.202,370.200,346.970
-104.247,370.422,346.970
-104.293,370.645,346.959
-104.347,370.867,346.948
-104.393,371.089,346.926
-104.448,371.300,346.915
-104.493,371.523,346.904
-104.548,371.745,346.904
-104.593,371.967,346.882
-104.638,372.189,346.871
-104.693,372.412,346.860
-104.738,372.634,346.838
-104.793,372.856,346.816
-104.838,373.067,346.794
-104.893,373.301,346.772
-104.938,373.523,346.750
-104.993,373.745,346.729
-105.038,373.967,346.707
-105.093,374.190,346.685
-105.138,374.401,346.663
-105.193,374.623,346.641
-105.238,374.834,346.619
-105.293,375.056,346.586
-105.347,375.279,346.553
-105.402,375.501,346.520
-105.447,375.723,346.487
-105.502,375.946,346.454
-105.547,376.168,346.421
-105.602,376.379,346.377
-105.647,376.612,346.344
-105.702,376.824,346.311
-105.757,377.046,346.278
-105.802,377.268,346.234
-105.857,377.490,346.201
-105.912,377.702,346.157
-105.957,377.924,346.124
-106.012,378.135,346.080
-106.067,378.357,346.047
-106.112,378.580,346.014
-106.167,378.802,345.970
-106.221,379.024,345.927
-106.276,379.246,345.883
-106.331,379.458,345.839
-106.386,379.680,345.795
-106.431,379.891,345.751
-106.486,380.113,345.707
-106.541,380.336,345.663
-106.586,380.547,345.619
-106.641,380.769,345.586
-106.695,380.992,345.542
-106.750,381.203,345.498
-106.805,381.425,345.443
-106.860,381.647,345.410
-106.915,381.859,345.366
-106.969,382.081,345.322
-107.024,382.303,345.289
-107.079,382.514,345.245
-107.134,382.737,345.212
-107.189,382.948,345.179
-107.243,383.170,345.135
-107.308,383.393,345.092
-107.362,383.615,345.059
-107.417,383.826,345.015
-107.472,384.049,344.971
-107.527,384.260,344.927
-107.582,384.471,344.894
-107.646,384.693,344.850
-107.701,384.905,344.817
-107.756,385.116,344.773
-107.820,385.349,344.740
-107.875,385.561,344.696
-107.930,385.783,344.663
-107.984,385.994,344.619
-108.049,386.217,344.575
-108.104,386.428,344.542
-108.158,386.639,344.498
-108.213,386.861,344.465
-108.268,387.073,344.421
-108.323,387.284,344.377
-108.387,387.506,344.344
-108.452,387.729,344.301
-108.506,387.940,344.257
-108.561,388.162,344.213
-108.626,388.373,344.180
-108.680,388.585,344.136
-108.745,388.807,344.103
-108.800,389.018,344.059
-108.854,389.230,344.026
-108.919,389.452,343.982
-108.983,389.663,343.938
-109.038,389.875,343.894
-109.102,390.097,343.861
-109.157,390.308,343.817
-109.222,390.519,343.784
-109.276,390.742,343.751
-109.341,390.953,343.718
-109.405,391.164,343.685
-109.460,391.387,343.652
-109.524,391.598,343.630
-109.579,391.820,343.608
-109.643,392.032,343.575
-109.708,392.243,343.553
-109.763,392.454,343.531
-109.827,392.677,343.521
-109.892,392.877,343.499
-109.946,393.088,343.477
-110.011,393.311,343.455
-110.066,393.522,343.433
-110.130,393.733,343.422
-110.194,393.956,343.400
-110.259,394.167,343.378
-110.323,394.389,343.356
-110.378,394.601,343.334
-110.442,394.812,343.323
-110.497,395.023,343.301
-110.561,395.234,343.290
-110.626,395.446,343.268
-110.690,395.657,343.246
-110.745,395.879,343.235
-110.809,396.091,343.213
-110.874,396.313,343.191
-110.938,396.524,343.180
-111.003,396.736,343.169
-111.057,396.947,343.147
-111.122,397.158,343.136
-111.186,397.370,343.125
-111.250,397.592,343.114
-111.315,397.803,343.092
-111.379,398.015,343.081
-111.434,398.226,343.059
-111.498,398.448,343.048
-111.563,398.660,343.037
-111.627,398.871,343.015
-111.692,399.082,343.004
-111.756,399.294,342.993
-111.820,399.516,342.982
-111.885,399.727,342.960
-111.949,399.939,342.949
-112.004,400.150,342.927
-112.078,400.373,342.905
-112.142,400.584,342.883
-112.197,400.795,342.872
-112.261,401.018,342.850
-112.326,401.229,342.828
-112.390,401.440,342.806
-112.455,401.652,342.784
-112.519,401.863,342.762
-112.583,402.074,342.740
-112.648,402.297,342.719
-112.712,402.508,342.697
-112.776,402.719,342.675
-112.841,402.942,342.653
-112.905,403.153,342.620
-112.970,403.364,342.598
-113.034,403.576,342.576
-113.098,403.787,342.554
-113.163,404.009,342.532
-113.227,404.221,342.510
-113.291,404.432,342.477
-113.365,404.644,342.455
-113.430,404.855,342.433
-113.494,405.066,342.400
-113.558,405.289,342.378
-113.623,405.500,342.356
-113.687,405.711,342.334
-113.752,405.923,342.312
-113.826,406.134,342.290
-113.890,406.345,342.257
-113.954,406.568,342.235
-114.019,406.779,342.202
-114.083,406.990,342.180
-114.157,407.202,342.158
-114.221,407.413,342.136
-114.286,407.636,342.114
-114.350,407.847,342.103
-114.424,408.058,342.081
-114.488,408.270,342.059
-114.553,408.481,342.048
-114.617,408.703,342.026
-114.691,408.915,342.015
-114.755,409.126,342.015
-114.820,409.338,342.004
-114.894,409.560,341.993
-114.958,409.771,341.993
-115.023,409.983,341.982
-115.096,410.194,341.982
-115.161,410.417,341.982
-115.225,410.628,341.993
-115.299,410.839,342.004
-115.363,411.051,342.015
-115.428,411.262,342.037
-115.502,411.485,342.059
-115.566,411.696,342.081
-115.630,411.907,342.103
-115.704,412.130,342.136
-115.769,412.341,342.158
-115.833,412.563,342.191
-115.897,412.775,342.213
-115.971,412.986,342.235
-116.036,413.198,342.268
-116.100,413.409,342.290
-116.165,413.620,342.312
-116.229,413.832,342.334
-116.293,414.054,342.345
-116.367,414.276,342.367
-116.431,414.499,342.389
-116.496,414.710,342.400
-116.560,414.922,342.411
-116.634,415.144,342.422
-116.689,415.344,342.433
-116.753,415.556,342.455
-116.818,415.778,342.466
-116.892,415.989,342.466
-116.956,416.201,342.466
-117.020,416.423,342.466
-117.085,416.646,342.466
-117.149,416.857,342.466
-117.223,417.068,342.466
-117.287,417.280,342.466
-117.352,417.491,342.466
-117.416,417.713,342.455
-117.480,417.925,342.444
-117.545,418.136,342.433
-117.609,418.358,342.422
-117.683,418.570,342.411
-117.747,418.781,342.389
-117.812,418.993,342.389
-117.876,419.204,342.367
-117.941,419.415,342.356
-118.005,419.638,342.345
-118.069,419.849,342.334
-118.134,420.060,342.312
-118.198,420.272,342.290
-118.262,420.483,342.279
-118.336,420.694,342.257
-118.401,420.906,342.235
-118.465,421.117,342.202
-118.530,421.328,342.180
-118.594,421.540,342.158
-118.659,421.740,342.136
-118.723,421.951,342.103
-118.787,422.163,342.070
-118.852,422.374,342.048
-118.916,422.585,342.015
-118.990,422.797,341.982
-119.054,423.008,341.949
-119.119,423.219,341.927
-119.183,423.431,341.906
-119.248,423.642,341.884
-119.312,423.842,341.862
-119.377,424.054,341.829
-119.441,424.254,341.807
-119.506,424.465,341.785
-119.579,424.677,341.763
-119.653,424.888,341.741
-119.718,425.099,341.708
-119.782,425.300,341.686
-119.856,425.511,341.653
-119.921,425.722,341.620
-119.985,425.923,341.587
-120.050,426.134,341.565
-120.114,426.334,341.532
-120.179,426.546,341.499
-120.243,426.746,341.466
-120.307,426.957,341.433
-120.382,427.158,341.400
-120.446,427.369,341.378
-120.510,427.569,341.356
-120.575,427.780,341.334
-120.649,427.992,341.301
-120.723,428.192,341.268
-120.787,428.404,341.246
-120.852,428.604,341.224
-120.926,428.815,341.213
-120.990,429.016,341.213
-121.055,429.216,341.224
-121.129,429.416,341.246
-121.193,429.627,341.279
-121.258,429.828,341.323
-121.322,430.039,341.367
-121.396,430.239,341.422
-121.461,430.440,341.477
-121.525,430.651,341.532
-121.590,430.851,341.587
-121.664,431.063,341.653
-121.728,431.263,341.708
-121.793,431.474,341.763
-121.857,431.674,341.829
-121.922,431.875,341.884
-121.986,432.086,341.949
-122.050,432.286,342.004
-122.115,432.487,342.070
-122.179,432.698,342.125
-122.244,432.898,342.180
-122.308,433.098,342.224
-122.373,433.310,342.268
-122.437,433.510,342.312
-122.502,433.710,342.356
-122.557,433.910,342.400
-122.621,434.122,342.444
-122.686,434.333,342.477
-122.750,434.533,342.499
-122.805,434.733,342.532
-122.870,434.934,342.543
-122.934,435.134,342.565
-122.999,435.334,342.576
-123.054,435.534,342.587
-123.118,435.746,342.609
-123.183,435.946,342.620
-123.247,436.157,342.631
-123.312,436.357,342.642
-123.367,436.569,342.653
-123.431,436.769,342.653
-123.486,436.969,342.653
-123.578,437.258,342.653
-123.643,437.459,342.653
-123.698,437.659,342.653
-123.762,437.859,342.653
-123.827,438.059,342.653
-123.882,438.270,342.642
-123.946,438.471,342.642
-124.011,438.671,342.631
-124.066,438.871,342.620
-124.130,439.071,342.609
-124.185,439.271,342.598
-124.250,439.472,342.598
-124.314,439.672,342.587
-124.369,439.872,342.587
-124.434,440.072,342.576
-124.489,440.272,342.554
-124.553,440.473,342.543
-124.618,440.673,342.532
-124.673,440.873,342.521
-124.737,441.073,342.499
-124.792,441.273,342.488
-124.884,441.563,342.466
-124.949,441.763,342.455
-125.004,441.963,342.433
-125.068,442.163,342.422
-125.133,442.364,342.411
-125.188,442.564,342.389
-125.253,442.764,342.378
-125.345,443.053,342.367
-125.400,443.253,342.356
-125.492,443.543,342.334
-125.556,443.743,342.323
-125.648,444.032,342.301
-125.703,444.243,342.301
-125.796,444.533,342.279
-125.860,444.733,342.268
-125.925,444.933,342.246
-126.007,445.222,342.213
-126.099,445.511,342.191
-126.191,445.801,342.169
-126.256,446.001,342.158
-126.311,446.201,342.147
-126.403,446.490,342.136
-126.468,446.690,342.114
-126.560,446.980,342.081
-126.624,447.180,342.059
-126.679,447.380,342.037
-126.771,447.669,342.015
-126.836,447.870,342.015
-126.928,448.148,341.993
-126.983,448.348,341.982
-127.075,448.637,341.971
-127.168,448.926,341.971
-127.232,449.138,341.982
-127.324,449.427,342.015
-127.389,449.627,342.037
-127.481,449.916,342.103
-127.573,450.206,342.158
-127.665,450.495,342.224
-127.720,450.695,342.268
-127.822,450.995,342.334
-127.877,451.196,342.378
-127.969,451.485,342.444
-128.033,451.685,342.477
-128.088,451.885,342.521
-128.180,452.163,342.587
-128.235,452.363,342.631
-128.328,452.653,342.686
-128.383,452.853,342.729
-128.447,453.064,342.762
-128.512,453.264,342.795
-128.594,453.554,342.839
-128.659,453.754,342.872
-128.741,454.043,342.916
-128.796,454.243,342.938
-128.888,454.532,342.960
-128.943,454.732,342.982
-129.008,454.933,342.993
-129.063,455.133,343.004
-129.127,455.333,343.004
-129.182,455.533,343.015
-129.237,455.733,343.015
-129.330,456.023,343.026
-129.385,456.223,343.026
-129.440,456.423,343.026
-129.504,456.623,343.037
-129.587,456.912,343.037
-129.651,457.113,343.026
-129.706,457.313,343.026
-129.771,457.513,343.026
-129.826,457.713,343.026
-129.881,457.913,343.026
-129.945,458.113,343.026
-130.000,458.314,343.026
-130.065,458.514,343.026
-130.120,458.714,343.015
-130.175,458.914,343.015
-130.267,459.203,343.004
-130.322,459.403,343.004
-130.386,459.604,343.004
-130.441,459.804,342.993
-130.506,460.004,342.982
-130.561,460.204,342.982
-130.625,460.405,342.971
-130.680,460.605,342.960
-130.745,460.805,342.960
-130.800,461.016,342.949
-130.864,461.216,342.938
-130.919,461.417,342.938
-130.984,461.617,342.916
-131.039,461.817,342.905
-131.103,462.017,342.894
-131.158,462.217,342.883
-131.223,462.418,342.872
-131.278,462.618,342.861
-131.342,462.818,342.850
-131.407,463.029,342.839
-131.462,463.229,342.828
-131.526,463.441,342.817
-131.581,463.641,342.806
-131.646,463.841,342.784
-131.701,464.041,342.773
-131.765,464.242,342.751
-131.820,464.442,342.751
-131.885,464.642,342.740
-131.949,464.853,342.740
-132.014,465.065,342.729
-132.068,465.276,342.719
-132.133,465.476,342.708
-132.197,465.687,342.697
-132.252,465.888,342.686
-132.317,466.088,342.675
-132.381,466.288,342.675
-132.436,466.488,342.664
-132.501,466.699,342.653
-132.565,466.900,342.642
-132.630,467.122,342.620
-132.694,467.333,342.609
-132.759,467.534,342.587
-132.823,467.745,342.565
-132.878,467.945,342.554
-132.942,468.145,342.532
-133.007,468.357,342.521
-133.062,468.557,342.499
-133.126,468.768,342.488
-133.191,468.980,342.466
-133.255,469.191,342.455
-133.319,469.402,342.433
-133.384,469.614,342.411
-133.448,469.814,342.400
-133.513,470.025,342.378
-133.568,470.225,342.367
-133.632,470.437,342.356
-133.697,470.648,342.345
-133.761,470.848,342.323
-133.826,471.060,342.312
-133.890,471.271,342.290
-133.954,471.482,342.279
-134.019,471.694,342.257
-134.083,471.905,342.246
-134.148,472.105,342.235
-134.212,472.316,342.224
-134.277,472.517,342.202
-134.341,472.728,342.191
-134.406,472.928,342.169
-134.470,473.140,342.158
-134.534,473.362,342.136
-134.599,473.573,342.125
-134.663,473.785,342.103
-134.728,473.985,342.070
-134.792,474.196,342.048
-134.856,474.396,342.015
-134.921,474.597,341.993
-134.985,474.808,341.971
-135.050,475.019,341.938
-135.114,475.220,341.917
-135.179,475.442,341.884
-135.253,475.653,341.851
-135.317,475.865,341.818
-135.381,476.065,341.785
-135.446,476.276,341.752
-135.510,476.477,341.719
-135.575,476.677,341.686
-135.639,476.888,341.653
-135.713,477.100,341.620
-135.778,477.300,341.587
-135.852,477.522,341.543
-135.916,477.723,341.510
-135.980,477.934,341.477
-136.045,478.145,341.444
-136.119,478.346,341.411
-136.183,478.557,341.367
-136.248,478.757,341.334
-136.322,478.969,341.301
-136.386,479.169,341.257
-136.451,479.380,341.224
-136.525,479.592,341.191
-136.589,479.803,341.147
-136.654,480.003,341.104
-136.728,480.215,341.060
-136.792,480.415,341.027
-136.866,480.626,340.983
-136.931,480.827,340.939
-136.995,481.038,340.895
-137.069,481.238,340.851
-137.133,481.450,340.807
-137.207,481.661,340.763
-137.281,481.873,340.708
-137.346,482.073,340.664
-137.420,482.284,340.609
-137.484,482.484,340.565
-137.558,482.685,340.521
-137.623,482.885,340.477
-137.697,483.097,340.433
-137.761,483.297,340.389
-137.835,483.497,340.345
-137.909,483.720,340.291
-137.983,483.920,340.247
-138.048,484.131,340.192
-138.122,484.332,340.148
-138.196,484.543,340.093
-138.297,484.844,340.027
-138.362,485.044,339.994
-138.436,485.244,339.939
-138.510,485.444,339.895
-138.584,485.656,339.840
-138.658,485.867,339.774
-138.732,486.068,339.708
-138.806,486.268,339.642
-138.870,486.479,339.576
-138.944,486.680,339.500
-139.018,486.880,339.423
-139.092,487.080,339.346
-139.166,487.281,339.269
-139.240,487.481,339.192
-139.314,487.693,339.104
-139.388,487.893,339.027
-139.462,488.093,338.939
-139.537,488.294,338.851
-139.611,488.494,338.774
-139.694,488.694,338.687
-139.768,488.884,338.610
-139.842,489.084,338.522
-139.916,489.284,338.434
-139.991,489.485,338.335
-140.065,489.685,338.247
-140.139,489.886,338.159
-140.222,490.086,338.071
-140.296,490.286,337.972
-140.370,490.476,337.874
-140.445,490.665,337.775
-140.528,490.865,337.654
-140.602,491.066,337.533
-140.676,491.255,337.412
-140.760,491.455,337.269
-140.844,491.656,337.137
-140.918,491.856,336.984
-141.001,492.046,336.819
-141.076,492.235,336.654
-141.159,492.435,336.478
-141.280,492.714,336.204
-141.354,492.903,336.017
-141.438,493.092,335.819
-141.522,493.282,335.632
-141.605,493.471,335.435
-141.698,493.672,335.237
-141.782,493.861,335.028
-141.866,494.050,334.819
-141.950,494.240,334.611
-142.070,494.518,334.314
-142.201,494.797,334.006
-142.294,494.975,333.809
-142.378,495.165,333.611
-142.471,495.354,333.402
-142.565,495.533,333.193
-142.648,495.722,332.996
-142.742,495.900,332.787
-142.835,496.090,332.589
-142.928,496.268,332.402
-143.059,496.547,332.117
-143.152,496.725,331.941
-143.245,496.904,331.754
-143.339,497.082,331.578
-143.441,497.271,331.403
-143.535,497.450,331.238
-143.628,497.628,331.073
-143.722,497.807,330.908
-143.824,497.985,330.743
-143.965,498.242,330.513
-144.068,498.420,330.370
-144.161,498.599,330.216
-144.264,498.777,330.073
-144.357,498.955,329.919
-144.460,499.134,329.777
-144.553,499.312,329.634
-144.703,499.569,329.436
-144.806,499.747,329.304
-144.956,500.004,329.106
-145.049,500.182,328.975
-145.208,500.439,328.788
-145.358,500.696,328.601
-145.461,500.874,328.480
-145.611,501.131,328.315
-145.770,501.388,328.151
-145.910,501.633,328.008
-146.069,501.890,327.854
-146.219,502.135,327.711
-146.378,502.392,327.568
-146.491,502.571,327.480
-146.650,502.827,327.349
-146.809,503.073,327.217
-146.959,503.330,327.074
-147.109,503.564,326.942
-147.268,503.810,326.810
-147.428,504.055,326.678
-147.531,504.234,326.591
-147.690,504.479,326.459
-147.803,504.647,326.360
-147.962,504.882,326.228
-148.103,505.116,326.096
-148.215,505.283,326.008
-148.375,505.518,325.887
-148.534,505.775,325.767
-148.703,506.009,325.646
-148.862,506.255,325.525
-149.022,506.490,325.415
-149.181,506.724,325.338
-149.340,506.970,325.283
-149.500,507.204,325.272
-149.659,507.439,325.305
-149.819,507.673,325.371
-149.978,507.908,325.470
-150.091,508.075,325.547
-150.250,508.310,325.701
-150.400,508.544,325.876
-150.560,508.779,326.063
-150.719,509.025,326.250
-150.869,509.259,326.437
-151.029,509.494,326.624
-151.178,509.739,326.799
-151.328,509.974,326.975
-151.478,510.219,327.140
-151.628,510.454,327.294
-151.778,510.688,327.415
-151.928,510.922,327.524
-152.078,511.168,327.634
-152.228,511.402,327.755
-152.378,511.648,327.865
-152.518,511.882,327.964
-152.668,512.128,328.063
-152.808,512.362,328.151
-152.958,512.608,328.271
-153.099,512.842,328.414
-153.248,513.088,328.568
-153.398,513.333,328.733
-153.538,513.579,328.898
-153.679,513.813,329.073
-153.819,514.058,329.260
-153.959,514.304,329.480
-154.109,514.538,329.700
-154.250,514.784,329.908
-154.390,515.029,330.128
-154.530,515.274,330.337
-154.624,515.453,330.480
-154.754,515.709,330.710
-154.895,515.955,330.930
-155.035,516.200,331.161
-155.166,516.434,331.348
-155.296,516.691,331.523
-155.427,516.936,331.732
-155.558,517.204,331.974
-155.688,517.460,332.216
-155.819,517.705,332.457
-155.912,517.884,332.611
-156.015,518.062,332.754
-156.146,518.319,332.952
-156.277,518.575,333.160
-156.379,518.820,333.380
-156.509,519.076,333.622
-156.631,519.333,333.864
-156.752,519.600,334.105
-156.845,519.778,334.259
-156.966,520.046,334.501
-157.087,520.313,334.742
-157.208,520.558,334.984
-157.329,520.826,335.226
-157.450,521.093,335.468
-157.571,521.372,335.709
-157.682,521.639,335.929
-157.803,521.906,336.138
-157.915,522.174,336.357
-158.036,522.441,336.588
-158.147,522.719,336.819
-158.259,522.987,337.039
-158.333,523.176,337.181
-158.444,523.454,337.390
-158.555,523.721,337.610
-158.630,523.911,337.753
-158.732,524.178,337.972
-158.843,524.456,338.192
-158.945,524.723,338.423
-159.019,524.913,338.577
-159.093,525.113,338.741
-159.167,525.302,338.906
-159.269,525.581,339.159
-159.343,525.770,339.324
-159.417,525.959,339.489
-159.519,526.237,339.741
-159.621,526.527,339.983
-159.723,526.805,340.192
-159.815,527.083,340.389
-159.917,527.372,340.554
-160.018,527.651,340.708
-160.083,527.851,340.796
-160.175,528.140,340.906
-160.277,528.430,340.983
-160.369,528.708,341.016
-160.461,528.997,341.049
-160.563,529.286,341.071
-160.655,529.564,341.082
-160.729,529.754,341.071
-160.821,530.043,341.049
-160.923,530.321,341.005
-161.015,530.610,341.016
-161.108,530.889,341.071
-161.172,531.089,341.125
-161.274,531.367,341.213
-161.338,531.567,341.290
-161.413,531.757,341.367
-161.477,531.957,341.455
-161.579,532.246,341.598
-161.671,532.535,341.774
-161.754,532.813,341.938
-161.846,533.103,342.092
-161.938,533.392,342.224
-162.002,533.603,342.301
-162.067,533.804,342.378
-162.122,534.004,342.444
-162.186,534.204,342.499
-162.279,534.493,342.576
-162.352,534.771,342.631
-162.416,534.971,342.664
-162.499,535.260,342.697
-162.563,535.461,342.719
-162.618,535.661,342.729
-162.673,535.861,342.740
-162.728,536.061,342.740
-162.821,536.350,342.740
-162.876,536.551,342.740
-162.940,536.751,342.729
-162.995,536.951,342.729
-163.060,537.151,342.719
-163.115,537.351,342.708
-163.179,537.552,342.686
-163.234,537.752,342.664
-163.299,537.952,342.631
-163.381,538.241,342.598
-163.446,538.441,342.576
-163.528,538.730,342.554
-163.583,538.931,342.543
-163.675,539.220,342.521
-163.740,539.420,342.510
-163.804,539.631,342.499
-163.859,539.832,342.477
-163.952,540.121,342.466
-164.016,540.321,342.466
-164.071,540.521,342.477
-164.163,540.810,342.499
-164.218,541.011,342.510
-164.283,541.211,342.532
-164.338,541.411,342.554
-164.402,541.611,342.576
-164.457,541.811,342.598
-164.522,542.012,342.620
-164.614,542.301,342.653
-164.669,542.501,342.686
-164.733,542.701,342.719
-164.788,542.901,342.740
-164.853,543.102,342.773
-164.908,543.302,342.795
-164.972,543.502,342.817
-165.027,543.702,342.839
-165.092,543.902,342.872
-165.147,544.103,342.894
-165.211,544.303,342.916
-165.266,544.503,342.949
-165.321,544.703,342.971
-165.386,544.914,342.993
-165.441,545.115,343.015
-165.505,545.315,343.037
-165.560,545.515,343.059
-165.625,545.715,343.070
-165.680,545.915,343.092
-165.735,546.115,343.114
-165.799,546.316,343.136
-165.854,546.516,343.158
-165.919,546.716,343.180
-165.974,546.916,343.202
-166.029,547.116,343.235
-166.093,547.317,343.268
-166.148,547.517,343.301
-166.213,547.717,343.323
-166.268,547.917,343.356
-166.323,548.117,343.389
-166.387,548.318,343.411
-166.442,548.518,343.444
-166.525,548.807,343.499
-166.580,549.007,343.542
-166.645,549.207,343.586
-166.700,549.407,343.641
-166.754,549.619,343.685
-166.819,549.819,343.740
-166.874,550.019,343.795
-166.929,550.219,343.850
-166.984,550.419,343.905
-167.066,550.708,343.993
-167.121,550.908,344.059
-167.176,551.109,344.114
-167.231,551.309,344.180
-167.286,551.520,344.235
-167.341,551.720,344.290
-167.396,551.920,344.333
-167.451,552.120,344.388
-167.506,552.321,344.432
-167.552,552.521,344.487
-167.607,552.721,344.553
-167.652,552.921,344.608
-167.707,553.121,344.663
-167.762,553.321,344.718
-167.817,553.532,344.773
-167.872,553.732,344.828
-167.917,553.932,344.883
-167.972,554.133,344.938
-168.027,554.333,345.004
-168.082,554.544,345.059
-168.137,554.744,345.114
-168.183,554.944,345.168
-168.238,555.144,345.223
-168.283,555.344,345.289
-168.329,555.544,345.344
-168.384,555.745,345.399
-168.429,555.945,345.465
-168.484,556.156,345.531
-168.529,556.356,345.597
-168.584,556.567,345.652
-168.630,556.767,345.696
-168.685,556.967,345.740
-168.730,557.178,345.795
-168.776,557.378,345.861
-168.839,557.678,345.981
-168.884,557.878,346.080
-168.939,558.079,346.179
-168.985,558.279,346.300
-169.030,558.490,346.432
-169.076,558.701,346.586
-169.121,558.901,346.761
-169.166,559.112,346.937
-169.212,559.312,347.124
-169.257,559.523,347.311
-169.330,559.812,347.585
-169.376,560.023,347.772
-169.421,560.223,347.948
-169.457,560.423,348.135
-169.502,560.645,348.311
-169.548,560.846,348.497
-169.583,561.057,348.695
-169.629,561.268,348.904
-169.665,561.468,349.102
-169.710,561.690,349.299
-169.746,561.901,349.486
-169.782,562.112,349.662
-169.817,562.323,349.838
-169.853,562.534,350.002
-169.898,562.823,350.266
-169.934,563.023,350.431
-169.960,563.222,350.607
-169.996,563.433,350.771
-170.022,563.644,350.936
-170.058,563.866,351.101
-170.093,564.088,351.255
-170.120,564.299,351.409
-170.146,564.510,351.552
-170.182,564.721,351.694
-170.217,565.021,351.892
-170.252,565.232,352.035
-170.279,565.443,352.167
-170.305,565.654,352.299
-170.331,565.865,352.430
-170.357,566.076,352.562
-170.384,566.287,352.694
-170.410,566.509,352.826
-170.436,566.719,352.958
-170.453,566.919,353.090
-170.479,567.130,353.210
-170.506,567.341,353.342
-170.522,567.552,353.474
-170.549,567.763,353.606
-170.565,567.985,353.738
-170.591,568.196,353.870
-170.608,568.417,354.012
-170.634,568.628,354.144
-170.651,568.839,354.276
-170.668,569.050,354.408
-170.694,569.261,354.529
-170.711,569.472,354.661
-170.728,569.682,354.803
-170.744,569.904,354.935
-170.761,570.115,355.078
-170.778,570.326,355.221
-170.794,570.548,355.353
-170.811,570.759,355.485
-170.818,570.969,355.616
-170.835,571.180,355.737
-170.852,571.391,355.869
-170.869,571.602,355.990
-170.876,571.812,356.100
-170.892,572.023,356.221
-170.900,572.234,356.331
-170.907,572.445,356.440
-170.923,572.667,356.539
-170.931,572.877,356.638
-170.938,573.088,356.737
-170.955,573.299,356.836
-170.962,573.509,356.924
-170.969,573.720,357.012
-170.976,573.931,357.089
-170.983,574.153,357.155
-170.991,574.363,357.209
-170.998,574.574,357.264
-171.005,574.785,357.319
-171.012,574.995,357.363
-171.019,575.206,357.407
-171.027,575.417,357.429
-171.034,575.628,357.462
-171.041,575.838,357.484
-171.048,576.049,357.495
-171.055,576.260,357.517
-171.063,576.481,357.528
-171.070,576.692,357.550
-171.077,576.903,357.561
-171.084,577.114,357.572
-171.091,577.324,357.583
-171.099,577.535,357.583
-171.106,577.746,357.583
-171.113,577.956,357.572
-171.120,578.167,357.561
-171.127,578.378,357.550
-171.135,578.588,357.539
-171.142,578.799,357.528
-171.149,579.021,357.506
-171.156,579.232,357.484
-171.163,579.442,357.462
-171.171,579.653,357.429
-171.178,579.864,357.396
-171.185,580.074,357.374
-171.192,580.285,357.341
-171.199,580.496,357.308
-171.207,580.707,357.286
-171.214,580.928,357.253
-171.221,581.139,357.220
-171.228,581.350,357.188
-171.235,581.560,357.155
-171.242,581.771,357.111
-171.250,581.982,357.067
-171.257,582.193,357.012
-171.274,582.403,356.957
-171.281,582.614,356.891
-171.288,582.836,356.814
-171.295,583.047,356.726
-171.302,583.268,356.627
-171.319,583.479,356.517
-171.326,583.690,356.396
-171.342,583.989,356.199
-171.349,584.200,356.056
-171.366,584.411,355.902
-171.373,584.621,355.726
-171.390,584.832,355.540
-171.397,585.065,355.331
-171.414,585.276,355.122
-171.430,585.487,354.891
-171.447,585.709,354.672
-171.464,585.919,354.441
-171.481,586.119,354.210
-171.497,586.330,353.979
-171.514,586.541,353.771
-171.540,586.752,353.551
-171.557,586.963,353.353
-171.574,587.173,353.156
-171.600,587.384,352.958
-171.617,587.595,352.771
-171.643,587.817,352.584
-171.669,588.028,352.397
-171.695,588.250,352.222
-171.722,588.461,352.035
-171.748,588.672,351.859
-171.784,588.894,351.683
-171.810,589.105,351.519
-171.827,589.305,351.343
-171.862,589.516,351.178
-171.889,589.738,351.002
-171.924,589.949,350.826
-171.951,590.159,350.651
-171.987,590.370,350.475
-172.013,590.581,350.299
-172.048,590.803,350.123
-172.084,591.014,349.958
-172.120,591.225,349.783
-172.156,591.437,349.618
-172.192,591.659,349.442
-172.227,591.870,349.266
-172.263,592.081,349.091
-172.299,592.303,348.915
-172.335,592.503,348.750
-172.371,592.714,348.585
-172.406,592.925,348.420
-172.452,593.136,348.256
-172.497,593.347,348.091
-172.533,593.580,347.926
-172.578,593.791,347.761
-172.623,594.013,347.585
-172.669,594.225,347.421
-172.714,594.436,347.256
-172.750,594.647,347.091
-172.795,594.858,346.937
-172.850,595.080,346.783
-172.895,595.291,346.619
-172.940,595.502,346.465
-172.986,595.725,346.300
-173.040,595.947,346.135
-173.086,596.158,345.970
-173.140,596.380,345.806
-173.186,596.591,345.641
-173.231,596.803,345.476
-173.286,597.014,345.322
-173.341,597.225,345.168
-173.396,597.447,345.015
-173.450,597.659,344.872
-173.505,597.881,344.729
-173.560,598.092,344.586
-173.615,598.303,344.443
-173.670,598.526,344.301
-173.725,598.737,344.169
-173.779,598.948,344.037
-173.844,599.159,343.916
-173.899,599.382,343.795
-173.953,599.593,343.685
-174.018,599.804,343.575
-174.082,600.027,343.477
-174.137,600.238,343.378
-174.201,600.460,343.268
-174.256,600.672,343.169
-174.321,600.883,343.059
-174.385,601.094,342.960
-174.440,601.317,342.861
-174.504,601.528,342.773
-174.569,601.739,342.686
-174.633,601.951,342.598
-174.688,602.162,342.510
-174.752,602.373,342.422
-174.817,602.584,342.334
-174.881,602.796,342.246
-174.945,603.007,342.158
-175.010,603.218,342.070
-175.074,603.430,341.993
-175.138,603.652,341.917
-175.212,603.864,341.840
-175.277,604.075,341.763
-175.341,604.286,341.697
-175.406,604.498,341.631
-175.470,604.709,341.565
-175.544,604.920,341.510
-175.608,605.132,341.444
-175.673,605.343,341.389
-175.737,605.543,341.334
-175.811,605.755,341.279
-175.876,605.966,341.235
-175.950,606.177,341.191
-176.014,606.400,341.147
-176.088,606.611,341.104
-176.152,606.823,341.060
-176.226,607.034,341.027
-176.290,607.245,340.994
-176.355,607.446,340.961
-176.419,607.657,340.939
-176.493,607.868,340.917
-176.558,608.080,340.906
-176.632,608.291,340.895
-176.706,608.503,340.884
-176.770,608.714,340.873
-176.844,608.925,340.862
-176.908,609.137,340.851
-176.982,609.348,340.840
-177.047,609.548,340.840
-177.111,609.760,340.829
-177.185,609.971,340.818
-177.250,610.171,340.818
-177.324,610.383,340.807
-177.388,610.605,340.807
-177.462,610.806,340.796
-177.526,611.017,340.796
-177.600,611.228,340.785
-177.665,611.440,340.785
-177.739,611.651,340.785
-177.803,611.863,340.785
-177.877,612.074,340.785
-177.941,612.274,340.785
-178.015,612.486,340.785
-178.080,612.697,340.796
-178.144,612.897,340.807
-178.218,613.109,340.818
-178.283,613.320,340.840
-178.357,613.531,340.862
-178.421,613.743,340.906
-178.495,613.954,340.939
-178.569,614.166,340.972
-178.633,614.377,341.005
-178.707,614.588,341.038
-178.772,614.789,341.060
-178.836,615.000,341.093
-178.910,615.211,341.125
-178.975,615.412,341.147
-179.048,615.623,341.180
-179.113,615.846,341.202
-179.187,616.057,341.224
-179.251,616.268,341.246
-179.315,616.480,341.268
-179.390,616.680,341.290
-179.454,616.902,341.312
-179.518,617.103,341.323
-179.592,617.314,341.345
-179.657,617.525,341.367
-179.731,617.737,341.378
-179.795,617.948,341.400
-179.859,618.160,341.411
-179.933,618.371,341.433
-179.998,618.582,341.444
-180.062,618.794,341.455
-180.136,619.005,341.466
-180.200,619.216,341.477
-180.265,619.428,341.488
-180.339,619.639,341.499
-180.403,619.850,341.510
-180.467,620.073,341.532
-180.532,620.284,341.543
-180.606,620.496,341.554
-180.670,620.707,341.565
-180.744,620.918,341.576
-180.809,621.130,341.587
-180.873,621.341,341.587
-180.937,621.552,341.598
-181.011,621.764,341.609
-181.076,621.975,341.620
-181.149,622.209,341.631
-181.214,622.420,341.642
-181.278,622.631,341.664
-181.352,622.854,341.664
-181.416,623.065,341.675
-181.481,623.277,341.675
-181.555,623.499,341.686
-181.619,623.711,341.697
-181.683,623.922,341.719
-181.757,624.144,341.730
-181.822,624.356,341.741
-181.886,624.578,341.752
-181.960,624.790,341.763
-182.024,625.001,341.774
-182.098,625.223,341.774
-182.162,625.446,341.785
-182.227,625.657,341.796
-182.300,625.880,341.818
-182.365,626.091,341.829
-182.439,626.314,341.829
-182.503,626.536,341.840
-182.567,626.758,341.840
-182.641,626.970,341.851
-182.705,627.192,341.851
-182.779,627.404,341.862
-182.844,627.626,341.862
-182.908,627.837,341.862
-182.982,628.060,341.862
-183.046,628.271,341.862
-183.111,628.494,341.851
-183.184,628.716,341.840
-183.249,628.939,341.818
-183.322,629.161,341.807
-183.387,629.384,341.774
-183.461,629.606,341.752
-183.525,629.817,341.730
-183.599,630.029,341.697
-183.663,630.251,341.675
-183.737,630.474,341.653
-183.801,630.696,341.620
-183.875,630.919,341.598
-183.949,631.141,341.576
-184.013,631.353,341.543
-184.087,631.575,341.510
-184.151,631.797,341.477
-184.216,632.009,341.466
-184.290,632.231,341.444
-184.363,632.454,341.422
-184.428,632.676,341.400
-184.501,632.899,341.378
-184.575,633.121,341.345
-184.649,633.344,341.323
-184.723,633.566,341.301
-184.787,633.789,341.279
-184.861,634.011,341.268
-184.935,634.223,341.246
-184.999,634.445,341.224
-185.073,634.668,341.202
-185.147,634.890,341.180
-185.221,635.102,341.147
-185.294,635.335,341.125
-185.368,635.558,341.104
-185.432,635.780,341.082
-185.506,636.003,341.060
-185.580,636.225,341.038
-185.654,636.448,341.016
-185.728,636.670,340.994
-185.802,636.893,340.972
-185.866,637.115,340.950
-185.940,637.338,340.928
-186.023,637.571,340.906
-186.097,637.794,340.884
-186.170,638.016,340.862
-186.244,638.239,340.851
-186.318,638.461,340.829
-186.382,638.673,340.818
-186.456,638.895,340.807
-186.530,639.118,340.785
-186.604,639.340,340.774
-186.678,639.563,340.763
-186.751,639.797,340.752
-186.825,640.019,340.752
-186.899,640.242,340.741
-186.973,640.464,340.741
-187.047,640.687,340.741
-187.120,640.920,340.741
-187.204,641.143,340.741
-187.277,641.365,340.741
-187.351,641.599,340.741
-187.425,641.821,340.741
-187.499,642.033,340.752
-187.573,642.255,340.763
-187.646,642.489,340.774
-187.720,642.712,340.785
-187.794,642.934,340.796
-187.877,643.157,340.807
-187.951,643.379,340.818
-188.025,643.602,340.829
-188.099,643.824,340.851
-188.172,644.058,340.884
-188.246,644.291,340.928
-188.320,644.514,340.972
-188.403,644.737,341.027
-188.477,644.959,341.082
-188.551,645.193,341.136
-188.615,645.415,341.191
-188.689,645.638,341.246
-188.763,645.860,341.312
-188.836,646.094,341.367
-188.910,646.316,341.433
-188.984,646.539,341.488
-189.058,646.772,341.543
-189.122,646.995,341.598
-189.196,647.217,341.653
-189.269,647.451,341.697
-189.343,647.685,341.752
-189.417,647.907,341.796
-189.491,648.130,341.840
-189.555,648.363,341.884
-189.629,648.586,341.927
-189.693,648.819,341.960
-189.767,649.053,341.993
-189.840,649.275,342.037
-189.914,649.509,342.070
-189.978,649.731,342.092
-190.052,649.954,342.125
-190.116,650.187,342.147
-190.190,650.410,342.180
-190.264,650.632,342.202
-190.328,650.866,342.224
-190.402,651.111,342.257
-190.475,651.333,342.279
-190.540,651.567,342.301
-190.613,651.800,342.323
-190.678,652.023,342.334
-190.751,652.245,342.356
-190.816,652.479,342.378
-190.889,652.701,342.400
-190.954,652.935,342.422
-191.027,653.157,342.444
-191.101,653.402,342.466
-191.165,653.624,342.488
-191.239,653.858,342.510
-191.303,654.091,342.521
-191.377,654.314,342.543
-191.432,654.536,342.565
-191.505,654.759,342.587
-191.570,654.992,342.598
-191.643,655.215,342.609
-191.708,655.448,342.609
-191.781,655.693,342.620
-191.845,655.926,342.620
-191.919,656.160,342.609
-191.993,656.394,342.598
-192.057,656.627,342.587
-192.121,656.827,342.576
-192.185,657.061,342.554
-192.250,657.283,342.543
-192.323,657.517,342.532
-192.388,657.739,342.521
-192.461,657.995,342.510
-192.535,658.229,342.499
-192.599,658.462,342.488
-192.673,658.685,342.477
-192.737,658.918,342.455
-192.811,659.141,342.455
-192.884,659.374,342.444
-192.949,659.597,342.422
-193.022,659.830,342.411
-193.087,660.064,342.400
-193.160,660.297,342.378
-193.224,660.531,342.367
-193.298,660.753,342.356
-193.372,660.987,342.345
-193.436,661.221,342.334
-193.510,661.443,342.323
-193.584,661.677,342.301
-193.648,661.910,342.290
-193.722,662.133,342.279
-193.795,662.366,342.279
-193.859,662.589,342.268
-193.924,662.822,342.257
-193.997,663.056,342.257
-194.071,663.278,342.246
-194.135,663.512,342.235
-194.209,663.745,342.224
-194.283,663.979,342.213
-194.347,664.202,342.213
-194.421,664.435,342.202
-194.494,664.658,342.191
-194.558,664.902,342.191
-194.632,665.125,342.180
-194.696,665.358,342.169
-194.770,665.592,342.158
-194.844,665.814,342.147
-194.908,666.048,342.136
-194.982,666.270,342.125
-195.046,666.504,342.103
-195.120,666.726,342.092
-195.194,666.960,342.070
-195.258,667.194,342.059
-195.332,667.416,342.037
-195.396,667.650,342.004
-195.469,667.883,341.982
-195.543,668.106,341.949
-195.617,668.350,341.917
-195.690,668.584,341.884
-195.764,668.818,341.862
-195.838,669.040,341.829
-195.902,669.274,341.807
-195.976,669.496,341.785
-196.040,669.719,341.752
-196.114,669.952,341.719
-196.188,670.186,341.675
-196.261,670.408,341.642
-196.335,670.653,341.609
-196.409,670.875,341.576
-196.482,671.109,341.543
-196.556,671.343,341.510
-196.620,671.565,341.477
-196.694,671.810,341.444
-196.768,672.032,341.422
-196.841,672.266,341.389
-196.915,672.499,341.367
-196.989,672.722,341.345
-197.063,672.945,341.323
-197.136,673.178,341.312
-197.210,673.401,341.290
-197.284,673.634,341.268
-197.358,673.857,341.257
-197.441,674.113,341.246
-197.514,674.346,341.235
-197.588,674.580,341.224
-197.671,674.814,341.224
-197.745,675.047,341.213
-197.809,675.247,341.202
-197.883,675.470,341.202
-197.957,675.704,341.191
-198.031,675.926,341.191
-198.105,676.149,341.180
-198.178,676.404,341.180
-198.252,676.627,341.180
-198.326,676.861,341.180
-198.399,677.094,341.191
-198.473,677.317,341.191
-198.547,677.550,341.202
-198.630,677.773,341.202
-198.704,678.006,341.202
-198.778,678.229,341.202
-198.851,678.463,341.213
-198.925,678.685,341.202
-198.999,678.919,341.202
-199.073,679.141,341.213
-199.146,679.375,341.224
-199.220,679.597,341.213
-199.303,679.831,341.213
-199.377,680.065,341.202
-199.451,680.298,341.191
-199.524,680.521,341.191
-199.598,680.754,341.191
-199.672,680.966,341.191
-199.746,681.199,341.191
-199.820,681.422,341.191
-199.893,681.656,341.202
-199.967,681.878,341.202
-200.041,682.123,341.213
-200.114,682.356,341.213
-200.198,682.579,341.224
-200.271,682.813,341.235
-200.345,683.035,341.257
-200.409,683.258,341.279
-200.483,683.491,341.301
-200.557,683.714,341.323
-200.631,683.947,341.356
-200.704,684.181,341.378
-200.788,684.415,341.400
-200.861,684.637,341.433
-200.935,684.871,341.466
-201.009,685.093,341.499
-201.083,685.327,341.532
-201.147,685.549,341.565
-201.221,685.772,341.609
-201.294,686.005,341.642
-201.368,686.228,341.686
-201.442,686.462,341.719
-201.515,686.706,341.752
-201.589,686.929,341.796
-201.663,687.162,341.818
-201.737,687.396,341.862
-201.810,687.618,341.884
-201.875,687.841,341.917
-201.948,688.063,341.949
-202.022,688.297,341.971
-202.096,688.520,342.004
-202.170,688.753,342.026
-202.234,688.987,342.059
-202.307,689.220,342.081
-202.381,689.454,342.114
-202.455,689.676,342.136
-202.519,689.910,342.169
-202.593,690.132,342.191
-202.667,690.366,342.224
-202.731,690.599,342.235
-202.805,690.822,342.257
-202.878,691.056,342.290
-202.943,691.278,342.312
-203.016,691.512,342.345
-203.080,691.745,342.367
-203.154,691.968,342.400
-203.228,692.201,342.422
-203.292,692.424,342.444
-203.366,692.657,342.477
-203.430,692.891,342.499
-203.504,693.113,342.521
-203.568,693.347,342.543
-203.641,693.591,342.565
-203.706,693.814,342.576
-203.779,694.048,342.598
-203.844,694.281,342.609
-203.917,694.515,342.609
-203.982,694.737,342.620
-204.046,694.971,342.620
-204.110,695.193,342.631
-204.184,695.427,342.642
-204.248,695.649,342.653
-204.322,695.883,342.664
-204.386,696.116,342.664
-204.459,696.350,342.664
-204.524,696.583,342.664
-204.597,696.806,342.675
-204.662,697.039,342.675
-204.735,697.273,342.675
-204.799,697.506,342.675
-204.864,697.729,342.664
-204.937,697.962,342.653
-205.011,698.185,342.642
-205.075,698.418,342.620
-205.149,698.641,342.609
-205.213,698.874,342.587
-205.287,699.108,342.565
-205.361,699.330,342.543
-205.425,699.564,342.510
-205.499,699.798,342.488
-205.563,700.020,342.466
-205.637,700.254,342.433
-205.710,700.487,342.411
-205.784,700.721,342.378
-205.848,700.954,342.345
-205.922,701.188,342.312
-205.996,701.410,342.279
-206.050,701.644,342.257
-206.124,701.866,342.235
-206.188,702.100,342.202
-206.262,702.333,342.180
-206.326,702.567,342.158
-206.400,702.801,342.136
-206.464,703.034,342.125
-206.538,703.257,342.125
-206.611,703.490,342.114
-206.685,703.724,342.103
-206.759,703.935,342.092
-206.823,704.169,342.081
-206.897,704.391,342.070
-206.971,704.614,342.048
-207.035,704.847,342.037
-207.118,705.092,342.015
-207.192,705.326,342.004
-207.265,705.559,341.993
-207.339,705.793,341.982
-207.403,706.015,341.960
-207.468,706.238,341.949
-207.541,706.471,341.949
-207.615,706.705,341.938
-207.689,706.927,341.927
-207.753,707.161,341.927
-207.827,707.383,341.917
-207.891,707.606,341.917
-207.965,707.828,341.917
-208.039,708.062,341.906
-208.112,708.285,341.906
-208.195,708.540,341.895
-208.260,708.774,341.895
-208.333,709.008,341.884
-208.407,709.230,341.873
-208.481,709.464,341.873
-208.545,709.675,341.873
-208.619,709.909,341.873
-208.683,710.131,341.873
-208.757,710.365,341.873
-208.830,710.598,341.873
-208.914,710.832,341.873
-208.978,711.065,341.884
-209.052,711.299,341.895
-209.125,711.522,341.917
-209.199,711.755,341.938
-209.263,711.989,341.960
-209.337,712.211,341.993
-209.411,712.445,342.015
-209.484,712.678,342.037
-209.558,712.912,342.059
-209.622,713.134,342.081
-209.696,713.368,342.103
-209.770,713.602,342.136
-209.843,713.835,342.158
-209.908,714.069,342.180
-209.981,714.291,342.202
-210.055,714.525,342.224
-210.119,714.758,342.235
-210.193,714.992,342.257
-210.267,715.214,342.268
-210.340,715.448,342.279
-210.405,715.682,342.290
-210.478,715.915,342.301
-210.552,716.149,342.312
-210.616,716.371,342.312
-210.699,716.616,342.323
-210.763,716.849,342.323
-210.837,717.083,342.312
-210.911,717.306,342.301
-210.985,717.539,342.290
-211.039,717.762,342.290
-211.113,717.995,342.279
-211.187,718.229,342.268
-211.260,718.462,342.246
-211.325,718.696,342.224
-211.398,718.929,342.202
-211.472,719.163,342.180
-211.546,719.397,342.158
-211.610,719.630,342.136
-211.683,719.864,342.114
-211.757,720.097,342.092
-211.831,720.331,342.070
-211.904,720.565,342.048
-211.978,720.798,342.026
-212.052,721.032,342.004
-212.116,721.265,341.993
-212.190,721.499,341.982
-212.263,721.732,341.971
-212.337,721.966,341.960
-212.411,722.200,341.949
-212.475,722.433,341.938
-212.549,722.667,341.938
-212.622,722.900,341.917
-212.696,723.134,341.917
-212.770,723.368,341.906
-212.843,723.612,341.895
-212.917,723.846,341.895
-212.991,724.080,341.895
-213.064,724.313,341.884
-213.138,724.547,341.873
-213.212,724.780,341.862
-213.285,725.014,341.851
-213.359,725.248,341.840
-213.433,725.481,341.840
-213.506,725.715,341.829
-213.580,725.948,341.829
-213.654,726.182,341.818
-213.727,726.416,341.807
-213.801,726.649,341.796
-213.875,726.883,341.785
-213.948,727.127,341.774
-214.022,727.361,341.763
-214.096,727.595,341.752
-214.169,727.828,341.741
-214.243,728.073,341.730
-214.317,728.296,341.719
-214.391,728.529,341.708
-214.464,728.763,341.697
-214.538,728.996,341.686
-214.612,729.230,341.664
-214.685,729.464,341.653
-214.759,729.697,341.631
-214.833,729.931,341.620
-214.906,730.164,341.609
-214.980,730.398,341.598
-215.063,730.643,341.587
-215.137,730.876,341.576
-215.210,731.110,341.565
-215.284,731.344,341.554
-215.358,731.577,341.532
-215.432,731.800,341.521
-215.505,732.033,341.510
-215.579,732.267,341.499
-215.653,732.500,341.488
-215.726,732.734,341.477
-215.800,732.968,341.466
-215.874,733.201,341.455
-215.957,733.435,341.444
-216.031,733.669,341.433
-216.104,733.891,341.433
-216.178,734.125,341.422
-216.252,734.358,341.411
-216.326,734.592,341.411
-216.399,734.826,341.400
-216.473,735.059,341.389
-216.556,735.282,341.378
-216.630,735.515,341.367
-216.704,735.749,341.356
-216.777,735.983,341.345
-216.851,736.216,341.334
-216.925,736.439,341.334
-216.998,736.672,341.323
-217.072,736.906,341.312
-217.156,737.129,341.301
-217.229,737.362,341.290
-217.303,737.596,341.290
-217.377,737.829,341.279
-217.450,738.063,341.268
-217.524,738.286,341.268
-217.607,738.519,341.257
-217.681,738.753,341.257
-217.755,738.986,341.246
-217.828,739.220,341.235
-217.902,739.454,341.224
-217.976,739.676,341.213
-218.050,739.910,341.213
-218.123,740.132,341.213
-218.207,740.366,341.224
-218.280,740.600,341.235
-218.354,740.833,341.257
-218.437,741.067,341.268
-218.511,741.301,341.290
-218.585,741.534,341.301
-218.658,741.768,341.323
-218.732,742.001,341.345
-218.806,742.224,341.378
-218.879,742.457,341.400
-218.953,742.691,341.422
-219.036,742.925,341.444
-219.110,743.147,341.466
-219.184,743.381,341.477
-219.257,743.615,341.499
-219.331,743.848,341.521
-219.405,744.071,341.543
-219.479,744.304,341.576
-219.552,744.549,341.598
-219.626,744.771,341.620
-219.700,745.005,341.642
-219.773,745.239,341.664
-219.847,745.472,341.697
-219.921,745.706,341.719
-219.994,745.939,341.752
-220.068,746.173,341.785
-220.142,746.407,341.807
-220.216,746.629,341.840
-220.289,746.863,341.873
-220.363,747.096,341.906
-220.437,747.330,341.938
-220.510,747.553,341.971
-220.584,747.786,342.004
-220.658,748.020,342.037
-220.732,748.253,342.070
-220.796,748.487,342.103
-220.869,748.720,342.136
-220.943,748.954,342.169
-221.017,749.188,342.213
-221.090,749.421,342.235
-221.164,749.655,342.268
-221.238,749.877,342.290
-221.302,750.111,342.323
-221.376,750.345,342.356
-221.450,750.567,342.389
-221.514,750.801,342.422
-221.587,751.034,342.455
-221.661,751.268,342.477
-221.735,751.512,342.499
-221.799,751.746,342.521
-221.873,751.980,342.543
-221.937,752.213,342.576
-222.010,752.436,342.598
-222.075,752.669,342.620
-222.148,752.892,342.642
-222.213,753.125,342.653
-222.286,753.359,342.675
-222.350,753.592,342.697
-222.424,753.837,342.719
-222.498,754.070,342.740
-222.571,754.304,342.762
-222.636,754.538,342.795
-222.709,754.771,342.806
-222.773,754.994,342.828
-222.838,755.227,342.850
-222.911,755.461,342.861
-222.976,755.683,342.883
-223.049,755.917,342.905
-223.113,756.150,342.916
-223.178,756.384,342.938
-223.251,756.617,342.949
-223.315,756.851,342.960
-223.389,757.084,342.971
-223.463,757.329,342.982
-223.527,757.563,342.982
-223.601,757.796,342.971
-223.665,758.030,342.960
-223.729,758.263,342.949
-223.793,758.475,342.938
-223.857,758.708,342.916
-223.922,758.942,342.905
-223.995,759.164,342.883
-224.059,759.398,342.850
-224.133,759.642,342.828
-224.207,759.876,342.795
-224.271,760.109,342.762
-224.345,760.343,342.740
-224.409,760.565,342.708
-224.473,760.799,342.686
-224.547,761.033,342.653
-224.611,761.266,342.631
-224.685,761.500,342.598
-224.749,761.733,342.565
-224.822,761.956,342.532
-224.896,762.189,342.510
-224.960,762.412,342.488
-225.034,762.645,342.466
-225.098,762.879,342.444
-225.172,763.112,342.433
-225.246,763.346,342.411
-225.310,763.568,342.389
-225.384,763.802,342.367
-225.457,764.036,342.345
-225.531,764.269,342.334
-225.595,764.492,342.312
-225.669,764.725,342.301
-225.743,764.959,342.279
-225.807,765.181,342.268
-225.871,765.415,342.246
-225.945,765.637,342.235
-226.019,765.871,342.213
-226.083,766.104,342.202
-226.157,766.327,342.180
-226.230,766.572,342.158
-226.304,766.794,342.147
-226.368,767.028,342.136
-226.442,767.261,342.114
-226.516,767.484,342.092
-226.580,767.717,342.081
-226.653,767.951,342.059
-226.727,768.173,342.048
-226.801,768.407,342.026
-226.865,768.640,342.015
-226.939,768.874,342.004
-227.013,769.097,341.993
-227.086,769.330,341.971
-227.160,769.564,341.960
-227.234,769.786,341.949
-227.298,770.009,341.938
-227.372,770.242,341.927
-227.445,770.465,341.917
-227.519,770.698,341.906
-227.593,770.921,341.906
-227.657,771.166,341.906
-227.731,771.399,341.895
-227.804,771.633,341.895
-227.878,771.866,341.884
-227.952,772.100,341.873
-228.016,772.311,341.873
-228.090,772.534,341.873
-228.164,772.767,341.873
-228.237,772.990,341.873
-228.302,773.223,341.873
-228.385,773.468,341.862
-228.458,773.691,341.862
-228.532,773.924,341.862
-228.606,774.158,341.851
-228.680,774.381,341.851
-228.744,774.614,341.851
-228.818,774.848,341.862
-228.882,775.070,341.862
-228.955,775.304,341.851
-229.029,775.537,341.851
-229.103,775.771,341.851
-229.177,775.993,341.851
-229.241,776.227,341.851
-229.314,776.460,341.851
-229.388,776.683,341.851
-229.462,776.917,341.840
-229.536,777.139,341.840
-229.609,777.373,341.840
-229.674,777.595,341.840
-229.747,777.829,341.840
-229.831,778.074,341.851
-229.904,778.307,341.851
-229.968,778.530,341.851
-230.042,778.763,341.851
-230.116,778.997,341.851
-230.180,779.219,341.851
-230.254,779.442,341.851
-230.328,779.675,341.862
-230.401,779.909,341.862
-230.475,780.143,341.851
-230.549,780.376,341.851
-230.622,780.599,341.851
-230.696,780.832,341.851
-230.770,781.066,341.851
-230.844,781.299,341.851
-230.917,781.533,341.851
-230.991,781.767,341.851
-231.055,781.989,341.851
-231.129,782.223,341.851
-231.203,782.456,341.851
-231.286,782.690,341.851
-231.350,782.924,341.851
-231.424,783.157,341.851
-231.497,783.391,341.851
-231.571,783.624,341.851
-231.645,783.858,341.840
-231.718,784.080,341.840
-231.792,784.314,341.829
-231.866,784.548,341.829
-231.940,784.781,341.829
-232.013,785.015,341.829
-232.087,785.248,341.829
-232.161,785.482,341.829
-232.234,785.716,341.829
-232.308,785.949,341.829
-232.391,786.194,341.829
-232.465,786.428,341.818
-232.538,786.661,341.818
-232.612,786.895,341.818
-232.686,787.129,341.818
-232.760,787.351,341.818
-232.833,787.585,341.818
-232.907,787.818,341.818
-232.981,788.052,341.818
-233.054,788.285,341.807
-233.128,788.530,341.807
-233.202,788.764,341.807
-233.275,788.997,341.807
-233.349,789.231,341.796
-233.423,789.465,341.796
-233.496,789.698,341.785
-233.570,789.932,341.774
-233.644,790.165,341.774
-233.717,790.399,341.763
-233.791,790.633,341.752
-233.874,790.888,341.741
-233.948,791.122,341.741
-234.021,791.367,341.730
-234.095,791.600,341.719
-234.169,791.834,341.708
-234.242,792.068,341.697
-234.316,792.301,341.686
-234.399,792.535,341.675
-234.473,792.769,341.675
-234.547,793.002,341.664
-234.620,793.247,341.653
-234.694,793.480,341.653
-234.777,793.714,341.653
-234.851,793.959,341.653
-234.924,794.192,341.642
-234.998,794.437,341.642
-235.081,794.682,341.642
-235.155,794.916,341.653
-235.228,795.160,341.664
-235.302,795.394,341.664
-235.376,795.616,341.675
-235.459,795.850,341.675
-235.533,796.084,341.686
-235.606,796.328,341.686
-235.680,796.562,341.686
-235.763,796.818,341.697
-235.836,797.062,341.697
-235.910,797.296,341.708
-235.993,797.541,341.708
-236.067,797.774,341.719
-236.141,798.008,341.730
-236.214,798.242,341.730
-236.288,798.486,341.730
-236.361,798.720,341.730
-236.445,798.954,341.730
-236.518,799.198,341.741
-236.592,799.432,341.741
-236.675,799.677,341.752
-236.749,799.910,341.763
-236.822,800.155,341.774
-236.896,800.389,341.774
-236.979,800.633,341.785
-237.053,800.867,341.785
-237.126,801.112,341.796
-237.200,801.345,341.807
-237.274,801.590,341.818
-237.347,801.835,341.818
-237.430,802.068,341.829
-237.504,802.313,341.829
-237.578,802.547,341.840
-237.651,802.791,341.840
-237.725,803.025,341.851
-237.798,803.270,341.862
-237.882,803.503,341.873
-237.955,803.748,341.884
-238.029,803.982,341.895
-238.103,804.215,341.895
-238.176,804.449,341.906
-238.250,804.694,341.917
-238.323,804.927,341.917
-238.407,805.172,341.927
-238.480,805.417,341.938
-238.554,805.650,341.949
-238.627,805.895,341.960
-238.701,806.129,341.971
-238.784,806.373,341.982
-238.858,806.607,341.993
-238.932,806.841,342.004
-239.005,807.085,342.015
-239.079,807.319,342.015
-239.143,807.564,342.037
-239.217,807.797,342.048
-239.290,808.042,342.059
-239.364,808.275,342.070
-239.437,808.509,342.081
-239.520,808.765,342.092
-239.594,808.999,342.103
-239.668,809.243,342.114
-239.741,809.477,342.125
-239.815,809.710,342.147
-239.889,809.955,342.158
-239.962,810.189,342.180
-240.036,810.433,342.191
-240.110,810.667,342.213
-240.183,810.912,342.235
-240.257,811.156,342.246
-240.330,811.390,342.268
-240.404,811.624,342.279
-240.478,811.868,342.301
-240.551,812.102,342.312
-240.625,812.347,342.323
-240.699,812.580,342.334
-240.772,812.814,342.345
-240.846,813.058,342.356
-240.919,813.292,342.367
-240.993,813.537,342.378
-241.067,813.770,342.389
-241.140,814.004,342.389
-241.214,814.249,342.400
-241.278,814.482,342.411
-241.352,814.727,342.422
-241.425,814.960,342.433
-241.499,815.205,342.444
-241.573,815.439,342.455
-241.646,815.683,342.466
-241.710,815.917,342.477
-241.784,816.151,342.488
-241.858,816.395,342.499
-241.931,816.629,342.510
-242.005,816.874,342.521
-242.078,817.107,342.532
-242.143,817.341,342.532
-242.216,817.585,342.543
-242.290,817.819,342.554
-242.363,818.064,342.565
-242.437,818.297,342.576
-242.511,818.542,342.587
-242.584,818.776,342.587
-242.649,819.009,342.598
-242.722,819.254,342.598
-242.796,819.487,342.609
-242.860,819.721,342.620
-242.933,819.966,342.631
-243.007,820.199,342.631
-243.081,820.433,342.642
-243.154,820.677,342.642
-243.219,820.911,342.653
-243.292,821.156,342.653
-243.366,821.389,342.653
-243.440,821.623,342.664
-243.504,821.867,342.675
-243.577,822.101,342.675
-243.651,822.346,342.675
-243.724,822.579,342.675
-243.789,822.824,342.675
-243.862,823.057,342.675
-243.936,823.291,342.686
-244.009,823.536,342.686
-244.074,823.769,342.686
-244.147,824.003,342.686
-244.221,824.248,342.686
-244.295,824.481,342.686
-244.359,824.715,342.686
-244.432,824.959,342.675
-244.506,825.193,342.664
-244.580,825.427,342.642
-244.644,825.671,342.631
-244.717,825.905,342.609
-244.791,826.138,342.587
-244.865,826.372,342.565
-244.938,826.617,342.554
-245.002,826.850,342.532
-245.076,827.095,342.499
-245.150,827.328,342.477
-245.223,827.573,342.455
-245.297,827.807,342.433
-245.361,828.051,342.411
-245.435,828.285,342.389
-245.508,828.519,342.367
-245.582,828.763,342.345
-245.656,828.997,342.323
-245.729,829.230,342.301
-245.803,829.464,342.279
-245.867,829.709,342.257
-245.941,829.942,342.246
-246.024,830.187,342.224
-246.097,830.432,342.202
-246.171,830.665,342.191
-246.245,830.899,342.169
-246.318,831.144,342.147
-246.382,831.366,342.136
-246.456,831.611,342.125
-246.530,831.844,342.114
-246.603,832.078,342.103
-246.677,832.312,342.092
-246.751,832.556,342.081
-246.824,832.801,342.070
-246.898,833.035,342.070
-246.972,833.268,342.059
-247.045,833.513,342.048
-247.128,833.747,342.048
-247.202,833.980,342.037
-247.276,834.214,342.026
-247.349,834.458,342.015
-247.423,834.692,342.004
-247.497,834.937,342.004
-247.570,835.170,341.993
-247.644,835.404,341.982
-247.717,835.649,341.982
-247.791,835.882,341.971
-247.865,836.116,341.971
-247.939,836.349,341.960
-248.012,836.594,341.960
-248.086,836.828,341.960
-248.159,837.061,341.960
-248.233,837.295,341.960
-248.307,837.540,341.960
-248.380,837.773,341.960
-248.454,838.007,341.960
-248.528,838.240,341.960
-248.601,838.485,341.971
-248.675,838.730,341.971
-248.758,838.964,341.971
-248.832,839.197,341.971
-248.905,839.431,341.971
-248.979,839.664,341.971
-249.053,839.898,341.971
-249.127,840.132,341.971
-249.200,840.376,341.971
-249.274,840.610,341.982
-249.347,840.855,341.982
-249.421,841.088,341.982
-249.495,841.322,341.982
-249.568,841.555,341.993
-249.642,841.789,341.993
-249.716,842.034,341.993
-249.789,842.267,342.004
-249.863,842.501,342.004
-249.937,842.734,342.004
-250.010,842.979,342.004
-250.084,843.213,342.004
-250.158,843.446,342.015
-250.241,843.691,342.015
-250.314,843.925,342.015
-250.388,844.158,342.026
-250.452,844.392,342.026
-250.526,844.626,342.037
-250.600,844.859,342.037
-250.673,845.093,342.037
-250.747,845.326,342.048
-250.821,845.571,342.048
-250.894,845.805,342.048
-250.968,846.049,342.048
-251.041,846.283,342.048
-251.115,846.517,342.048
-251.189,846.761,342.048
-251.262,846.995,342.048
-251.336,847.228,342.037
-251.410,847.473,342.037
-251.483,847.707,342.026
-251.557,847.929,342.004
-251.631,848.163,342.004
-251.704,848.408,341.993
-251.778,848.641,341.982
-251.852,848.875,341.971
-251.925,849.119,341.960
-251.999,849.353,341.949
-252.073,849.587,341.927
-252.146,849.820,341.917
-252.220,850.065,341.906
-252.294,850.299,341.906
-252.367,850.532,341.895
-252.441,850.766,341.884
-252.515,850.999,341.873
-252.588,851.233,341.862
-252.662,851.467,341.851
-252.736,851.700,341.840
-252.809,851.945,341.829
-252.883,852.178,341.829
-252.957,852.412,341.818
-253.030,852.646,341.807
-253.104,852.879,341.796
-253.187,853.113,341.785
-253.261,853.347,341.774
-253.335,853.580,341.763
-253.408,853.825,341.752
-253.482,854.058,341.741
-253.556,854.292,341.741
-253.629,854.526,341.730
-253.703,854.770,341.719
-253.777,854.993,341.708
-253.850,855.238,341.697
-253.924,855.471,341.686
-253.998,855.705,341.675
-254.071,855.938,341.675
-254.154,856.172,341.653
-254.228,856.406,341.653
-254.302,856.639,341.642
-254.375,856.873,341.631
-254.449,857.107,341.631
-254.532,857.351,341.620
-254.606,857.585,341.609
-254.680,857.819,341.609
-254.753,858.052,341.609
-254.827,858.297,341.598
-254.910,858.531,341.587
-254.984,858.764,341.587
-255.057,858.998,341.576
-255.131,859.231,341.576
-255.205,859.465,341.565
-255.288,859.699,341.554
-255.362,859.932,341.554
-255.435,860.177,341.543
-255.509,860.411,341.532
-255.592,860.644,341.532
-255.666,860.889,341.532
-255.739,861.123,341.532
-255.813,861.356,341.532
-255.887,861.590,341.521
-255.970,861.835,341.521
-256.034,862.057,341.510
-256.117,862.291,341.521
-256.191,862.524,341.521
-256.265,862.758,341.532
-256.338,862.992,341.543
-256.422,863.236,341.543
-256.495,863.470,341.543
-256.569,863.704,341.554
-256.643,863.937,341.554
-256.726,864.171,341.565
-256.790,864.404,341.576
-256.873,864.638,341.576
-256.947,864.872,341.587
-257.021,865.105,341.598
-257.094,865.339,341.609
-257.177,865.584,341.620
-257.251,865.828,341.631
-257.325,866.062,341.642
-257.408,866.296,341.653
-257.481,866.540,341.664
-257.555,866.763,341.675
-257.629,866.997,341.686
-257.702,867.241,341.697
-257.776,867.475,341.708
-257.850,867.708,341.719
-257.933,867.953,341.730
-258.007,868.187,341.741
-258.080,868.432,341.752
-258.154,868.665,341.763
-258.237,868.910,341.774
-258.310,869.155,341.785
-258.384,869.388,341.796
-258.458,869.622,341.807
-258.531,869.866,341.807
-258.605,870.100,341.818
-258.688,870.345,341.829
-258.762,870.579,341.840
-258.835,870.812,341.851
-258.909,871.057,341.862
-258.983,871.301,341.862
-259.066,871.546,341.862
-259.139,871.780,341.862
-259.213,872.025,341.873
-259.296,872.269,341.873
-259.370,872.503,341.884
-259.443,872.737,341.895
-259.517,872.981,341.906
-259.591,873.215,341.917
-259.664,873.460,341.917
-259.747,873.693,341.927
-259.821,873.949,341.927
-259.904,874.194,341.938
-259.978,874.439,341.949
-260.051,874.672,341.960
-260.125,874.917,341.960
-260.199,875.139,341.971
-260.272,875.384,341.971
-260.346,875.629,341.982
-260.429,875.862,341.993
-260.502,876.107,341.993
-260.585,876.363,342.004
-260.659,876.608,342.004
-260.733,876.852,342.015
-260.806,877.086,342.015
-260.880,877.331,342.026
-260.953,877.564,342.026
-261.037,877.798,342.037
-261.110,878.043,342.037
-261.184,878.287,342.048
-261.258,878.521,342.048
-261.331,878.777,342.059
-261.414,879.022,342.070
-261.488,879.255,342.070
-261.561,879.500,342.081
-261.635,879.745,342.092
-261.718,879.978,342.092
-261.792,880.223,342.092
-261.865,880.457,342.092
-261.939,880.701,342.092
-262.012,880.946,342.092
-262.086,881.180,342.092
-262.160,881.424,342.092
-262.233,881.669,342.092
-262.316,881.903,342.081
-262.390,882.147,342.081
-262.464,882.392,342.081
-262.537,882.626,342.081
-262.611,882.870,342.081
-262.684,883.115,342.081
-262.758,883.349,342.081
-262.832,883.593,342.092
-262.905,883.838,342.092
-262.979,884.083,342.092
-263.062,884.327,342.092
-263.136,884.561,342.092
-263.209,884.795,342.092
-263.283,885.039,342.092
-263.356,885.273,342.103
-263.430,885.518,342.103
-263.504,885.751,342.103
-263.587,886.007,342.103
-263.660,886.241,342.103
-263.734,886.485,342.103
-263.807,886.730,342.103
-263.881,886.964,342.114
-263.955,887.208,342.114
-264.028,887.453,342.114
-264.102,887.698,342.114
-264.185,887.931,342.114
-264.259,888.176,342.114
-264.323,888.410,342.103
-264.406,888.654,342.103
-264.480,888.888,342.103
-264.553,889.133,342.114
-264.627,889.366,342.114
-264.700,889.622,342.103
-264.774,889.856,342.103
-264.857,890.101,342.103
-264.931,890.345,342.103
-265.004,890.579,342.114
-265.078,890.824,342.114
-265.151,891.068,342.114
-265.235,891.302,342.114
-265.308,891.547,342.114
-265.382,891.791,342.114
-265.455,892.025,342.114
-265.529,892.270,342.114
-265.603,892.514,342.114
-265.676,892.748,342.114
-265.750,892.993,342.114
-265.823,893.226,342.114
-265.897,893.471,342.114
-265.980,893.705,342.114
-266.054,893.949,342.114
-266.127,894.194,342.114
-266.210,894.439,342.114
-266.284,894.683,342.114
-266.358,894.928,342.114
-266.431,895.162,342.114
-266.505,895.406,342.114
-266.569,895.640,342.114
-266.643,895.874,342.125
-266.716,896.118,342.125
-266.790,896.352,342.125
-266.863,896.597,342.125
-266.947,896.841,342.125
-267.020,897.075,342.125
-267.094,897.320,342.136
-267.167,897.553,342.136
-267.241,897.798,342.136
-267.315,898.043,342.136
-267.388,898.276,342.136
-267.462,898.521,342.125
-267.545,898.755,342.125
-267.619,898.999,342.125
-267.683,899.233,342.136
-267.756,899.477,342.136
-267.840,899.711,342.136
-267.913,899.956,342.136
-267.987,900.190,342.125
-268.060,900.434,342.125
-268.134,900.668,342.114
-268.208,900.912,342.114
-268.281,901.146,342.114
-268.355,901.391,342.114
-268.429,901.624,342.125
-268.502,901.858,342.125
-268.576,902.092,342.125
-268.649,902.336,342.114
-268.723,902.570,342.125
-268.797,902.826,342.125
-268.870,903.070,342.125
-268.944,903.304,342.136
-269.017,903.549,342.136
-269.091,903.793,342.136
-269.165,904.016,342.125
-269.238,904.249,342.125
-269.312,904.483,342.125
-269.386,904.728,342.125
-269.459,904.961,342.125
-269.533,905.217,342.114
-269.606,905.451,342.114
-269.680,905.695,342.114
-269.754,905.929,342.114
-269.827,906.163,342.114
-269.911,906.407,342.114
-269.984,906.641,342.114
-270.058,906.875,342.114
-270.131,907.119,342.114
-270.205,907.353,342.114
-270.279,907.598,342.114
-270.352,907.842,342.114
-270.426,908.076,342.114
-270.509,908.321,342.114
-270.583,908.554,342.103
-270.647,908.788,342.092
-270.721,909.021,342.092
-270.794,909.255,342.092
-270.877,909.500,342.092
-270.951,909.733,342.081
-271.024,909.989,342.081
-271.098,910.223,342.070
-271.172,910.468,342.059
-271.245,910.701,342.048
-271.319,910.946,342.048
-271.393,911.179,342.037
-271.476,911.424,342.037
-271.549,911.658,342.026
-271.623,911.903,342.015
-271.697,912.136,342.015
-271.770,912.381,342.004
-271.844,912.614,341.993
-271.917,912.859,341.982
-271.991,913.093,341.982
-272.065,913.337,341.971
-272.148,913.571,341.960
-272.221,913.816,341.960
-272.295,914.049,341.949
-272.369,914.294,341.938
-272.442,914.528,341.927
-272.525,914.772,341.927
-272.599,915.017,341.906
-272.673,915.251,341.906
-272.746,915.495,341.895
-272.820,915.729,341.884
-272.894,915.974,341.884
-272.967,916.218,341.873
-273.041,916.452,341.862
-273.124,916.697,341.851
-273.198,916.930,341.840
-273.281,917.175,341.818
-273.354,917.409,341.796
-273.428,917.654,341.785
-273.502,917.887,341.763
-273.585,918.132,341.741
-273.658,918.377,341.719
-273.732,918.621,341.686
-273.815,918.855,341.664
-273.889,919.100,341.631
-273.962,919.333,341.609
-274.045,919.578,341.587
-274.119,919.823,341.565
-274.193,920.056,341.543
-274.276,920.301,341.521
-274.349,920.535,341.488
-274.423,920.780,341.466
-274.506,921.024,341.444
-274.580,921.258,341.422
-274.663,921.503,341.400
-274.736,921.736,341.389
-274.820,921.981,341.367
-274.893,922.215,341.345
-274.967,922.459,341.323
-275.050,922.704,341.301
-275.124,922.938,341.279
-275.216,923.194,341.257
-275.290,923.427,341.235
-275.373,923.672,341.224
-275.446,923.917,341.202
-275.530,924.151,341.180
-275.603,924.395,341.169
-275.677,924.629,341.147
-275.760,924.874,341.136
-275.843,925.118,341.115
-275.917,925.352,341.104
-276.000,925.608,341.082
-276.083,925.853,341.071
-276.156,926.086,341.060
-276.240,926.331,341.049
-276.323,926.576,341.038
-276.396,926.810,341.027
-276.479,927.054,341.005
-276.563,927.288,340.994
-276.636,927.533,340.972
-276.719,927.778,340.972
-276.802,928.033,340.972
-276.885,928.278,340.961
-276.968,928.523,340.961
-277.052,928.768,340.961
-277.135,929.002,340.961
-277.208,929.235,340.972
-277.282,929.480,340.983
-277.365,929.725,340.994
-277.448,929.969,341.016
-277.531,930.214,341.027
-277.614,930.459,341.049
-277.697,930.704,341.060
-277.771,930.948,341.071
-277.854,931.193,341.093
-277.937,931.438,341.115
-278.020,931.683,341.136
-278.094,931.928,341.158
-278.177,932.172,341.180
-278.260,932.417,341.191
-278.343,932.662,341.213
-278.417,932.907,341.246
-278.500,933.151,341.268
-278.583,933.396,341.301
-278.666,933.641,341.323
-278.740,933.886,341.345
-278.823,934.130,341.378
-278.906,934.375,341.400
-278.979,934.620,341.433
-279.062,934.865,341.466
-279.136,935.121,341.488
-279.219,935.376,341.521
-279.302,935.621,341.554
-279.375,935.866,341.576
-279.459,936.111,341.609
-279.542,936.356,341.631
-279.615,936.611,341.653
-279.689,936.856,341.675
-279.772,937.101,341.697
-279.855,937.346,341.719
-279.928,937.601,341.741
-280.002,937.846,341.763
-280.085,938.091,341.774
-280.168,938.336,341.796
-280.241,938.591,341.807
-280.325,938.836,341.818
-280.398,939.081,341.829
-280.481,939.337,341.840
-280.555,939.581,341.862
-280.638,939.826,341.862
-280.711,940.071,341.873
-280.794,940.327,341.884
-280.868,940.571,341.895
-280.951,940.827,341.895
-281.024,941.072,341.906
-281.107,941.317,341.917
-281.181,941.573,341.927
-281.264,941.817,341.938
-281.338,942.062,341.949
-281.421,942.307,341.960
-281.494,942.563,341.971
-281.568,942.807,341.971
-281.651,943.052,341.982
-281.724,943.297,341.993
-281.798,943.542,342.004
-281.881,943.786,342.015
-281.954,944.031,342.026
-282.028,944.265,342.037
-282.111,944.509,342.048
-282.185,944.754,342.048
-282.258,944.999,342.059
-282.341,945.244,342.081
-282.415,945.488,342.092
-282.489,945.733,342.103
-282.562,945.978,342.114
-282.645,946.222,342.125
-282.719,946.467,342.136
-282.792,946.701,342.147
-282.866,946.945,342.158
-282.940,947.190,342.169
-283.013,947.424,342.180
-283.096,947.669,342.191
-283.170,947.913,342.202
-283.244,948.147,342.224
-283.317,948.392,342.235
-283.391,948.636,342.246
-283.474,948.892,342.257
-283.547,949.137,342.268
-283.621,949.381,342.279
-283.694,949.626,342.290
-283.768,949.871,342.290
-283.842,950.104,342.301
-283.915,950.338,342.312
-283.989,950.583,342.312
-284.062,950.827,342.323
-284.146,951.072,342.323
-284.219,951.317,342.334
-284.293,951.562,342.345
-284.366,951.806,342.356
-284.440,952.051,342.356
-284.513,952.285,342.367
-284.596,952.540,342.378
-284.670,952.785,342.378
-284.744,953.030,342.367
-284.817,953.275,342.345
-284.891,953.519,342.323
-284.945,953.753,342.323
-285.019,953.986,342.312
-285.093,954.231,342.312
-285.157,954.464,342.290
-285.230,954.698,342.268
-285.313,954.954,342.213
-285.387,955.188,342.180
-285.451,955.432,342.169
-285.525,955.677,342.158
-285.598,955.921,342.158
-285.681,956.177,342.158
-285.755,956.411,342.158
-285.828,956.656,342.180
-285.902,956.900,342.191
-285.976,957.134,342.202
-286.049,957.356,342.202
-286.123,957.579,342.213
-286.197,957.813,342.213
-286.270,958.057,342.213
-286.344,958.291,342.224
-286.437,958.558,342.224
-286.510,958.814,342.235
-286.584,959.047,342.224
-286.657,959.292,342.224
-286.731,959.537,342.224
-286.795,959.748,342.235
-286.869,959.982,342.235
-286.942,960.226,342.235
-287.016,960.460,342.246
-287.090,960.705,342.246
-287.173,960.961,342.246
-287.246,961.205,342.246
-287.320,961.450,342.246
-287.393,961.684,342.257
-287.467,961.928,342.268
-287.541,962.151,342.268
-287.614,962.395,342.268
-287.688,962.629,342.279
-287.762,962.874,342.279
-287.835,963.107,342.290
-287.918,963.374,342.290
-287.992,963.619,342.290
-288.075,963.864,342.290
-288.148,964.108,342.290
-288.222,964.353,342.279
-288.286,964.576,342.279
-288.360,964.820,342.279
-288.443,965.065,342.279
-288.516,965.310,342.279
-288.590,965.554,342.279
-288.673,965.810,342.279
-288.746,966.066,342.290
-288.820,966.311,342.290
-288.893,966.555,342.290
-288.977,966.800,342.290
-289.041,967.023,342.301
-289.114,967.267,342.301
-289.188,967.512,342.301
-289.261,967.757,342.301
-289.345,968.002,342.301
-289.427,968.268,342.312
-289.501,968.535,342.323
-289.584,968.780,342.323
-289.657,969.036,342.323
-289.740,969.281,342.312
-289.805,969.514,342.312
-289.878,969.759,342.301
-289.952,970.004,342.301
-290.035,970.248,342.290
-290.108,970.504,342.290
-290.182,970.760,342.290
-290.265,971.005,342.279
-290.338,971.261,342.268
-290.412,971.505,342.257
-290.495,971.761,342.246
-290.568,972.006,342.246
-290.651,972.262,342.235
-290.725,972.506,342.224
-290.798,972.762,342.213
-290.881,973.007,342.202
-290.945,973.251,342.191
-291.028,973.507,342.169
-291.102,973.752,342.158
-291.185,973.997,342.147
-291.258,974.253,342.136
-291.332,974.497,342.114
-291.415,974.753,342.103
-291.488,974.998,342.092
-291.562,975.243,342.081
-291.645,975.498,342.070
-291.728,975.754,342.059
-291.801,976.010,342.037
-291.884,976.255,342.026
-291.958,976.511,342.015
-292.041,976.755,342.004
-292.115,977.000,341.993
-292.198,977.245,341.993
-292.271,977.501,341.982
-292.354,977.757,341.971
-292.428,978.001,341.960
-292.511,978.257,341.960
-292.584,978.513,341.949
-292.667,978.758,341.949
-292.750,979.014,341.938
-292.824,979.269,341.938
-292.907,979.514,341.927
-292.980,979.770,341.917
-293.063,980.015,341.917
-293.137,980.271,341.906
-293.220,980.526,341.895
-293.303,980.782,341.895
-293.376,981.027,341.895
-293.459,981.283,341.884
-293.542,981.539,341.873
-293.615,981.795,341.862
-293.699,982.039,341.862
-293.772,982.284,341.851
-293.855,982.540,341.840
-293.938,982.796,341.829
-294.012,983.040,341.829
-294.095,983.296,341.818
-294.178,983.552,341.818
-294.251,983.808,341.807
-294.334,984.053,341.796
-294.417,984.309,341.785
-294.491,984.553,341.774
-294.574,984.809,341.774
-294.657,985.065,341.763
-294.730,985.310,341.763
-294.813,985.566,341.752
-294.887,985.810,341.752
-294.970,986.066,341.741
-295.053,986.311,341.730
-295.126,986.567,341.730
-295.209,986.812,341.719
-295.283,987.056,341.719
-295.366,987.312,341.719
-295.449,987.557,341.708
-295.522,987.802,341.708
-295.605,988.058,341.697
-295.679,988.302,341.697
-295.762,988.547,341.697
-295.836,988.792,341.708
-295.919,989.036,341.719
-295.992,989.281,341.741
-296.075,989.537,341.763
-296.149,989.782,341.785
-296.232,990.027,341.818
-296.305,990.282,341.840
-296.388,990.527,341.873
-296.462,990.761,341.895
-296.545,991.006,341.927
-296.619,991.250,341.960
-296.702,991.495,341.982
-296.775,991.740,342.015
-296.849,991.995,342.048
-296.932,992.240,342.081
-297.005,992.485,342.114
-297.079,992.730,342.147
-297.162,992.974,342.180
-297.226,993.208,342.213
-297.300,993.453,342.246
-297.383,993.686,342.279
-297.457,993.931,342.312
-297.530,994.176,342.345
-297.604,994.420,342.378
-297.687,994.665,342.400
-297.760,994.910,342.433
-297.834,995.155,342.455
-297.908,995.388,342.477
-297.972,995.633,342.499
-298.045,995.866,342.510
-298.119,996.111,342.532
-298.192,996.356,342.543
-298.266,996.589,342.554
-298.340,996.834,342.565
-298.413,997.068,342.576
-298.487,997.312,342.587
-298.561,997.546,342.598
-298.625,997.791,342.609
-298.698,998.035,342.620
-298.772,998.269,342.631
-298.845,998.514,342.631
-298.919,998.747,342.642
-298.993,998.992,342.653
-299.057,999.225,342.675
-299.131,999.459,342.686
-299.204,999.704,342.697
-299.268,999.937,342.697
-299.342,1000.171,342.708
-299.415,1000.415,342.708
-299.489,1000.649,342.719
-299.553,1000.894,342.729
-299.627,1001.127,342.729
-299.701,1001.361,342.740
-299.765,1001.594,342.751
-299.829,1001.828,342.751
-299.902,1002.073,342.762
-299.967,1002.306,342.762
-300.040,1002.540,342.762
-300.114,1002.773,342.762
-300.187,1003.018,342.751
-300.252,1003.251,342.751
-300.325,1003.485,342.740
-300.399,1003.719,342.740
-300.463,1003.952,342.729
-300.537,1004.186,342.719
-300.610,1004.419,342.708
-300.675,1004.653,342.686
-300.748,1004.886,342.675
-300.812,1005.120,342.653
-300.886,1005.354,342.642
-300.960,1005.587,342.620
-301.024,1005.821,342.598
-301.098,1006.054,342.576
-301.171,1006.288,342.554
-301.235,1006.521,342.521
-301.309,1006.755,342.499
-301.383,1006.989,342.477
-301.447,1007.222,342.455
-301.521,1007.456,342.433
-301.585,1007.689,342.411
-301.659,1007.923,342.389
-301.732,1008.156,342.356
-301.796,1008.390,342.334
-301.870,1008.623,342.301
-301.944,1008.857,342.279
-302.008,1009.091,342.257
-302.082,1009.313,342.235
-302.155,1009.547,342.213
-302.229,1009.769,342.191
-302.293,1010.003,342.169
-302.367,1010.236,342.147
-302.441,1010.459,342.125
-302.514,1010.692,342.103
-302.588,1010.926,342.081
-302.652,1011.160,342.070
-302.726,1011.382,342.048
-302.800,1011.616,342.037
-302.873,1011.849,342.015
-302.938,1012.072,342.004
-303.011,1012.305,341.993
-303.085,1012.528,341.971
-303.159,1012.761,341.960
-303.233,1012.984,341.949
-303.306,1013.218,341.927
-303.371,1013.440,341.917
-303.444,1013.663,341.906
-303.518,1013.896,341.895
-303.592,1014.119,341.884
-303.666,1014.363,341.862
-303.739,1014.597,341.851
-303.813,1014.819,341.829
-303.887,1015.053,341.818
-303.961,1015.276,341.796
-304.025,1015.498,341.785
-304.089,1015.732,341.785
-304.163,1015.954,341.774
-304.237,1016.177,341.774
-304.310,1016.410,341.763
-304.384,1016.644,341.763
-304.458,1016.877,341.752
-304.531,1017.100,341.741
-304.605,1017.322,341.741
-304.679,1017.556,341.741
-304.743,1017.767,341.741
-304.817,1018.001,341.730
-304.891,1018.224,341.730
-304.965,1018.446,341.719
-305.029,1018.668,341.719
-305.103,1018.902,341.719
-305.176,1019.136,341.719
-305.250,1019.358,341.719
-305.314,1019.581,341.719
-305.388,1019.814,341.708
-305.462,1020.026,341.708
-305.526,1020.248,341.708
-305.600,1020.471,341.697
-305.674,1020.693,341.697
-305.748,1020.916,341.686
-305.821,1021.149,341.686
-305.895,1021.372,341.686
-305.959,1021.594,341.675
-306.033,1021.817,341.675
-306.107,1022.039,341.675
-306.171,1022.273,341.675
-306.245,1022.495,341.675
-306.319,1022.718,341.675
-306.392,1022.940,341.675
-306.457,1023.163,341.675
-306.531,1023.385,341.675
-306.604,1023.608,341.686
-306.669,1023.830,341.697
-306.742,1024.053,341.719
-306.816,1024.275,341.752
-306.890,1024.498,341.785
-306.954,1024.720,341.807
-307.028,1024.943,341.840
-307.102,1025.154,341.862
-307.166,1025.377,341.895
-307.240,1025.599,341.927
-307.304,1025.821,341.960
-307.378,1026.044,341.993
-307.442,1026.266,342.026
-307.516,1026.478,342.059
-307.590,1026.711,342.081
-307.654,1026.934,342.114
-307.728,1027.156,342.136
-307.792,1027.379,342.158
-307.866,1027.601,342.191
-307.931,1027.813,342.213
-307.995,1028.024,342.235
-308.059,1028.246,342.246
-308.133,1028.469,342.268
-308.197,1028.691,342.268
-308.271,1028.914,342.279
-308.335,1029.136,342.279
-308.409,1029.359,342.290
-308.474,1029.581,342.290
-308.547,1029.804,342.290
-308.612,1030.015,342.301
-308.676,1030.226,342.301
-308.740,1030.449,342.301
-308.814,1030.671,342.301
-308.879,1030.883,342.301
-308.952,1031.116,342.301
-309.017,1031.328,342.301
-309.081,1031.550,342.301
-309.155,1031.773,342.301
-309.219,1031.995,342.290
-309.284,1032.195,342.290
-309.348,1032.418,342.290
-309.412,1032.629,342.290
-309.486,1032.851,342.290
-309.550,1033.063,342.290
-309.615,1033.296,342.290
-309.688,1033.508,342.279
-309.753,1033.730,342.279
-309.817,1033.941,342.279
-309.882,1034.153,342.268
-309.946,1034.364,342.268
-310.010,1034.575,342.268
-310.075,1034.798,342.268
-310.139,1035.009,342.257
-310.213,1035.221,342.246
-310.277,1035.432,342.235
-310.342,1035.643,342.235
-310.406,1035.866,342.235
-310.470,1036.077,342.235
-310.535,1036.288,342.224
-310.609,1036.511,342.224
-310.673,1036.722,342.224
-310.737,1036.934,342.213
-310.802,1037.145,342.202
-310.866,1037.356,342.180
-310.931,1037.568,342.169
-311.004,1037.779,342.158
-311.069,1037.990,342.136
-311.133,1038.202,342.114
-311.198,1038.413,342.092
-311.262,1038.624,342.070
-311.326,1038.836,342.037
-311.391,1039.047,342.015
-311.455,1039.258,341.993
-311.529,1039.470,341.971
-311.594,1039.681,341.949
-311.658,1039.892,341.917
-311.732,1040.093,341.895
-311.796,1040.304,341.873
-311.861,1040.516,341.851
-311.925,1040.716,341.829
-311.990,1040.927,341.807
-312.054,1041.138,341.785
-312.119,1041.339,341.763
-312.183,1041.550,341.741
-312.257,1041.773,341.719
-312.321,1041.973,341.686
-312.386,1042.184,341.664
-312.450,1042.395,341.642
-312.524,1042.607,341.620
-312.579,1042.807,341.609
-312.653,1043.007,341.587
-312.717,1043.219,341.565
-312.782,1043.430,341.543
-312.846,1043.630,341.521
-312.911,1043.842,341.510
-312.985,1044.042,341.488
-313.049,1044.253,341.466
-313.114,1044.454,341.455
-313.178,1044.665,341.433
-313.252,1044.865,341.422
-313.317,1045.077,341.400
-313.381,1045.277,341.378
-313.445,1045.488,341.356
-313.510,1045.688,341.345
-313.574,1045.900,341.334
-313.648,1046.100,341.312
-313.713,1046.300,341.301
-313.777,1046.512,341.290
-313.842,1046.712,341.279
-313.916,1046.912,341.268
-313.980,1047.113,341.246
-314.045,1047.324,341.235
-314.109,1047.524,341.224
-314.174,1047.724,341.213
-314.248,1047.925,341.213
-314.312,1048.136,341.213
-314.377,1048.336,341.213
-314.441,1048.537,341.213
-314.506,1048.737,341.213
-314.580,1048.937,341.213
-314.644,1049.137,341.224
-314.709,1049.338,341.235
-314.773,1049.538,341.246
-314.838,1049.738,341.257
-314.940,1050.027,341.268
-315.004,1050.228,341.290
-315.069,1050.428,341.301
-315.161,1050.717,341.334
-315.225,1050.929,341.356
-315.290,1051.129,341.367
-315.391,1051.418,341.400
-315.456,1051.618,341.411
-315.548,1051.897,341.444
-315.640,1052.186,341.477
-315.732,1052.475,341.510
-315.834,1052.775,341.543
-315.898,1052.976,341.565
-315.953,1053.176,341.576
-316.046,1053.454,341.598
-316.138,1053.732,341.620
-316.211,1053.988,341.631
-316.304,1054.266,341.653
-316.387,1054.522,341.675
-316.479,1054.800,341.697
-316.562,1055.056,341.719
-316.645,1055.312,341.730
-316.719,1055.545,341.741
-316.792,1055.790,341.752
-316.875,1056.024,341.785
-316.949,1056.269,341.818
-317.022,1056.513,341.862
-317.096,1056.747,341.884
-317.170,1056.992,341.906
-317.253,1057.225,341.927
-317.327,1057.459,341.949
-317.400,1057.692,341.993
-317.483,1057.937,342.026
-317.557,1058.182,342.059
-317.631,1058.416,342.081
-317.695,1058.649,342.103
-317.768,1058.883,342.125
-317.842,1059.116,342.147
-317.916,1059.350,342.169
-317.989,1059.595,342.180
-318.063,1059.839,342.191
-318.137,1060.073,342.213
-318.201,1060.306,342.224
-318.274,1060.540,342.246
-318.348,1060.774,342.268
-318.422,1061.007,342.290
-318.495,1061.241,342.312
-318.569,1061.474,342.334
-318.633,1061.708,342.356
-318.716,1061.964,342.378
-318.790,1062.197,342.389
-318.854,1062.431,342.411
-318.928,1062.653,342.433
-319.002,1062.887,342.455
-319.075,1063.121,342.466
-319.149,1063.354,342.477
-319.223,1063.588,342.488
-319.287,1063.821,342.488
-319.360,1064.055,342.488
-319.425,1064.288,342.499
-319.498,1064.522,342.521
-319.572,1064.756,342.543
-319.636,1064.978,342.565
-319.710,1065.201,342.576
-319.774,1065.434,342.598
-319.838,1065.656,342.598
-319.912,1065.879,342.598
-319.977,1066.090,342.609
-320.041,1066.302,342.609
-320.096,1066.513,342.620
-320.160,1066.713,342.620
-320.215,1066.913,342.620
-320.298,1067.169,342.631
-320.372,1067.414,342.653
-320.445,1067.659,342.686
-320.519,1067.892,342.708
-320.583,1068.126,342.719
-320.648,1068.337,342.719
-320.712,1068.548,342.729
-320.767,1068.760,342.751
-320.831,1068.960,342.784
-320.886,1069.160,342.839
-320.970,1069.394,342.916
-321.025,1069.594,343.004
-321.089,1069.805,343.125
-321.163,1070.050,343.323
-321.218,1070.250,343.499
-321.291,1070.495,343.751
-321.355,1070.739,344.059
-321.410,1070.939,344.333
-321.474,1071.184,344.718
-321.529,1071.384,345.048
-321.593,1071.629,345.454
-321.657,1071.862,345.839
-321.703,1072.062,346.124
-321.739,1072.262,346.432
-321.784,1072.462,346.816
-321.830,1072.662,347.289
-321.884,1072.896,348.014
-321.920,1073.096,348.728
-321.965,1073.329,349.805
-322.001,1073.562,351.035
-322.027,1073.762,352.101
-322.053,1073.995,353.507
-322.079,1074.206,355.045
-322.087,1074.417,356.715
-322.094,1074.649,358.923
-322.091,1074.871,1.285
-322.079,1075.082,3.757
-322.058,1075.281,6.262
-322.027,1075.491,9.229
-321.987,1075.701,12.261
-321.927,1075.911,15.897
-321.868,1076.110,19.061
-321.780,1076.320,22.720
-321.682,1076.529,26.455
-321.585,1076.706,29.773
-321.478,1076.882,33.113
-321.362,1077.047,36.464
-321.226,1077.212,39.847
-321.082,1077.365,43.264
-320.928,1077.519,46.725
-320.764,1077.661,50.175
-320.591,1077.792,53.525
-320.399,1077.923,56.722
-320.226,1078.032,59.293
-320.025,1078.141,62.084
-319.833,1078.227,64.292
-319.641,1078.325,66.313
-319.440,1078.400,68.082
-319.230,1078.475,69.620
-319.010,1078.551,70.906
-318.789,1078.626,71.917
-318.560,1078.690,72.675
-318.359,1078.754,73.147
-318.158,1078.807,73.488
-317.948,1078.871,73.707
-317.747,1078.925,73.751
-317.527,1078.989,73.652
-317.326,1079.042,73.499
-317.097,1079.106,73.224
-316.877,1079.170,72.905
-316.647,1079.245,72.609
-316.408,1079.320,72.400
-316.207,1079.373,72.323
-316.006,1079.449,72.301
-315.815,1079.513,72.279
-315.614,1079.577,72.257
-315.375,1079.641,72.224
-315.174,1079.705,72.224
-314.954,1079.758,72.235
-314.744,1079.823,72.246
-314.552,1079.898,72.279
-314.361,1079.963,72.323
-314.160,1080.016,72.301
-313.950,1080.080,72.235
-313.749,1080.144,72.136
-313.548,1080.197,72.070
-313.347,1080.251,72.037
-313.147,1080.304,71.993
-312.917,1080.390,71.949
-312.706,1080.454,71.895
-312.496,1080.529,71.840
-312.285,1080.594,71.796
-312.075,1080.658,71.752
-311.855,1080.722,71.719
-311.635,1080.797,71.686
-311.425,1080.861,71.653
-311.205,1080.925,71.620
-310.994,1081.001,71.576
-310.774,1081.076,71.543
-310.554,1081.140,71.510
-310.324,1081.215,71.488
-310.104,1081.279,71.466
-309.884,1081.354,71.444
-309.674,1081.429,71.411
-309.444,1081.504,71.378
-309.215,1081.568,71.356
-308.985,1081.644,71.323
-308.755,1081.719,71.312
-308.535,1081.794,71.312
-308.306,1081.869,71.312
-308.086,1081.944,71.301
-307.856,1082.019,71.301
-307.626,1082.094,71.290
-307.387,1082.169,71.279
-307.158,1082.244,71.279
-306.928,1082.319,71.279
-306.689,1082.394,71.279
-306.450,1082.480,71.257
-306.210,1082.555,71.257
-305.971,1082.641,71.268
-305.732,1082.716,71.279
-305.483,1082.802,71.268
-305.235,1082.877,71.279
-305.043,1082.941,71.279
-304.785,1083.016,71.290
-304.594,1083.080,71.301
-304.345,1083.166,71.312
-304.087,1083.241,71.312
-303.895,1083.306,71.312
-303.694,1083.370,71.323
-303.503,1083.434,71.345
-303.302,1083.498,71.389
-303.101,1083.574,71.433
-302.900,1083.638,71.488
-302.699,1083.702,71.565
-302.508,1083.767,71.620
-302.259,1083.831,71.675
-302.068,1083.895,71.697
-301.858,1083.959,71.741
-301.647,1084.012,71.807
-301.446,1084.077,71.884
-301.245,1084.141,71.949
-301.054,1084.239,71.993
-300.853,1084.303,72.015
-300.652,1084.367,72.015
-300.451,1084.409,72.026
-300.250,1084.474,72.026
-300.040,1084.538,72.037
-299.839,1084.602,72.048
-299.638,1084.655,72.059
-299.437,1084.720,72.070
-299.227,1084.784,72.081
-299.026,1084.848,72.081
-298.825,1084.912,72.103
-298.615,1084.976,72.147
-298.404,1085.041,72.202
-298.194,1085.105,72.279
-297.983,1085.169,72.345
-297.782,1085.233,72.411
-297.572,1085.298,72.477
-297.371,1085.362,72.521
-297.161,1085.426,72.576
-296.941,1085.490,72.620
-296.730,1085.554,72.675
-296.520,1085.618,72.729
-296.309,1085.683,72.784
-296.099,1085.747,72.839
-295.889,1085.811,72.883
-295.678,1085.875,72.916
-295.468,1085.928,72.949
-295.257,1085.992,72.971
-295.037,1086.057,73.004
-294.827,1086.121,73.037
-294.607,1086.185,73.070
-294.397,1086.249,73.092
-294.177,1086.313,73.103
-293.966,1086.377,73.114
-293.746,1086.441,73.125
-293.536,1086.494,73.114
-293.316,1086.559,73.103
-293.106,1086.623,73.092
-292.886,1086.687,73.070
-292.666,1086.751,73.048
-292.446,1086.815,73.026
-292.235,1086.879,73.015
-292.015,1086.943,72.982
-291.795,1087.007,72.960
-291.575,1087.071,72.938
-291.355,1087.136,72.905
-291.145,1087.200,72.883
-290.925,1087.275,72.850
-290.705,1087.339,72.828
-290.495,1087.392,72.806
-290.275,1087.456,72.784
-290.055,1087.520,72.762
-289.825,1087.595,72.740
-289.605,1087.659,72.719
-289.385,1087.723,72.686
-289.165,1087.788,72.664
-288.955,1087.852,72.631
-288.735,1087.916,72.598
-288.515,1087.980,72.576
-288.285,1088.055,72.554
-288.065,1088.119,72.543
-287.845,1088.183,72.521
-287.616,1088.247,72.510
-287.396,1088.322,72.488
-287.176,1088.386,72.477
-286.946,1088.461,72.455
-286.726,1088.525,72.433
-286.506,1088.590,72.411
-286.277,1088.665,72.400
-286.047,1088.718,72.389
-285.827,1088.793,72.389
-285.598,1088.857,72.389
-285.387,1088.943,72.356
-285.158,1089.007,72.323
-284.937,1089.082,72.290
-284.708,1089.146,72.257
-284.478,1089.210,72.224
-284.249,1089.285,72.213
-284.019,1089.349,72.202
-283.799,1089.424,72.180
-283.579,1089.499,72.169
-283.350,1089.563,72.147
-283.120,1089.639,72.114
-282.900,1089.703,72.092
-282.670,1089.778,72.070
-282.441,1089.842,72.070
-282.221,1089.917,72.070
-281.991,1089.992,72.059
-281.771,1090.056,72.059
-281.542,1090.131,72.048
-281.312,1090.195,72.037
-281.083,1090.270,72.026
-280.863,1090.334,72.026
-280.643,1090.409,72.015
-280.413,1090.473,72.015
-280.183,1090.548,72.004
-279.963,1090.623,72.004
-279.734,1090.687,72.004
-279.514,1090.763,72.004
-279.284,1090.827,71.993
-279.064,1090.902,71.971
-278.844,1090.966,71.960
-278.624,1091.041,71.949
-278.395,1091.105,71.949
-278.175,1091.180,71.938
-277.954,1091.255,71.938
-277.725,1091.319,71.938
-277.505,1091.394,71.938
-277.285,1091.459,71.927
-277.075,1091.523,71.927
-276.854,1091.598,71.917
-276.644,1091.662,71.917
-276.414,1091.737,71.927
-276.194,1091.801,71.938
-275.974,1091.865,71.938
-275.764,1091.941,71.949
-275.553,1092.005,71.960
-275.334,1092.069,71.960
-275.123,1092.133,71.960
-274.903,1092.208,71.971
-274.683,1092.272,71.982
-274.473,1092.336,71.993
-274.253,1092.401,72.015
-274.042,1092.465,72.048
-273.832,1092.540,72.081
-273.621,1092.604,72.103
-273.411,1092.668,72.136
-273.200,1092.733,72.169
-272.990,1092.797,72.202
-272.770,1092.861,72.235
-272.560,1092.925,72.268
-272.359,1092.989,72.301
-272.158,1093.065,72.334
-271.947,1093.118,72.356
-271.746,1093.182,72.367
-271.536,1093.246,72.389
-271.326,1093.310,72.400
-271.125,1093.375,72.411
-270.924,1093.439,72.411
-270.723,1093.492,72.422
-270.522,1093.557,72.422
-270.321,1093.621,72.422
-270.063,1093.696,72.433
-269.862,1093.760,72.444
-269.604,1093.835,72.455
-269.393,1093.899,72.477
-269.193,1093.963,72.488
-268.934,1094.038,72.499
-268.686,1094.113,72.499
-268.494,1094.177,72.499
-268.236,1094.252,72.499
-267.987,1094.327,72.499
-267.739,1094.402,72.510
-267.500,1094.477,72.510
-267.270,1094.541,72.499
-267.040,1094.616,72.488
-266.821,1094.680,72.477
-266.601,1094.744,72.477
-266.400,1094.808,72.477
-266.199,1094.861,72.477
-265.998,1094.926,72.466
-265.797,1094.990,72.466
-265.596,1095.043,72.477
-265.395,1095.107,72.477
-265.204,1095.172,72.466
-265.003,1095.236,72.444
-264.802,1095.289,72.422
-264.611,1095.354,72.400
-264.410,1095.407,72.378
-264.219,1095.471,72.367
-263.980,1095.546,72.356
-263.779,1095.599,72.345
-263.588,1095.664,72.334
-263.387,1095.728,72.312
-263.186,1095.781,72.301
-262.995,1095.846,72.301
-262.755,1095.921,72.279
-262.555,1095.974,72.268
-262.354,1096.038,72.257
-262.162,1096.103,72.246
-261.961,1096.167,72.235
-261.761,1096.220,72.224
-261.550,1096.284,72.224
-261.349,1096.349,72.235
-261.148,1096.413,72.268
-260.938,1096.477,72.312
-260.728,1096.541,72.345
-260.517,1096.605,72.389
-260.307,1096.670,72.433
-260.096,1096.734,72.488
-259.876,1096.798,72.532
-259.666,1096.862,72.587
-259.446,1096.926,72.653
-259.226,1096.990,72.708
-259.006,1097.065,72.762
-258.786,1097.129,72.817
-258.566,1097.194,72.861
-258.336,1097.258,72.905
-258.107,1097.321,72.949
-257.877,1097.397,73.004
-257.648,1097.461,73.048
-257.418,1097.524,73.081
-257.189,1097.600,73.103
-256.950,1097.663,73.103
-256.720,1097.727,73.081
-256.481,1097.802,73.048
-256.252,1097.866,73.015
-256.012,1097.941,72.971
-255.773,1098.005,72.916
-255.534,1098.080,72.872
-255.305,1098.144,72.806
-255.066,1098.219,72.740
-254.827,1098.294,72.653
-254.587,1098.369,72.565
-254.358,1098.433,72.477
-254.119,1098.508,72.367
-253.889,1098.572,72.246
-253.660,1098.647,72.114
-253.430,1098.722,71.971
-253.201,1098.786,71.796
-252.971,1098.861,71.598
-252.751,1098.936,71.356
-252.521,1099.011,71.071
-252.301,1099.086,70.730
-252.081,1099.151,70.312
-251.861,1099.226,69.840
-251.641,1099.301,69.324
-251.430,1099.387,68.774
-251.220,1099.462,68.192
-251.019,1099.549,67.577
-250.827,1099.624,66.929
-250.597,1099.722,66.050
-250.386,1099.819,65.083
-250.176,1099.905,63.973
-249.984,1100.003,62.710
-249.802,1100.101,61.260
-249.620,1100.199,59.623
-249.418,1100.318,57.535
-249.245,1100.427,55.734
-249.044,1100.569,53.558
-248.861,1100.711,51.350
-248.669,1100.853,49.043
-248.495,1101.007,46.615
-248.351,1101.149,44.473
-248.187,1101.313,41.869
-248.042,1101.489,39.243
-247.887,1101.676,36.562
-247.771,1101.841,34.233
-247.655,1102.006,31.849
-247.538,1102.204,28.960
-247.431,1102.392,26.488
-247.344,1102.579,23.906
-247.265,1102.767,21.270
-247.187,1102.965,18.611
-247.118,1103.164,15.930
-247.058,1103.374,13.228
-247.018,1103.584,10.492
-246.977,1103.805,7.745
-246.946,1104.016,5.032
-246.925,1104.248,2.384
-246.922,1104.470,359.813
-246.929,1104.703,357.319
-246.936,1104.936,354.935
-246.962,1105.169,352.628
-246.988,1105.402,350.420
-247.033,1105.635,348.376
-247.078,1105.879,346.564
-247.133,1106.113,345.048
-247.188,1106.313,344.070
-247.252,1106.547,343.125
-247.307,1106.747,342.565
-247.381,1106.991,342.026
-247.445,1107.192,341.675
-247.510,1107.392,341.367
-247.574,1107.592,341.093
-247.639,1107.792,340.840
-247.713,1107.993,340.620
-247.777,1108.193,340.466
-247.842,1108.404,340.400
-247.916,1108.605,340.400
-247.990,1108.816,340.444
-248.064,1109.028,340.499
-248.138,1109.239,340.543
-248.202,1109.450,340.576
-248.276,1109.662,340.609
-248.350,1109.873,340.631
-248.424,1110.096,340.653
-248.497,1110.318,340.653
-248.571,1110.530,340.631
-248.645,1110.752,340.598
-248.719,1110.975,340.576
-248.802,1111.197,340.554
-248.876,1111.420,340.521
-248.950,1111.653,340.488
-249.033,1111.876,340.466
-249.107,1112.099,340.477
-249.190,1112.332,340.532
-249.273,1112.566,340.642
-249.347,1112.800,340.774
-249.430,1113.022,340.917
-249.504,1113.267,341.060
-249.587,1113.501,341.213
-249.661,1113.734,341.367
-249.734,1113.968,341.510
-249.818,1114.202,341.642
-249.891,1114.435,341.763
-249.965,1114.680,341.884
-250.039,1114.913,341.982
-250.112,1115.158,342.059
-250.186,1115.403,342.114
-250.269,1115.637,342.147
-250.343,1115.881,342.180
-250.416,1116.126,342.202
-250.490,1116.360,342.235
-250.563,1116.604,342.246
-250.646,1116.849,342.268
-250.720,1117.094,342.301
-250.794,1117.338,342.312
-250.867,1117.572,342.323
-250.941,1117.817,342.334
-251.014,1118.072,342.345
-251.097,1118.317,342.356
-251.171,1118.573,342.367
-251.244,1118.807,342.389
-251.318,1119.051,342.400
-251.401,1119.307,342.411
-251.475,1119.552,342.411
-251.548,1119.797,342.411
-251.622,1120.041,342.411
-251.695,1120.286,342.433
-251.778,1120.531,342.444
-251.852,1120.787,342.455
-251.925,1121.031,342.477
-251.999,1121.265,342.532
-252.073,1121.510,342.620
-252.146,1121.765,342.740
-252.220,1122.010,342.883
-252.293,1122.255,343.015
-252.367,1122.499,343.147
-252.440,1122.744,343.257
-252.514,1122.989,343.356
-252.578,1123.244,343.433
-252.651,1123.489,343.477
-252.725,1123.723,343.499
-252.789,1123.956,343.510
-252.862,1124.212,343.521
-252.927,1124.457,343.531
-253.000,1124.690,343.542
-253.064,1124.935,343.564
-253.128,1125.168,343.564
-253.202,1125.413,343.575
-253.276,1125.658,343.575
-253.340,1125.902,343.575
-253.404,1126.136,343.575
-253.477,1126.369,343.575
-253.541,1126.614,343.575
-253.605,1126.858,343.575
-253.679,1127.092,343.575
-253.743,1127.326,343.586
-253.807,1127.559,343.575
-253.881,1127.793,343.564
-253.945,1128.026,343.542
-254.009,1128.260,343.531
-254.074,1128.493,343.510
-254.138,1128.727,343.499
-254.211,1128.949,343.488
-254.276,1129.172,343.488
-254.331,1129.394,343.466
-254.395,1129.594,343.455
-254.450,1129.794,343.433
-254.505,1129.994,343.422
-254.560,1130.195,343.411
-254.634,1130.439,343.389
-254.698,1130.673,343.378
-254.771,1130.918,343.356
-254.826,1131.118,343.334
-254.900,1131.351,343.312
-254.973,1131.596,343.290
-255.038,1131.829,343.257
-255.093,1132.030,343.235
-255.166,1132.274,343.213
-255.240,1132.508,343.180
-255.295,1132.708,343.158
-255.359,1132.953,343.136
-255.432,1133.197,343.114
-255.497,1133.398,343.092
-255.552,1133.598,343.070
-255.625,1133.842,343.037
-255.699,1134.087,343.015
-255.763,1134.332,342.982
-255.828,1134.532,342.949
-255.883,1134.732,342.927
-255.956,1134.977,342.894
-256.011,1135.177,342.872
-256.076,1135.377,342.861
-256.140,1135.577,342.839
-256.195,1135.778,342.817
-256.269,1136.011,342.762
-256.324,1136.211,342.697
-256.388,1136.412,342.587
-256.443,1136.612,342.477
-256.508,1136.812,342.367
-256.582,1137.046,342.213
-256.646,1137.246,342.114
-256.701,1137.446,342.015
-256.784,1137.691,341.895
-256.858,1137.924,341.774
-256.931,1138.169,341.664
-257.015,1138.403,341.554
-257.088,1138.636,341.444
-257.162,1138.870,341.356
-257.236,1139.104,341.279
-257.309,1139.337,341.213
-257.383,1139.560,341.158
-257.457,1139.782,341.125
-257.531,1139.983,341.104
-257.586,1140.183,341.082
-257.669,1140.405,341.060
-257.734,1140.617,341.049
-257.808,1140.828,341.027
-257.872,1141.028,341.016
-257.946,1141.240,340.994
-258.011,1141.440,340.983
-258.085,1141.640,340.950
-258.149,1141.863,340.917
-258.223,1142.063,340.895
-258.297,1142.286,340.884
-258.371,1142.497,340.862
-258.435,1142.708,340.851
-258.500,1142.909,340.840
-258.564,1143.109,340.818
